year,player_id,player_name,team,sold_price,sold_price_in_cr,prior_season,player_name_stats,birthdate,age,nationality,player_role,international_career,tournament,team_stats,matches,innings,no,runs,highestscore,batting_average,bf,strikerate,100s,50s,4s,6s,Ct,St,wickets,economy,balls,bbi,bbm,bowl_ave,sr,4w,5w,10w,t20_start,t20_end,odi_start,odi_end,has_prior_season
2008,46248,Albie Morkel,Chennai Super Kings,27081000.0,2.7081,2007,,,,,,,,,,,,,,,,,,,,,,,,,,,,,,,,,,,,,False
2008,38062,Jacob Oram,Chennai Super Kings,27081000.0,2.7081,2007,,,,,,,,,,,,,,,,,,,,,,,,,,,,,,,,,,,,,False
2008,29976,Joginder Sharma,Chennai Super Kings,9027000.0,0.9027,2007,,,,,,,,,,,,,,,,,,,,,,,,,,,,,,,,,,,,,False
2008,28081,Mahendra Singh Dhoni,Chennai Super Kings,60180000.0,6.018,2007,,,,,,,,,,,,,,,,,,,,,,,,,,,,,,,,,,,,,False
2008,46592,Makhaya Ntini,Chennai Super Kings,8024000.0,0.8024,2007,,,,,,,,,,,,,,,,,,,,,,,,,,,,,,,,,,,,,False
2008,5616,Matthew Hayden,Chennai Super Kings,15045000.0,1.5045,2007,,,,,,,,,,,,,,,,,,,,,,,,,,,,,,,,,,,,,False
2008,5939,Michael Hussey,Chennai Super Kings,10030000.0,1.003,2007,,,,,,,,,,,,,,,,,,,,,,,,,,,,,,,,,,,,,False
2008,49636,Muttiah Muralitharan,Chennai Super Kings,24072000.0,2.4072,2007,,,,,,,,,,,,,,,,,,,,,,,,,,,,,,,,,,,,,False
2008,32242,Parthiv Patel,Chennai Super Kings,13039000.0,1.3039,2007,,,,,,,,,,,,,,,,,,,,,,,,,,,,,,,,,,,,,False
2008,37000,Stephen Fleming,Chennai Super Kings,14042000.0,1.4042,2007,,,,,,,,,,,,,,,,,,,,,,,,,,,,,,,,,,,,,False
2008,33335,Suresh Raina,Chennai Super Kings,26078000.0,2.6078,2007,,,,,,,,,,,,,,,,,,,,,,,,,,,,,,,,,,,,,False
2008,5390,Adam Gilchrist,Deccan Chargers,28084000.0,2.8084,2007,,,,,,,,,,,,,,,,,,,,,,,,,,,,,,,,,,,,,False
2008,7702,Andrew Symonds,Deccan Chargers,54162000.0,5.4162,2007,,,,,,,,,,,,,,,,,,,,,,,,,,,,,,,,,,,,,False
2008,50431,Chamara Silva,Deccan Chargers,4012000.0,0.4012,2007,,,,,,,,,,,,,,,,,,,,,,,,,,,,,,,,,,,,,False
2008,50804,Chaminda Vaas,Deccan Chargers,8024000.0,0.8024,2007,,,,,,,,,,,,,,,,,,,,,,,,,,,,,,,,,,,,,False
2008,45224,Herschelle Gibbs,Deccan Chargers,23069000.0,2.3069,2007,,,,,,,,,,,,,,,,,,,,,,,,,,,,,,,,,,,,,False
2008,51050,Nuwan Zoysa,Deccan Chargers,4413200.0,0.44132,2007,,,,,,,,,,,,,,,,,,,,,,,,,,,,,,,,,,,,,False
2008,35280,R P Singh,Deccan Chargers,35105000.0,3.5105,2007,,,,,,,,,,,,,,,,,,,,,,,,,,,,,,,,,,,,,False
2008,34102,Rohit Sharma,Deccan Chargers,30090000.0,3.009,2007,,,,,,,,,,,,,,,,,,,,,,,,,,,,,,,,,,,,,False
2008,38407,Scott Styris,Deccan Chargers,7021000.0,0.7021,2007,,,,,,,,,,,,,,,,,,,,,,,,,,,,,,,,,,,,,False
2008,42639,Shahid Afridi,Deccan Chargers,27081000.0,2.7081,2007,,,,,,,,,,,,,,,,,,,,,,,,,,,,,,,,,,,,,False
2008,30750,VVS Laxman,Deccan Chargers,15045000.0,1.5045,2007,,,,,,,,,,,,,,,,,,,,,,,,,,,,,,,,,,,,,False
2008,44936,AB de Villiers,Delhi Capitals,12036000.0,1.2036,2007,,,,,,,,,,,,,,,,,,,,,,,,,,,,,,,,,,,,,False
2008,38710,Daniel Vettori,Delhi Capitals,25075000.0,2.5075,2007,,,,,,,,,,,,,,,,,,,,,,,,,,,,,,,,,,,,,False
2008,30045,Dinesh Karthik,Delhi Capitals,21063000.0,2.1063,2007,,,,,,,,,,,,,,,,,,,,,,,,,,,,,,,,,,,,,False
2008,49638,Farveez Maharoof,Delhi Capitals,9027000.0,0.9027,2007,,,,,,,,,,,,,,,,,,,,,,,,,,,,,,,,,,,,,False
2008,28763,Gautam Gambhir,Delhi Capitals,29087000.0,2.9087,2007,,,,,,,,,,,,,,,,,,,,,,,,,,,,,,,,,,,,,False
2008,6565,Glenn McGrath,Delhi Capitals,14042000.0,1.4042,2007,,,,,,,,,,,,,,,,,,,,,,,,,,,,,,,,,,,,,False
2008,35565,Manoj Tiwary,Delhi Capitals,27081000.0,2.7081,2007,,,,,,,,,,,,,,,,,,,,,,,,,,,,,,,,,,,,,False
2008,41411,Mohammad Asif,Delhi Capitals,26078000.0,2.6078,2007,,,,,,,,,,,,,,,,,,,,,,,,,,,,,,,,,,,,,False
2008,42657,Shoaib Malik,Delhi Capitals,20060000.0,2.006,2007,,,,,,,,,,,,,,,,,,,,,,,,,,,,,,,,,,,,,False
2008,48472,Tillakaratne Dilshan,Delhi Capitals,10030000.0,1.003,2007,,,,,,,,,,,,,,,,,,,,,,,,,,,,,,,,,,,,,False
2008,26184,Ajit Agarkar,Kolkata Knight Riders,14042000.0,1.4042,2007,,,,,,,,,,,,,,,,,,,,,,,,,,,,,,,,,,,,,False
2008,37737,Brendon McCullum,Kolkata Knight Riders,28084000.0,2.8084,2007,,,,,,,,,,,,,,,,,,,,,,,,,,,,,,,,,,,,,False
2008,51880,Chris Gayle,Kolkata Knight Riders,32096000.0,3.2096,2007,,,,,,,,,,,,,,,,,,,,,,,,,,,,,,,,,,,,,False
2008,5766,David Hussey,Kolkata Knight Riders,25075000.0,2.5075,2007,,,,,,,,,,,,,,,,,,,,,,,,,,,,,,,,,,,,,False
2008,236779,Ishant Sharma,Kolkata Knight Riders,38114000.0,3.8114,2007,,,,,,,,,,,,,,,,,,,,,,,,,,,,,,,,,,,,,False
2008,30049,Murali Kartik,Kolkata Knight Riders,17051000.0,1.7051,2007,,,,,,,,,,,,,,,,,,,,,,,,,,,,,,,,,,,,,False
2008,7133,Ricky Ponting,Kolkata Knight Riders,16048000.0,1.6048,2007,,,,,,,,,,,,,,,,,,,,,,,,,,,,,,,,,,,,,False
2008,42655,Shoaib Akhtar,Kolkata Knight Riders,17051000.0,1.7051,2007,,,,,,,,,,,,,,,,,,,,,,,,,,,,,,,,,,,,,False
2008,55805,Tatenda Taibu,Kolkata Knight Riders,5015000.0,0.5015,2007,,,,,,,,,,,,,,,,,,,,,,,,,,,,,,,,,,,,,False
2008,43524,Umar Gul,Kolkata Knight Riders,6018000.0,0.6018,2007,,,,,,,,,,,,,,,,,,,,,,,,,,,,,,,,,,,,,False
2008,48835,Dilhara Fernando,Mumbai Indians,6018000.0,0.6018,2007,,,,,,,,,,,,,,,,,,,,,,,,,,,,,,,,,,,,,False
2008,29264,Harbhajan Singh,Mumbai Indians,34102000.0,3.4102,2007,,,,,,,,,,,,,,,,,,,,,,,,,,,,,,,,,,,,,False
2008,49758,Lasith Malinga,Mumbai Indians,14042000.0,1.4042,2007,,,,,,,,,,,,,,,,,,,,,,,,,,,,,,,,,,,,,False
2008,44098,Loots Bosman,Mumbai Indians,7021000.0,0.7021,2007,,,,,,,,,,,,,,,,,,,,,,,,,,,,,,,,,,,,,False
2008,35582,Robin Uthappa,Mumbai Indians,32096000.0,3.2096,2007,,,,,,,,,,,,,,,,,,,,,,,,,,,,,,,,,,,,,False
2008,49209,Sanath Jayasuriya,Mumbai Indians,39117000.0,3.9117,2007,,,,,,,,,,,,,,,,,,,,,,,,,,,,,,,,,,,,,False
2008,46774,Shaun Pollock,Mumbai Indians,22066000.0,2.2066,2007,,,,,,,,,,,,,,,,,,,,,,,,,,,,,,,,,,,,,False
2008,6278,Brett Lee,Punjab Kings,36108000.0,3.6108,2007,,,,,,,,,,,,,,,,,,,,,,,,,,,,,,,,,,,,,False
2008,32685,Irfan Pathan,Punjab Kings,37111000.0,3.7111,2007,,,,,,,,,,,,,,,,,,,,,,,,,,,,,,,,,,,,,False
2008,50710,Kumar Sangakkara,Punjab Kings,28084000.0,2.8084,2007,,,,,,,,,,,,,,,,,,,,,,,,,,,,,,,,,,,,,False
2008,49289,Mahela Jayawardene,Punjab Kings,19057000.0,1.9057,2007,,,,,,,,,,,,,,,,,,,,,,,,,,,,,,,,,,,,,False
2008,32966,Piyush Chawla,Punjab Kings,16048000.0,1.6048,2007,,,,,,,,,,,,,,,,,,,,,,,,,,,,,,,,,,,,,False
2008,32391,Ramesh Powar,Punjab Kings,6820400.0,0.68204,2007,,,,,,,,,,,,,,,,,,,,,,,,,,,,,,,,,,,,,False
2008,52969,Ramnaresh Sarwan,Punjab Kings,9027000.0,0.9027,2007,,,,,,,,,,,,,,,,,,,,,,,,,,,,,,,,,,,,,False
2008,6128,Simon Katich,Punjab Kings,8024000.0,0.8024,2007,,,,,,,,,,,,,,,,,,,,,,,,,,,,,,,,,,,,,False
2008,34274,Sreesanth,Punjab Kings,25075000.0,2.5075,2007,,,,,,,,,,,,,,,,,,,,,,,,,,,,,,,,,,,,,False
2008,47270,Graeme Smith,Rajasthan Royals,10030000.0,1.003,2007,,,,,,,,,,,,,,,,,,,,,,,,,,,,,,,,,,,,,False
2008,6256,Justin Langer,Rajasthan Royals,8024000.0,0.8024,2007,,,,,,,,,,,,,,,,,,,,,,,,,,,,,,,,,,,,,False
2008,41028,Kamran Akmal,Rajasthan Royals,6018000.0,0.6018,2007,,,,,,,,,,,,,,,,,,,,,,,,,,,,,,,,,,,,,False
2008,29990,Mohammad Kaif,Rajasthan Royals,27081000.0,2.7081,2007,,,,,,,,,,,,,,,,,,,,,,,,,,,,,,,,,,,,,False
2008,32965,Munaf Patel,Rajasthan Royals,11033000.0,1.1033,2007,,,,,,,,,,,,,,,,,,,,,,,,,,,,,,,,,,,,,False
2008,8166,Shane Warne,Rajasthan Royals,18054000.0,1.8054,2007,,,,,,,,,,,,,,,,,,,,,,,,,,,,,,,,,,,,,False
2008,43652,Younis Khan,Rajasthan Royals,9027000.0,0.9027,2007,,,,,,,,,,,,,,,,,,,,,,,,,,,,,,,,,,,,,False
2008,32498,Yusuf Pathan,Rajasthan Royals,19057000.0,1.9057,2007,,,,,,,,,,,,,,,,,,,,,,,,,,,,,,,,,,,,,False
2008,30176,Anil Kumble,Royal Challengers Bangalore,20060000.0,2.006,2007,,,,,,,,,,,,,,,,,,,,,,,,,,,,,,,,,,,,,False
2008,8291,Cameron White,Royal Challengers Bangalore,20060000.0,2.006,2007,,,,,,,,,,,,,,,,,,,,,,,,,,,,,,,,,,,,,False
2008,47492,Dale Steyn,Royal Challengers Bangalore,13039000.0,1.3039,2007,,,,,,,,,,,,,,,,,,,,,,,,,,,,,,,,,,,,,False
2008,45789,Jacques Kallis,Royal Challengers Bangalore,36108000.0,3.6108,2007,,,,,,,,,,,,,,,,,,,,,,,,,,,,,,,,,,,,,False
2008,44111,Mark Boucher,Royal Challengers Bangalore,18054000.0,1.8054,2007,,,,,,,,,,,,,,,,,,,,,,,,,,,,,,,,,,,,,False
2008,4185,Nathan Bracken,Royal Challengers Bangalore,13039000.0,1.3039,2007,,,,,,,,,,,,,,,,,,,,,,,,,,,,,,,,,,,,,False
2008,51469,Shivnarine Chanderpaul,Royal Challengers Bangalore,8024000.0,0.8024,2007,,,,,,,,,,,,,,,,,,,,,,,,,,,,,,,,,,,,,False
2008,29646,Wasim Jaffer,Royal Challengers Bangalore,6018000.0,0.6018,2007,,,,,,,,,,,,,,,,,,,,,,,,,,,,,,,,,,,,,False
2008,30102,Zaheer Khan,Royal Challengers Bangalore,18054000.0,1.8054,2007,,,,,,,,,,,,,,,,,,,,,,,,,,,,,,,,,,,,,False
2009,12856,Andrew Flintoff,Chennai Super Kings,74400000.0,7.44,2008,,,,,,,,,,,,,,,,,,,,,,,,,,,,,,,,,,,,,False
2009,4451,George Bailey,Chennai Super Kings,2400000.0,0.24,2008,,,,,,,,,,,,,,,,,,,,,,,,,,,,,,,,,,,,,False
2009,49677,Thilan Thushara,Chennai Super Kings,6720000.0,0.672,2008,,,,,,,,,,,,,,,,,,,,,,,,,,,,,,,,,,,,,False
2009,53118,Dwayne Smith,Deccan Chargers,4800000.0,0.48,2008,Dwayne Romel Smith,"April 12, 1983, Storey Gap, Codrington Hill, St Michael, Barbados",43y 78d,West Indies,Allrounder,2004 - 2015,IPL 2007/08,MI,4.0,3,0,45,20,15.00,40,112.50,0,0,5,1,2.0,0.0,5,7.54,66,3/26,3/26,16.60,13.2,0,0,0,"February 16, 2006","January 14, 2015","January 25, 2004","March 15, 2015",True
2009,51782,Fidel Edwards,Deccan Chargers,7200000.0,0.72,2008,,,,,,,,,,,,,,,,,,,,,,,,,,,,,,,,,,,,,False
2009,20123,Owais Shah,Delhi Capitals,13200000.0,1.32,2008,,,,,,,,,,,,,,,,,,,,,,,,,,,,,,,,,,,,,False
2009,10772,Paul Collingwood,Delhi Capitals,13200000.0,1.32,2008,,,,,,,,,,,,,,,,,,,,,,,,,,,,,,,,,,,,,False
2009,56007,Mashrafe Bin Mortaza,Kolkata Knight Riders,28800000.0,2.88,2008,,,,,,,,,,,,,,,,,,,,,,,,,,,,,,,,,,,,,False
2009,44932,JP Duminy,Mumbai Indians,45600000.0,4.56,2008,,,,,,,,,,,,,,,,,,,,,,,,,,,,,,,,,,,,,False
2009,37740,Kyle Mills,Mumbai Indians,7200000.0,0.72,2008,,,,,,,,,,,,,,,,,,,,,,,,,,,,,,,,,,,,,False
2009,55988,Mohammad Ashraful,Mumbai Indians,3600000.0,0.36,2008,,,,,,,,,,,,,,,,,,,,,,,,,,,,,,,,,,,,,False
2009,53191,Jerome Taylor,Punjab Kings,7200000.0,0.72,2008,,,,,,,,,,,,,,,,,,,,,,,,,,,,,,,,,,,,,False
2009,10582,Ravi Bopara,Punjab Kings,21600000.0,2.16,2008,,,,,,,,,,,,,,,,,,,,,,,,,,,,,,,,,,,,,False
2009,8076,Shaun Tait,Rajasthan Royals,18000000.0,1.8,2008,,,,,,,,,,,,,,,,,,,,,,,,,,,,,,,,,,,,,False
2009,45434,Tyron Henderson,Rajasthan Royals,31200000.0,3.12,2008,,,,,,,,,,,,,,,,,,,,,,,,,,,,,,,,,,,,,False
2009,38373,Jesse Ryder,Royal Challengers Bangalore,7680000.0,0.768,2008,,,,,,,,,,,,,,,,,,,,,,,,,,,,,,,,,,,,,False
2009,19296,Kevin Pietersen,Royal Challengers Bangalore,74400000.0,7.44,2008,,,,,,,,,,,,,,,,,,,,,,,,,,,,,,,,,,,,,False
2010,45797,Justin Kemp,Chennai Super Kings,4585250.0,0.458525,2009,,,,,,,,,,,,,,,,,,,,,,,,,,,,,,,,,,,,,False
2010,233514,Thisara Perera,Chennai Super Kings,2292625.0,0.2292625,2009,,,,,,,,,,,,,,,,,,,,,,,,,,,,,,,,,,,,,False
2010,230553,Kemar Roach,Deccan Chargers,33013800.0,3.30138,2009,,,,,,,,,,,,,,,,,,,,,,,,,,,,,,,,,,,,,False
2010,265564,Wayne Parnell,Delhi Capitals,27970025.0,2.7970025,2009,,,,,,,,,,,,,,,,,,,,,,,,,,,,,,,,,,,,,False
2010,36326,Shane Bond,Kolkata Knight Riders,34389375.0,3.4389375,2009,,,,,,,,,,,,,,,,,,,,,,,,,,,,,,,,,,,,,False
2010,230559,Kieron Pollard,Mumbai Indians,34389375.0,3.4389375,2009,,,,,,,,,,,,,,,,,,,,,,,,,,,,,,,,,,,,,False
2010,29990,Mohammad Kaif,Punjab Kings,11463125.0,1.1463125,2009,,,,,,,,,,,,,,,,,,,,,,,,,,,,,,,,,,,,,False
2010,224367,Yusuf Abdulla,Punjab Kings,2292625.0,0.2292625,2009,Yusuf Adam Abdulla,"January 17, 1983, Johannesburg, Transvaal",43y 169d,South Africa,Bowler,2009 - 2009,IPL 2009,PBKS,9.0,-,-,-,-,-,-,-,-,-,-,-,0.0,0.0,14,8.60,168,4/31,4/31,17.21,12.0,2,0,0,"March 29, 2009","November 15, 2009",,,True
2010,8119,Adam Voges,Rajasthan Royals,2292625.0,0.2292625,2009,,,,,,,,,,,,,,,,,,,,,,,,,,,,,,,,,,,,,False
2010,6513,Damien Martyn,Rajasthan Royals,4585250.0,0.458525,2009,,,,,,,,,,,,,,,,,,,,,,,,,,,,,,,,,,,,,False
2010,24598,Eoin Morgan,Royal Challengers Bangalore,10087550.0,1.008755,2009,,,,,,,,,,,,,,,,,,,,,,,,,,,,,,,,,,,,,False
2011,46248,Albie Morkel,Chennai Super Kings,22685000.0,2.2685,2010,Johannes Albertus Morkel,"June 10, 1981, Vereeniging, Transvaal",45y 19d,South Africa,Bowling Allrounder,2004 - 2015,IPL 2009/10,CSK,14.0,11,3,198,62,24.75,131,151.14,0,1,10,13,3.0,0.0,11,8.49,286,2/23,2/23,36.81,26.0,0,0,0,"October 21, 2005","October 05, 2015","February 20, 2004","March 03, 2012",True
2011,5941,Ben Hilfenhaus,Chennai Super Kings,4537000.0,0.4537,2010,,,,,,,,,,,,,,,,,,,,,,,,,,,,,,,,,,,,,False
2011,4508,Doug Bollinger,Chennai Super Kings,31759000.0,3.1759,2010,Douglas Erwin Bollinger,"July 24, 1981, Baulkham Hills, Sydney, New South Wales",44y 340d,Australia,Bowler,2009 - 2014,IPL 2009/10,CSK,8.0,2,2,18,16*,-,17,105.88,0,0,1,1,2.0,0.0,12,6.67,186,4/13,4/13,17.25,15.5,1,0,0,"October 13, 2011","November 09, 2014","April 24, 2009","October 28, 2011",True
2011,51439,Dwayne Bravo,Chennai Super Kings,9074000.0,0.9074,2010,Dwayne John Bravo,"October 07, 1983, Santa Cruz, Trinidad",42y 265d,West Indies,Allrounder,2004 - 2021,IPL 2009/10,MI,10.0,8,1,61,23,8.71,53,115.09,0,0,3,4,4.0,0.0,4,8.71,157,2/11,2/11,57.00,39.2,0,0,0,"February 16, 2006","November 06, 2021","April 18, 2004","October 17, 2014",True
2011,44828,Faf du Plessis,Chennai Super Kings,5444400.0,0.54444,2010,,,,,,,,,,,,,,,,,,,,,,,,,,,,,,,,,,,,,False
2011,4451,George Bailey,Chennai Super Kings,2268500.0,0.22685,2010,George John Bailey,"September 07, 1982, Launceston, Tasmania",43y 295d,Australia,Top order Batter,2012 - 2017,IPL 2009/10,CSK,1.0,1,0,18,18,18.00,27,66.66,0,0,2,0,0.0,0.0,-,-,-,-,-,-,-,-,-,-,"February 01, 2012","September 15, 2017","March 16, 2012","December 09, 2016",True
2011,29976,Joginder Sharma,Chennai Super Kings,6805500.0,0.68055,2010,Joginder Sharma,"October 23, 1983, Rohtak",42y 249d,India,Allrounder,2004 - 2007,IPL 2009/10,CSK,3.0,-,-,-,-,-,-,-,-,-,-,-,1.0,0.0,2,11.12,48,1/23,1/23,44.50,24.0,0,0,0,"September 19, 2007","September 24, 2007","December 23, 2004","January 24, 2007",True
2011,237095,M Vijay,Chennai Super Kings,40833000.0,4.0833,2010,Murali Vijay,"April 01, 1984, Chennai",42y 89d,India,Opening Batter,2008 - 2018,IPL 2009/10,CSK,15.0,15,2,458,127,35.23,292,156.84,1,2,36,26,11.0,0.0,-,-,-,-,-,-,-,-,-,-,"May 01, 2010","July 19, 2015","February 27, 2010","July 14, 2015",True
2011,28081,MS Dhoni,Chennai Super Kings,81666000.0,8.1666,2010,Mahendra Singh Dhoni,"July 07, 1981, Ranchi, Bihar (now Jharkhand)",44y 357d,India,Wicketkeeper Batter,2004 - 2019,IPL 2009/10,CSK,13.0,11,2,287,66*,31.88,210,136.66,0,2,26,8,5.0,6.0,-,-,-,-,-,-,-,-,-,-,"December 01, 2006","February 27, 2019","December 23, 2004","India
                              vs New Zealand at Manchester - July 09 - 10, 2019",True
2011,5939,Michael Hussey,Chennai Super Kings,19282250.0,1.928225,2010,Michael Edward Killeen Hussey,"May 27, 1975, Mt Lawley, Perth, Western Australia",51y 33d,Australia,Middle order Batter,2004 - 2013,IPL 2009/10,CSK,3.0,3,1,37,15,18.50,44,84.09,0,0,2,0,0.0,0.0,-,-,-,-,-,-,-,-,-,-,"February 17, 2005","October 05, 2012","February 01, 2004","September 03, 2012",True
2011,49535,Nuwan Kulasekara,Chennai Super Kings,4537000.0,0.4537,2010,,,,,,,,,,,,,,,,,,,,,,,,,,,,,,,,,,,,,False
2011,26421,R Ashwin,Chennai Super Kings,38564500.0,3.85645,2010,Ravichandran Ashwin,"September 17, 1986, Madras (now Chennai), Tamil Nadu",39y 285d,India,Bowling Allrounder,2010 - 2024,IPL 2009/10,CSK,12.0,6,2,30,11*,7.50,40,75.00,0,0,2,0,1.0,0.0,13,6.10,288,3/16,3/16,22.53,22.1,0,0,0,"June 12, 2010","November 10, 2022","June 05, 2010","October 08, 2023",True
2011,26806,S Badrinath,Chennai Super Kings,38564500.0,3.85645,2010,Subramaniam Badrinath,"August 30, 1980, Madras (now Chennai), Tamil Nadu",45y 303d,India,Middle order Batter,2008 - 2011,IPL 2009/10,CSK,16.0,15,4,356,55*,32.36,303,117.49,0,2,41,5,1.0,0.0,-,-,-,-,-,-,-,-,-,-,"India vs South Africa  at Nagpur - February 06 - 09, 2010","India vs South Africa  at Eden Gardens - February 14 - 18, 2010","August 20, 2008","June 13, 2011",True
2011,38407,Scott Styris,Chennai Super Kings,9074000.0,0.9074,2010,,,,,,,,,,,,,,,,,,,,,,,,,,,,,,,,,,,,,False
2011,317784,Sudeep Tyagi,Chennai Super Kings,10888800.0,1.08888,2010,Sudeep Tyagi,"September 17, 1987, Ghaziabad, Uttar Pradesh",38y 285d,India,Bowler,2009 - 2010,IPL 2009/10,CSK,6.0,1,1,3,3*,-,4,75.00,0,0,0,0,2.0,0.0,1,10.04,95,1/20,1/20,159.00,95.0,0,0,0,"December 27, 2009","February 27, 2010","December 27, 2009","February 27, 2010",True
2011,50438,Suraj Randiv,Chennai Super Kings,3629600.0,0.36296,2010,,,,,,,,,,,,,,,,,,,,,,,,,,,,,,,,,,,,,False
2011,33335,Suresh Raina,Chennai Super Kings,58981000.0,5.8981,2010,Suresh Kumar Raina,"November 27, 1986, Muradnagar, Ghaziabad, Uttar Pradesh",39y 214d,India,Middle order Batter,2005 - 2018,IPL 2009/10,CSK,16.0,16,5,520,83*,47.27,364,142.85,0,4,45,22,10.0,0.0,6,7.46,143,1/0,1/0,29.66,23.8,0,0,0,"December 01, 2006","July 08, 2018","July 30, 2005","July 17, 2018",True
2011,279810,Wriddhiman Saha,Chennai Super Kings,4537000.0,0.4537,2010,Wriddhiman Prasanta Saha,"October 24, 1984, Shaktigarh, Siliguri, Bengal, India",41y 248d,India,Wicketkeeper Batter,2010 - 2021,IPL 2009/10,KKR,13.0,7,4,67,22,22.33,53,126.41,0,0,9,1,3.0,3.0,-,-,-,-,-,-,-,-,-,-,,,"November 28, 2010","November 09, 2014",True
2011,31107,Amit Mishra,Deccan Chargers,13611000.0,1.3611,2010,Amit Mishra,"November 24, 1982, Delhi",43y 222d,India,Bowler,2003 - 2017,IPL 2009/10,DC,14.0,7,3,39,12,9.75,51,76.47,0,0,1,0,4.0,0.0,17,6.84,318,3/25,3/25,21.35,18.7,0,0,0,"June 13, 2010","February 01, 2017","April 13, 2003","October 29, 2016",True
2011,8291,Cameron White,Deccan Chargers,49907000.0,4.9907,2010,Cameron Leon White,"August 18, 1983, Bairnsdale, Victoria",42y 323d,Australia,Middle order Batter,2005 - 2018,IPL 2009/10,RCB,7.0,5,3,48,21*,24.00,33,145.45,0,0,3,3,4.0,0.0,0,19.00,6,-,-,-,-,0,0,0,"January 09, 2007","November 09, 2014","October 05, 2005","January 26, 2018",True
2011,326637,Chris Lynn,Deccan Chargers,907400.0,0.09074,2010,,,,,,,,,,,,,,,,,,,,,,,,,,,,,,,,,,,,,False
2011,47492,Dale Steyn,Deccan Chargers,54444000.0,5.4444,2010,Dale Willem Steyn,"June 27, 1983, Phalaborwa",43y 7d,South Africa,Bowler,2004 - 2020,IPL 2009/10,RCB,15.0,4,0,13,8,3.25,17,76.47,0,0,2,0,1.0,0.0,15,6.88,354,3/18,3/18,27.06,23.6,0,0,0,"November 23, 2007","February 21, 2020","August 17, 2005","March 13, 2019",True
2011,4864,Dan Christian,Deccan Chargers,40833000.0,4.0833,2010,,,,,,,,,,,,,,,,,,,,,,,,,,,,,,,,,,,,,False
2011,236779,Ishant Sharma,Deccan Chargers,20416500.0,2.04165,2010,Ishant Sharma,"September 02, 1988, Delhi",37y 305d,India,Bowler,2007 - 2021,IPL 2009/10,KKR,7.0,2,1,6,6*,6.00,17,35.29,0,0,0,0,1.0,0.0,7,9.44,150,2/33,2/33,33.71,21.4,0,0,0,"February 01, 2008","October 10, 2013","June 29, 2007","January 23, 2016",True
2011,44932,JP Duminy,Deccan Chargers,13611000.0,1.3611,2010,Jean-Paul Duminy,"April 14, 1984, Strandfontein, Cape Town, Cape Province",42y 83d,South Africa,Batting Allrounder,2004 - 2019,IPL 2009/10,MI,7.0,7,2,157,42*,31.40,131,119.84,0,0,13,5,3.0,0.0,1,6.72,33,1/15,1/15,37.00,33.0,0,0,0,"September 15, 2007","March 24, 2019","August 20, 2004","July 06, 2019",True
2011,19296,Kevin Pietersen,Deccan Chargers,29490500.0,2.94905,2010,Kevin Peter Pietersen,"June 27, 1980, Pietermaritzburg, Natal",46y 7d,England,Top order Batter,2004 - 2014,IPL 2009/10,RCB,7.0,7,3,236,66*,59.00,157,150.31,0,2,23,8,3.0,0.0,3,7.70,60,1/10,1/10,25.66,20.0,0,0,0,"June 13, 2005","June 27, 2013","November 28, 2004","September 16, 2013",True
2011,50710,Kumar Sangakkara,Deccan Chargers,31759000.0,3.1759,2010,Kumar Chokshanada Sangakkara,"October 27, 1977, Matale",48y 251d,Sri Lanka,Wicketkeeper Batter,2000 - 2015,IPL 2009/10,PBKS,13.0,12,0,357,56,29.75,257,138.91,0,2,47,5,6.0,5.0,-,-,-,-,-,-,-,-,-,-,"June 15, 2006","April 06, 2014","July 05, 2000","March 18, 2015",True
2011,317293,Manpreet Gony,Deccan Chargers,13157300.0,1.31573,2010,Manpreet Singh Gony,"January 04, 1984, Roopnagar, Punjab",42y 176d,India,Bowler,2008 - 2008,IPL 2009/10,CSK,3.0,1,0,2,2,2.00,6,33.33,0,0,0,0,1.0,0.0,1,11.50,48,1/33,1/33,92.00,48.0,0,0,0,,,"June 25, 2008","June 28, 2008",True
2011,16406,Michael Lumb,Deccan Chargers,3629600.0,0.36296,2010,Michael John Lumb,"February 12, 1980, Johannesburg, Transvaal, South Africa",46y 145d,England,Top order Batter,2010 - 2014,IPL 2009/10,RR,11.0,11,0,278,83,25.27,192,144.79,0,1,45,6,4.0,0.0,-,-,-,-,-,-,-,-,-,-,"May 03, 2010","March 31, 2014","February 28, 2014","March 05, 2014",True
2011,32130,Pragyan Ojha,Deccan Chargers,22685000.0,2.2685,2010,Pragyan Prayash Ojha,"September 05, 1986, Bhubaneswar, Orissa",39y 305d,India,Bowler,2008 - 2013,IPL 2009/10,DCH,16.0,6,3,3,2,1.00,8,37.50,0,0,0,0,4.0,0.0,21,7.29,353,3/26,3/26,20.42,16.8,0,0,0,"June 06, 2009","June 13, 2010","June 28, 2008","July 24, 2012",True
2011,223642,Rusty Theron,Deccan Chargers,3856450.0,0.385645,2010,Juan Theron,"July 24, 1985, Potchefstroom",40y 346d,United States of America,Bowler,2010 - 2022,IPL 2009/10,PBKS,7.0,2,0,2,2,1.00,5,40.00,0,0,0,0,1.0,0.0,6,7.79,144,2/17,2/17,31.16,24.0,0,0,0,"October 08, 2010","July 17, 2022","October 15, 2010","June 12, 2022",True
2011,28235,Shikhar Dhawan,Deccan Chargers,13611000.0,1.3611,2010,Shikhar Dhawan,"December 05, 1985, Delhi",40y 213d,India,Opening Batter,2010 - 2022,IPL 2009/10,MI,10.0,10,0,191,56,19.10,170,112.35,0,2,23,3,4.0,0.0,-,-,-,-,-,-,-,-,-,-,"June 04, 2011","July 29, 2021","October 20, 2010","December 10, 2022",True
2011,5334,Aaron Finch,Delhi Daredevils,13611000.0,1.3611,2010,Aaron James Finch,"November 17, 1986, Colac, Victoria",39y 229d,Australia,Top order Batter,2011 - 2022,IPL 2009/10,RR,1.0,1,0,21,21,21.00,21,100.00,0,0,0,1,0.0,0.0,0,4.28,7,-,-,-,-,0,0,0,"January 12, 2011","October 31, 2022","January 11, 2013","September 11, 2022",True
2011,26184,Ajit Agarkar,Delhi Daredevils,9527700.0,0.95277,2010,Ajit Bhalchandra Agarkar,"December 04, 1977, Bombay (now Mumbai), Maharashtra",48y 213d,India,Bowler,1998 - 2007,IPL 2009/10,KKR,7.0,4,3,40,17,40.00,29,137.93,0,0,4,0,1.0,0.0,4,9.22,132,2/32,2/32,50.75,33.0,0,0,0,"December 01, 2006","September 16, 2007","April 01, 1998","September 05, 2007",True
2011,6553,Andrew McDonald,Delhi Daredevils,3629600.0,0.36296,2010,Andrew Barry McDonald,"June 05, 1981, Wodonga, Victoria",45y 29d,Australia,Allrounder,2009 - 2009,IPL 2009/10,DC,4.0,3,3,65,33*,-,52,125.00,0,0,3,2,0.0,0.0,5,9.85,84,2/37,2/37,27.60,16.8,0,0,0,,,,,True
2011,227712,Ashok Dinda,Delhi Daredevils,17013750.0,1.701375,2010,Ashok Bhimchandra Dinda,"March 25, 1984, Medinipur, Calcutta (now Kolkata)",42y 102d,India,Bowler,2009 - 2013,IPL 2009/10,KKR,7.0,1,0,0,0,0.00,1,0.00,0,0,0,0,0.0,0.0,9,6.56,139,2/15,2/15,16.88,15.4,0,0,0,"December 09, 2009","December 28, 2012","May 28, 2010","January 11, 2013",True
2011,45705,Colin Ingram,Delhi Daredevils,4537000.0,0.4537,2010,,,,,,,,,,,,,,,,,,,,,,,,,,,,,,,,,,,,,False
2011,219889,David Warner,Delhi Daredevils,34027500.0,3.40275,2010,David Andrew Warner,"October 27, 1986, Paddington, New South Wales",39y 250d,Australia,Opening Batter,2009 - 2024,IPL 2009/10,DC,11.0,11,1,282,107*,28.20,191,147.64,1,1,27,14,8.0,0.0,-,-,-,-,-,-,-,-,-,-,"January 11, 2009","June 24, 2024","January 18, 2009","November 19, 2023",True
2011,32685,Irfan Pathan,Delhi Daredevils,86203000.0,8.6203,2010,Irfan Khan Pathan,"October 27, 1984, Baroda, Gujarat",41y 250d,India,Allrounder,2003 - 2012,IPL 2009/10,PBKS,14.0,13,5,276,60,34.50,186,148.38,0,1,21,10,4.0,0.0,15,9.19,278,3/24,3/24,28.40,18.5,0,0,0,"December 01, 2006","October 02, 2012","January 09, 2004","August 04, 2012",True
2011,5702,James Hopes,Delhi Daredevils,15879500.0,1.58795,2010,,,,,,,,,,,,,,,,,,,,,,,,,,,,,,,,,,,,,False
2011,230193,Matthew Wade,Delhi Daredevils,4537000.0,0.4537,2010,,,,,,,,,,,,,,,,,,,,,,,,,,,,,,,,,,,,,False
2011,46538,Morne Morkel,Delhi Daredevils,21550750.0,2.155075,2010,Morne Morkel,"October 06, 1984, Vereeniging, Transvaal",41y 271d,South Africa,Bowler,2006 - 2018,IPL 2009/10,RR,2.0,2,1,9,7*,9.00,16,56.25,0,0,1,0,1.0,0.0,0,9.42,42,-,-,-,-,0,0,0,"September 11, 2007","September 15, 2017","June 06, 2007","February 16, 2018",True
2011,32102,Naman Ojha,Delhi Daredevils,12249900.0,1.22499,2010,Naman Vinaykumar Ojha,"July 20, 1983, Ujjain, Madhya Pradesh",42y 349d,India,Wicketkeeper Batter,2010 - 2015,IPL 2009/10,RR,14.0,14,2,377,94*,31.41,285,132.28,0,2,42,15,4.0,2.0,-,-,-,-,-,-,-,-,-,-,"June 12, 2010","June 13, 2010","September 01, 2015","June 05, 2010",True
2011,45204,Robert Frylinck,Delhi Daredevils,907400.0,0.09074,2010,,,,,,,,,,,,,,,,,,,,,,,,,,,,,,,,,,,,,False
2011,47850,Roelof van der Merwe,Delhi Daredevils,2268500.0,0.22685,2010,Roelof Erasmus van der Merwe,"December 31, 1984, Johannesburg, Transvaal (now Gauteng)",41y 185d,Netherlands,Bowling Allrounder,2009 - 2026,IPL 2009/10,RCB,1.0,1,0,1,1,1.00,2,50.00,0,0,0,0,1.0,0.0,2,6.75,24,2/27,2/27,13.50,12.0,0,0,0,"March 29, 2009","February 18, 2026","April 05, 2009","June 16, 2026",True
2011,4292,Travis Birt,Delhi Daredevils,907400.0,0.09074,2010,,,,,,,,,,,,,,,,,,,,,,,,,,,,,,,,,,,,,False
2011,376116,Umesh Yadav,Delhi Daredevils,34027500.0,3.40275,2010,Umeshkumar Tilak Yadav,"October 25, 1987, Nagpur, Maharashtra",38y 252d,India,Bowler,2010 - 2023,IPL 2009/10,DC,7.0,1,1,3,3*,-,4,75.00,0,0,0,0,1.0,0.0,6,7.66,144,2/24,2/24,30.66,24.0,0,0,0,"August 07, 2012","October 04, 2022","May 28, 2010","October 24, 2018",True
2011,35805,Venugopal Rao,Delhi Daredevils,31759000.0,3.1759,2010,Yalaka Venugopal Rao,"February 26, 1982, Visakhapatnam, Andhra Pradesh",44y 128d,India,Middle order Batter,2005 - 2006,IPL 2009/10,DCH,6.0,5,1,34,24,8.50,43,79.06,0,0,3,1,0.0,0.0,0,10.00,6,-,-,-,-,0,0,0,,,"July 30, 2005","May 23, 2006",True
2011,35263,Virender Sehwag,Delhi Daredevils,81666000.0,8.1666,2010,Virender Sehwag,"October 20, 1978, Delhi",47y 257d,India,Top order Batter,1999 - 2013,IPL 2009/10,DC,14.0,14,0,356,75,25.42,218,163.30,0,3,47,14,2.0,0.0,3,4.05,34,2/18,2/18,7.66,11.3,0,0,0,"December 01, 2006","October 02, 2012","April 01, 1999","January 03, 2013",True
2011,32091,Abhishek Nayar,Kings XI Punjab,36296000.0,3.6296,2010,Abhishek Mohan Nayar,"October 08, 1983, Secunderabad, Hyderabad",42y 272d,India,Allrounder,2009 - 2009,IPL 2009/10,MI,3.0,3,1,58,27,29.00,51,113.72,0,0,4,2,1.0,0.0,-,-,-,-,-,-,-,-,-,-,,,"July 03, 2009","September 30, 2009",True
2011,5390,Adam Gilchrist,Kings XI Punjab,40833000.0,4.0833,2010,Adam Craig Gilchrist,"November 14, 1971, Bellingen, New South Wales",54y 233d,Australia,Wicketkeeper Batter,1996 - 2008,IPL 2009/10,DCH,16.0,16,0,289,54,18.06,185,156.21,0,1,31,16,9.0,4.0,-,-,-,-,-,-,-,-,-,-,"February 17, 2005","February 01, 2008","October 25, 1996","March 04, 2008",True
2011,5766,David Hussey,Kings XI Punjab,63518000.0,6.3518,2010,David John Hussey,"July 15, 1977, Mt Lawley, Perth, Western Australia",48y 349d,Australia,Allrounder,2008 - 2013,IPL 2009/10,KKR,6.0,6,2,94,31,23.50,86,109.30,0,0,5,5,4.0,0.0,0,8.00,60,-,-,-,-,0,0,0,"February 01, 2008","October 05, 2012","July 04, 2008","January 23, 2013",True
2011,30045,Dinesh Karthik,Kings XI Punjab,40833000.0,4.0833,2010,Krishnakumar Dinesh Karthik,"June 01, 1985, Madras (now Chennai), Tamil Nadu",41y 33d,India,Wicketkeeper Batter,2004 - 2022,IPL 2009/10,DC,14.0,14,1,278,69,21.38,237,117.29,0,1,26,6,6.0,6.0,-,-,-,-,-,-,-,-,-,-,"December 01, 2006","November 02, 2022","September 05, 2004","India vs New Zealand  at Manchester - July 09 - 10, 2019",True
2011,16932,Dmitri Mascarenhas,Kings XI Punjab,4537000.0,0.4537,2010,Adrian Dimitri Mascarenhas,"October 30, 1977, Chiswick, Middlesex",48y 248d,England,Allrounder,2007 - 2009,IPL 2009/10,RR,2.0,2,1,12,9*,12.00,10,120.00,0,0,0,0,0.0,0.0,4,8.12,48,2/31,2/31,16.25,12.0,0,0,0,"June 28, 2007","June 14, 2009","July 01, 2007","September 17, 2009",True
2011,7443,Nathan Rimmington,Kings XI Punjab,907400.0,0.09074,2010,,,,,,,,,,,,,,,,,,,,,,,,,,,,,,,,,,,,,False
2011,32966,Piyush Chawla,Kings XI Punjab,40833000.0,4.0833,2010,Piyush Pramod Chawla,"December 24, 1988, Aligarh, Uttar Pradesh",37y 187d,India,Bowling Allrounder,2006 - 2012,IPL 2009/10,PBKS,14.0,6,1,62,22,12.40,60,103.33,0,0,7,0,3.0,0.0,12,7.48,294,3/24,3/24,30.58,24.5,0,0,0,"May 02, 2010","December 22, 2012","May 12, 2007","March 09, 2011",True
2011,30732,Praveen Kumar,Kings XI Punjab,36296000.0,3.6296,2010,Praveenkumar Sakat Singh,"October 02, 1986, Meerut, Uttar Pradesh",39y 275d,India,Bowler,2007 - 2012,IPL 2009/10,RCB,12.0,4,2,4,3*,2.00,8,50.00,0,0,0,0,1.0,0.0,10,8.44,270,3/18,3/18,38.00,27.0,0,0,0,"February 01, 2008","March 30, 2012","November 18, 2007","March 18, 2012",True
2011,5779,Ryan Harris,Kings XI Punjab,14745250.0,1.474525,2010,Ryan James Harris,"October 11, 1979, Sydney, New South Wales",46y 267d,Australia,Bowler,2009 - 2015,IPL 2009/10,DCH,8.0,5,1,45,15,11.25,39,115.38,0,0,2,2,5.0,0.0,14,7.59,184,3/18,3/18,16.64,13.1,0,0,0,"February 23, 2010","May 05, 2010","January 18, 2009","February 24, 2012",True
2011,6683,Shaun Marsh,Kings XI Punjab,18148000.0,1.8148,2010,Shaun Edward Marsh,"July 09, 1983, Narrogin, Western Australia",42y 361d,Australia,Top order Batter,2008 - 2019,IPL 2009/10,PBKS,4.0,4,1,147,88*,49.00,114,128.94,0,2,14,6,1.0,0.0,-,-,-,-,-,-,-,-,-,-,"June 20, 2008","January 31, 2016","June 24, 2008","June 15, 2019",True
2011,10617,Stuart Broad,Kings XI Punjab,18148000.0,1.8148,2010,,,,,,,,,,,,,,,,,,,,,,,,,,,,,,,,,,,,,False
2011,5674,Brad Hodge,Kochi,19282250.0,1.928225,2010,Bradley John Hodge,"December 29, 1974, Sandringham, Victoria",51y 188d,Australia,Top order Batter,2005 - 2014,IPL 2009/10,KKR,4.0,4,0,99,50,24.75,90,110.00,0,1,11,1,3.0,0.0,2,8.20,30,1/4,1/4,20.50,15.0,0,0,0,"September 12, 2007","March 30, 2014","December 03, 2005","October 17, 2007",True
2011,37737,Brendon McCullum,Kochi,21550750.0,2.155075,2010,Brendon Barrie McCullum,"September 27, 1981, Dunedin, Otago",44y 275d,New Zealand,Wicketkeeper Batter,2002 - 2016,IPL 2009/10,KKR,5.0,5,1,114,57*,28.50,110,103.63,0,1,14,2,2.0,0.0,-,-,-,-,-,-,-,-,-,-,"February 17, 2005","June 23, 2015","January 17, 2002","February 08, 2016",True
2011,228622,John Hastings,Kochi,907400.0,0.09074,2010,,,,,,,,,,,,,,,,,,,,,,,,,,,,,,,,,,,,,False
2011,49289,Mahela Jayawardene,Kochi,68055000.0,6.8055,2010,Denagamage Proboth Mahela de Silva Jayawardene,"May 27, 1977, Colombo",49y 39d,Sri Lanka,Batter,1997 - 2015,IPL 2009/10,PBKS,13.0,13,3,439,110*,43.90,298,147.31,1,1,55,11,5.0,0.0,-,-,-,-,-,-,-,-,-,-,"June 15, 2006","April 06, 2014","January 24, 1998","March 18, 2015",True
2011,6161,Michael Klinger,Kochi,3402750.0,0.340275,2010,,,,,,,,,,,,,,,,,,,,,,,,,,,,,,,,,,,,,False
2011,49636,Muttiah Muralitharan,Kochi,49907000.0,4.9907,2010,Muthiah Muralidaran,"April 17, 1972, Kandy",54y 73d,Sri Lanka,Bowler,1992 - 2011,IPL 2009/10,CSK,12.0,1,0,1,1,1.00,2,50.00,0,0,0,0,3.0,0.0,15,6.85,288,3/16,3/16,21.93,19.2,0,0,0,"December 22, 2006","October 31, 2010","August 12, 1993","April 02, 2011",True
2011,20123,Owais Shah,Kochi,9074000.0,0.9074,2010,Owais Alam Shah,"October 22, 1978, Karachi, Sind, Pakistan",47y 256d,England,Batter,2001 - 2009,IPL 2009/10,KKR,5.0,5,3,115,58*,57.50,95,121.05,0,1,7,5,0.0,0.0,-,-,-,-,-,-,-,-,-,-,"June 28, 2007","August 30, 2009","June 10, 2001","October 02, 2009",True
2011,32242,Parthiv Patel,Kochi,13157300.0,1.31573,2010,Parthiv Ajay Patel,"March 09, 1985, Ahmedabad, Gujarat",41y 112d,India,Wicketkeeper Batter,2002 - 2018,IPL 2009/10,CSK,4.0,4,0,72,57,18.00,79,91.13,0,1,6,2,0.0,2.0,-,-,-,-,-,-,-,-,-,-,"June 04, 2011","August 31, 2011","January 04, 2003","February 21, 2012",True
2011,35280,RP Singh,Kochi,22685000.0,2.2685,2010,Rudra Pratap Singh,"December 06, 1985, Rae Bareli, Uttar Pradesh",40y 211d,India,Bowler,2005 - 2011,IPL 2009/10,DCH,12.0,5,3,9,4*,4.50,19,47.36,0,0,0,0,4.0,0.0,13,8.80,252,3/17,3/17,28.46,19.3,0,0,0,"September 13, 2007","June 16, 2009","September 04, 2005","September 16, 2011",True
2011,32391,Ramesh Powar,Kochi,8166600.0,0.81666,2010,Ramesh Rajaram Powar,"May 20, 1978, Bombay (now Mumbai), Maharashtra",48y 46d,India,Bowler,2004 - 2007,IPL 2009/10,PBKS,7.0,2,1,5,3,5.00,8,62.50,0,0,0,0,0.0,0.0,3,6.95,138,2/28,2/28,53.33,46.0,0,0,0,,,"March 16, 2004","October 02, 2007",True
2011,234675,Ravindra Jadeja,Kochi,43101500.0,4.31015,2010,,,,,,,,,,,,,,,,,,,,,,,,,,,,,,,,,,,,,False
2011,34274,Sreesanth,Kochi,40833000.0,4.0833,2010,Shanthakumaran Sreesanth,"February 06, 1983, Kothamangalam, Kerala",43y 149d,India,Bowler,2005 - 2011,IPL 2009/10,PBKS,6.0,3,3,27,15*,-,21,128.57,0,0,5,0,0.0,0.0,3,9.84,114,2/24,2/24,62.33,38.0,0,0,0,"December 01, 2006","February 01, 2008","October 25, 2005","April 02, 2011",True
2011,7069,Steve O'Keefe,Kochi,907400.0,0.09074,2010,,,,,,,,,,,,,,,,,,,,,,,,,,,,,,,,,,,,,False
2011,267192,Steven Smith,Kochi,9074000.0,0.9074,2010,,,,,,,,,,,,,,,,,,,,,,,,,,,,,,,,,,,,,False
2011,233514,Thisara Perera,Kochi,3629600.0,0.36296,2010,Narangoda Liyanaarachchilage Thisara Chirantha Perera,"April 03, 1989, Colombo",37y 87d,Sri Lanka,Bowling Allrounder,2009 - 2021,IPL 2009/10,CSK,1.0,-,-,-,-,-,-,-,-,-,-,-,0.0,0.0,0,19.00,6,-,-,-,-,0,0,0,"May 03, 2010","March 07, 2021","December 24, 2009","March 14, 2021",True
2011,30750,VVS Laxman,Kochi,18148000.0,1.8148,2010,Vangipurappu Venkata Sai Laxman,"November 01, 1974, Hyderabad, Andhra Pradesh",51y 246d,India,Top order Batter,1996 - 2012,IPL 2009/10,DCH,6.0,6,1,64,22,12.80,60,106.66,0,0,7,1,2.0,0.0,-,-,-,-,-,-,-,-,-,-,,,"April 09, 1998","December 03, 2006",True
2011,35731,Vinay Kumar,Kochi,21550750.0,2.155075,2010,Ranganath Vinay Kumar,"February 12, 1984, Davanagere, Karnataka",42y 143d,India,Bowler,2010 - 2013,IPL 2009/10,RCB,14.0,5,1,27,10*,6.75,32,84.37,0,0,1,0,3.0,0.0,16,8.54,278,4/40,4/40,24.75,17.3,1,0,0,"May 11, 2010","October 10, 2013","May 28, 2010","November 02, 2013",True
2011,5560,Brad Haddin,Kolkata Knight Riders,14745250.0,1.474525,2010,,,,,,,,,,,,,,,,,,,,,,,,,,,,,,,,,,,,,False
2011,6278,Brett Lee,Kolkata Knight Riders,18148000.0,1.8148,2010,Brett Lee,"November 08, 1976, Wollongong, New South Wales",49y 239d,Australia,Bowler,1999 - 2012,IPL 2009/10,PBKS,4.0,3,2,11,7*,11.00,9,122.22,0,0,1,0,2.0,0.0,0,10.27,87,-,-,-,-,0,0,0,"February 17, 2005","March 30, 2012","January 09, 2000","July 07, 2012",True
2011,24598,Eoin Morgan,Kolkata Knight Riders,15879500.0,1.58795,2010,Eoin Joseph Gerard Morgan,"September 10, 1986, Dublin",39y 298d,England,Middle order Batter,2006 - 2022,IPL 2009/10,RCB,6.0,4,1,35,17,11.66,30,116.66,0,0,2,1,4.0,0.0,-,-,-,-,-,-,-,-,-,-,"June 05, 2009","January 23, 2022","August 05, 2006","June 19, 2022",True
2011,28763,Gautam Gambhir,Kolkata Knight Riders,108888000.0,10.8888,2010,Gautam Gambhir,"October 14, 1981, Delhi",44y 264d,India,Top order Batter,2003 - 2016,IPL 2009/10,DC,11.0,10,1,277,72,30.77,217,127.64,0,2,32,2,3.0,0.0,-,-,-,-,-,-,-,-,-,-,"September 13, 2007","December 28, 2012","April 11, 2003","January 27, 2013",True
2011,45789,Jacques Kallis,Kolkata Knight Riders,49907000.0,4.9907,2010,Jacques Henry Kallis,"October 16, 1975, Pinelands, Cape Town, Cape Province",50y 262d,South Africa,Allrounder,1995 - 2014,IPL 2009/10,RCB,16.0,16,4,572,89*,47.66,494,115.78,0,6,67,9,7.0,0.0,13,8.35,342,2/3,2/3,36.61,26.3,0,0,0,"October 21, 2005","October 02, 2012","January 09, 1996","July 12, 2014",True
2011,390484,Jaidev Unadkat,Kolkata Knight Riders,11342500.0,1.13425,2010,Jaydev Dipakbhai Unadkat,"October 18, 1991, Porbandar",34y 259d,India,Bowler,2010 - 2023,IPL 2009/10,KKR,3.0,-,-,-,-,-,-,-,-,-,-,-,1.0,0.0,4,8.22,62,3/26,3/26,21.25,15.5,0,0,0,"June 18, 2016","March 18, 2018","July 24, 2013","August 01, 2023",True
2011,272465,James Pattinson,Kolkata Knight Riders,4537000.0,0.4537,2010,,,,,,,,,,,,,,,,,,,,,,,,,,,,,,,,,,,,,False
2011,26829,L Balaji,Kolkata Knight Riders,22685000.0,2.2685,2010,Lakshmipathy Balaji,"September 27, 1981, Madras (now Chennai), Tamil Nadu",44y 275d,India,Bowler,2002 - 2012,IPL 2009/10,CSK,7.0,3,1,18,15,9.00,20,90.00,0,0,1,1,1.0,0.0,7,8.87,140,2/9,2/9,29.57,20.0,0,0,0,"September 11, 2012","October 02, 2012","November 18, 2002","February 08, 2009",True
2011,35565,Manoj Tiwary,Kolkata Knight Riders,21550750.0,2.155075,2010,Manoj Kumar Tiwary,"November 14, 1985, Howrah, Bengal",40y 232d,India,Batter,2008 - 2015,IPL 2009/10,KKR,13.0,11,2,237,75*,26.33,186,127.41,0,2,23,5,4.0,0.0,1,11.00,6,1/11,1/11,11.00,6.0,0,0,0,"October 29, 2011","September 11, 2012","February 03, 2008","July 14, 2015",True
2011,47660,Ryan ten Doeschate,Kolkata Knight Riders,6805500.0,0.68055,2010,,,,,,,,,,,,,,,,,,,,,,,,,,,,,,,,,,,,,False
2011,56143,Shakib Al Hasan,Kolkata Knight Riders,19282250.0,1.928225,2010,,,,,,,,,,,,,,,,,,,,,,,,,,,,,,,,,,,,,False
2011,32498,Yusuf Khan Pathan,Kolkata Knight Riders,95277000.0,9.5277,2010,Yusuf Khan Pathan,"November 17, 1982, Baroda, Gujarat",43y 230d,India,Allrounder,2007 - 2012,IPL 2009/10,RR,14.0,14,2,333,100,27.75,201,165.67,1,1,22,24,9.0,0.0,5,7.23,204,2/9,2/9,49.20,40.8,0,0,0,"September 24, 2007","March 30, 2012","June 10, 2008","March 18, 2012",True
2011,4498,Aiden Blizzard,Mumbai Indians,907400.0,0.09074,2010,,,,,,,,,,,,,,,,,,,,,,,,,,,,,,,,,,,,,False
2011,7702,Andrew Symonds,Mumbai Indians,38564500.0,3.85645,2010,Andrew Symonds,"June 09, 1975, Birmingham, Warwickshire, England",,Australia,Allrounder,1998 - 2009,IPL 2009/10,DCH,16.0,16,2,429,54,30.64,341,125.80,0,4,35,18,12.0,0.0,12,7.01,318,3/21,3/21,31.00,26.5,0,0,0,"February 17, 2005","May 07, 2009","November 10, 1998","May 03, 2009",True
2011,6903,Clint McKay,Mumbai Indians,4990700.0,0.49907,2010,,,,,,,,,,,,,,,,,,,,,,,,,,,,,,,,,,,,,False
2011,45782,Davy Jacobs,Mumbai Indians,8620300.0,0.86203,2010,,,,,,,,,,,,,,,,,,,,,,,,,,,,,,,,,,,,,False
2011,29264,Harbhajan Singh,Mumbai Indians,58981000.0,5.8981,2010,Harbhajan Singh,"July 03, 1980, Jullundur (now Jalandhar), Punjab",45y 361d,India,Bowler,1998 - 2016,IPL 2009/10,MI,15.0,7,3,105,49*,26.25,63,166.66,0,0,12,5,6.0,0.0,17,7.04,321,3/31,3/31,22.17,18.8,0,0,0,"December 01, 2006","March 03, 2016","April 17, 1998","October 25, 2015",True
2011,37004,James Franklin,Mumbai Indians,4537000.0,0.4537,2010,,,,,,,,,,,,,,,,,,,,,,,,,,,,,,,,,,,,,False
2011,230559,Kieron Pollard,Mumbai Indians,40833000.0,4.0833,2010,Kieron Adrian Pollard,"May 12, 1987, Tacarigua, Trinidad",39y 56d,West Indies,Batting Allrounder,2007 - 2022,IPL 2009/10,MI,14.0,14,2,273,45*,22.75,147,185.71,0,0,23,17,6.0,0.0,15,7.40,222,3/17,3/17,18.26,14.8,0,0,0,"June 20, 2008","February 20, 2022","April 10, 2007","February 06, 2022",True
2011,49758,Lasith Malinga,Mumbai Indians,22685000.0,2.2685,2010,Separamadu Lasith Malinga,"August 28, 1983, Galle",42y 313d,Sri Lanka,Bowler,2004 - 2020,IPL 2009/10,MI,13.0,2,2,1,1*,-,1,100.00,0,0,0,0,2.0,0.0,15,7.02,294,4/22,4/22,22.93,19.6,1,0,0,"June 15, 2006","March 06, 2020","July 17, 2004","July 26, 2019",True
2011,5961,Moises Henriques,Mumbai Indians,2268500.0,0.22685,2010,Moises Constantino Henriques,"February 01, 1987, Funchal, Portugal",39y 154d,Australia,Allrounder,2009 - 2021,IPL 2009/10,DC,1.0,1,0,11,11,11.00,5,220.00,0,0,2,0,1.0,0.0,1,8.75,24,1/35,1/35,35.00,24.0,0,0,0,"February 15, 2009","August 09, 2021","October 31, 2009","July 26, 2021",True
2011,32965,Munaf Patel,Mumbai Indians,31759000.0,3.1759,2010,Munaf Musa Patel,"July 12, 1983, Ikhar, Gujarat",42y 357d,India,Bowler,2006 - 2011,IPL 2009/10,RR,4.0,2,1,4,4*,4.00,5,80.00,0,0,0,0,1.0,0.0,3,9.07,78,1/20,1/20,39.33,26.0,0,0,0,"January 09, 2011","August 31, 2011","April 03, 2006","September 16, 2011",True
2011,34102,Rohit Sharma,Mumbai Indians,90740000.0,9.074,2010,Rohit Gurunath Sharma,"April 30, 1987, Bansod, Nagpur, Maharashtra",39y 68d,India,Top order Batter,2007 - 2026,IPL 2009/10,DCH,16.0,16,2,404,73,28.85,302,133.77,0,3,36,14,9.0,0.0,2,8.05,114,1/19,1/19,76.50,57.0,0,0,0,"September 19, 2007","June 29, 2024","June 23, 2007","June 20, 2026",True
2011,35320,Sachin Tendulkar,Mumbai Indians,81666000.0,8.1666,2010,Sachin Ramesh Tendulkar,"April 24, 1973, Bombay (now Mumbai), Maharashtra",53y 74d,India,Top order Batter,1989 - 2013,IPL 2009/10,MI,15.0,15,2,618,89*,47.53,466,132.61,0,5,86,3,3.0,0.0,-,-,-,-,-,-,-,-,-,-,"Pakistan vs India  at Karachi - November 15 - 20, 1989","India vs West Indies  at Wankhede - November 14 - 16, 2013","December 18, 1989","March 18, 2012",True
2011,47569,Alfonso Thomas,Pune Warriors,4537000.0,0.4537,2010,,,,,,,,,,,,,,,,,,,,,,,,,,,,,,,,,,,,,False
2011,49764,Angelo Mathews,Pune Warriors,43101500.0,4.31015,2010,Angelo Davis Mathews,"June 02, 1987, Colombo",39y 32d,Sri Lanka,Allrounder,2008 - 2025,IPL 2009/10,KKR,14.0,11,4,233,65*,33.28,184,126.63,0,1,18,8,3.0,0.0,8,8.37,225,4/19,4/19,39.25,28.1,1,0,0,"June 08, 2009","June 16, 2024","November 28, 2008","November 09, 2023",True
2011,31820,Ashish Nehra,Pune Warriors,38564500.0,3.85645,2010,Ashish Nehra,"April 29, 1979, Delhi",47y 61d,India,Bowler,1999 - 2017,IPL 2009/10,DC,4.0,2,1,23,22*,23.00,20,114.99,0,0,2,1,2.0,0.0,6,6.85,84,3/26,3/26,16.00,14.0,0,0,0,"December 09, 2009","November 01, 2017","June 24, 2001","March 30, 2011",True
2011,5236,Callum Ferguson,Pune Warriors,13611000.0,1.3611,2010,,,,,,,,,,,,,,,,,,,,,,,,,,,,,,,,,,,,,False
2011,47270,Graeme Smith,Pune Warriors,22685000.0,2.2685,2010,Graeme Craig Smith,"February 01, 1981, Johannesburg, Transvaal",45y 154d,South Africa,Opening Batter,2002 - 2014,IPL 2009/10,RR,2.0,2,0,44,26,22.00,39,112.82,0,0,7,0,2.0,0.0,-,-,-,-,-,-,-,-,-,-,"October 21, 2005","October 16, 2011","March 30, 2002","November 27, 2013",True
2011,53191,Jerome Taylor,Pune Warriors,4537000.0,0.4537,2010,,,,,,,,,,,,,,,,,,,,,,,,,,,,,,,,,,,,,False
2011,38373,Jesse Ryder,Pune Warriors,6805500.0,0.68055,2010,,,,,,,,,,,,,,,,,,,,,,,,,,,,,,,,,,,,,False
2011,272450,Mitchell Marsh,Pune Warriors,13157300.0,1.31573,2010,Mitchell Ross Marsh,"October 20, 1991, Attadale, Perth",34y 257d,Australia,Allrounder,2011 - 2026,IPL 2009/10,DCH,3.0,2,0,28,15,14.00,30,93.33,0,0,1,1,0.0,0.0,2,8.80,60,1/19,1/19,44.00,30.0,0,0,0,"October 16, 2011","June 21, 2026","October 19, 2011","October 25, 2025",True
2011,30049,Murali Kartik,Pune Warriors,18148000.0,1.8148,2010,Murali Kartik,"September 11, 1976, Madras (now Chennai), Tamil Nadu",49y 297d,India,Bowler,2000 - 2007,IPL 2009/10,KKR,10.0,2,0,22,21,11.00,22,100.00,0,0,2,0,5.0,0.0,9,6.48,234,2/20,2/20,28.11,26.0,0,0,0,"India vs South Africa  at Wankhede - February 24 - 26, 2000","India vs South Africa  at Kanpur - November 20 - 24, 2004","March 16, 2002","November 18, 2007",True
2011,37749,Nathan McCullum,Pune Warriors,4537000.0,0.4537,2010,,,,,,,,,,,,,,,,,,,,,,,,,,,,,,,,,,,,,False
2011,35582,Robin Uthappa,Pune Warriors,95277000.0,9.5277,2010,Robin Venu Uthappa,"November 11, 1985, Coorg, Karnataka",40y 230d,India,Batter,2006 - 2015,IPL 2009/10,RCB,16.0,14,2,374,68*,31.16,218,171.55,0,3,21,27,7.0,3.0,-,-,-,-,-,-,-,-,-,-,"September 13, 2007","July 19, 2015","April 15, 2006","July 14, 2015",True
2011,7252,Tim Paine,Pune Warriors,12249900.0,1.22499,2010,,,,,,,,,,,,,,,,,,,,,,,,,,,,,,,,,,,,,False
2011,265564,Wayne Parnell,Pune Warriors,7259200.0,0.72592,2010,,,,,,,,,,,,,,,,,,,,,,,,,,,,,,,,,,,,,False
2011,36084,Yuvraj Singh,Pune Warriors,81666000.0,8.1666,2010,Yuvraj Singh,"December 12, 1981, Chandigarh",44y 204d,India,Middle order Batter,2000 - 2017,IPL 2009/10,PBKS,14.0,14,2,255,43,21.25,199,128.14,0,0,20,14,2.0,0.0,5,6.60,138,2/21,2/21,30.40,27.6,0,0,0,"September 13, 2007","February 01, 2017","October 03, 2000","June 30, 2017",True
2011,44149,Johan Botha,Rajasthan Royals,43101500.0,4.31015,2010,,,,,,,,,,,,,,,,,,,,,,,,,,,,,,,,,,,,,False
2011,32973,Pankaj Singh,Rajasthan Royals,4310150.0,0.431015,2010,Pankaj Singh,"May 06, 1985, Sultanpur, Uttar Pradesh",41y 62d,India,Bowler,2010 - 2014,IPL 2009/10,RCB,2.0,1,0,1,1,1.00,2,50.00,0,0,0,0,0.0,0.0,2,10.12,48,2/27,2/27,40.50,24.0,0,0,0,,,"England vs India  at Southampton - July 27 - 31, 2014","England vs India  at Manchester - August 07 - 09, 2014",True
2011,10772,Paul Collingwood,Rajasthan Royals,11342500.0,1.13425,2010,,,,,,,,,,,,,,,,,,,,,,,,,,,,,,,,,,,,,False
2011,28114,Rahul Dravid,Rajasthan Royals,22685000.0,2.2685,2010,Rahul Sharad Dravid,"January 11, 1973, Indore, Madhya Pradesh",53y 177d,India,Top order Batter,1996 - 2012,IPL 2009/10,RCB,16.0,11,2,256,52,28.44,199,128.64,0,1,34,3,4.0,0.0,-,-,-,-,-,-,-,-,-,-,"England vs India  at Lord's - June 20 - 24, 1996","Australia vs India  at Adelaide - January 24 - 28, 2012","April 03, 1996","September 16, 2011",True
2011,38699,Ross Taylor,Rajasthan Royals,45370000.0,4.537,2010,Luteru Ross Poutoa Lote Taylor,"March 08, 1984, Lower Hutt, Wellington",42y 118d,Samoa,Middle order Batter,2006 - 2025,IPL 2009/10,RCB,7.0,7,3,88,31*,22.00,75,117.33,0,0,2,6,4.0,0.0,-,-,-,-,-,-,-,-,-,-,"December 22, 2006","October 15, 2025","March 01, 2006","April 04, 2022",True
2011,8166,Shane Warne,Rajasthan Royals,81666000.0,8.1666,2010,Shane Keith Warne,"September 13, 1969, Ferntree Gully, Victoria",,Australia,Bowler,1992 - 2007,IPL 2009/10,RR,14.0,7,2,10,4,2.00,19,52.63,0,0,0,0,2.0,0.0,11,7.62,300,4/21,4/21,34.63,27.2,1,0,0,,,"March 24, 1993","January 10, 2005",True
2011,8180,Shane Watson,Rajasthan Royals,58981000.0,5.8981,2010,Shane Robert Watson,"June 17, 1981, Ipswich, Queensland",45y 12d,Australia,Allrounder,2002 - 2016,IPL 2009/10,RR,6.0,5,0,185,60,37.00,114,162.28,0,2,18,9,3.0,0.0,6,8.36,132,3/37,3/37,30.66,22.0,0,0,0,"February 24, 2006","March 27, 2016","March 24, 2002","September 05, 2015",True
2011,8076,Shaun Tait,Rajasthan Royals,13611000.0,1.3611,2010,Shaun William Tait,"February 22, 1983, Bedford Park, Adelaide, South Australia",43y 135d,Australia,Bowler,2005 - 2016,IPL 2009/10,RR,8.0,2,1,12,11,12.00,13,92.30,0,0,0,1,2.0,0.0,10,8.34,187,3/22,3/22,26.00,18.7,0,0,0,"December 11, 2007","January 31, 2016","February 02, 2007","March 24, 2011",True
2011,44936,AB de Villiers,Royal Challengers Bangalore,49907000.0,4.9907,2010,Abraham Benjamin de Villiers,"February 17, 1984, Pretoria",42y 140d,South Africa,Wicketkeeper Batter,2004 - 2018,IPL 2009/10,DC,7.0,7,0,111,45,15.85,119,93.27,0,0,7,0,6.0,0.0,-,-,-,-,-,-,-,-,-,-,"February 24, 2006","October 29, 2017","February 02, 2005","February 16, 2018",True
2011,310958,Abhimanyu Mithun,Royal Challengers Bangalore,11796200.0,1.17962,2010,Abhimanyu Mithun,"October 25, 1989, Bangalore",36y 255d,India,Bowler,2010 - 2011,IPL 2009/10,RCB,1.0,1,0,5,5,5.00,4,125.00,0,0,1,0,0.0,0.0,1,13.00,18,1/39,1/39,39.00,18.0,0,0,0,,,"February 27, 2010","December 11, 2011",True
2011,45963,Charl Langeveldt,Royal Challengers Bangalore,6351800.0,0.63518,2010,Charl Kenneth Langeveldt,"December 17, 1974, Stellenbosch, Cape Province",51y 200d,South Africa,Bowler,2001 - 2010,IPL 2009/10,KKR,3.0,1,0,0,0,0.00,1,0.00,0,0,0,0,0.0,0.0,5,8.00,66,2/26,2/26,17.60,13.2,0,0,0,"October 21, 2005","May 19, 2010","October 14, 2001","October 31, 2010",True
2011,32540,Cheteshwar Pujara,Royal Challengers Bangalore,31759000.0,3.1759,2010,Cheteshwar Arvind Pujara,"January 25, 1988, Rajkot, Gujarat",38y 161d,India,Top order Batter,2010 - 2023,IPL 2009/10,KKR,10.0,6,2,122,45*,30.50,115,106.08,0,0,14,3,2.0,0.0,-,-,-,-,-,-,-,-,-,-,,,"August 01, 2013","June 19, 2014",True
2011,38710,Daniel Vettori,Royal Challengers Bangalore,24953500.0,2.49535,2010,Daniel Luca Vettori,"January 27, 1979, Auckland",47y 158d,New Zealand,Allrounder,1997 - 2015,IPL 2009/10,DC,3.0,3,2,33,19*,33.00,27,122.22,0,0,4,0,0.0,0.0,2,8.31,70,1/30,1/30,48.50,35.0,0,0,0,"September 12, 2007","December 05, 2014","March 25, 1997","March 29, 2015",True
2011,6981,Dirk Nannes,Royal Challengers Bangalore,29490500.0,2.94905,2010,Dirk Peter Nannes,"May 16, 1976, Mount Waverley, Melbourne, Victoria",50y 44d,Australia,Bowler,2009 - 2010,IPL 2009/10,DC,9.0,2,1,4,3,4.00,13,30.76,0,0,0,0,0.0,0.0,7,6.55,205,2/12,2/12,32.00,29.2,0,0,0,"June 05, 2009","October 31, 2010","August 28, 2009","June 05, 2009",True
2011,47693,Johan van der Wath,Royal Challengers Bangalore,2268500.0,0.22685,2010,,,,,,,,,,,,,,,,,,,,,,,,,,,,,,,,,,,,,False
2011,285687,Jonathan Vandiar,Royal Challengers Bangalore,907400.0,0.09074,2010,,,,,,,,,,,,,,,,,,,,,,,,,,,,,,,,,,,,,False
2011,232284,Luke Pomersbasch,Royal Challengers Bangalore,2268500.0,0.22685,2010,,,,,,,,,,,,,,,,,,,,,,,,,,,,,,,,,,,,,False
2011,29990,Mohammad Kaif,Royal Challengers Bangalore,5898100.0,0.58981,2010,Mohammad Kaif,"December 01, 1980, Allahabad, Uttar Pradesh",45y 216d,India,Batter,2000 - 2006,IPL 2009/10,PBKS,4.0,3,0,28,14,9.33,30,93.33,0,0,2,0,2.0,0.0,-,-,-,-,-,-,-,-,-,-,,,"January 28, 2002","November 29, 2006",True
2011,324358,Nuwan Pradeep,Royal Challengers Bangalore,907400.0,0.09074,2010,,,,,,,,,,,,,,,,,,,,,,,,,,,,,,,,,,,,,False
2011,318845,Rilee Rossouw,Royal Challengers Bangalore,907400.0,0.09074,2010,,,,,,,,,,,,,,,,,,,,,,,,,,,,,,,,,,,,,False
2011,35390,Saurabh Tiwary,Royal Challengers Bangalore,72592000.0,7.2592,2010,Saurabh Sunil Tiwary,"December 30, 1989, Jamshedpur, Bihar",36y 186d,India,Top order Batter,2010 - 2010,IPL 2009/10,MI,16.0,15,1,419,61,29.92,309,135.59,0,3,29,18,3.0,0.0,-,-,-,-,-,-,-,-,-,-,,,"October 20, 2010","December 10, 2010",True
2011,48472,Tillakaratne Dilshan,Royal Challengers Bangalore,29490500.0,2.94905,2010,Tillakaratne Mudiyanselage Dilshan,"October 14, 1976, Kalutara",49y 266d,Sri Lanka,Allrounder,1999 - 2016,IPL 2009/10,DC,6.0,6,0,44,17,7.33,53,83.01,0,0,6,0,4.0,0.0,3,8.57,49,1/7,1/7,23.33,16.3,0,0,0,"June 15, 2006","September 09, 2016","December 11, 1999","August 28, 2016",True
2011,253802,Virat Kohli,Royal Challengers Bangalore,81666000.0,8.1666,2010,Virat Kohli,"November 05, 1988, Delhi",37y 244d,India,Top order Batter,2008 - 2026,IPL 2009/10,RCB,16.0,13,2,307,58,27.90,212,144.81,0,1,26,12,3.0,0.0,0,9.37,32,-,-,-,-,0,0,0,"June 12, 2010","June 29, 2024","August 18, 2008","January 18, 2026",True
2011,30102,Zaheer Khan,Royal Challengers Bangalore,40833000.0,4.0833,2010,Zaheer Khan,"October 08, 1978, Shrirampur, Maharashtra",47y 269d,India,Bowler,2000 - 2014,IPL 2009/10,MI,14.0,4,3,24,23*,24.00,13,184.61,0,0,3,1,4.0,0.0,15,7.77,290,3/21,3/21,25.06,19.3,0,0,0,"December 01, 2006","October 02, 2012","October 03, 2000","August 04, 2012",True
2012,234675,Ravindra Jadeja,Chennai Super Kings,97928000.0,9.7928,2011,Ravindrasinh Anirudhsinh Jadeja,"December 06, 1988, Navagam-Khed, Saurashtra",37y 205d,India,Allrounder,2009 - 2026,IPL 2011,Kochi,14.0,12,3,283,47,31.44,228,124.12,0,0,20,14,1.0,0.0,8,7.26,252,2/25,2/25,38.12,31.5,0,0,0,"February 10, 2009","June 29, 2024","February 08, 2009","January 18, 2026",True
2012,5583,Daniel Harris,Deccan Chargers,3427480.0,0.342748,2011,,,,,,,,,,,,,,,,,,,,,,,,,,,,,,,,,,,,,False
2012,277472,Darren Bravo,Deccan Chargers,4896400.0,0.48964,2011,,,,,,,,,,,,,,,,,,,,,,,,,,,,,,,,,,,,,False
2012,32242,Parthiv Patel,Deccan Chargers,31826600.0,3.18266,2011,Parthiv Ajay Patel,"March 09, 1985, Ahmedabad, Gujarat",41y 112d,India,Wicketkeeper Batter,2002 - 2018,IPL 2011,Kochi,14.0,13,3,202,37*,20.20,183,110.38,0,0,25,2,8.0,1.0,-,-,-,-,-,-,-,-,-,-,"June 04, 2011","August 31, 2011","January 04, 2003","February 21, 2012",True
2012,276298,Andre Russell,Delhi Daredevils,22033800.0,2.20338,2011,,,,,,,,,,,,,,,,,,,,,,,,,,,,,,,,,,,,,False
2012,362541,Doug Bracewell,Delhi Daredevils,2448200.0,0.24482,2011,,,,,,,,,,,,,,,,,,,,,,,,,,,,,,,,,,,,,False
2012,19296,Kevin Pietersen,Delhi Daredevils,,,2011,,,,,,,,,,,,,,,,,,,,,,,,,,,,,,,,,,,,,False
2012,49289,Mahela Jayawardene,Delhi Daredevils,68549600.0,6.85496,2011,Denagamage Proboth Mahela de Silva Jayawardene,"May 27, 1977, Colombo",49y 39d,Sri Lanka,Batter,1997 - 2015,IPL 2011,Kochi,13.0,13,0,299,76,23.00,257,116.34,0,3,35,5,6.0,0.0,-,-,-,-,-,-,-,-,-,-,"June 15, 2006","April 06, 2014","January 24, 1998","March 18, 2015",True
2012,39024,Azhar Mahmood,Kings XI Punjab,9792800.0,0.97928,2011,,,,,,,,,,,,,,,,,,,,,,,,,,,,,,,,,,,,,False
2012,321777,David Miller,Kings XI Punjab,4896400.0,0.48964,2011,,,,,,,,,,,,,,,,,,,,,,,,,,,,,,,,,,,,,False
2012,391128,Harmeet Singh,Kings XI Punjab,,,2011,Harmeet Singh Bansal,"October 09, 1987, Jodhpur, Rajasthan",38y 269d,India,Bowler,-,IPL 2011,DCH,2.0,-,-,-,-,-,-,-,-,-,-,-,0.0,0.0,3,7.57,42,2/27,2/27,17.66,14.0,0,0,0,,,,,True
2012,270484,James Faulkner,Kings XI Punjab,9303160.0,0.930316,2011,James Peter Faulkner,"April 29, 1990, Launceston, Tasmania",36y 66d,Australia,Bowling Allrounder,2012 - 2017,IPL 2011,PWI,1.0,-,-,-,-,-,-,-,-,-,-,-,0.0,0.0,1,4.50,12,1/9,1/9,9.00,12.0,0,0,0,"February 01, 2012","February 22, 2017","February 01, 2013","October 01, 2017",True
2012,33870,R Sathish,Kings XI Punjab,,,2011,Rajagopal Sathish,"January 14, 1981, Trichy (now Tiruchchirappali), Tamil Nadu",45y 172d,India,Allrounder,-,IPL 2011,MI,9.0,3,1,25,18*,12.50,34,73.52,0,0,1,0,3.0,0.0,0,7.93,31,-,-,-,-,0,0,0,,,,,True
2012,32391,Ramesh Powar,Kings XI Punjab,7834240.0,0.783424,2011,Ramesh Rajaram Powar,"May 20, 1978, Bombay (now Mumbai), Maharashtra",48y 46d,India,Bowler,2004 - 2007,IPL 2011,Kochi,5.0,3,2,11,8*,11.00,13,84.61,0,0,0,0,0.0,0.0,2,9.33,72,1/20,1/20,56.00,36.0,0,0,0,,,"March 16, 2004","October 02, 2007",True
2012,37737,Brendon McCullum,Kolkata Knight Riders,44067600.0,4.40676,2011,Brendon Barrie McCullum,"September 27, 1981, Dunedin, Otago",44y 275d,New Zealand,Wicketkeeper Batter,2002 - 2016,IPL 2011,Kochi,13.0,13,0,357,81,27.46,275,129.81,0,1,35,16,2.0,0.0,-,-,-,-,-,-,-,-,-,-,"February 17, 2005","June 23, 2015","January 17, 2002","February 08, 2016",True
2012,393279,Marchant de Lange,Kolkata Knight Riders,2448200.0,0.24482,2011,,,,,,,,,,,,,,,,,,,,,,,,,,,,,,,,,,,,,False
2012,230558,Sunil Narine,Kolkata Knight Riders,34274800.0,3.42748,2011,,,,,,,,,,,,,,,,,,,,,,,,,,,,,,,,,,,,,False
2012,30045,Dinesh Karthik,Mumbai Indians,,,2011,Krishnakumar Dinesh Karthik,"June 01, 1985, Madras (now Chennai), Tamil Nadu",41y 33d,India,Wicketkeeper Batter,2004 - 2022,IPL 2011,PBKS,14.0,13,2,282,69,25.63,220,128.18,0,1,32,7,7.0,0.0,-,-,-,-,-,-,-,-,-,-,"December 01, 2006","November 02, 2022","September 05, 2004","India vs New Zealand  at Manchester - July 09 - 10, 2019",True
2012,45224,Herschelle Gibbs,Mumbai Indians,2448200.0,0.24482,2011,,,,,,,,,,,,,,,,,,,,,,,,,,,,,,,,,,,,,False
2012,6033,Mitchell Johnson,Mumbai Indians,14689200.0,1.46892,2011,,,,,,,,,,,,,,,,,,,,,,,,,,,,,,,,,,,,,False
2012,32130,Pragyan Ojha,Mumbai Indians,,,2011,Pragyan Prayash Ojha,"September 05, 1986, Bhubaneswar, Orissa",39y 305d,India,Bowler,2008 - 2013,IPL 2011,DCH,10.0,-,-,-,-,-,-,-,-,-,-,-,2.0,0.0,10,7.24,221,3/26,3/26,26.70,22.1,0,0,0,"June 06, 2009","June 13, 2010","June 28, 2008","July 24, 2012",True
2012,35280,RP Singh,Mumbai Indians,29378400.0,2.93784,2011,Rudra Pratap Singh,"December 06, 1985, Rae Bareli, Uttar Pradesh",40y 211d,India,Bowler,2005 - 2011,IPL 2011,Kochi,14.0,5,2,2,1*,0.66,4,50.00,0,0,0,0,6.0,0.0,13,6.90,300,4/25,4/25,26.53,23.0,1,0,0,"September 13, 2007","June 16, 2009","September 04, 2005","September 16, 2011",True
2012,46750,Robin Peterson,Mumbai Indians,4896400.0,0.48964,2011,,,,,,,,,,,,,,,,,,,,,,,,,,,,,,,,,,,,,False
2012,233514,Thisara Perera,Mumbai Indians,31826600.0,3.18266,2011,Narangoda Liyanaarachchilage Thisara Chirantha Perera,"April 03, 1989, Colombo",37y 87d,Sri Lanka,Bowling Allrounder,2009 - 2021,IPL 2011,Kochi,4.0,2,0,23,22,11.50,27,85.18,0,0,4,0,0.0,0.0,2,7.92,84,1/30,1/30,55.50,42.0,0,0,0,"May 03, 2010","March 07, 2021","December 24, 2009","March 14, 2021",True
2012,28779,Sourav Ganguly,Pune Warriors,19585600.0,1.95856,2011,Sourav Chandidas Ganguly,"July 08, 1972, Calcutta (now Kolkata), Bengal",53y 362d,India,Batter,1992 - 2008,IPL 2011,PWI,4.0,3,1,50,32*,25.00,59,84.74,0,0,3,2,1.0,0.0,-,-,-,-,-,-,-,-,-,-,,,"January 11, 1992","November 15, 2007",True
2012,5674,Brad Hodge,Rajasthan Royals,23257900.0,2.32579,2011,Bradley John Hodge,"December 29, 1974, Sandringham, Victoria",51y 188d,Australia,Top order Batter,2005 - 2014,IPL 2011,Kochi,14.0,14,6,285,51*,35.62,236,120.76,0,1,26,9,1.0,0.0,7,7.00,66,4/13,4/13,11.00,9.4,1,0,0,"September 12, 2007","March 30, 2014","December 03, 2005","October 17, 2007",True
2012,5681,Brad Hogg,Rajasthan Royals,8813520.0,0.881352,2011,,,,,,,,,,,,,,,,,,,,,,,,,,,,,,,,,,,,,False
2012,300628,Dinesh Chandimal,Rajasthan Royals,2448200.0,0.24482,2011,,,,,,,,,,,,,,,,,,,,,,,,,,,,,,,,,,,,,False
2012,371814,Kevon Cooper,Rajasthan Royals,2448200.0,0.24482,2011,,,,,,,,,,,,,,,,,,,,,,,,,,,,,,,,,,,,,False
2012,34274,Sreesanth,Rajasthan Royals,19585600.0,1.95856,2011,Shanthakumaran Sreesanth,"February 06, 1983, Kothamangalam, Kerala",43y 149d,India,Bowler,2005 - 2011,IPL 2011,Kochi,9.0,3,1,1,1,0.50,9,11.11,0,0,0,0,1.0,0.0,7,6.47,191,2/10,2/10,29.42,27.2,0,0,0,"December 01, 2006","February 01, 2008","October 25, 2005","April 02, 2011",True
2012,6553,Andrew McDonald,Royal Challengers Bangalore,,,2011,Andrew Barry McDonald,"June 05, 1981, Wodonga, Victoria",45y 29d,Australia,Allrounder,2009 - 2009,IPL 2011,DC,1.0,1,0,8,8,8.00,7,114.28,0,0,0,0,0.0,0.0,0,11.50,12,-,-,-,-,0,0,0,,,,,True
2012,51880,Chris Gayle,Royal Challengers Bangalore,26930200.0,2.69302,2011,Christopher Henry Gayle,"September 21, 1979, Kingston, Jamaica",46y 287d,West Indies,Allrounder,1999 - 2021,IPL 2011,RCB,12.0,12,3,608,107,67.55,332,183.13,2,3,56,44,2.0,0.0,8,6.77,216,3/21,3/21,30.50,27.0,0,0,0,"February 16, 2006","November 06, 2021","September 11, 1999","August 14, 2019",True
2012,49636,Muttiah Muralitharan,Royal Challengers Bangalore,10772080.0,1.077208,2011,Muthiah Muralidaran,"April 17, 1972, Kandy",54y 73d,Sri Lanka,Bowler,1992 - 2011,IPL 2011,Kochi,5.0,1,1,5,5*,-,8,62.50,0,0,0,0,1.0,0.0,2,7.42,114,1/18,1/18,70.50,57.0,0,0,0,"December 22, 2006","October 31, 2010","August 12, 1993","April 02, 2011",True
2012,35731,Vinay Kumar,Royal Challengers Bangalore,48964000.0,4.8964,2011,Ranganath Vinay Kumar,"February 12, 1984, Davanagere, Karnataka",42y 143d,India,Bowler,2010 - 2013,IPL 2011,Kochi,13.0,7,1,50,18,8.33,47,106.38,0,0,4,1,4.0,0.0,12,7.50,268,3/25,3/25,27.91,22.3,0,0,0,"May 11, 2010","October 10, 2013","May 28, 2010","November 02, 2013",True
2013,574178,Akila Dananjaya,Chennai Super Kings,1066476.0,0.1066476,2012,,,,,,,,,,,,,,,,,,,,,,,,,,,,,,,,,,,,,False
2013,315623,Ben Laughlin,Chennai Super Kings,1066476.0,0.1066476,2012,,,,,,,,,,,,,,,,,,,,,,,,,,,,,,,,,,,,,False
2013,439952,Chris Morris,Chennai Super Kings,33327375.0,3.3327375,2012,,,,,,,,,,,,,,,,,,,,,,,,,,,,,,,,,,,,,False
2013,6981,Dirk Nannes,Chennai Super Kings,31994280.0,3.199428,2012,,,,,,,,,,,,,,,,,,,,,,,,,,,,,,,,,,,,,False
2013,391485,Jason Holder,Chennai Super Kings,1066476.0,0.1066476,2012,,,,,,,,,,,,,,,,,,,,,,,,,,,,,,,,,,,,,False
2013,49700,Jeevan Mendis,Delhi Daredevils,2666190.0,0.266619,2012,,,,,,,,,,,,,,,,,,,,,,,,,,,,,,,,,,,,,False
2013,38373,Jesse Ryder,Delhi Daredevils,13864188.0,1.3864188,2012,Jesse Daniel Ryder,"August 06, 1984, Masterton, Wellington",41y 333d,New Zealand,Allrounder,2008 - 2014,IPL 2012,PWI,11.0,11,1,256,86,25.60,212,120.75,0,2,23,8,4.0,0.0,1,10.00,42,1/25,1/25,70.00,42.0,0,0,0,"February 05, 2008","January 15, 2014","February 09, 2008","January 31, 2014",True
2013,44149,Johan Botha,Delhi Daredevils,23995710.0,2.399571,2012,Johan Botha,"May 02, 1982, Johannesburg, Transvaal",44y 64d,South Africa,Allrounder,2005 - 2012,IPL 2012,RR,11.0,7,3,58,14*,14.50,54,107.40,0,0,4,1,3.0,0.0,9,7.24,246,2/21,2/21,33.00,27.3,0,0,0,"January 09, 2006","October 02, 2012","November 16, 2005","March 03, 2012",True
2013,232284,Luke Pomersbach,Kings XI Punjab,15997140.0,1.599714,2012,,,,,,,,,,,,,,,,,,,,,,,,,,,,,,,,,,,,,False
2013,317293,Manpreet Gony,Kings XI Punjab,26661900.0,2.66619,2012,Manpreet Singh Gony,"January 04, 1984, Roopnagar, Punjab",42y 176d,India,Bowler,2008 - 2008,IPL 2012,DCH,6.0,1,0,4,4,4.00,8,50.00,0,0,0,0,1.0,0.0,3,8.62,144,1/26,1/26,69.00,48.0,0,0,0,,,"June 25, 2008","June 28, 2008",True
2013,46393,Ryan McLaren,Kolkata Knight Riders,2666190.0,0.266619,2012,,,,,,,,,,,,,,,,,,,,,,,,,,,,,,,,,,,,,False
2013,273439,Sachithra Senanayake,Kolkata Knight Riders,33327375.0,3.3327375,2012,,,,,,,,,,,,,,,,,,,,,,,,,,,,,,,,,,,,,False
2013,325026,Glenn Maxwell,Mumbai Indians,53323800.0,5.33238,2012,Glenn James Maxwell,"October 14, 1988, Kew, Melbourne, Victoria",37y 263d,Australia,Batting Allrounder,2012 - 2026,IPL 2012,DC,2.0,2,1,6,3*,6.00,11,54.54,0,0,0,0,0.0,0.0,1,7.33,18,1/10,1/10,22.00,18.0,0,0,0,"September 05, 2012","February 20, 2026","August 25, 2012","March 04, 2025",True
2013,38062,Jacob Oram,Mumbai Indians,2666190.0,0.266619,2012,,,,,,,,,,,,,,,,,,,,,,,,,,,,,,,,,,,,,False
2013,261354,Nathan Coulter-Nile,Mumbai Indians,23995710.0,2.399571,2012,,,,,,,,,,,,,,,,,,,,,,,,,,,,,,,,,,,,,False
2013,272364,Phillip Hughes,Mumbai Indians,5332380.0,0.533238,2012,,,,,,,,,,,,,,,,,,,,,,,,,,,,,,,,,,,,,False
2013,7133,Ricky Ponting,Mumbai Indians,21329520.0,2.132952,2012,,,,,,,,,,,,,,,,,,,,,,,,,,,,,,,,,,,,,False
2013,32091,Abhishek Nayar,Pune Warriors,35993565.0,3.5993565,2012,Abhishek Mohan Nayar,"October 08, 1983, Secunderabad, Hyderabad",42y 272d,India,Allrounder,2009 - 2009,IPL 2012,PBKS,4.0,4,1,45,24,15.00,49,91.83,0,0,2,1,0.0,0.0,0,16.00,6,-,-,-,-,0,0,0,,,"July 03, 2009","September 30, 2009",True
2013,268739,Ajantha Mendis,Pune Warriors,38659755.0,3.8659755,2012,,,,,,,,,,,,,,,,,,,,,,,,,,,,,,,,,,,,,False
2013,272262,Kane Richardson,Pune Warriors,37326660.0,3.732666,2012,,,,,,,,,,,,,,,,,,,,,,,,,,,,,,,,,,,,,False
2013,4578,Michael Clarke,Pune Warriors,21329520.0,2.132952,2012,Michael John Clarke,"April 02, 1981, Liverpool, New South Wales",45y 94d,Australia,Middle order Batter,2003 - 2015,IPL 2012,PWI,6.0,6,0,98,41,16.33,94,104.25,0,0,12,0,1.0,0.0,2,6.09,66,1/12,1/12,33.50,33.0,0,0,0,"February 17, 2005","October 31, 2010","January 19, 2003","March 29, 2015",True
2013,51782,Fidel Edwards,Rajasthan Royals,11197998.0,1.1197998,2012,,,,,,,,,,,,,,,,,,,,,,,,,,,,,,,,,,,,,False
2013,270484,James Faulkner,Rajasthan Royals,21329520.0,2.132952,2012,James Peter Faulkner,"April 29, 1990, Launceston, Tasmania",36y 66d,Australia,Bowling Allrounder,2012 - 2017,IPL 2012,PBKS,2.0,2,1,14,11*,14.00,13,107.69,0,0,0,0,1.0,0.0,3,9.00,48,2/41,2/41,24.00,16.0,0,0,0,"February 01, 2012","February 22, 2017","February 01, 2013","October 01, 2017",True
2013,300631,Kushal Perera,Rajasthan Royals,1066476.0,0.1066476,2012,,,,,,,,,,,,,,,,,,,,,,,,,,,,,,,,,,,,,False
2013,330408,Christopher Barnwell,Royal Challengers Bangalore,2666190.0,0.266619,2012,,,,,,,,,,,,,,,,,,,,,,,,,,,,,,,,,,,,,False
2013,4864,Dan Christian,Royal Challengers Bangalore,5332380.0,0.533238,2012,Daniel Trevor Christian,"May 04, 1983, Camperdown, Sydney, New South Wales",43y 64d,Australia,Allrounder,2010 - 2021,IPL 2012,DCH,7.0,7,2,145,39,29.00,118,122.88,0,0,8,6,6.0,0.0,8,8.62,162,2/26,2/26,29.12,20.2,0,0,0,"February 23, 2010","August 09, 2021","February 05, 2012","July 26, 2021",True
2013,390484,Jaydev Unadkat,Royal Challengers Bangalore,27994995.0,2.7994995,2012,Jaydev Dipakbhai Unadkat,"October 18, 1991, Porbandar",34y 259d,India,Bowler,2010 - 2023,IPL 2012,KKR,1.0,-,-,-,-,-,-,-,-,-,-,-,0.0,0.0,0,10.66,18,-,-,-,-,0,0,0,"June 18, 2016","March 18, 2018","July 24, 2013","August 01, 2023",True
2013,5961,Moises Henriques,Royal Challengers Bangalore,15997140.0,1.599714,2012,,,,,,,,,,,,,,,,,,,,,,,,,,,,,,,,,,,,,False
2013,32973,Pankaj Singh,Royal Challengers Bangalore,7998570.0,0.799857,2012,Pankaj Singh,"May 06, 1985, Sultanpur, Uttar Pradesh",41y 62d,India,Bowler,2010 - 2014,IPL 2012,RR,6.0,-,-,-,-,-,-,-,-,-,-,-,0.0,0.0,7,8.09,126,2/18,2/18,24.28,18.0,0,0,0,,,"England vs India  at Southampton - July 27 - 31, 2014","England vs India  at Manchester - August 07 - 09, 2014",True
2013,35280,RP Singh,Royal Challengers Bangalore,21329520.0,2.132952,2012,Rudra Pratap Singh,"December 06, 1985, Rae Bareli, Uttar Pradesh",40y 211d,India,Bowler,2005 - 2011,IPL 2012,MI,11.0,5,3,6,3,3.00,12,50.00,0,0,0,0,3.0,0.0,10,7.75,246,3/28,3/28,31.80,24.6,0,0,0,"September 13, 2007","June 16, 2009","September 04, 2005","September 16, 2011",True
2013,52912,Ravi Rampaul,Royal Challengers Bangalore,15463902.0,1.5463902,2012,,,,,,,,,,,,,,,,,,,,,,,,,,,,,,,,,,,,,False
2013,6903,Clint McKay,Sunrisers Hyderabad,5332380.0,0.533238,2012,Clinton James McKay,"February 20, 1983, Melbourne, Victoria",43y 137d,Australia,Bowler,2009 - 2014,IPL 2012,MI,2.0,1,0,8,8,8.00,15,53.33,0,0,0,0,0.0,0.0,1,8.57,42,1/36,1/36,60.00,42.0,0,0,0,"October 31, 2010","October 10, 2013","November 05, 2009","January 26, 2014",True
2013,53115,Darren Sammy,Sunrisers Hyderabad,22662615.0,2.2662615,2012,,,,,,,,,,,,,,,,,,,,,,,,,,,,,,,,,,,,,False
2013,37749,Nathan McCullum,Sunrisers Hyderabad,5332380.0,0.533238,2012,,,,,,,,,,,,,,,,,,,,,,,,,,,,,,,,,,,,,False
2013,379143,Quinton de Kock,Sunrisers Hyderabad,1066476.0,0.1066476,2012,,,,,,,,,,,,,,,,,,,,,,,,,,,,,,,,,,,,,False
2013,317784,Sudeep Tyagi,Sunrisers Hyderabad,5332380.0,0.533238,2012,,,,,,,,,,,,,,,,,,,,,,,,,,,,,,,,,,,,,False
2013,233514,Thisara Perera,Sunrisers Hyderabad,35993565.0,3.5993565,2012,Narangoda Liyanaarachchilage Thisara Chirantha Perera,"April 03, 1989, Colombo",37y 87d,Sri Lanka,Bowling Allrounder,2009 - 2021,IPL 2012,MI,2.0,2,1,4,4*,4.00,9,44.44,0,0,0,0,2.0,0.0,0,10.80,15,-,-,-,-,0,0,0,"May 03, 2010","March 07, 2021","December 24, 2009","March 14, 2021",True
2014,31820,A Nehra,Chennai Super Kings,20000000.0,2.0,2013,Ashish Nehra,"April 29, 1979, Delhi",47y 61d,India,Bowler,1999 - 2017,IPL 2013,DC,10.0,4,0,1,1,0.25,8,12.50,0,0,0,0,1.0,0.0,11,8.77,216,2/35,2/35,28.72,19.6,0,0,0,"December 09, 2009","November 01, 2017","June 24, 2001","March 30, 2011",True
2014,477071,B Aparajith,Chennai Super Kings,1000000.0,0.1,2013,,,,,,,,,,,,,,,,,,,,,,,,,,,,,,,,,,,,,False
2014,37737,BB McCullum,Chennai Super Kings,32500000.0,3.25,2013,Brendon Barrie McCullum,"September 27, 1981, Dunedin, Otago",44y 275d,New Zealand,Wicketkeeper Batter,2002 - 2016,IPL 2013,KKR,1.0,1,0,6,6,6.00,7,85.71,0,0,1,0,0.0,0.0,-,-,-,-,-,-,-,-,-,-,"February 17, 2005","June 23, 2015","January 17, 2002","February 08, 2016",True
2014,5941,BW Hilfenhaus,Chennai Super Kings,10000000.0,1.0,2013,,,,,,,,,,,,,,,,,,,,,,,,,,,,,,,,,,,,,False
2014,51439,DJ Bravo,Chennai Super Kings,,,2013,Dwayne John Bravo,"October 07, 1983, Santa Cruz, Trinidad",42y 265d,West Indies,Allrounder,2004 - 2021,IPL 2013,CSK,18.0,12,4,121,23*,15.12,106,114.15,0,0,11,3,14.0,0.0,32,7.95,375,4/42,4/42,15.53,11.7,1,0,0,"February 16, 2006","November 06, 2021","April 18, 2004","October 17, 2014",True
2014,53118,DR Smith,Chennai Super Kings,45000000.0,4.5,2013,Dwayne Romel Smith,"April 12, 1983, Storey Gap, Codrington Hill, St Michael, Barbados",43y 78d,West Indies,Allrounder,2004 - 2015,IPL 2013,MI,13.0,13,0,418,68,32.15,341,122.58,0,4,40,19,8.0,0.0,2,11.80,30,2/20,2/20,29.50,15.0,0,0,0,"February 16, 2006","January 14, 2015","January 25, 2004","March 15, 2015",True
2014,44828,F du Plessis,Chennai Super Kings,47500000.0,4.75,2013,,,,,,,,,,,,,,,,,,,,,,,,,,,,,,,,,,,,,False
2014,447439,IC Pandey,Chennai Super Kings,15000000.0,1.5,2013,Ishwar Chand Pandey,"August 15, 1989, Rewa, Madhya Pradesh",36y 318d,India,Bowler,-,IPL 2013,PWI,2.0,1,0,0,0,0.00,2,0.00,0,0,0,0,0.0,0.0,1,12.50,24,1/17,1/17,50.00,24.0,0,0,0,,,,,True
2014,228622,JW Hastings,Chennai Super Kings,5000000.0,0.5,2013,,,,,,,,,,,,,,,,,,,,,,,,,,,,,,,,,,,,,False
2014,31001,M Manhas,Chennai Super Kings,3000000.0,0.3,2013,Mithun Manhas,"September 12, 1977, Jammu",48y 290d,India,Allrounder,-,IPL 2013,PWI,3.0,2,2,13,11*,-,17,76.47,0,0,1,0,2.0,0.0,-,-,-,-,-,-,-,-,-,-,,,,,True
2014,506612,MJ Henry,Chennai Super Kings,3000000.0,0.3,2013,,,,,,,,,,,,,,,,,,,,,,,,,,,,,,,,,,,,,False
2014,537119,MM Sharma,Chennai Super Kings,20000000.0,2.0,2013,Mohit Mahipal Sharma,"September 18, 1988, Ballabhgarh, Haryana",37y 284d,India,Bowler,2013 - 2015,IPL 2013,CSK,15.0,2,1,0,0*,0.00,5,0.00,0,0,0,0,2.0,0.0,20,6.43,304,3/10,3/10,16.30,15.2,0,0,0,"March 30, 2014","October 05, 2015","August 01, 2013","October 25, 2015",True
2014,28081,MS Dhoni,Chennai Super Kings,,,2013,Mahendra Singh Dhoni,"July 07, 1981, Ranchi, Bihar (now Jharkhand)",44y 357d,India,Wicketkeeper Batter,2004 - 2019,IPL 2013,CSK,18.0,16,5,461,67*,41.90,283,162.89,0,4,32,25,15.0,2.0,-,-,-,-,-,-,-,-,-,-,"December 01, 2006","February 27, 2019","December 23, 2004","India
                              vs New Zealand at Manchester - July 09 - 10, 2019",True
2014,530773,P Negi,Chennai Super Kings,1000000.0,0.1,2013,Pawan Negi,"January 06, 1993, Delhi",33y 174d,India,Bowler,2016 - 2016,IPL 2013,DC,1.0,-,-,-,-,-,-,-,-,-,-,-,0.0,0.0,0,7.00,24,-,-,-,-,0,0,0,"March 03, 2016","Delhi vs Haryana  at Delhi - November 03 - 06, 2011",,,True
2014,26421,R Ashwin,Chennai Super Kings,,,2013,Ravichandran Ashwin,"September 17, 1986, Madras (now Chennai), Tamil Nadu",39y 285d,India,Bowling Allrounder,2010 - 2024,IPL 2013,CSK,18.0,5,1,35,11*,8.75,49,71.42,0,0,4,0,4.0,0.0,15,6.72,348,2/18,2/18,26.00,23.2,0,0,0,"June 12, 2010","November 10, 2022","June 05, 2010","October 08, 2023",True
2014,234675,RA Jadeja,Chennai Super Kings,,,2013,Ravindrasinh Anirudhsinh Jadeja,"December 06, 1988, Navagam-Khed, Saurashtra",37y 205d,India,Allrounder,2009 - 2026,IPL 2013,CSK,18.0,14,6,201,38*,25.12,135,148.88,0,0,17,6,6.0,0.0,13,7.48,259,3/20,3/20,24.84,19.9,0,0,0,"February 10, 2009","June 29, 2024","February 08, 2009","January 18, 2026",True
2014,424219,RG More,Chennai Super Kings,1000000.0,0.1,2013,,,,,,,,,,,,,,,,,,,,,,,,,,,,,,,,,,,,,False
2014,51433,S Badree,Chennai Super Kings,3000000.0,0.3,2013,Samuel Badree,"March 09, 1981, Barrackpore, Trinidad",45y 112d,West Indies,Bowler,2012 - 2018,IPL 2013,RR,1.0,-,-,-,-,-,-,-,-,-,-,-,0.0,0.0,0,8.50,24,-,-,-,-,0,0,0,"June 30, 2012","August 05, 2018",,,True
2014,33335,SK Raina,Chennai Super Kings,,,2013,Suresh Kumar Raina,"November 27, 1986, Muradnagar, Ghaziabad, Uttar Pradesh",39y 214d,India,Middle order Batter,2005 - 2018,IPL 2013,CSK,18.0,17,4,548,100*,42.15,365,150.13,1,4,50,18,10.0,0.0,1,11.50,12,1/4,1/4,23.00,12.0,0,0,0,"December 01, 2006","July 08, 2018","July 30, 2005","July 17, 2018",True
2014,477021,V Shankar,Chennai Super Kings,1000000.0,0.1,2013,,,,,,,,,,,,,,,,,,,,,,,,,,,,,,,,,,,,,False
2014,478881,HS Sharath,Delhi Daredevils,1000000.0,0.1,2013,,,,,,,,,,,,,,,,,,,,,,,,,,,,,,,,,,,,,False
2014,447587,J Yadav,Delhi Daredevils,1000000.0,0.1,2013,,,,,,,,,,,,,,,,,,,,,,,,,,,,,,,,,,,,,False
2014,390484,JD Unadkat,Delhi Daredevils,28000000.0,2.8,2013,Jaydev Dipakbhai Unadkat,"October 18, 1991, Porbandar",34y 259d,India,Bowler,2010 - 2023,IPL 2013,RCB,13.0,2,2,2,1*,-,2,100.00,0,0,0,0,1.0,0.0,13,7.55,294,5/25,5/25,28.46,22.6,0,1,0,"June 18, 2016","March 18, 2018","July 24, 2013","August 01, 2023",True
2014,355269,JDS Neesham,Delhi Daredevils,10000000.0,1.0,2013,,,,,,,,,,,,,,,,,,,,,,,,,,,,,,,,,,,,,False
2014,44932,JP Duminy,Delhi Daredevils,22000000.0,2.2,2013,,,,,,,,,,,,,,,,,,,,,,,,,,,,,,,,,,,,,False
2014,30045,KD Karthik,Delhi Daredevils,125000000.0,12.5,2013,Krishnakumar Dinesh Karthik,"June 01, 1985, Madras (now Chennai), Tamil Nadu",41y 33d,India,Wicketkeeper Batter,2004 - 2022,IPL 2013,MI,19.0,19,1,510,86,28.33,411,124.08,0,2,54,14,12.0,2.0,-,-,-,-,-,-,-,-,-,-,"December 01, 2006","November 02, 2022","September 05, 2004","India vs New Zealand  at Manchester - July 09 - 10, 2019",True
2014,290716,KM Jadhav,Delhi Daredevils,20000000.0,2.0,2013,Kedar Mahadav Jadhav,"March 26, 1985, Pune, Maharashtra",41y 95d,India,Batting Allrounder,2014 - 2020,IPL 2013,DC,12.0,10,3,152,31,21.71,124,122.58,0,0,8,5,4.0,2.0,-,-,-,-,-,-,-,-,-,-,"July 17, 2015","October 10, 2017","November 16, 2014","February 08, 2020",True
2014,19296,KP Pietersen,Delhi Daredevils,90000000.0,9.0,2013,,,,,,,,,,,,,,,,,,,,,,,,,,,,,,,,,,,,,False
2014,34019,LR Shukla,Delhi Daredevils,15000000.0,1.5,2013,Laxmi Ratan Shukla,"May 06, 1981, Howrah (now Haora), Bengal",45y 59d,India,Allrounder,1999 - 1999,IPL 2013,KKR,4.0,2,0,3,2,1.50,12,25.00,0,0,0,0,2.0,0.0,1,7.33,18,1/14,1/14,22.00,18.0,0,0,0,,,"March 22, 1999","September 05, 1999",True
2014,38699,LRPL Taylor,Delhi Daredevils,20000000.0,2.0,2013,Luteru Ross Poutoa Lote Taylor,"March 08, 1984, Lower Hutt, Wellington",42y 118d,Samoa,Middle order Batter,2006 - 2025,IPL 2013,PWI,5.0,5,0,63,19,12.60,76,82.89,0,0,2,1,2.0,0.0,-,-,-,-,-,-,-,-,-,-,"December 22, 2006","October 15, 2025","March 01, 2006","April 04, 2022",True
2014,237095,M Vijay,Delhi Daredevils,50000000.0,5.0,2013,Murali Vijay,"April 01, 1984, Chennai",42y 89d,India,Opening Batter,2008 - 2018,IPL 2013,CSK,15.0,15,1,312,55,22.28,286,109.09,0,2,27,8,8.0,0.0,-,-,-,-,-,-,-,-,-,-,"May 01, 2010","July 19, 2015","February 27, 2010","July 14, 2015",True
2014,398438,MA Agarwal,Delhi Daredevils,16000000.0,1.6,2013,Mayank Anurag Agarwal,"February 16, 1991, Bangalore, Karnataka",35y 139d,India,Batter,2018 - 2022,IPL 2013,RCB,5.0,5,0,67,29,13.40,62,108.06,0,0,6,3,3.0,0.0,-,-,-,-,-,-,-,-,-,-,,,"February 05, 2020","November 29, 2020",True
2014,35565,MK Tiwary,Delhi Daredevils,28000000.0,2.8,2013,Manoj Kumar Tiwary,"November 14, 1985, Howrah, Bengal",40y 232d,India,Batter,2008 - 2015,IPL 2013,KKR,10.0,9,1,146,33,18.25,140,104.28,0,0,12,1,10.0,0.0,-,-,-,-,-,-,-,-,-,-,"October 29, 2011","September 11, 2012","February 03, 2008","July 14, 2015",True
2014,451947,Milind Kumar,Delhi Daredevils,1000000.0,0.1,2013,,,,,,,,,,,,,,,,,,,,,,,,,,,,,,,,,,,,,False
2014,481896,Mohammed Shami,Delhi Daredevils,42500000.0,4.25,2013,Mohammed Shami Ahmed,"September 03, 1990, Amroha, Uttar Pradesh",35y 304d,India,Bowler,2013 - 2025,IPL 2013,KKR,3.0,1,0,5,5,5.00,10,50.00,0,0,0,0,0.0,0.0,1,8.66,54,1/32,1/32,78.00,54.0,0,0,0,"March 21, 2014","February 02, 2025","January 06, 2013","March 09, 2025",True
2014,261354,NM Coulter-Nile,Delhi Daredevils,42500000.0,4.25,2013,Nathan Mitchell Coulter-Nile,"October 11, 1987, Osborne Park, Western Australia",38y 267d,Australia,Bowling Allrounder,2013 - 2019,IPL 2013,MI,1.0,1,0,9,9,9.00,6,150.00,0,0,0,1,1.0,0.0,1,7.25,24,1/29,1/29,29.00,24.0,0,0,0,"February 13, 2013","February 27, 2019","September 14, 2013","June 20, 2019",True
2014,379143,Q de Kock,Delhi Daredevils,35000000.0,3.5,2013,Quinton de Kock,"December 17, 1992, Johannesburg, Gauteng",33y 200d,South Africa,Wicketkeeper Batter,2012 - 2026,IPL 2013,SRH,3.0,3,0,6,4,2.00,15,40.00,0,0,1,0,3.0,1.0,-,-,-,-,-,-,-,-,-,-,"December 21, 2012","March 04, 2026","January 19, 2013","December 06, 2025",True
2014,272994,R Sharma,Delhi Daredevils,19000000.0,1.9,2013,Rahul Sharma,"November 30, 1986, Jalandhar",39y 216d,India,Bowler,2011 - 2012,IPL 2013,PWI,11.0,6,2,11,10*,2.75,17,64.70,0,0,1,0,2.0,0.0,9,6.85,246,2/16,2/16,31.22,27.3,0,0,0,"February 01, 2012","February 03, 2012","December 08, 2011","July 28, 2012",True
2014,390547,R Shukla,Delhi Daredevils,4000000.0,0.4,2013,Rahul Shukla,"August 28, 1990, Jharkhand",35y 310d,India,Bowler,-,IPL 2013,RR,3.0,1,1,1,1*,-,2,50.00,0,0,0,0,2.0,0.0,3,9.87,48,2/28,2/28,26.33,16.0,0,0,0,,,,,True
2014,326017,S Kaul,Delhi Daredevils,4500000.0,0.45,2013,Siddarth Kaul,"May 19, 1990, Pathankot, Punjab",36y 49d,India,Bowler,2018 - 2019,IPL 2013,DC,6.0,2,2,7,7*,-,9,77.77,0,0,0,0,1.0,0.0,4,7.78,131,2/27,2/27,42.50,32.7,0,0,0,"June 29, 2018","February 27, 2019","July 12, 2018","September 25, 2018",True
2014,31872,S Nadeem,Delhi Daredevils,8500000.0,0.85,2013,Shahbaz Nadeem,"August 12, 1989, Bokaro, Bihar",36y 326d,India,Bowler,2019 - 2021,IPL 2013,DC,12.0,6,1,14,6,2.80,27,51.85,0,0,1,0,5.0,0.0,9,5.88,264,2/17,2/17,28.77,29.3,0,0,0,,,,,True
2014,35390,SS Tiwary,Delhi Daredevils,7000000.0,0.7,2013,Saurabh Sunil Tiwary,"December 30, 1989, Jamshedpur, Bihar",36y 186d,India,Top order Batter,2010 - 2010,IPL 2013,RCB,9.0,6,2,109,52,27.25,106,102.83,0,1,4,4,2.0,0.0,-,-,-,-,-,-,-,-,-,-,,,"October 20, 2010","December 10, 2010",True
2014,265564,WD Parnell,Delhi Daredevils,10000000.0,1.0,2013,Wayne Dillon Parnell,"July 30, 1989, Port Elizabeth, Cape Province",36y 339d,South Africa,Bowler,2009 - 2023,IPL 2013,PWI,4.0,1,0,5,5,5.00,7,71.42,0,0,0,0,1.0,0.0,6,9.23,89,3/27,3/27,22.83,14.8,0,0,0,"January 13, 2009","March 28, 2023","January 30, 2009","March 21, 2023",True
2014,554691,AR Patel,Kings XI Punjab,7500000.0,0.75,2013,,,,,,,,,,,,,,,,,,,,,,,,,,,,,,,,,,,,,False
2014,376324,Anureet Singh,Kings XI Punjab,2000000.0,0.2,2013,,,,,,,,,,,,,,,,,,,,,,,,,,,,,,,,,,,,,False
2014,379927,BE Hendricks,Kings XI Punjab,18000000.0,1.8,2013,,,,,,,,,,,,,,,,,,,,,,,,,,,,,,,,,,,,,False
2014,32540,CA Pujara,Kings XI Punjab,19000000.0,1.9,2013,Cheteshwar Arvind Pujara,"January 25, 1988, Rajkot, Gujarat",38y 161d,India,Top order Batter,2010 - 2023,IPL 2013,RCB,4.0,4,0,92,51,23.00,99,92.92,0,1,14,0,1.0,0.0,-,-,-,-,-,-,-,-,-,-,,,"August 01, 2013","June 19, 2014",True
2014,321777,DA Miller,Kings XI Punjab,,,2013,David Andrew Miller,"June 10, 1989, Pietermaritzburg, Natal",37y 24d,South Africa,Middle order Batter,2010 - 2026,IPL 2013,PBKS,12.0,12,5,418,101*,59.71,254,164.56,1,3,28,24,8.0,0.0,-,-,-,-,-,-,-,-,-,-,"May 20, 2010","March 04, 2026","May 22, 2010","March 05, 2025",True
2014,4451,GJ Bailey,Kings XI Punjab,32500000.0,3.25,2013,,,,,,,,,,,,,,,,,,,,,,,,,,,,,,,,,,,,,False
2014,325026,GJ Maxwell,Kings XI Punjab,60000000.0,6.0,2013,Glenn James Maxwell,"October 14, 1988, Kew, Melbourne, Victoria",37y 263d,Australia,Batting Allrounder,2012 - 2026,IPL 2013,MI,3.0,3,1,36,23,18.00,27,133.33,0,0,1,4,1.0,0.0,0,11.50,12,-,-,-,-,0,0,0,"September 05, 2012","February 20, 2026","August 25, 2012","March 04, 2025",True
2014,537124,Gurkeerat Singh,Kings XI Punjab,13000000.0,1.3,2013,Gurkeerat Rupinder Singh,"June 29, 1990, Muktsar, Punjab",36y 6d,India,Middle order Batter,2016 - 2016,IPL 2013,PBKS,11.0,9,1,108,31,13.50,95,113.68,0,0,10,3,4.0,1.0,-,-,-,-,-,-,-,-,-,-,,,"January 17, 2016","January 23, 2016",True
2014,322535,Karanveer Singh,Kings XI Punjab,1000000.0,0.1,2013,,,,,,,,,,,,,,,,,,,,,,,,,,,,,,,,,,,,,False
2014,26829,L Balaji,Kings XI Punjab,18000000.0,1.8,2013,Lakshmipathy Balaji,"September 27, 1981, Madras (now Chennai), Tamil Nadu",44y 275d,India,Bowler,2002 - 2012,IPL 2013,KKR,13.0,3,2,9,9*,9.00,10,90.00,0,0,1,0,4.0,0.0,12,7.74,300,3/19,3/19,32.25,25.0,0,0,0,"September 11, 2012","October 02, 2012","November 18, 2002","February 08, 2009",True
2014,30049,M Kartik,Kings XI Punjab,10000000.0,1.0,2013,Murali Kartik,"September 11, 1976, Madras (now Chennai), Tamil Nadu",49y 297d,India,Bowler,2000 - 2007,IPL 2013,RCB,11.0,2,1,2,2*,2.00,3,66.66,0,0,0,0,4.0,0.0,9,7.28,234,2/24,2/24,31.55,26.0,0,0,0,"India vs South Africa  at Wankhede - February 24 - 26, 2000","India vs South Africa  at Kanpur - November 20 - 24, 2004","March 16, 2002","November 18, 2007",True
2014,532856,M Vohra,Kings XI Punjab,,,2013,Manan Vohra,"July 18, 1993, Chandigarh, Punjab",32y 352d,India,Opening Batter,-,IPL 2013,PBKS,12.0,10,2,161,43*,20.12,117,137.60,0,0,22,2,3.0,0.0,-,-,-,-,-,-,-,-,-,-,,,,,True
2014,6033,MG Johnson,Kings XI Punjab,65000000.0,6.5,2013,Mitchell Guy Johnson,"November 02, 1981, Townsville, Queensland",44y 245d,Australia,Bowler,2005 - 2015,IPL 2013,MI,17.0,6,2,39,11,9.75,36,108.33,0,0,2,2,7.0,0.0,24,7.17,384,3/27,3/27,19.12,16.0,0,0,0,"September 12, 2007","August 31, 2013","December 10, 2005","March 29, 2015",True
2014,398506,Mandeep Singh,Kings XI Punjab,8000000.0,0.8,2013,Mandeep Singh,"December 18, 1991, Jalandhar, Punjab",34y 198d,India,Allrounder,2016 - 2016,IPL 2013,PBKS,16.0,14,1,260,77*,20.00,223,116.59,0,1,36,0,6.0,0.0,-,-,-,-,-,-,-,-,-,-,"June 18, 2016","June 22, 2016",,,True
2014,233514,NLTC Perera,Kings XI Punjab,16000000.0,1.6,2013,Narangoda Liyanaarachchilage Thisara Chirantha Perera,"April 03, 1989, Colombo",37y 87d,Sri Lanka,Bowling Allrounder,2009 - 2021,IPL 2013,SRH,16.0,14,4,233,40,23.30,163,142.94,0,0,12,14,5.0,0.0,19,8.01,358,3/20,3/20,25.15,18.8,0,0,0,"May 03, 2010","March 07, 2021","December 24, 2009","March 14, 2021",True
2014,323131,P Awana,Kings XI Punjab,6500000.0,0.65,2013,Parvinder Awana,"July 19, 1986, Delhi, India",39y 351d,India,Bowler,2012 - 2012,IPL 2013,PBKS,14.0,5,3,1,1*,0.50,9,11.11,0,0,0,0,1.0,0.0,15,7.62,324,3/39,3/39,27.46,21.6,0,0,0,"December 20, 2012","December 22, 2012",,,True
2014,290727,R Dhawan,Kings XI Punjab,30000000.0,3.0,2013,Rishi Dhawan,"February 19, 1990, Mandi, Himachal Pradesh",36y 137d,India,Allrounder,2016 - 2016,IPL 2013,MI,6.0,4,1,21,14,7.00,21,100.00,0,0,3,0,3.0,0.0,2,7.26,90,1/6,1/6,54.50,45.0,0,0,0,"January 17, 2016","January 23, 2016","January 17, 2016","January 23, 2016",True
2014,6683,SE Marsh,Kings XI Punjab,22000000.0,2.2,2013,Shaun Edward Marsh,"July 09, 1983, Narrogin, Western Australia",42y 361d,Australia,Top order Batter,2008 - 2019,IPL 2013,PBKS,8.0,8,0,300,77,37.50,249,120.48,0,3,39,4,3.0,0.0,-,-,-,-,-,-,-,-,-,-,"June 20, 2008","January 31, 2016","June 24, 2008","June 15, 2019",True
2014,475281,SN Thakur,Kings XI Punjab,2000000.0,0.2,2013,,,,,,,,,,,,,,,,,,,,,,,,,,,,,,,,,,,,,False
2014,438362,Sandeep Sharma (1),Kings XI Punjab,8500000.0,0.85,2013,Sandeep Sharma,"May 18, 1993, Patiala, Punjab",33y 48d,India,Bowler,2015 - 2015,IPL 2013,PBKS,4.0,1,1,0,0*,-,1,0.00,0,0,0,0,0.0,0.0,8,7.43,96,3/21,3/21,14.87,12.0,0,0,0,"July 17, 2015","July 19, 2015",,,True
2014,717201,Shivam Sharma,Kings XI Punjab,1000000.0,0.1,2013,,,,,,,,,,,,,,,,,,,,,,,,,,,,,,,,,,,,,False
2014,35263,V Sehwag,Kings XI Punjab,32000000.0,3.2,2013,Virender Sehwag,"October 20, 1978, Delhi",47y 257d,India,Top order Batter,1999 - 2013,IPL 2013,DC,13.0,13,1,295,95*,24.58,233,126.60,0,1,41,6,5.0,0.0,0,9.00,6,-,-,-,-,0,0,0,"December 01, 2006","October 02, 2012","April 01, 1999","January 03, 2013",True
2014,279810,WP Saha,Kings XI Punjab,22000000.0,2.2,2013,Wriddhiman Prasanta Saha,"October 24, 1984, Shaktigarh, Siliguri, Bengal, India",41y 248d,India,Wicketkeeper Batter,2010 - 2021,IPL 2013,CSK,3.0,3,0,70,39,23.33,56,125.00,0,0,6,4,0.0,0.0,-,-,-,-,-,-,-,-,-,-,,,"November 28, 2010","November 09, 2014",True
2014,276298,AD Russell,Kolkata Knight Riders,6000000.0,0.6,2013,Andre Dwayne Russell,"April 29, 1988, Jamaica",38y 66d,West Indies,Allrounder,2010 - 2025,IPL 2013,DC,3.0,2,0,11,7,5.50,14,78.57,0,0,0,0,1.0,0.0,0,9.71,42,-,-,-,-,0,0,0,"April 21, 2011","July 22, 2025","March 11, 2011","June 17, 2019",True
2014,326637,CA Lynn,Kolkata Knight Riders,13000000.0,1.3,2013,,,,,,,,,,,,,,,,,,,,,,,,,,,,,,,,,,,,,False
2014,328163,DB Das,Kolkata Knight Riders,2000000.0,0.2,2013,Debabrata Baidya Das,"September 22, 1986, Siliguri, Bengal",39y 286d,India,Top order Batter,-,IPL 2013,KKR,10.0,6,1,75,23,15.00,74,101.35,0,0,5,5,2.0,0.0,-,-,-,-,-,-,-,-,-,-,,,,,True
2014,28763,G Gambhir,Kolkata Knight Riders,,,2013,Gautam Gambhir,"October 14, 1981, Delhi",44y 264d,India,Top order Batter,2003 - 2016,IPL 2013,KKR,16.0,16,0,406,60,25.37,343,118.36,0,4,51,5,2.0,0.0,-,-,-,-,-,-,-,-,-,-,"September 13, 2007","December 28, 2012","April 11, 2003","January 27, 2013",True
2014,45789,JH Kallis,Kolkata Knight Riders,55000000.0,5.5,2013,Jacques Henry Kallis,"October 16, 1975, Pinelands, Cape Town, Cape Province",50y 262d,South Africa,Allrounder,1995 - 2014,IPL 2013,KKR,16.0,16,1,311,41,20.73,322,96.58,0,0,35,3,3.0,0.0,16,7.43,318,3/13,3/13,24.62,19.8,0,0,0,"October 21, 2005","October 02, 2012","January 09, 1996","July 12, 2014",True
2014,559235,Kuldeep Yadav,Kolkata Knight Riders,4000000.0,0.4,2013,,,,,,,,,,,,,,,,,,,,,,,,,,,,,,,,,,,,,False
2014,46538,M Morkel,Kolkata Knight Riders,28000000.0,2.8,2013,Morne Morkel,"October 06, 1984, Vereeniging, Transvaal",41y 271d,South Africa,Bowler,2006 - 2018,IPL 2013,DC,10.0,6,1,57,23*,11.40,29,196.55,0,0,6,2,0.0,0.0,7,8.37,240,2/27,2/27,47.85,34.2,0,0,0,"September 11, 2007","September 15, 2017","June 06, 2007","February 16, 2018",True
2014,290630,MK Pandey,Kolkata Knight Riders,17000000.0,1.7,2013,Manish Krishnanand Pandey,"September 10, 1989, Nainital, Uttaranchal",36y 297d,India,Top order Batter,2015 - 2021,IPL 2013,PWI,7.0,7,1,136,66,22.66,137,99.27,0,1,11,3,6.0,0.0,-,-,-,-,-,-,-,-,-,-,"July 17, 2015","December 04, 2020","July 14, 2015","July 23, 2021",True
2014,27280,MS Bisla,Kolkata Knight Riders,6000000.0,0.6,2013,Manvinder Sultansingh Bisla,"December 27, 1984, Hisar, Haryana",41y 190d,India,Wicketkeeper,-,IPL 2013,KKR,14.0,14,1,255,92,19.61,236,108.05,0,2,36,6,7.0,3.0,-,-,-,-,-,-,-,-,-,-,,,,,True
2014,489889,PJ Cummins,Kolkata Knight Riders,10000000.0,1.0,2013,,,,,,,,,,,,,,,,,,,,,,,,,,,,,,,,,,,,,False
2014,32966,PP Chawla,Kolkata Knight Riders,42500000.0,4.25,2013,Piyush Pramod Chawla,"December 24, 1988, Aligarh, Uttar Pradesh",37y 187d,India,Bowling Allrounder,2006 - 2012,IPL 2013,PBKS,16.0,11,5,64,23,10.66,57,112.28,0,0,5,3,1.0,0.0,11,7.16,350,2/20,2/20,38.00,31.8,0,0,0,"May 02, 2010","December 22, 2012","May 12, 2007","March 09, 2011",True
2014,35731,R Vinay Kumar,Kolkata Knight Riders,28000000.0,2.8,2013,Ranganath Vinay Kumar,"February 12, 1984, Davanagere, Karnataka",42y 143d,India,Bowler,2010 - 2013,IPL 2013,RCB,16.0,5,4,70,26*,70.00,44,159.09,0,0,6,3,8.0,0.0,23,8.19,361,3/18,3/18,21.43,15.6,0,0,0,"May 11, 2010","October 10, 2013","May 28, 2010","November 02, 2013",True
2014,47660,RN ten Doeschate,Kolkata Knight Riders,10000000.0,1.0,2013,Ryan Neil ten Doeschate,"June 30, 1980, Port Elizabeth, Cape Province",46y 5d,Netherlands,Allrounder,2006 - 2021,IPL 2013,KKR,4.0,4,1,85,42,28.33,63,134.92,0,0,9,2,1.0,0.0,0,8.00,18,-,-,-,-,0,0,0,"August 02, 2008","October 20, 2021","July 04, 2006","March 18, 2011",True
2014,35582,RV Uthappa,Kolkata Knight Riders,50000000.0,5.0,2013,Robin Venu Uthappa,"November 11, 1985, Coorg, Karnataka",40y 230d,India,Batter,2006 - 2015,IPL 2013,PWI,16.0,16,0,434,75,27.12,371,116.98,0,2,42,12,7.0,0.0,-,-,-,-,-,-,-,-,-,-,"September 13, 2007","July 19, 2015","April 15, 2006","July 14, 2015",True
2014,446507,SA Yadav,Kolkata Knight Riders,7000000.0,0.7,2013,,,,,,,,,,,,,,,,,,,,,,,,,,,,,,,,,,,,,False
2014,230558,SP Narine,Kolkata Knight Riders,,,2013,Sunil Philip Narine,"May 26, 1988, Arima, Trinidad & Tobago",38y 40d,West Indies,Bowling Allrounder,2011 - 2019,IPL 2013,KKR,16.0,6,3,21,13,7.00,19,110.52,0,0,0,2,6.0,0.0,22,5.46,384,4/13,4/13,15.90,17.4,2,0,0,"March 27, 2012","August 06, 2019","December 05, 2011","October 05, 2016",True
2014,433356,SS Mondal,Kolkata Knight Riders,1000000.0,0.1,2013,,,,,,,,,,,,,,,,,,,,,,,,,,,,,,,,,,,,,False
2014,56143,Shakib Al Hasan,Kolkata Knight Riders,28000000.0,2.8,2013,,,,,,,,,,,,,,,,,,,,,,,,,,,,,,,,,,,,,False
2014,376116,UT Yadav,Kolkata Knight Riders,26000000.0,2.6,2013,Umeshkumar Tilak Yadav,"October 25, 1987, Nagpur, Maharashtra",38y 252d,India,Bowler,2010 - 2023,IPL 2013,DC,16.0,8,7,38,12*,38.00,38,100.00,0,0,3,1,5.0,0.0,16,8.78,347,4/24,4/24,31.75,21.6,1,0,0,"August 07, 2012","October 04, 2022","May 28, 2010","October 24, 2018",True
2014,528967,V Pratap Singh,Kolkata Knight Riders,4000000.0,0.4,2013,,,,,,,,,,,,,,,,,,,,,,,,,,,,,,,,,,,,,False
2014,32498,YK Pathan,Kolkata Knight Riders,32500000.0,3.25,2013,Yusuf Khan Pathan,"November 17, 1982, Baroda, Gujarat",43y 230d,India,Allrounder,2007 - 2012,IPL 2013,KKR,16.0,16,5,332,72,30.18,240,138.33,0,1,30,14,4.0,0.0,1,8.11,54,1/9,1/9,73.00,54.0,0,0,0,"September 24, 2007","March 30, 2012","June 10, 2008","March 18, 2012",True
2014,333904,AP Tare,Mumbai Indians,16000000.0,1.6,2013,Aditya Prakash Tare,"November 07, 1987, Bombay (now Mumbai), Maharashtra",38y 239d,India,Wicketkeeper,-,IPL 2013,MI,5.0,5,0,123,59,24.60,84,146.42,0,1,14,5,0.0,0.0,-,-,-,-,-,-,-,-,-,-,,,,,True
2014,33141,AT Rayudu,Mumbai Indians,,,2013,Ambati Thirupathi Rayudu,"September 23, 1985, Guntur, Andhra Pradesh",40y 279d,India,Middle order Batter,2013 - 2019,IPL 2013,MI,19.0,17,3,265,37,18.92,231,114.71,0,0,22,4,8.0,0.0,-,-,-,-,-,-,-,-,-,-,"September 07, 2014","June 22, 2016","July 24, 2013","March 08, 2019",True
2014,505773,AV Wankhade,Mumbai Indians,1000000.0,0.1,2013,,,,,,,,,,,,,,,,,,,,,,,,,,,,,,,,,,,,,False
2014,388678,BR Dunk,Mumbai Indians,2000000.0,0.2,2013,,,,,,,,,,,,,,,,,,,,,,,,,,,,,,,,,,,,,False
2014,277662,CJ Anderson,Mumbai Indians,45000000.0,4.5,2013,,,,,,,,,,,,,,,,,,,,,,,,,,,,,,,,,,,,,False
2014,302208,CM Gautam,Mumbai Indians,2000000.0,0.2,2013,Chidhambaram Muralidharen Gautam,"March 08, 1986, Bangalore, Karnataka",40y 120d,India,Wicketkeeper,-,IPL 2013,DC,3.0,3,1,44,30,22.00,34,129.41,0,0,4,1,0.0,0.0,-,-,-,-,-,-,-,-,-,-,,,,,True
2014,29264,Harbhajan Singh,Mumbai Indians,,,2013,Harbhajan Singh,"July 03, 1980, Jullundur (now Jalandhar), Punjab",45y 361d,India,Bowler,1998 - 2016,IPL 2013,MI,19.0,14,8,116,25*,19.33,79,146.83,0,0,12,5,9.0,0.0,24,6.51,420,3/14,3/14,19.00,17.5,0,0,0,"December 01, 2006","March 03, 2016","April 17, 1998","October 25, 2015",True
2014,625383,JJ Bumrah,Mumbai Indians,12000000.0,1.2,2013,Jasprit Jasbirsingh Bumrah,"December 06, 1993, Ahmedabad",32y 212d,India,Bowler,2016 - 2026,IPL 2013,MI,2.0,-,-,-,-,-,-,-,-,-,-,-,0.0,0.0,3,10.00,42,3/32,3/32,23.33,14.0,0,0,0,"January 26, 2016","March 08, 2026","January 23, 2016","November 19, 2023",True
2014,288284,JR Hazlewood,Mumbai Indians,5000000.0,0.5,2013,,,,,,,,,,,,,,,,,,,,,,,,,,,,,,,,,,,,,False
2014,237199,Jalaj S Saxena,Mumbai Indians,9000000.0,0.9,2013,,,,,,,,,,,,,,,,,,,,,,,,,,,,,,,,,,,,,False
2014,314622,K Santokie,Mumbai Indians,3000000.0,0.3,2013,,,,,,,,,,,,,,,,,,,,,,,,,,,,,,,,,,,,,False
2014,230559,KA Pollard,Mumbai Indians,,,2013,Kieron Adrian Pollard,"May 12, 1987, Tacarigua, Trinidad",39y 56d,West Indies,Batting Allrounder,2007 - 2022,IPL 2013,MI,18.0,18,8,420,66*,42.00,281,149.46,0,3,27,29,12.0,0.0,10,9.41,186,2/6,2/6,29.20,18.6,0,0,0,"June 20, 2008","February 20, 2022","April 10, 2007","February 06, 2022",True
2014,393279,M de Lange,Mumbai Indians,3000000.0,0.3,2013,,,,,,,,,,,,,,,,,,,,,,,,,,,,,,,,,,,,,False
2014,5939,MEK Hussey,Mumbai Indians,50000000.0,5.0,2013,Michael Edward Killeen Hussey,"May 27, 1975, Mt Lawley, Perth, Western Australia",51y 33d,Australia,Middle order Batter,2004 - 2013,IPL 2013,CSK,17.0,17,3,733,95,52.35,566,129.50,0,6,81,17,10.0,0.0,-,-,-,-,-,-,-,-,-,-,"February 17, 2005","October 05, 2012","February 01, 2004","September 03, 2012",True
2014,431213,P Suyal,Mumbai Indians,1000000.0,0.1,2013,Pawan Shakland Suyal,"October 15, 1989, Paudi, Uttaranchal",36y 265d,India,Bowler,-,IPL 2013,MI,1.0,-,-,-,-,-,-,-,-,-,-,-,1.0,0.0,1,7.00,18,1/21,1/21,21.00,18.0,0,0,0,,,,,True
2014,32130,PP Ojha,Mumbai Indians,32500000.0,3.25,2013,Pragyan Prayash Ojha,"September 05, 1986, Bhubaneswar, Orissa",39y 305d,India,Bowler,2008 - 2013,IPL 2013,MI,16.0,3,2,2,1*,2.00,4,50.00,0,0,0,0,2.0,0.0,16,7.28,314,3/11,3/11,23.81,19.6,0,0,0,"June 06, 2009","June 13, 2010","June 28, 2008","July 24, 2012",True
2014,34102,RG Sharma,Mumbai Indians,,,2013,Rohit Gurunath Sharma,"April 30, 1987, Bansod, Nagpur, Maharashtra",39y 68d,India,Top order Batter,2007 - 2026,IPL 2013,MI,19.0,19,5,538,79*,38.42,409,131.54,0,4,35,28,7.0,0.0,0,4.50,8,-,-,-,-,0,0,0,"September 19, 2007","June 29, 2024","June 23, 2007","June 20, 2026",True
2014,344580,S Gopal,Mumbai Indians,1000000.0,0.1,2013,,,,,,,,,,,,,,,,,,,,,,,,,,,,,,,,,,,,,False
2014,31756,SH Marathe,Mumbai Indians,1000000.0,0.1,2013,,,,,,,,,,,,,,,,,,,,,,,,,,,,,,,,,,,,,False
2014,49758,SL Malinga,Mumbai Indians,,,2013,Separamadu Lasith Malinga,"August 28, 1983, Galle",42y 313d,Sri Lanka,Bowler,2004 - 2020,IPL 2013,MI,17.0,6,2,9,7,2.25,18,50.00,0,0,1,0,3.0,0.0,20,7.16,392,3/39,3/39,23.40,19.6,0,0,0,"June 15, 2006","March 06, 2020","July 17, 2004","July 26, 2019",True
2014,30102,Z Khan,Mumbai Indians,26000000.0,2.6,2013,Zaheer Khan,"October 08, 1978, Shrirampur, Maharashtra",47y 269d,India,Bowler,2000 - 2014,IPL 2013,RCB,2.0,-,-,-,-,-,-,-,-,-,-,-,1.0,0.0,5,7.83,36,4/17,4/17,9.40,7.2,1,0,0,"December 01, 2006","October 02, 2012","October 03, 2000","August 04, 2012",True
2014,604534,AK Bains,Rajasthan Royals,1000000.0,0.1,2013,,,,,,,,,,,,,,,,,,,,,,,,,,,,,,,,,,,,,False
2014,32091,AM Nayar,Rajasthan Royals,10000000.0,1.0,2013,Abhishek Mohan Nayar,"October 08, 1983, Secunderabad, Hyderabad",42y 272d,India,Allrounder,2009 - 2009,IPL 2013,PWI,11.0,9,3,66,25*,11.00,73,90.41,0,0,5,0,1.0,0.0,2,7.37,48,1/15,1/15,29.50,24.0,0,0,0,,,"July 03, 2009","September 30, 2009",True
2014,277916,AM Rahane,Rajasthan Royals,,,2013,Ajinkya Madhukar Rahane,"June 06, 1988, Ashwi-KD, Maharashtra",38y 23d,India,Top order Batter,2011 - 2023,IPL 2013,RR,18.0,18,4,488,68*,34.85,458,106.55,0,4,42,11,10.0,0.0,-,-,-,-,-,-,-,-,-,-,"August 31, 2011","August 28, 2016","September 03, 2011","February 16, 2018",True
2014,604550,Amit Mishra,Rajasthan Royals,1000000.0,0.1,2013,,,,,,,,,,,,,,,,,,,,,,,,,,,,,,,,,,,,,False
2014,422992,Ankit Sharma,Rajasthan Royals,1000000.0,0.1,2013,Ankit Nagendra Sharma,"April 20, 1991, Gwalior, Madhya Pradesh",35y 76d,India,Bowler,-,IPL 2013,SRH,1.0,-,-,-,-,-,-,-,-,-,-,-,1.0,0.0,0,8.50,12,-,-,-,-,0,0,0,,,,,True
2014,230371,BCJ Cutting,Rajasthan Royals,8000000.0,0.8,2013,,,,,,,,,,,,,,,,,,,,,,,,,,,,,,,,,,,,,False
2014,5674,BJ Hodge,Rajasthan Royals,24000000.0,2.4,2013,Bradley John Hodge,"December 29, 1974, Sandringham, Victoria",51y 188d,Australia,Top order Batter,2005 - 2014,IPL 2013,RR,17.0,14,7,293,54*,41.85,218,134.40,0,1,27,9,6.0,0.0,0,3.00,6,-,-,-,-,0,0,0,"September 12, 2007","March 30, 2014","December 03, 2005","October 17, 2007",True
2014,36071,DH Yagnik,Rajasthan Royals,3000000.0,0.3,2013,Dishant Harendra Yagnik,"June 22, 1983, Banswara, Rajasthan",43y 15d,India,Wicketkeeper,-,IPL 2013,RR,12.0,9,1,125,34,15.62,96,130.20,0,0,17,2,6.0,1.0,-,-,-,-,-,-,-,-,-,-,,,,,True
2014,497121,DJ Hooda,Rajasthan Royals,4000000.0,0.4,2013,,,,,,,,,,,,,,,,,,,,,,,,,,,,,,,,,,,,,False
2014,277955,DS Kulkarni,Rajasthan Royals,11000000.0,1.1,2013,Dhawal Sunil Kulkarni,"December 10, 1988, Bombay (now Mumbai), Maharashtra",37y 206d,India,Bowler,2014 - 2016,IPL 2013,MI,6.0,-,-,-,-,-,-,-,-,-,-,-,0.0,0.0,8,8.08,112,3/19,3/19,18.87,14.0,0,0,0,"June 20, 2016","June 22, 2016","September 02, 2014","October 26, 2016",True
2014,262323,I Abdullah,Rajasthan Royals,6500000.0,0.65,2013,,,,,,,,,,,,,,,,,,,,,,,,,,,,,,,,,,,,,False
2014,270484,JP Faulkner,Rajasthan Royals,,,2013,James Peter Faulkner,"April 29, 1990, Launceston, Tasmania",36y 66d,Australia,Bowling Allrounder,2012 - 2017,IPL 2013,RR,16.0,9,4,57,19*,11.40,57,100.00,0,0,5,2,3.0,0.0,28,6.75,379,5/16,5/16,15.25,13.5,0,2,0,"February 01, 2012","February 22, 2017","February 01, 2013","October 01, 2017",True
2014,371814,KK Cooper,Rajasthan Royals,3000000.0,0.3,2013,Kevon Keston Cooper,"February 16, 1989, Trinidad",37y 141d,West Indies,Allrounder,-,IPL 2013,RR,14.0,5,1,39,26,9.75,22,177.27,0,0,4,2,8.0,0.0,19,8.31,324,3/15,3/15,23.63,17.0,0,0,0,,,,,True
2014,398439,KK Nair,Rajasthan Royals,7500000.0,0.75,2013,Karun Nair,"December 06, 1991, Jodhpur, Rajasthan",34y 210d,India,Top order Batter,2016 - 2025,IPL 2013,RCB,2.0,2,0,9,9,4.50,12,75.00,0,0,0,0,0.0,0.0,-,-,-,-,-,-,-,-,-,-,,,"June 11, 2016","June 13, 2016",True
2014,272262,KW Richardson,Rajasthan Royals,10000000.0,1.0,2013,Kane William Richardson,"February 12, 1991, Eudunda, South Australia",35y 143d,Australia,Bowler,2013 - 2023,IPL 2013,PWI,3.0,2,0,34,26,17.00,36,94.44,0,0,2,1,0.0,0.0,2,8.53,71,1/28,1/28,50.50,35.5,0,0,0,"October 05, 2014","November 28, 2023","January 13, 2013","March 07, 2020",True
2014,587152,PV Tambe,Rajasthan Royals,1000000.0,0.1,2013,Pravin Vijay Tambe,"October 08, 1971, Bombay (now Mumbai), Maharashtra",54y 269d,India,Bowler,-,IPL 2013,RR,3.0,1,1,3,3*,-,6,50.00,0,0,0,0,0.0,0.0,1,8.00,66,1/38,1/38,88.00,66.0,0,0,0,,,,,True
2014,26907,R Bhatia,Rajasthan Royals,17000000.0,1.7,2013,Rajat Bhatia,"October 22, 1979, Delhi",46y 256d,India,Allrounder,-,IPL 2013,KKR,15.0,10,4,99,26*,16.50,80,123.75,0,0,8,3,0.0,0.0,11,7.57,263,2/23,2/23,30.18,23.9,0,0,0,,,,,True
2014,423838,R Tewatia,Rajasthan Royals,1000000.0,0.1,2013,,,,,,,,,,,,,,,,,,,,,,,,,,,,,,,,,,,,,False
2014,267192,SPD Smith,Rajasthan Royals,40000000.0,4.0,2013,Steven Peter Devereux Smith,"June 02, 1989, Sydney, New South Wales",37y 32d,Australia,Top order Batter,2010 - 2026,IPL 2013,PWI,7.0,7,3,159,41,39.75,132,120.45,0,0,15,4,4.0,0.0,-,-,-,-,-,-,-,-,-,-,"February 05, 2010","February 25, 2024","February 19, 2010","March 04, 2025",True
2014,8180,SR Watson,Rajasthan Royals,,,2013,Shane Robert Watson,"June 17, 1981, Ipswich, Queensland",45y 12d,Australia,Allrounder,2002 - 2016,IPL 2013,RR,16.0,16,2,543,101,38.78,380,142.89,1,2,59,22,6.0,0.0,13,7.15,250,3/22,3/22,22.92,19.2,0,0,0,"February 24, 2006","March 27, 2016","March 24, 2002","September 05, 2015",True
2014,27223,STR Binny,Rajasthan Royals,,,2013,Stuart Terence Roger Binny,"June 03, 1984, Bangalore, Karnataka",42y 33d,India,Allrounder,2014 - 2016,IPL 2013,RR,17.0,16,7,293,41*,32.55,199,147.23,0,0,25,12,3.0,0.0,6,6.75,144,2/14,2/14,27.00,24.0,0,0,0,"July 17, 2015","August 27, 2016","January 28, 2014","October 11, 2015",True
2014,425943,SV Samson,Rajasthan Royals,,,2013,Sanju Viswanath Samson,"November 11, 1994, Pulluvila, Vizhinjam, Trivandrum",31y 230d,India,Wicketkeeper Batter,2014 - 2026,IPL 2013,RR,11.0,10,2,206,63,25.75,178,115.73,0,1,19,5,13.0,0.0,-,-,-,-,-,-,-,-,-,-,"July 19, 2015","June 28, 2026","July 23, 2021","December 21, 2023",True
2014,232364,TG Southee,Rajasthan Royals,12000000.0,1.2,2013,,,,,,,,,,,,,,,,,,,,,,,,,,,,,,,,,,,,,False
2014,446499,UBT Chand,Rajasthan Royals,6500000.0,0.65,2013,Unmukt Bharat Thakur Chand,"March 26, 1993, Delhi",33y 102d,United States of America,Wicketkeeper Batter,-,IPL 2013,DC,9.0,9,0,158,41,17.55,158,100.00,0,0,17,4,4.0,0.0,-,-,-,-,-,-,-,-,-,-,,,,,True
2014,31738,VS Malik,Rajasthan Royals,2000000.0,0.2,2013,Vikramjeet Singh Malik,"May 09, 1983, Vishakapatnam (Andhra)",43y 57d,India,Bowler,-,IPL 2013,RR,3.0,-,-,-,-,-,-,-,-,-,-,-,0.0,0.0,2,5.90,60,2/14,2/14,29.50,30.0,0,0,0,,,,,True
2014,227712,AB Dinda,Royal Challengers Bangalore,15000000.0,1.5,2013,Ashok Bhimchandra Dinda,"March 25, 1984, Medinipur, Calcutta (now Kolkata)",42y 102d,India,Bowler,2009 - 2013,IPL 2013,PWI,13.0,5,3,9,6*,4.50,11,81.81,0,0,1,0,3.0,0.0,16,9.48,294,3/31,3/31,29.06,18.3,0,0,0,"December 09, 2009","December 28, 2012","May 28, 2010","January 11, 2013",True
2014,44936,AB de Villiers,Royal Challengers Bangalore,,,2013,Abraham Benjamin de Villiers,"February 17, 1984, Pretoria",42y 140d,South Africa,Wicketkeeper Batter,2004 - 2018,IPL 2013,RCB,14.0,14,4,360,64,36.00,219,164.38,0,2,34,15,8.0,0.0,-,-,-,-,-,-,-,-,-,-,"February 24, 2006","October 29, 2017","February 02, 2005","February 16, 2018",True
2014,228430,AN Ahmed,Royal Challengers Bangalore,3000000.0,0.3,2013,Abu Nechim Ahmed,"November 05, 1988, Guwahati, Assam",37y 243d,India,Bowler,-,IPL 2013,MI,2.0,-,-,-,-,-,-,-,-,-,-,-,1.0,0.0,3,6.42,42,2/27,2/27,15.00,14.0,0,0,0,,,,,True
2014,51880,CH Gayle,Royal Challengers Bangalore,,,2013,Christopher Henry Gayle,"September 21, 1979, Kingston, Jamaica",46y 287d,West Indies,Allrounder,1999 - 2021,IPL 2013,RCB,16.0,16,4,708,175*,59.00,453,156.29,1,4,57,51,3.0,0.0,3,10.00,24,2/5,2/5,13.33,8.0,0,0,0,"February 16, 2006","November 06, 2021","September 11, 1999","August 14, 2019",True
2014,390481,HV Patel,Royal Challengers Bangalore,4000000.0,0.4,2013,,,,,,,,,,,,,,,,,,,,,,,,,,,,,,,,,,,,,False
2014,46248,JA Morkel,Royal Challengers Bangalore,24000000.0,2.4,2013,Johannes Albertus Morkel,"June 10, 1981, Vereeniging, Transvaal",45y 19d,South Africa,Bowling Allrounder,2004 - 2015,IPL 2013,CSK,8.0,3,0,46,23,15.33,37,124.32,0,0,2,3,2.0,0.0,7,6.62,144,3/32,3/32,22.71,20.5,0,0,0,"October 21, 2005","October 05, 2015","February 20, 2004","March 03, 2012",True
2014,49636,M Muralitharan,Royal Challengers Bangalore,10000000.0,1.0,2013,Muthiah Muralidaran,"April 17, 1972, Kandy",54y 73d,Sri Lanka,Bowler,1992 - 2011,IPL 2013,RCB,6.0,-,-,-,-,-,-,-,-,-,-,-,1.0,0.0,3,7.69,138,1/18,1/18,59.00,46.0,0,0,0,"December 22, 2006","October 31, 2010","August 12, 1993","April 02, 2011",True
2014,311592,MA Starc,Royal Challengers Bangalore,50000000.0,5.0,2013,,,,,,,,,,,,,,,,,,,,,,,,,,,,,,,,,,,,,False
2014,333780,NJ Maddinson,Royal Challengers Bangalore,5000000.0,0.5,2013,,,,,,,,,,,,,,,,,,,,,,,,,,,,,,,,,,,,,False
2014,32242,PA Patel,Royal Challengers Bangalore,14000000.0,1.4,2013,Parthiv Ajay Patel,"March 09, 1985, Ahmedabad, Gujarat",41y 112d,India,Wicketkeeper Batter,2002 - 2018,IPL 2013,SRH,13.0,13,0,294,61,22.61,255,115.29,0,1,37,4,5.0,3.0,-,-,-,-,-,-,-,-,-,-,"June 04, 2011","August 31, 2011","January 04, 2003","February 21, 2012",True
2014,52912,R Rampaul,Royal Challengers Bangalore,9000000.0,0.9,2013,Ravindranath Rampaul,"October 15, 1984, Preysal, Trinidad",41y 266d,West Indies,Bowler,2003 - 2021,IPL 2013,RCB,10.0,6,2,38,23*,9.50,37,102.70,0,0,3,1,4.0,0.0,13,6.92,226,3/31,3/31,20.07,17.3,0,0,0,"June 28, 2007","November 04, 2021","November 22, 2003","November 07, 2015",True
2014,33757,S Rana,Royal Challengers Bangalore,2000000.0,0.2,2013,,,,,,,,,,,,,,,,,,,,,,,,,,,,,,,,,,,,,False
2014,592735,S Sandeep Warrier,Royal Challengers Bangalore,1000000.0,0.1,2013,,,,,,,,,,,,,,,,,,,,,,,,,,,,,,,,,,,,,False
2014,29655,SB Jakati,Royal Challengers Bangalore,2000000.0,0.2,2013,,,,,,,,,,,,,,,,,,,,,,,,,,,,,,,,,,,,,False
2014,24790,T Mishra,Royal Challengers Bangalore,1000000.0,0.1,2013,,,,,,,,,,,,,,,,,,,,,,,,,,,,,,,,,,,,,False
2014,253802,V Kohli,Royal Challengers Bangalore,,,2013,Virat Kohli,"November 05, 1988, Delhi",37y 244d,India,Top order Batter,2008 - 2026,IPL 2013,RCB,16.0,16,2,634,99,45.28,457,138.73,0,6,64,22,7.0,0.0,-,-,-,-,-,-,-,-,-,-,"June 12, 2010","June 29, 2024","August 18, 2008","January 18, 2026",True
2014,554699,VH Zol,Royal Challengers Bangalore,3000000.0,0.3,2013,,,,,,,,,,,,,,,,,,,,,,,,,,,,,,,,,,,,,False
2014,360911,VR Aaron,Royal Challengers Bangalore,20000000.0,2.0,2013,,,,,,,,,,,,,,,,,,,,,,,,,,,,,,,,,,,,,False
2014,430246,YS Chahal,Royal Challengers Bangalore,1000000.0,0.1,2013,Yuzvendra Singh Chahal,"July 23, 1990, Jind, Haryana",35y 348d,India,Bowler,2016 - 2024,IPL 2013,MI,1.0,-,-,-,-,-,-,-,-,-,-,-,0.0,0.0,0,8.50,24,-,-,-,-,0,0,0,"June 18, 2016","August 13, 2023","June 11, 2016","January 24, 2023",True
2014,35357,YV Takawale,Royal Challengers Bangalore,1000000.0,0.1,2013,,,,,,,,,,,,,,,,,,,,,,,,,,,,,,,,,,,,,False
2014,36084,Yuvraj Singh,Royal Challengers Bangalore,140000000.0,14.0,2013,Yuvraj Singh,"December 12, 1981, Chandigarh",44y 204d,India,Middle order Batter,2000 - 2017,IPL 2013,PWI,13.0,13,1,238,34,19.83,190,125.26,0,0,14,15,1.0,0.0,6,6.90,132,2/27,2/27,25.33,22.0,0,0,0,"September 13, 2007","February 01, 2017","October 03, 2000","June 30, 2017",True
2014,389605,A Ashish Reddy,Sunrisers Hyderabad,2000000.0,0.2,2013,Ammana Ashish Reddy,"February 24, 1991, Secunderabad",35y 133d,India,Allrounder,-,IPL 2013,SRH,12.0,10,4,125,36*,20.83,89,140.44,0,0,9,4,7.0,0.0,3,10.50,40,1/7,1/7,23.33,13.3,0,0,0,,,,,True
2014,31107,A Mishra,Sunrisers Hyderabad,47500000.0,4.75,2013,Amit Mishra,"November 24, 1982, Delhi",43y 222d,India,Bowler,2003 - 2017,IPL 2013,SRH,17.0,8,2,89,30,14.83,96,92.70,0,0,9,0,2.0,0.0,21,6.35,372,4/19,4/19,18.76,17.7,1,0,0,"June 13, 2010","February 01, 2017","April 13, 2003","October 29, 2016",True
2014,324444,AG Paunikar,Sunrisers Hyderabad,2000000.0,0.2,2013,,,,,,,,,,,,,,,,,,,,,,,,,,,,,,,,,,,,,False
2014,5334,AJ Finch,Sunrisers Hyderabad,40000000.0,4.0,2013,Aaron James Finch,"November 17, 1986, Colac, Victoria",39y 229d,Australia,Top order Batter,2011 - 2022,IPL 2013,PWI,14.0,14,0,456,67,32.57,336,135.71,0,4,54,16,2.0,0.0,1,12.25,24,1/11,1/11,49.00,24.0,0,0,0,"January 12, 2011","October 31, 2022","January 11, 2013","September 11, 2022",True
2014,326016,B Kumar,Sunrisers Hyderabad,42500000.0,4.25,2013,Bhuvneshwar Kumar Singh,"February 05, 1990, Meerut, Uttar Pradesh",36y 150d,India,Bowler,2012 - 2022,IPL 2013,PWI,16.0,9,2,52,24*,7.42,71,73.23,0,0,3,1,2.0,0.0,13,6.50,342,3/18,3/18,28.53,26.3,0,0,0,"December 25, 2012","November 22, 2022","December 30, 2012","January 21, 2022",True
2014,55814,BRM Taylor,Sunrisers Hyderabad,3000000.0,0.3,2013,,,,,,,,,,,,,,,,,,,,,,,,,,,,,,,,,,,,,False
2014,604616,CV Milind,Sunrisers Hyderabad,1000000.0,0.1,2013,,,,,,,,,,,,,,,,,,,,,,,,,,,,,,,,,,,,,False
2014,219889,DA Warner,Sunrisers Hyderabad,55000000.0,5.5,2013,David Andrew Warner,"October 27, 1986, Paddington, New South Wales",39y 250d,Australia,Opening Batter,2009 - 2024,IPL 2013,DC,16.0,16,3,410,77,31.53,323,126.93,0,4,41,14,6.0,0.0,-,-,-,-,-,-,-,-,-,-,"January 11, 2009","June 24, 2024","January 18, 2009","November 19, 2023",True
2014,53115,DJG Sammy,Sunrisers Hyderabad,35000000.0,3.5,2013,Daren Julius Garvey Sammy,"December 20, 1983, Micoud, St Lucia",42y 200d,West Indies,Allrounder,2004 - 2017,IPL 2013,SRH,10.0,9,3,174,60,29.00,132,131.81,0,1,11,10,3.0,0.0,8,7.52,134,4/22,4/22,21.00,16.7,1,0,0,"June 28, 2007","September 15, 2017","July 08, 2004","March 21, 2015",True
2014,47492,DW Steyn,Sunrisers Hyderabad,,,2013,Dale Willem Steyn,"June 27, 1983, Phalaborwa",43y 7d,South Africa,Bowler,2004 - 2020,IPL 2013,SRH,17.0,8,6,53,18*,26.50,36,147.22,0,0,5,2,3.0,0.0,19,5.66,407,3/11,3/11,20.21,21.4,0,0,0,"November 23, 2007","February 21, 2020","August 17, 2005","March 13, 2019",True
2014,236779,I Sharma,Sunrisers Hyderabad,26000000.0,2.6,2013,Ishant Sharma,"September 02, 1988, Delhi",37y 305d,India,Bowler,2007 - 2021,IPL 2013,SRH,16.0,2,2,0,0*,-,0,-,0,0,0,0,6.0,0.0,15,7.81,358,3/27,3/27,31.06,23.8,0,0,0,"February 01, 2008","October 10, 2013","June 29, 2007","January 23, 2016",True
2014,32685,IK Pathan,Sunrisers Hyderabad,24000000.0,2.4,2013,Irfan Khan Pathan,"October 27, 1984, Baroda, Gujarat",41y 250d,India,Allrounder,2003 - 2012,IPL 2013,DC,15.0,13,5,142,24,17.75,152,93.42,0,0,9,3,4.0,0.0,10,7.44,308,2/29,2/29,38.20,30.8,0,0,0,"December 01, 2006","October 02, 2012","January 09, 2004","August 04, 2012",True
2014,391485,JO Holder,Sunrisers Hyderabad,7500000.0,0.75,2013,Jason Omar Holder,"November 05, 1991, Barbados",34y 236d,West Indies,Bowling Allrounder,2013 - 2026,IPL 2013,CSK,6.0,-,-,-,-,-,-,-,-,-,-,-,3.0,0.0,2,8.40,120,2/20,2/20,84.00,60.0,0,0,0,"January 15, 2014","June 14, 2026","February 01, 2013","July 01, 2023",True
2014,422108,KL Rahul,Sunrisers Hyderabad,10000000.0,1.0,2013,Kannaur Lokesh Rahul,"April 18, 1992, Bangalore, Karnataka",34y 77d,India,Wicketkeeper Batter,2014 - 2026,IPL 2013,RCB,5.0,2,0,20,12,10.00,16,125.00,0,0,4,0,2.0,0.0,-,-,-,-,-,-,-,-,-,-,"June 18, 2016","November 10, 2022","June 11, 2016","June 17, 2026",True
2014,30288,KV Sharma,Sunrisers Hyderabad,37500000.0,3.75,2013,Karn Vinod Sharma,"October 23, 1987, Meerut, Uttar Pradesh",38y 249d,India,Bowler,2014 - 2014,IPL 2013,SRH,13.0,7,3,85,39*,21.25,86,98.83,0,0,6,2,4.0,0.0,11,6.60,209,2/19,2/19,20.90,19.0,0,0,0,"Australia vs India  at Adelaide - December 09 - 13, 2014","November 13, 2014","November 13, 2014","November 16, 2014",True
2014,5961,MC Henriques,Sunrisers Hyderabad,10000000.0,1.0,2013,Moises Constantino Henriques,"February 01, 1987, Funchal, Portugal",39y 154d,Australia,Allrounder,2009 - 2021,IPL 2013,RCB,10.0,9,5,165,44,41.25,125,132.00,0,0,20,3,5.0,0.0,7,8.74,127,2/14,2/14,26.42,18.1,0,0,0,"February 15, 2009","August 09, 2021","October 31, 2009","July 26, 2021",True
2014,390480,MC Juneja,Sunrisers Hyderabad,1000000.0,0.1,2013,,,,,,,,,,,,,,,,,,,,,,,,,,,,,,,,,,,,,False
2014,32102,NV Ojha,Sunrisers Hyderabad,5000000.0,0.5,2013,Naman Vinaykumar Ojha,"July 20, 1983, Ujjain, Madhya Pradesh",42y 349d,India,Wicketkeeper Batter,2010 - 2015,IPL 2013,DC,2.0,2,1,9,9,9.00,10,90.00,0,0,1,0,1.0,0.0,-,-,-,-,-,-,-,-,-,-,"June 12, 2010","June 13, 2010","September 01, 2015","June 05, 2010",True
2014,279562,P Parameswaran,Sunrisers Hyderabad,3000000.0,0.3,2013,,,,,,,,,,,,,,,,,,,,,,,,,,,,,,,,,,,,,False
2014,378496,Parvez Rasool,Sunrisers Hyderabad,9500000.0,0.95,2013,Parvez Ghulam Rasool Zargar,"February 13, 1989, Bijbehara, Jammu and Kashmir",37y 142d,India,Bowling Allrounder,2014 - 2017,IPL 2013,PWI,2.0,2,1,5,4*,5.00,9,55.55,0,0,0,0,0.0,0.0,1,5.60,30,1/23,1/23,28.00,30.0,0,0,0,"June 15, 2014","January 26, 2017","June 15, 2014","January 26, 2017",True
2014,642531,RK Bhui,Sunrisers Hyderabad,1000000.0,0.1,2013,,,,,,,,,,,,,,,,,,,,,,,,,,,,,,,,,,,,,False
2014,26798,S Anirudha,Sunrisers Hyderabad,2000000.0,0.2,2013,Srikkanth Anirudha,"April 14, 1987, Madras (now Chennai), Tamil Nadu",39y 76d,India,Top order Batter,-,IPL 2013,CSK,1.0,1,0,0,0,0.00,2,0.00,0,0,0,0,0.0,0.0,-,-,-,-,-,-,-,-,-,-,,,,,True
2014,28235,S Dhawan,Sunrisers Hyderabad,,,2013,Shikhar Dhawan,"December 05, 1985, Delhi",40y 213d,India,Opening Batter,2010 - 2022,IPL 2013,SRH,10.0,10,2,311,73*,38.87,253,122.92,0,3,37,5,3.0,0.0,-,-,-,-,-,-,-,-,-,-,"June 04, 2011","July 29, 2021","October 20, 2010","December 10, 2022",True
2014,35805,Y Venugopal Rao,Sunrisers Hyderabad,5500000.0,0.55,2013,Yalaka Venugopal Rao,"February 26, 1982, Visakhapatnam, Andhra Pradesh",44y 128d,India,Middle order Batter,2005 - 2006,IPL 2013,DC,1.0,-,-,-,-,-,-,-,-,-,-,-,0.0,0.0,-,-,-,-,-,-,-,-,-,-,,,"July 30, 2005","May 23, 2006",True
2015,459508,Andrew Tye,Chennai Super Kings,2000000.0,0.2,2014,,,,,,,,,,,,,,,,,,,,,,,,,,,,,,,,,,,,,False
2015,604534,Ankush Bains,Chennai Super Kings,1000000.0,0.1,2014,,,,,,,,,,,,,,,,,,,,,,,,,,,,,,,,,,,,,False
2015,340841,Eklavya Dwivedi,Chennai Super Kings,1000000.0,0.1,2014,,,,,,,,,,,,,,,,,,,,,,,,,,,,,,,,,,,,,False
2015,32685,Irfan Pathan,Chennai Super Kings,15000000.0,1.5,2014,Irfan Khan Pathan,"October 27, 1984, Baroda, Gujarat",41y 250d,India,Allrounder,2003 - 2012,IPL 2014,SRH,10.0,6,4,55,23*,27.50,54,101.85,0,0,5,0,2.0,0.0,4,8.66,142,2/10,2/10,51.25,35.5,0,0,0,"December 01, 2006","October 02, 2012","January 09, 2004","August 04, 2012",True
2015,297583,Kyle Abbott,Chennai Super Kings,3000000.0,0.3,2014,,,,,,,,,,,,,,,,,,,,,,,,,,,,,,,,,,,,,False
2015,5939,Michael Hussey,Chennai Super Kings,15000000.0,1.5,2014,Michael Edward Killeen Hussey,"May 27, 1975, Mt Lawley, Perth, Western Australia",51y 33d,Australia,Middle order Batter,2004 - 2013,IPL 2014,MI,9.0,9,0,209,56,23.22,182,114.83,0,2,17,7,3.0,0.0,-,-,-,-,-,-,-,-,-,-,"February 17, 2005","October 05, 2012","February 01, 2004","September 03, 2012",True
2015,717205,Pratyush Singh,Chennai Super Kings,1000000.0,0.1,2014,,,,,,,,,,,,,,,,,,,,,,,,,,,,,,,,,,,,,False
2015,272994,Rahul Sharma,Chennai Super Kings,3000000.0,0.3,2014,Rahul Sharma,"November 30, 1986, Jalandhar",39y 216d,India,Bowler,2011 - 2012,IPL 2014,DC,2.0,-,-,-,-,-,-,-,-,-,-,-,0.0,0.0,1,10.83,36,1/33,1/33,65.00,36.0,0,0,0,"February 01, 2012","February 03, 2012","December 08, 2011","July 28, 2012",True
2015,46248,Albie Morkel,Delhi Capitals,3000000.0,0.3,2014,Johannes Albertus Morkel,"June 10, 1981, Vereeniging, Transvaal",45y 19d,South Africa,Bowling Allrounder,2004 - 2015,IPL 2014,RCB,7.0,5,2,45,16,15.00,41,109.75,0,0,1,3,2.0,0.0,4,7.87,96,1/18,1/18,31.50,24.0,0,0,0,"October 21, 2005","October 05, 2015","February 20, 2004","March 03, 2012",True
2015,604550,Amit Mishra,Delhi Capitals,35000000.0,3.5,2014,,,,,,,,,,,,,,,,,,,,,,,,,,,,,,,,,,,,,False
2015,49764,Angelo Mathews,Delhi Capitals,75000000.0,7.5,2014,,,,,,,,,,,,,,,,,,,,,,,,,,,,,,,,,,,,,False
2015,302208,CM Gautam,Delhi Capitals,2000000.0,0.2,2014,Chidhambaram Muralidharen Gautam,"March 08, 1986, Bangalore, Karnataka",40y 120d,India,Wicketkeeper,-,IPL 2014,MI,9.0,9,2,121,33,17.28,111,109.00,0,0,13,5,3.0,3.0,-,-,-,-,-,-,-,-,-,-,,,,,True
2015,528985,Domnic Joseph,Delhi Capitals,7500000.0,0.75,2014,,,,,,,,,,,,,,,,,,,,,,,,,,,,,,,,,,,,,False
2015,499660,Gurinder Sandhu,Delhi Capitals,17000000.0,1.7,2014,,,,,,,,,,,,,,,,,,,,,,,,,,,,,,,,,,,,,False
2015,390484,Jaydev Unadkat,Delhi Capitals,11000000.0,1.1,2014,Jaydev Dipakbhai Unadkat,"October 18, 1991, Porbandar",34y 259d,India,Bowler,2010 - 2023,IPL 2014,DC,9.0,2,1,1,1*,1.00,6,16.66,0,0,0,0,0.0,0.0,9,8.66,187,3/32,3/32,30.00,20.7,0,0,0,"June 18, 2016","March 18, 2018","July 24, 2013","August 01, 2023",True
2015,857781,KK Jiyaz,Delhi Capitals,1000000.0,0.1,2014,,,,,,,,,,,,,,,,,,,,,,,,,,,,,,,,,,,,,False
2015,325012,Marcus Stoinis,Delhi Capitals,2500000.0,0.25,2014,,,,,,,,,,,,,,,,,,,,,,,,,,,,,,,,,,,,,False
2015,642519,Shreyas Iyer,Delhi Capitals,26000000.0,2.6,2014,,,,,,,,,,,,,,,,,,,,,,,,,,,,,,,,,,,,,False
2015,529436,Srikar Bharat,Delhi Capitals,1000000.0,0.1,2014,,,,,,,,,,,,,,,,,,,,,,,,,,,,,,,,,,,,,False
2015,530011,Travis Head,Delhi Capitals,3000000.0,0.3,2014,,,,,,,,,,,,,,,,,,,,,,,,,,,,,,,,,,,,,False
2015,36084,Yuvraj Singh,Delhi Capitals,160000000.0,16.0,2014,Yuvraj Singh,"December 12, 1981, Chandigarh",44y 204d,India,Middle order Batter,2000 - 2017,IPL 2014,RCB,14.0,14,3,376,83,34.18,278,135.25,0,3,22,28,4.0,0.0,5,8.25,136,4/35,4/35,37.40,27.2,1,0,0,"September 13, 2007","February 01, 2017","October 03, 2000","June 30, 2017",True
2015,30102,Zaheer Khan,Delhi Capitals,40000000.0,4.0,2014,Zaheer Khan,"October 08, 1978, Shrirampur, Maharashtra",47y 269d,India,Bowler,2000 - 2014,IPL 2014,MI,6.0,4,3,8,7*,8.00,7,114.28,0,0,0,1,0.0,0.0,5,6.53,134,2/21,2/21,29.20,26.8,0,0,0,"December 01, 2006","October 02, 2012","October 03, 2000","August 04, 2012",True
2015,725435,Aditya Garhwal,Kolkata Knight Riders,2500000.0,0.25,2014,,,,,,,,,,,,,,,,,,,,,,,,,,,,,,,,,,,,,False
2015,5681,Brad Hogg,Kolkata Knight Riders,5000000.0,0.5,2014,,,,,,,,,,,,,,,,,,,,,,,,,,,,,,,,,,,,,False
2015,355269,James Neesham,Kolkata Knight Riders,5000000.0,0.5,2014,James Douglas Sheahan Neesham,"September 17, 1990, Auckland",35y 290d,New Zealand,Batting Allrounder,2012 - 2026,IPL 2014,DC,4.0,3,0,42,22,14.00,46,91.30,0,0,3,1,0.0,0.0,1,10.11,54,1/29,1/29,91.00,54.0,0,0,0,"December 21, 2012","March 25, 2026","January 19, 2013","November 01, 2023",True
2015,777537,KC Cariappa,Kolkata Knight Riders,24000000.0,2.4,2014,,,,,,,,,,,,,,,,,,,,,,,,,,,,,,,,,,,,,False
2015,237696,Sheldon Jackson,Kolkata Knight Riders,1500000.0,0.15,2014,,,,,,,,,,,,,,,,,,,,,,,,,,,,,,,,,,,,,False
2015,32084,Sumit Narwal,Kolkata Knight Riders,1000000.0,0.1,2014,,,,,,,,,,,,,,,,,,,,,,,,,,,,,,,,,,,,,False
2015,590325,Vaibhav Rawal,Kolkata Knight Riders,1000000.0,0.1,2014,,,,,,,,,,,,,,,,,,,,,,,,,,,,,,,,,,,,,False
2015,5334,Aaron Finch,Mumbai Indians,32000000.0,3.2,2014,Aaron James Finch,"November 17, 1986, Colac, Victoria",39y 229d,Australia,Top order Batter,2011 - 2022,IPL 2014,SRH,13.0,13,2,309,88*,28.09,263,117.49,0,2,31,9,6.0,0.0,-,-,-,-,-,-,-,-,-,-,"January 12, 2011","October 31, 2022","January 11, 2013","September 11, 2022",True
2015,310958,Abhimanyu Mithun,Mumbai Indians,3000000.0,0.3,2014,,,,,,,,,,,,,,,,,,,,,,,,,,,,,,,,,,,,,False
2015,4498,Aiden Blizzard,Mumbai Indians,3000000.0,0.3,2014,,,,,,,,,,,,,,,,,,,,,,,,,,,,,,,,,,,,,False
2015,269520,Akshay Wakhare,Mumbai Indians,1000000.0,0.1,2014,,,,,,,,,,,,,,,,,,,,,,,,,,,,,,,,,,,,,False
2015,625371,Hardik Pandya,Mumbai Indians,1000000.0,0.1,2014,,,,,,,,,,,,,,,,,,,,,,,,,,,,,,,,,,,,,False
2015,527663,J Suchith,Mumbai Indians,1000000.0,0.1,2014,,,,,,,,,,,,,,,,,,,,,,,,,,,,,,,,,,,,,False
2015,319439,Mitchell McClenaghan,Mumbai Indians,3000000.0,0.3,2014,,,,,,,,,,,,,,,,,,,,,,,,,,,,,,,,,,,,,False
2015,604527,Nitish Rana,Mumbai Indians,1000000.0,0.1,2014,,,,,,,,,,,,,,,,,,,,,,,,,,,,,,,,,,,,,False
2015,32130,Pragyan Ojha,Mumbai Indians,5000000.0,0.5,2014,Pragyan Prayash Ojha,"September 05, 1986, Bhubaneswar, Orissa",39y 305d,India,Bowler,2008 - 2013,IPL 2014,MI,12.0,3,2,4,2,4.00,8,50.00,0,0,0,0,0.0,0.0,4,8.26,276,2/30,2/30,95.00,69.0,0,0,0,"June 06, 2009","June 13, 2010","June 28, 2008","July 24, 2012",True
2015,422342,Siddhesh Lad,Mumbai Indians,1000000.0,0.1,2014,,,,,,,,,,,,,,,,,,,,,,,,,,,,,,,,,,,,,False
2015,237095,M Vijay,Punjab Kings,30000000.0,3.0,2014,Murali Vijay,"April 01, 1984, Chennai",42y 89d,India,Opening Batter,2008 - 2018,IPL 2014,DC,11.0,11,0,207,52,18.81,192,107.81,0,1,20,5,8.0,0.0,0,13.00,6,-,-,-,-,0,0,0,"May 01, 2010","July 19, 2015","February 27, 2010","July 14, 2015",True
2015,554700,Nikhil Naik,Punjab Kings,3000000.0,0.3,2014,,,,,,,,,,,,,,,,,,,,,,,,,,,,,,,,,,,,,False
2015,29048,Yogesh Golwalkar,Punjab Kings,1000000.0,0.1,2014,,,,,,,,,,,,,,,,,,,,,,,,,,,,,,,,,,,,,False
2015,537126,Brainder Sran,Rajasthan Royals,1000000.0,0.1,2014,,,,,,,,,,,,,,,,,,,,,,,,,,,,,,,,,,,,,False
2015,439952,Chris Morris,Rajasthan Royals,14000000.0,1.4,2014,,,,,,,,,,,,,,,,,,,,,,,,,,,,,,,,,,,,,False
2015,278482,Dinesh Salunkhe,Rajasthan Royals,1000000.0,0.1,2014,,,,,,,,,,,,,,,,,,,,,,,,,,,,,,,,,,,,,False
2015,34155,Pardeep Sahu,Rajasthan Royals,1000000.0,0.1,2014,,,,,,,,,,,,,,,,,,,,,,,,,,,,,,,,,,,,,False
2015,223642,Rusty Theron,Rajasthan Royals,3000000.0,0.3,2014,,,,,,,,,,,,,,,,,,,,,,,,,,,,,,,,,,,,,False
2015,856285,Sagar Trivedi,Rajasthan Royals,1000000.0,0.1,2014,,,,,,,,,,,,,,,,,,,,,,,,,,,,,,,,,,,,,False
2015,450860,Adam Milne,Royal Challengers Bangalore,7000000.0,0.7,2014,,,,,,,,,,,,,,,,,,,,,,,,,,,,,,,,,,,,,False
2015,53115,Darren Sammy,Royal Challengers Bangalore,28000000.0,2.8,2014,Daren Julius Garvey Sammy,"December 20, 1983, Micoud, St Lucia",42y 200d,West Indies,Allrounder,2004 - 2017,IPL 2014,SRH,10.0,9,2,108,29,15.42,91,118.68,0,0,4,8,5.0,0.0,3,11.21,84,1/20,1/20,52.33,28.0,0,0,0,"June 28, 2007","September 15, 2017","July 08, 2004","March 21, 2015",True
2015,221140,David Wiese,Royal Challengers Bangalore,28000000.0,2.8,2014,,,,,,,,,,,,,,,,,,,,,,,,,,,,,,,,,,,,,False
2015,30045,Dinesh Karthik,Royal Challengers Bangalore,105000000.0,10.5,2014,Krishnakumar Dinesh Karthik,"June 01, 1985, Madras (now Chennai), Tamil Nadu",41y 33d,India,Wicketkeeper Batter,2004 - 2022,IPL 2014,DC,14.0,14,0,325,69,23.21,258,125.96,0,3,28,11,7.0,2.0,-,-,-,-,-,-,-,-,-,-,"December 01, 2006","November 02, 2022","September 05, 2004","India vs New Zealand  at Manchester - July 09 - 10, 2019",True
2015,237199,Jalaj Saxena,Royal Challengers Bangalore,1000000.0,0.1,2014,,,,,,,,,,,,,,,,,,,,,,,,,,,,,,,,,,,,,False
2015,26806,S Badrinath,Royal Challengers Bangalore,3000000.0,0.3,2014,,,,,,,,,,,,,,,,,,,,,,,,,,,,,,,,,,,,,False
2015,642525,Sarfaraz Khan,Royal Challengers Bangalore,5000000.0,0.5,2014,,,,,,,,,,,,,,,,,,,,,,,,,,,,,,,,,,,,,False
2015,398666,Sean Abbott,Royal Challengers Bangalore,10000000.0,1.0,2014,,,,,,,,,,,,,,,,,,,,,,,,,,,,,,,,,,,,,False
2015,474794,Shishir Bhavane,Royal Challengers Bangalore,1000000.0,0.1,2014,,,,,,,,,,,,,,,,,,,,,,,,,,,,,,,,,,,,,False
2015,24598,Eoin Morgan,Sunrisers Hyderabad,15000000.0,1.5,2014,,,,,,,,,,,,,,,,,,,,,,,,,,,,,,,,,,,,,False
2015,452044,Hanuma Vihari,Sunrisers Hyderabad,1000000.0,0.1,2014,,,,,,,,,,,,,,,,,,,,,,,,,,,,,,,,,,,,,False
2015,277906,Kane Williamson,Sunrisers Hyderabad,6000000.0,0.6,2014,,,,,,,,,,,,,,,,,,,,,,,,,,,,,,,,,,,,,False
2015,19296,Kevin Pietersen,Sunrisers Hyderabad,20000000.0,2.0,2014,Kevin Peter Pietersen,"June 27, 1980, Pietermaritzburg, Natal",46y 7d,England,Top order Batter,2004 - 2014,IPL 2014,DC,11.0,11,1,294,58,29.40,233,126.18,0,1,34,7,2.0,0.0,-,-,-,-,-,-,-,-,-,-,"June 13, 2005","June 27, 2013","November 28, 2004","September 16, 2013",True
2015,34019,Laxmi Shukla,Sunrisers Hyderabad,3000000.0,0.3,2014,Laxmi Ratan Shukla,"May 06, 1981, Howrah (now Haora), Bengal",45y 59d,India,Allrounder,1999 - 1999,IPL 2014,DC,5.0,3,0,31,21,10.33,38,81.57,0,0,2,1,1.0,0.0,1,8.89,56,1/31,1/31,83.00,56.0,0,0,0,,,"March 22, 1999","September 05, 1999",True
2015,32211,Padmanabhan Prasanth,Sunrisers Hyderabad,1000000.0,0.1,2014,,,,,,,,,,,,,,,,,,,,,,,,,,,,,,,,,,,,,False
2015,30732,Praveen Kumar,Sunrisers Hyderabad,22000000.0,2.2,2014,Praveenkumar Sakat Singh,"October 02, 1986, Meerut, Uttar Pradesh",39y 275d,India,Bowler,2007 - 2012,IPL 2014,MI,3.0,1,0,1,1,1.00,2,50.00,0,0,0,0,0.0,0.0,3,6.50,72,2/31,2/31,26.00,24.0,0,0,0,"February 01, 2008","March 30, 2012","November 18, 2007","March 18, 2012",True
2015,10582,Ravi Bopara,Sunrisers Hyderabad,10000000.0,1.0,2014,,,,,,,,,,,,,,,,,,,,,,,,,,,,,,,,,,,,,False
2015,326017,Siddarth Kaul,Sunrisers Hyderabad,1000000.0,0.1,2014,Siddarth Kaul,"May 19, 1990, Pathankot, Punjab",36y 49d,India,Bowler,2018 - 2019,IPL 2014,DC,5.0,1,1,2,2*,-,2,100.00,0,0,0,0,0.0,0.0,2,9.69,78,1/5,1/5,63.00,39.0,0,0,0,"June 29, 2018","February 27, 2019","July 12, 2018","September 25, 2018",True
2015,277912,Trent Boult,Sunrisers Hyderabad,38000000.0,3.8,2014,,,,,,,,,,,,,,,,,,,,,,,,,,,,,,,,,,,,,False
2016,532851,Akhil Herwadkar,Delhi Capitals,1000000.0,0.1,2015,,,,,,,,,,,,,,,,,,,,,,,,,,,,,,,,,,,,,False
2016,457249,Carlos Brathwaite,Delhi Capitals,42000000.0,4.2,2015,,,,,,,,,,,,,,,,,,,,,,,,,,,,,,,,,,,,,False
2016,604616,Chama Milind,Delhi Capitals,1000000.0,0.1,2015,,,,,,,,,,,,,,,,,,,,,,,,,,,,,,,,,,,,,False
2016,439952,Chris Morris,Delhi Capitals,70000000.0,7.0,2015,Christopher Henry Morris,"April 30, 1987, Pretoria, Transvaal",39y 60d,South Africa,Bowling Allrounder,2012 - 2019,IPL 2015,RR,11.0,7,5,76,34*,38.00,46,165.21,0,0,3,5,3.0,0.0,13,7.40,252,4/23,4/23,23.92,19.3,1,0,0,"December 21, 2012","March 24, 2019","June 10, 2013","July 06, 2019",True
2016,501012,Joel Paris,Delhi Capitals,3000000.0,0.3,2015,,,,,,,,,,,,,,,,,,,,,,,,,,,,,,,,,,,,,False
2016,398439,Karun Nair,Delhi Capitals,40000000.0,4.0,2015,Karun Nair,"December 06, 1991, Jodhpur, Rajasthan",34y 210d,India,Top order Batter,2016 - 2025,IPL 2015,RR,14.0,12,1,181,61,16.45,145,124.82,0,1,18,5,3.0,0.0,-,-,-,-,-,-,-,-,-,-,,,"June 11, 2016","June 13, 2016",True
2016,942645,Khaleel Ahmed,Delhi Capitals,1000000.0,0.1,2015,,,,,,,,,,,,,,,,,,,,,,,,,,,,,,,,,,,,,False
2016,853265,Mahipal Lomror,Delhi Capitals,1000000.0,0.1,2015,,,,,,,,,,,,,,,,,,,,,,,,,,,,,,,,,,,,,False
2016,530773,Pawan Negi,Delhi Capitals,85000000.0,8.5,2015,Pawan Negi,"January 06, 1993, Delhi",33y 174d,India,Bowler,2016 - 2016,IPL 2015,CSK,10.0,9,1,116,36,14.50,73,158.90,0,0,10,5,4.0,0.0,6,8.40,180,2/25,2/25,42.00,30.0,0,0,0,"March 03, 2016","Delhi vs Haryana  at Delhi - November 03 - 06, 2011",,,True
2016,431213,Pawan Suyal,Delhi Capitals,1000000.0,0.1,2015,Pawan Shakland Suyal,"October 15, 1989, Paudi, Uttaranchal",36y 265d,India,Bowler,-,IPL 2015,MI,3.0,-,-,-,-,-,-,-,-,-,-,-,0.0,0.0,0,9.50,60,-,-,-,-,0,0,0,,,,,True
2016,717205,Pratyush Singh,Delhi Capitals,1000000.0,0.1,2015,,,,,,,,,,,,,,,,,,,,,,,,,,,,,,,,,,,,,False
2016,931581,Rishabh Pant,Delhi Capitals,19000000.0,1.9,2015,,,,,,,,,,,,,,,,,,,,,,,,,,,,,,,,,,,,,False
2016,297628,Sam Billings,Delhi Capitals,3000000.0,0.3,2015,,,,,,,,,,,,,,,,,,,,,,,,,,,,,,,,,,,,,False
2016,425943,Sanju Samson,Delhi Capitals,42000000.0,4.2,2015,Sanju Viswanath Samson,"November 11, 1994, Pulluvila, Vizhinjam, Trivandrum",31y 230d,India,Wicketkeeper Batter,2014 - 2026,IPL 2015,RR,14.0,11,1,204,76,20.40,163,125.15,0,1,16,8,9.0,0.0,-,-,-,-,-,-,-,-,-,-,"July 19, 2015","June 28, 2026","July 23, 2021","December 21, 2023",True
2016,5334,Aaron Finch,Gujarat Lions,10000000.0,1.0,2015,Aaron James Finch,"November 17, 1986, Colac, Victoria",39y 229d,Australia,Top order Batter,2011 - 2022,IPL 2015,MI,3.0,3,1,23,10*,11.50,33,69.69,0,0,4,0,0.0,0.0,-,-,-,-,-,-,-,-,-,-,"January 12, 2011","October 31, 2022","January 11, 2013","September 11, 2022",True
2016,500360,Akshdeep Nath,Gujarat Lions,1000000.0,0.1,2015,,,,,,,,,,,,,,,,,,,,,,,,,,,,,,,,,,,,,False
2016,604550,Amit Mishra,Gujarat Lions,1000000.0,0.1,2015,,,,,,,,,,,,,,,,,,,,,,,,,,,,,,,,,,,,,False
2016,459508,Andrew Tye,Gujarat Lions,5000000.0,0.5,2015,,,,,,,,,,,,,,,,,,,,,,,,,,,,,,,,,,,,,False
2016,47492,Dale Steyn,Gujarat Lions,23000000.0,2.3,2015,Dale Willem Steyn,"June 27, 1983, Phalaborwa",43y 7d,South Africa,Bowler,2004 - 2020,IPL 2015,SRH,6.0,3,2,20,19*,20.00,13,153.84,0,0,3,0,2.0,0.0,3,8.94,114,2/38,2/38,56.66,38.0,0,0,0,"November 23, 2007","February 21, 2020","August 17, 2005","March 13, 2019",True
2016,277955,Dhawal Kulkarni,Gujarat Lions,20000000.0,2.0,2015,Dhawal Sunil Kulkarni,"December 10, 1988, Bombay (now Mumbai), Maharashtra",37y 206d,India,Bowler,2014 - 2016,IPL 2015,RR,11.0,2,0,4,3,2.00,11,36.36,0,0,0,0,5.0,0.0,13,7.91,210,2/9,2/9,21.30,16.1,0,0,0,"June 20, 2016","June 22, 2016","September 02, 2014","October 26, 2016",True
2016,30045,Dinesh Karthik,Gujarat Lions,23000000.0,2.3,2015,Krishnakumar Dinesh Karthik,"June 01, 1985, Madras (now Chennai), Tamil Nadu",41y 33d,India,Wicketkeeper Batter,2004 - 2022,IPL 2015,RCB,16.0,11,0,141,28,12.81,117,120.51,0,0,15,4,14.0,4.0,-,-,-,-,-,-,-,-,-,-,"December 01, 2006","November 02, 2022","September 05, 2004","India vs New Zealand  at Manchester - July 09 - 10, 2019",True
2016,53118,Dwayne Smith,Gujarat Lions,23000000.0,2.3,2015,Dwayne Romel Smith,"April 12, 1983, Storey Gap, Codrington Hill, St Michael, Barbados",43y 78d,West Indies,Allrounder,2004 - 2015,IPL 2015,CSK,16.0,16,0,399,62,24.93,335,119.10,0,2,52,16,9.0,0.0,1,8.50,12,1/17,1/17,17.00,12.0,0,0,0,"February 16, 2006","January 14, 2015","January 25, 2004","March 15, 2015",True
2016,340841,Eklavya Dwivedi,Gujarat Lions,10000000.0,1.0,2015,,,,,,,,,,,,,,,,,,,,,,,,,,,,,,,,,,,,,False
2016,720471,Ishan Kishan,Gujarat Lions,3500000.0,0.35,2015,,,,,,,,,,,,,,,,,,,,,,,,,,,,,,,,,,,,,False
2016,34997,Jaydev Shah,Gujarat Lions,2000000.0,0.2,2015,,,,,,,,,,,,,,,,,,,,,,,,,,,,,,,,,,,,,False
2016,28160,Paras Dogra,Gujarat Lions,1000000.0,0.1,2015,,,,,,,,,,,,,,,,,,,,,,,,,,,,,,,,,,,,,False
2016,279545,Pradeep Sangwan,Gujarat Lions,2000000.0,0.2,2015,,,,,,,,,,,,,,,,,,,,,,,,,,,,,,,,,,,,,False
2016,30732,Praveen Kumar,Gujarat Lions,35000000.0,3.5,2015,Praveenkumar Sakat Singh,"October 02, 1986, Meerut, Uttar Pradesh",39y 275d,India,Bowler,2007 - 2012,IPL 2015,SRH,12.0,4,1,17,12,5.66,25,68.00,0,0,1,0,3.0,0.0,7,9.13,216,2/35,2/35,47.00,30.8,0,0,0,"February 01, 2008","March 30, 2012","November 18, 2007","March 18, 2012",True
2016,587152,Pravin Tambe,Gujarat Lions,2000000.0,0.2,2015,Pravin Vijay Tambe,"October 08, 1971, Bombay (now Mumbai), Maharashtra",54y 269d,India,Bowler,-,IPL 2015,RR,10.0,2,2,3,2*,-,5,60.00,0,0,0,0,1.0,0.0,7,7.82,204,2/21,2/21,38.00,29.1,0,0,0,,,,,True
2016,317292,Sarabjit Ladda,Gujarat Lions,1000000.0,0.1,2015,,,,,,,,,,,,,,,,,,,,,,,,,,,,,,,,,,,,,False
2016,29655,Shadab Jakati,Gujarat Lions,2000000.0,0.2,2015,,,,,,,,,,,,,,,,,,,,,,,,,,,,,,,,,,,,,False
2016,917213,Shivil Kaushik,Gujarat Lions,1000000.0,0.1,2015,,,,,,,,,,,,,,,,,,,,,,,,,,,,,,,,,,,,,False
2016,596945,Umang Sharma,Gujarat Lions,1000000.0,0.1,2015,,,,,,,,,,,,,,,,,,,,,,,,,,,,,,,,,,,,,False
2016,591650,Ankit Rajpoot,Kolkata Knight Riders,15000000.0,1.5,2015,,,,,,,,,,,,,,,,,,,,,,,,,,,,,,,,,,,,,False
2016,232359,Colin Munro,Kolkata Knight Riders,3000000.0,0.3,2015,,,,,,,,,,,,,,,,,,,,,,,,,,,,,,,,,,,,,False
2016,391485,Jason Holder,Kolkata Knight Riders,7000000.0,0.7,2015,,,,,,,,,,,,,,,,,,,,,,,,,,,,,,,,,,,,,False
2016,390484,Jaydev Unadkat,Kolkata Knight Riders,16000000.0,1.6,2015,Jaydev Dipakbhai Unadkat,"October 18, 1991, Porbandar",34y 259d,India,Bowler,2010 - 2023,IPL 2015,DC,1.0,-,-,-,-,-,-,-,-,-,-,-,0.0,0.0,0,10.00,18,-,-,-,-,0,0,0,"June 18, 2016","March 18, 2018","July 24, 2013","August 01, 2023",True
2016,228622,John Hastings,Kolkata Knight Riders,13000000.0,1.3,2015,,,,,,,,,,,,,,,,,,,,,,,,,,,,,,,,,,,,,False
2016,339955,Manan Sharma,Kolkata Knight Riders,1000000.0,0.1,2015,,,,,,,,,,,,,,,,,,,,,,,,,,,,,,,,,,,,,False
2016,33870,R Sathish,Kolkata Knight Riders,2000000.0,0.2,2015,,,,,,,,,,,,,,,,,,,,,,,,,,,,,,,,,,,,,False
2016,807791,Deepak Punia,Mumbai Indians,1000000.0,0.1,2015,,,,,,,,,,,,,,,,,,,,,,,,,,,,,,,,,,,,,False
2016,721867,Jitesh Sharma,Mumbai Indians,1000000.0,0.1,2015,,,,,,,,,,,,,,,,,,,,,,,,,,,,,,,,,,,,,False
2016,308967,Jos Buttler,Mumbai Indians,38000000.0,3.8,2015,,,,,,,,,,,,,,,,,,,,,,,,,,,,,,,,,,,,,False
2016,919241,Kishore Kamath,Mumbai Indians,14000000.0,1.4,2015,,,,,,,,,,,,,,,,,,,,,,,,,,,,,,,,,,,,,False
2016,471342,Krunal Pandya,Mumbai Indians,20000000.0,2.0,2015,,,,,,,,,,,,,,,,,,,,,,,,,,,,,,,,,,,,,False
2016,853259,Nathu Singh,Mumbai Indians,32000000.0,3.2,2015,,,,,,,,,,,,,,,,,,,,,,,,,,,,,,,,,,,,,False
2016,232364,Tim Southee,Mumbai Indians,25000000.0,2.5,2015,Timothy Grant Southee,"December 11, 1988, Whangarei, Northland",37y 200d,New Zealand,Bowler,2008 - 2024,IPL 2015,RR,7.0,3,2,13,7*,13.00,9,144.44,0,0,1,0,4.0,0.0,6,8.82,168,2/32,2/32,41.16,28.0,0,0,0,"February 05, 2008","June 17, 2024","June 15, 2008","November 15, 2023",True
2016,960369,Armaan Jaffer,Punjab Kings,1000000.0,0.1,2015,,,,,,,,,,,,,,,,,,,,,,,,,,,,,,,,,,,,,False
2016,44410,Farhaan Behardien,Punjab Kings,3000000.0,0.3,2015,,,,,,,,,,,,,,,,,,,,,,,,,,,,,,,,,,,,,False
2016,777537,KC Cariappa,Punjab Kings,8000000.0,0.8,2015,Konganda Charamanna Cariappa,"April 13, 1994, Bangalore, Karnataka",32y 83d,India,Bowler,-,IPL 2015,KKR,1.0,-,-,-,-,-,-,-,-,-,-,-,0.0,0.0,1,14.00,12,1/28,1/28,28.00,12.0,0,0,0,,,,,True
2016,297583,Kyle Abbott,Punjab Kings,21000000.0,2.1,2015,,,,,,,,,,,,,,,,,,,,,,,,,,,,,,,,,,,,,False
2016,325012,Marcus Stoinis,Punjab Kings,5500000.0,0.55,2015,,,,,,,,,,,,,,,,,,,,,,,,,,,,,,,,,,,,,False
2016,537119,Mohit Sharma,Punjab Kings,65000000.0,6.5,2015,Mohit Mahipal Sharma,"September 18, 1988, Ballabhgarh, Haryana",37y 284d,India,Bowler,2013 - 2015,IPL 2015,CSK,16.0,6,3,28,21*,9.33,18,155.55,0,0,1,2,5.0,0.0,14,8.43,342,3/25,3/25,34.35,24.4,0,0,0,"March 30, 2014","October 05, 2015","August 01, 2013","October 25, 2015",True
2016,34155,Pardeep Sahu,Punjab Kings,1000000.0,0.1,2015,,,,,,,,,,,,,,,,,,,,,,,,,,,,,,,,,,,,,False
2016,232292,Swapnil Singh,Punjab Kings,1000000.0,0.1,2015,,,,,,,,,,,,,,,,,,,,,,,,,,,,,,,,,,,,,False
2016,379504,Adam Zampa,Rising Pune Supergiants,3000000.0,0.3,2015,,,,,,,,,,,,,,,,,,,,,,,,,,,,,,,,,,,,,False
2016,422992,Ankit Sharma,Rising Pune Supergiants,1000000.0,0.1,2015,Ankit Nagendra Sharma,"April 20, 1991, Gwalior, Madhya Pradesh",35y 76d,India,Bowler,-,IPL 2015,RR,4.0,2,1,7,7*,7.00,6,116.66,0,0,1,0,2.0,0.0,3,8.14,84,1/26,1/26,38.00,28.0,0,0,0,,,,,True
2016,604534,Ankush Bains,Rising Pune Supergiants,1000000.0,0.1,2015,,,,,,,,,,,,,,,,,,,,,,,,,,,,,,,,,,,,,False
2016,227712,Ashok Dinda,Rising Pune Supergiants,5000000.0,0.5,2015,Ashok Bhimchandra Dinda,"March 25, 1984, Medinipur, Calcutta (now Kolkata)",42y 102d,India,Bowler,2009 - 2013,IPL 2015,RCB,2.0,-,-,-,-,-,-,-,-,-,-,-,1.0,0.0,0,12.40,30,-,-,-,-,0,0,0,"December 09, 2009","December 28, 2012","May 28, 2010","January 11, 2013",True
2016,477071,Baba Aparajith,Rising Pune Supergiants,1000000.0,0.1,2015,,,,,,,,,,,,,,,,,,,,,,,,,,,,,,,,,,,,,False
2016,447261,Deepak Chahar,Rising Pune Supergiants,1000000.0,0.1,2015,,,,,,,,,,,,,,,,,,,,,,,,,,,,,,,,,,,,,False
2016,32685,Irfan Pathan,Rising Pune Supergiants,10000000.0,1.0,2015,,,,,,,,,,,,,,,,,,,,,,,,,,,,,,,,,,,,,False
2016,236779,Ishant Sharma,Rising Pune Supergiants,38000000.0,3.8,2015,Ishant Sharma,"September 02, 1988, Delhi",37y 305d,India,Bowler,2007 - 2021,IPL 2015,SRH,4.0,-,-,-,-,-,-,-,-,-,-,-,0.0,0.0,1,11.35,84,1/25,1/25,159.00,84.0,0,0,0,"February 01, 2008","October 10, 2013","June 29, 2007","January 23, 2016",True
2016,447439,Ishwar Pandey,Rising Pune Supergiants,2000000.0,0.2,2015,Ishwar Chand Pandey,"August 15, 1989, Rewa, Madhya Pradesh",36y 318d,India,Bowler,-,IPL 2015,CSK,10.0,-,-,-,-,-,-,-,-,-,-,-,2.0,0.0,11,7.19,186,2/27,2/27,20.27,16.9,0,0,0,,,,,True
2016,376102,Jaskaran Singh,Rising Pune Supergiants,1000000.0,0.1,2015,,,,,,,,,,,,,,,,,,,,,,,,,,,,,,,,,,,,,False
2016,19296,Kevin Pietersen,Rising Pune Supergiants,35000000.0,3.5,2015,,,,,,,,,,,,,,,,,,,,,,,,,,,,,,,,,,,,,False
2016,528067,M Ashwin,Rising Pune Supergiants,45000000.0,4.5,2015,,,,,,,,,,,,,,,,,,,,,,,,,,,,,,,,,,,,,False
2016,272450,Mitchell Marsh,Rising Pune Supergiants,48000000.0,4.8,2015,,,,,,,,,,,,,,,,,,,,,,,,,,,,,,,,,,,,,False
2016,334337,Peter Handscomb,Rising Pune Supergiants,3000000.0,0.3,2015,,,,,,,,,,,,,,,,,,,,,,,,,,,,,,,,,,,,,False
2016,35280,RP Singh,Rising Pune Supergiants,3000000.0,0.3,2015,,,,,,,,,,,,,,,,,,,,,,,,,,,,,,,,,,,,,False
2016,26907,Rajat Bhatia,Rising Pune Supergiants,6000000.0,0.6,2015,Rajat Bhatia,"October 22, 1979, Delhi",46y 256d,India,Allrounder,-,IPL 2015,RR,2.0,1,0,0,0,0.00,1,0.00,0,0,0,0,0.0,0.0,0,9.20,30,-,-,-,-,0,0,0,,,,,True
2016,446548,Scott Boland,Rising Pune Supergiants,5000000.0,0.5,2015,,,,,,,,,,,,,,,,,,,,,,,,,,,,,,,,,,,,,False
2016,233514,Thisara Perera,Rising Pune Supergiants,10000000.0,1.0,2015,Narangoda Liyanaarachchilage Thisara Chirantha Perera,"April 03, 1989, Colombo",37y 87d,Sri Lanka,Bowling Allrounder,2009 - 2021,IPL 2015,PBKS,2.0,2,0,12,9,6.00,15,80.00,0,0,0,1,0.0,0.0,1,9.16,36,1/33,1/33,55.00,36.0,0,0,0,"May 03, 2010","March 07, 2021","December 24, 2009","March 14, 2021",True
2016,528730,Akshay Karnewar,Royal Challengers Bangalore,1000000.0,0.1,2015,,,,,,,,,,,,,,,,,,,,,,,,,,,,,,,,,,,,,False
2016,277237,Iqbal Abdulla,Royal Challengers Bangalore,1000000.0,0.1,2015,Sayed Iqbal Abdulla,"December 02, 1989, Azamgarh",36y 215d,India,Allrounder,-,IPL 2015,RCB,5.0,2,0,20,20,10.00,18,111.11,0,0,4,0,1.0,0.0,4,7.89,114,2/36,2/36,37.50,28.5,0,0,0,,,,,True
2016,272262,Kane Richardson,Royal Challengers Bangalore,20000000.0,2.0,2015,,,,,,,,,,,,,,,,,,,,,,,,,,,,,,,,,,,,,False
2016,777515,Praveen Dubey,Royal Challengers Bangalore,3500000.0,0.35,2015,,,,,,,,,,,,,,,,,,,,,,,,,,,,,,,,,,,,,False
2016,432783,Sachin Baby,Royal Challengers Bangalore,1000000.0,0.1,2015,,,,,,,,,,,,,,,,,,,,,,,,,,,,,,,,,,,,,False
2016,51433,Samuel Badree,Royal Challengers Bangalore,5000000.0,0.5,2015,,,,,,,,,,,,,,,,,,,,,,,,,,,,,,,,,,,,,False
2016,8180,Shane Watson,Royal Challengers Bangalore,95000000.0,9.5,2015,Shane Robert Watson,"June 17, 1981, Ipswich, Queensland",45y 12d,Australia,Allrounder,2002 - 2016,IPL 2015,RR,10.0,9,1,347,104*,43.37,257,135.01,1,1,37,14,1.0,0.0,6,9.27,174,2/36,2/36,44.83,29.0,0,0,0,"February 24, 2006","March 27, 2016","March 24, 2002","September 05, 2015",True
2016,27223,Stuart Binny,Royal Challengers Bangalore,20000000.0,2.0,2015,Stuart Terence Roger Binny,"June 03, 1984, Bangalore, Karnataka",42y 33d,India,Allrounder,2014 - 2016,IPL 2015,RR,13.0,8,4,74,20,18.50,66,112.12,0,0,7,1,5.0,0.0,4,7.36,114,2/27,2/27,35.00,28.5,0,0,0,"July 17, 2015","August 27, 2016","January 28, 2014","October 11, 2015",True
2016,530011,Travis Head,Royal Challengers Bangalore,5000000.0,0.5,2015,,,,,,,,,,,,,,,,,,,,,,,,,,,,,,,,,,,,,False
2016,474519,Vikas Tokas,Royal Challengers Bangalore,1000000.0,0.1,2015,,,,,,,,,,,,,,,,,,,,,,,,,,,,,,,,,,,,,False
2016,31738,Vikramjeet Malik,Royal Challengers Bangalore,2000000.0,0.2,2015,,,,,,,,,,,,,,,,,,,,,,,,,,,,,,,,,,,,,False
2016,310958,Abhimanyu Mithun,Sunrisers Hyderabad,3000000.0,0.3,2015,,,,,,,,,,,,,,,,,,,,,,,,,,,,,,,,,,,,,False
2016,333904,Aditya Tare,Sunrisers Hyderabad,12000000.0,1.2,2015,Aditya Prakash Tare,"November 07, 1987, Bombay (now Mumbai), Maharashtra",38y 239d,India,Wicketkeeper,-,IPL 2015,MI,2.0,2,0,14,7,7.00,17,82.35,0,0,1,0,1.0,0.0,-,-,-,-,-,-,-,-,-,-,,,,,True
2016,31820,Ashish Nehra,Sunrisers Hyderabad,55000000.0,5.5,2015,Ashish Nehra,"April 29, 1979, Delhi",47y 61d,India,Bowler,1999 - 2017,IPL 2015,CSK,16.0,4,3,1,1*,1.00,7,14.28,0,0,0,0,3.0,0.0,22,7.24,372,4/10,4/10,20.40,16.9,1,0,0,"December 09, 2009","November 01, 2017","June 24, 2001","March 30, 2011",True
2016,537126,Barinder Sran,Sunrisers Hyderabad,12000000.0,1.2,2015,Barinder Balbirsingh Sran,"December 10, 1992, Sirsa",33y 209d,India,Bowler,2016 - 2016,IPL 2015,RR,1.0,-,-,-,-,-,-,-,-,-,-,-,0.0,0.0,0,11.66,18,-,-,-,-,0,0,0,"June 20, 2016","June 22, 2016","January 12, 2016","June 15, 2016",True
2016,230371,Ben Cutting,Sunrisers Hyderabad,5000000.0,0.5,2015,,,,,,,,,,,,,,,,,,,,,,,,,,,,,,,,,,,,,False
2016,497121,Deepak Hooda,Sunrisers Hyderabad,42000000.0,4.2,2015,Deepak Jagbir Hooda,"April 19, 1995, Rohtak",31y 71d,India,Allrounder,2022 - 2023,IPL 2015,RR,14.0,9,0,151,54,16.77,95,158.94,0,1,6,11,1.0,0.0,1,8.50,91,1/35,1/35,129.00,91.0,0,0,0,"February 24, 2022","February 01, 2023","February 06, 2022","November 30, 2022",True
2016,330902,Mustafizur Rahman,Sunrisers Hyderabad,14000000.0,1.4,2015,,,,,,,,,,,,,,,,,,,,,,,,,,,,,,,,,,,,,False
2016,34281,T Suman,Sunrisers Hyderabad,1000000.0,0.1,2015,,,,,,,,,,,,,,,,,,,,,,,,,,,,,,,,,,,,,False
2016,477021,Vijay Shankar,Sunrisers Hyderabad,3500000.0,0.35,2015,,,,,,,,,,,,,,,,,,,,,,,,,,,,,,,,,,,,,False
2016,36084,Yuvraj Singh,Sunrisers Hyderabad,70000000.0,7.0,2015,Yuvraj Singh,"December 12, 1981, Chandigarh",44y 204d,India,Middle order Batter,2000 - 2017,IPL 2015,DC,14.0,13,0,248,57,19.07,210,118.09,0,2,23,10,2.0,0.0,1,8.00,54,1/14,1/14,72.00,54.0,0,0,0,"September 13, 2007","February 01, 2017","October 03, 2000","June 30, 2017",True
2017,333904,Aditya Tare,Delhi Daredevils,2500000.0,0.25,2016,Aditya Prakash Tare,"November 07, 1987, Bombay (now Mumbai), Maharashtra",38y 239d,India,Wicketkeeper,-,IPL 2016,SRH,3.0,2,0,8,8,4.00,15,53.33,0,0,1,0,1.0,0.0,-,-,-,-,-,-,-,-,-,-,,,,,True
2017,31107,Amit Mishra,Delhi Daredevils,35000000.0,3.5,2016,Amit Mishra,"November 24, 1982, Delhi",43y 222d,India,Bowler,2003 - 2017,IPL 2016,DC,14.0,2,0,4,3,2.00,14,28.57,0,0,0,0,3.0,0.0,13,7.47,276,4/11,4/11,26.46,21.2,1,0,0,"June 13, 2010","February 01, 2017","April 13, 2003","October 29, 2016",True
2017,49764,Angelo Mathews,Delhi Daredevils,20000000.0,2.0,2016,,,,,,,,,,,,,,,,,,,,,,,,,,,,,,,,,,,,,False
2017,327123,Ankit Bawne,Delhi Daredevils,1000000.0,0.1,2016,,,,,,,,,,,,,,,,,,,,,,,,,,,,,,,,,,,,,False
2017,457249,Carlos Brathwaite,Delhi Daredevils,42000000.0,4.2,2016,Carlos Ricardo Brathwaite,"July 18, 1988, Barbados",37y 352d,West Indies,Allrounder,2011 - 2019,IPL 2016,DC,8.0,6,0,83,34,13.83,38,218.42,0,0,6,8,3.0,0.0,7,8.15,139,3/47,3/47,27.00,19.8,0,0,0,"October 11, 2011","August 06, 2019","October 18, 2011","August 14, 2019",True
2017,604616,Chama Milind,Delhi Daredevils,1000000.0,0.1,2016,,,,,,,,,,,,,,,,,,,,,,,,,,,,,,,,,,,,,False
2017,439952,Chris Morris,Delhi Daredevils,70000000.0,7.0,2016,Christopher Henry Morris,"April 30, 1987, Pretoria, Transvaal",39y 60d,South Africa,Bowling Allrounder,2012 - 2019,IPL 2016,DC,12.0,7,4,195,82*,65.00,109,178.89,0,1,15,12,8.0,0.0,13,7.00,264,2/30,2/30,23.69,20.3,0,0,0,"December 21, 2012","March 24, 2019","June 10, 2013","July 06, 2019",True
2017,277662,Corey Anderson,Delhi Daredevils,10000000.0,1.0,2016,,,,,,,,,,,,,,,,,,,,,,,,,,,,,,,,,,,,,False
2017,44932,JP Duminy,Delhi Daredevils,22000000.0,2.2,2016,Jean-Paul Duminy,"April 14, 1984, Strandfontein, Cape Town, Cape Province",42y 83d,South Africa,Batting Allrounder,2004 - 2019,IPL 2016,DC,10.0,8,3,191,49*,38.20,156,122.43,0,0,13,3,3.0,0.0,2,7.85,42,1/4,1/4,27.50,21.0,0,0,0,"September 15, 2007","March 24, 2019","August 20, 2004","July 06, 2019",True
2017,447587,Jayant Yadav,Delhi Daredevils,1000000.0,0.1,2016,Jayant Yadav,"January 22, 1990, Delhi",36y 163d,India,Bowler,2016 - 2022,IPL 2016,DC,5.0,2,0,6,5,3.00,10,60.00,0,0,0,0,1.0,0.0,2,7.35,102,1/23,1/23,62.50,51.0,0,0,0,,,"October 29, 2016","January 23, 2022",True
2017,550215,Kagiso Rabada,Delhi Daredevils,50000000.0,5.0,2016,,,,,,,,,,,,,,,,,,,,,,,,,,,,,,,,,,,,,False
2017,398439,Karun Nair,Delhi Daredevils,40000000.0,4.0,2016,Karun Nair,"December 06, 1991, Jodhpur, Rajasthan",34y 210d,India,Top order Batter,2016 - 2025,IPL 2016,DC,14.0,12,2,357,83*,35.70,297,120.20,0,3,40,6,3.0,0.0,-,-,-,-,-,-,-,-,-,-,,,"June 11, 2016","June 13, 2016",True
2017,942645,Khaleel Ahmed,Delhi Daredevils,1000000.0,0.1,2016,,,,,,,,,,,,,,,,,,,,,,,,,,,,,,,,,,,,,False
2017,528067,M Ashwin,Delhi Daredevils,10000000.0,1.0,2016,Murugan Ashwin,"September 08, 1990, Chennai, Tamil Nadu",35y 301d,India,Bowler,-,IPL 2016,RPS,10.0,1,0,0,0,0.00,1,0.00,0,0,0,0,0.0,0.0,7,8.45,171,3/36,3/36,34.42,24.4,0,0,0,,,,,True
2017,481896,Mohammed Shami,Delhi Daredevils,42500000.0,4.25,2016,Mohammed Shami Ahmed,"September 03, 1990, Amroha, Uttar Pradesh",35y 304d,India,Bowler,2013 - 2025,IPL 2016,DC,8.0,2,2,2,2*,-,4,50.00,0,0,0,0,1.0,0.0,5,9.69,151,2/34,2/34,48.80,30.2,0,0,0,"March 21, 2014","February 02, 2025","January 06, 2013","March 09, 2025",True
2017,700167,Navdeep Saini,Delhi Daredevils,1000000.0,0.1,2016,,,,,,,,,,,,,,,,,,,,,,,,,,,,,,,,,,,,,False
2017,489889,Pat Cummins,Delhi Daredevils,45000000.0,4.5,2016,,,,,,,,,,,,,,,,,,,,,,,,,,,,,,,,,,,,,False
2017,717205,Pratyush Singh,Delhi Daredevils,1000000.0,0.1,2016,,,,,,,,,,,,,,,,,,,,,,,,,,,,,,,,,,,,,False
2017,379143,Quinton de Kock,Delhi Daredevils,35000000.0,3.5,2016,Quinton de Kock,"December 17, 1992, Johannesburg, Gauteng",33y 200d,South Africa,Wicketkeeper Batter,2012 - 2026,IPL 2016,DC,13.0,13,1,445,108,37.08,327,136.08,1,3,52,13,2.0,2.0,-,-,-,-,-,-,-,-,-,-,"December 21, 2012","March 04, 2026","January 19, 2013","December 06, 2025",True
2017,931581,Rishabh Pant,Delhi Daredevils,19000000.0,1.9,2016,Rishabh Rajendra Pant,"October 04, 1997, Haridwar, Uttarakhand",28y 273d,India,Wicketkeeper Batter,2017 - 2026,IPL 2016,DC,10.0,10,2,198,69,24.75,152,130.26,0,1,19,6,3.0,0.0,-,-,-,-,-,-,-,-,-,-,"February 01, 2017","July 28, 2024","October 21, 2018","August 07, 2024",True
2017,297628,Sam Billings,Delhi Daredevils,3000000.0,0.3,2016,Samuel William Billings,"June 15, 1991, Pembury, Kent",35y 14d,England,Wicketkeeper Batter,2015 - 2022,IPL 2016,DC,5.0,4,0,88,54,22.00,64,137.50,0,1,4,4,3.0,0.0,-,-,-,-,-,-,-,-,-,-,"June 23, 2015","January 30, 2022","June 09, 2015","November 22, 2022",True
2017,425943,Sanju Samson,Delhi Daredevils,42000000.0,4.2,2016,Sanju Viswanath Samson,"November 11, 1994, Pulluvila, Vizhinjam, Trivandrum",31y 230d,India,Wicketkeeper Batter,2014 - 2026,IPL 2016,DC,14.0,14,3,291,60,26.45,259,112.35,0,1,20,8,3.0,1.0,-,-,-,-,-,-,-,-,-,-,"July 19, 2015","June 28, 2026","July 23, 2021","December 21, 2023",True
2017,31872,Shahbaz Nadeem,Delhi Daredevils,8500000.0,0.85,2016,Shahbaz Nadeem,"August 12, 1989, Bokaro, Bihar",36y 326d,India,Bowler,2019 - 2021,IPL 2016,DC,4.0,1,1,1,1*,-,5,20.00,0,0,0,0,0.0,0.0,2,8.46,90,2/23,2/23,63.50,45.0,0,0,0,,,,,True
2017,377534,Shashank Singh,Delhi Daredevils,1000000.0,0.1,2016,,,,,,,,,,,,,,,,,,,,,,,,,,,,,,,,,,,,,False
2017,642519,Shreyas Iyer,Delhi Daredevils,26000000.0,2.6,2016,Shreyas Santosh Iyer,"December 06, 1994, Mumbai",31y 211d,India,Top order Batter,2017 - 2026,IPL 2016,DC,6.0,6,0,30,19,5.00,43,69.76,0,0,2,1,4.0,0.0,-,-,-,-,-,-,-,-,-,-,"November 01, 2017","July 04, 2026","December 10, 2017","June 20, 2026",True
2017,30102,Zaheer Khan,Delhi Daredevils,40000000.0,4.0,2016,Zaheer Khan,"October 08, 1978, Shrirampur, Maharashtra",47y 269d,India,Bowler,2000 - 2014,IPL 2016,DC,12.0,2,0,6,4,3.00,13,46.15,0,0,1,0,0.0,0.0,10,7.71,262,3/21,3/21,33.70,26.2,0,0,0,"December 01, 2006","October 02, 2012","October 03, 2000","August 04, 2012",True
2017,5334,Aaron Finch,Gujarat Lions,10000000.0,1.0,2016,Aaron James Finch,"November 17, 1986, Colac, Victoria",39y 229d,Australia,Top order Batter,2011 - 2022,IPL 2016,GL,13.0,12,2,393,74,39.30,299,131.43,0,5,45,11,3.0,0.0,-,-,-,-,-,-,-,-,-,-,"January 12, 2011","October 31, 2022","January 11, 2013","September 11, 2022",True
2017,500360,Akshdeep Nath,Gujarat Lions,1000000.0,0.1,2016,Akshdeep Deependra Nath,"May 10, 1993, Lucknow",33y 56d,United Arab Emirates,Middle order Batter,2026 - 2026,IPL 2016,GL,4.0,3,0,20,12,6.66,27,74.07,0,0,1,0,0.0,0.0,-,-,-,-,-,-,-,-,-,-,"April 20, 2026","April 21, 2026","April 25, 2026","May 03, 2026",True
2017,459508,Andrew Tye,Gujarat Lions,5000000.0,0.5,2016,,,,,,,,,,,,,,,,,,,,,,,,,,,,,,,,,,,,,False
2017,732291,Basil Thampi,Gujarat Lions,8500000.0,0.85,2016,,,,,,,,,,,,,,,,,,,,,,,,,,,,,,,,,,,,,False
2017,37737,Brendon McCullum,Gujarat Lions,55000000.0,5.5,2016,Brendon Barrie McCullum,"September 27, 1981, Dunedin, Otago",44y 275d,New Zealand,Wicketkeeper Batter,2002 - 2016,IPL 2016,GL,16.0,16,0,354,60,22.12,262,135.11,0,1,38,16,0.0,0.0,-,-,-,-,-,-,-,-,-,-,"February 17, 2005","June 23, 2015","January 17, 2002","February 08, 2016",True
2017,534734,Chirag Suri,Gujarat Lions,1000000.0,0.1,2016,,,,,,,,,,,,,,,,,,,,,,,,,,,,,,,,,,,,,False
2017,277955,Dhawal Kulkarni,Gujarat Lions,20000000.0,2.0,2016,Dhawal Sunil Kulkarni,"December 10, 1988, Bombay (now Mumbai), Maharashtra",37y 206d,India,Bowler,2014 - 2016,IPL 2016,GL,14.0,5,3,27,10,13.50,16,168.75,0,0,3,0,2.0,0.0,18,7.42,294,4/14,4/14,20.22,16.3,1,0,0,"June 20, 2016","June 22, 2016","September 02, 2014","October 26, 2016",True
2017,30045,Dinesh Karthik,Gujarat Lions,23000000.0,2.3,2016,Krishnakumar Dinesh Karthik,"June 01, 1985, Madras (now Chennai), Tamil Nadu",41y 33d,India,Wicketkeeper Batter,2004 - 2022,IPL 2016,GL,16.0,15,2,335,53,25.76,266,125.93,0,3,38,3,11.0,3.0,-,-,-,-,-,-,-,-,-,-,"December 01, 2006","November 02, 2022","September 05, 2004","India vs New Zealand  at Manchester - July 09 - 10, 2019",True
2017,51439,Dwayne Bravo,Gujarat Lions,40000000.0,4.0,2016,Dwayne John Bravo,"October 07, 1983, Santa Cruz, Trinidad",42y 265d,West Indies,Allrounder,2004 - 2021,IPL 2016,GL,15.0,13,5,99,22*,12.37,82,120.73,0,0,11,1,6.0,0.0,17,8.82,336,4/22,4/22,29.05,19.7,1,0,0,"February 16, 2006","November 06, 2021","April 18, 2004","October 17, 2014",True
2017,53118,Dwayne Smith,Gujarat Lions,23000000.0,2.3,2016,Dwayne Romel Smith,"April 12, 1983, Storey Gap, Codrington Hill, St Michael, Barbados",43y 78d,West Indies,Allrounder,2004 - 2015,IPL 2016,GL,12.0,12,1,324,73,29.45,221,146.60,0,3,35,16,7.0,0.0,8,8.50,108,4/8,4/8,19.12,13.5,1,0,0,"February 16, 2006","January 14, 2015","January 25, 2004","March 15, 2015",True
2017,720471,Ishan Kishan,Gujarat Lions,3500000.0,0.35,2016,Ishan Pranav Kumar Pandey Kishan,"July 18, 1998, Patna, Bihar",27y 351d,India,Wicketkeeper Batter,2021 - 2026,IPL 2016,GL,5.0,5,0,42,27,8.40,41,102.43,0,0,5,0,1.0,0.0,-,-,-,-,-,-,-,-,-,-,"March 14, 2021","July 01, 2026","July 18, 2021","June 20, 2026",True
2017,270484,James Faulkner,Gujarat Lions,75000000.0,7.5,2016,James Peter Faulkner,"April 29, 1990, Launceston, Tasmania",36y 66d,Australia,Bowling Allrounder,2012 - 2017,IPL 2016,GL,7.0,5,2,77,32,25.66,59,130.50,0,0,7,0,3.0,0.0,2,9.82,102,1/23,1/23,83.50,51.0,0,0,0,"February 01, 2012","February 22, 2017","February 01, 2013","October 01, 2017",True
2017,298438,Jason Roy,Gujarat Lions,10000000.0,1.0,2016,,,,,,,,,,,,,,,,,,,,,,,,,,,,,,,,,,,,,False
2017,34997,Jaydev Shah,Gujarat Lions,2000000.0,0.2,2016,,,,,,,,,,,,,,,,,,,,,,,,,,,,,,,,,,,,,False
2017,317293,Manpreet Gony,Gujarat Lions,6000000.0,0.6,2016,,,,,,,,,,,,,,,,,,,,,,,,,,,,,,,,,,,,,False
2017,32965,Munaf Patel,Gujarat Lions,3000000.0,0.3,2016,,,,,,,,,,,,,,,,,,,,,,,,,,,,,,,,,,,,,False
2017,853259,Nathu Singh,Gujarat Lions,5000000.0,0.5,2016,,,,,,,,,,,,,,,,,,,,,,,,,,,,,,,,,,,,,False
2017,279545,Pradeep Sangwan,Gujarat Lions,2000000.0,0.2,2016,Pradeep Jaibeer Sangwan,"November 05, 1990, Rasiwas, Delhi",35y 241d,India,Bowler,-,IPL 2016,GL,2.0,-,-,-,-,-,-,-,-,-,-,-,1.0,0.0,0,12.25,24,-,-,-,-,0,0,0,,,,,True
2017,1083464,Pratham Singh,Gujarat Lions,1000000.0,0.1,2016,,,,,,,,,,,,,,,,,,,,,,,,,,,,,,,,,,,,,False
2017,30732,Praveen Kumar,Gujarat Lions,35000000.0,3.5,2016,Praveenkumar Sakat Singh,"October 02, 1986, Meerut, Uttar Pradesh",39y 275d,India,Bowler,2007 - 2012,IPL 2016,GL,16.0,7,3,24,15,6.00,26,92.30,0,0,3,0,2.0,0.0,9,7.78,309,2/19,2/19,44.55,34.3,0,0,0,"February 01, 2008","March 30, 2012","November 18, 2007","March 18, 2012",True
2017,234675,Ravindra Jadeja,Gujarat Lions,95000000.0,9.5,2016,Ravindrasinh Anirudhsinh Jadeja,"December 06, 1988, Navagam-Khed, Saurashtra",37y 205d,India,Allrounder,2009 - 2026,IPL 2016,GL,15.0,15,6,191,36*,21.22,177,107.90,0,0,14,4,4.0,0.0,8,7.74,241,2/18,2/18,38.87,30.1,0,0,0,"February 10, 2009","June 29, 2024","February 08, 2009","January 18, 2026",True
2017,29655,Shadab Jakati,Gujarat Lions,2000000.0,0.2,2016,Shadab Bashir Jakati,"November 27, 1980, Vasco da Gama, Goa",45y 214d,India,Bowler,-,IPL 2016,GL,6.0,1,1,1,1*,-,2,50.00,0,0,0,0,4.0,0.0,2,8.90,120,1/13,1/13,89.00,60.0,0,0,0,,,,,True
2017,626295,Shelley Shaurya,Gujarat Lions,1000000.0,0.1,2016,,,,,,,,,,,,,,,,,,,,,,,,,,,,,,,,,,,,,False
2017,917213,Shivil Kaushik,Gujarat Lions,1000000.0,0.1,2016,Shivil Kaushik,"September 07, 1995",30y 300d,India,Bowler,-,IPL 2016,GL,7.0,2,1,0,0*,0.00,1,0.00,0,0,0,0,0.0,0.0,6,8.34,138,3/20,3/20,32.00,23.0,0,0,0,,,,,True
2017,1079668,Shubham Agarwal,Gujarat Lions,1000000.0,0.1,2016,,,,,,,,,,,,,,,,,,,,,,,,,,,,,,,,,,,,,False
2017,33335,Suresh Raina,Gujarat Lions,125000000.0,12.5,2016,Suresh Kumar Raina,"November 27, 1986, Muradnagar, Ghaziabad, Uttar Pradesh",39y 214d,India,Middle order Batter,2005 - 2018,IPL 2016,GL,15.0,15,1,399,75,28.50,312,127.88,0,3,39,10,7.0,0.0,0,8.20,60,-,-,-,-,0,0,0,"December 01, 2006","July 08, 2018","July 30, 2005","July 17, 2018",True
2017,1082859,Tejas Baroka,Gujarat Lions,1000000.0,0.1,2016,,,,,,,,,,,,,,,,,,,,,,,,,,,,,,,,,,,,,False
2017,376324,Anureet Singh,Kings XI Punjab,2000000.0,0.2,2016,Kathuria Anureet Singh,"March 02, 1988, Delhi",38y 125d,India,Bowler,-,IPL 2016,PBKS,2.0,-,-,-,-,-,-,-,-,-,-,-,0.0,0.0,0,7.16,36,-,-,-,-,0,0,0,,,,,True
2017,960369,Armaan Jaffer,Kings XI Punjab,1000000.0,0.1,2016,,,,,,,,,,,,,,,,,,,,,,,,,,,,,,,,,,,,,False
2017,554691,Axar Patel,Kings XI Punjab,7500000.0,0.75,2016,Axar Rajeshbhai Patel,"January 20, 1994, Anand, Gujarat",32y 165d,India,Allrounder,2014 - 2026,IPL 2016,PBKS,14.0,10,3,111,36*,15.85,77,144.15,0,0,4,8,2.0,0.0,13,8.11,287,4/21,4/21,29.84,22.0,1,0,0,"July 17, 2015","July 01, 2026","June 15, 2014","October 25, 2025",True
2017,53115,Darren Sammy,Kings XI Punjab,3000000.0,0.3,2016,,,,,,,,,,,,,,,,,,,,,,,,,,,,,,,,,,,,,False
2017,321777,David Miller,Kings XI Punjab,125000000.0,12.5,2016,David Andrew Miller,"June 10, 1989, Pietermaritzburg, Natal",37y 24d,South Africa,Middle order Batter,2010 - 2026,IPL 2016,PBKS,14.0,13,3,161,31,16.10,131,122.90,0,0,11,4,10.0,0.0,-,-,-,-,-,-,-,-,-,-,"May 20, 2010","March 04, 2026","May 22, 2010","March 05, 2025",True
2017,24598,Eoin Morgan,Kings XI Punjab,20000000.0,2.0,2016,Eoin Joseph Gerard Morgan,"September 10, 1986, Dublin",39y 298d,England,Middle order Batter,2006 - 2022,IPL 2016,SRH,7.0,6,1,123,51,24.60,105,117.14,0,1,8,4,3.0,0.0,-,-,-,-,-,-,-,-,-,-,"June 05, 2009","January 23, 2022","August 05, 2006","June 19, 2022",True
2017,325026,Glenn Maxwell,Kings XI Punjab,60000000.0,6.0,2016,Glenn James Maxwell,"October 14, 1988, Kew, Melbourne, Victoria",37y 263d,Australia,Batting Allrounder,2012 - 2026,IPL 2016,PBKS,11.0,11,2,179,68,19.88,124,144.35,0,2,14,8,3.0,0.0,0,8.88,54,-,-,-,-,0,0,0,"September 05, 2012","February 20, 2026","August 25, 2012","March 04, 2025",True
2017,537124,Gurkeerat Singh,Kings XI Punjab,13000000.0,1.3,2016,Gurkeerat Rupinder Singh,"June 29, 1990, Muktsar, Punjab",36y 6d,India,Middle order Batter,2016 - 2016,IPL 2016,PBKS,7.0,6,1,113,51,22.60,86,131.39,0,1,11,3,5.0,0.0,2,7.75,24,2/15,2/15,15.50,12.0,0,0,0,,,"January 17, 2016","January 23, 2016",True
2017,43906,Hashim Amla,Kings XI Punjab,10000000.0,1.0,2016,Hashim Mahomed Amla,"March 31, 1983, Durban, Natal",43y 96d,South Africa,Top order Batter,2004 - 2019,IPL 2016,PBKS,6.0,6,0,157,96,26.16,119,131.93,0,1,20,4,0.0,0.0,-,-,-,-,-,-,-,-,-,-,"January 13, 2009","August 14, 2018","March 09, 2008","June 28, 2019",True
2017,777537,KC Cariappa,Kings XI Punjab,8000000.0,0.8,2016,Konganda Charamanna Cariappa,"April 13, 1994, Bangalore, Karnataka",32y 83d,India,Bowler,-,IPL 2016,PBKS,5.0,2,1,13,12*,13.00,11,118.18,0,0,0,1,2.0,0.0,3,9.35,102,2/16,2/16,53.00,34.0,0,0,0,,,,,True
2017,237095,M Vijay,Kings XI Punjab,30000000.0,3.0,2016,Murali Vijay,"April 01, 1984, Chennai",42y 89d,India,Opening Batter,2008 - 2018,IPL 2016,PBKS,14.0,14,1,453,89,34.84,364,124.45,0,5,50,10,2.0,0.0,0,8.00,6,-,-,-,-,0,0,0,"May 01, 2010","July 19, 2015","February 27, 2010","July 14, 2015",True
2017,532856,Manan Vohra,Kings XI Punjab,40000000.0,4.0,2016,Manan Vohra,"July 18, 1993, Chandigarh, Punjab",32y 352d,India,Opening Batter,-,IPL 2016,PBKS,7.0,7,0,161,51,23.00,131,122.90,0,1,19,3,3.0,0.0,-,-,-,-,-,-,-,-,-,-,,,,,True
2017,325012,Marcus Stoinis,Kings XI Punjab,5500000.0,0.55,2016,Marcus Peter Stoinis,"August 16, 1989, Perth",36y 322d,Australia,Batting Allrounder,2015 - 2026,IPL 2016,PBKS,7.0,5,1,146,52,36.50,108,135.18,0,1,13,4,0.0,0.0,8,8.43,138,4/15,4/15,24.25,17.2,1,0,0,"August 31, 2015","February 20, 2026","September 11, 2015","November 10, 2024",True
2017,226492,Martin Guptill,Kings XI Punjab,5000000.0,0.5,2016,Martin James Guptill,"September 30, 1986, Auckland",39y 279d,New Zealand,Opening Batter,2009 - 2022,IPL 2016,MI,3.0,3,0,57,48,19.00,55,103.63,0,0,3,3,0.0,0.0,-,-,-,-,-,-,-,-,-,-,"February 15, 2009","October 12, 2022","January 10, 2009","September 08, 2022",True
2017,506612,Matt Henry,Kings XI Punjab,5000000.0,0.5,2016,,,,,,,,,,,,,,,,,,,,,,,,,,,,,,,,,,,,,False
2017,537119,Mohit Sharma,Kings XI Punjab,65000000.0,6.5,2016,Mohit Mahipal Sharma,"September 18, 1988, Ballabhgarh, Haryana",37y 284d,India,Bowler,2013 - 2015,IPL 2016,PBKS,14.0,6,2,32,15,8.00,26,123.07,0,0,3,1,3.0,0.0,13,8.39,291,3/23,3/23,31.30,22.3,0,0,0,"March 30, 2014","October 05, 2015","August 01, 2013","October 25, 2015",True
2017,554700,Nikhil Naik,Kings XI Punjab,3000000.0,0.3,2016,Nikhil Shankar Naik,"November 09, 1994, Savantwadi, Maharashtra",31y 238d,India,Wicketkeeper Batter,-,IPL 2016,PBKS,2.0,2,0,23,22,11.50,31,74.19,0,0,1,0,2.0,0.0,-,-,-,-,-,-,-,-,-,-,,,,,True
2017,34155,Pardeep Sahu,Kings XI Punjab,1000000.0,0.1,2016,Pardeep Sahu,"August 21, 1985, Bhiwani",40y 318d,India,Allrounder,-,IPL 2016,PBKS,5.0,2,1,19,18*,19.00,13,146.15,0,0,1,1,0.0,0.0,3,8.34,105,2/18,2/18,48.66,35.0,0,0,0,,,,,True
2017,423838,Rahul Tewatia,Kings XI Punjab,2500000.0,0.25,2016,,,,,,,,,,,,,,,,,,,,,,,,,,,,,,,,,,,,,False
2017,723105,Rinku Singh,Kings XI Punjab,1000000.0,0.1,2016,,,,,,,,,,,,,,,,,,,,,,,,,,,,,,,,,,,,,False
2017,438362,Sandeep Sharma,Kings XI Punjab,8500000.0,0.85,2016,Sandeep Sharma,"May 18, 1993, Patiala, Punjab",33y 48d,India,Bowler,2015 - 2015,IPL 2016,PBKS,14.0,4,4,8,5*,-,9,88.88,0,0,0,0,2.0,0.0,15,7.32,300,2/11,2/11,24.40,20.0,0,0,0,"July 17, 2015","July 19, 2015",,,True
2017,475281,Shardul Thakur,Kings XI Punjab,2000000.0,0.2,2016,,,,,,,,,,,,,,,,,,,,,,,,,,,,,,,,,,,,,False
2017,6683,Shaun Marsh,Kings XI Punjab,22000000.0,2.2,2016,Shaun Edward Marsh,"July 09, 1983, Narrogin, Western Australia",42y 361d,Australia,Top order Batter,2008 - 2019,IPL 2016,PBKS,6.0,6,1,159,56*,31.80,134,118.65,0,1,13,4,1.0,0.0,-,-,-,-,-,-,-,-,-,-,"June 20, 2008","January 31, 2016","June 24, 2008","June 15, 2019",True
2017,232292,Swapnil Singh,Kings XI Punjab,1000000.0,0.1,2016,Swapnil Singh,"January 22, 1991, Rae Bareilly, Uttar Pradesh",35y 164d,India,Bowler,-,IPL 2016,PBKS,1.0,1,0,0,0,0.00,1,0.00,0,0,0,0,0.0,0.0,0,9.66,18,-,-,-,-,0,0,0,,,,,True
2017,802575,T Natarajan,Kings XI Punjab,30000000.0,3.0,2016,,,,,,,,,,,,,,,,,,,,,,,,,,,,,,,,,,,,,False
2017,360911,Varun Aaron,Kings XI Punjab,28000000.0,2.8,2016,Varun Raymond Aaron,"October 29, 1989, Singhbhum, Bihar (now Jharkhand)",36y 249d,India,Bowler,2011 - 2015,IPL 2016,RCB,8.0,1,1,0,0*,-,0,-,0,0,0,0,0.0,0.0,2,9.59,142,2/37,2/37,113.50,71.0,0,0,0,,,"October 23, 2011","November 02, 2014",True
2017,279810,Wriddhiman Saha,Kings XI Punjab,22000000.0,2.2,2016,Wriddhiman Prasanta Saha,"October 24, 1984, Shaktigarh, Siliguri, Bengal, India",41y 248d,India,Wicketkeeper Batter,2010 - 2021,IPL 2016,PBKS,12.0,12,1,270,56,24.54,212,127.35,0,2,29,1,7.0,3.0,-,-,-,-,-,-,-,-,-,-,,,"November 28, 2010","November 09, 2014",True
2017,276298,Andre Russell,Kolkata Knight Riders,6000000.0,0.6,2016,Andre Dwayne Russell,"April 29, 1988, Jamaica",38y 66d,West Indies,Allrounder,2010 - 2025,IPL 2016,KKR,12.0,8,1,188,39*,26.85,114,164.91,0,0,10,15,2.0,0.0,15,7.97,219,4/20,4/20,19.40,14.6,1,0,0,"April 21, 2011","July 22, 2025","March 11, 2011","June 17, 2019",True
2017,591650,Ankit Rajpoot,Kolkata Knight Riders,15000000.0,1.5,2016,Ankit Singh Rajpoot,"December 04, 1993, Kanpur",32y 207d,India,Bowler,-,IPL 2016,KKR,4.0,-,-,-,-,-,-,-,-,-,-,-,0.0,0.0,3,8.90,66,1/14,1/14,32.66,22.0,0,0,0,,,,,True
2017,326637,Chris Lynn,Kolkata Knight Riders,13000000.0,1.3,2016,Christopher Austin Lynn,"April 10, 1990, Brisbane, Queensland",36y 86d,Australia,Batter,2014 - 2018,IPL 2016,KKR,2.0,2,1,25,15,25.00,22,113.63,0,0,0,1,1.0,0.0,-,-,-,-,-,-,-,-,-,-,"January 29, 2014","November 25, 2018","January 13, 2017","November 11, 2018",True
2017,247235,Chris Woakes,Kolkata Knight Riders,42000000.0,4.2,2016,,,,,,,,,,,,,,,,,,,,,,,,,,,,,,,,,,,,,False
2017,277472,Darren Bravo,Kolkata Knight Riders,5000000.0,0.5,2016,,,,,,,,,,,,,,,,,,,,,,,,,,,,,,,,,,,,,False
2017,28763,Gautam Gambhir,Kolkata Knight Riders,125000000.0,12.5,2016,Gautam Gambhir,"October 14, 1981, Delhi",44y 264d,India,Top order Batter,2003 - 2016,IPL 2016,KKR,15.0,15,2,501,90*,38.53,411,121.89,0,5,54,6,1.0,0.0,-,-,-,-,-,-,-,-,-,-,"September 13, 2007","December 28, 2012","April 11, 2003","January 27, 2013",True
2017,279554,Ishank Jaggi,Kolkata Knight Riders,1000000.0,0.1,2016,,,,,,,,,,,,,,,,,,,,,,,,,,,,,,,,,,,,,False
2017,559235,Kuldeep Yadav,Kolkata Knight Riders,4000000.0,0.4,2016,Kuldeep Yadav,"December 14, 1994, Kanpur, Uttar Pradesh",31y 202d,India,Bowler,2014 - 2026,IPL 2016,KKR,3.0,-,-,-,-,-,-,-,-,-,-,-,1.0,0.0,6,8.33,72,3/35,3/35,16.66,12.0,0,0,0,"July 09, 2017","February 15, 2026","June 23, 2017","June 17, 2026",True
2017,290630,Manish Pandey,Kolkata Knight Riders,17000000.0,1.7,2016,Manish Krishnanand Pandey,"September 10, 1989, Nainital, Uttaranchal",36y 297d,India,Top order Batter,2015 - 2021,IPL 2016,KKR,12.0,11,3,248,52,31.00,183,135.51,0,2,17,9,7.0,0.0,-,-,-,-,-,-,-,-,-,-,"July 17, 2015","December 04, 2020","July 14, 2015","July 23, 2021",True
2017,261354,Nathan Coulter-Nile,Kolkata Knight Riders,35000000.0,3.5,2016,Nathan Mitchell Coulter-Nile,"October 11, 1987, Osborne Park, Western Australia",38y 267d,Australia,Bowling Allrounder,2013 - 2019,IPL 2016,DC,4.0,2,2,9,7*,-,14,64.28,0,0,1,0,0.0,0.0,3,7.60,90,2/25,2/25,38.00,30.0,0,0,0,"February 13, 2013","February 27, 2019","September 14, 2013","June 20, 2019",True
2017,32966,Piyush Chawla,Kolkata Knight Riders,42500000.0,4.25,2016,Piyush Pramod Chawla,"December 24, 1988, Aligarh, Uttar Pradesh",37y 187d,India,Bowling Allrounder,2006 - 2012,IPL 2016,KKR,12.0,3,0,27,11,9.00,26,103.84,0,0,4,0,3.0,0.0,11,7.72,212,2/21,2/21,24.81,19.2,0,0,0,"May 02, 2010","December 22, 2012","May 12, 2007","March 09, 2011",True
2017,290727,Rishi Dhawan,Kolkata Knight Riders,5500000.0,0.55,2016,Rishi Dhawan,"February 19, 1990, Mandi, Himachal Pradesh",36y 137d,India,Allrounder,2016 - 2016,IPL 2016,PBKS,2.0,2,2,14,11*,-,6,233.33,0,0,0,1,0.0,0.0,2,8.00,42,1/21,1/21,28.00,21.0,0,0,0,"January 17, 2016","January 23, 2016","January 17, 2016","January 23, 2016",True
2017,35582,Robin Uthappa,Kolkata Knight Riders,50000000.0,5.0,2016,Robin Venu Uthappa,"November 11, 1985, Coorg, Karnataka",40y 230d,India,Batter,2006 - 2015,IPL 2016,KKR,15.0,15,0,394,72,26.26,289,136.33,0,3,45,8,10.0,4.0,-,-,-,-,-,-,-,-,-,-,"September 13, 2007","July 19, 2015","April 15, 2006","July 14, 2015",True
2017,820351,Rovman Powell,Kolkata Knight Riders,3000000.0,0.3,2016,,,,,,,,,,,,,,,,,,,,,,,,,,,,,,,,,,,,,False
2017,1048841,Sanjay Yadav,Kolkata Knight Riders,1000000.0,0.1,2016,,,,,,,,,,,,,,,,,,,,,,,,,,,,,,,,,,,,,False
2017,736413,Sayan Ghosh,Kolkata Knight Riders,1000000.0,0.1,2016,,,,,,,,,,,,,,,,,,,,,,,,,,,,,,,,,,,,,False
2017,56143,Shakib Al Hasan,Kolkata Knight Riders,28000000.0,2.8,2016,Shakib Al Hasan,"March 24, 1987, Magura, Jessore",39y 103d,Bangladesh,Allrounder,2006 - 2024,IPL 2016,KKR,10.0,7,2,114,66*,22.80,106,107.54,0,1,7,5,4.0,0.0,5,7.83,186,1/14,1/14,48.60,37.2,0,0,0,"November 28, 2006","June 24, 2024","August 06, 2006","November 06, 2023",True
2017,237696,Sheldon Jackson,Kolkata Knight Riders,1500000.0,0.15,2016,,,,,,,,,,,,,,,,,,,,,,,,,,,,,,,,,,,,,False
2017,230558,Sunil Narine,Kolkata Knight Riders,95000000.0,9.5,2016,Sunil Philip Narine,"May 26, 1988, Arima, Trinidad & Tobago",38y 40d,West Indies,Bowling Allrounder,2011 - 2019,IPL 2016,KKR,11.0,4,3,7,4,7.00,13,53.84,0,0,0,0,2.0,0.0,11,7.12,256,3/26,3/26,27.63,23.2,0,0,0,"March 27, 2012","August 06, 2019","December 05, 2011","October 05, 2016",True
2017,446507,Suryakumar Yadav,Kolkata Knight Riders,7000000.0,0.7,2016,Suryakumar Ashok Yadav,"September 14, 1990, Mumbai, Maharashtra",35y 294d,India,Batter,2021 - 2026,IPL 2016,KKR,15.0,11,4,182,60,26.00,143,127.27,0,1,18,5,6.0,0.0,-,-,-,-,-,-,-,-,-,-,"March 14, 2021","March 08, 2026","July 18, 2021","November 19, 2023",True
2017,277912,Trent Boult,Kolkata Knight Riders,50000000.0,5.0,2016,Trent Alexander Boult,"July 22, 1989, Rotorua",36y 348d,New Zealand,Bowler,2011 - 2024,IPL 2016,SRH,1.0,-,-,-,-,-,-,-,-,-,-,-,1.0,0.0,1,9.75,24,1/39,1/39,39.00,24.0,0,0,0,"February 09, 2013","June 17, 2024","July 11, 2012","November 15, 2023",True
2017,376116,Umesh Yadav,Kolkata Knight Riders,26000000.0,2.6,2016,Umeshkumar Tilak Yadav,"October 25, 1987, Nagpur, Maharashtra",38y 252d,India,Bowler,2010 - 2023,IPL 2016,KKR,9.0,2,1,9,7*,9.00,5,180.00,0,0,0,1,1.0,0.0,10,9.00,156,3/28,3/28,23.40,15.6,0,0,0,"August 07, 2012","October 04, 2022","May 28, 2010","October 24, 2018",True
2017,32498,Yusuf Pathan,Kolkata Knight Riders,32500000.0,3.25,2016,Yusuf Khan Pathan,"November 17, 1982, Baroda, Gujarat",43y 230d,India,Allrounder,2007 - 2012,IPL 2016,KKR,15.0,13,8,361,63*,72.20,248,145.56,0,3,33,13,3.0,0.0,1,5.50,36,1/6,1/6,33.00,36.0,0,0,0,"September 24, 2007","March 30, 2012","June 10, 2008","March 18, 2012",True
2017,33141,Ambati Rayudu,Mumbai Indians,40000000.0,4.0,2016,Ambati Thirupathi Rayudu,"September 23, 1985, Guntur, Andhra Pradesh",40y 279d,India,Middle order Batter,2013 - 2019,IPL 2016,MI,13.0,12,1,334,65,30.36,278,120.14,0,2,28,12,4.0,0.0,-,-,-,-,-,-,-,-,-,-,"September 07, 2014","June 22, 2016","July 24, 2013","March 08, 2019",True
2017,360456,Asela Gunaratne,Mumbai Indians,3000000.0,0.3,2016,,,,,,,,,,,,,,,,,,,,,,,,,,,,,,,,,,,,,False
2017,807791,Deepak Punia,Mumbai Indians,1000000.0,0.1,2016,,,,,,,,,,,,,,,,,,,,,,,,,,,,,,,,,,,,,False
2017,29264,Harbhajan Singh,Mumbai Indians,55000000.0,5.5,2016,Harbhajan Singh,"July 03, 1980, Jullundur (now Jalandhar), Punjab",45y 361d,India,Bowler,1998 - 2016,IPL 2016,MI,14.0,7,4,92,45*,30.66,84,109.52,0,0,11,2,4.0,0.0,9,8.00,294,2/29,2/29,43.55,32.6,0,0,0,"December 01, 2006","March 03, 2016","April 17, 1998","October 25, 2015",True
2017,625371,Hardik Pandya,Mumbai Indians,1000000.0,0.1,2016,Hardik Himanshu Pandya,"October 11, 1993, Choryasi, Gujarat",32y 266d,India,Allrounder,2016 - 2026,IPL 2016,MI,11.0,9,2,44,9,6.28,63,69.84,0,0,4,0,6.0,0.0,3,9.18,100,1/7,1/7,51.00,33.3,0,0,0,"January 26, 2016","March 08, 2026","October 16, 2016","March 09, 2025",True
2017,527663,J Suchith,Mumbai Indians,1000000.0,0.1,2016,Jagadeesha Suchith,"January 16, 1994, Mysore",32y 169d,India,Bowler,-,IPL 2016,MI,1.0,-,-,-,-,-,-,-,-,-,-,-,0.0,0.0,0,15.50,12,-,-,-,-,0,0,0,,,,,True
2017,625383,Jasprit Bumrah,Mumbai Indians,12000000.0,1.2,2016,Jasprit Jasbirsingh Bumrah,"December 06, 1993, Ahmedabad",32y 212d,India,Bowler,2016 - 2026,IPL 2016,MI,14.0,2,1,8,6,8.00,11,72.72,0,0,1,0,1.0,0.0,15,7.80,312,3/13,3/13,27.06,20.8,0,0,0,"January 26, 2016","March 08, 2026","January 23, 2016","November 19, 2023",True
2017,721867,Jitesh Sharma,Mumbai Indians,1000000.0,0.1,2016,,,,,,,,,,,,,,,,,,,,,,,,,,,,,,,,,,,,,False
2017,308967,Jos Buttler,Mumbai Indians,38000000.0,3.8,2016,Joseph Charles Buttler,"September 08, 1990, Taunton, Somerset",35y 299d,England,Wicketkeeper Batter,2011 - 2026,IPL 2016,MI,14.0,14,3,255,41,23.18,184,138.58,0,0,23,11,7.0,0.0,-,-,-,-,-,-,-,-,-,-,"August 31, 2011","July 01, 2026","February 21, 2012","January 27, 2026",True
2017,424377,K Gowtham,Mumbai Indians,20000000.0,2.0,2016,,,,,,,,,,,,,,,,,,,,,,,,,,,,,,,,,,,,,False
2017,30288,Karn Sharma,Mumbai Indians,32000000.0,3.2,2016,Karn Vinod Sharma,"October 23, 1987, Meerut, Uttar Pradesh",38y 249d,India,Bowler,2014 - 2014,IPL 2016,SRH,5.0,3,3,36,26*,-,30,120.00,0,0,3,1,0.0,0.0,0,10.46,98,-,-,-,-,0,0,0,"Australia vs India  at Adelaide - December 09 - 13, 2014","November 13, 2014","November 13, 2014","November 16, 2014",True
2017,230559,Kieron Pollard,Mumbai Indians,95000000.0,9.5,2016,Kieron Adrian Pollard,"May 12, 1987, Tacarigua, Trinidad",39y 56d,West Indies,Batting Allrounder,2007 - 2022,IPL 2016,MI,13.0,12,4,207,51*,25.87,144,143.75,0,1,11,16,5.0,0.0,0,13.50,36,-,-,-,-,0,0,0,"June 20, 2008","February 20, 2022","April 10, 2007","February 06, 2022",True
2017,471342,Krunal Pandya,Mumbai Indians,20000000.0,2.0,2016,Krunal Himanshu Pandya,"March 24, 1991, Ahmedabad, Gujarat",35y 103d,India,Allrounder,2018 - 2021,IPL 2016,MI,12.0,9,3,237,86,39.50,124,191.12,0,1,22,13,2.0,0.0,6,7.57,187,2/15,2/15,39.33,31.1,0,0,0,"November 04, 2018","July 25, 2021","March 23, 2021","July 20, 2021",True
2017,1083033,Kulwant Khejroliya,Mumbai Indians,1000000.0,0.1,2016,,,,,,,,,,,,,,,,,,,,,,,,,,,,,,,,,,,,,False
2017,49758,Lasith Malinga,Mumbai Indians,75000000.0,7.5,2016,,,,,,,,,,,,,,,,,,,,,,,,,,,,,,,,,,,,,False
2017,53116,Lendl Simmons,Mumbai Indians,5500000.0,0.55,2016,Lendl Mark Platter Simmons,"January 25, 1985, Port of Spain, Trinidad",41y 163d,West Indies,Top order Batter,2006 - 2021,IPL 2016,MI,1.0,1,0,8,8,8.00,8,100.00,0,0,0,1,0.0,0.0,-,-,-,-,-,-,-,-,-,-,"June 29, 2007","October 26, 2021","December 07, 2006","March 21, 2015",True
2017,6033,Mitchell Johnson,Mumbai Indians,20000000.0,2.0,2016,Mitchell Guy Johnson,"November 02, 1981, Townsville, Queensland",44y 245d,Australia,Bowler,2005 - 2015,IPL 2016,PBKS,3.0,3,1,5,4,2.50,14,35.71,0,0,0,0,1.0,0.0,2,9.63,66,1/35,1/35,53.00,33.0,0,0,0,"September 12, 2007","August 31, 2013","December 10, 2005","March 29, 2015",True
2017,319439,Mitchell McClenaghan,Mumbai Indians,3000000.0,0.3,2016,Mitchell John McClenaghan,"June 11, 1986, Hastings, Hawke's Bay",40y 26d,New Zealand,Bowler,2012 - 2018,IPL 2016,MI,14.0,5,2,34,20,11.33,23,147.82,0,0,2,3,0.0,0.0,17,8.17,320,4/21,4/21,25.64,18.8,1,0,0,"December 21, 2012","May 31, 2018","January 19, 2013","January 25, 2016",True
2017,604302,Nicholas Pooran,Mumbai Indians,3000000.0,0.3,2016,,,,,,,,,,,,,,,,,,,,,,,,,,,,,,,,,,,,,False
2017,604527,Nitish Rana,Mumbai Indians,1000000.0,0.1,2016,Nitish Rana,"December 27, 1993, Delhi",32y 189d,India,Middle order Batter,2021 - 2021,IPL 2016,MI,4.0,3,0,104,70,34.66,75,138.66,0,1,7,8,0.0,0.0,0,3.00,6,-,-,-,-,0,0,0,"July 28, 2021","July 29, 2021","July 23, 2021","July 28, 2021",True
2017,32242,Parthiv Patel,Mumbai Indians,14000000.0,1.4,2016,Parthiv Ajay Patel,"March 09, 1985, Ahmedabad, Gujarat",41y 112d,India,Wicketkeeper Batter,2002 - 2018,IPL 2016,MI,10.0,10,0,177,81,17.70,152,116.44,0,1,23,4,9.0,1.0,-,-,-,-,-,-,-,-,-,-,"June 04, 2011","August 31, 2011","January 04, 2003","February 21, 2012",True
2017,34102,Rohit Sharma,Mumbai Indians,125000000.0,12.5,2016,Rohit Gurunath Sharma,"April 30, 1987, Bansod, Nagpur, Maharashtra",39y 68d,India,Top order Batter,2007 - 2026,IPL 2016,MI,14.0,14,3,489,85*,44.45,368,132.88,0,5,49,16,2.0,0.0,-,-,-,-,-,-,-,-,-,-,"September 19, 2007","June 29, 2024","June 23, 2007","June 20, 2026",True
2017,35390,Saurabh Tiwary,Mumbai Indians,3000000.0,0.3,2016,Saurabh Sunil Tiwary,"December 30, 1989, Jamshedpur, Bihar",36y 186d,India,Top order Batter,2010 - 2010,IPL 2016,RPS,10.0,8,1,170,57,24.28,141,120.56,0,2,17,4,4.0,0.0,-,-,-,-,-,-,-,-,-,-,,,"October 20, 2010","December 10, 2010",True
2017,344580,Shreyas Gopal,Mumbai Indians,1000000.0,0.1,2016,Shreyas Gopal,"September 04, 1993, Banglaore, Karnataka",32y 305d,India,Bowler,-,IPL 2016,MI,1.0,1,0,2,2,2.00,16,12.50,0,0,0,0,0.0,0.0,0,6.00,18,-,-,-,-,0,0,0,,,,,True
2017,422342,Siddhesh Lad,Mumbai Indians,1000000.0,0.1,2016,,,,,,,,,,,,,,,,,,,,,,,,,,,,,,,,,,,,,False
2017,232364,Tim Southee,Mumbai Indians,25000000.0,2.5,2016,Timothy Grant Southee,"December 11, 1988, Whangarei, Northland",37y 200d,New Zealand,Bowler,2008 - 2024,IPL 2016,MI,11.0,4,1,30,25,10.00,19,157.89,0,0,1,2,4.0,0.0,9,7.65,258,3/24,3/24,36.55,28.6,0,0,0,"February 05, 2008","June 17, 2024","June 15, 2008","November 15, 2023",True
2017,35731,Vinay Kumar,Mumbai Indians,29900000.0,2.99,2016,Ranganath Vinay Kumar,"February 12, 1984, Davanagere, Karnataka",42y 143d,India,Bowler,2010 - 2013,IPL 2016,MI,3.0,2,1,13,12,13.00,12,108.33,0,0,0,1,0.0,0.0,3,7.11,54,2/17,2/17,21.33,18.0,0,0,0,"May 11, 2010","October 10, 2013","May 28, 2010","November 02, 2013",True
2017,379504,Adam Zampa,Rising Pune Supergiants,3000000.0,0.3,2016,Adam Zampa,"March 31, 1992, Shellharbour, New South Wales",34y 99d,Australia,Bowler,2016 - 2026,IPL 2016,RPS,5.0,1,0,0,0,0.00,1,0.00,0,0,0,0,0.0,0.0,12,6.76,102,6/19,6/19,9.58,8.5,0,1,0,"March 04, 2016","June 21, 2026","February 06, 2016","June 14, 2026",True
2017,277916,Ajinkya Rahane,Rising Pune Supergiants,95000000.0,9.5,2016,Ajinkya Madhukar Rahane,"June 06, 1988, Ashwi-KD, Maharashtra",38y 23d,India,Top order Batter,2011 - 2023,IPL 2016,RPS,14.0,14,3,480,74,43.63,379,126.64,0,6,54,9,7.0,0.0,-,-,-,-,-,-,-,-,-,-,"August 31, 2011","August 28, 2016","September 03, 2011","February 16, 2018",True
2017,422992,Ankit Sharma,Rising Pune Supergiants,1000000.0,0.1,2016,Ankit Nagendra Sharma,"April 20, 1991, Gwalior, Madhya Pradesh",35y 76d,India,Bowler,-,IPL 2016,RPS,3.0,1,1,3,3*,-,3,100.00,0,0,0,0,1.0,0.0,1,7.63,66,1/27,1/27,84.00,66.0,0,0,0,,,,,True
2017,604534,Ankush Bains,Rising Pune Supergiants,1000000.0,0.1,2016,,,,,,,,,,,,,,,,,,,,,,,,,,,,,,,,,,,,,False
2017,227712,Ashok Dinda,Rising Pune Supergiants,5000000.0,0.5,2016,Ashok Bhimchandra Dinda,"March 25, 1984, Medinipur, Calcutta (now Kolkata)",42y 102d,India,Bowler,2009 - 2013,IPL 2016,RPS,9.0,-,-,-,-,-,-,-,-,-,-,-,0.0,0.0,11,7.57,183,3/20,3/20,21.00,16.6,0,0,0,"December 09, 2009","December 28, 2012","May 28, 2010","January 11, 2013",True
2017,477071,Baba Aparajith,Rising Pune Supergiants,1000000.0,0.1,2016,,,,,,,,,,,,,,,,,,,,,,,,,,,,,,,,,,,,,False
2017,311158,Ben Stokes,Rising Pune Supergiants,145000000.0,14.5,2016,,,,,,,,,,,,,,,,,,,,,,,,,,,,,,,,,,,,,False
2017,4864,Dan Christian,Rising Pune Supergiants,10000000.0,1.0,2016,,,,,,,,,,,,,,,,,,,,,,,,,,,,,,,,,,,,,False
2017,447261,Deepak Chahar,Rising Pune Supergiants,1000000.0,0.1,2016,Deepak Lokandersingh Chahar,"August 07, 1992, Agra, Uttar Pradesh",33y 326d,India,Bowler,2018 - 2023,IPL 2016,RPS,2.0,-,-,-,-,-,-,-,-,-,-,-,1.0,0.0,0,8.20,30,-,-,-,-,0,0,0,"July 08, 2018","December 01, 2023","September 25, 2018","December 07, 2022",True
2017,44828,Faf du Plessis,Rising Pune Supergiants,40000000.0,4.0,2016,Francois du Plessis,"July 13, 1984, Pretoria",41y 351d,South Africa,Middle order Batter,2011 - 2021,IPL 2016,RPS,6.0,6,0,206,69,34.33,162,127.16,0,2,17,9,4.0,0.0,-,-,-,-,-,-,-,-,-,-,"September 08, 2012","December 01, 2020","January 18, 2011","July 06, 2019",True
2017,447439,Ishwar Pandey,Rising Pune Supergiants,2000000.0,0.2,2016,,,,,,,,,,,,,,,,,,,,,,,,,,,,,,,,,,,,,False
2017,543922,Jaskaran Singh,Rising Pune Supergiants,1000000.0,0.1,2016,,,,,,,,,,,,,,,,,,,,,,,,,,,,,,,,,,,,,False
2017,390484,Jaydev Unadkat,Rising Pune Supergiants,3000000.0,0.3,2016,Jaydev Dipakbhai Unadkat,"October 18, 1991, Porbandar",34y 259d,India,Bowler,2010 - 2023,IPL 2016,KKR,1.0,-,-,-,-,-,-,-,-,-,-,-,0.0,0.0,0,16.33,18,-,-,-,-,0,0,0,"June 18, 2016","March 18, 2018","July 24, 2013","August 01, 2023",True
2017,493773,Lockie Ferguson,Rising Pune Supergiants,5000000.0,0.5,2016,,,,,,,,,,,,,,,,,,,,,,,,,,,,,,,,,,,,,False
2017,28081,MS Dhoni,Rising Pune Supergiants,125000000.0,12.5,2016,Mahendra Singh Dhoni,"July 07, 1981, Ranchi, Bihar (now Jharkhand)",44y 357d,India,Wicketkeeper Batter,2004 - 2019,IPL 2016,RPS,14.0,12,5,284,64*,40.57,210,135.23,0,1,18,14,8.0,4.0,-,-,-,-,-,-,-,-,-,-,"December 01, 2006","February 27, 2019","December 23, 2004","India
                              vs New Zealand at Manchester - July 09 - 10, 2019",True
2017,35565,Manoj Tiwary,Rising Pune Supergiants,5000000.0,0.5,2016,,,,,,,,,,,,,,,,,,,,,,,,,,,,,,,,,,,,,False
2017,398438,Mayank Agarwal,Rising Pune Supergiants,16000000.0,1.6,2016,Mayank Anurag Agarwal,"February 16, 1991, Bangalore, Karnataka",35y 139d,India,Batter,2018 - 2022,IPL 2016,DC,3.0,3,0,27,10,9.00,25,108.00,0,0,3,1,0.0,0.0,-,-,-,-,-,-,-,-,-,-,,,"February 05, 2020","November 29, 2020",True
2017,969381,Milind Tandon,Rising Pune Supergiants,1000000.0,0.1,2016,,,,,,,,,,,,,,,,,,,,,,,,,,,,,,,,,,,,,False
2017,272450,Mitchell Marsh,Rising Pune Supergiants,48000000.0,4.8,2016,Mitchell Ross Marsh,"October 20, 1991, Attadale, Perth",34y 257d,Australia,Allrounder,2011 - 2026,IPL 2016,RPS,3.0,1,0,7,7,7.00,11,63.63,0,0,0,0,0.0,0.0,4,5.00,54,2/14,2/14,11.25,13.5,0,0,0,"October 16, 2011","June 21, 2026","October 19, 2011","October 25, 2025",True
2017,26421,R Ashwin,Rising Pune Supergiants,75000000.0,7.5,2016,Ravichandran Ashwin,"September 17, 1986, Madras (now Chennai), Tamil Nadu",39y 285d,India,Bowling Allrounder,2010 - 2024,IPL 2016,RPS,14.0,6,4,41,29,20.50,38,107.89,0,0,3,1,3.0,0.0,10,7.25,264,4/34,4/34,31.90,26.4,1,0,0,"June 12, 2010","November 10, 2022","June 05, 2010","October 08, 2023",True
2017,1064812,Rahul Chahar,Rising Pune Supergiants,1000000.0,0.1,2016,,,,,,,,,,,,,,,,,,,,,,,,,,,,,,,,,,,,,False
2017,446763,Rahul Tripathi,Rising Pune Supergiants,1000000.0,0.1,2016,,,,,,,,,,,,,,,,,,,,,,,,,,,,,,,,,,,,,False
2017,26907,Rajat Bhatia,Rising Pune Supergiants,6000000.0,0.6,2016,Rajat Bhatia,"October 22, 1979, Delhi",46y 256d,India,Allrounder,-,IPL 2016,RPS,10.0,6,5,34,21,34.00,20,170.00,0,0,1,2,2.0,0.0,6,7.17,204,2/19,2/19,40.66,34.0,0,0,0,,,,,True
2017,627214,Saurabh Kumar,Rising Pune Supergiants,1000000.0,0.1,2016,,,,,,,,,,,,,,,,,,,,,,,,,,,,,,,,,,,,,False
2017,267192,Steven Smith,Rising Pune Supergiants,55000000.0,5.5,2016,Steven Peter Devereux Smith,"June 02, 1989, Sydney, New South Wales",37y 32d,Australia,Top order Batter,2010 - 2026,IPL 2016,RPS,8.0,7,1,270,101,45.00,176,153.40,1,0,27,8,2.0,0.0,-,-,-,-,-,-,-,-,-,-,"February 05, 2010","February 25, 2024","February 19, 2010","March 04, 2025",True
2017,215155,Usman Khawaja,Rising Pune Supergiants,10000000.0,1.0,2016,Usman Tariq Khawaja,"December 18, 1986, Islamabad, Pakistan",39y 199d,Australia,Top order Batter,2011 - 2026,IPL 2016,RPS,6.0,6,0,127,30,21.16,100,127.00,0,0,14,3,1.0,0.0,-,-,-,-,-,-,-,-,-,-,"January 31, 2016","September 09, 2016","January 11, 2013","July 06, 2019",True
2017,44936,AB de Villiers,Royal Challengers Bangalore,95000000.0,9.5,2016,Abraham Benjamin de Villiers,"February 17, 1984, Pretoria",42y 140d,South Africa,Wicketkeeper Batter,2004 - 2018,IPL 2016,RCB,16.0,16,3,687,129*,52.84,407,168.79,1,6,57,37,19.0,0.0,-,-,-,-,-,-,-,-,-,-,"February 24, 2006","October 29, 2017","February 02, 2005","February 16, 2018",True
2017,450860,Adam Milne,Royal Challengers Bangalore,7000000.0,0.7,2016,Adam Fraser Milne,"April 13, 1992, Palmerston North",34y 77d,New Zealand,Bowler,2010 - 2025,IPL 2016,RCB,1.0,-,-,-,-,-,-,-,-,-,-,-,1.0,0.0,1,10.75,24,1/43,1/43,43.00,24.0,0,0,0,"December 26, 2010","July 26, 2025","November 10, 2012","November 19, 2024",True
2017,527299,Aniket Choudhary,Royal Challengers Bangalore,20000000.0,2.0,2016,,,,,,,,,,,,,,,,,,,,,,,,,,,,,,,,,,,,,False
2017,694211,Avesh Khan,Royal Challengers Bangalore,1000000.0,0.1,2016,,,,,,,,,,,,,,,,,,,,,,,,,,,,,,,,,,,,,False
2017,533042,Billy Stanlake,Royal Challengers Bangalore,3000000.0,0.3,2016,,,,,,,,,,,,,,,,,,,,,,,,,,,,,,,,,,,,,False
2017,51880,Chris Gayle,Royal Challengers Bangalore,75000000.0,7.5,2016,Christopher Henry Gayle,"September 21, 1979, Kingston, Jamaica",46y 287d,West Indies,Allrounder,1999 - 2021,IPL 2016,RCB,10.0,10,0,227,76,22.70,150,151.33,0,2,17,21,4.0,0.0,2,6.30,60,2/11,2/11,31.50,30.0,0,0,0,"February 16, 2006","November 06, 2021","September 11, 1999","August 14, 2019",True
2017,390481,Harshal Patel,Royal Challengers Bangalore,4000000.0,0.4,2016,Harshal Vikram Patel,"November 23, 1990, Sanand, Gujarat",35y 223d,India,Bowling Allrounder,2021 - 2023,IPL 2016,RCB,5.0,1,1,0,0*,-,0,-,0,0,0,0,2.0,0.0,1,10.50,84,1/46,1/46,147.00,84.0,0,0,0,"November 19, 2021","January 03, 2023",,,True
2017,277237,Iqbal Abdulla,Royal Challengers Bangalore,1000000.0,0.1,2016,Sayed Iqbal Abdulla,"December 02, 1989, Azamgarh",36y 215d,India,Allrounder,-,IPL 2016,RCB,8.0,2,2,37,33*,-,27,137.03,0,0,4,1,4.0,0.0,6,8.52,150,3/40,3/40,35.50,25.0,0,0,0,,,,,True
2017,422108,KL Rahul,Royal Challengers Bangalore,10000000.0,1.0,2016,Kannaur Lokesh Rahul,"April 18, 1992, Bangalore, Karnataka",34y 77d,India,Wicketkeeper Batter,2014 - 2026,IPL 2016,RCB,14.0,12,3,397,68*,44.11,271,146.49,0,4,37,16,5.0,4.0,-,-,-,-,-,-,-,-,-,-,"June 18, 2016","November 10, 2022","June 11, 2016","June 17, 2026",True
2017,290716,Kedar Jadhav,Royal Challengers Bangalore,21700000.0,2.17,2016,Kedar Mahadav Jadhav,"March 26, 1985, Pune, Maharashtra",41y 95d,India,Batting Allrounder,2014 - 2020,IPL 2016,RCB,4.0,3,3,42,25*,-,32,131.25,0,0,2,2,1.0,0.0,-,-,-,-,-,-,-,-,-,-,"July 17, 2015","October 10, 2017","November 16, 2014","February 08, 2020",True
2017,398506,Mandeep Singh,Royal Challengers Bangalore,8000000.0,0.8,2016,Mandeep Singh,"December 18, 1991, Jalandhar, Punjab",34y 198d,India,Allrounder,2016 - 2016,IPL 2016,RCB,1.0,-,-,-,-,-,-,-,-,-,-,-,1.0,0.0,-,-,-,-,-,-,-,-,-,-,"June 18, 2016","June 22, 2016",,,True
2017,530773,Pawan Negi,Royal Challengers Bangalore,10000000.0,1.0,2016,Pawan Negi,"January 06, 1993, Delhi",33y 174d,India,Bowler,2016 - 2016,IPL 2016,DC,8.0,6,4,57,19*,28.50,59,96.61,0,0,2,3,2.0,0.0,1,9.33,54,1/19,1/19,84.00,54.0,0,0,0,"March 03, 2016","Delhi vs Haryana  at Delhi - November 03 - 06, 2011",,,True
2017,777515,Praveen Dubey,Royal Challengers Bangalore,1000000.0,0.1,2016,,,,,,,,,,,,,,,,,,,,,,,,,,,,,,,,,,,,,False
2017,290632,S Aravind,Royal Challengers Bangalore,1000000.0,0.1,2016,,,,,,,,,,,,,,,,,,,,,,,,,,,,,,,,,,,,,False
2017,432783,Sachin Baby,Royal Challengers Bangalore,1000000.0,0.1,2016,Sachin Baby,"December 18, 1988, Thodupuzha, Kerala",37y 202d,India,Batter,-,IPL 2016,RCB,11.0,6,2,119,33,29.75,79,150.63,0,0,9,5,1.0,0.0,2,4.80,10,2/4,2/4,4.00,5.0,0,0,0,,,,,True
2017,51433,Samuel Badree,Royal Challengers Bangalore,5000000.0,0.5,2016,,,,,,,,,,,,,,,,,,,,,,,,,,,,,,,,,,,,,False
2017,642525,Sarfaraz Khan,Royal Challengers Bangalore,5000000.0,0.5,2016,Sarfaraz Naushad Khan,"October 22, 1997, Mumbai",28y 250d,India,Middle order Batter,2024 - 2024,IPL 2016,RCB,5.0,4,2,66,35*,33.00,31,212.90,0,0,7,4,0.0,0.0,-,-,-,-,-,-,-,-,-,-,,,,,True
2017,8180,Shane Watson,Royal Challengers Bangalore,95000000.0,9.5,2016,Shane Robert Watson,"June 17, 1981, Ipswich, Queensland",45y 12d,Australia,Allrounder,2002 - 2016,IPL 2016,RCB,16.0,15,2,179,36,13.76,134,133.58,0,0,14,12,6.0,0.0,20,8.58,339,4/29,4/29,24.25,16.9,1,0,0,"February 24, 2006","March 27, 2016","March 24, 2002","September 05, 2015",True
2017,27223,Stuart Binny,Royal Challengers Bangalore,20000000.0,2.0,2016,Stuart Terence Roger Binny,"June 03, 1984, Bangalore, Karnataka",42y 33d,India,Allrounder,2014 - 2016,IPL 2016,RCB,14.0,6,2,63,21,15.75,39,161.53,0,0,5,4,3.0,0.0,1,7.88,102,1/17,1/17,134.00,102.0,0,0,0,"July 17, 2015","August 27, 2016","January 28, 2014","October 11, 2015",True
2017,379145,Tabraiz Shamsi,Royal Challengers Bangalore,1000000.0,0.1,2016,Tabraiz Shamsi,"February 18, 1990, Johannesburg, Gauteng",36y 140d,South Africa,Bowler,2016 - 2025,IPL 2016,RCB,4.0,-,-,-,-,-,-,-,-,-,-,-,1.0,0.0,3,9.18,96,1/21,1/21,49.00,32.0,0,0,0,"June 21, 2017","June 29, 2024","June 07, 2016","February 12, 2025",True
2017,530011,Travis Head,Royal Challengers Bangalore,5000000.0,0.5,2016,Travis Michael Head,"December 29, 1993, Adelaide, South Australia",32y 190d,Australia,Middle order Batter,2016 - 2026,IPL 2016,RCB,3.0,3,1,54,37,27.00,40,135.00,0,0,3,2,0.0,0.0,-,-,-,-,-,-,-,-,-,-,"January 26, 2016","February 20, 2026","June 13, 2016","October 25, 2025",True
2017,459257,Tymal Mills,Royal Challengers Bangalore,120000000.0,12.0,2016,,,,,,,,,,,,,,,,,,,,,,,,,,,,,,,,,,,,,False
2017,253802,Virat Kohli,Royal Challengers Bangalore,125000000.0,12.5,2016,Virat Kohli,"November 05, 1988, Delhi",37y 244d,India,Top order Batter,2008 - 2026,IPL 2016,RCB,16.0,16,4,973,113,81.08,640,152.03,4,7,83,38,6.0,0.0,0,13.00,6,-,-,-,-,0,0,0,"June 12, 2010","June 29, 2024","August 18, 2008","January 18, 2026",True
2017,430246,Yuzvendra Chahal,Royal Challengers Bangalore,1000000.0,0.1,2016,Yuzvendra Singh Chahal,"July 23, 1990, Jind, Haryana",35y 348d,India,Bowler,2016 - 2024,IPL 2016,RCB,13.0,-,-,-,-,-,-,-,-,-,-,-,4.0,0.0,21,8.15,295,4/25,4/25,19.09,14.0,1,0,0,"June 18, 2016","August 13, 2023","June 11, 2016","January 24, 2023",True
2017,310958,Abhimanyu Mithun,Sunrisers Hyderabad,3000000.0,0.3,2016,,,,,,,,,,,,,,,,,,,,,,,,,,,,,,,,,,,,,False
2017,31820,Ashish Nehra,Sunrisers Hyderabad,55000000.0,5.5,2016,Ashish Nehra,"April 29, 1979, Delhi",47y 61d,India,Bowler,1999 - 2017,IPL 2016,SRH,8.0,2,2,1,1*,-,1,100.00,0,0,0,0,1.0,0.0,9,7.65,156,3/15,3/15,22.11,17.3,0,0,0,"December 09, 2009","November 01, 2017","June 24, 2001","March 30, 2011",True
2017,537126,Barinder Sran,Sunrisers Hyderabad,12000000.0,1.2,2016,Barinder Balbirsingh Sran,"December 10, 1992, Sirsa",33y 209d,India,Bowler,2016 - 2016,IPL 2016,SRH,14.0,4,4,4,2*,-,4,100.00,0,0,0,0,2.0,0.0,14,8.34,297,3/28,3/28,29.50,21.2,0,0,0,"June 20, 2016","June 22, 2016","January 12, 2016","June 15, 2016",True
2017,230371,Ben Cutting,Sunrisers Hyderabad,5000000.0,0.5,2016,Benjamin Colin James Cutting,"January 30, 1987, Sunnybank, Brisbane, Queensland",39y 157d,Australia,Allrounder,2013 - 2017,IPL 2016,SRH,4.0,4,2,65,39*,32.50,34,191.17,0,0,4,6,1.0,0.0,5,7.16,67,2/20,2/20,16.00,13.4,0,0,0,"January 26, 2013","September 15, 2017","January 13, 2013","August 31, 2014",True
2017,315623,Ben Laughlin,Sunrisers Hyderabad,3000000.0,0.3,2016,,,,,,,,,,,,,,,,,,,,,,,,,,,,,,,,,,,,,False
2017,326016,Bhuvneshwar Kumar,Sunrisers Hyderabad,42500000.0,4.25,2016,Bhuvneshwar Kumar Singh,"February 05, 1990, Meerut, Uttar Pradesh",36y 150d,India,Bowler,2012 - 2022,IPL 2016,SRH,17.0,8,2,43,21,7.16,27,159.25,0,0,6,1,6.0,0.0,23,7.42,396,4/29,4/29,21.30,17.2,1,0,0,"December 25, 2012","November 22, 2022","December 30, 2012","January 21, 2022",True
2017,35928,Bipul Sharma,Sunrisers Hyderabad,1000000.0,0.1,2016,Bipul Sharma,"September 28, 1983, Amritsar, Punjab",42y 280d,India,Allrounder,-,IPL 2016,SRH,7.0,4,2,51,27*,25.50,25,204.00,0,0,1,5,2.0,0.0,3,8.64,84,1/10,1/10,40.33,28.0,0,0,0,,,,,True
2017,288992,Chris Jordan,Sunrisers Hyderabad,5000000.0,0.5,2016,Christopher James Jordan,"October 04, 1988, Barbados",37y 268d,England,Bowler,2013 - 2024,IPL 2016,RCB,9.0,1,0,3,3,3.00,4,75.00,0,0,0,0,4.0,0.0,11,9.21,168,4/11,4/11,23.45,15.2,1,0,0,"February 02, 2014","June 27, 2024","September 16, 2013","November 17, 2022",True
2017,219889,David Warner,Sunrisers Hyderabad,55000000.0,5.5,2016,David Andrew Warner,"October 27, 1986, Paddington, New South Wales",39y 250d,Australia,Opening Batter,2009 - 2024,IPL 2016,SRH,17.0,17,3,848,93*,60.57,560,151.42,0,9,88,31,4.0,0.0,-,-,-,-,-,-,-,-,-,-,"January 11, 2009","June 24, 2024","January 18, 2009","November 19, 2023",True
2017,497121,Deepak Hooda,Sunrisers Hyderabad,42000000.0,4.2,2016,Deepak Jagbir Hooda,"April 19, 1995, Rohtak",31y 71d,India,Allrounder,2022 - 2023,IPL 2016,SRH,17.0,15,1,144,34,10.28,121,119.00,0,0,9,5,3.0,0.0,3,7.46,78,2/16,2/16,32.33,26.0,0,0,0,"February 24, 2022","February 01, 2023","February 06, 2022","November 30, 2022",True
2017,340841,Eklavya Dwivedi,Sunrisers Hyderabad,7500000.0,0.75,2016,Eklavya Rakesh Dwivedi,"July 22, 1988, Allahabad",37y 347d,India,Wicketkeeper,-,IPL 2016,GL,4.0,2,0,24,19,12.00,14,171.42,0,0,2,2,2.0,0.0,-,-,-,-,-,-,-,-,-,-,,,,,True
2017,277906,Kane Williamson,Sunrisers Hyderabad,6000000.0,0.6,2016,Kane Stuart Williamson,"August 08, 1990, Tauranga",35y 330d,New Zealand,Top order Batter,2010 - 2026,IPL 2016,SRH,6.0,6,0,124,50,20.66,122,101.63,0,1,14,0,5.0,0.0,0,7.00,6,-,-,-,-,0,0,0,"October 15, 2011","June 17, 2024","August 10, 2010","October 29, 2025",True
2017,25913,Mohammad Nabi,Sunrisers Hyderabad,3000000.0,0.3,2016,,,,,,,,,,,,,,,,,,,,,,,,,,,,,,,,,,,,,False
2017,940973,Mohammed Siraj,Sunrisers Hyderabad,26000000.0,2.6,2016,,,,,,,,,,,,,,,,,,,,,,,,,,,,,,,,,,,,,False
2017,5961,Moises Henriques,Sunrisers Hyderabad,10000000.0,1.0,2016,Moises Constantino Henriques,"February 01, 1987, Funchal, Portugal",39y 154d,Australia,Allrounder,2009 - 2021,IPL 2016,SRH,17.0,15,3,182,31*,15.16,158,115.18,0,0,15,6,11.0,0.0,12,7.98,312,2/17,2/17,34.58,26.0,0,0,0,"February 15, 2009","August 09, 2021","October 31, 2009","July 26, 2021",True
2017,330902,Mustafizur Rahman,Sunrisers Hyderabad,14000000.0,1.4,2016,Mustafizur Rahman,"September 06, 1995, Satkhira",30y 296d,Bangladesh,Bowler,2015 - 2026,IPL 2016,SRH,16.0,-,-,-,-,-,-,-,-,-,-,-,2.0,0.0,17,6.90,366,3/16,3/16,24.76,21.5,0,0,0,"April 24, 2015","June 19, 2026","June 18, 2015","June 14, 2026",True
2017,32102,Naman Ojha,Sunrisers Hyderabad,5000000.0,0.5,2016,Naman Vinaykumar Ojha,"July 20, 1983, Ujjain, Madhya Pradesh",42y 349d,India,Wicketkeeper Batter,2010 - 2015,IPL 2016,SRH,17.0,13,3,136,37,13.60,138,98.55,0,0,7,5,18.0,0.0,-,-,-,-,-,-,-,-,-,-,"June 12, 2010","June 13, 2010","September 01, 2015","June 05, 2010",True
2017,587152,Pravin Tambe,Sunrisers Hyderabad,1000000.0,0.1,2016,Pravin Vijay Tambe,"October 08, 1971, Bombay (now Mumbai), Maharashtra",54y 269d,India,Bowler,-,IPL 2016,GL,7.0,1,1,7,7*,-,19,36.84,0,0,1,0,1.0,0.0,5,8.93,96,2/12,2/12,28.60,19.2,0,0,0,,,,,True
2017,793463,Rashid Khan,Sunrisers Hyderabad,40000000.0,4.0,2016,,,,,,,,,,,,,,,,,,,,,,,,,,,,,,,,,,,,,False
2017,642531,Ricky Bhui,Sunrisers Hyderabad,1000000.0,0.1,2016,,,,,,,,,,,,,,,,,,,,,,,,,,,,,,,,,,,,,False
2017,28235,Shikhar Dhawan,Sunrisers Hyderabad,125000000.0,12.5,2016,Shikhar Dhawan,"December 05, 1985, Delhi",40y 213d,India,Opening Batter,2010 - 2022,IPL 2016,SRH,17.0,17,4,501,82*,38.53,429,116.78,0,4,51,8,5.0,0.0,-,-,-,-,-,-,-,-,-,-,"June 04, 2011","July 29, 2021","October 20, 2010","December 10, 2022",True
2017,326017,Siddarth Kaul,Sunrisers Hyderabad,1000000.0,0.1,2016,,,,,,,,,,,,,,,,,,,,,,,,,,,,,,,,,,,,,False
2017,792725,Tanmay Agarwal,Sunrisers Hyderabad,1000000.0,0.1,2016,,,,,,,,,,,,,,,,,,,,,,,,,,,,,,,,,,,,,False
2017,477021,Vijay Shankar,Sunrisers Hyderabad,3500000.0,0.35,2016,,,,,,,,,,,,,,,,,,,,,,,,,,,,,,,,,,,,,False
2017,36084,Yuvraj Singh,Sunrisers Hyderabad,70000000.0,7.0,2016,Yuvraj Singh,"December 12, 1981, Chandigarh",44y 204d,India,Middle order Batter,2000 - 2017,IPL 2016,SRH,10.0,10,1,236,44,26.22,179,131.84,0,0,22,13,1.0,0.0,0,8.43,37,-,-,-,-,0,0,0,"September 13, 2007","February 01, 2017","October 03, 2000","June 30, 2017",True
2018,33141,Ambati Rayudu,Chennai Super Kings,22000000.0,2.2,2017,Ambati Thirupathi Rayudu,"September 23, 1985, Guntur, Andhra Pradesh",40y 279d,India,Middle order Batter,2013 - 2019,IPL 2017,MI,5.0,5,0,91,63,18.20,78,116.66,0,1,7,3,3.0,0.0,-,-,-,-,-,-,-,-,-,-,"September 07, 2014","June 22, 2016","July 24, 2013","March 08, 2019",True
2018,1083030,Asif KM,Chennai Super Kings,4000000.0,0.4,2017,,,,,,,,,,,,,,,,,,,,,,,,,,,,,,,,,,,,,False
2018,628217,Chaitanya Bishnoi,Chennai Super Kings,2000000.0,0.2,2017,,,,,,,,,,,,,,,,,,,,,,,,,,,,,,,,,,,,,False
2018,447261,Deepak Chahar,Chennai Super Kings,8000000.0,0.8,2017,Deepak Lokandersingh Chahar,"August 07, 1992, Agra, Uttar Pradesh",33y 326d,India,Bowler,2018 - 2023,IPL 2017,RPS,3.0,1,0,14,14,14.00,6,233.33,0,0,0,2,0.0,0.0,1,10.57,42,1/35,1/35,74.00,42.0,0,0,0,"July 08, 2018","December 01, 2023","September 25, 2018","December 07, 2022",True
2018,590327,Dhruv Shorey,Chennai Super Kings,2000000.0,0.2,2017,,,,,,,,,,,,,,,,,,,,,,,,,,,,,,,,,,,,,False
2018,51439,Dwayne Bravo,Chennai Super Kings,64000000.0,6.4,2017,,,,,,,,,,,,,,,,,,,,,,,,,,,,,,,,,,,,,False
2018,44828,Faf du Plessis,Chennai Super Kings,16000000.0,1.6,2017,Francois du Plessis,"July 13, 1984, Pretoria",41y 351d,South Africa,Middle order Batter,2011 - 2021,IPL 2017,RPS,2.0,1,0,8,8,8.00,7,114.28,0,0,1,0,0.0,0.0,-,-,-,-,-,-,-,-,-,-,"September 08, 2012","December 01, 2020","January 18, 2011","July 06, 2019",True
2018,29264,Harbhajan Singh,Chennai Super Kings,20000000.0,2.0,2017,Harbhajan Singh,"July 03, 1980, Jullundur (now Jalandhar), Punjab",45y 361d,India,Bowler,1998 - 2016,IPL 2017,MI,11.0,7,5,16,7*,8.00,16,100.00,0,0,0,1,2.0,0.0,8,6.48,246,3/22,3/22,33.25,30.7,0,0,0,"December 01, 2006","March 03, 2016","April 17, 1998","October 25, 2015",True
2018,40618,Imran Tahir,Chennai Super Kings,10000000.0,1.0,2017,Mohammad Imran Tahir,"March 27, 1979, Lahore, Punjab",47y 94d,South Africa,Bowler,2011 - 2019,IPL 2017,RPS,12.0,1,1,0,0*,-,2,0.00,0,0,0,0,2.0,0.0,18,7.85,282,3/18,3/18,20.50,15.6,0,0,0,"August 02, 2013","March 19, 2019","February 24, 2011","July 06, 2019",True
2018,1048813,Jagadeesan Narayan,Chennai Super Kings,2000000.0,0.2,2017,,,,,,,,,,,,,,,,,,,,,,,,,,,,,,,,,,,,,False
2018,849737,Kanishk Seth,Chennai Super Kings,2000000.0,0.2,2017,,,,,,,,,,,,,,,,,,,,,,,,,,,,,,,,,,,,,False
2018,30288,Karn Sharma,Chennai Super Kings,50000000.0,5.0,2017,Karn Vinod Sharma,"October 23, 1987, Meerut, Uttar Pradesh",38y 249d,India,Bowler,2014 - 2014,IPL 2017,MI,9.0,6,0,49,19,8.16,41,119.51,0,0,5,2,3.0,0.0,13,6.97,184,4/16,4/16,16.46,14.1,1,0,0,"Australia vs India  at Adelaide - December 09 - 13, 2014","November 13, 2014","November 13, 2014","November 16, 2014",True
2018,290716,Kedar Jadhav,Chennai Super Kings,78000000.0,7.8,2017,Kedar Mahadav Jadhav,"March 26, 1985, Pune, Maharashtra",41y 95d,India,Batting Allrounder,2014 - 2020,IPL 2017,RCB,13.0,13,1,267,69,22.25,186,143.54,0,1,25,10,7.0,3.0,-,-,-,-,-,-,-,-,-,-,"July 17, 2015","October 10, 2017","November 16, 2014","February 08, 2020",True
2018,625380,Kshitiz Sharma,Chennai Super Kings,2000000.0,0.2,2017,,,,,,,,,,,,,,,,,,,,,,,,,,,,,,,,,,,,,False
2018,542023,Lungi Ngidi,Chennai Super Kings,5000000.0,0.5,2017,,,,,,,,,,,,,,,,,,,,,,,,,,,,,,,,,,,,,False
2018,237095,M Vijay,Chennai Super Kings,20000000.0,2.0,2017,,,,,,,,,,,,,,,,,,,,,,,,,,,,,,,,,,,,,False
2018,28081,MS Dhoni,Chennai Super Kings,150000000.0,15.0,2017,Mahendra Singh Dhoni,"July 07, 1981, Ranchi, Bihar (now Jharkhand)",44y 357d,India,Wicketkeeper Batter,2004 - 2019,IPL 2017,RPS,16.0,15,4,290,61*,26.36,250,115.99,0,1,15,16,10.0,3.0,-,-,-,-,-,-,-,-,-,-,"December 01, 2006","February 27, 2019","December 23, 2004","India
                              vs New Zealand at Manchester - July 09 - 10, 2019",True
2018,351588,Mark Wood,Chennai Super Kings,15000000.0,1.5,2017,,,,,,,,,,,,,,,,,,,,,,,,,,,,,,,,,,,,,False
2018,502714,Mitchell Santner,Chennai Super Kings,5000000.0,0.5,2017,,,,,,,,,,,,,,,,,,,,,,,,,,,,,,,,,,,,,False
2018,694209,Monu Kumar,Chennai Super Kings,2000000.0,0.2,2017,,,,,,,,,,,,,,,,,,,,,,,,,,,,,,,,,,,,,False
2018,234675,Ravindra Jadeja,Chennai Super Kings,70000000.0,7.0,2017,Ravindrasinh Anirudhsinh Jadeja,"December 06, 1988, Navagam-Khed, Saurashtra",37y 205d,India,Allrounder,2009 - 2026,IPL 2017,GL,12.0,10,6,158,28,39.50,113,139.82,0,0,13,4,2.0,0.0,5,9.18,228,2/28,2/28,69.80,45.6,0,0,0,"February 10, 2009","June 29, 2024","February 08, 2009","January 18, 2026",True
2018,297628,Sam Billings,Chennai Super Kings,10000000.0,1.0,2017,Samuel William Billings,"June 15, 1991, Pembury, Kent",35y 14d,England,Wicketkeeper Batter,2015 - 2022,IPL 2017,DC,6.0,6,0,138,55,23.00,104,132.69,0,1,19,1,4.0,0.0,-,-,-,-,-,-,-,-,-,-,"June 23, 2015","January 30, 2022","June 09, 2015","November 22, 2022",True
2018,8180,Shane Watson,Chennai Super Kings,40000000.0,4.0,2017,Shane Robert Watson,"June 17, 1981, Ipswich, Queensland",45y 12d,Australia,Allrounder,2002 - 2016,IPL 2017,RCB,8.0,7,1,71,24,11.83,78,91.02,0,0,6,1,2.0,0.0,5,9.13,161,1/16,1/16,49.00,32.2,0,0,0,"February 24, 2006","March 27, 2016","March 24, 2002","September 05, 2015",True
2018,475281,Shardul Thakur,Chennai Super Kings,26000000.0,2.6,2017,Shardul Narendra Thakur,"October 16, 1991, Palghar, Maharashtra",34y 256d,India,Bowling Allrounder,2017 - 2025,IPL 2017,RPS,12.0,3,0,0,0,0.00,3,0.00,0,0,0,0,4.0,0.0,11,8.25,229,3/19,3/19,28.63,20.8,0,0,0,"February 21, 2018","February 20, 2022","August 31, 2017","October 19, 2023",True
2018,33335,Suresh Raina,Chennai Super Kings,110000000.0,11.0,2017,Suresh Kumar Raina,"November 27, 1986, Muradnagar, Ghaziabad, Uttar Pradesh",39y 214d,India,Middle order Batter,2005 - 2018,IPL 2017,GL,14.0,14,3,442,84,40.18,307,143.97,0,3,42,13,4.0,0.0,1,8.50,72,1/11,1/11,102.00,72.0,0,0,0,"December 01, 2006","July 08, 2018","July 30, 2005","July 17, 2018",True
2018,1070183,Abhishek Sharma,Delhi Daredevils,5500000.0,0.55,2017,,,,,,,,,,,,,,,,,,,,,,,,,,,,,,,,,,,,,False
2018,31107,Amit Mishra,Delhi Daredevils,40000000.0,4.0,2017,Amit Mishra,"November 24, 1982, Delhi",43y 222d,India,Bowler,2003 - 2017,IPL 2017,DC,14.0,6,5,49,13*,49.00,52,94.23,0,0,2,2,3.0,0.0,10,8.83,233,3/11,3/11,34.30,23.3,0,0,0,"June 13, 2010","February 01, 2017","April 13, 2003","October 29, 2016",True
2018,694211,Avesh Khan,Delhi Daredevils,7000000.0,0.7,2017,Avesh Khan,"December 13, 1996, Indore, Madhya Pradesh",29y 204d,India,Bowler,2022 - 2024,IPL 2017,RCB,1.0,-,-,-,-,-,-,-,-,-,-,-,0.0,0.0,1,5.75,24,1/23,1/23,23.00,24.0,0,0,0,"February 20, 2022","November 10, 2024","July 24, 2022","December 21, 2023",True
2018,439952,Chris Morris,Delhi Daredevils,110000000.0,11.0,2017,Christopher Henry Morris,"April 30, 1987, Pretoria, Transvaal",39y 60d,South Africa,Bowling Allrounder,2012 - 2019,IPL 2017,DC,9.0,9,4,154,52*,30.80,94,163.82,0,1,15,6,5.0,0.0,12,7.74,186,4/26,4/26,20.00,15.5,1,0,0,"December 21, 2012","March 24, 2019","June 10, 2013","July 06, 2019",True
2018,232359,Colin Munro,Delhi Daredevils,19000000.0,1.9,2017,,,,,,,,,,,,,,,,,,,,,,,,,,,,,,,,,,,,,False
2018,4864,Daniel Christian,Delhi Daredevils,15000000.0,1.5,2017,Daniel Trevor Christian,"May 04, 1983, Camperdown, Sydney, New South Wales",43y 64d,Australia,Allrounder,2010 - 2021,IPL 2017,RPS,13.0,9,4,79,17*,15.80,49,161.22,0,0,5,5,6.0,0.0,11,7.45,240,2/10,2/10,27.09,21.8,0,0,0,"February 23, 2010","August 09, 2021","February 05, 2012","July 26, 2021",True
2018,28763,Gautam Gambhir,Delhi Daredevils,28000000.0,2.8,2017,Gautam Gambhir,"October 14, 1981, Delhi",44y 264d,India,Top order Batter,2003 - 2016,IPL 2017,KKR,16.0,16,4,498,76*,41.50,389,128.02,0,4,62,7,6.0,0.0,-,-,-,-,-,-,-,-,-,-,"September 13, 2007","December 28, 2012","April 11, 2003","January 27, 2013",True
2018,325026,Glenn Maxwell,Delhi Daredevils,90000000.0,9.0,2017,Glenn James Maxwell,"October 14, 1988, Kew, Melbourne, Victoria",37y 263d,Australia,Batting Allrounder,2012 - 2026,IPL 2017,PBKS,14.0,13,3,310,47,31.00,179,173.18,0,0,19,26,7.0,0.0,7,6.57,114,2/15,2/15,17.85,16.2,0,0,0,"September 05, 2012","February 20, 2026","August 25, 2012","March 04, 2025",True
2018,537124,Gurkeerat Singh,Delhi Daredevils,7500000.0,0.75,2017,Gurkeerat Rupinder Singh,"June 29, 1990, Muktsar, Punjab",36y 6d,India,Middle order Batter,2016 - 2016,IPL 2017,PBKS,2.0,-,-,-,-,-,-,-,-,-,-,-,1.0,0.0,-,-,-,-,-,-,-,-,-,-,,,"January 17, 2016","January 23, 2016",True
2018,390481,Harshal Patel,Delhi Daredevils,2000000.0,0.2,2017,Harshal Vikram Patel,"November 23, 1990, Sanand, Gujarat",35y 223d,India,Bowling Allrounder,2021 - 2023,IPL 2017,RCB,1.0,-,-,-,-,-,-,-,-,-,-,-,0.0,0.0,3,10.75,24,3/43,3/43,14.33,8.0,0,0,0,"November 19, 2021","January 03, 2023",,,True
2018,298438,Jason Roy,Delhi Daredevils,15000000.0,1.5,2017,Jason Jonathan Roy,"July 21, 1990, Durban, South Africa",35y 348d,England,Opening Batter,2014 - 2023,IPL 2017,GL,3.0,3,1,59,31,29.50,40,147.50,0,0,9,1,1.0,0.0,-,-,-,-,-,-,-,-,-,-,"September 07, 2014","July 31, 2022","May 08, 2015","March 06, 2023",True
2018,447587,Jayant Yadav,Delhi Daredevils,5000000.0,0.5,2017,Jayant Yadav,"January 22, 1990, Delhi",36y 163d,India,Bowler,2016 - 2022,IPL 2017,DC,2.0,-,-,-,-,-,-,-,-,-,-,-,0.0,0.0,0,7.00,36,-,-,-,-,0,0,0,,,"October 29, 2016","January 23, 2022",True
2018,550215,Kagiso Rabada,Delhi Daredevils,42000000.0,4.2,2017,Kagiso Rabada,"May 25, 1995, Johannesburg",31y 40d,South Africa,Bowler,2014 - 2026,IPL 2017,DC,6.0,3,0,55,44,18.33,64,85.93,0,0,5,1,0.0,0.0,6,8.81,128,2/20,2/20,31.33,21.3,0,0,0,"November 05, 2014","March 04, 2026","July 10, 2015","March 05, 2025",True
2018,1079842,Manjot Kalra,Delhi Daredevils,2000000.0,0.2,2017,,,,,,,,,,,,,,,,,,,,,,,,,,,,,,,,,,,,,False
2018,481896,Mohammed Shami,Delhi Daredevils,30000000.0,3.0,2017,Mohammed Shami Ahmed,"September 03, 1990, Amroha, Uttar Pradesh",35y 304d,India,Bowler,2013 - 2025,IPL 2017,DC,8.0,6,2,36,21,9.00,24,150.00,0,0,4,2,0.0,0.0,5,9.34,156,2/36,2/36,48.60,31.2,0,0,0,"March 21, 2014","February 02, 2025","January 06, 2013","March 09, 2025",True
2018,32102,Naman Ojha,Delhi Daredevils,14000000.0,1.4,2017,Naman Vinaykumar Ojha,"July 20, 1983, Ujjain, Madhya Pradesh",42y 349d,India,Wicketkeeper Batter,2010 - 2015,IPL 2017,SRH,14.0,5,1,79,34,19.75,65,121.53,0,0,2,3,6.0,0.0,-,-,-,-,-,-,-,-,-,-,"June 12, 2010","June 13, 2010","September 01, 2015","June 05, 2010",True
2018,1070168,Prithvi Shaw,Delhi Daredevils,12000000.0,1.2,2017,,,,,,,,,,,,,,,,,,,,,,,,,,,,,,,,,,,,,False
2018,423838,Rahul Tewatia,Delhi Daredevils,30000000.0,3.0,2017,Rahul Tewatia,"May 20, 1993, Sihi, Haryana",33y 45d,India,Bowling Allrounder,-,IPL 2017,PBKS,3.0,2,1,19,15*,19.00,11,172.72,0,0,4,0,0.0,0.0,3,5.44,54,2/18,2/18,16.33,18.0,0,0,0,,,,,True
2018,931581,Rishabh Pant,Delhi Daredevils,150000000.0,15.0,2017,Rishabh Rajendra Pant,"October 04, 1997, Haridwar, Uttarakhand",28y 273d,India,Wicketkeeper Batter,2017 - 2026,IPL 2017,DC,14.0,14,0,366,97,26.14,221,165.61,0,2,28,24,8.0,3.0,-,-,-,-,-,-,-,-,-,-,"February 01, 2017","July 28, 2024","October 21, 2018","August 07, 2024",True
2018,960361,Sandeep Lamichhane,Delhi Daredevils,2000000.0,0.2,2017,,,,,,,,,,,,,,,,,,,,,,,,,,,,,,,,,,,,,False
2018,736413,Sayan Ghosh,Delhi Daredevils,2000000.0,0.2,2017,,,,,,,,,,,,,,,,,,,,,,,,,,,,,,,,,,,,,False
2018,31872,Shahbaz Nadeem,Delhi Daredevils,32000000.0,3.2,2017,Shahbaz Nadeem,"August 12, 1989, Bokaro, Bihar",36y 326d,India,Bowler,2019 - 2021,IPL 2017,DC,7.0,4,1,2,2,0.66,9,22.22,0,0,0,0,2.0,0.0,6,6.67,107,2/13,2/13,19.83,17.8,0,0,0,,,,,True
2018,642519,Shreyas Iyer,Delhi Daredevils,70000000.0,7.0,2017,Shreyas Santosh Iyer,"December 06, 1994, Mumbai",31y 211d,India,Top order Batter,2017 - 2026,IPL 2017,DC,12.0,12,2,338,96,33.80,243,139.09,0,2,36,10,3.0,0.0,-,-,-,-,-,-,-,-,-,-,"November 01, 2017","July 04, 2026","December 10, 2017","June 20, 2026",True
2018,277912,Trent Boult,Delhi Daredevils,22000000.0,2.2,2017,Trent Alexander Boult,"July 22, 1989, Rotorua",36y 348d,New Zealand,Bowler,2011 - 2024,IPL 2017,KKR,6.0,1,1,5,5*,-,8,62.50,0,0,0,0,0.0,0.0,5,9.06,143,2/30,2/30,43.20,28.6,0,0,0,"February 09, 2013","June 17, 2024","July 11, 2012","November 15, 2023",True
2018,477021,Vijay Shankar,Delhi Daredevils,32000000.0,3.2,2017,Vijay Shankar,"January 26, 1991, Tirunelveli, Tamil Nadu",35y 154d,India,Allrounder,2018 - 2019,IPL 2017,SRH,4.0,4,2,101,63*,50.50,75,134.66,0,1,12,1,1.0,0.0,-,-,-,-,-,-,-,-,-,-,"March 06, 2018","February 27, 2019","January 18, 2019","June 27, 2019",True
2018,5334,Aaron Finch,Kings XI Punjab,62000000.0,6.2,2017,Aaron James Finch,"November 17, 1986, Colac, Victoria",39y 229d,Australia,Top order Batter,2011 - 2022,IPL 2017,GL,13.0,13,1,299,72,24.91,180,166.11,0,2,25,19,5.0,0.0,-,-,-,-,-,-,-,-,-,-,"January 12, 2011","October 31, 2022","January 11, 2013","September 11, 2022",True
2018,500360,Akshdeep Nath,Kings XI Punjab,10000000.0,1.0,2017,Akshdeep Deependra Nath,"May 10, 1993, Lucknow",33y 56d,United Arab Emirates,Middle order Batter,2026 - 2026,IPL 2017,GL,1.0,1,0,0,0,0.00,1,0.00,0,0,0,0,0.0,0.0,-,-,-,-,-,-,-,-,-,-,"April 20, 2026","April 21, 2026","April 25, 2026","May 03, 2026",True
2018,459508,Andrew Tye,Kings XI Punjab,72000000.0,7.2,2017,Andrew James Tye,"December 12, 1986, Perth, Western Australia",39y 204d,Australia,Bowler,2016 - 2021,IPL 2017,GL,6.0,3,1,53,25,26.50,30,176.66,0,0,4,3,0.0,0.0,12,6.71,126,5/17,5/17,11.75,10.5,0,1,0,"January 29, 2016","August 07, 2021","January 14, 2018","June 19, 2018",True
2018,591650,Ankit Rajpoot,Kings XI Punjab,30000000.0,3.0,2017,Ankit Singh Rajpoot,"December 04, 1993, Kanpur",32y 207d,India,Bowler,-,IPL 2017,KKR,5.0,1,0,4,4,4.00,7,57.14,0,0,1,0,1.0,0.0,4,7.64,84,3/37,3/37,26.75,21.0,0,0,0,,,,,True
2018,554691,Axar Patel,Kings XI Punjab,125000000.0,12.5,2017,Axar Rajeshbhai Patel,"January 20, 1994, Anand, Gujarat",32y 165d,India,Allrounder,2014 - 2026,IPL 2017,PBKS,14.0,13,5,227,44,28.37,162,140.12,0,0,11,11,7.0,0.0,15,7.54,288,3/11,3/11,24.13,19.2,0,0,0,"July 17, 2015","July 01, 2026","June 15, 2014","October 25, 2025",True
2018,537126,Barinder Sran,Kings XI Punjab,22000000.0,2.2,2017,Barinder Balbirsingh Sran,"December 10, 1992, Sirsa",33y 209d,India,Bowler,2016 - 2016,IPL 2017,SRH,1.0,-,-,-,-,-,-,-,-,-,-,-,0.0,0.0,0,14.50,12,-,-,-,-,0,0,0,"June 20, 2016","June 22, 2016","January 12, 2016","June 15, 2016",True
2018,679567,Ben Dwarshuis,Kings XI Punjab,14000000.0,1.4,2017,,,,,,,,,,,,,,,,,,,,,,,,,,,,,,,,,,,,,False
2018,51880,Chris Gayle,Kings XI Punjab,20000000.0,2.0,2017,Christopher Henry Gayle,"September 21, 1979, Kingston, Jamaica",46y 287d,West Indies,Allrounder,1999 - 2021,IPL 2017,RCB,9.0,9,0,200,77,22.22,163,122.69,0,1,15,14,2.0,0.0,-,-,-,-,-,-,-,-,-,-,"February 16, 2006","November 06, 2021","September 11, 1999","August 14, 2019",True
2018,321777,David Miller,Kings XI Punjab,30000000.0,3.0,2017,David Andrew Miller,"June 10, 1989, Pietermaritzburg, Natal",37y 24d,South Africa,Middle order Batter,2010 - 2026,IPL 2017,PBKS,5.0,4,1,83,30*,27.66,80,103.75,0,0,4,4,2.0,0.0,-,-,-,-,-,-,-,-,-,-,"May 20, 2010","March 04, 2026","May 22, 2010","March 05, 2025",True
2018,422108,KL Rahul,Kings XI Punjab,110000000.0,11.0,2017,,,,,,,,,,,,,,,,,,,,,,,,,,,,,,,,,,,,,False
2018,398439,Karun Nair,Kings XI Punjab,56000000.0,5.6,2017,Karun Nair,"December 06, 1991, Jodhpur, Rajasthan",34y 210d,India,Top order Batter,2016 - 2025,IPL 2017,DC,14.0,13,0,281,64,21.61,226,124.33,0,1,39,6,2.0,0.0,-,-,-,-,-,-,-,-,-,-,,,"June 11, 2016","June 13, 2016",True
2018,35565,Manoj Tiwary,Kings XI Punjab,10000000.0,1.0,2017,Manoj Kumar Tiwary,"November 14, 1985, Howrah, Bengal",40y 232d,India,Batter,2008 - 2015,IPL 2017,RPS,15.0,13,3,324,60,32.40,236,137.28,0,2,31,11,6.0,0.0,-,-,-,-,-,-,-,-,-,-,"October 29, 2011","September 11, 2012","February 03, 2008","July 14, 2015",True
2018,1080203,Manzoor Dar,Kings XI Punjab,2000000.0,0.2,2017,,,,,,,,,,,,,,,,,,,,,,,,,,,,,,,,,,,,,False
2018,325012,Marcus Stoinis,Kings XI Punjab,62000000.0,6.2,2017,Marcus Peter Stoinis,"August 16, 1989, Perth",36y 322d,Australia,Batting Allrounder,2015 - 2026,IPL 2017,PBKS,5.0,3,0,17,9,5.66,24,70.83,0,0,1,0,3.0,0.0,2,10.47,63,1/28,1/28,55.00,31.5,0,0,0,"August 31, 2015","February 20, 2026","September 11, 2015","November 10, 2024",True
2018,398438,Mayank Agarwal,Kings XI Punjab,10000000.0,1.0,2017,Mayank Anurag Agarwal,"February 16, 1991, Bangalore, Karnataka",35y 139d,India,Batter,2018 - 2022,IPL 2017,RPS,3.0,3,0,26,20,8.66,27,96.29,0,0,3,0,1.0,0.0,-,-,-,-,-,-,-,-,-,-,,,"February 05, 2020","November 29, 2020",True
2018,942367,Mayank Dagar,Kings XI Punjab,2000000.0,0.2,2017,,,,,,,,,,,,,,,,,,,,,,,,,,,,,,,,,,,,,False
2018,537119,Mohit Sharma,Kings XI Punjab,24000000.0,2.4,2017,Mohit Mahipal Sharma,"September 18, 1988, Ballabhgarh, Haryana",37y 284d,India,Bowler,2013 - 2015,IPL 2017,PBKS,14.0,7,1,51,13,8.50,50,102.00,0,0,3,1,3.0,0.0,13,8.97,274,2/24,2/24,31.53,21.0,0,0,0,"March 30, 2014","October 05, 2015","August 01, 2013","October 25, 2015",True
2018,974109,Mujeeb Zadran,Kings XI Punjab,40000000.0,4.0,2017,,,,,,,,,,,,,,,,,,,,,,,,,,,,,,,,,,,,,False
2018,34155,Pardeep Sahu,Kings XI Punjab,2000000.0,0.2,2017,,,,,,,,,,,,,,,,,,,,,,,,,,,,,,,,,,,,,False
2018,26421,R Ashwin,Kings XI Punjab,76000000.0,7.6,2017,,,,,,,,,,,,,,,,,,,,,,,,,,,,,,,,,,,,,False
2018,36084,Yuvraj Singh,Kings XI Punjab,20000000.0,2.0,2017,Yuvraj Singh,"December 12, 1981, Chandigarh",44y 204d,India,Middle order Batter,2000 - 2017,IPL 2017,SRH,12.0,11,2,252,70*,28.00,177,142.37,0,2,30,8,3.0,0.0,1,11.00,12,1/6,1/6,22.00,12.0,0,0,0,"September 13, 2007","February 01, 2017","October 03, 2000","June 30, 2017",True
2018,276298,Andre Russell,Kolkata Knight Riders,85000000.0,8.5,2017,,,,,,,,,,,,,,,,,,,,,,,,,,,,,,,,,,,,,False
2018,505773,Apoorv Wankhade,Kolkata Knight Riders,2000000.0,0.2,2017,,,,,,,,,,,,,,,,,,,,,,,,,,,,,,,,,,,,,False
2018,322810,Cameron Delport,Kolkata Knight Riders,3000000.0,0.3,2017,,,,,,,,,,,,,,,,,,,,,,,,,,,,,,,,,,,,,False
2018,326637,Chris Lynn,Kolkata Knight Riders,96000000.0,9.6,2017,Christopher Austin Lynn,"April 10, 1990, Brisbane, Queensland",36y 86d,Australia,Batter,2014 - 2018,IPL 2017,KKR,7.0,7,1,295,93*,49.16,163,180.98,0,3,25,19,2.0,0.0,-,-,-,-,-,-,-,-,-,-,"January 29, 2014","November 25, 2018","January 13, 2017","November 11, 2018",True
2018,30045,Dinesh Karthik,Kolkata Knight Riders,74000000.0,7.4,2017,Krishnakumar Dinesh Karthik,"June 01, 1985, Madras (now Chennai), Tamil Nadu",41y 33d,India,Wicketkeeper Batter,2004 - 2022,IPL 2017,GL,14.0,13,3,361,65,36.10,259,139.38,0,2,30,11,8.0,0.0,-,-,-,-,-,-,-,-,-,-,"December 01, 2006","November 02, 2022","September 05, 2004","India vs New Zealand  at Manchester - July 09 - 10, 2019",True
2018,279554,Ishank  Jaggi,Kolkata Knight Riders,2000000.0,0.2,2017,Ishank Rajiv Jaggi,"January 27, 1989, Bacheli",37y 159d,India,Batter,-,IPL 2017,KKR,2.0,2,1,33,28,33.00,39,84.61,0,0,3,0,0.0,0.0,-,-,-,-,-,-,-,-,-,-,,,,,True
2018,230554,Javon Searles,Kolkata Knight Riders,3000000.0,0.3,2017,,,,,,,,,,,,,,,,,,,,,,,,,,,,,,,,,,,,,False
2018,1070188,Kamlesh Nagarkoti,Kolkata Knight Riders,32000000.0,3.2,2017,,,,,,,,,,,,,,,,,,,,,,,,,,,,,,,,,,,,,False
2018,559235,Kuldeep Yadav,Kolkata Knight Riders,58000000.0,5.8,2017,Kuldeep Yadav,"December 14, 1994, Kanpur, Uttar Pradesh",31y 202d,India,Bowler,2014 - 2026,IPL 2017,KKR,12.0,2,0,20,16,10.00,22,90.90,0,0,2,0,1.0,0.0,12,8.29,246,2/25,2/25,28.33,20.5,0,0,0,"July 09, 2017","February 15, 2026","June 23, 2017","June 17, 2026",True
2018,6033,Mitchell Johnson,Kolkata Knight Riders,20000000.0,2.0,2017,Mitchell Guy Johnson,"November 02, 1981, Townsville, Queensland",44y 245d,Australia,Bowler,2005 - 2015,IPL 2017,MI,5.0,3,3,20,13*,-,17,117.64,0,0,1,1,1.0,0.0,7,7.05,120,3/26,3/26,20.14,17.1,0,0,0,"September 12, 2007","August 31, 2013","December 10, 2005","March 29, 2015",True
2018,311592,Mitchell Starc,Kolkata Knight Riders,94000000.0,9.4,2017,,,,,,,,,,,,,,,,,,,,,,,,,,,,,,,,,,,,,False
2018,604527,Nitish Rana,Kolkata Knight Riders,34000000.0,3.4,2017,Nitish Rana,"December 27, 1993, Delhi",32y 189d,India,Middle order Batter,2021 - 2021,IPL 2017,MI,13.0,12,1,333,62*,30.27,264,126.13,0,3,24,17,4.0,0.0,-,-,-,-,-,-,-,-,-,-,"July 28, 2021","July 29, 2021","July 23, 2021","July 28, 2021",True
2018,32966,Piyush Chawla,Kolkata Knight Riders,42000000.0,4.2,2017,Piyush Pramod Chawla,"December 24, 1988, Aligarh, Uttar Pradesh",37y 187d,India,Bowling Allrounder,2006 - 2012,IPL 2017,KKR,6.0,1,0,2,2,2.00,6,33.33,0,0,0,0,1.0,0.0,6,8.95,120,2/34,2/34,29.83,20.0,0,0,0,"May 02, 2010","December 22, 2012","May 12, 2007","March 09, 2011",True
2018,723105,Rinku Singh,Kolkata Knight Riders,8000000.0,0.8,2017,,,,,,,,,,,,,,,,,,,,,,,,,,,,,,,,,,,,,False
2018,35582,Robin Uthappa,Kolkata Knight Riders,64000000.0,6.4,2017,Robin Venu Uthappa,"November 11, 1985, Coorg, Karnataka",40y 230d,India,Batter,2006 - 2015,IPL 2017,KKR,14.0,13,0,388,87,29.84,235,165.10,0,5,36,21,9.0,6.0,-,-,-,-,-,-,-,-,-,-,"September 13, 2007","July 19, 2015","April 15, 2006","July 14, 2015",True
2018,1079848,Shivam Mavi,Kolkata Knight Riders,30000000.0,3.0,2017,,,,,,,,,,,,,,,,,,,,,,,,,,,,,,,,,,,,,False
2018,1070173,Shubman Gill,Kolkata Knight Riders,18000000.0,1.8,2017,,,,,,,,,,,,,,,,,,,,,,,,,,,,,,,,,,,,,False
2018,230558,Sunil Narine,Kolkata Knight Riders,125000000.0,12.5,2017,Sunil Philip Narine,"May 26, 1988, Arima, Trinidad & Tobago",38y 40d,West Indies,Bowling Allrounder,2011 - 2019,IPL 2017,KKR,16.0,14,1,224,54,17.23,130,172.30,0,1,34,10,4.0,0.0,10,6.98,354,2/29,2/29,41.20,35.4,0,0,0,"March 27, 2012","August 06, 2019","December 05, 2011","October 05, 2016",True
2018,35731,Vinay Kumar,Kolkata Knight Riders,10000000.0,1.0,2017,Ranganath Vinay Kumar,"February 12, 1984, Davanagere, Karnataka",42y 143d,India,Bowler,2010 - 2013,IPL 2017,MI,1.0,-,-,-,-,-,-,-,-,-,-,-,0.0,0.0,2,10.33,18,2/31,2/31,15.50,9.0,0,0,0,"May 11, 2010","October 10, 2013","May 28, 2010","November 02, 2013",True
2018,333904,Aditya  Tare,Mumbai Indians,2000000.0,0.2,2017,Aditya Prakash Tare,"November 07, 1987, Bombay (now Mumbai), Maharashtra",38y 239d,India,Wicketkeeper,-,IPL 2017,DC,3.0,3,0,18,18,6.00,23,78.26,0,0,3,0,0.0,0.0,-,-,-,-,-,-,-,-,-,-,,,,,True
2018,574178,Akila Dananjaya,Mumbai Indians,5000000.0,0.5,2017,,,,,,,,,,,,,,,,,,,,,,,,,,,,,,,,,,,,,False
2018,1079839,Anukul Roy,Mumbai Indians,2000000.0,0.2,2017,,,,,,,,,,,,,,,,,,,,,,,,,,,,,,,,,,,,,False
2018,230371,Ben Cutting,Mumbai Indians,22000000.0,2.2,2017,Benjamin Colin James Cutting,"January 30, 1987, Sunnybank, Brisbane, Queensland",39y 157d,Australia,Allrounder,2013 - 2017,IPL 2017,SRH,4.0,3,1,51,20,25.50,26,196.15,0,0,5,3,1.0,0.0,1,9.71,76,1/41,1/41,123.00,76.0,0,0,0,"January 26, 2013","September 15, 2017","January 13, 2013","August 31, 2014",True
2018,431901,Evin Lewis,Mumbai Indians,38000000.0,3.8,2017,,,,,,,,,,,,,,,,,,,,,,,,,,,,,,,,,,,,,False
2018,625371,Hardik Pandya,Mumbai Indians,110000000.0,11.0,2017,Hardik Himanshu Pandya,"October 11, 1993, Choryasi, Gujarat",32y 266d,India,Allrounder,2016 - 2026,IPL 2017,MI,17.0,16,9,250,35*,35.71,160,156.25,0,0,11,20,12.0,0.0,6,8.19,156,2/22,2/22,35.50,26.0,0,0,0,"January 26, 2016","March 08, 2026","October 16, 2016","March 09, 2025",True
2018,720471,Ishan Kishan,Mumbai Indians,62000000.0,6.2,2017,Ishan Pranav Kumar Pandey Kishan,"July 18, 1998, Patna, Bihar",27y 351d,India,Wicketkeeper Batter,2021 - 2026,IPL 2017,GL,11.0,10,0,277,61,27.70,206,134.46,0,1,29,13,3.0,0.0,-,-,-,-,-,-,-,-,-,-,"March 14, 2021","July 01, 2026","July 18, 2021","June 20, 2026",True
2018,44932,JP Duminy,Mumbai Indians,10000000.0,1.0,2017,,,,,,,,,,,,,,,,,,,,,,,,,,,,,,,,,,,,,False
2018,272477,Jason Behrendorff,Mumbai Indians,15000000.0,1.5,2017,,,,,,,,,,,,,,,,,,,,,,,,,,,,,,,,,,,,,False
2018,625383,Jasprit Bumrah,Mumbai Indians,70000000.0,7.0,2017,Jasprit Jasbirsingh Bumrah,"December 06, 1993, Ahmedabad",32y 212d,India,Bowler,2016 - 2026,IPL 2017,MI,16.0,2,1,16,16*,16.00,12,133.33,0,0,0,1,2.0,0.0,20,7.41,356,3/7,3/7,22.00,17.8,0,0,0,"January 26, 2016","March 08, 2026","January 23, 2016","November 19, 2023",True
2018,230559,Kieron Pollard,Mumbai Indians,54000000.0,5.4,2017,Kieron Adrian Pollard,"May 12, 1987, Tacarigua, Trinidad",39y 56d,West Indies,Batting Allrounder,2007 - 2022,IPL 2017,MI,17.0,16,3,385,70,29.61,276,139.49,0,3,26,22,15.0,0.0,0,16.36,11,-,-,-,-,0,0,0,"June 20, 2008","February 20, 2022","April 10, 2007","February 06, 2022",True
2018,471342,Krunal Pandya,Mumbai Indians,88000000.0,8.8,2017,Krunal Himanshu Pandya,"March 24, 1991, Ahmedabad, Gujarat",35y 103d,India,Allrounder,2018 - 2021,IPL 2017,MI,13.0,11,4,243,47,34.71,179,135.75,0,0,24,7,2.0,0.0,10,6.82,240,3/14,3/14,27.30,24.0,0,0,0,"November 04, 2018","July 25, 2021","March 23, 2021","July 20, 2021",True
2018,822703,MD Nidheesh,Mumbai Indians,2000000.0,0.2,2017,,,,,,,,,,,,,,,,,,,,,,,,,,,,,,,,,,,,,False
2018,1081442,Mayank Markande,Mumbai Indians,2000000.0,0.2,2017,,,,,,,,,,,,,,,,,,,,,,,,,,,,,,,,,,,,,False
2018,1132005,Mohsin Khan,Mumbai Indians,2000000.0,0.2,2017,,,,,,,,,,,,,,,,,,,,,,,,,,,,,,,,,,,,,False
2018,330902,Mustafizur Rahman,Mumbai Indians,22000000.0,2.2,2017,Mustafizur Rahman,"September 06, 1995, Satkhira",30y 296d,Bangladesh,Bowler,2015 - 2026,IPL 2017,SRH,1.0,-,-,-,-,-,-,-,-,-,-,-,0.0,0.0,0,12.75,16,-,-,-,-,0,0,0,"April 24, 2015","June 19, 2026","June 18, 2015","June 14, 2026",True
2018,489889,Pat Cummins,Mumbai Indians,54000000.0,5.4,2017,Patrick James Cummins,"May 08, 1993, Westmead, Sydney",33y 58d,Australia,Bowler,2011 - 2025,IPL 2017,DC,12.0,9,4,77,24,15.40,53,145.28,0,0,5,4,1.0,0.0,15,8.07,277,2/20,2/20,24.86,18.4,0,0,0,"October 13, 2011","June 24, 2024","October 19, 2011","November 08, 2024",True
2018,279545,Pradeep Sangwan,Mumbai Indians,15000000.0,1.5,2017,Pradeep Jaibeer Sangwan,"November 05, 1990, Rasiwas, Delhi",35y 241d,India,Bowler,-,IPL 2017,GL,5.0,3,1,2,1*,1.00,4,50.00,0,0,0,0,0.0,0.0,5,10.05,108,2/38,2/38,36.20,21.6,0,0,0,,,,,True
2018,1064812,Rahul Chahar,Mumbai Indians,19000000.0,1.9,2017,Rahul Desraj Chahar,"August 04, 1999, Bharaatpur, Rajasthan",26y 329d,India,Bowler,2019 - 2021,IPL 2017,RPS,3.0,1,1,3,3*,-,2,150.00,0,0,0,0,1.0,0.0,2,8.28,42,1/26,1/26,29.00,21.0,0,0,0,"August 06, 2019","November 08, 2021","July 23, 2021","August 06, 2019",True
2018,34102,Rohit Sharma,Mumbai Indians,150000000.0,15.0,2017,Rohit Gurunath Sharma,"April 30, 1987, Bansod, Nagpur, Maharashtra",39y 68d,India,Top order Batter,2007 - 2026,IPL 2017,MI,17.0,16,2,333,67,23.78,273,121.97,0,3,31,9,10.0,0.0,-,-,-,-,-,-,-,-,-,-,"September 19, 2007","June 29, 2024","June 23, 2007","June 20, 2026",True
2018,35390,Saurabh Tiwary,Mumbai Indians,8000000.0,0.8,2017,Saurabh Sunil Tiwary,"December 30, 1989, Jamshedpur, Bihar",36y 186d,India,Top order Batter,2010 - 2010,IPL 2017,MI,1.0,1,0,52,52,52.00,43,120.93,0,1,9,0,0.0,0.0,-,-,-,-,-,-,-,-,-,-,,,"October 20, 2010","December 10, 2010",True
2018,726989,Sharad  Lumba,Mumbai Indians,2000000.0,0.2,2017,,,,,,,,,,,,,,,,,,,,,,,,,,,,,,,,,,,,,False
2018,422342,Siddhesh Lad,Mumbai Indians,2000000.0,0.2,2017,,,,,,,,,,,,,,,,,,,,,,,,,,,,,,,,,,,,,False
2018,446507,Suryakumar Yadav,Mumbai Indians,32000000.0,3.2,2017,Suryakumar Ashok Yadav,"September 14, 1990, Mumbai, Maharashtra",35y 294d,India,Batter,2021 - 2026,IPL 2017,KKR,10.0,7,1,105,31,17.50,88,119.31,0,0,8,3,5.0,0.0,-,-,-,-,-,-,-,-,-,-,"March 14, 2021","March 08, 2026","July 18, 2021","November 19, 2023",True
2018,1079860,Tajinder Singh,Mumbai Indians,5500000.0,0.55,2017,,,,,,,,,,,,,,,,,,,,,,,,,,,,,,,,,,,,,False
2018,277916,Ajinkya Rahane,Rajasthan Royals,40000000.0,4.0,2017,Ajinkya Madhukar Rahane,"June 06, 1988, Ashwi-KD, Maharashtra",38y 23d,India,Top order Batter,2011 - 2023,IPL 2017,RPS,16.0,16,1,382,60,25.46,323,118.26,0,2,35,9,6.0,0.0,-,-,-,-,-,-,-,-,-,-,"August 31, 2011","August 28, 2016","September 03, 2011","February 16, 2018",True
2018,422992,Ankit Sharma,Rajasthan Royals,2000000.0,0.2,2017,Ankit Nagendra Sharma,"April 20, 1991, Gwalior, Madhya Pradesh",35y 76d,India,Bowler,-,IPL 2017,RPS,1.0,1,0,25,25,25.00,15,166.66,0,0,2,1,0.0,0.0,0,16.00,6,-,-,-,-,0,0,0,,,,,True
2018,376324,Anureet Singh,Rajasthan Royals,3000000.0,0.3,2017,Kathuria Anureet Singh,"March 02, 1988, Delhi",38y 125d,India,Bowler,-,IPL 2017,PBKS,1.0,1,0,15,15,15.00,12,125.00,0,0,2,0,0.0,0.0,0,13.00,12,-,-,-,-,0,0,0,,,,,True
2018,1126227,Aryaman Birla,Rajasthan Royals,3000000.0,0.3,2017,,,,,,,,,,,,,,,,,,,,,,,,,,,,,,,,,,,,,False
2018,315623,Ben Laughlin,Rajasthan Royals,5000000.0,0.5,2017,,,,,,,,,,,,,,,,,,,,,,,,,,,,,,,,,,,,,False
2018,311158,Ben Stokes,Rajasthan Royals,125000000.0,12.5,2017,Benjamin Andrew Stokes,"June 04, 1991, Christchurch, Canterbury, New Zealand",35y 25d,England,Allrounder,2011 - 2026,IPL 2017,RPS,12.0,11,1,316,103*,31.60,221,142.98,1,1,22,15,5.0,0.0,12,7.18,264,3/18,3/18,26.33,22.0,0,0,0,"September 23, 2011","November 13, 2022","August 25, 2011","November 11, 2023",True
2018,308798,Darcy Short,Rajasthan Royals,40000000.0,4.0,2017,,,,,,,,,,,,,,,,,,,,,,,,,,,,,,,,,,,,,False
2018,277955,Dhawal Kulkarni,Rajasthan Royals,7500000.0,0.75,2017,Dhawal Sunil Kulkarni,"December 10, 1988, Bombay (now Mumbai), Maharashtra",37y 206d,India,Bowler,2014 - 2016,IPL 2017,GL,6.0,1,0,1,1,1.00,2,50.00,0,0,0,0,1.0,0.0,3,9.18,113,1/24,1/24,57.66,37.6,0,0,0,"June 20, 2016","June 22, 2016","September 02, 2014","October 26, 2016",True
2018,552152,Dushmantha Chameera,Rajasthan Royals,5000000.0,0.5,2017,,,,,,,,,,,,,,,,,,,,,,,,,,,,,,,,,,,,,False
2018,424377,Gowtham Krishnappa,Rajasthan Royals,62000000.0,6.2,2017,,,,,,,,,,,,,,,,,,,,,,,,,,,,,,,,,,,,,False
2018,34349,Jatin Saxena,Rajasthan Royals,2000000.0,0.2,2017,,,,,,,,,,,,,,,,,,,,,,,,,,,,,,,,,,,,,False
2018,390484,Jaydev Unadkat,Rajasthan Royals,115000000.0,11.5,2017,Jaydev Dipakbhai Unadkat,"October 18, 1991, Porbandar",34y 259d,India,Bowler,2010 - 2023,IPL 2017,RPS,12.0,2,2,2,2*,-,5,40.00,0,0,0,0,9.0,0.0,24,7.02,275,5/30,5/30,13.41,11.4,0,1,0,"June 18, 2016","March 18, 2018","July 24, 2013","August 01, 2023",True
2018,669855,Jofra Archer,Rajasthan Royals,72000000.0,7.2,2017,,,,,,,,,,,,,,,,,,,,,,,,,,,,,,,,,,,,,False
2018,308967,Jos  Buttler,Rajasthan Royals,44000000.0,4.4,2017,Joseph Charles Buttler,"September 08, 1990, Taunton, Somerset",35y 299d,England,Wicketkeeper Batter,2011 - 2026,IPL 2017,MI,10.0,10,0,272,77,27.20,177,153.67,0,1,27,15,1.0,0.0,-,-,-,-,-,-,-,-,-,-,"August 31, 2011","July 01, 2026","February 21, 2012","January 27, 2026",True
2018,853265,Mahipal Lomror,Rajasthan Royals,2000000.0,0.2,2017,,,,,,,,,,,,,,,,,,,,,,,,,,,,,,,,,,,,,False
2018,1131619,Midhun S,Rajasthan Royals,2000000.0,0.2,2017,,,,,,,,,,,,,,,,,,,,,,,,,,,,,,,,,,,,,False
2018,500135,Prashant Chopra,Rajasthan Royals,2000000.0,0.2,2017,,,,,,,,,,,,,,,,,,,,,,,,,,,,,,,,,,,,,False
2018,446763,Rahul Tripathi,Rajasthan Royals,34000000.0,3.4,2017,Rahul Ajay Tripathi,"March 02, 1991, Ranchi",35y 119d,India,Top order Batter,2023 - 2023,IPL 2017,RPS,14.0,14,0,391,93,27.92,267,146.44,0,2,43,17,5.0,0.0,0,12.00,6,-,-,-,-,0,0,0,"January 05, 2023","February 01, 2023",,,True
2018,425943,Sanju Samson,Rajasthan Royals,80000000.0,8.0,2017,Sanju Viswanath Samson,"November 11, 1994, Pulluvila, Vizhinjam, Trivandrum",31y 230d,India,Wicketkeeper Batter,2014 - 2026,IPL 2017,DC,14.0,14,0,386,102,27.57,273,141.39,1,2,32,19,4.0,0.0,-,-,-,-,-,-,-,-,-,-,"July 19, 2015","June 28, 2026","July 23, 2021","December 21, 2023",True
2018,344580,Shreyas Gopal,Rajasthan Royals,2000000.0,0.2,2017,,,,,,,,,,,,,,,,,,,,,,,,,,,,,,,,,,,,,False
2018,267192,Steven Smith,Rajasthan Royals,125000000.0,12.5,2017,Steven Peter Devereux Smith,"June 02, 1989, Sydney, New South Wales",37y 32d,Australia,Top order Batter,2010 - 2026,IPL 2017,RPS,15.0,15,3,472,84*,39.33,387,121.96,0,3,38,12,7.0,0.0,-,-,-,-,-,-,-,-,-,-,"February 05, 2010","February 25, 2024","February 19, 2010","March 04, 2025",True
2018,27223,Stuart Binny,Rajasthan Royals,5000000.0,0.5,2017,Stuart Terence Roger Binny,"June 03, 1984, Bangalore, Karnataka",42y 33d,India,Allrounder,2014 - 2016,IPL 2017,RCB,8.0,7,2,78,18*,15.60,76,102.63,0,0,6,3,1.0,0.0,4,8.33,36,1/9,1/9,12.50,9.0,0,0,0,"July 17, 2015","August 27, 2016","January 28, 2014","October 11, 2015",True
2018,712219,Zahir Khan,Rajasthan Royals,6000000.0,0.6,2017,,,,,,,,,,,,,,,,,,,,,,,,,,,,,,,,,,,,,False
2018,44936,AB de Villiers,Royal Challengers Bangalore,110000000.0,11.0,2017,Abraham Benjamin de Villiers,"February 17, 1984, Pretoria",42y 140d,South Africa,Wicketkeeper Batter,2004 - 2018,IPL 2017,RCB,9.0,9,1,216,89*,27.00,163,132.51,0,1,12,16,6.0,0.0,-,-,-,-,-,-,-,-,-,-,"February 24, 2006","October 29, 2017","February 02, 2005","February 16, 2018",True
2018,527299,Aniket Choudhary,Royal Challengers Bangalore,3000000.0,0.3,2017,Aniket Vinod Choudhary,"January 28, 1990, Bikaner, Rajasthan",36y 160d,India,Bowler,-,IPL 2017,RCB,5.0,3,2,25,15*,25.00,20,125.00,0,0,1,1,0.0,0.0,5,8.55,101,2/17,2/17,28.80,20.2,0,0,0,,,,,True
2018,420644,Aniruddha Joshi,Royal Challengers Bangalore,2000000.0,0.2,2017,,,,,,,,,,,,,,,,,,,,,,,,,,,,,,,,,,,,,False
2018,37737,Brendon McCullum,Royal Challengers Bangalore,36000000.0,3.6,2017,Brendon Barrie McCullum,"September 27, 1981, Dunedin, Otago",44y 275d,New Zealand,Wicketkeeper Batter,2002 - 2016,IPL 2017,GL,11.0,11,0,319,72,29.00,217,147.00,0,2,29,18,8.0,0.0,-,-,-,-,-,-,-,-,-,-,"February 17, 2005","June 23, 2015","January 17, 2002","February 08, 2016",True
2018,247235,Chris Woakes,Royal Challengers Bangalore,74000000.0,7.4,2017,Christopher Roger Woakes,"March 02, 1989, Birmingham, Warwickshire",37y 124d,England,Allrounder,2011 - 2025,IPL 2017,KKR,13.0,7,3,46,18,11.50,47,97.87,0,0,4,1,6.0,0.0,17,8.77,264,3/6,3/6,22.70,15.5,0,0,0,"January 12, 2011","December 21, 2023","January 23, 2011","November 11, 2023",True
2018,55395,Colin de Grandhomme,Royal Challengers Bangalore,22000000.0,2.2,2017,Colin de Grandhomme,"July 22, 1986, Harare",39y 348d,New Zealand,Allrounder,2012 - 2022,IPL 2017,KKR,12.0,9,1,126,36,15.75,92,136.95,0,0,10,6,2.0,0.0,4,8.43,96,3/4,3/4,33.75,24.0,0,0,0,"February 11, 2012","September 10, 2021","March 03, 2012","April 04, 2022",True
2018,1083033,Kulwant Khejroliya,Royal Challengers Bangalore,8500000.0,0.85,2017,,,,,,,,,,,,,,,,,,,,,,,,,,,,,,,,,,,,,False
2018,532856,Manan Vohra,Royal Challengers Bangalore,11000000.0,1.1,2017,Manan Vohra,"July 18, 1993, Chandigarh, Punjab",32y 352d,India,Opening Batter,-,IPL 2017,PBKS,11.0,9,0,229,95,25.44,159,144.02,0,1,23,9,2.0,0.0,-,-,-,-,-,-,-,-,-,-,,,,,True
2018,398506,Mandeep Singh,Royal Challengers Bangalore,14000000.0,1.4,2017,Mandeep Singh,"December 18, 1991, Jalandhar, Punjab",34y 198d,India,Allrounder,2016 - 2016,IPL 2017,RCB,11.0,10,0,188,52,18.80,177,106.21,0,1,21,4,6.0,0.0,-,-,-,-,-,-,-,-,-,-,"June 18, 2016","June 22, 2016",,,True
2018,8917,Moeen Ali,Royal Challengers Bangalore,17000000.0,1.7,2017,,,,,,,,,,,,,,,,,,,,,,,,,,,,,,,,,,,,,False
2018,940973,Mohammed Siraj,Royal Challengers Bangalore,26000000.0,2.6,2017,Mohammed Siraj,"March 13, 1994, Hyderabad",32y 113d,India,Bowler,2017 - 2026,IPL 2017,SRH,6.0,-,-,-,-,-,-,-,-,-,-,-,1.0,0.0,10,9.21,138,4/32,4/32,21.20,13.8,1,0,0,"November 04, 2017","February 07, 2026","January 15, 2019","January 18, 2026",True
2018,528067,Murugan Ashwin,Royal Challengers Bangalore,22000000.0,2.2,2017,,,,,,,,,,,,,,,,,,,,,,,,,,,,,,,,,,,,,False
2018,261354,Nathan Coulter-Nile,Royal Challengers Bangalore,22000000.0,2.2,2017,Nathan Mitchell Coulter-Nile,"October 11, 1987, Osborne Park, Western Australia",38y 267d,Australia,Bowling Allrounder,2013 - 2019,IPL 2017,KKR,8.0,3,0,14,6,4.66,12,116.66,0,0,0,2,2.0,0.0,15,8.04,170,3/20,3/20,15.20,11.3,0,0,0,"February 13, 2013","February 27, 2019","September 14, 2013","June 20, 2019",True
2018,700167,Navdeep Saini,Royal Challengers Bangalore,30000000.0,3.0,2017,,,,,,,,,,,,,,,,,,,,,,,,,,,,,,,,,,,,,False
2018,32242,Parthiv Patel,Royal Challengers Bangalore,17000000.0,1.7,2017,Parthiv Ajay Patel,"March 09, 1985, Ahmedabad, Gujarat",41y 112d,India,Wicketkeeper Batter,2002 - 2018,IPL 2017,MI,16.0,16,0,395,70,24.68,293,134.81,0,2,49,8,6.0,2.0,-,-,-,-,-,-,-,-,-,-,"June 04, 2011","August 31, 2011","January 04, 2003","February 21, 2012",True
2018,422104,Pavan Deshpande,Royal Challengers Bangalore,2000000.0,0.2,2017,,,,,,,,,,,,,,,,,,,,,,,,,,,,,,,,,,,,,False
2018,530773,Pawan Negi,Royal Challengers Bangalore,10000000.0,1.0,2017,Pawan Negi,"January 06, 1993, Delhi",33y 174d,India,Bowler,2016 - 2016,IPL 2017,RCB,12.0,10,2,144,35,18.00,111,129.72,0,0,10,7,3.0,0.0,16,6.12,193,3/10,3/10,12.31,12.0,0,0,0,"March 03, 2016","Delhi vs Haryana  at Delhi - November 03 - 06, 2011",,,True
2018,379143,Quinton de Kock,Royal Challengers Bangalore,28000000.0,2.8,2017,,,,,,,,,,,,,,,,,,,,,,,,,,,,,,,,,,,,,False
2018,642525,Sarfaraz Khan,Royal Challengers Bangalore,30000000.0,3.0,2017,,,,,,,,,,,,,,,,,,,,,,,,,,,,,,,,,,,,,False
2018,232364,Tim Southee,Royal Challengers Bangalore,10000000.0,1.0,2017,Timothy Grant Southee,"December 11, 1988, Whangarei, Northland",37y 200d,New Zealand,Bowler,2008 - 2024,IPL 2017,MI,3.0,1,0,7,7,7.00,3,233.33,0,0,0,1,1.0,0.0,3,9.60,60,2/39,2/39,32.00,20.0,0,0,0,"February 05, 2008","June 17, 2024","June 15, 2008","November 15, 2023",True
2018,376116,Umesh Yadav,Royal Challengers Bangalore,42000000.0,4.2,2017,Umeshkumar Tilak Yadav,"October 25, 1987, Nagpur, Maharashtra",38y 252d,India,Bowler,2010 - 2023,IPL 2017,KKR,14.0,4,4,10,4*,-,13,76.92,0,0,0,0,4.0,0.0,17,8.45,291,4/33,4/33,24.11,17.1,1,0,0,"August 07, 2012","October 04, 2022","May 28, 2010","October 24, 2018",True
2018,253802,Virat Kohli,Royal Challengers Bangalore,170000000.0,17.0,2017,Virat Kohli,"November 05, 1988, Delhi",37y 244d,India,Top order Batter,2008 - 2026,IPL 2017,RCB,10.0,10,0,308,64,30.80,252,122.22,0,4,23,11,5.0,0.0,-,-,-,-,-,-,-,-,-,-,"June 12, 2010","June 29, 2024","August 18, 2008","January 18, 2026",True
2018,719715,Washington Sundar,Royal Challengers Bangalore,32000000.0,3.2,2017,Washington Sundar,"October 05, 1999, Chennai, Tamil Nadu",26y 272d,India,Bowling Allrounder,2017 - 2026,IPL 2017,RPS,11.0,5,4,9,5*,9.00,12,75.00,0,0,0,0,5.0,0.0,8,6.16,180,3/16,3/16,23.12,22.5,0,0,0,"December 24, 2017","June 26, 2026","December 13, 2017","June 20, 2026",True
2018,430246,Yuzvendra Chahal,Royal Challengers Bangalore,60000000.0,6.0,2017,Yuzvendra Singh Chahal,"July 23, 1990, Jind, Haryana",35y 348d,India,Bowler,2016 - 2024,IPL 2017,RCB,13.0,6,3,13,4*,4.33,26,50.00,0,0,0,0,3.0,0.0,14,7.65,261,3/16,3/16,23.78,18.6,0,0,0,"June 18, 2016","August 13, 2023","June 11, 2016","January 24, 2023",True
2018,732291,Basil Thampi,Sunrisers Hyderabad,9500000.0,0.95,2017,Basil Thampi,"September 11, 1993, Ernakulam, Kerala",32y 296d,India,Bowler,-,IPL 2017,GL,12.0,5,5,28,13*,-,28,100.00,0,0,1,1,2.0,0.0,11,9.49,268,3/29,3/29,38.54,24.3,0,0,0,,,,,True
2018,326016,Bhuvneshwar Kumar,Sunrisers Hyderabad,85000000.0,8.5,2017,Bhuvneshwar Kumar Singh,"February 05, 1990, Meerut, Uttar Pradesh",36y 150d,India,Bowler,2012 - 2022,IPL 2017,SRH,14.0,2,1,4,4*,4.00,4,100.00,0,0,0,0,4.0,0.0,26,7.05,314,5/19,5/19,14.19,12.0,0,1,0,"December 25, 2012","November 22, 2022","December 30, 2012","January 21, 2022",True
2018,533042,Billy Stanlake,Sunrisers Hyderabad,5000000.0,0.5,2017,Billy James Stanlake,"November 04, 1994, Hervey Bay, Australia",31y 246d,Australia,Bowler,2017 - 2026,IPL 2017,RCB,2.0,-,-,-,-,-,-,-,-,-,-,-,1.0,0.0,2,8.75,48,2/29,2/29,35.00,24.0,0,0,0,"February 17, 2017","November 08, 2019","January 13, 2017","May 30, 2026",True
2018,35928,Bipul Sharma,Sunrisers Hyderabad,2000000.0,0.2,2017,Bipul Sharma,"September 28, 1983, Amritsar, Punjab",42y 280d,India,Allrounder,-,IPL 2017,SRH,7.0,3,2,31,21*,31.00,24,129.16,0,0,2,1,1.0,0.0,3,7.89,98,1/4,1/4,43.00,32.6,0,0,0,,,,,True
2018,457249,Carlos Brathwaite,Sunrisers Hyderabad,20000000.0,2.0,2017,Carlos Ricardo Brathwaite,"July 18, 1988, Barbados",37y 352d,West Indies,Allrounder,2011 - 2019,IPL 2017,DC,2.0,2,0,12,11,6.00,15,80.00,0,0,2,0,0.0,0.0,1,11.16,36,1/38,1/38,67.00,36.0,0,0,0,"October 11, 2011","August 06, 2019","October 18, 2011","August 14, 2019",True
2018,288992,Chris Jordan,Sunrisers Hyderabad,10000000.0,1.0,2017,Christopher James Jordan,"October 04, 1988, Barbados",37y 268d,England,Bowler,2013 - 2024,IPL 2017,SRH,1.0,1,0,0,0,0.00,1,0.00,0,0,0,0,0.0,0.0,1,9.00,6,1/9,1/9,9.00,6.0,0,0,0,"February 02, 2014","June 27, 2024","September 16, 2013","November 17, 2022",True
2018,219889,David Warner,Sunrisers Hyderabad,125000000.0,12.5,2017,David Andrew Warner,"October 27, 1986, Paddington, New South Wales",39y 250d,Australia,Opening Batter,2009 - 2024,IPL 2017,SRH,14.0,14,3,641,126,58.27,452,141.81,1,4,63,26,10.0,0.0,-,-,-,-,-,-,-,-,-,-,"January 11, 2009","June 24, 2024","January 18, 2009","November 19, 2023",True
2018,497121,Deepak Hooda,Sunrisers Hyderabad,36000000.0,3.6,2017,Deepak Jagbir Hooda,"April 19, 1995, Rohtak",31y 71d,India,Allrounder,2022 - 2023,IPL 2017,SRH,10.0,6,3,78,19*,26.00,52,150.00,0,0,5,4,5.0,0.0,2,10.50,24,1/7,1/7,21.00,12.0,0,0,0,"February 24, 2022","February 01, 2023","February 06, 2022","November 30, 2022",True
2018,277906,Kane Williamson,Sunrisers Hyderabad,30000000.0,3.0,2017,Kane Stuart Williamson,"August 08, 1990, Tauranga",35y 330d,New Zealand,Top order Batter,2010 - 2026,IPL 2017,SRH,7.0,7,1,256,89,42.66,169,151.47,0,2,20,10,1.0,0.0,-,-,-,-,-,-,-,-,-,-,"October 15, 2011","June 17, 2024","August 10, 2010","October 29, 2025",True
2018,290630,Manish Pandey,Sunrisers Hyderabad,110000000.0,11.0,2017,Manish Krishnanand Pandey,"September 10, 1989, Nainital, Uttaranchal",36y 297d,India,Top order Batter,2015 - 2021,IPL 2017,KKR,14.0,13,5,396,81*,49.50,308,128.57,0,2,28,12,8.0,0.0,-,-,-,-,-,-,-,-,-,-,"July 17, 2015","December 04, 2020","July 14, 2015","July 23, 2021",True
2018,477050,Mehdi Hasan,Sunrisers Hyderabad,2000000.0,0.2,2017,,,,,,,,,,,,,,,,,,,,,,,,,,,,,,,,,,,,,False
2018,25913,Mohammad Nabi,Sunrisers Hyderabad,10000000.0,1.0,2017,Mohammad Nabi,"January 01, 1985, Loger, Afghanistan",41y 187d,Afghanistan,Allrounder,2009 - 2026,IPL 2017,SRH,3.0,1,0,2,2,2.00,3,66.66,0,0,0,0,0.0,0.0,2,5.27,66,1/13,1/13,29.00,33.0,0,0,0,"February 01, 2010","February 19, 2026","April 19, 2009","June 20, 2026",True
2018,793463,Rashid Khan,Sunrisers Hyderabad,90000000.0,9.0,2017,Rashid Khan Arman,"September 20, 1998, Nangarhar",27y 287d,Afghanistan,Bowling Allrounder,2015 - 2026,IPL 2017,SRH,14.0,3,1,11,6*,5.50,9,122.22,0,0,0,1,5.0,0.0,17,6.62,324,3/19,3/19,21.05,19.0,0,0,0,"October 26, 2015","February 19, 2026","October 18, 2015","June 20, 2026",True
2018,642531,Ricky Bhui,Sunrisers Hyderabad,2000000.0,0.2,2017,,,,,,,,,,,,,,,,,,,,,,,,,,,,,,,,,,,,,False
2018,432783,Sachin Baby,Sunrisers Hyderabad,2000000.0,0.2,2017,Sachin Baby,"December 18, 1988, Thodupuzha, Kerala",37y 202d,India,Batter,-,IPL 2017,RCB,3.0,3,0,15,12,5.00,15,100.00,0,0,2,0,2.0,0.0,-,-,-,-,-,-,-,-,-,-,,,,,True
2018,438362,Sandeep Sharma,Sunrisers Hyderabad,30000000.0,3.0,2017,Sandeep Sharma,"May 18, 1993, Patiala, Punjab",33y 48d,India,Bowler,2015 - 2015,IPL 2017,PBKS,13.0,4,4,7,5*,-,6,116.66,0,0,0,0,3.0,0.0,17,8.29,288,4/20,4/20,23.41,16.9,1,0,0,"July 17, 2015","July 19, 2015",,,True
2018,56143,Shakib Al Hasan,Sunrisers Hyderabad,20000000.0,2.0,2017,Shakib Al Hasan,"March 24, 1987, Magura, Jessore",39y 103d,Bangladesh,Allrounder,2006 - 2024,IPL 2017,KKR,1.0,1,1,1,1*,-,1,100.00,0,0,0,0,0.0,0.0,0,10.33,18,-,-,-,-,0,0,0,"November 28, 2006","June 24, 2024","August 06, 2006","November 06, 2023",True
2018,28235,Shikhar Dhawan,Sunrisers Hyderabad,52000000.0,5.2,2017,Shikhar Dhawan,"December 05, 1985, Delhi",40y 213d,India,Opening Batter,2010 - 2022,IPL 2017,SRH,14.0,14,1,479,77,36.84,376,127.39,0,3,53,9,7.0,0.0,-,-,-,-,-,-,-,-,-,-,"June 04, 2011","July 29, 2021","October 20, 2010","December 10, 2022",True
2018,302579,Shreevats Goswami,Sunrisers Hyderabad,10000000.0,1.0,2017,,,,,,,,,,,,,,,,,,,,,,,,,,,,,,,,,,,,,False
2018,326017,Siddarth  Kaul,Sunrisers Hyderabad,38000000.0,3.8,2017,Siddarth Kaul,"May 19, 1990, Pathankot, Punjab",36y 49d,India,Bowler,2018 - 2019,IPL 2017,SRH,10.0,1,1,0,0*,-,2,0.00,0,0,0,0,3.0,0.0,16,8.41,214,4/29,4/29,18.75,13.3,1,0,0,"June 29, 2018","February 27, 2019","July 12, 2018","September 25, 2018",True
2018,942645,Syed Khaleel Ahmed,Sunrisers Hyderabad,30000000.0,3.0,2017,,,,,,,,,,,,,,,,,,,,,,,,,,,,,,,,,,,,,False
2018,802575,T Natarajan,Sunrisers Hyderabad,4000000.0,0.4,2017,Thangarasu Natarajan,"April 04, 1991, Salem",35y 91d,India,Bowler,2020 - 2021,IPL 2017,PBKS,6.0,-,-,-,-,-,-,-,-,-,-,-,0.0,0.0,2,9.07,76,1/26,1/26,57.50,38.0,0,0,0,"December 04, 2020","March 20, 2021","December 02, 2020","March 28, 2021",True
2018,792725,Tanmay Agarwal,Sunrisers Hyderabad,2000000.0,0.2,2017,,,,,,,,,,,,,,,,,,,,,,,,,,,,,,,,,,,,,False
2018,279810,Wriddhiman Saha,Sunrisers Hyderabad,50000000.0,5.0,2017,Wriddhiman Prasanta Saha,"October 24, 1984, Shaktigarh, Siliguri, Bengal, India",41y 248d,India,Wicketkeeper Batter,2010 - 2021,IPL 2017,PBKS,14.0,11,1,234,93*,23.40,187,125.13,0,1,20,8,10.0,2.0,-,-,-,-,-,-,-,-,-,-,,,"November 28, 2010","November 09, 2014",True
2018,32498,Yusuf Pathan,Sunrisers Hyderabad,19000000.0,1.9,2017,Yusuf Khan Pathan,"November 17, 1982, Baroda, Gujarat",43y 230d,India,Allrounder,2007 - 2012,IPL 2017,KKR,15.0,11,3,143,59,17.87,115,124.34,0,1,9,6,2.0,0.0,1,10.25,24,1/2,1/2,41.00,24.0,0,0,0,"September 24, 2007","March 30, 2012","June 10, 2008","March 18, 2012",True
2019,33141,Ambati Rayudu,Chennai Super Kings,22000000.0,2.2,2018,Ambati Thirupathi Rayudu,"September 23, 1985, Guntur, Andhra Pradesh",40y 279d,India,Middle order Batter,2013 - 2019,IPL 2018,CSK,16.0,16,2,602,100*,43.00,402,149.75,1,3,53,34,2.0,0.0,-,-,-,-,-,-,-,-,-,-,"September 07, 2014","June 22, 2016","July 24, 2013","March 08, 2019",True
2019,628217,Chaitanya Bishnoi,Chennai Super Kings,2000000.0,0.2,2018,,,,,,,,,,,,,,,,,,,,,,,,,,,,,,,,,,,,,False
2019,308251,David Willey,Chennai Super Kings,20000000.0,2.0,2018,David Jonathan Willey,"February 28, 1990, Northampton",36y 121d,England,Bowling Allrounder,2015 - 2023,IPL 2018,CSK,3.0,-,-,-,-,-,-,-,-,-,-,-,2.0,0.0,2,9.50,60,1/24,1/24,47.50,30.0,0,0,0,"June 23, 2015","October 14, 2022","May 08, 2015","November 11, 2023",True
2019,447261,Deepak Chahar,Chennai Super Kings,8000000.0,0.8,2018,Deepak Lokandersingh Chahar,"August 07, 1992, Agra, Uttar Pradesh",33y 326d,India,Bowler,2018 - 2023,IPL 2018,CSK,12.0,4,1,50,39,16.66,29,172.41,0,0,1,4,1.0,0.0,10,7.28,229,3/15,3/15,27.80,22.9,0,0,0,"July 08, 2018","December 01, 2023","September 25, 2018","December 07, 2022",True
2019,590327,Dhruv Shorey,Chennai Super Kings,2000000.0,0.2,2018,Dhruv Ranjan Shorey,"June 05, 1992, Delhi",34y 24d,India,Top order Batter,-,IPL 2018,CSK,1.0,1,0,8,8,8.00,9,88.88,0,0,0,1,0.0,0.0,-,-,-,-,-,-,-,-,-,-,,,,,True
2019,51439,Dwayne Bravo,Chennai Super Kings,64000000.0,6.4,2018,Dwayne John Bravo,"October 07, 1983, Santa Cruz, Trinidad",42y 265d,West Indies,Allrounder,2004 - 2021,IPL 2018,CSK,16.0,10,6,141,68,35.25,91,154.94,0,1,8,10,9.0,0.0,14,9.96,321,2/16,2/16,38.07,22.9,0,0,0,"February 16, 2006","November 06, 2021","April 18, 2004","October 17, 2014",True
2019,44828,Faf du Plessis,Chennai Super Kings,16000000.0,1.6,2018,Francois du Plessis,"July 13, 1984, Pretoria",41y 351d,South Africa,Middle order Batter,2011 - 2021,IPL 2018,CSK,6.0,6,1,162,67*,32.40,129,125.58,0,1,17,6,1.0,0.0,-,-,-,-,-,-,-,-,-,-,"September 08, 2012","December 01, 2020","January 18, 2011","July 06, 2019",True
2019,29264,Harbhajan Singh,Chennai Super Kings,20000000.0,2.0,2018,Harbhajan Singh,"July 03, 1980, Jullundur (now Jalandhar), Punjab",45y 361d,India,Bowler,1998 - 2016,IPL 2018,CSK,13.0,3,0,29,19,9.66,36,80.55,0,0,3,1,4.0,0.0,7,8.48,191,2/22,2/22,38.57,27.2,0,0,0,"December 01, 2006","March 03, 2016","April 17, 1998","October 25, 2015",True
2019,40618,Imran Tahir,Chennai Super Kings,10000000.0,1.0,2018,Mohammad Imran Tahir,"March 27, 1979, Lahore, Punjab",47y 94d,South Africa,Bowler,2011 - 2019,IPL 2018,CSK,6.0,1,1,2,2*,-,2,100.00,0,0,0,0,2.0,0.0,6,9.09,124,2/34,2/34,31.33,20.6,0,0,0,"August 02, 2013","March 19, 2019","February 24, 2011","July 06, 2019",True
2019,1083030,KM Asif,Chennai Super Kings,4000000.0,0.4,2018,KM Asif,"July 24, 1993, Edavanna,Malappuram",32y 340d,India,Bowler,-,IPL 2018,CSK,2.0,-,-,-,-,-,-,-,-,-,-,-,0.0,0.0,3,12.50,36,2/43,2/43,25.00,12.0,0,0,0,,,,,True
2019,30288,Karn Sharma,Chennai Super Kings,50000000.0,5.0,2018,Karn Vinod Sharma,"October 23, 1987, Meerut, Uttar Pradesh",38y 249d,India,Bowler,2014 - 2014,IPL 2018,CSK,6.0,1,1,0,0*,-,0,-,0,0,0,0,3.0,0.0,4,9.36,57,2/13,2/13,22.25,14.2,0,0,0,"Australia vs India  at Adelaide - December 09 - 13, 2014","November 13, 2014","November 13, 2014","November 16, 2014",True
2019,290716,Kedar Jadhav,Chennai Super Kings,78000000.0,7.8,2018,Kedar Mahadav Jadhav,"March 26, 1985, Pune, Maharashtra",41y 95d,India,Batting Allrounder,2014 - 2020,IPL 2018,CSK,1.0,1,1,24,24*,-,22,109.09,0,0,1,2,0.0,0.0,-,-,-,-,-,-,-,-,-,-,"July 17, 2015","October 10, 2017","November 16, 2014","February 08, 2020",True
2019,542023,Lungi Ngidi,Chennai Super Kings,5000000.0,0.5,2018,Lungisani True-man Ngidi,"March 29, 1996, Durban, Natal",30y 92d,South Africa,Bowler,2017 - 2026,IPL 2018,CSK,7.0,-,-,-,-,-,-,-,-,-,-,-,1.0,0.0,11,6.00,156,4/10,4/10,14.18,14.1,1,0,0,"January 20, 2017","March 04, 2026","February 07, 2018","December 06, 2025",True
2019,237095,M Vijay,Chennai Super Kings,20000000.0,2.0,2018,Murali Vijay,"April 01, 1984, Chennai",42y 89d,India,Opening Batter,2008 - 2018,IPL 2018,CSK,1.0,1,0,12,12,12.00,10,120.00,0,0,0,1,0.0,0.0,-,-,-,-,-,-,-,-,-,-,"May 01, 2010","July 19, 2015","February 27, 2010","July 14, 2015",True
2019,28081,MS Dhoni,Chennai Super Kings,150000000.0,15.0,2018,Mahendra Singh Dhoni,"July 07, 1981, Ranchi, Bihar (now Jharkhand)",44y 357d,India,Wicketkeeper Batter,2004 - 2019,IPL 2018,CSK,16.0,15,9,455,79*,75.83,302,150.66,0,3,24,30,11.0,3.0,-,-,-,-,-,-,-,-,-,-,"December 01, 2006","February 27, 2019","December 23, 2004","India
                              vs New Zealand at Manchester - July 09 - 10, 2019",True
2019,502714,Mitchell Santner,Chennai Super Kings,5000000.0,0.5,2018,,,,,,,,,,,,,,,,,,,,,,,,,,,,,,,,,,,,,False
2019,537119,Mohit Sharma,Chennai Super Kings,50000000.0,5.0,2018,Mohit Mahipal Sharma,"September 18, 1988, Ballabhgarh, Haryana",37y 284d,India,Bowler,2013 - 2015,IPL 2018,PBKS,9.0,4,3,10,4*,10.00,13,76.92,0,0,1,0,2.0,0.0,7,10.85,178,2/33,2/33,46.00,25.4,0,0,0,"March 30, 2014","October 05, 2015","August 01, 2013","October 25, 2015",True
2019,694209,Monu Kumar,Chennai Super Kings,2000000.0,0.2,2018,,,,,,,,,,,,,,,,,,,,,,,,,,,,,,,,,,,,,False
2019,1048813,Narayan Jagadeesan,Chennai Super Kings,2000000.0,0.2,2018,,,,,,,,,,,,,,,,,,,,,,,,,,,,,,,,,,,,,False
2019,234675,Ravindra Jadeja,Chennai Super Kings,70000000.0,7.0,2018,Ravindrasinh Anirudhsinh Jadeja,"December 06, 1988, Navagam-Khed, Saurashtra",37y 205d,India,Allrounder,2009 - 2026,IPL 2018,CSK,16.0,10,5,89,27*,17.80,74,120.27,0,0,3,4,11.0,0.0,11,7.39,246,3/18,3/18,27.54,22.3,0,0,0,"February 10, 2009","June 29, 2024","February 08, 2009","January 18, 2026",True
2019,1060380,Ruturaj Gaikwad,Chennai Super Kings,2000000.0,0.2,2018,,,,,,,,,,,,,,,,,,,,,,,,,,,,,,,,,,,,,False
2019,297628,Sam Billings,Chennai Super Kings,10000000.0,1.0,2018,Samuel William Billings,"June 15, 1991, Pembury, Kent",35y 14d,England,Wicketkeeper Batter,2015 - 2022,IPL 2018,CSK,10.0,8,0,108,56,13.50,78,138.46,0,1,8,5,5.0,0.0,-,-,-,-,-,-,-,-,-,-,"June 23, 2015","January 30, 2022","June 09, 2015","November 22, 2022",True
2019,8180,Shane Watson,Chennai Super Kings,40000000.0,4.0,2018,Shane Robert Watson,"June 17, 1981, Ipswich, Queensland",45y 12d,Australia,Allrounder,2002 - 2016,IPL 2018,CSK,15.0,15,1,555,117*,39.64,359,154.59,2,2,44,35,3.0,0.0,6,8.96,168,2/29,2/29,41.83,28.0,0,0,0,"February 24, 2006","March 27, 2016","March 24, 2002","September 05, 2015",True
2019,475281,Shardul Thakur,Chennai Super Kings,26000000.0,2.6,2018,Shardul Narendra Thakur,"October 16, 1991, Palghar, Maharashtra",34y 256d,India,Bowling Allrounder,2017 - 2025,IPL 2018,CSK,13.0,1,1,15,15*,-,5,300.00,0,0,3,0,4.0,0.0,16,9.23,280,2/18,2/18,26.93,17.5,0,0,0,"February 21, 2018","February 20, 2022","August 31, 2017","October 19, 2023",True
2019,33335,Suresh Raina,Chennai Super Kings,110000000.0,11.0,2018,Suresh Kumar Raina,"November 27, 1986, Muradnagar, Ghaziabad, Uttar Pradesh",39y 214d,India,Middle order Batter,2005 - 2018,IPL 2018,CSK,15.0,15,3,445,75*,37.08,336,132.44,0,4,46,12,9.0,0.0,-,-,-,-,-,-,-,-,-,-,"December 01, 2006","July 08, 2018","July 30, 2005","July 17, 2018",True
2019,31107,Amit Mishra,Delhi Capitals,40000000.0,4.0,2018,Amit Mishra,"November 24, 1982, Delhi",43y 222d,India,Bowler,2003 - 2017,IPL 2018,DC,10.0,1,1,1,1*,-,2,50.00,0,0,0,0,0.0,0.0,12,7.13,222,3/19,3/19,22.00,18.5,0,0,0,"June 13, 2010","February 01, 2017","April 13, 2003","October 29, 2016",True
2019,604534,Ankush Bains,Delhi Capitals,2000000.0,0.2,2018,,,,,,,,,,,,,,,,,,,,,,,,,,,,,,,,,,,,,False
2019,694211,Avesh Khan,Delhi Capitals,7000000.0,0.7,2018,Avesh Khan,"December 13, 1996, Indore, Madhya Pradesh",29y 204d,India,Bowler,2022 - 2024,IPL 2018,DC,6.0,-,-,-,-,-,-,-,-,-,-,-,3.0,0.0,4,10.73,114,2/29,2/29,51.00,28.5,0,0,0,"February 20, 2022","November 10, 2024","July 24, 2022","December 21, 2023",True
2019,554691,Axar Patel,Delhi Capitals,50000000.0,5.0,2018,Axar Rajeshbhai Patel,"January 20, 1994, Anand, Gujarat",32y 165d,India,Allrounder,2014 - 2026,IPL 2018,PBKS,9.0,8,2,80,19,13.33,69,115.94,0,0,3,4,2.0,0.0,3,8.38,156,1/21,1/21,72.66,52.0,0,0,0,"July 17, 2015","July 01, 2026","June 15, 2014","October 25, 2025",True
2019,588144,Bandaru Ayyappa,Delhi Capitals,2000000.0,0.2,2018,,,,,,,,,,,,,,,,,,,,,,,,,,,,,,,,,,,,,False
2019,439952,Chris Morris,Delhi Capitals,110000000.0,11.0,2018,Christopher Henry Morris,"April 30, 1987, Pretoria, Transvaal",39y 60d,South Africa,Bowling Allrounder,2012 - 2019,IPL 2018,DC,4.0,4,3,46,27*,46.00,26,176.92,0,0,3,2,2.0,0.0,3,10.21,84,2/41,2/41,47.66,28.0,0,0,0,"December 21, 2012","March 24, 2019","June 10, 2013","July 06, 2019",True
2019,45705,Colin Ingram,Delhi Capitals,64000000.0,6.4,2018,,,,,,,,,,,,,,,,,,,,,,,,,,,,,,,,,,,,,False
2019,232359,Colin Munro,Delhi Capitals,19000000.0,1.9,2018,Colin Munro,"March 11, 1987, Durban",39y 115d,New Zealand,Opening Batter,2012 - 2020,IPL 2018,DC,5.0,5,0,63,33,12.60,41,153.65,0,0,7,4,2.0,0.0,-,-,-,-,-,-,-,-,-,-,"December 21, 2012","February 02, 2020","January 22, 2013","June 26, 2019",True
2019,452044,Hanuma Vihari,Delhi Capitals,20000000.0,2.0,2018,,,,,,,,,,,,,,,,,,,,,,,,,,,,,,,,,,,,,False
2019,390481,Harshal Patel,Delhi Capitals,2000000.0,0.2,2018,Harshal Vikram Patel,"November 23, 1990, Sanand, Gujarat",35y 223d,India,Bowling Allrounder,2021 - 2023,IPL 2018,DC,5.0,2,1,60,36*,60.00,33,181.81,0,0,1,6,0.0,0.0,7,9.54,105,3/28,3/28,23.85,15.0,0,0,0,"November 19, 2021","January 03, 2023",,,True
2019,236779,Ishant Sharma,Delhi Capitals,11000000.0,1.1,2018,,,,,,,,,,,,,,,,,,,,,,,,,,,,,,,,,,,,,False
2019,237199,Jalaj Saxena,Delhi Capitals,2000000.0,0.2,2018,,,,,,,,,,,,,,,,,,,,,,,,,,,,,,,,,,,,,False
2019,550215,Kagiso Rabada,Delhi Capitals,42000000.0,4.2,2018,,,,,,,,,,,,,,,,,,,,,,,,,,,,,,,,,,,,,False
2019,677081,Keemo Paul,Delhi Capitals,5000000.0,0.5,2018,,,,,,,,,,,,,,,,,,,,,,,,,,,,,,,,,,,,,False
2019,1079842,Manjot Kalra,Delhi Capitals,2000000.0,0.2,2018,,,,,,,,,,,,,,,,,,,,,,,,,,,,,,,,,,,,,False
2019,853259,Nathu Singh,Delhi Capitals,2000000.0,0.2,2018,,,,,,,,,,,,,,,,,,,,,,,,,,,,,,,,,,,,,False
2019,1070168,Prithvi Shaw,Delhi Capitals,12000000.0,1.2,2018,Prithvi Pankaj Shaw,"November 09, 1999, Thane, Maharashtra",26y 237d,India,Opening Batter,2018 - 2021,IPL 2018,DC,9.0,9,0,245,65,27.22,160,153.12,0,2,27,10,4.0,0.0,-,-,-,-,-,-,-,-,-,-,"India vs West Indies  at Rajkot - October 04 - 06, 2018","Australia vs India  at Adelaide - December 17 - 19, 2020","February 05, 2020","July 23, 2021",True
2019,423838,Rahul Tewatia,Delhi Capitals,30000000.0,3.0,2018,Rahul Tewatia,"May 20, 1993, Sihi, Haryana",33y 45d,India,Bowling Allrounder,-,IPL 2018,DC,8.0,5,2,50,24,16.66,43,116.27,0,0,5,1,2.0,0.0,6,7.86,132,3/18,3/18,28.83,22.0,0,0,0,,,,,True
2019,931581,Rishabh Pant,Delhi Capitals,150000000.0,15.0,2018,Rishabh Rajendra Pant,"October 04, 1997, Haridwar, Uttarakhand",28y 273d,India,Wicketkeeper Batter,2017 - 2026,IPL 2018,DC,14.0,14,1,684,128*,52.61,394,173.60,1,5,68,37,4.0,2.0,-,-,-,-,-,-,-,-,-,-,"February 01, 2017","July 28, 2024","October 21, 2018","August 07, 2024",True
2019,960361,Sandeep Lamichhane,Delhi Capitals,2000000.0,0.2,2018,Sandeep Lamichhane,"August 02, 2000, Syangja",25y 336d,Nepal,Bowler,2018 - 2026,IPL 2018,DC,3.0,-,-,-,-,-,-,-,-,-,-,-,0.0,0.0,5,6.83,72,3/36,3/36,16.40,14.4,0,0,0,"May 31, 2018","June 08, 2026","August 01, 2018","May 22, 2026",True
2019,914541,Sherfane Rutherford,Delhi Capitals,20000000.0,2.0,2018,,,,,,,,,,,,,,,,,,,,,,,,,,,,,,,,,,,,,False
2019,28235,Shikhar Dhawan,Delhi Capitals,52000000.0,5.2,2018,Shikhar Dhawan,"December 05, 1985, Delhi",40y 213d,India,Opening Batter,2010 - 2022,IPL 2018,SRH,16.0,16,3,497,92*,38.23,363,136.91,0,4,59,14,12.0,0.0,-,-,-,-,-,-,-,-,-,-,"June 04, 2011","July 29, 2021","October 20, 2010","December 10, 2022",True
2019,642519,Shreyas Iyer,Delhi Capitals,70000000.0,7.0,2018,Shreyas Santosh Iyer,"December 06, 1994, Mumbai",31y 211d,India,Top order Batter,2017 - 2026,IPL 2018,DC,14.0,14,3,411,93*,37.36,310,132.58,0,4,29,21,5.0,0.0,-,-,-,-,-,-,-,-,-,-,"November 01, 2017","July 04, 2026","December 10, 2017","June 20, 2026",True
2019,277912,Trent Boult,Delhi Capitals,22000000.0,2.2,2018,Trent Alexander Boult,"July 22, 1989, Rotorua",36y 348d,New Zealand,Bowler,2011 - 2024,IPL 2018,DC,14.0,1,0,0,0,0.00,2,0.00,0,0,0,0,9.0,0.0,18,8.84,316,2/20,2/20,25.88,17.5,0,0,0,"February 09, 2013","June 17, 2024","July 11, 2012","November 15, 2023",True
2019,1083577,Agnivesh Ayachi,Kings XI Punjab,2000000.0,0.2,2018,,,,,,,,,,,,,,,,,,,,,,,,,,,,,,,,,,,,,False
2019,459508,Andrew Tye,Kings XI Punjab,72000000.0,7.2,2018,Andrew James Tye,"December 12, 1986, Perth, Western Australia",39y 204d,Australia,Bowler,2016 - 2021,IPL 2018,PBKS,14.0,8,2,32,14,5.33,38,84.21,0,0,2,1,5.0,0.0,24,8.00,336,4/16,4/16,18.66,14.0,3,0,0,"January 29, 2016","August 07, 2021","January 14, 2018","June 19, 2018",True
2019,591650,Ankit Rajpoot,Kings XI Punjab,30000000.0,3.0,2018,Ankit Singh Rajpoot,"December 04, 1993, Kanpur",32y 207d,India,Bowler,-,IPL 2018,PBKS,8.0,3,0,11,8,3.66,18,61.11,0,0,1,0,2.0,0.0,11,8.52,157,5/14,5/14,20.27,14.2,0,1,0,,,,,True
2019,1125976,Arshdeep Singh,Kings XI Punjab,2000000.0,0.2,2018,,,,,,,,,,,,,,,,,,,,,,,,,,,,,,,,,,,,,False
2019,51880,Chris Gayle,Kings XI Punjab,20000000.0,2.0,2018,Christopher Henry Gayle,"September 21, 1979, Kingston, Jamaica",46y 287d,West Indies,Allrounder,1999 - 2021,IPL 2018,PBKS,11.0,11,2,368,104*,40.88,252,146.03,1,3,30,27,2.0,0.0,-,-,-,-,-,-,-,-,-,-,"February 16, 2006","November 06, 2021","September 11, 1999","August 14, 2019",True
2019,1111917,Darshan Nalkande,Kings XI Punjab,3000000.0,0.3,2018,,,,,,,,,,,,,,,,,,,,,,,,,,,,,,,,,,,,,False
2019,321777,David Miller,Kings XI Punjab,30000000.0,3.0,2018,David Andrew Miller,"June 10, 1989, Pietermaritzburg, Natal",37y 24d,South Africa,Middle order Batter,2010 - 2026,IPL 2018,PBKS,3.0,3,1,74,26,37.00,64,115.62,0,0,3,2,0.0,0.0,-,-,-,-,-,-,-,-,-,-,"May 20, 2010","March 04, 2026","May 22, 2010","March 05, 2025",True
2019,375126,Hardus Viljoen,Kings XI Punjab,7500000.0,0.75,2018,,,,,,,,,,,,,,,,,,,,,,,,,,,,,,,,,,,,,False
2019,1168641,Harpreet Brar,Kings XI Punjab,2000000.0,0.2,2018,,,,,,,,,,,,,,,,,,,,,,,,,,,,,,,,,,,,,False
2019,422108,KL Rahul,Kings XI Punjab,110000000.0,11.0,2018,Kannaur Lokesh Rahul,"April 18, 1992, Bangalore, Karnataka",34y 77d,India,Wicketkeeper Batter,2014 - 2026,IPL 2018,PBKS,14.0,14,2,659,95*,54.91,416,158.41,0,6,66,32,10.0,1.0,-,-,-,-,-,-,-,-,-,-,"June 18, 2016","November 10, 2022","June 11, 2016","June 17, 2026",True
2019,398439,Karun Nair,Kings XI Punjab,56000000.0,5.6,2018,Karun Nair,"December 06, 1991, Jodhpur, Rajasthan",34y 210d,India,Top order Batter,2016 - 2025,IPL 2018,PBKS,13.0,12,0,301,54,25.08,221,136.19,0,2,23,13,9.0,0.0,-,-,-,-,-,-,-,-,-,-,,,"June 11, 2016","June 13, 2016",True
2019,398506,Mandeep Singh,Kings XI Punjab,14000000.0,1.4,2018,Mandeep Singh,"December 18, 1991, Jalandhar, Punjab",34y 198d,India,Allrounder,2016 - 2016,IPL 2018,RCB,14.0,13,3,252,47*,25.20,186,135.48,0,0,16,11,4.0,0.0,-,-,-,-,-,-,-,-,-,-,"June 18, 2016","June 22, 2016",,,True
2019,398438,Mayank Agarwal,Kings XI Punjab,10000000.0,1.0,2018,Mayank Anurag Agarwal,"February 16, 1991, Bangalore, Karnataka",35y 139d,India,Batter,2018 - 2022,IPL 2018,PBKS,11.0,11,1,120,30,12.00,94,127.65,0,0,9,5,2.0,0.0,-,-,-,-,-,-,-,-,-,-,,,"February 05, 2020","November 29, 2020",True
2019,481896,Mohammed Shami,Kings XI Punjab,48000000.0,4.8,2018,Mohammed Shami Ahmed,"September 03, 1990, Amroha, Uttar Pradesh",35y 304d,India,Bowler,2013 - 2025,IPL 2018,DC,4.0,1,0,7,7,7.00,6,116.66,0,0,1,0,2.0,0.0,3,10.40,83,1/29,1/29,48.00,27.6,0,0,0,"March 21, 2014","February 02, 2025","January 06, 2013","March 09, 2025",True
2019,5961,Moises Henriques,Kings XI Punjab,10000000.0,1.0,2018,,,,,,,,,,,,,,,,,,,,,,,,,,,,,,,,,,,,,False
2019,974109,Mujeeb Ur Rahman,Kings XI Punjab,40000000.0,4.0,2018,Mujeeb Ur Rahman,"March 28, 2001, Khost",25y 101d,Afghanistan,Bowler,2017 - 2026,IPL 2018,PBKS,11.0,2,1,10,10*,10.00,7,142.85,0,0,2,0,1.0,0.0,14,6.99,248,3/27,3/27,20.64,17.7,0,0,0,"February 05, 2018","February 19, 2026","December 05, 2017","November 10, 2023",True
2019,528067,Murugan Ashwin,Kings XI Punjab,2000000.0,0.2,2018,Murugan Ashwin,"September 08, 1990, Chennai, Tamil Nadu",35y 301d,India,Bowler,-,IPL 2018,RCB,2.0,1,0,1,1,1.00,2,50.00,0,0,0,0,0.0,0.0,3,7.57,42,2/36,2/36,17.66,14.0,0,0,0,,,,,True
2019,604302,Nicholas Pooran,Kings XI Punjab,42000000.0,4.2,2018,,,,,,,,,,,,,,,,,,,,,,,,,,,,,,,,,,,,,False
2019,1161024,Prabhsimran Singh,Kings XI Punjab,48000000.0,4.8,2018,,,,,,,,,,,,,,,,,,,,,,,,,,,,,,,,,,,,,False
2019,26421,R Ashwin,Kings XI Punjab,76000000.0,7.6,2018,Ravichandran Ashwin,"September 17, 1986, Madras (now Chennai), Tamil Nadu",39y 285d,India,Bowling Allrounder,2010 - 2024,IPL 2018,PBKS,14.0,9,1,102,45,12.75,71,143.66,0,0,7,5,5.0,0.0,10,8.09,304,2/18,2/18,41.00,30.4,0,0,0,"June 12, 2010","November 10, 2022","June 05, 2010","October 08, 2023",True
2019,662973,Sam Curran,Kings XI Punjab,72000000.0,7.2,2018,,,,,,,,,,,,,,,,,,,,,,,,,,,,,,,,,,,,,False
2019,642525,Sarfaraz Khan,Kings XI Punjab,2500000.0,0.25,2018,Sarfaraz Naushad Khan,"October 22, 1997, Mumbai",28y 250d,India,Middle order Batter,2024 - 2024,IPL 2018,RCB,7.0,6,1,51,22*,10.20,41,124.39,0,0,7,1,2.0,0.0,-,-,-,-,-,-,-,-,-,-,,,,,True
2019,1108375,Varun Chakravarthy,Kings XI Punjab,84000000.0,8.4,2018,,,,,,,,,,,,,,,,,,,,,,,,,,,,,,,,,,,,,False
2019,276298,Andre Russell,Kolkata Knight Riders,85000000.0,8.5,2018,Andre Dwayne Russell,"April 29, 1988, Jamaica",38y 66d,West Indies,Allrounder,2010 - 2025,IPL 2018,KKR,16.0,14,3,316,88*,28.72,171,184.79,0,1,17,31,8.0,0.0,13,9.38,227,3/31,3/31,27.30,17.4,0,0,0,"April 21, 2011","July 22, 2025","March 11, 2011","June 17, 2019",True
2019,481979,Anrich Nortje,Kolkata Knight Riders,2000000.0,0.2,2018,,,,,,,,,,,,,,,,,,,,,,,,,,,,,,,,,,,,,False
2019,457249,Carlos Brathwaite,Kolkata Knight Riders,50000000.0,5.0,2018,Carlos Ricardo Brathwaite,"July 18, 1988, Barbados",37y 352d,West Indies,Allrounder,2011 - 2019,IPL 2018,SRH,4.0,4,1,75,43*,25.00,48,156.25,0,0,1,8,2.0,0.0,5,9.24,61,2/15,2/15,18.80,12.2,0,0,0,"October 11, 2011","August 06, 2019","October 18, 2011","August 14, 2019",True
2019,326637,Chris Lynn,Kolkata Knight Riders,96000000.0,9.6,2018,Christopher Austin Lynn,"April 10, 1990, Brisbane, Queensland",36y 86d,Australia,Batter,2014 - 2018,IPL 2018,KKR,16.0,16,1,491,74,32.73,377,130.23,0,3,56,18,3.0,0.0,-,-,-,-,-,-,-,-,-,-,"January 29, 2014","November 25, 2018","January 13, 2017","November 11, 2018",True
2019,30045,Dinesh Karthik,Kolkata Knight Riders,74000000.0,7.4,2018,Krishnakumar Dinesh Karthik,"June 01, 1985, Madras (now Chennai), Tamil Nadu",41y 33d,India,Wicketkeeper Batter,2004 - 2022,IPL 2018,KKR,16.0,16,6,498,52,49.80,337,147.77,0,2,49,16,14.0,4.0,-,-,-,-,-,-,-,-,-,-,"December 01, 2006","November 02, 2022","September 05, 2004","India vs New Zealand  at Manchester - July 09 - 10, 2019",True
2019,244639,Harry Gurney,Kolkata Knight Riders,7500000.0,0.75,2018,,,,,,,,,,,,,,,,,,,,,,,,,,,,,,,,,,,,,False
2019,12454,Joe Denly,Kolkata Knight Riders,10000000.0,1.0,2018,,,,,,,,,,,,,,,,,,,,,,,,,,,,,,,,,,,,,False
2019,1070188,Kamlesh Nagarkoti,Kolkata Knight Riders,32000000.0,3.2,2018,,,,,,,,,,,,,,,,,,,,,,,,,,,,,,,,,,,,,False
2019,559235,Kuldeep Yadav,Kolkata Knight Riders,58000000.0,5.8,2018,Kuldeep Yadav,"December 14, 1994, Kanpur, Uttar Pradesh",31y 202d,India,Bowler,2014 - 2026,IPL 2018,KKR,16.0,3,2,12,7*,12.00,24,50.00,0,0,1,0,6.0,0.0,17,8.14,308,4/20,4/20,24.58,18.1,1,0,0,"July 09, 2017","February 15, 2026","June 23, 2017","June 17, 2026",True
2019,493773,Lockie Ferguson,Kolkata Knight Riders,16000000.0,1.6,2018,,,,,,,,,,,,,,,,,,,,,,,,,,,,,,,,,,,,,False
2019,554700,Nikhil Naik,Kolkata Knight Riders,2000000.0,0.2,2018,,,,,,,,,,,,,,,,,,,,,,,,,,,,,,,,,,,,,False
2019,604527,Nitish Rana,Kolkata Knight Riders,34000000.0,3.4,2018,Nitish Rana,"December 27, 1993, Delhi",32y 189d,India,Middle order Batter,2021 - 2021,IPL 2018,KKR,15.0,15,2,304,59,23.38,232,131.03,0,1,26,14,2.0,0.0,4,7.13,37,2/11,2/11,11.00,9.2,0,0,0,"July 28, 2021","July 29, 2021","July 23, 2021","July 28, 2021",True
2019,32966,Piyush Chawla,Kolkata Knight Riders,42000000.0,4.2,2018,Piyush Pramod Chawla,"December 24, 1988, Aligarh, Uttar Pradesh",37y 187d,India,Bowling Allrounder,2006 - 2012,IPL 2018,KKR,15.0,7,3,27,12,6.75,34,79.41,0,0,1,1,4.0,0.0,14,8.40,294,3/48,3/48,29.42,21.0,0,0,0,"May 02, 2010","December 22, 2012","May 12, 2007","March 09, 2011",True
2019,917159,Prasidh Krishna,Kolkata Knight Riders,2000000.0,0.2,2018,Muralikrishna Prasidh Krishna,"February 19, 1996, Bangalore, Karnataka",30y 135d,India,Bowler,2021 - 2026,IPL 2018,KKR,7.0,2,2,1,1*,-,5,20.00,0,0,0,0,1.0,0.0,10,9.28,168,4/30,4/30,26.00,16.8,1,0,0,"August 18, 2023","June 26, 2026","March 23, 2021","June 20, 2026",True
2019,1121579,Prithvi Raj,Kolkata Knight Riders,2000000.0,0.2,2018,,,,,,,,,,,,,,,,,,,,,,,,,,,,,,,,,,,,,False
2019,723105,Rinku Singh,Kolkata Knight Riders,8000000.0,0.8,2018,Rinku Khanchand Singh,"October 12, 1997, Aligarh, Uttar Pradesh",28y 266d,India,Middle order Batter,2023 - 2026,IPL 2018,KKR,4.0,4,0,29,16,7.25,31,93.54,0,0,4,0,4.0,0.0,-,-,-,-,-,-,-,-,-,-,"August 18, 2023","February 22, 2026","December 19, 2023","December 21, 2023",True
2019,35582,Robin Uthappa,Kolkata Knight Riders,64000000.0,6.4,2018,Robin Venu Uthappa,"November 11, 1985, Coorg, Karnataka",40y 230d,India,Batter,2006 - 2015,IPL 2018,KKR,16.0,16,0,351,54,21.93,265,132.45,0,1,30,21,5.0,0.0,-,-,-,-,-,-,-,-,-,-,"September 13, 2007","July 19, 2015","April 15, 2006","July 14, 2015",True
2019,1079848,Shivam Mavi,Kolkata Knight Riders,30000000.0,3.0,2018,,,,,,,,,,,,,,,,,,,,,,,,,,,,,,,,,,,,,False
2019,279862,Shrikant Mundhe,Kolkata Knight Riders,2000000.0,0.2,2018,,,,,,,,,,,,,,,,,,,,,,,,,,,,,,,,,,,,,False
2019,1070173,Shubman Gill,Kolkata Knight Riders,18000000.0,1.8,2018,Shubman Gill,"September 08, 1999, Fazilka, Punjab",26y 299d,India,Top order Batter,2019 - 2026,IPL 2018,KKR,13.0,11,5,203,57*,33.83,139,146.04,0,1,22,5,3.0,0.0,-,-,-,-,-,-,-,-,-,-,"January 03, 2023","December 14, 2025","January 31, 2019","June 20, 2026",True
2019,230558,Sunil Narine,Kolkata Knight Riders,125000000.0,12.5,2018,Sunil Philip Narine,"May 26, 1988, Arima, Trinidad & Tobago",38y 40d,West Indies,Bowling Allrounder,2011 - 2019,IPL 2018,KKR,16.0,16,0,357,75,22.31,188,189.89,0,2,40,23,1.0,0.0,17,7.65,366,3/18,3/18,27.47,21.5,0,0,0,"March 27, 2012","August 06, 2019","December 05, 2011","October 05, 2016",True
2019,450860,Adam Milne,Mumbai Indians,7500000.0,0.75,2018,,,,,,,,,,,,,,,,,,,,,,,,,,,,,,,,,,,,,False
2019,333904,Aditya Tare,Mumbai Indians,2000000.0,0.2,2018,,,,,,,,,,,,,,,,,,,,,,,,,,,,,,,,,,,,,False
2019,851261,Anmolpreet Singh,Mumbai Indians,8000000.0,0.8,2018,,,,,,,,,,,,,,,,,,,,,,,,,,,,,,,,,,,,,False
2019,1079839,Anukul Roy,Mumbai Indians,2000000.0,0.2,2018,,,,,,,,,,,,,,,,,,,,,,,,,,,,,,,,,,,,,False
2019,537126,Barinder Sran,Mumbai Indians,34000000.0,3.4,2018,Barinder Balbirsingh Sran,"December 10, 1992, Sirsa",33y 209d,India,Bowler,2016 - 2016,IPL 2018,PBKS,6.0,4,3,3,2,3.00,7,42.85,0,0,0,0,2.0,0.0,4,10.40,132,2/50,2/50,57.25,33.0,0,0,0,"June 20, 2016","June 22, 2016","January 12, 2016","June 15, 2016",True
2019,230371,Ben Cutting,Mumbai Indians,22000000.0,2.2,2018,Benjamin Colin James Cutting,"January 30, 1987, Sunnybank, Brisbane, Queensland",39y 157d,Australia,Allrounder,2013 - 2017,IPL 2018,MI,9.0,6,2,96,37,24.00,58,165.51,0,0,5,8,7.0,0.0,2,9.88,102,1/12,1/12,84.00,51.0,0,0,0,"January 26, 2013","September 15, 2017","January 13, 2013","August 31, 2014",True
2019,431901,Evin Lewis,Mumbai Indians,38000000.0,3.8,2018,Evin Lewis,"December 27, 1991, Port of Spain, Trinidad",34y 190d,West Indies,Opening Batter,2016 - 2026,IPL 2018,MI,13.0,13,0,382,65,29.38,276,138.40,0,2,32,24,3.0,0.0,-,-,-,-,-,-,-,-,-,-,"March 27, 2016","January 21, 2026","October 05, 2016","August 12, 2025",True
2019,625371,Hardik Pandya,Mumbai Indians,110000000.0,11.0,2018,Hardik Himanshu Pandya,"October 11, 1993, Choryasi, Gujarat",32y 266d,India,Allrounder,2016 - 2026,IPL 2018,MI,13.0,13,4,260,50,28.88,195,133.33,0,1,20,11,8.0,0.0,18,8.92,256,3/24,3/24,21.16,14.2,0,0,0,"January 26, 2016","March 08, 2026","October 16, 2016","March 09, 2025",True
2019,720471,Ishan Kishan,Mumbai Indians,62000000.0,6.2,2018,Ishan Pranav Kumar Pandey Kishan,"July 18, 1998, Patna, Bihar",27y 351d,India,Wicketkeeper Batter,2021 - 2026,IPL 2018,MI,14.0,12,0,275,62,22.91,184,149.45,0,2,22,17,9.0,2.0,-,-,-,-,-,-,-,-,-,-,"March 14, 2021","July 01, 2026","July 18, 2021","June 20, 2026",True
2019,272477,Jason Behrendorff,Mumbai Indians,10000000.0,1.0,2018,,,,,,,,,,,,,,,,,,,,,,,,,,,,,,,,,,,,,False
2019,625383,Jasprit Bumrah,Mumbai Indians,70000000.0,7.0,2018,Jasprit Jasbirsingh Bumrah,"December 06, 1993, Ahmedabad",32y 212d,India,Bowler,2016 - 2026,IPL 2018,MI,14.0,3,2,10,6*,10.00,11,90.90,0,0,1,0,4.0,0.0,17,6.88,324,3/15,3/15,21.88,19.0,0,0,0,"January 26, 2016","March 08, 2026","January 23, 2016","November 19, 2023",True
2019,447587,Jayant Yadav,Mumbai Indians,5000000.0,0.5,2018,,,,,,,,,,,,,,,,,,,,,,,,,,,,,,,,,,,,,False
2019,230559,Kieron Pollard,Mumbai Indians,54000000.0,5.4,2018,Kieron Adrian Pollard,"May 12, 1987, Tacarigua, Trinidad",39y 56d,West Indies,Batting Allrounder,2007 - 2022,IPL 2018,MI,9.0,8,1,133,50,19.00,100,133.00,0,1,10,7,4.0,0.0,-,-,-,-,-,-,-,-,-,-,"June 20, 2008","February 20, 2022","April 10, 2007","February 06, 2022",True
2019,471342,Krunal Pandya,Mumbai Indians,88000000.0,8.8,2018,Krunal Himanshu Pandya,"March 24, 1991, Ahmedabad, Gujarat",35y 103d,India,Allrounder,2018 - 2021,IPL 2018,MI,14.0,13,3,228,41*,22.80,157,145.22,0,0,22,10,9.0,0.0,12,7.07,241,3/28,3/28,23.66,20.0,0,0,0,"November 04, 2018","July 25, 2021","March 23, 2021","July 20, 2021",True
2019,49758,Lasith Malinga,Mumbai Indians,20000000.0,2.0,2018,,,,,,,,,,,,,,,,,,,,,,,,,,,,,,,,,,,,,False
2019,1081442,Mayank Markande,Mumbai Indians,2000000.0,0.2,2018,Mayank Markande,"November 11, 1997, Bathinda, Punjab",28y 238d,India,Bowler,2019 - 2019,IPL 2018,MI,14.0,6,4,21,7*,10.50,24,87.50,0,0,2,0,3.0,0.0,15,8.36,264,4/23,4/23,24.53,17.6,1,0,0,"February 24, 2019","Andhra vs Punjab  at Visakhapatnam - November 01 - 04, 2018",,,True
2019,319439,Mitchell McClenaghan,Mumbai Indians,10000000.0,1.0,2018,Mitchell John McClenaghan,"June 11, 1986, Hastings, Hawke's Bay",40y 26d,New Zealand,Bowler,2012 - 2018,IPL 2018,MI,11.0,5,3,11,11*,5.50,10,110.00,0,0,1,1,0.0,0.0,14,8.30,240,2/22,2/22,23.71,17.1,0,0,0,"December 21, 2012","May 31, 2018","January 19, 2013","January 25, 2016",True
2019,652359,Pankaj Jaiswal,Mumbai Indians,2000000.0,0.2,2018,,,,,,,,,,,,,,,,,,,,,,,,,,,,,,,,,,,,,False
2019,379143,Quinton de Kock,Mumbai Indians,28000000.0,2.8,2018,Quinton de Kock,"December 17, 1992, Johannesburg, Gauteng",33y 200d,South Africa,Wicketkeeper Batter,2012 - 2026,IPL 2018,RCB,8.0,8,0,201,53,25.12,162,124.07,0,1,20,8,7.0,3.0,-,-,-,-,-,-,-,-,-,-,"December 21, 2012","March 04, 2026","January 19, 2013","December 06, 2025",True
2019,1064812,Rahul Chahar,Mumbai Indians,19000000.0,1.9,2018,,,,,,,,,,,,,,,,,,,,,,,,,,,,,,,,,,,,,False
2019,1161489,Rasikh Salam,Mumbai Indians,2000000.0,0.2,2018,,,,,,,,,,,,,,,,,,,,,,,,,,,,,,,,,,,,,False
2019,34102,Rohit Sharma,Mumbai Indians,150000000.0,15.0,2018,Rohit Gurunath Sharma,"April 30, 1987, Bansod, Nagpur, Maharashtra",39y 68d,India,Top order Batter,2007 - 2026,IPL 2018,MI,14.0,14,2,286,94,23.83,215,133.02,0,2,25,12,8.0,0.0,-,-,-,-,-,-,-,-,-,-,"September 19, 2007","June 29, 2024","June 23, 2007","June 20, 2026",True
2019,422342,Siddhesh Lad,Mumbai Indians,2000000.0,0.2,2018,,,,,,,,,,,,,,,,,,,,,,,,,,,,,,,,,,,,,False
2019,446507,Suryakumar Yadav,Mumbai Indians,32000000.0,3.2,2018,Suryakumar Ashok Yadav,"September 14, 1990, Mumbai, Maharashtra",35y 294d,India,Batter,2021 - 2026,IPL 2018,MI,14.0,14,0,512,72,36.57,384,133.33,0,4,61,16,8.0,0.0,-,-,-,-,-,-,-,-,-,-,"March 14, 2021","March 08, 2026","July 18, 2021","November 19, 2023",True
2019,36084,Yuvraj Singh,Mumbai Indians,10000000.0,1.0,2018,Yuvraj Singh,"December 12, 1981, Chandigarh",44y 204d,India,Middle order Batter,2000 - 2017,IPL 2018,PBKS,8.0,6,0,65,20,10.83,73,89.04,0,0,6,2,1.0,0.0,0,11.50,12,-,-,-,-,0,0,0,"September 13, 2007","February 01, 2017","October 03, 2000","June 30, 2017",True
2019,277916,Ajinkya Rahane,Rajasthan Royals,40000000.0,4.0,2018,Ajinkya Madhukar Rahane,"June 06, 1988, Ashwi-KD, Maharashtra",38y 23d,India,Top order Batter,2011 - 2023,IPL 2018,RR,15.0,14,1,370,65*,28.46,313,118.21,0,1,39,5,4.0,0.0,-,-,-,-,-,-,-,-,-,-,"August 31, 2011","August 28, 2016","September 03, 2011","February 16, 2018",True
2019,1126227,Aryaman Birla,Rajasthan Royals,3000000.0,0.3,2018,,,,,,,,,,,,,,,,,,,,,,,,,,,,,,,,,,,,,False
2019,500268,Ashton Turner,Rajasthan Royals,5000000.0,0.5,2018,,,,,,,,,,,,,,,,,,,,,,,,,,,,,,,,,,,,,False
2019,311158,Ben Stokes,Rajasthan Royals,125000000.0,12.5,2018,Benjamin Andrew Stokes,"June 04, 1991, Christchurch, Canterbury, New Zealand",35y 25d,England,Allrounder,2011 - 2026,IPL 2018,RR,13.0,13,1,196,45,16.33,161,121.73,0,0,13,6,6.0,0.0,8,8.18,222,3/15,3/15,37.87,27.7,0,0,0,"September 23, 2011","November 13, 2022","August 25, 2011","November 11, 2023",True
2019,277955,Dhawal Kulkarni,Rajasthan Royals,7500000.0,0.75,2018,Dhawal Sunil Kulkarni,"December 10, 1988, Bombay (now Mumbai), Maharashtra",37y 206d,India,Bowler,2014 - 2016,IPL 2018,RR,8.0,2,1,6,3*,6.00,7,85.71,0,0,0,0,1.0,0.0,4,9.47,119,2/32,2/32,47.00,29.7,0,0,0,"June 20, 2016","June 22, 2016","September 02, 2014","October 26, 2016",True
2019,559066,Ish Sodhi,Rajasthan Royals,5000000.0,0.5,2018,Inderbir Singh Sodhi,"October 31, 1992, Ludhiana, India",33y 249d,New Zealand,Bowler,2013 - 2026,IPL 2018,RR,6.0,1,0,1,1,1.00,6,16.66,0,0,0,0,0.0,0.0,5,5.86,138,1/14,1/14,27.00,27.6,0,0,0,"July 05, 2014","May 02, 2026","August 02, 2015","November 19, 2024",True
2019,390484,Jaydev Unadkat,Rajasthan Royals,84000000.0,8.4,2018,Jaydev Dipakbhai Unadkat,"October 18, 1991, Porbandar",34y 259d,India,Bowler,2010 - 2023,IPL 2018,RR,15.0,7,3,49,26,12.25,38,128.94,0,0,6,1,6.0,0.0,11,9.65,302,3/46,3/46,44.18,27.4,0,0,0,"June 18, 2016","March 18, 2018","July 24, 2013","August 01, 2023",True
2019,669855,Jofra Archer,Rajasthan Royals,72000000.0,7.2,2018,Jofra Chioke Archer,"April 01, 1995, Bridgetown, Barbados",31y 96d,England,Bowler,2019 - 2026,IPL 2018,RR,10.0,8,3,15,8,3.00,21,71.42,0,0,2,0,1.0,0.0,15,8.36,233,3/22,3/22,21.66,15.5,0,0,0,"May 05, 2019","July 04, 2026","May 03, 2019","November 01, 2025",True
2019,308967,Jos Buttler,Rajasthan Royals,44000000.0,4.4,2018,Joseph Charles Buttler,"September 08, 1990, Taunton, Somerset",35y 299d,England,Wicketkeeper Batter,2011 - 2026,IPL 2018,RR,13.0,13,3,548,95*,54.80,353,155.24,0,5,52,21,9.0,1.0,-,-,-,-,-,-,-,-,-,-,"August 31, 2011","July 01, 2026","February 21, 2012","January 27, 2026",True
2019,424377,K Gowtham,Rajasthan Royals,62000000.0,6.2,2018,Krishnappa Gowtham,"October 20, 1988, Bangalore, Karnataka",37y 258d,India,Bowling Allrounder,2021 - 2021,IPL 2018,RR,15.0,13,4,126,33*,14.00,64,196.87,0,0,9,9,10.0,0.0,11,7.80,240,2/12,2/12,28.36,21.8,0,0,0,,,"July 23, 2021","UP vs Karnataka  at Meerut - November 17 - 20, 2012",True
2019,403902,Liam Livingstone,Rajasthan Royals,5000000.0,0.5,2018,,,,,,,,,,,,,,,,,,,,,,,,,,,,,,,,,,,,,False
2019,853265,Mahipal Lomror,Rajasthan Royals,2000000.0,0.2,2018,Mahipal Krishan Lomror,"November 16, 1999, Nagaur, Rajasthan",26y 233d,India,Allrounder,-,IPL 2018,RR,2.0,2,1,20,11,20.00,21,95.23,0,0,1,0,0.0,0.0,0,9.00,18,-,-,-,-,0,0,0,,,,,True
2019,532856,Manan Vohra,Rajasthan Royals,2000000.0,0.2,2018,Manan Vohra,"July 18, 1993, Chandigarh, Punjab",32y 352d,India,Opening Batter,-,IPL 2018,RCB,4.0,4,0,55,45,13.75,47,117.02,0,0,2,4,0.0,0.0,-,-,-,-,-,-,-,-,-,-,,,,,True
2019,914567,Oshane Thomas,Rajasthan Royals,11000000.0,1.1,2018,,,,,,,,,,,,,,,,,,,,,,,,,,,,,,,,,,,,,False
2019,500135,Prashant Chopra,Rajasthan Royals,2000000.0,0.2,2018,Prashant Chopra,"October 07, 1992, Solan, Himachal Pradesh",33y 273d,India,Opening Batter,-,IPL 2018,RR,1.0,1,0,8,8,8.00,6,133.33,0,0,2,0,0.0,0.0,-,-,-,-,-,-,-,-,-,-,,,,,True
2019,446763,Rahul Tripathi,Rajasthan Royals,34000000.0,3.4,2018,Rahul Ajay Tripathi,"March 02, 1991, Ranchi",35y 119d,India,Top order Batter,2023 - 2023,IPL 2018,RR,12.0,12,3,226,80*,25.11,167,135.32,0,1,18,8,4.0,0.0,-,-,-,-,-,-,-,-,-,-,"January 05, 2023","February 01, 2023",,,True
2019,1079434,Riyan Parag,Rajasthan Royals,2000000.0,0.2,2018,,,,,,,,,,,,,,,,,,,,,,,,,,,,,,,,,,,,,False
2019,1131619,S Midhun,Rajasthan Royals,2000000.0,0.2,2018,,,,,,,,,,,,,,,,,,,,,,,,,,,,,,,,,,,,,False
2019,425943,Sanju Samson,Rajasthan Royals,80000000.0,8.0,2018,Sanju Viswanath Samson,"November 11, 1994, Pulluvila, Vizhinjam, Trivandrum",31y 230d,India,Wicketkeeper Batter,2014 - 2026,IPL 2018,RR,15.0,15,1,441,92*,31.50,320,137.81,0,3,30,19,5.0,0.0,-,-,-,-,-,-,-,-,-,-,"July 19, 2015","June 28, 2026","July 23, 2021","December 21, 2023",True
2019,377534,Shashank Singh,Rajasthan Royals,3000000.0,0.3,2018,,,,,,,,,,,,,,,,,,,,,,,,,,,,,,,,,,,,,False
2019,344580,Shreyas Gopal,Rajasthan Royals,2000000.0,0.2,2018,Shreyas Gopal,"September 04, 1993, Banglaore, Karnataka",32y 305d,India,Bowler,-,IPL 2018,RR,11.0,4,1,50,24,16.66,45,111.11,0,0,5,0,3.0,0.0,11,7.61,186,4/16,4/16,21.45,16.9,1,0,0,,,,,True
2019,554701,Shubham Ranjane,Rajasthan Royals,2000000.0,0.2,2018,,,,,,,,,,,,,,,,,,,,,,,,,,,,,,,,,,,,,False
2019,267192,Steven Smith,Rajasthan Royals,125000000.0,12.5,2018,,,,,,,,,,,,,,,,,,,,,,,,,,,,,,,,,,,,,False
2019,27223,Stuart Binny,Rajasthan Royals,5000000.0,0.5,2018,Stuart Terence Roger Binny,"June 03, 1984, Bangalore, Karnataka",42y 33d,India,Allrounder,2014 - 2016,IPL 2018,RR,7.0,5,0,44,22,8.80,39,112.82,0,0,2,2,1.0,0.0,0,16.50,12,-,-,-,-,0,0,0,"July 17, 2015","August 27, 2016","January 28, 2014","October 11, 2015",True
2019,360911,Varun Aaron,Rajasthan Royals,24000000.0,2.4,2018,,,,,,,,,,,,,,,,,,,,,,,,,,,,,,,,,,,,,False
2019,44936,AB de Villiers,Royal Challengers Bangalore,110000000.0,11.0,2018,Abraham Benjamin de Villiers,"February 17, 1984, Pretoria",42y 140d,South Africa,Wicketkeeper Batter,2004 - 2018,IPL 2018,RCB,12.0,11,2,480,90*,53.33,275,174.54,0,6,39,30,6.0,0.0,-,-,-,-,-,-,-,-,-,-,"February 24, 2006","October 29, 2017","February 02, 2005","February 16, 2018",True
2019,500360,Akshdeep Nath,Royal Challengers Bangalore,36000000.0,3.6,2018,Akshdeep Deependra Nath,"May 10, 1993, Lucknow",33y 56d,United Arab Emirates,Middle order Batter,2026 - 2026,IPL 2018,PBKS,1.0,1,0,9,9,9.00,13,69.23,0,0,1,0,1.0,0.0,-,-,-,-,-,-,-,-,-,-,"April 20, 2026","April 21, 2026","April 25, 2026","May 03, 2026",True
2019,55395,Colin de Grandhomme,Royal Challengers Bangalore,22000000.0,2.2,2018,Colin de Grandhomme,"July 22, 1986, Harare",39y 348d,New Zealand,Allrounder,2012 - 2022,IPL 2018,RCB,9.0,8,3,131,40,26.20,84,155.95,0,0,4,10,3.0,0.0,2,8.60,90,1/8,1/8,64.50,45.0,0,0,0,"February 11, 2012","September 10, 2021","March 03, 2012","April 04, 2022",True
2019,1119026,Devdutt Padikkal,Royal Challengers Bangalore,2000000.0,0.2,2018,,,,,,,,,,,,,,,,,,,,,,,,,,,,,,,,,,,,,False
2019,537124,Gurkeerat Singh Mann,Royal Challengers Bangalore,5000000.0,0.5,2018,,,,,,,,,,,,,,,,,,,,,,,,,,,,,,,,,,,,,False
2019,436757,Heinrich Klaasen,Royal Challengers Bangalore,5000000.0,0.5,2018,Heinrich Klaasen,"July 30, 1991, Pretoria, Transvaal",34y 342d,South Africa,Wicketkeeper Batter,2018 - 2025,IPL 2018,RR,4.0,4,1,57,32,19.00,47,121.27,0,0,5,1,3.0,4.0,-,-,-,-,-,-,-,-,-,-,"February 18, 2018","December 13, 2024","February 07, 2018","March 05, 2025",True
2019,805235,Himmat Singh,Royal Challengers Bangalore,6500000.0,0.65,2018,,,,,,,,,,,,,,,,,,,,,,,,,,,,,,,,,,,,,False
2019,1083033,Kulwant Khejroliya,Royal Challengers Bangalore,8500000.0,0.85,2018,Kulwant Khejroliya,"March 13, 1992, Churi Ajitgarh Jhunjhunu District, Rajasthan",34y 113d,India,Bowler,-,IPL 2018,RCB,3.0,-,-,-,-,-,-,-,-,-,-,-,0.0,0.0,2,9.87,65,2/33,2/33,53.50,32.5,0,0,0,,,,,True
2019,325012,Marcus Stoinis,Royal Challengers Bangalore,62000000.0,6.2,2018,Marcus Peter Stoinis,"August 16, 1989, Perth",36y 322d,Australia,Batting Allrounder,2015 - 2026,IPL 2018,PBKS,7.0,7,3,99,29*,24.75,76,130.26,0,0,6,4,2.0,0.0,3,10.90,66,1/15,1/15,40.00,22.0,0,0,0,"August 31, 2015","February 20, 2026","September 11, 2015","November 10, 2024",True
2019,451947,Milind Kumar,Royal Challengers Bangalore,2000000.0,0.2,2018,,,,,,,,,,,,,,,,,,,,,,,,,,,,,,,,,,,,,False
2019,8917,Moeen Ali,Royal Challengers Bangalore,17000000.0,1.7,2018,Moeen Munir Ali,"June 18, 1987, Birmingham",39y 11d,England,Batting Allrounder,2014 - 2024,IPL 2018,RCB,5.0,4,0,77,65,19.25,46,167.39,0,1,4,6,2.0,0.0,3,7.36,79,1/13,1/13,32.33,26.3,0,0,0,"March 11, 2014","June 27, 2024","February 28, 2014","November 11, 2023",True
2019,940973,Mohammed Siraj,Royal Challengers Bangalore,26000000.0,2.6,2018,Mohammed Siraj,"March 13, 1994, Hyderabad",32y 113d,India,Bowler,2017 - 2026,IPL 2018,RCB,11.0,4,2,25,14,12.50,22,113.63,0,0,2,1,5.0,0.0,11,8.95,246,3/25,3/25,33.36,22.3,0,0,0,"November 04, 2017","February 07, 2026","January 15, 2019","January 18, 2026",True
2019,261354,Nathan Coulter-Nile,Royal Challengers Bangalore,22000000.0,2.2,2018,,,,,,,,,,,,,,,,,,,,,,,,,,,,,,,,,,,,,False
2019,700167,Navdeep Saini,Royal Challengers Bangalore,30000000.0,3.0,2018,,,,,,,,,,,,,,,,,,,,,,,,,,,,,,,,,,,,,False
2019,32242,Parthiv Patel,Royal Challengers Bangalore,17000000.0,1.7,2018,Parthiv Ajay Patel,"March 09, 1985, Ahmedabad, Gujarat",41y 112d,India,Wicketkeeper Batter,2002 - 2018,IPL 2018,RCB,6.0,6,1,153,53,30.60,109,140.36,0,1,20,4,3.0,0.0,-,-,-,-,-,-,-,-,-,-,"June 04, 2011","August 31, 2011","January 04, 2003","February 21, 2012",True
2019,530773,Pawan Negi,Royal Challengers Bangalore,10000000.0,1.0,2018,Pawan Negi,"January 06, 1993, Delhi",33y 174d,India,Bowler,2016 - 2016,IPL 2018,RCB,2.0,2,0,3,3,1.50,5,60.00,0,0,0,0,0.0,0.0,1,12.25,24,1/36,1/36,49.00,24.0,0,0,0,"March 03, 2016","Delhi vs Haryana  at Delhi - November 03 - 06, 2011",,,True
2019,1159712,Prayas Ray Barman,Royal Challengers Bangalore,15000000.0,1.5,2018,,,,,,,,,,,,,,,,,,,,,,,,,,,,,,,,,,,,,False
2019,670025,Shimron Hetmyer,Royal Challengers Bangalore,42000000.0,4.2,2018,,,,,,,,,,,,,,,,,,,,,,,,,,,,,,,,,,,,,False
2019,714451,Shivam Dube,Royal Challengers Bangalore,50000000.0,5.0,2018,,,,,,,,,,,,,,,,,,,,,,,,,,,,,,,,,,,,,False
2019,232364,Tim Southee,Royal Challengers Bangalore,10000000.0,1.0,2018,Timothy Grant Southee,"December 11, 1988, Whangarei, Northland",37y 200d,New Zealand,Bowler,2008 - 2024,IPL 2018,RCB,8.0,4,2,52,36*,26.00,46,113.04,0,0,5,1,3.0,0.0,5,9.00,174,3/30,3/30,52.20,34.8,0,0,0,"February 05, 2008","June 17, 2024","June 15, 2008","November 15, 2023",True
2019,376116,Umesh Yadav,Royal Challengers Bangalore,42000000.0,4.2,2018,Umeshkumar Tilak Yadav,"October 25, 1987, Nagpur, Maharashtra",38y 252d,India,Bowler,2010 - 2023,IPL 2018,RCB,14.0,5,1,3,1*,0.75,11,27.27,0,0,0,0,2.0,0.0,20,7.86,319,3/23,3/23,20.90,15.9,0,0,0,"August 07, 2012","October 04, 2022","May 28, 2010","October 24, 2018",True
2019,253802,Virat Kohli,Royal Challengers Bangalore,170000000.0,17.0,2018,Virat Kohli,"November 05, 1988, Delhi",37y 244d,India,Top order Batter,2008 - 2026,IPL 2018,RCB,14.0,14,3,530,92*,48.18,381,139.10,0,4,52,18,8.0,0.0,-,-,-,-,-,-,-,-,-,-,"June 12, 2010","June 29, 2024","August 18, 2008","January 18, 2026",True
2019,719715,Washington Sundar,Royal Challengers Bangalore,32000000.0,3.2,2018,Washington Sundar,"October 05, 1999, Chennai, Tamil Nadu",26y 272d,India,Bowling Allrounder,2017 - 2026,IPL 2018,RCB,7.0,6,3,65,35,21.66,38,171.05,0,0,5,4,0.0,0.0,4,9.60,120,2/22,2/22,48.00,30.0,0,0,0,"December 24, 2017","June 26, 2026","December 13, 2017","June 20, 2026",True
2019,430246,Yuzvendra Chahal,Royal Challengers Bangalore,60000000.0,6.0,2018,Yuzvendra Singh Chahal,"July 23, 1990, Jind, Haryana",35y 348d,India,Bowler,2016 - 2024,IPL 2018,RCB,14.0,1,1,0,0*,-,4,0.00,0,0,0,0,2.0,0.0,12,7.26,300,2/22,2/22,30.25,25.0,0,0,0,"June 18, 2016","August 13, 2023","June 11, 2016","January 24, 2023",True
2019,1070183,Abhishek Sharma,Sunrisers Hyderabad,5500000.0,0.55,2018,Abhishek Sharma,"September 04, 2000, Amritsar, Punjab",25y 306d,India,Batting Allrounder,2024 - 2026,IPL 2018,DC,3.0,3,2,63,46*,63.00,33,190.90,0,0,3,5,1.0,0.0,-,-,-,-,-,-,-,-,-,-,"July 06, 2024","July 04, 2026",,,True
2019,732291,Basil Thampi,Sunrisers Hyderabad,9500000.0,0.95,2018,Basil Thampi,"September 11, 1993, Ernakulam, Kerala",32y 296d,India,Bowler,-,IPL 2018,SRH,4.0,2,1,3,3,3.00,6,50.00,0,0,0,0,2.0,0.0,5,11.21,61,2/4,2/4,22.80,12.2,0,0,0,,,,,True
2019,326016,Bhuvneshwar Kumar,Sunrisers Hyderabad,85000000.0,8.5,2018,Bhuvneshwar Kumar Singh,"February 05, 1990, Meerut, Uttar Pradesh",36y 150d,India,Bowler,2012 - 2022,IPL 2018,SRH,12.0,4,2,13,7,6.50,16,81.25,0,0,1,0,2.0,0.0,9,7.66,277,3/26,3/26,39.33,30.7,0,0,0,"December 25, 2012","November 22, 2022","December 30, 2012","January 21, 2022",True
2019,533042,Billy Stanlake,Sunrisers Hyderabad,5000000.0,0.5,2018,Billy James Stanlake,"November 04, 1994, Hervey Bay, Australia",31y 246d,Australia,Bowler,2017 - 2026,IPL 2018,SRH,4.0,1,1,5,5*,-,2,250.00,0,0,1,0,0.0,0.0,5,8.12,96,2/21,2/21,26.00,19.2,0,0,0,"February 17, 2017","November 08, 2019","January 13, 2017","May 30, 2026",True
2019,219889,David Warner,Sunrisers Hyderabad,125000000.0,12.5,2018,,,,,,,,,,,,,,,,,,,,,,,,,,,,,,,,,,,,,False
2019,497121,Deepak Hooda,Sunrisers Hyderabad,36000000.0,3.6,2018,Deepak Jagbir Hooda,"April 19, 1995, Rohtak",31y 71d,India,Allrounder,2022 - 2023,IPL 2018,SRH,9.0,8,4,87,32*,21.75,81,107.40,0,0,2,3,3.0,0.0,0,8.00,18,-,-,-,-,0,0,0,"February 24, 2022","February 01, 2023","February 06, 2022","November 30, 2022",True
2019,297433,Jonny Bairstow,Sunrisers Hyderabad,22000000.0,2.2,2018,,,,,,,,,,,,,,,,,,,,,,,,,,,,,,,,,,,,,False
2019,277906,Kane Williamson,Sunrisers Hyderabad,30000000.0,3.0,2018,Kane Stuart Williamson,"August 08, 1990, Tauranga",35y 330d,New Zealand,Top order Batter,2010 - 2026,IPL 2018,SRH,17.0,17,3,735,84,52.50,516,142.44,0,8,63,28,6.0,0.0,-,-,-,-,-,-,-,-,-,-,"October 15, 2011","June 17, 2024","August 10, 2010","October 29, 2025",True
2019,942645,Khaleel Ahmed,Sunrisers Hyderabad,30000000.0,3.0,2018,Khaleel Khursheed Ahmed,"December 05, 1997, Tonk, Rajasthan",28y 214d,India,Bowler,2018 - 2024,IPL 2018,SRH,1.0,-,-,-,-,-,-,-,-,-,-,-,0.0,0.0,0,12.66,18,-,-,-,-,0,0,0,"November 04, 2018","July 30, 2024","September 18, 2018","August 14, 2019",True
2019,290630,Manish Pandey,Sunrisers Hyderabad,110000000.0,11.0,2018,Manish Krishnanand Pandey,"September 10, 1989, Nainital, Uttaranchal",36y 297d,India,Top order Batter,2015 - 2021,IPL 2018,SRH,15.0,13,2,284,62*,25.81,246,115.44,0,3,22,5,9.0,0.0,-,-,-,-,-,-,-,-,-,-,"July 17, 2015","December 04, 2020","July 14, 2015","July 23, 2021",True
2019,226492,Martin Guptill,Sunrisers Hyderabad,10000000.0,1.0,2018,,,,,,,,,,,,,,,,,,,,,,,,,,,,,,,,,,,,,False
2019,25913,Mohammad Nabi,Sunrisers Hyderabad,10000000.0,1.0,2018,Mohammad Nabi,"January 01, 1985, Loger, Afghanistan",41y 187d,Afghanistan,Allrounder,2009 - 2026,IPL 2018,SRH,2.0,2,0,18,14,9.00,12,150.00,0,0,3,0,0.0,0.0,1,9.40,30,1/23,1/23,47.00,30.0,0,0,0,"February 01, 2010","February 19, 2026","April 19, 2009","June 20, 2026",True
2019,793463,Rashid Khan,Sunrisers Hyderabad,90000000.0,9.0,2018,Rashid Khan Arman,"September 20, 1998, Nangarhar",27y 287d,Afghanistan,Bowling Allrounder,2015 - 2026,IPL 2018,SRH,17.0,7,2,59,34*,11.80,31,190.32,0,0,3,6,6.0,0.0,21,6.73,408,3/19,3/19,21.80,19.4,0,0,0,"October 26, 2015","February 19, 2026","October 18, 2015","June 20, 2026",True
2019,642531,Ricky Bhui,Sunrisers Hyderabad,2000000.0,0.2,2018,Ricky Kannakumar Bhui,"September 29, 1996, Bhopal, Madhya Pradesh",29y 281d,India,Top order Batter,-,IPL 2018,SRH,1.0,1,0,0,0,0.00,5,0.00,0,0,0,0,0.0,0.0,-,-,-,-,-,-,-,-,-,-,,,,,True
2019,438362,Sandeep Sharma,Sunrisers Hyderabad,30000000.0,3.0,2018,Sandeep Sharma,"May 18, 1993, Patiala, Punjab",33y 48d,India,Bowler,2015 - 2015,IPL 2018,SRH,12.0,3,1,0,0*,0.00,4,0.00,0,0,0,0,2.0,0.0,12,7.56,264,2/17,2/17,27.75,22.0,0,0,0,"July 17, 2015","July 19, 2015",,,True
2019,31872,Shahbaz Nadeem,Sunrisers Hyderabad,32000000.0,3.2,2018,Shahbaz Nadeem,"August 12, 1989, Bokaro, Bihar",36y 326d,India,Bowler,2019 - 2021,IPL 2018,DC,6.0,1,1,6,6*,-,8,75.00,0,0,0,0,1.0,0.0,3,10.73,90,2/34,2/34,53.66,30.0,0,0,0,,,,,True
2019,56143,Shakib Al Hasan,Sunrisers Hyderabad,20000000.0,2.0,2018,Shakib Al Hasan,"March 24, 1987, Magura, Jessore",39y 103d,Bangladesh,Allrounder,2006 - 2024,IPL 2018,SRH,17.0,13,2,239,35,21.72,197,121.31,0,0,26,5,3.0,0.0,14,8.00,342,2/18,2/18,32.57,24.4,0,0,0,"November 28, 2006","June 24, 2024","August 06, 2006","November 06, 2023",True
2019,302579,Shreevats Goswami,Sunrisers Hyderabad,10000000.0,1.0,2018,Shreevats Pratyush Goswami,"May 18, 1989, Calcutta (now Kolkata), Bengal",37y 48d,India,Wicketkeeper Batter,-,IPL 2018,SRH,6.0,3,0,52,35,17.33,40,130.00,0,0,6,1,5.0,0.0,-,-,-,-,-,-,-,-,-,-,,,,,True
2019,326017,Siddarth Kaul,Sunrisers Hyderabad,38000000.0,3.8,2018,Siddarth Kaul,"May 19, 1990, Pathankot, Punjab",36y 49d,India,Bowler,2018 - 2019,IPL 2018,SRH,17.0,4,1,3,2,1.00,14,21.42,0,0,0,0,2.0,0.0,21,8.28,396,3/23,3/23,26.04,18.8,0,0,0,"June 29, 2018","February 27, 2019","July 12, 2018","September 25, 2018",True
2019,802575,T Natarajan,Sunrisers Hyderabad,4000000.0,0.4,2018,,,,,,,,,,,,,,,,,,,,,,,,,,,,,,,,,,,,,False
2019,477021,Vijay Shankar,Sunrisers Hyderabad,32000000.0,3.2,2018,Vijay Shankar,"January 26, 1991, Tirunelveli, Tamil Nadu",35y 154d,India,Allrounder,2018 - 2019,IPL 2018,DC,13.0,11,7,212,54*,53.00,148,143.24,0,1,11,11,6.0,0.0,1,11.60,30,1/22,1/22,58.00,30.0,0,0,0,"March 06, 2018","February 27, 2019","January 18, 2019","June 27, 2019",True
2019,279810,Wriddhiman Saha,Sunrisers Hyderabad,12000000.0,1.2,2018,Wriddhiman Prasanta Saha,"October 24, 1984, Shaktigarh, Siliguri, Bengal, India",41y 248d,India,Wicketkeeper Batter,2010 - 2021,IPL 2018,SRH,11.0,10,2,122,35,15.25,102,119.60,0,0,17,1,5.0,1.0,-,-,-,-,-,-,-,-,-,-,,,"November 28, 2010","November 09, 2014",True
2019,32498,Yusuf Pathan,Sunrisers Hyderabad,19000000.0,1.9,2018,Yusuf Khan Pathan,"November 17, 1982, Baroda, Gujarat",43y 230d,India,Allrounder,2007 - 2012,IPL 2018,SRH,15.0,13,4,260,45*,28.88,200,130.00,0,0,22,11,3.0,0.0,1,7.00,12,1/14,1/14,14.00,12.0,0,0,0,"September 24, 2007","March 30, 2012","June 10, 2008","March 18, 2012",True
2020,33141,Ambati Rayudu,Chennai Super Kings,22000000.0,2.2,2019,Ambati Thirupathi Rayudu,"September 23, 1985, Guntur, Andhra Pradesh",40y 279d,India,Middle order Batter,2013 - 2019,IPL 2019,CSK,17.0,17,5,282,57,23.50,303,93.06,0,1,20,7,6.0,0.0,-,-,-,-,-,-,-,-,-,-,"September 07, 2014","June 22, 2016","July 24, 2013","March 08, 2019",True
2020,447261,Deepak Chahar,Chennai Super Kings,8000000.0,0.8,2019,Deepak Lokandersingh Chahar,"August 07, 1992, Agra, Uttar Pradesh",33y 326d,India,Bowler,2018 - 2023,IPL 2019,CSK,17.0,2,0,7,7,3.50,9,77.77,0,0,1,0,2.0,0.0,22,7.47,387,3/20,3/20,21.90,17.5,0,0,0,"July 08, 2018","December 01, 2023","September 25, 2018","December 07, 2022",True
2020,51439,Dwayne Bravo,Chennai Super Kings,64000000.0,6.4,2019,Dwayne John Bravo,"October 07, 1983, Santa Cruz, Trinidad",42y 265d,West Indies,Allrounder,2004 - 2021,IPL 2019,CSK,12.0,9,4,80,27,16.00,66,121.21,0,0,6,3,5.0,0.0,11,8.01,247,3/33,3/33,30.00,22.4,0,0,0,"February 16, 2006","November 06, 2021","April 18, 2004","October 17, 2014",True
2020,44828,Faf du Plessis,Chennai Super Kings,16000000.0,1.6,2019,Francois du Plessis,"July 13, 1984, Pretoria",41y 351d,South Africa,Middle order Batter,2011 - 2021,IPL 2019,CSK,12.0,12,1,396,96,36.00,321,123.36,0,3,36,15,12.0,0.0,-,-,-,-,-,-,-,-,-,-,"September 08, 2012","December 01, 2020","January 18, 2011","July 06, 2019",True
2020,29264,Harbhajan Singh,Chennai Super Kings,20000000.0,2.0,2019,Harbhajan Singh,"July 03, 1980, Jullundur (now Jalandhar), Punjab",45y 361d,India,Bowler,1998 - 2016,IPL 2019,CSK,11.0,1,0,1,1,1.00,3,33.33,0,0,0,0,4.0,0.0,16,7.09,264,3/20,3/20,19.50,16.5,0,0,0,"December 01, 2006","March 03, 2016","April 17, 1998","October 25, 2015",True
2020,40618,Imran Tahir,Chennai Super Kings,10000000.0,1.0,2019,Mohammad Imran Tahir,"March 27, 1979, Lahore, Punjab",47y 94d,South Africa,Bowler,2011 - 2019,IPL 2019,CSK,17.0,1,1,0,0*,-,0,-,0,0,0,0,6.0,0.0,26,6.69,386,4/12,4/12,16.57,14.8,2,0,0,"August 02, 2013","March 19, 2019","February 24, 2011","July 06, 2019",True
2020,288284,Josh Hazlewood,Chennai Super Kings,20000000.0,2.0,2019,,,,,,,,,,,,,,,,,,,,,,,,,,,,,,,,,,,,,False
2020,1083030,KM Asif,Chennai Super Kings,4000000.0,0.4,2019,,,,,,,,,,,,,,,,,,,,,,,,,,,,,,,,,,,,,False
2020,30288,Karn Sharma,Chennai Super Kings,50000000.0,5.0,2019,Karn Vinod Sharma,"October 23, 1987, Meerut, Uttar Pradesh",38y 249d,India,Bowler,2014 - 2014,IPL 2019,CSK,1.0,-,-,-,-,-,-,-,-,-,-,-,0.0,0.0,1,11.64,17,1/33,1/33,33.00,17.0,0,0,0,"Australia vs India  at Adelaide - December 09 - 13, 2014","November 13, 2014","November 13, 2014","November 16, 2014",True
2020,290716,Kedar Jadhav,Chennai Super Kings,78000000.0,7.8,2019,Kedar Mahadav Jadhav,"March 26, 1985, Pune, Maharashtra",41y 95d,India,Batting Allrounder,2014 - 2020,IPL 2019,CSK,14.0,12,3,162,58,18.00,169,95.85,0,1,19,3,4.0,0.0,-,-,-,-,-,-,-,-,-,-,"July 17, 2015","October 10, 2017","November 16, 2014","February 08, 2020",True
2020,542023,Lungi Ngidi,Chennai Super Kings,5000000.0,0.5,2019,,,,,,,,,,,,,,,,,,,,,,,,,,,,,,,,,,,,,False
2020,237095,M Vijay,Chennai Super Kings,20000000.0,2.0,2019,Murali Vijay,"April 01, 1984, Chennai",42y 89d,India,Opening Batter,2008 - 2018,IPL 2019,CSK,2.0,2,0,64,38,32.00,61,104.91,0,0,6,1,1.0,0.0,-,-,-,-,-,-,-,-,-,-,"May 01, 2010","July 19, 2015","February 27, 2010","July 14, 2015",True
2020,28081,MS Dhoni,Chennai Super Kings,150000000.0,15.0,2019,Mahendra Singh Dhoni,"July 07, 1981, Ranchi, Bihar (now Jharkhand)",44y 357d,India,Wicketkeeper Batter,2004 - 2019,IPL 2019,CSK,15.0,12,7,416,84*,83.20,309,134.62,0,3,22,23,11.0,5.0,-,-,-,-,-,-,-,-,-,-,"December 01, 2006","February 27, 2019","December 23, 2004","India
                              vs New Zealand at Manchester - July 09 - 10, 2019",True
2020,502714,Mitchell Santner,Chennai Super Kings,5000000.0,0.5,2019,Mitchell Josef Santner,"February 05, 1992, Hamilton",34y 144d,New Zealand,Bowling Allrounder,2015 - 2026,IPL 2019,CSK,4.0,2,1,32,22,32.00,23,139.13,0,0,0,3,1.0,0.0,4,6.71,84,2/13,2/13,23.50,21.0,0,0,0,"June 23, 2015","March 20, 2026","June 09, 2015","November 22, 2025",True
2020,694209,Monu Kumar,Chennai Super Kings,2000000.0,0.2,2019,,,,,,,,,,,,,,,,,,,,,,,,,,,,,,,,,,,,,False
2020,1048813,Narayan Jagadeesan,Chennai Super Kings,2000000.0,0.2,2019,,,,,,,,,,,,,,,,,,,,,,,,,,,,,,,,,,,,,False
2020,32966,Piyush Chawla,Chennai Super Kings,67500000.0,6.75,2019,Piyush Pramod Chawla,"December 24, 1988, Aligarh, Uttar Pradesh",37y 187d,India,Bowling Allrounder,2006 - 2012,IPL 2019,KKR,13.0,5,2,42,14*,14.00,37,113.51,0,0,4,2,5.0,0.0,10,8.96,267,3/20,3/20,39.90,26.7,0,0,0,"May 02, 2010","December 22, 2012","May 12, 2007","March 09, 2011",True
2020,234675,Ravindra Jadeja,Chennai Super Kings,70000000.0,7.0,2019,Ravindrasinh Anirudhsinh Jadeja,"December 06, 1988, Navagam-Khed, Saurashtra",37y 205d,India,Allrounder,2009 - 2026,IPL 2019,CSK,16.0,9,6,106,31*,35.33,88,120.45,0,0,7,4,9.0,0.0,15,6.35,324,3/9,3/9,22.86,21.6,0,0,0,"February 10, 2009","June 29, 2024","February 08, 2009","January 18, 2026",True
2020,1048739,Ravisrinivasan Sai Kishore,Chennai Super Kings,2000000.0,0.2,2019,,,,,,,,,,,,,,,,,,,,,,,,,,,,,,,,,,,,,False
2020,1060380,Ruturaj Gaikwad,Chennai Super Kings,2000000.0,0.2,2019,,,,,,,,,,,,,,,,,,,,,,,,,,,,,,,,,,,,,False
2020,662973,Sam Curran,Chennai Super Kings,55000000.0,5.5,2019,Samuel Matthew Curran,"June 03, 1998, Northampton",28y 26d,England,Allrounder,2018 - 2026,IPL 2019,PBKS,9.0,8,4,95,55*,23.75,55,172.72,0,1,13,3,2.0,0.0,10,9.78,198,4/11,4/11,32.30,19.8,1,0,0,"November 01, 2019","March 05, 2026","June 24, 2018","January 27, 2026",True
2020,8180,Shane Watson,Chennai Super Kings,40000000.0,4.0,2019,Shane Robert Watson,"June 17, 1981, Ipswich, Queensland",45y 12d,Australia,Allrounder,2002 - 2016,IPL 2019,CSK,17.0,17,0,398,96,23.41,312,127.56,0,3,42,20,6.0,0.0,-,-,-,-,-,-,-,-,-,-,"February 24, 2006","March 27, 2016","March 24, 2002","September 05, 2015",True
2020,475281,Shardul Thakur,Chennai Super Kings,26000000.0,2.6,2019,Shardul Narendra Thakur,"October 16, 1991, Palghar, Maharashtra",34y 256d,India,Bowling Allrounder,2017 - 2025,IPL 2019,CSK,10.0,3,1,14,12*,7.00,7,200.00,0,0,1,1,5.0,0.0,8,9.36,180,2/18,2/18,35.12,22.5,0,0,0,"February 21, 2018","February 20, 2022","August 31, 2017","October 19, 2023",True
2020,33335,Suresh Raina,Chennai Super Kings,110000000.0,11.0,2019,Suresh Kumar Raina,"November 27, 1986, Muradnagar, Ghaziabad, Uttar Pradesh",39y 214d,India,Middle order Batter,2005 - 2018,IPL 2019,CSK,17.0,17,1,383,59,23.93,314,121.97,0,3,45,9,7.0,0.0,0,6.00,6,-,-,-,-,0,0,0,"December 01, 2006","July 08, 2018","July 30, 2005","July 17, 2018",True
2020,277916,Ajinkya Rahane,Delhi Capitals,52500000.0,5.25,2019,Ajinkya Madhukar Rahane,"June 06, 1988, Ashwi-KD, Maharashtra",38y 23d,India,Top order Batter,2011 - 2023,IPL 2019,RR,14.0,13,1,393,105*,32.75,285,137.89,1,1,45,9,5.0,0.0,-,-,-,-,-,-,-,-,-,-,"August 31, 2011","August 28, 2016","September 03, 2011","February 16, 2018",True
2020,326434,Alex Carey,Delhi Capitals,24000000.0,2.4,2019,,,,,,,,,,,,,,,,,,,,,,,,,,,,,,,,,,,,,False
2020,31107,Amit Mishra,Delhi Capitals,40000000.0,4.0,2019,Amit Mishra,"November 24, 1982, Delhi",43y 222d,India,Bowler,2003 - 2017,IPL 2019,DC,11.0,4,2,21,8,10.50,24,87.50,0,0,2,0,1.0,0.0,11,6.75,240,3/17,3/17,24.54,21.8,0,0,0,"June 13, 2010","February 01, 2017","April 13, 2003","October 29, 2016",True
2020,694211,Avesh Khan,Delhi Capitals,7000000.0,0.7,2019,Avesh Khan,"December 13, 1996, Indore, Madhya Pradesh",29y 204d,India,Bowler,2022 - 2024,IPL 2019,DC,1.0,1,1,4,4*,-,3,133.33,0,0,1,0,1.0,0.0,0,10.00,18,-,-,-,-,0,0,0,"February 20, 2022","November 10, 2024","July 24, 2022","December 21, 2023",True
2020,554691,Axar Patel,Delhi Capitals,50000000.0,5.0,2019,Axar Rajeshbhai Patel,"January 20, 1994, Anand, Gujarat",32y 165d,India,Allrounder,2014 - 2026,IPL 2019,DC,14.0,12,6,110,26,18.33,88,125.00,0,0,10,3,9.0,0.0,10,7.13,306,2/22,2/22,36.40,30.6,0,0,0,"July 17, 2015","July 01, 2026","June 15, 2014","October 25, 2025",True
2020,247235,Chris Woakes,Delhi Capitals,15000000.0,1.5,2019,,,,,,,,,,,,,,,,,,,,,,,,,,,,,,,,,,,,,False
2020,390481,Harshal Patel,Delhi Capitals,2000000.0,0.2,2019,Harshal Vikram Patel,"November 23, 1990, Sanand, Gujarat",35y 223d,India,Bowling Allrounder,2021 - 2023,IPL 2019,DC,2.0,2,1,0,0*,0.00,2,0.00,0,0,0,0,0.0,0.0,2,9.62,48,2/40,2/40,38.50,24.0,0,0,0,"November 19, 2021","January 03, 2023",,,True
2020,236779,Ishant Sharma,Delhi Capitals,11000000.0,1.1,2019,Ishant Sharma,"September 02, 1988, Delhi",37y 305d,India,Bowler,2007 - 2021,IPL 2019,DC,13.0,3,3,10,10*,-,3,333.33,0,0,1,1,1.0,0.0,13,7.58,276,3/38,3/38,26.84,21.2,0,0,0,"February 01, 2008","October 10, 2013","June 29, 2007","January 23, 2016",True
2020,298438,Jason Roy,Delhi Capitals,15000000.0,1.5,2019,,,,,,,,,,,,,,,,,,,,,,,,,,,,,,,,,,,,,False
2020,550215,Kagiso Rabada,Delhi Capitals,42000000.0,4.2,2019,Kagiso Rabada,"May 25, 1995, Johannesburg",31y 40d,South Africa,Bowler,2014 - 2026,IPL 2019,DC,12.0,4,1,14,9,4.66,15,93.33,0,0,0,1,6.0,0.0,25,7.82,282,4/21,4/21,14.72,11.2,2,0,0,"November 05, 2014","March 04, 2026","July 10, 2015","March 05, 2025",True
2020,677081,Keemo Paul,Delhi Capitals,5000000.0,0.5,2019,Keemo Mandela Angus Paul,"February 21, 1998, Guyana",28y 133d,West Indies,Allrounder,2018 - 2023,IPL 2019,DC,8.0,6,1,18,7,3.60,24,75.00,0,0,1,1,5.0,0.0,9,8.72,163,3/17,3/17,26.33,18.1,0,0,0,"April 01, 2018","August 07, 2022","March 15, 2018","July 05, 2023",True
2020,930189,Lalit Yadav,Delhi Capitals,2000000.0,0.2,2019,,,,,,,,,,,,,,,,,,,,,,,,,,,,,,,,,,,,,False
2020,325012,Marcus Stoinis,Delhi Capitals,48000000.0,4.8,2019,Marcus Peter Stoinis,"August 16, 1989, Perth",36y 322d,Australia,Batting Allrounder,2015 - 2026,IPL 2019,RCB,10.0,10,6,211,46*,52.75,156,135.25,0,0,14,10,2.0,0.0,2,8.70,100,1/13,1/13,72.50,50.0,0,0,0,"August 31, 2015","February 20, 2026","September 11, 2015","November 10, 2024",True
2020,537119,Mohit Sharma,Delhi Capitals,5000000.0,0.5,2019,Mohit Mahipal Sharma,"September 18, 1988, Ballabhgarh, Haryana",37y 284d,India,Bowler,2013 - 2015,IPL 2019,CSK,1.0,1,1,0,0*,-,2,0.00,0,0,0,0,0.0,0.0,1,9.00,18,1/27,1/27,27.00,18.0,0,0,0,"March 30, 2014","October 05, 2015","August 01, 2013","October 25, 2015",True
2020,1070168,Prithvi Shaw,Delhi Capitals,12000000.0,1.2,2019,Prithvi Pankaj Shaw,"November 09, 1999, Thane, Maharashtra",26y 237d,India,Opening Batter,2018 - 2021,IPL 2019,DC,16.0,16,0,353,99,22.06,264,133.71,0,2,45,9,2.0,0.0,-,-,-,-,-,-,-,-,-,-,"India vs West Indies  at Rajkot - October 04 - 06, 2018","Australia vs India  at Adelaide - December 17 - 19, 2020","February 05, 2020","July 23, 2021",True
2020,26421,R Ashwin,Delhi Capitals,76000000.0,7.6,2019,Ravichandran Ashwin,"September 17, 1986, Madras (now Chennai), Tamil Nadu",39y 285d,India,Bowling Allrounder,2010 - 2024,IPL 2019,PBKS,14.0,6,1,42,17*,8.40,28,150.00,0,0,3,3,4.0,0.0,15,7.27,330,3/23,3/23,26.66,22.0,0,0,0,"June 12, 2010","November 10, 2022","June 05, 2010","October 08, 2023",True
2020,931581,Rishabh Pant,Delhi Capitals,150000000.0,15.0,2019,Rishabh Rajendra Pant,"October 04, 1997, Haridwar, Uttarakhand",28y 273d,India,Wicketkeeper Batter,2017 - 2026,IPL 2019,DC,16.0,16,3,488,78*,37.53,300,162.66,0,3,37,27,18.0,6.0,-,-,-,-,-,-,-,-,-,-,"February 01, 2017","July 28, 2024","October 21, 2018","August 07, 2024",True
2020,960361,Sandeep Lamichhane,Delhi Capitals,2000000.0,0.2,2019,Sandeep Lamichhane,"August 02, 2000, Syangja",25y 336d,Nepal,Bowler,2018 - 2026,IPL 2019,DC,6.0,1,0,0,0,0.00,1,0.00,0,0,0,0,2.0,0.0,8,9.13,138,3/40,3/40,26.25,17.2,0,0,0,"May 31, 2018","June 08, 2026","August 01, 2018","May 22, 2026",True
2020,28235,Shikhar Dhawan,Delhi Capitals,52000000.0,5.2,2019,Shikhar Dhawan,"December 05, 1985, Delhi",40y 213d,India,Opening Batter,2010 - 2022,IPL 2019,DC,16.0,16,1,521,97*,34.73,384,135.67,0,5,64,11,5.0,0.0,-,-,-,-,-,-,-,-,-,-,"June 04, 2011","July 29, 2021","October 20, 2010","December 10, 2022",True
2020,670025,Shimron Hetmyer,Delhi Capitals,77500000.0,7.75,2019,Shimron Odilon Hetmyer,"December 26, 1996, Cumberland, Berbice, Guyana",29y 193d,West Indies,Middle order Batter,2017 - 2026,IPL 2019,RCB,5.0,5,0,90,75,18.00,73,123.28,0,1,4,7,3.0,0.0,-,-,-,-,-,-,-,-,-,-,"January 01, 2018","June 14, 2026","December 20, 2017","June 01, 2025",True
2020,642519,Shreyas Iyer,Delhi Capitals,70000000.0,7.0,2019,Shreyas Santosh Iyer,"December 06, 1994, Mumbai",31y 211d,India,Top order Batter,2017 - 2026,IPL 2019,DC,16.0,16,1,463,67,30.86,386,119.94,0,3,41,14,8.0,0.0,-,-,-,-,-,-,-,-,-,-,"November 01, 2017","July 04, 2026","December 10, 2017","June 20, 2026",True
2020,822553,Tushar Deshpande,Delhi Capitals,2000000.0,0.2,2019,,,,,,,,,,,,,,,,,,,,,,,,,,,,,,,,,,,,,False
2020,1125976,Arshdeep Singh,Kings XI Punjab,2000000.0,0.2,2019,Arshdeep Singh,"February 05, 1999, Guna, Madhya Pradesh",27y 150d,India,Bowler,2022 - 2026,IPL 2019,PBKS,3.0,-,-,-,-,-,-,-,-,-,-,-,0.0,0.0,3,10.90,60,2/43,2/43,36.33,20.0,0,0,0,"July 07, 2022","July 04, 2026","November 25, 2022","June 17, 2026",True
2020,51880,Chris Gayle,Kings XI Punjab,20000000.0,2.0,2019,Christopher Henry Gayle,"September 21, 1979, Kingston, Jamaica",46y 287d,West Indies,Allrounder,1999 - 2021,IPL 2019,PBKS,13.0,13,1,490,99*,40.83,319,153.60,0,4,45,34,0.0,0.0,-,-,-,-,-,-,-,-,-,-,"February 16, 2006","November 06, 2021","September 11, 1999","August 14, 2019",True
2020,288992,Chris Jordan,Kings XI Punjab,30000000.0,3.0,2019,,,,,,,,,,,,,,,,,,,,,,,,,,,,,,,,,,,,,False
2020,1111917,Darshan Nalkande,Kings XI Punjab,3000000.0,0.3,2019,,,,,,,,,,,,,,,,,,,,,,,,,,,,,,,,,,,,,False
2020,497121,Deepak Hooda,Kings XI Punjab,5000000.0,0.5,2019,Deepak Jagbir Hooda,"April 19, 1995, Rohtak",31y 71d,India,Allrounder,2022 - 2023,IPL 2019,SRH,11.0,7,1,64,20,10.66,63,101.58,0,0,5,1,10.0,0.0,1,10.50,12,1/13,1/13,21.00,12.0,0,0,0,"February 24, 2022","February 01, 2023","February 06, 2022","November 30, 2022",True
2020,325026,Glenn Maxwell,Kings XI Punjab,107500000.0,10.75,2019,,,,,,,,,,,,,,,,,,,,,,,,,,,,,,,,,,,,,False
2020,375126,Hardus Viljoen,Kings XI Punjab,7500000.0,0.75,2019,GC Viljoen,"March 06, 1989, Witbank",37y 121d,South Africa,Bowler,2016 - 2016,IPL 2019,PBKS,6.0,3,1,3,2*,1.50,7,42.85,0,0,0,0,0.0,0.0,7,9.65,138,2/39,2/39,31.71,19.7,0,0,0,,,,,True
2020,1168641,Harpreet Brar,Kings XI Punjab,2000000.0,0.2,2019,Harpreet Brar,"September 16, 1995, Meerut, Uttar Pradesh",30y 292d,India,Bowler,-,IPL 2019,PBKS,2.0,1,1,20,20*,-,12,166.66,0,0,2,1,0.0,0.0,0,9.60,30,-,-,-,-,0,0,0,,,,,True
2020,967603,Ishan Porel,Kings XI Punjab,2000000.0,0.2,2019,,,,,,,,,,,,,,,,,,,,,,,,,,,,,,,,,,,,,False
2020,527663,J Suchith,Kings XI Punjab,2000000.0,0.2,2019,Jagadeesha Suchith,"January 16, 1994, Mysore",32y 169d,India,Bowler,-,IPL 2019,DC,1.0,1,0,6,6,6.00,15,40.00,0,0,0,0,0.0,0.0,2,7.00,24,2/28,2/28,14.00,12.0,0,0,0,,,,,True
2020,355269,James Neesham,Kings XI Punjab,5000000.0,0.5,2019,,,,,,,,,,,,,,,,,,,,,,,,,,,,,,,,,,,,,False
2020,424377,K Gowtham,Kings XI Punjab,62000000.0,6.2,2019,Krishnappa Gowtham,"October 20, 1988, Bangalore, Karnataka",37y 258d,India,Bowling Allrounder,2021 - 2021,IPL 2019,RR,7.0,4,1,18,9,6.00,19,94.73,0,0,1,1,0.0,0.0,1,8.30,120,1/32,1/32,166.00,120.0,0,0,0,,,"July 23, 2021","UP vs Karnataka  at Meerut - November 17 - 20, 2012",True
2020,422108,KL Rahul,Kings XI Punjab,110000000.0,11.0,2019,Kannaur Lokesh Rahul,"April 18, 1992, Bangalore, Karnataka",34y 77d,India,Wicketkeeper Batter,2014 - 2026,IPL 2019,PBKS,14.0,14,3,593,100*,53.90,438,135.38,1,6,49,25,7.0,0.0,-,-,-,-,-,-,-,-,-,-,"June 18, 2016","November 10, 2022","June 11, 2016","June 17, 2026",True
2020,398439,Karun Nair,Kings XI Punjab,56000000.0,5.6,2019,Karun Nair,"December 06, 1991, Jodhpur, Rajasthan",34y 210d,India,Top order Batter,2016 - 2025,IPL 2019,PBKS,1.0,1,0,5,5,5.00,6,83.33,0,0,0,0,0.0,0.0,-,-,-,-,-,-,-,-,-,-,,,"June 11, 2016","June 13, 2016",True
2020,398506,Mandeep Singh,Kings XI Punjab,14000000.0,1.4,2019,Mandeep Singh,"December 18, 1991, Jalandhar, Punjab",34y 198d,India,Allrounder,2016 - 2016,IPL 2019,PBKS,13.0,12,8,165,33*,41.25,120,137.50,0,0,10,4,4.0,0.0,0,13.00,12,-,-,-,-,0,0,0,"June 18, 2016","June 22, 2016",,,True
2020,398438,Mayank Agarwal,Kings XI Punjab,10000000.0,1.0,2019,Mayank Anurag Agarwal,"February 16, 1991, Bangalore, Karnataka",35y 139d,India,Batter,2018 - 2022,IPL 2019,PBKS,13.0,13,0,332,58,25.53,234,141.88,0,2,26,14,7.0,0.0,-,-,-,-,-,-,-,-,-,-,,,"February 05, 2020","November 29, 2020",True
2020,481896,Mohammed Shami,Kings XI Punjab,48000000.0,4.8,2019,Mohammed Shami Ahmed,"September 03, 1990, Amroha, Uttar Pradesh",35y 304d,India,Bowler,2013 - 2025,IPL 2019,PBKS,14.0,2,1,1,1*,1.00,2,50.00,0,0,0,0,5.0,0.0,19,8.68,324,3/21,3/21,24.68,17.0,0,0,0,"March 21, 2014","February 02, 2025","January 06, 2013","March 09, 2025",True
2020,974109,Mujeeb Ur Rahman,Kings XI Punjab,40000000.0,4.0,2019,Mujeeb Ur Rahman,"March 28, 2001, Khost",25y 101d,Afghanistan,Bowler,2017 - 2026,IPL 2019,PBKS,5.0,3,2,0,0*,0.00,4,0.00,0,0,0,0,1.0,0.0,3,10.05,114,2/31,2/31,63.66,38.0,0,0,0,"February 05, 2018","February 19, 2026","December 05, 2017","November 10, 2023",True
2020,528067,Murugan Ashwin,Kings XI Punjab,2000000.0,0.2,2019,Murugan Ashwin,"September 08, 1990, Chennai, Tamil Nadu",35y 301d,India,Bowler,-,IPL 2019,PBKS,10.0,3,2,3,1*,3.00,5,60.00,0,0,0,0,3.0,0.0,5,7.50,204,2/25,2/25,51.00,40.8,0,0,0,,,,,True
2020,604302,Nicholas Pooran,Kings XI Punjab,42000000.0,4.2,2019,Nicholas Pooran,"October 02, 1995, Trinidad",30y 276d,West Indies,Wicketkeeper Batter,2016 - 2024,IPL 2019,PBKS,7.0,6,0,168,48,28.00,107,157.00,0,0,9,14,1.0,0.0,-,-,-,-,-,-,-,-,-,-,"September 23, 2016","December 19, 2024","February 20, 2019","July 07, 2023",True
2020,1161024,Prabhsimran Singh,Kings XI Punjab,5500000.0,0.55,2019,Prabhsimran Singh,"August 10, 2000",25y 329d,India,Wicketkeeper Batter,-,IPL 2019,PBKS,1.0,1,0,16,16,16.00,17,94.11,0,0,1,1,1.0,0.0,-,-,-,-,-,-,-,-,-,-,,,,,True
2020,1175441,Ravi Bishnoi,Kings XI Punjab,20000000.0,2.0,2019,,,,,,,,,,,,,,,,,,,,,,,,,,,,,,,,,,,,,False
2020,642525,Sarfaraz Khan,Kings XI Punjab,2500000.0,0.25,2019,Sarfaraz Naushad Khan,"October 22, 1997, Mumbai",28y 250d,India,Middle order Batter,2024 - 2024,IPL 2019,PBKS,8.0,5,1,180,67,45.00,143,125.87,0,1,19,4,0.0,0.0,0,18.00,2,-,-,-,-,0,0,0,,,,,True
2020,495551,Sheldon Cottrell,Kings XI Punjab,85000000.0,8.5,2019,,,,,,,,,,,,,,,,,,,,,,,,,,,,,,,,,,,,,False
2020,1079860,Tajinder Dhillon,Kings XI Punjab,2000000.0,0.2,2019,,,,,,,,,,,,,,,,,,,,,,,,,,,,,,,,,,,,,False
2020,276298,Andre Russell,Kolkata Knight Riders,85000000.0,8.5,2019,Andre Dwayne Russell,"April 29, 1988, Jamaica",38y 66d,West Indies,Allrounder,2010 - 2025,IPL 2019,KKR,14.0,13,4,510,80*,56.66,249,204.81,0,4,31,52,4.0,0.0,11,9.51,181,2/21,2/21,26.09,16.4,0,0,0,"April 21, 2011","July 22, 2025","March 11, 2011","June 17, 2019",True
2020,787073,Chris Green,Kolkata Knight Riders,2000000.0,0.2,2019,,,,,,,,,,,,,,,,,,,,,,,,,,,,,,,,,,,,,False
2020,30045,Dinesh Karthik,Kolkata Knight Riders,74000000.0,7.4,2019,Krishnakumar Dinesh Karthik,"June 01, 1985, Madras (now Chennai), Tamil Nadu",41y 33d,India,Wicketkeeper Batter,2004 - 2022,IPL 2019,KKR,14.0,13,5,253,97*,31.62,173,146.24,0,2,22,14,7.0,0.0,-,-,-,-,-,-,-,-,-,-,"December 01, 2006","November 02, 2022","September 05, 2004","India vs New Zealand  at Manchester - July 09 - 10, 2019",True
2020,24598,Eoin Morgan,Kolkata Knight Riders,52500000.0,5.25,2019,,,,,,,,,,,,,,,,,,,,,,,,,,,,,,,,,,,,,False
2020,244639,Harry Gurney,Kolkata Knight Riders,7500000.0,0.75,2019,Harry Frederick Gurney,"October 25, 1986, Nottingham",39y 253d,England,Bowler,2014 - 2014,IPL 2019,KKR,8.0,1,1,1,1*,-,5,20.00,0,0,0,0,0.0,0.0,7,8.81,162,2/25,2/25,34.00,23.1,0,0,0,"May 20, 2014","September 07, 2014","May 09, 2014","December 16, 2014",True
2020,1070188,Kamlesh Nagarkoti,Kolkata Knight Riders,32000000.0,3.2,2019,,,,,,,,,,,,,,,,,,,,,,,,,,,,,,,,,,,,,False
2020,559235,Kuldeep Yadav,Kolkata Knight Riders,58000000.0,5.8,2019,Kuldeep Yadav,"December 14, 1994, Kanpur, Uttar Pradesh",31y 202d,India,Bowler,2014 - 2026,IPL 2019,KKR,9.0,4,2,12,10*,6.00,8,150.00,0,0,1,0,3.0,0.0,4,8.66,198,2/41,2/41,71.50,49.5,0,0,0,"July 09, 2017","February 15, 2026","June 23, 2017","June 17, 2026",True
2020,493773,Lockie Ferguson,Kolkata Knight Riders,16000000.0,1.6,2019,Lachlan Hammond Ferguson,"June 13, 1991, Auckland",35y 21d,New Zealand,Bowler,2016 - 2026,IPL 2019,KKR,5.0,-,-,-,-,-,-,-,-,-,-,-,0.0,0.0,2,10.76,102,1/38,1/38,91.50,51.0,0,0,0,"January 03, 2017","March 20, 2026","December 04, 2016","November 15, 2023",True
2020,1151286,M Sidharth,Kolkata Knight Riders,2000000.0,0.2,2019,,,,,,,,,,,,,,,,,,,,,,,,,,,,,,,,,,,,,False
2020,554700,Nikhil Naik,Kolkata Knight Riders,2000000.0,0.2,2019,Nikhil Shankar Naik,"November 09, 1994, Savantwadi, Maharashtra",31y 238d,India,Wicketkeeper Batter,-,IPL 2019,KKR,1.0,1,0,7,7,7.00,16,43.75,0,0,1,0,0.0,0.0,-,-,-,-,-,-,-,-,-,-,,,,,True
2020,604527,Nitish Rana,Kolkata Knight Riders,34000000.0,3.4,2019,Nitish Rana,"December 27, 1993, Delhi",32y 189d,India,Middle order Batter,2021 - 2021,IPL 2019,KKR,14.0,11,1,344,85*,34.40,235,146.38,0,3,27,21,3.0,0.0,3,9.00,48,1/8,1/8,24.00,16.0,0,0,0,"July 28, 2021","July 29, 2021","July 23, 2021","July 28, 2021",True
2020,489889,Pat Cummins,Kolkata Knight Riders,155000000.0,15.5,2019,,,,,,,,,,,,,,,,,,,,,,,,,,,,,,,,,,,,,False
2020,917159,Prasidh Krishna,Kolkata Knight Riders,2000000.0,0.2,2019,Muralikrishna Prasidh Krishna,"February 19, 1996, Bangalore, Karnataka",30y 135d,India,Bowler,2021 - 2026,IPL 2019,KKR,11.0,1,0,0,0,0.00,2,0.00,0,0,0,0,2.0,0.0,4,9.34,242,1/22,1/22,94.25,60.5,0,0,0,"August 18, 2023","June 26, 2026","March 23, 2021","June 20, 2026",True
2020,587152,Pravin Tambe,Kolkata Knight Riders,2000000.0,0.2,2019,,,,,,,,,,,,,,,,,,,,,,,,,,,,,,,,,,,,,False
2020,446763,Rahul Tripathi,Kolkata Knight Riders,6000000.0,0.6,2019,Rahul Ajay Tripathi,"March 02, 1991, Ranchi",35y 119d,India,Top order Batter,2023 - 2023,IPL 2019,RR,8.0,7,1,141,50,23.50,118,119.49,0,1,13,2,3.0,0.0,-,-,-,-,-,-,-,-,-,-,"January 05, 2023","February 01, 2023",,,True
2020,723105,Rinku Singh,Kolkata Knight Riders,8000000.0,0.8,2019,Rinku Khanchand Singh,"October 12, 1997, Aligarh, Uttar Pradesh",28y 266d,India,Middle order Batter,2023 - 2026,IPL 2019,KKR,5.0,3,1,37,30,18.50,34,108.82,0,0,1,2,1.0,0.0,-,-,-,-,-,-,-,-,-,-,"August 18, 2023","February 22, 2026","December 19, 2023","December 21, 2023",True
2020,592735,Sandeep Warrier,Kolkata Knight Riders,2000000.0,0.2,2019,Sankarankutty Sandeep Warrier,"April 04, 1991, Thrissur, Kerala",35y 91d,India,Bowler,2021 - 2021,IPL 2019,KKR,3.0,-,-,-,-,-,-,-,-,-,-,-,1.0,0.0,2,7.08,72,2/31,2/31,42.50,36.0,0,0,0,"July 29, 2021","Kerala vs Goa  at Malappuram - November 24 - 27, 2012",,,True
2020,1079848,Shivam Mavi,Kolkata Knight Riders,30000000.0,3.0,2019,,,,,,,,,,,,,,,,,,,,,,,,,,,,,,,,,,,,,False
2020,1070173,Shubman Gill,Kolkata Knight Riders,18000000.0,1.8,2019,Shubman Gill,"September 08, 1999, Fazilka, Punjab",26y 299d,India,Top order Batter,2019 - 2026,IPL 2019,KKR,14.0,13,4,296,76,32.88,238,124.36,0,3,21,10,7.0,0.0,-,-,-,-,-,-,-,-,-,-,"January 03, 2023","December 14, 2025","January 31, 2019","June 20, 2026",True
2020,422342,Siddhesh Lad,Kolkata Knight Riders,2000000.0,0.2,2019,Siddhesh Dinesh Lad,"May 23, 1992, Mumbai",34y 45d,India,Middle order Batter,-,IPL 2019,MI,1.0,1,0,15,15,15.00,13,115.38,0,0,1,1,0.0,0.0,-,-,-,-,-,-,-,-,-,-,,,,,True
2020,230558,Sunil Narine,Kolkata Knight Riders,125000000.0,12.5,2019,Sunil Philip Narine,"May 26, 1988, Arima, Trinidad & Tobago",38y 40d,West Indies,Bowling Allrounder,2011 - 2019,IPL 2019,KKR,12.0,9,1,143,47,17.87,86,166.27,0,0,17,9,0.0,0.0,10,7.82,266,2/19,2/19,34.70,26.6,0,0,0,"March 27, 2012","August 06, 2019","December 05, 2011","October 05, 2016",True
2020,877051,Tom Banton,Kolkata Knight Riders,10000000.0,1.0,2019,,,,,,,,,,,,,,,,,,,,,,,,,,,,,,,,,,,,,False
2020,1108375,Varun Chakravathi,Kolkata Knight Riders,40000000.0,4.0,2019,Varun Chakravarthy Vinod,"August 29, 1991, Bidar, Karnataka",34y 310d,India,Bowler,2021 - 2026,IPL 2019,PBKS,1.0,-,-,-,-,-,-,-,-,-,-,-,0.0,0.0,1,11.66,18,1/35,1/35,35.00,18.0,0,0,0,"July 25, 2021","July 04, 2026","February 09, 2025","March 09, 2025",True
2020,333904,Aditya Tare,Mumbai Indians,2000000.0,0.2,2019,,,,,,,,,,,,,,,,,,,,,,,,,,,,,,,,,,,,,False
2020,851261,Anmolpreet Singh,Mumbai Indians,8000000.0,0.8,2019,,,,,,,,,,,,,,,,,,,,,,,,,,,,,,,,,,,,,False
2020,1079839,Anukul Roy,Mumbai Indians,2000000.0,0.2,2019,Anukul Sudhakar Roy,"November 30, 1998, Saraikela Kharswan, Jharkhand",27y 217d,India,Allrounder,-,IPL 2019,MI,1.0,-,-,-,-,-,-,-,-,-,-,-,0.0,0.0,1,5.50,12,1/11,1/11,11.00,12.0,0,0,0,,,,,True
2020,326637,Chris Lynn,Mumbai Indians,20000000.0,2.0,2019,Christopher Austin Lynn,"April 10, 1990, Brisbane, Queensland",36y 86d,Australia,Batter,2014 - 2018,IPL 2019,KKR,13.0,13,0,405,82,31.15,290,139.65,0,4,41,22,1.0,0.0,-,-,-,-,-,-,-,-,-,-,"January 29, 2014","November 25, 2018","January 13, 2017","November 11, 2018",True
2020,277955,Dhawal Kulkarni,Mumbai Indians,7500000.0,0.75,2019,Dhawal Sunil Kulkarni,"December 10, 1988, Bombay (now Mumbai), Maharashtra",37y 206d,India,Bowler,2014 - 2016,IPL 2019,RR,10.0,1,1,5,5*,-,3,166.66,0,0,1,0,5.0,0.0,6,9.57,210,1/14,1/14,55.83,35.0,0,0,0,"June 20, 2016","June 22, 2016","September 02, 2014","October 26, 2016",True
2020,1206410,Digvijay Deshmukh,Mumbai Indians,2000000.0,0.2,2019,,,,,,,,,,,,,,,,,,,,,,,,,,,,,,,,,,,,,False
2020,625371,Hardik Pandya,Mumbai Indians,110000000.0,11.0,2019,Hardik Himanshu Pandya,"October 11, 1993, Choryasi, Gujarat",32y 266d,India,Allrounder,2016 - 2026,IPL 2019,MI,16.0,15,6,402,91,44.66,210,191.42,0,1,28,29,11.0,0.0,14,9.17,255,3/20,3/20,27.85,18.2,0,0,0,"January 26, 2016","March 08, 2026","October 16, 2016","March 09, 2025",True
2020,720471,Ishan Kishan,Mumbai Indians,62000000.0,6.2,2019,Ishan Pranav Kumar Pandey Kishan,"July 18, 1998, Patna, Bihar",27y 351d,India,Wicketkeeper Batter,2021 - 2026,IPL 2019,MI,7.0,6,0,101,28,16.83,100,101.00,0,0,8,4,2.0,0.0,-,-,-,-,-,-,-,-,-,-,"March 14, 2021","July 01, 2026","July 18, 2021","June 20, 2026",True
2020,625383,Jasprit Bumrah,Mumbai Indians,70000000.0,7.0,2019,Jasprit Jasbirsingh Bumrah,"December 06, 1993, Ahmedabad",32y 212d,India,Bowler,2016 - 2026,IPL 2019,MI,16.0,2,2,0,0*,-,1,0.00,0,0,0,0,2.0,0.0,19,6.63,370,3/20,3/20,21.52,19.4,0,0,0,"January 26, 2016","March 08, 2026","January 23, 2016","November 19, 2023",True
2020,447587,Jayant Yadav,Mumbai Indians,5000000.0,0.5,2019,Jayant Yadav,"January 22, 1990, Delhi",36y 163d,India,Bowler,2016 - 2022,IPL 2019,MI,2.0,-,-,-,-,-,-,-,-,-,-,-,2.0,0.0,1,7.14,42,1/25,1/25,50.00,42.0,0,0,0,,,"October 29, 2016","January 23, 2022",True
2020,230559,Kieron Pollard,Mumbai Indians,54000000.0,5.4,2019,Kieron Adrian Pollard,"May 12, 1987, Tacarigua, Trinidad",39y 56d,West Indies,Batting Allrounder,2007 - 2022,IPL 2019,MI,16.0,14,6,279,83,34.87,178,156.74,0,1,14,22,8.0,0.0,-,-,-,-,-,-,-,-,-,-,"June 20, 2008","February 20, 2022","April 10, 2007","February 06, 2022",True
2020,471342,Krunal Pandya,Mumbai Indians,88000000.0,8.8,2019,Krunal Himanshu Pandya,"March 24, 1991, Ahmedabad, Gujarat",35y 103d,India,Allrounder,2018 - 2021,IPL 2019,MI,16.0,15,4,183,42,16.63,150,122.00,0,0,18,5,5.0,0.0,12,7.28,276,3/34,3/34,27.91,23.0,0,0,0,"November 04, 2018","July 25, 2021","March 23, 2021","July 20, 2021",True
2020,49758,Lasith Malinga,Mumbai Indians,20000000.0,2.0,2019,Separamadu Lasith Malinga,"August 28, 1983, Galle",42y 313d,Sri Lanka,Bowler,2004 - 2020,IPL 2019,MI,12.0,-,-,-,-,-,-,-,-,-,-,-,1.0,0.0,16,9.76,269,4/31,4/31,27.37,16.8,2,0,0,"June 15, 2006","March 06, 2020","July 17, 2004","July 26, 2019",True
2020,319439,Mitchell McClenaghan,Mumbai Indians,10000000.0,1.0,2019,Mitchell John McClenaghan,"June 11, 1986, Hastings, Hawke's Bay",40y 26d,New Zealand,Bowler,2012 - 2018,IPL 2019,MI,5.0,4,1,11,10,3.66,16,68.75,0,0,2,0,0.0,0.0,3,7.88,108,3/40,3/40,47.33,36.0,0,0,0,"December 21, 2012","May 31, 2018","January 19, 2013","January 25, 2016",True
2020,1132005,Mohsin Khan,Mumbai Indians,2000000.0,0.2,2019,,,,,,,,,,,,,,,,,,,,,,,,,,,,,,,,,,,,,False
2020,261354,Nathan Coulter-Nile,Mumbai Indians,80000000.0,8.0,2019,,,,,,,,,,,,,,,,,,,,,,,,,,,,,,,,,,,,,False
2020,1210820,Prince Balwant Rai Singh,Mumbai Indians,2000000.0,0.2,2019,,,,,,,,,,,,,,,,,,,,,,,,,,,,,,,,,,,,,False
2020,379143,Quinton de Kock,Mumbai Indians,28000000.0,2.8,2019,Quinton de Kock,"December 17, 1992, Johannesburg, Gauteng",33y 200d,South Africa,Wicketkeeper Batter,2012 - 2026,IPL 2019,MI,16.0,16,1,529,81,35.26,398,132.91,0,4,45,25,17.0,2.0,-,-,-,-,-,-,-,-,-,-,"December 21, 2012","March 04, 2026","January 19, 2013","December 06, 2025",True
2020,1064812,Rahul Chahar,Mumbai Indians,19000000.0,1.9,2019,Rahul Desraj Chahar,"August 04, 1999, Bharaatpur, Rajasthan",26y 329d,India,Bowler,2019 - 2021,IPL 2019,MI,13.0,4,2,12,10,6.00,11,109.09,0,0,2,0,3.0,0.0,13,6.55,282,3/19,3/19,23.69,21.6,0,0,0,"August 06, 2019","November 08, 2021","July 23, 2021","August 06, 2019",True
2020,34102,Rohit Sharma,Mumbai Indians,150000000.0,15.0,2019,Rohit Gurunath Sharma,"April 30, 1987, Bansod, Nagpur, Maharashtra",39y 68d,India,Top order Batter,2007 - 2026,IPL 2019,MI,15.0,15,1,405,67,28.92,315,128.57,0,2,52,10,4.0,0.0,-,-,-,-,-,-,-,-,-,-,"September 19, 2007","June 29, 2024","June 23, 2007","June 20, 2026",True
2020,35390,Saurabh Tiwary,Mumbai Indians,5000000.0,0.5,2019,,,,,,,,,,,,,,,,,,,,,,,,,,,,,,,,,,,,,False
2020,914541,Sherfane Rutherford,Mumbai Indians,20000000.0,2.0,2019,Sherfane Eviston Rutherford,"August 15, 1998",27y 323d,West Indies,Middle order Batter,2018 - 2026,IPL 2019,DC,7.0,7,2,73,28*,14.60,54,135.18,0,0,2,7,5.0,0.0,1,8.63,41,1/6,1/6,59.00,41.0,0,0,0,"December 22, 2018","June 14, 2026","December 03, 2023","June 06, 2026",True
2020,446507,Suryakumar Yadav,Mumbai Indians,32000000.0,3.2,2019,Suryakumar Ashok Yadav,"September 14, 1990, Mumbai, Maharashtra",35y 294d,India,Batter,2021 - 2026,IPL 2019,MI,16.0,15,2,424,71*,32.61,324,130.86,0,2,45,10,9.0,0.0,-,-,-,-,-,-,-,-,-,-,"March 14, 2021","March 08, 2026","July 18, 2021","November 19, 2023",True
2020,277912,Trent Boult,Mumbai Indians,32000000.0,3.2,2019,Trent Alexander Boult,"July 22, 1989, Rotorua",36y 348d,New Zealand,Bowler,2011 - 2024,IPL 2019,DC,5.0,3,2,7,6,7.00,4,175.00,0,0,0,1,2.0,0.0,5,8.57,114,2/27,2/27,32.60,22.8,0,0,0,"February 09, 2013","June 17, 2024","July 11, 2012","November 15, 2023",True
2020,1175458,Akash Singh,Rajasthan Royals,2000000.0,0.2,2019,,,,,,,,,,,,,,,,,,,,,,,,,,,,,,,,,,,,,False
2020,459508,Andrew Tye,Rajasthan Royals,10000000.0,1.0,2019,Andrew James Tye,"December 12, 1986, Perth, Western Australia",39y 204d,Australia,Bowler,2016 - 2021,IPL 2019,PBKS,6.0,1,1,0,0*,-,2,0.00,0,0,0,0,2.0,0.0,3,10.59,132,1/37,1/37,77.66,44.0,0,0,0,"January 29, 2016","August 07, 2021","January 14, 2018","June 19, 2018",True
2020,420644,Aniruddha Joshi,Rajasthan Royals,2000000.0,0.2,2019,,,,,,,,,,,,,,,,,,,,,,,,,,,,,,,,,,,,,False
2020,591650,Ankit Rajpoot,Rajasthan Royals,30000000.0,3.0,2019,Ankit Singh Rajpoot,"December 04, 1993, Kanpur",32y 207d,India,Bowler,-,IPL 2019,PBKS,4.0,-,-,-,-,-,-,-,-,-,-,-,1.0,0.0,3,9.50,96,2/33,2/33,50.66,32.0,0,0,0,,,,,True
2020,1123073,Anuj Rawat,Rajasthan Royals,8000000.0,0.8,2019,,,,,,,,,,,,,,,,,,,,,,,,,,,,,,,,,,,,,False
2020,311158,Ben Stokes,Rajasthan Royals,125000000.0,12.5,2019,Benjamin Andrew Stokes,"June 04, 1991, Christchurch, Canterbury, New Zealand",35y 25d,England,Allrounder,2011 - 2026,IPL 2019,RR,9.0,9,3,123,46,20.50,99,124.24,0,0,8,4,3.0,0.0,6,11.22,101,2/39,2/39,31.50,16.8,0,0,0,"September 23, 2011","November 13, 2022","August 25, 2011","November 11, 2023",True
2020,321777,David Miller,Rajasthan Royals,7500000.0,0.75,2019,David Andrew Miller,"June 10, 1989, Pietermaritzburg, Natal",37y 24d,South Africa,Middle order Batter,2010 - 2026,IPL 2019,PBKS,10.0,10,2,213,59*,26.62,164,129.87,0,1,19,7,7.0,0.0,-,-,-,-,-,-,-,-,-,-,"May 20, 2010","March 04, 2026","May 22, 2010","March 05, 2025",True
2020,390484,Jaydev Unadkat,Rajasthan Royals,30000000.0,3.0,2019,Jaydev Dipakbhai Unadkat,"October 18, 1991, Porbandar",34y 259d,India,Bowler,2010 - 2023,IPL 2019,RR,11.0,4,3,1,1,1.00,3,33.33,0,0,0,0,3.0,0.0,10,10.66,224,2/26,2/26,39.80,22.4,0,0,0,"June 18, 2016","March 18, 2018","July 24, 2013","August 01, 2023",True
2020,669855,Jofra Archer,Rajasthan Royals,72000000.0,7.2,2019,Jofra Chioke Archer,"April 01, 1995, Bridgetown, Barbados",31y 96d,England,Bowler,2019 - 2026,IPL 2019,RR,11.0,5,3,67,27*,33.50,40,167.50,0,0,4,4,3.0,0.0,11,6.76,258,3/15,3/15,26.45,23.4,0,0,0,"May 05, 2019","July 04, 2026","May 03, 2019","November 01, 2025",True
2020,308967,Jos Buttler,Rajasthan Royals,44000000.0,4.4,2019,Joseph Charles Buttler,"September 08, 1990, Taunton, Somerset",35y 299d,England,Wicketkeeper Batter,2011 - 2026,IPL 2019,RR,8.0,8,0,311,89,38.87,205,151.70,0,3,38,14,8.0,0.0,-,-,-,-,-,-,-,-,-,-,"August 31, 2011","July 01, 2026","February 21, 2012","January 27, 2026",True
2020,1122918,Kartik Tyagi,Rajasthan Royals,13000000.0,1.3,2019,,,,,,,,,,,,,,,,,,,,,,,,,,,,,,,,,,,,,False
2020,853265,Mahipal Lomror,Rajasthan Royals,2000000.0,0.2,2019,Mahipal Krishan Lomror,"November 16, 1999, Nagaur, Rajasthan",26y 233d,India,Allrounder,-,IPL 2019,RR,2.0,1,0,8,8,8.00,3,266.66,0,0,2,0,1.0,0.0,-,-,-,-,-,-,-,-,-,-,,,,,True
2020,532856,Manan Vohra,Rajasthan Royals,2000000.0,0.2,2019,,,,,,,,,,,,,,,,,,,,,,,,,,,,,,,,,,,,,False
2020,1081442,Mayank Markande,Rajasthan Royals,20000000.0,2.0,2019,Mayank Markande,"November 11, 1997, Bathinda, Punjab",28y 238d,India,Bowler,2019 - 2019,IPL 2019,MI,3.0,2,1,6,6,6.00,5,120.00,0,0,1,0,0.0,0.0,1,9.83,36,1/23,1/23,59.00,36.0,0,0,0,"February 24, 2019","Andhra vs Punjab  at Visakhapatnam - November 01 - 04, 2018",,,True
2020,914567,Oshane Thomas,Rajasthan Royals,5000000.0,0.5,2019,Oshane Romaine Thomas,"February 18, 1997",29y 139d,West Indies,Bowler,2018 - 2024,IPL 2019,RR,4.0,-,-,-,-,-,-,-,-,-,-,-,1.0,0.0,5,7.90,60,2/6,2/6,15.80,12.0,0,0,0,"November 04, 2018","December 21, 2023","October 21, 2018","February 06, 2024",True
2020,423838,Rahul Tewatia,Rajasthan Royals,30000000.0,3.0,2019,Rahul Tewatia,"May 20, 1993, Sihi, Haryana",33y 45d,India,Bowling Allrounder,-,IPL 2019,DC,5.0,4,3,26,11*,26.00,22,118.18,0,0,2,1,6.0,0.0,2,6.63,38,1/10,1/10,21.00,19.0,0,0,0,,,,,True
2020,1079434,Riyan Parag,Rajasthan Royals,2000000.0,0.2,2019,Riyan Parag,"November 10, 2001, Guwahati, Assam",24y 239d,India,Top order Batter,2024 - 2024,IPL 2019,RR,7.0,5,0,160,50,32.00,126,126.98,0,1,17,5,5.0,0.0,2,8.64,84,1/10,1/10,60.50,42.0,0,0,0,"July 06, 2024","October 12, 2024","August 07, 2024","July 06, 2024",True
2020,35582,Robin Uthappa,Rajasthan Royals,30000000.0,3.0,2019,Robin Venu Uthappa,"November 11, 1985, Coorg, Karnataka",40y 230d,India,Batter,2006 - 2015,IPL 2019,KKR,12.0,11,2,282,67*,31.33,245,115.10,0,1,28,10,4.0,0.0,-,-,-,-,-,-,-,-,-,-,"September 13, 2007","July 19, 2015","April 15, 2006","July 14, 2015",True
2020,425943,Sanju Samson,Rajasthan Royals,80000000.0,8.0,2019,Sanju Viswanath Samson,"November 11, 1994, Pulluvila, Vizhinjam, Trivandrum",31y 230d,India,Wicketkeeper Batter,2014 - 2026,IPL 2019,RR,12.0,12,2,342,102*,34.20,230,148.69,1,0,28,13,4.0,1.0,-,-,-,-,-,-,-,-,-,-,"July 19, 2015","June 28, 2026","July 23, 2021","December 21, 2023",True
2020,377534,Shashank Singh,Rajasthan Royals,3000000.0,0.3,2019,,,,,,,,,,,,,,,,,,,,,,,,,,,,,,,,,,,,,False
2020,344580,Shreyas Gopal,Rajasthan Royals,2000000.0,0.2,2019,Shreyas Gopal,"September 04, 1993, Banglaore, Karnataka",32y 305d,India,Bowler,-,IPL 2019,RR,14.0,7,3,63,19*,15.75,46,136.95,0,0,8,1,5.0,0.0,20,7.22,288,3/12,3/12,17.35,14.4,0,0,0,,,,,True
2020,267192,Steven Smith,Rajasthan Royals,125000000.0,12.5,2019,Steven Peter Devereux Smith,"June 02, 1989, Sydney, New South Wales",37y 32d,Australia,Top order Batter,2010 - 2026,IPL 2019,RR,12.0,10,2,319,73*,39.87,275,115.99,0,3,30,4,3.0,0.0,-,-,-,-,-,-,-,-,-,-,"February 05, 2010","February 25, 2024","February 19, 2010","March 04, 2025",True
2020,550235,Tom Curran,Rajasthan Royals,10000000.0,1.0,2019,,,,,,,,,,,,,,,,,,,,,,,,,,,,,,,,,,,,,False
2020,360911,Varun Aaron,Rajasthan Royals,24000000.0,2.4,2019,Varun Raymond Aaron,"October 29, 1989, Singhbhum, Bihar (now Jharkhand)",36y 249d,India,Bowler,2011 - 2015,IPL 2019,RR,5.0,1,1,3,3*,-,7,42.85,0,0,0,0,1.0,0.0,4,9.66,72,2/20,2/20,29.00,18.0,0,0,0,,,"October 23, 2011","November 02, 2014",True
2020,1151278,Yashasvi Jaiswal,Rajasthan Royals,24000000.0,2.4,2019,,,,,,,,,,,,,,,,,,,,,,,,,,,,,,,,,,,,,False
2020,44936,AB de Villiers,Royal Challengers Bangalore,110000000.0,11.0,2019,Abraham Benjamin de Villiers,"February 17, 1984, Pretoria",42y 140d,South Africa,Wicketkeeper Batter,2004 - 2018,IPL 2019,RCB,13.0,13,3,442,82*,44.20,287,154.00,0,5,31,26,6.0,0.0,-,-,-,-,-,-,-,-,-,-,"February 24, 2006","October 29, 2017","February 02, 2005","February 16, 2018",True
2020,5334,Aaron Finch,Royal Challengers Bangalore,44000000.0,4.4,2019,,,,,,,,,,,,,,,,,,,,,,,,,,,,,,,,,,,,,False
2020,439952,Chris Morris,Royal Challengers Bangalore,100000000.0,10.0,2019,Christopher Henry Morris,"April 30, 1987, Pretoria, Transvaal",39y 60d,South Africa,Bowling Allrounder,2012 - 2019,IPL 2019,DC,9.0,6,0,32,17,5.33,37,86.48,0,0,1,2,4.0,0.0,13,9.27,198,3/22,3/22,23.53,15.2,0,0,0,"December 21, 2012","March 24, 2019","June 10, 2013","July 06, 2019",True
2020,47492,Dale Steyn,Royal Challengers Bangalore,20000000.0,2.0,2019,Dale Willem Steyn,"June 27, 1983, Phalaborwa",43y 7d,South Africa,Bowler,2004 - 2020,IPL 2019,RCB,2.0,1,1,0,0*,-,0,-,0,0,0,0,0.0,0.0,4,8.62,48,2/29,2/29,17.25,12.0,0,0,0,"November 23, 2007","February 21, 2020","August 17, 2005","March 13, 2019",True
2020,1119026,Devdutt Padikkal,Royal Challengers Bangalore,2000000.0,0.2,2019,,,,,,,,,,,,,,,,,,,,,,,,,,,,,,,,,,,,,False
2020,537124,Gurkeerat Singh Mann,Royal Challengers Bangalore,5000000.0,0.5,2019,Gurkeerat Rupinder Singh,"June 29, 1990, Muktsar, Punjab",36y 6d,India,Middle order Batter,2016 - 2016,IPL 2019,RCB,3.0,3,0,98,65,32.66,70,140.00,0,1,11,2,1.0,0.0,-,-,-,-,-,-,-,-,-,-,,,"January 17, 2016","January 23, 2016",True
2020,328026,Isuru Udana,Royal Challengers Bangalore,5000000.0,0.5,2019,,,,,,,,,,,,,,,,,,,,,,,,,,,,,,,,,,,,,False
2020,1124282,Joshua Philippe,Royal Challengers Bangalore,2000000.0,0.2,2019,,,,,,,,,,,,,,,,,,,,,,,,,,,,,,,,,,,,,False
2020,272262,Kane Richardson,Royal Challengers Bangalore,40000000.0,4.0,2019,,,,,,,,,,,,,,,,,,,,,,,,,,,,,,,,,,,,,False
2020,8917,Moeen Ali,Royal Challengers Bangalore,17000000.0,1.7,2019,Moeen Munir Ali,"June 18, 1987, Birmingham",39y 11d,England,Batting Allrounder,2014 - 2024,IPL 2019,RCB,11.0,10,2,220,66,27.50,133,165.41,0,2,16,17,1.0,0.0,6,6.76,150,2/18,2/18,28.16,25.0,0,0,0,"March 11, 2014","June 27, 2024","February 28, 2014","November 11, 2023",True
2020,940973,Mohammed Siraj,Royal Challengers Bangalore,26000000.0,2.6,2019,Mohammed Siraj,"March 13, 1994, Hyderabad",32y 113d,India,Bowler,2017 - 2026,IPL 2019,RCB,9.0,4,3,4,3*,4.00,14,28.57,0,0,0,0,2.0,0.0,7,9.55,169,2/38,2/38,38.42,24.1,0,0,0,"November 04, 2017","February 07, 2026","January 15, 2019","January 18, 2026",True
2020,700167,Navdeep Saini,Royal Challengers Bangalore,30000000.0,3.0,2019,Navdeep Amarjeet Saini,"November 23, 1992, Karnal, Haryana",33y 224d,India,Bowler,2019 - 2021,IPL 2019,RCB,13.0,2,1,2,2,2.00,4,50.00,0,0,0,0,3.0,0.0,11,8.27,288,2/24,2/24,36.09,26.1,0,0,0,"August 03, 2019","July 28, 2021","December 22, 2019","July 23, 2021",True
2020,32242,Parthiv Patel,Royal Challengers Bangalore,17000000.0,1.7,2019,Parthiv Ajay Patel,"March 09, 1985, Ahmedabad, Gujarat",41y 112d,India,Wicketkeeper Batter,2002 - 2018,IPL 2019,RCB,14.0,14,0,373,67,26.64,268,139.17,0,2,48,10,6.0,2.0,-,-,-,-,-,-,-,-,-,-,"June 04, 2011","August 31, 2011","January 04, 2003","February 21, 2012",True
2020,422104,Pavan Deshpande,Royal Challengers Bangalore,2000000.0,0.2,2019,,,,,,,,,,,,,,,,,,,,,,,,,,,,,,,,,,,,,False
2020,530773,Pawan Negi,Royal Challengers Bangalore,10000000.0,1.0,2019,Pawan Negi,"January 06, 1993, Delhi",33y 174d,India,Bowler,2016 - 2016,IPL 2019,RCB,7.0,4,0,9,5,2.25,12,75.00,0,0,1,0,3.0,0.0,3,9.13,67,2/21,2/21,34.00,22.3,0,0,0,"March 03, 2016","Delhi vs Haryana  at Delhi - November 03 - 06, 2011",,,True
2020,1159711,Shahbaz Ahamad,Royal Challengers Bangalore,2000000.0,0.2,2019,,,,,,,,,,,,,,,,,,,,,,,,,,,,,,,,,,,,,False
2020,714451,Shivam Dube,Royal Challengers Bangalore,50000000.0,5.0,2019,Shivam Dube,"June 26, 1993, Mumbai",33y 3d,India,Allrounder,2019 - 2026,IPL 2019,RCB,4.0,4,1,40,24,13.33,33,121.21,0,0,1,3,1.0,0.0,0,4.80,10,-,-,-,-,0,0,0,"November 03, 2019","June 28, 2026","December 15, 2019","August 07, 2024",True
2020,376116,Umesh Yadav,Royal Challengers Bangalore,42000000.0,4.2,2019,Umeshkumar Tilak Yadav,"October 25, 1987, Nagpur, Maharashtra",38y 252d,India,Bowler,2010 - 2023,IPL 2019,RCB,11.0,7,5,25,14,12.50,25,100.00,0,0,3,1,4.0,0.0,8,9.80,227,3/36,3/36,46.37,28.3,0,0,0,"August 07, 2012","October 04, 2022","May 28, 2010","October 24, 2018",True
2020,253802,Virat Kohli,Royal Challengers Bangalore,170000000.0,17.0,2019,Virat Kohli,"November 05, 1988, Delhi",37y 244d,India,Top order Batter,2008 - 2026,IPL 2019,RCB,14.0,14,0,464,100,33.14,328,141.46,1,2,46,13,5.0,0.0,-,-,-,-,-,-,-,-,-,-,"June 12, 2010","June 29, 2024","August 18, 2008","January 18, 2026",True
2020,719715,Washington Sundar,Royal Challengers Bangalore,32000000.0,3.2,2019,Washington Sundar,"October 05, 1999, Chennai, Tamil Nadu",26y 272d,India,Bowling Allrounder,2017 - 2026,IPL 2019,RCB,3.0,2,0,1,1,0.50,3,33.33,0,0,0,0,2.0,0.0,4,8.22,54,3/24,3/24,18.50,13.5,0,0,0,"December 24, 2017","June 26, 2026","December 13, 2017","June 20, 2026",True
2020,430246,Yuzvendra Chahal,Royal Challengers Bangalore,60000000.0,6.0,2019,Yuzvendra Singh Chahal,"July 23, 1990, Jind, Haryana",35y 348d,India,Bowler,2016 - 2024,IPL 2019,RCB,14.0,3,1,6,4,3.00,16,37.50,0,0,0,0,3.0,0.0,18,7.82,296,4/38,4/38,21.44,16.4,1,0,0,"June 18, 2016","August 13, 2023","June 11, 2016","January 24, 2023",True
2020,1175485,Abdul Samad,Sunrisers Hyderabad,2000000.0,0.2,2019,,,,,,,,,,,,,,,,,,,,,,,,,,,,,,,,,,,,,False
2020,1070183,Abhishek Sharma,Sunrisers Hyderabad,5500000.0,0.55,2019,Abhishek Sharma,"September 04, 2000, Amritsar, Punjab",25y 306d,India,Batting Allrounder,2024 - 2026,IPL 2019,SRH,3.0,3,1,9,5*,4.50,9,100.00,0,0,1,0,1.0,0.0,1,10.50,12,1/10,1/10,21.00,12.0,0,0,0,"July 06, 2024","July 04, 2026",,,True
2020,732291,Basil Thampi,Sunrisers Hyderabad,9500000.0,0.95,2019,Basil Thampi,"September 11, 1993, Ernakulam, Kerala",32y 296d,India,Bowler,-,IPL 2019,SRH,3.0,1,1,1,1*,-,1,100.00,0,0,0,0,0.0,0.0,0,9.16,72,-,-,-,-,0,0,0,,,,,True
2020,427484,Bavanaka Sandeep,Sunrisers Hyderabad,2000000.0,0.2,2019,,,,,,,,,,,,,,,,,,,,,,,,,,,,,,,,,,,,,False
2020,326016,Bhuvneshwar Kumar,Sunrisers Hyderabad,85000000.0,8.5,2019,Bhuvneshwar Kumar Singh,"February 05, 1990, Meerut, Uttar Pradesh",36y 150d,India,Bowler,2012 - 2022,IPL 2019,SRH,15.0,5,2,12,7*,4.00,19,63.15,0,0,1,0,4.0,0.0,13,7.81,354,2/24,2/24,35.46,27.2,0,0,0,"December 25, 2012","November 22, 2022","December 30, 2012","January 21, 2022",True
2020,533042,Billy Stanlake,Sunrisers Hyderabad,5000000.0,0.5,2019,,,,,,,,,,,,,,,,,,,,,,,,,,,,,,,,,,,,,False
2020,219889,David Warner,Sunrisers Hyderabad,125000000.0,12.5,2019,David Andrew Warner,"October 27, 1986, Paddington, New South Wales",39y 250d,Australia,Opening Batter,2009 - 2024,IPL 2019,SRH,12.0,12,2,692,100*,69.20,481,143.86,1,8,57,21,2.0,0.0,-,-,-,-,-,-,-,-,-,-,"January 11, 2009","June 24, 2024","January 18, 2009","November 19, 2023",True
2020,670013,Fabian Allen,Sunrisers Hyderabad,5000000.0,0.5,2019,,,,,,,,,,,,,,,,,,,,,,,,,,,,,,,,,,,,,False
2020,297433,Jonny Bairstow,Sunrisers Hyderabad,22000000.0,2.2,2019,Jonathan Marc Bairstow,"September 26, 1989, Bradford, Yorkshire",36y 283d,England,Wicketkeeper Batter,2011 - 2024,IPL 2019,SRH,10.0,10,2,445,114,55.62,283,157.24,1,2,48,18,9.0,2.0,-,-,-,-,-,-,-,-,-,-,"September 23, 2011","June 27, 2024","September 16, 2011","November 11, 2023",True
2020,277906,Kane Williamson,Sunrisers Hyderabad,30000000.0,3.0,2019,Kane Stuart Williamson,"August 08, 1990, Tauranga",35y 330d,New Zealand,Top order Batter,2010 - 2026,IPL 2019,SRH,9.0,9,2,156,70*,22.28,130,120.00,0,1,12,5,2.0,0.0,-,-,-,-,-,-,-,-,-,-,"October 15, 2011","June 17, 2024","August 10, 2010","October 29, 2025",True
2020,942645,Khaleel Ahmed,Sunrisers Hyderabad,30000000.0,3.0,2019,Khaleel Khursheed Ahmed,"December 05, 1997, Tonk, Rajasthan",28y 214d,India,Bowler,2018 - 2024,IPL 2019,SRH,9.0,1,0,0,0,0.00,1,0.00,0,0,0,0,0.0,0.0,19,8.23,209,3/30,3/30,15.10,11.0,0,0,0,"November 04, 2018","July 30, 2024","September 18, 2018","August 14, 2019",True
2020,290630,Manish Pandey,Sunrisers Hyderabad,110000000.0,11.0,2019,Manish Krishnanand Pandey,"September 10, 1989, Nainital, Uttaranchal",36y 297d,India,Top order Batter,2015 - 2021,IPL 2019,SRH,12.0,11,3,344,83*,43.00,263,130.79,0,3,34,6,7.0,0.0,-,-,-,-,-,-,-,-,-,-,"July 17, 2015","December 04, 2020","July 14, 2015","July 23, 2021",True
2020,272450,Mitchell Marsh,Sunrisers Hyderabad,20000000.0,2.0,2019,,,,,,,,,,,,,,,,,,,,,,,,,,,,,,,,,,,,,False
2020,25913,Mohammad Nabi,Sunrisers Hyderabad,10000000.0,1.0,2019,Mohammad Nabi,"January 01, 1985, Loger, Afghanistan",41y 187d,Afghanistan,Allrounder,2009 - 2026,IPL 2019,SRH,8.0,7,1,115,31,19.16,76,151.31,0,0,8,7,6.0,0.0,8,6.65,175,4/11,4/11,24.25,21.8,1,0,0,"February 01, 2010","February 19, 2026","April 19, 2009","June 20, 2026",True
2020,1070180,Priyam Garg,Sunrisers Hyderabad,19000000.0,1.9,2019,,,,,,,,,,,,,,,,,,,,,,,,,,,,,,,,,,,,,False
2020,793463,Rashid Khan,Sunrisers Hyderabad,90000000.0,9.0,2019,Rashid Khan Arman,"September 20, 1998, Nangarhar",27y 287d,Afghanistan,Bowling Allrounder,2015 - 2026,IPL 2019,SRH,15.0,8,3,34,17*,6.80,23,147.82,0,0,2,2,4.0,0.0,17,6.28,360,3/21,3/21,22.17,21.1,0,0,0,"October 26, 2015","February 19, 2026","October 18, 2015","June 20, 2026",True
2020,438362,Sandeep Sharma,Sunrisers Hyderabad,30000000.0,3.0,2019,Sandeep Sharma,"May 18, 1993, Patiala, Punjab",33y 48d,India,Bowler,2015 - 2015,IPL 2019,SRH,11.0,2,2,6,5*,-,3,200.00,0,0,1,0,1.0,0.0,12,8.25,256,3/19,3/19,29.33,21.3,0,0,0,"July 17, 2015","July 19, 2015",,,True
2020,1048841,Sanjay Yadav,Sunrisers Hyderabad,2000000.0,0.2,2019,,,,,,,,,,,,,,,,,,,,,,,,,,,,,,,,,,,,,False
2020,31872,Shahbaz Nadeem,Sunrisers Hyderabad,32000000.0,3.2,2019,Shahbaz Nadeem,"August 12, 1989, Bokaro, Bihar",36y 326d,India,Bowler,2019 - 2021,IPL 2019,SRH,3.0,-,-,-,-,-,-,-,-,-,-,-,0.0,0.0,2,10.00,54,1/24,1/24,45.00,27.0,0,0,0,,,,,True
2020,302579,Shreevats Goswami,Sunrisers Hyderabad,10000000.0,1.0,2019,,,,,,,,,,,,,,,,,,,,,,,,,,,,,,,,,,,,,False
2020,326017,Siddarth Kaul,Sunrisers Hyderabad,38000000.0,3.8,2019,Siddarth Kaul,"May 19, 1990, Pathankot, Punjab",36y 49d,India,Bowler,2018 - 2019,IPL 2019,SRH,7.0,2,1,0,0*,0.00,1,0.00,0,0,0,0,1.0,0.0,6,8.96,162,2/34,2/34,40.33,27.0,0,0,0,"June 29, 2018","February 27, 2019","July 12, 2018","September 25, 2018",True
2020,802575,T Natarajan,Sunrisers Hyderabad,4000000.0,0.4,2019,,,,,,,,,,,,,,,,,,,,,,,,,,,,,,,,,,,,,False
2020,477021,Vijay Shankar,Sunrisers Hyderabad,32000000.0,3.2,2019,Vijay Shankar,"January 26, 1991, Tirunelveli, Tamil Nadu",35y 154d,India,Allrounder,2018 - 2019,IPL 2019,SRH,15.0,14,2,244,40*,20.33,193,126.42,0,0,11,12,10.0,0.0,1,8.75,48,1/11,1/11,70.00,48.0,0,0,0,"March 06, 2018","February 27, 2019","January 18, 2019","June 27, 2019",True
2020,720465,Virat Singh,Sunrisers Hyderabad,19000000.0,1.9,2019,,,,,,,,,,,,,,,,,,,,,,,,,,,,,,,,,,,,,False
2020,279810,Wriddhiman Saha,Sunrisers Hyderabad,12000000.0,1.2,2019,Wriddhiman Prasanta Saha,"October 24, 1984, Shaktigarh, Siliguri, Bengal, India",41y 248d,India,Wicketkeeper Batter,2010 - 2021,IPL 2019,SRH,5.0,5,0,86,28,17.20,53,162.26,0,0,13,1,3.0,1.0,-,-,-,-,-,-,-,-,-,-,,,"November 28, 2010","November 09, 2014",True
2021,33141,Ambati Rayudu,Chennai Super Kings,22000000.0,2.2,2020,Ambati Thirupathi Rayudu,"September 23, 1985, Guntur, Andhra Pradesh",40y 279d,India,Middle order Batter,2013 - 2019,IPL 2020/21,CSK,12.0,11,2,359,71,39.88,282,127.30,0,1,30,12,3.0,0.0,-,-,-,-,-,-,-,-,-,-,"September 07, 2014","June 22, 2016","July 24, 2013","March 08, 2019",True
2021,1048847,C Hari Nishanth,Chennai Super Kings,2000000.0,0.2,2020,,,,,,,,,,,,,,,,,,,,,,,,,,,,,,,,,,,,,False
2021,32540,Cheteshwar Pujara,Chennai Super Kings,5000000.0,0.5,2020,,,,,,,,,,,,,,,,,,,,,,,,,,,,,,,,,,,,,False
2021,447261,Deepak Chahar,Chennai Super Kings,8000000.0,0.8,2020,Deepak Lokandersingh Chahar,"August 07, 1992, Agra, Uttar Pradesh",33y 326d,India,Bowler,2018 - 2023,IPL 2020/21,CSK,14.0,3,2,7,5*,7.00,12,58.33,0,0,0,0,3.0,0.0,12,7.61,312,2/18,2/18,33.00,26.0,0,0,0,"July 08, 2018","December 01, 2023","September 25, 2018","December 07, 2022",True
2021,51439,Dwayne Bravo,Chennai Super Kings,64000000.0,6.4,2020,Dwayne John Bravo,"October 07, 1983, Santa Cruz, Trinidad",42y 265d,West Indies,Allrounder,2004 - 2021,IPL 2020/21,CSK,6.0,2,0,7,7,3.50,6,116.66,0,0,0,0,1.0,0.0,6,8.57,126,3/37,3/37,30.00,21.0,0,0,0,"February 16, 2006","November 06, 2021","April 18, 2004","October 17, 2014",True
2021,44828,Faf du Plessis,Chennai Super Kings,16000000.0,1.6,2020,Francois du Plessis,"July 13, 1984, Pretoria",41y 351d,South Africa,Middle order Batter,2011 - 2021,IPL 2020/21,CSK,13.0,13,2,449,87*,40.81,319,140.75,0,4,42,14,12.0,0.0,-,-,-,-,-,-,-,-,-,-,"September 08, 2012","December 01, 2020","January 18, 2011","July 06, 2019",True
2021,1131755,Harishankar Reddy,Chennai Super Kings,2000000.0,0.2,2020,,,,,,,,,,,,,,,,,,,,,,,,,,,,,,,,,,,,,False
2021,40618,Imran Tahir,Chennai Super Kings,10000000.0,1.0,2020,Mohammad Imran Tahir,"March 27, 1979, Lahore, Punjab",47y 94d,South Africa,Bowler,2011 - 2019,IPL 2020/21,CSK,3.0,1,1,13,13*,-,10,130.00,0,0,2,0,0.0,0.0,1,6.90,66,1/24,1/24,76.00,66.0,0,0,0,"August 02, 2013","March 19, 2019","February 24, 2011","July 06, 2019",True
2021,288284,Josh Hazlewood,Chennai Super Kings,20000000.0,2.0,2020,Josh Reginald Hazlewood,"January 08, 1991, Tamworth, New South Wales",35y 172d,Australia,Bowler,2010 - 2025,IPL 2020/21,CSK,3.0,-,-,-,-,-,-,-,-,-,-,-,0.0,0.0,1,6.40,60,1/19,1/19,64.00,60.0,0,0,0,"February 13, 2013","October 31, 2025","June 22, 2010","October 25, 2025",True
2021,1252050,K Bhagath Varma,Chennai Super Kings,2000000.0,0.2,2020,,,,,,,,,,,,,,,,,,,,,,,,,,,,,,,,,,,,,False
2021,424377,K Gowtham,Chennai Super Kings,92500000.0,9.25,2020,Krishnappa Gowtham,"October 20, 1988, Bangalore, Karnataka",37y 258d,India,Bowling Allrounder,2021 - 2021,IPL 2020/21,PBKS,2.0,2,1,42,22*,42.00,27,155.55,0,0,3,2,0.0,0.0,1,10.50,48,1/45,1/45,84.00,48.0,0,0,0,,,"July 23, 2021","UP vs Karnataka  at Meerut - November 17 - 20, 2012",True
2021,1083030,KM Asif,Chennai Super Kings,4000000.0,0.4,2020,,,,,,,,,,,,,,,,,,,,,,,,,,,,,,,,,,,,,False
2021,30288,Karn Sharma,Chennai Super Kings,50000000.0,5.0,2020,Karn Vinod Sharma,"October 23, 1987, Meerut, Uttar Pradesh",38y 249d,India,Bowler,2014 - 2014,IPL 2020/21,CSK,5.0,-,-,-,-,-,-,-,-,-,-,-,0.0,0.0,5,8.68,114,2/25,2/25,33.00,22.8,0,0,0,"Australia vs India  at Adelaide - December 09 - 13, 2014","November 13, 2014","November 13, 2014","November 16, 2014",True
2021,542023,Lungi Ngidi,Chennai Super Kings,5000000.0,0.5,2020,Lungisani True-man Ngidi,"March 29, 1996, Durban, Natal",30y 92d,South Africa,Bowler,2017 - 2026,IPL 2020/21,CSK,4.0,-,-,-,-,-,-,-,-,-,-,-,0.0,0.0,9,10.43,96,3/38,3/38,18.55,10.6,0,0,0,"January 20, 2017","March 04, 2026","February 07, 2018","December 06, 2025",True
2021,28081,MS Dhoni,Chennai Super Kings,150000000.0,15.0,2020,Mahendra Singh Dhoni,"July 07, 1981, Ranchi, Bihar (now Jharkhand)",44y 357d,India,Wicketkeeper Batter,2004 - 2019,IPL 2020/21,CSK,14.0,12,4,200,47*,25.00,172,116.27,0,0,16,7,15.0,1.0,-,-,-,-,-,-,-,-,-,-,"December 01, 2006","February 27, 2019","December 23, 2004","India
                              vs New Zealand at Manchester - July 09 - 10, 2019",True
2021,502714,Mitchell Santner,Chennai Super Kings,5000000.0,0.5,2020,Mitchell Josef Santner,"February 05, 1992, Hamilton",34y 144d,New Zealand,Bowling Allrounder,2015 - 2026,IPL 2020/21,CSK,2.0,-,-,-,-,-,-,-,-,-,-,-,1.0,0.0,2,7.57,42,1/23,1/23,26.50,21.0,0,0,0,"June 23, 2015","March 20, 2026","June 09, 2015","November 22, 2025",True
2021,8917,Moeen Ali,Chennai Super Kings,70000000.0,7.0,2020,Moeen Munir Ali,"June 18, 1987, Birmingham",39y 11d,England,Batting Allrounder,2014 - 2024,IPL 2020/21,RCB,3.0,3,0,12,11,4.00,16,75.00,0,0,1,0,1.0,0.0,1,8.40,30,1/21,1/21,42.00,30.0,0,0,0,"March 11, 2014","June 27, 2024","February 28, 2014","November 11, 2023",True
2021,1048813,Narayan Jagadeesan,Chennai Super Kings,2000000.0,0.2,2020,Narayan Jagadeesan,"December 24, 1995, Coimbatore, Tamil Nadu",30y 187d,India,Wicketkeeper Batter,-,IPL 2020/21,CSK,5.0,2,0,33,33,16.50,29,113.79,0,0,4,0,0.0,0.0,-,-,-,-,-,-,-,-,-,-,,,,,True
2021,1048739,R Sai Kishore,Chennai Super Kings,2000000.0,0.2,2020,,,,,,,,,,,,,,,,,,,,,,,,,,,,,,,,,,,,,False
2021,234675,Ravindra Jadeja,Chennai Super Kings,70000000.0,7.0,2020,Ravindrasinh Anirudhsinh Jadeja,"December 06, 1988, Navagam-Khed, Saurashtra",37y 205d,India,Allrounder,2009 - 2026,IPL 2020/21,CSK,14.0,11,6,232,50,46.40,135,171.85,0,1,22,11,5.0,0.0,6,8.75,218,2/42,2/42,53.00,36.3,0,0,0,"February 10, 2009","June 29, 2024","February 08, 2009","January 18, 2026",True
2021,35582,Robin Uthappa,Chennai Super Kings,30000000.0,3.0,2020,Robin Venu Uthappa,"November 11, 1985, Coorg, Karnataka",40y 230d,India,Batter,2006 - 2015,IPL 2020/21,RR,12.0,12,0,196,41,16.33,164,119.51,0,0,19,7,3.0,0.0,-,-,-,-,-,-,-,-,-,-,"September 13, 2007","July 19, 2015","April 15, 2006","July 14, 2015",True
2021,1060380,Ruturaj Gaikwad,Chennai Super Kings,2000000.0,0.2,2020,Ruturaj Dashrat Gaikwad,"January 31, 1997, Pune, Maharashtra",29y 149d,India,Batter,2021 - 2025,IPL 2020/21,CSK,6.0,6,2,204,72,51.00,169,120.71,0,3,16,6,4.0,0.0,-,-,-,-,-,-,-,-,-,-,"July 28, 2021","July 13, 2024","October 06, 2022","December 06, 2025",True
2021,662973,Sam Curran,Chennai Super Kings,55000000.0,5.5,2020,Samuel Matthew Curran,"June 03, 1998, Northampton",28y 26d,England,Allrounder,2018 - 2026,IPL 2020/21,CSK,14.0,11,3,186,52,23.25,141,131.91,0,1,12,12,7.0,0.0,13,8.19,252,3/19,3/19,26.46,19.3,0,0,0,"November 01, 2019","March 05, 2026","June 24, 2018","January 27, 2026",True
2021,475281,Shardul Thakur,Chennai Super Kings,26000000.0,2.6,2020,Shardul Narendra Thakur,"October 16, 1991, Palghar, Maharashtra",34y 256d,India,Bowling Allrounder,2017 - 2025,IPL 2020/21,CSK,9.0,2,1,12,11,12.00,21,57.14,0,0,0,0,2.0,0.0,10,8.50,194,2/28,2/28,27.50,19.4,0,0,0,"February 21, 2018","February 20, 2022","August 31, 2017","October 19, 2023",True
2021,33335,Suresh Raina,Chennai Super Kings,110000000.0,11.0,2020,,,,,,,,,,,,,,,,,,,,,,,,,,,,,,,,,,,,,False
2021,277916,Ajinkya Rahane,Delhi Capitals,52500000.0,5.25,2020,Ajinkya Madhukar Rahane,"June 06, 1988, Ashwi-KD, Maharashtra",38y 23d,India,Top order Batter,2011 - 2023,IPL 2020/21,DC,9.0,8,0,113,60,14.12,107,105.60,0,1,12,2,4.0,0.0,-,-,-,-,-,-,-,-,-,-,"August 31, 2011","August 28, 2016","September 03, 2011","February 16, 2018",True
2021,31107,Amit Mishra,Delhi Capitals,40000000.0,4.0,2020,Amit Mishra,"November 24, 1982, Delhi",43y 222d,India,Bowler,2003 - 2017,IPL 2020/21,DC,3.0,-,-,-,-,-,-,-,-,-,-,-,1.0,0.0,3,7.20,60,2/35,2/35,24.00,20.0,0,0,0,"June 13, 2010","February 01, 2017","April 13, 2003","October 29, 2016",True
2021,481979,Anrich Nortje,Delhi Capitals,8900000.0,0.89,2020,Anrich Arno Nortje,"November 16, 1993",32y 230d,South Africa,Bowler,2019 - 2026,IPL 2020/21,DC,16.0,5,4,7,3*,7.00,6,116.66,0,0,0,0,4.0,0.0,22,8.39,366,3/33,3/33,23.27,16.6,0,0,0,"September 18, 2019","March 01, 2026","March 03, 2019","September 09, 2023",True
2021,694211,Avesh Khan,Delhi Capitals,7000000.0,0.7,2020,Avesh Khan,"December 13, 1996, Indore, Madhya Pradesh",29y 204d,India,Bowler,2022 - 2024,IPL 2020/21,DC,1.0,-,-,-,-,-,-,-,-,-,-,-,0.0,0.0,0,10.50,24,-,-,-,-,0,0,0,"February 20, 2022","November 10, 2024","July 24, 2022","December 21, 2023",True
2021,554691,Axar Patel,Delhi Capitals,50000000.0,5.0,2020,Axar Rajeshbhai Patel,"January 20, 1994, Anand, Gujarat",32y 165d,India,Allrounder,2014 - 2026,IPL 2020/21,DC,15.0,9,1,117,42,14.62,85,137.64,0,0,6,8,6.0,0.0,9,6.41,306,2/18,2/18,36.33,34.0,0,0,0,"July 17, 2015","July 01, 2026","June 15, 2014","October 25, 2025",True
2021,247235,Chris Woakes,Delhi Capitals,15000000.0,1.5,2020,,,,,,,,,,,,,,,,,,,,,,,,,,,,,,,,,,,,,False
2021,236779,Ishant Sharma,Delhi Capitals,11000000.0,1.1,2020,Ishant Sharma,"September 02, 1988, Delhi",37y 305d,India,Bowler,2007 - 2021,IPL 2020/21,DC,1.0,-,-,-,-,-,-,-,-,-,-,-,0.0,0.0,0,8.66,18,-,-,-,-,0,0,0,"February 01, 2008","October 10, 2013","June 29, 2007","January 23, 2016",True
2021,550215,Kagiso Rabada,Delhi Capitals,42000000.0,4.2,2020,Kagiso Rabada,"May 25, 1995, Johannesburg",31y 40d,South Africa,Bowler,2014 - 2026,IPL 2020/21,DC,17.0,8,4,56,15*,14.00,49,114.28,0,0,4,2,8.0,0.0,30,8.34,394,4/24,4/24,18.26,13.1,2,0,0,"November 05, 2014","March 04, 2026","July 10, 2015","March 05, 2025",True
2021,930189,Lalit Yadav,Delhi Capitals,2000000.0,0.2,2020,,,,,,,,,,,,,,,,,,,,,,,,,,,,,,,,,,,,,False
2021,573930,Lukman Meriwala,Delhi Capitals,2000000.0,0.2,2020,,,,,,,,,,,,,,,,,,,,,,,,,,,,,,,,,,,,,False
2021,1151286,Manimaran Siddharth,Delhi Capitals,2000000.0,0.2,2020,,,,,,,,,,,,,,,,,,,,,,,,,,,,,,,,,,,,,False
2021,325012,Marcus Stoinis,Delhi Capitals,48000000.0,4.8,2020,Marcus Peter Stoinis,"August 16, 1989, Perth",36y 322d,Australia,Batting Allrounder,2015 - 2026,IPL 2020/21,DC,17.0,17,3,352,65,25.14,237,148.52,0,3,31,16,3.0,0.0,13,9.53,178,3/26,3/26,21.76,13.6,0,0,0,"August 31, 2015","February 20, 2026","September 11, 2015","November 10, 2024",True
2021,777515,Praveen Dubey,Delhi Capitals,2000000.0,0.2,2020,Praveen Dubey,"July 01, 1993, Azamgarh, Uttar Pradesh",33y 4d,India,Bowler,-,IPL 2020/21,DC,3.0,1,1,7,7*,-,13,53.84,0,0,0,0,1.0,0.0,0,9.00,48,-,-,-,-,0,0,0,,,,,True
2021,1070168,Prithvi Shaw,Delhi Capitals,12000000.0,1.2,2020,Prithvi Pankaj Shaw,"November 09, 1999, Thane, Maharashtra",26y 237d,India,Opening Batter,2018 - 2021,IPL 2020/21,DC,13.0,13,0,228,66,17.53,167,136.52,0,2,27,8,4.0,0.0,-,-,-,-,-,-,-,-,-,-,"India vs West Indies  at Rajkot - October 04 - 06, 2018","Australia vs India  at Adelaide - December 17 - 19, 2020","February 05, 2020","July 23, 2021",True
2021,26421,R Ashwin,Delhi Capitals,76000000.0,7.6,2020,Ravichandran Ashwin,"September 17, 1986, Madras (now Chennai), Tamil Nadu",39y 285d,India,Bowling Allrounder,2010 - 2024,IPL 2020/21,DC,15.0,6,3,37,14*,12.33,34,108.82,0,0,3,1,2.0,0.0,13,7.66,306,3/29,3/29,30.07,23.5,0,0,0,"June 12, 2010","November 10, 2022","June 05, 2010","October 08, 2023",True
2021,1201520,Ripal Patel,Delhi Capitals,2000000.0,0.2,2020,,,,,,,,,,,,,,,,,,,,,,,,,,,,,,,,,,,,,False
2021,931581,Rishabh Pant,Delhi Capitals,150000000.0,15.0,2020,Rishabh Rajendra Pant,"October 04, 1997, Haridwar, Uttarakhand",28y 273d,India,Wicketkeeper Batter,2017 - 2026,IPL 2020/21,DC,14.0,14,3,343,56,31.18,301,113.95,0,1,31,9,13.0,0.0,-,-,-,-,-,-,-,-,-,-,"February 01, 2017","July 28, 2024","October 21, 2018","August 07, 2024",True
2021,297628,Sam Billings,Delhi Capitals,20000000.0,2.0,2020,,,,,,,,,,,,,,,,,,,,,,,,,,,,,,,,,,,,,False
2021,28235,Shikhar Dhawan,Delhi Capitals,52000000.0,5.2,2020,Shikhar Dhawan,"December 05, 1985, Delhi",40y 213d,India,Opening Batter,2010 - 2022,IPL 2020/21,DC,17.0,17,3,618,106*,44.14,427,144.73,2,4,67,12,5.0,0.0,-,-,-,-,-,-,-,-,-,-,"June 04, 2011","July 29, 2021","October 20, 2010","December 10, 2022",True
2021,670025,Shimron Hetmyer,Delhi Capitals,77500000.0,7.75,2020,Shimron Odilon Hetmyer,"December 26, 1996, Cumberland, Berbice, Guyana",29y 193d,West Indies,Middle order Batter,2017 - 2026,IPL 2020/21,DC,12.0,11,3,185,45,23.12,125,148.00,0,0,11,12,7.0,0.0,-,-,-,-,-,-,-,-,-,-,"January 01, 2018","June 14, 2026","December 20, 2017","June 01, 2025",True
2021,642519,Shreyas Iyer,Delhi Capitals,70000000.0,7.0,2020,Shreyas Santosh Iyer,"December 06, 1994, Mumbai",31y 211d,India,Top order Batter,2017 - 2026,IPL 2020/21,DC,17.0,17,2,519,88*,34.60,421,123.27,0,3,40,16,6.0,0.0,-,-,-,-,-,-,-,-,-,-,"November 01, 2017","July 04, 2026","December 10, 2017","June 20, 2026",True
2021,267192,Steven Smith,Delhi Capitals,22000000.0,2.2,2020,Steven Peter Devereux Smith,"June 02, 1989, Sydney, New South Wales",37y 32d,Australia,Top order Batter,2010 - 2026,IPL 2020/21,RR,14.0,14,2,311,69,25.91,237,131.22,0,3,32,9,2.0,0.0,-,-,-,-,-,-,-,-,-,-,"February 05, 2010","February 25, 2024","February 19, 2010","March 04, 2025",True
2021,550235,Tom Curran,Delhi Capitals,52500000.0,5.25,2020,Thomas Kevin Curran,"March 12, 1995, Cape Town, Cape Province",31y 115d,England,Allrounder,2017 - 2021,IPL 2020/21,RR,5.0,4,3,83,54*,83.00,62,133.87,0,1,5,3,1.0,0.0,3,11.44,109,1/37,1/37,69.33,36.3,0,0,0,"June 23, 2017","July 18, 2021","September 29, 2017","July 04, 2021",True
2021,376116,Umesh Yadav,Delhi Capitals,10000000.0,1.0,2020,Umeshkumar Tilak Yadav,"October 25, 1987, Nagpur, Maharashtra",38y 252d,India,Bowler,2010 - 2023,IPL 2020/21,RCB,2.0,1,0,0,0,0.00,2,0.00,0,0,0,0,0.0,0.0,0,11.85,42,-,-,-,-,0,0,0,"August 07, 2012","October 04, 2022","May 28, 2010","October 24, 2018",True
2021,732293,Vishnu Vinod,Delhi Capitals,2000000.0,0.2,2020,,,,,,,,,,,,,,,,,,,,,,,,,,,,,,,,,,,,,False
2021,276298,Andre Russell,Kolkata Knight Riders,85000000.0,8.5,2020,Andre Dwayne Russell,"April 29, 1988, Jamaica",38y 66d,West Indies,Allrounder,2010 - 2025,IPL 2020/21,KKR,10.0,9,0,117,25,13.00,81,144.44,0,0,9,9,2.0,0.0,6,9.72,108,2/29,2/29,29.16,18.0,0,0,0,"April 21, 2011","July 22, 2025","March 11, 2011","June 17, 2019",True
2021,230371,Ben Cutting,Kolkata Knight Riders,7500000.0,0.75,2020,,,,,,,,,,,,,,,,,,,,,,,,,,,,,,,,,,,,,False
2021,30045,Dinesh Karthik,Kolkata Knight Riders,74000000.0,7.4,2020,Krishnakumar Dinesh Karthik,"June 01, 1985, Madras (now Chennai), Tamil Nadu",41y 33d,India,Wicketkeeper Batter,2004 - 2022,IPL 2020/21,KKR,14.0,14,2,169,58,14.08,134,126.11,0,1,20,4,9.0,0.0,-,-,-,-,-,-,-,-,-,-,"December 01, 2006","November 02, 2022","September 05, 2004","India vs New Zealand  at Manchester - July 09 - 10, 2019",True
2021,24598,Eoin Morgan,Kolkata Knight Riders,52500000.0,5.25,2020,Eoin Joseph Gerard Morgan,"September 10, 1986, Dublin",39y 298d,England,Middle order Batter,2006 - 2022,IPL 2020/21,KKR,14.0,14,4,418,68*,41.80,302,138.41,0,1,32,24,3.0,0.0,-,-,-,-,-,-,-,-,-,-,"June 05, 2009","January 23, 2022","August 05, 2006","June 19, 2022",True
2021,29264,Harbhajan Singh,Kolkata Knight Riders,20000000.0,2.0,2020,,,,,,,,,,,,,,,,,,,,,,,,,,,,,,,,,,,,,False
2021,1070188,Kamlesh Nagarkoti,Kolkata Knight Riders,32000000.0,3.2,2020,Kamlesh Lachham Nagarkoti,"December 28, 1999, Barmer, Rajasthan",26y 188d,India,Bowler,-,IPL 2020/21,KKR,10.0,6,3,22,8*,7.33,31,70.96,0,0,1,0,4.0,0.0,5,8.88,156,2/13,2/13,46.20,31.2,0,0,0,,,,,True
2021,398439,Karun Nair,Kolkata Knight Riders,5000000.0,0.5,2020,Karun Nair,"December 06, 1991, Jodhpur, Rajasthan",34y 210d,India,Top order Batter,2016 - 2025,IPL 2020/21,PBKS,4.0,3,1,16,15*,8.00,14,114.28,0,0,2,0,1.0,0.0,-,-,-,-,-,-,-,-,-,-,,,"June 11, 2016","June 13, 2016",True
2021,559235,Kuldeep Yadav,Kolkata Knight Riders,58000000.0,5.8,2020,Kuldeep Yadav,"December 14, 1994, Kanpur, Uttar Pradesh",31y 202d,India,Bowler,2014 - 2026,IPL 2020/21,KKR,5.0,2,1,13,12,13.00,21,61.90,0,0,1,0,0.0,0.0,1,7.66,72,1/20,1/20,92.00,72.0,0,0,0,"July 09, 2017","February 15, 2026","June 23, 2017","June 17, 2026",True
2021,493773,Lockie Ferguson,Kolkata Knight Riders,16000000.0,1.6,2020,Lachlan Hammond Ferguson,"June 13, 1991, Auckland",35y 21d,New Zealand,Bowler,2016 - 2026,IPL 2020/21,KKR,5.0,2,2,43,24*,-,29,148.27,0,0,4,1,0.0,0.0,6,7.46,119,3/15,3/15,24.66,19.8,0,0,0,"January 03, 2017","March 20, 2026","December 04, 2016","November 15, 2023",True
2021,604527,Nitish Rana,Kolkata Knight Riders,34000000.0,3.4,2020,Nitish Rana,"December 27, 1993, Delhi",32y 189d,India,Middle order Batter,2021 - 2021,IPL 2020/21,KKR,14.0,14,0,352,87,25.14,254,138.58,0,3,43,12,2.0,0.0,0,11.50,12,-,-,-,-,0,0,0,"July 28, 2021","July 29, 2021","July 23, 2021","July 28, 2021",True
2021,489889,Pat Cummins,Kolkata Knight Riders,155000000.0,15.5,2020,Patrick James Cummins,"May 08, 1993, Westmead, Sydney",33y 58d,Australia,Bowler,2011 - 2025,IPL 2020/21,KKR,14.0,11,4,146,53*,20.85,114,128.07,0,1,9,8,3.0,0.0,12,7.86,312,4/34,4/34,34.08,26.0,1,0,0,"October 13, 2011","June 24, 2024","October 19, 2011","November 08, 2024",True
2021,530773,Pawan Negi,Kolkata Knight Riders,5000000.0,0.5,2020,,,,,,,,,,,,,,,,,,,,,,,,,,,,,,,,,,,,,False
2021,917159,Prasidh Krishna,Kolkata Knight Riders,2000000.0,0.2,2020,Muralikrishna Prasidh Krishna,"February 19, 1996, Bangalore, Karnataka",30y 135d,India,Bowler,2021 - 2026,IPL 2020/21,KKR,6.0,2,2,2,2*,-,4,50.00,0,0,0,0,1.0,0.0,4,9.37,105,3/29,3/29,41.00,26.2,0,0,0,"August 18, 2023","June 26, 2026","March 23, 2021","June 20, 2026",True
2021,446763,Rahul Tripathi,Kolkata Knight Riders,6000000.0,0.6,2020,Rahul Ajay Tripathi,"March 02, 1991, Ranchi",35y 119d,India,Top order Batter,2023 - 2023,IPL 2020/21,KKR,11.0,11,1,230,81,23.00,181,127.07,0,1,21,10,3.0,0.0,-,-,-,-,-,-,-,-,-,-,"January 05, 2023","February 01, 2023",,,True
2021,723105,Rinku Singh,Kolkata Knight Riders,8000000.0,0.8,2020,Rinku Khanchand Singh,"October 12, 1997, Aligarh, Uttar Pradesh",28y 266d,India,Middle order Batter,2023 - 2026,IPL 2020/21,KKR,1.0,1,0,11,11,11.00,11,100.00,0,0,1,0,1.0,0.0,-,-,-,-,-,-,-,-,-,-,"August 18, 2023","February 22, 2026","December 19, 2023","December 21, 2023",True
2021,592735,Sandeep Warrier,Kolkata Knight Riders,2000000.0,0.2,2020,Sankarankutty Sandeep Warrier,"April 04, 1991, Thrissur, Kerala",35y 91d,India,Bowler,2021 - 2021,IPL 2020/21,KKR,1.0,-,-,-,-,-,-,-,-,-,-,-,0.0,0.0,0,11.33,18,-,-,-,-,0,0,0,"July 29, 2021","Kerala vs Goa  at Malappuram - November 24 - 27, 2012",,,True
2021,56143,Shakib Al Hasan,Kolkata Knight Riders,32000000.0,3.2,2020,,,,,,,,,,,,,,,,,,,,,,,,,,,,,,,,,,,,,False
2021,237696,Sheldon Jackson,Kolkata Knight Riders,2000000.0,0.2,2020,,,,,,,,,,,,,,,,,,,,,,,,,,,,,,,,,,,,,False
2021,1079848,Shivam Mavi,Kolkata Knight Riders,30000000.0,3.0,2020,,,,,,,,,,,,,,,,,,,,,,,,,,,,,,,,,,,,,False
2021,1070173,Shubman Gill,Kolkata Knight Riders,18000000.0,1.8,2020,Shubman Gill,"September 08, 1999, Fazilka, Punjab",26y 299d,India,Top order Batter,2019 - 2026,IPL 2020/21,KKR,14.0,14,1,440,70*,33.84,373,117.96,0,3,44,9,7.0,0.0,-,-,-,-,-,-,-,-,-,-,"January 03, 2023","December 14, 2025","January 31, 2019","June 20, 2026",True
2021,230558,Sunil Narine,Kolkata Knight Riders,125000000.0,12.5,2020,Sunil Philip Narine,"May 26, 1988, Arima, Trinidad & Tobago",38y 40d,West Indies,Bowling Allrounder,2011 - 2019,IPL 2020/21,KKR,10.0,9,0,121,64,13.44,85,142.35,0,1,10,8,2.0,0.0,5,7.94,228,2/28,2/28,60.40,45.6,0,0,0,"March 27, 2012","August 06, 2019","December 05, 2011","October 05, 2016",True
2021,625964,Tim Seifert,Kolkata Knight Riders,5000000.0,0.5,2020,,,,,,,,,,,,,,,,,,,,,,,,,,,,,,,,,,,,,False
2021,1209292,Vaibhav Arora,Kolkata Knight Riders,2000000.0,0.2,2020,,,,,,,,,,,,,,,,,,,,,,,,,,,,,,,,,,,,,False
2021,1108375,Varun Chakravathi,Kolkata Knight Riders,40000000.0,4.0,2020,Varun Chakravarthy Vinod,"August 29, 1991, Bidar, Karnataka",34y 310d,India,Bowler,2021 - 2026,IPL 2020/21,KKR,13.0,3,1,10,7*,5.00,15,66.66,0,0,0,0,3.0,0.0,17,6.84,312,5/20,5/20,20.94,18.3,0,1,0,"July 25, 2021","July 04, 2026","February 09, 2025","March 09, 2025",True
2021,851403,Venkatesh Iyer,Kolkata Knight Riders,2000000.0,0.2,2020,,,,,,,,,,,,,,,,,,,,,,,,,,,,,,,,,,,,,False
2021,450860,Adam Milne,Mumbai Indians,32000000.0,3.2,2020,,,,,,,,,,,,,,,,,,,,,,,,,,,,,,,,,,,,,False
2021,333904,Aditya Tare,Mumbai Indians,2000000.0,0.2,2020,,,,,,,,,,,,,,,,,,,,,,,,,,,,,,,,,,,,,False
2021,851261,Anmolpreet Singh,Mumbai Indians,8000000.0,0.8,2020,,,,,,,,,,,,,,,,,,,,,,,,,,,,,,,,,,,,,False
2021,1079839,Anukul Roy,Mumbai Indians,2000000.0,0.2,2020,,,,,,,,,,,,,,,,,,,,,,,,,,,,,,,,,,,,,False
2021,1148776,Arjun Tendulkar,Mumbai Indians,2000000.0,0.2,2020,,,,,,,,,,,,,,,,,,,,,,,,,,,,,,,,,,,,,False
2021,326637,Chris Lynn,Mumbai Indians,20000000.0,2.0,2020,,,,,,,,,,,,,,,,,,,,,,,,,,,,,,,,,,,,,False
2021,277955,Dhawal Kulkarni,Mumbai Indians,7500000.0,0.75,2020,Dhawal Sunil Kulkarni,"December 10, 1988, Bombay (now Mumbai), Maharashtra",37y 206d,India,Bowler,2014 - 2016,IPL 2020/21,MI,1.0,1,1,3,3*,-,2,150.00,0,0,0,0,0.0,0.0,0,7.33,18,-,-,-,-,0,0,0,"June 20, 2016","June 22, 2016","September 02, 2014","October 26, 2016",True
2021,625371,Hardik Pandya,Mumbai Indians,110000000.0,11.0,2020,Hardik Himanshu Pandya,"October 11, 1993, Choryasi, Gujarat",32y 266d,India,Allrounder,2016 - 2026,IPL 2020/21,MI,14.0,13,5,281,60*,35.12,157,178.98,0,1,14,25,6.0,0.0,-,-,-,-,-,-,-,-,-,-,"January 26, 2016","March 08, 2026","October 16, 2016","March 09, 2025",True
2021,720471,Ishan Kishan,Mumbai Indians,62000000.0,6.2,2020,Ishan Pranav Kumar Pandey Kishan,"July 18, 1998, Patna, Bihar",27y 351d,India,Wicketkeeper Batter,2021 - 2026,IPL 2020/21,MI,14.0,13,4,516,99,57.33,354,145.76,0,4,36,30,1.0,0.0,-,-,-,-,-,-,-,-,-,-,"March 14, 2021","July 01, 2026","July 18, 2021","June 20, 2026",True
2021,355269,James Neesham,Mumbai Indians,5000000.0,0.5,2020,James Douglas Sheahan Neesham,"September 17, 1990, Auckland",35y 290d,New Zealand,Batting Allrounder,2012 - 2026,IPL 2020/21,PBKS,5.0,3,1,19,10*,9.50,18,105.55,0,0,0,1,1.0,0.0,2,9.86,90,1/17,1/17,74.00,45.0,0,0,0,"December 21, 2012","March 25, 2026","January 19, 2013","November 01, 2023",True
2021,625383,Jasprit Bumrah,Mumbai Indians,70000000.0,7.0,2020,Jasprit Jasbirsingh Bumrah,"December 06, 1993, Ahmedabad",32y 212d,India,Bowler,2016 - 2026,IPL 2020/21,MI,15.0,1,1,5,5*,-,3,166.66,0,0,0,0,0.0,0.0,27,6.73,360,4/14,4/14,14.96,13.3,2,0,0,"January 26, 2016","March 08, 2026","January 23, 2016","November 19, 2023",True
2021,447587,Jayant Yadav,Mumbai Indians,5000000.0,0.5,2020,Jayant Yadav,"January 22, 1990, Delhi",36y 163d,India,Bowler,2016 - 2022,IPL 2020/21,MI,2.0,-,-,-,-,-,-,-,-,-,-,-,0.0,0.0,1,6.14,42,1/25,1/25,43.00,42.0,0,0,0,,,"October 29, 2016","January 23, 2022",True
2021,230559,Kieron Pollard,Mumbai Indians,54000000.0,5.4,2020,Kieron Adrian Pollard,"May 12, 1987, Tacarigua, Trinidad",39y 56d,West Indies,Batting Allrounder,2007 - 2022,IPL 2020/21,MI,16.0,12,7,268,60*,53.60,140,191.42,0,1,15,22,8.0,0.0,4,9.04,126,1/5,1/5,47.50,31.5,0,0,0,"June 20, 2008","February 20, 2022","April 10, 2007","February 06, 2022",True
2021,471342,Krunal Pandya,Mumbai Indians,88000000.0,8.8,2020,Krunal Himanshu Pandya,"March 24, 1991, Ahmedabad, Gujarat",35y 103d,India,Allrounder,2018 - 2021,IPL 2020/21,MI,16.0,12,6,109,34,18.16,92,118.47,0,0,9,5,4.0,0.0,6,7.57,301,2/26,2/26,63.33,50.1,0,0,0,"November 04, 2018","July 25, 2021","March 23, 2021","July 20, 2021",True
2021,696401,Marco Jansen,Mumbai Indians,2000000.0,0.2,2020,,,,,,,,,,,,,,,,,,,,,,,,,,,,,,,,,,,,,False
2021,1132005,Mohsin Khan,Mumbai Indians,2000000.0,0.2,2020,,,,,,,,,,,,,,,,,,,,,,,,,,,,,,,,,,,,,False
2021,261354,Nathan Coulter-Nile,Mumbai Indians,50000000.0,5.0,2020,Nathan Mitchell Coulter-Nile,"October 11, 1987, Osborne Park, Western Australia",38y 267d,Australia,Bowling Allrounder,2013 - 2019,IPL 2020/21,MI,7.0,2,1,25,24*,25.00,15,166.66,0,0,4,0,2.0,0.0,5,7.92,156,2/29,2/29,41.20,31.2,0,0,0,"February 13, 2013","February 27, 2019","September 14, 2013","June 20, 2019",True
2021,32966,Piyush Chawla,Mumbai Indians,24000000.0,2.4,2020,Piyush Pramod Chawla,"December 24, 1988, Aligarh, Uttar Pradesh",37y 187d,India,Bowling Allrounder,2006 - 2012,IPL 2020/21,CSK,7.0,-,-,-,-,-,-,-,-,-,-,-,0.0,0.0,6,9.09,126,2/33,2/33,31.83,21.0,0,0,0,"May 02, 2010","December 22, 2012","May 12, 2007","March 09, 2011",True
2021,379143,Quinton de Kock,Mumbai Indians,28000000.0,2.8,2020,Quinton de Kock,"December 17, 1992, Johannesburg, Gauteng",33y 200d,South Africa,Wicketkeeper Batter,2012 - 2026,IPL 2020/21,MI,16.0,16,2,503,78*,35.92,358,140.50,0,4,46,22,18.0,4.0,-,-,-,-,-,-,-,-,-,-,"December 21, 2012","March 04, 2026","January 19, 2013","December 06, 2025",True
2021,1064812,Rahul Chahar,Mumbai Indians,19000000.0,1.9,2020,Rahul Desraj Chahar,"August 04, 1999, Bharaatpur, Rajasthan",26y 329d,India,Bowler,2019 - 2021,IPL 2020/21,MI,15.0,1,1,2,2*,-,4,50.00,0,0,0,0,4.0,0.0,15,8.16,318,2/18,2/18,28.86,21.2,0,0,0,"August 06, 2019","November 08, 2021","July 23, 2021","August 06, 2019",True
2021,34102,Rohit Sharma,Mumbai Indians,150000000.0,15.0,2020,Rohit Gurunath Sharma,"April 30, 1987, Bansod, Nagpur, Maharashtra",39y 68d,India,Top order Batter,2007 - 2026,IPL 2020/21,MI,12.0,12,0,332,80,27.66,260,127.69,0,3,27,19,6.0,0.0,-,-,-,-,-,-,-,-,-,-,"September 19, 2007","June 29, 2024","June 23, 2007","June 20, 2026",True
2021,35390,Saurabh Tiwary,Mumbai Indians,5000000.0,0.5,2020,Saurabh Sunil Tiwary,"December 30, 1989, Jamshedpur, Bihar",36y 186d,India,Top order Batter,2010 - 2010,IPL 2020/21,MI,7.0,5,0,103,42,20.60,80,128.75,0,0,8,3,1.0,0.0,-,-,-,-,-,-,-,-,-,-,,,"October 20, 2010","December 10, 2010",True
2021,446507,Suryakumar Yadav,Mumbai Indians,32000000.0,3.2,2020,Suryakumar Ashok Yadav,"September 14, 1990, Mumbai, Maharashtra",35y 294d,India,Batter,2021 - 2026,IPL 2020/21,MI,16.0,15,3,480,79*,40.00,331,145.01,0,4,61,11,8.0,0.0,-,-,-,-,-,-,-,-,-,-,"March 14, 2021","March 08, 2026","July 18, 2021","November 19, 2023",True
2021,277912,Trent Boult,Mumbai Indians,32000000.0,3.2,2020,Trent Alexander Boult,"July 22, 1989, Rotorua",36y 348d,New Zealand,Bowler,2011 - 2024,IPL 2020/21,MI,15.0,1,0,0,0,0.00,1,0.00,0,0,0,0,4.0,0.0,25,7.97,344,4/18,4/18,18.28,13.7,1,0,0,"February 09, 2013","June 17, 2024","July 11, 2012","November 15, 2023",True
2021,1206052,Yudhvir Singh Charak,Mumbai Indians,2000000.0,0.2,2020,,,,,,,,,,,,,,,,,,,,,,,,,,,,,,,,,,,,,False
2021,1125976,Arshdeep Singh,Punjab Kings,2000000.0,0.2,2020,Arshdeep Singh,"February 05, 1999, Guna, Madhya Pradesh",27y 150d,India,Bowler,2022 - 2026,IPL 2020/21,PBKS,8.0,1,0,0,0,0.00,3,0.00,0,0,0,0,2.0,0.0,9,8.77,149,3/23,3/23,24.22,16.5,0,0,0,"July 07, 2022","July 04, 2026","November 25, 2022","June 17, 2026",True
2021,51880,Chris Gayle,Punjab Kings,20000000.0,2.0,2020,Christopher Henry Gayle,"September 21, 1979, Kingston, Jamaica",46y 287d,West Indies,Allrounder,1999 - 2021,IPL 2020/21,PBKS,7.0,7,0,288,99,41.14,210,137.14,0,3,15,23,1.0,0.0,0,6.00,5,-,-,-,-,0,0,0,"February 16, 2006","November 06, 2021","September 11, 1999","August 14, 2019",True
2021,288992,Chris Jordan,Punjab Kings,30000000.0,3.0,2020,Christopher James Jordan,"October 04, 1988, Barbados",37y 268d,England,Bowler,2013 - 2024,IPL 2020/21,PBKS,9.0,5,2,29,13,9.66,31,93.54,0,0,2,0,5.0,0.0,9,9.65,189,3/17,3/17,33.77,21.0,0,0,0,"February 02, 2014","June 27, 2024","September 16, 2013","November 17, 2022",True
2021,1111917,Darshan Nalkande,Punjab Kings,3000000.0,0.3,2020,,,,,,,,,,,,,,,,,,,,,,,,,,,,,,,,,,,,,False
2021,236489,Dawid Malan,Punjab Kings,15000000.0,1.5,2020,,,,,,,,,,,,,,,,,,,,,,,,,,,,,,,,,,,,,False
2021,497121,Deepak Hooda,Punjab Kings,5000000.0,0.5,2020,Deepak Jagbir Hooda,"April 19, 1995, Rohtak",31y 71d,India,Allrounder,2022 - 2023,IPL 2020/21,PBKS,7.0,5,4,101,62*,101.00,71,142.25,0,1,5,5,3.0,0.0,0,9.00,6,-,-,-,-,0,0,0,"February 24, 2022","February 01, 2023","February 06, 2022","November 30, 2022",True
2021,670013,Fabian Allen,Punjab Kings,7500000.0,0.75,2020,,,,,,,,,,,,,,,,,,,,,,,,,,,,,,,,,,,,,False
2021,1168641,Harpreet Brar,Punjab Kings,2000000.0,0.2,2020,Harpreet Brar,"September 16, 1995, Meerut, Uttar Pradesh",30y 292d,India,Bowler,-,IPL 2020/21,PBKS,1.0,-,-,-,-,-,-,-,-,-,-,-,0.0,0.0,0,10.25,24,-,-,-,-,0,0,0,,,,,True
2021,967603,Ishan Porel,Punjab Kings,2000000.0,0.2,2020,,,,,,,,,,,,,,,,,,,,,,,,,,,,,,,,,,,,,False
2021,237199,Jalaj Saxena,Punjab Kings,3000000.0,0.3,2020,,,,,,,,,,,,,,,,,,,,,,,,,,,,,,,,,,,,,False
2021,774223,Jhye Richardson,Punjab Kings,140000000.0,14.0,2020,,,,,,,,,,,,,,,,,,,,,,,,,,,,,,,,,,,,,False
2021,422108,KL Rahul,Punjab Kings,110000000.0,11.0,2020,Kannaur Lokesh Rahul,"April 18, 1992, Bangalore, Karnataka",34y 77d,India,Wicketkeeper Batter,2014 - 2026,IPL 2020/21,PBKS,14.0,14,2,670,132*,55.83,518,129.34,1,5,58,23,10.0,0.0,-,-,-,-,-,-,-,-,-,-,"June 18, 2016","November 10, 2022","June 11, 2016","June 17, 2026",True
2021,398506,Mandeep Singh,Punjab Kings,14000000.0,1.4,2020,Mandeep Singh,"December 18, 1991, Jalandhar, Punjab",34y 198d,India,Allrounder,2016 - 2016,IPL 2020/21,PBKS,7.0,7,1,130,66*,21.66,109,119.26,0,1,10,4,1.0,0.0,-,-,-,-,-,-,-,-,-,-,"June 18, 2016","June 22, 2016",,,True
2021,398438,Mayank Agarwal,Punjab Kings,10000000.0,1.0,2020,Mayank Anurag Agarwal,"February 16, 1991, Bangalore, Karnataka",35y 139d,India,Batter,2018 - 2022,IPL 2020/21,PBKS,11.0,11,0,424,106,38.54,271,156.45,1,2,44,15,6.0,0.0,-,-,-,-,-,-,-,-,-,-,,,"February 05, 2020","November 29, 2020",True
2021,481896,Mohammed Shami,Punjab Kings,48000000.0,4.8,2020,Mohammed Shami Ahmed,"September 03, 1990, Amroha, Uttar Pradesh",35y 304d,India,Bowler,2013 - 2025,IPL 2020/21,PBKS,14.0,3,2,2,2*,2.00,3,66.66,0,0,0,0,2.0,0.0,20,8.57,322,3/15,3/15,23.00,16.1,0,0,0,"March 21, 2014","February 02, 2025","January 06, 2013","March 09, 2025",True
2021,5961,Moises Henriques,Punjab Kings,42000000.0,4.2,2020,,,,,,,,,,,,,,,,,,,,,,,,,,,,,,,,,,,,,False
2021,528067,Murugan Ashwin,Punjab Kings,2000000.0,0.2,2020,Murugan Ashwin,"September 08, 1990, Chennai, Tamil Nadu",35y 301d,India,Bowler,-,IPL 2020/21,PBKS,9.0,1,0,4,4,4.00,4,100.00,0,0,0,0,4.0,0.0,10,7.46,189,3/21,3/21,23.50,18.9,0,0,0,,,,,True
2021,604302,Nicholas Pooran,Punjab Kings,42000000.0,4.2,2020,Nicholas Pooran,"October 02, 1995, Trinidad",30y 276d,West Indies,Wicketkeeper Batter,2016 - 2024,IPL 2020/21,PBKS,14.0,14,4,353,77,35.30,208,169.71,0,2,23,25,7.0,0.0,-,-,-,-,-,-,-,-,-,-,"September 23, 2016","December 19, 2024","February 20, 2019","July 07, 2023",True
2021,1161024,Prabhsimran Singh,Punjab Kings,5500000.0,0.55,2020,Prabhsimran Singh,"August 10, 2000",25y 329d,India,Wicketkeeper Batter,-,IPL 2020/21,PBKS,2.0,2,0,15,11,7.50,15,100.00,0,0,2,0,1.0,0.0,-,-,-,-,-,-,-,-,-,-,,,,,True
2021,1175441,Ravi Bishnoi,Punjab Kings,20000000.0,2.0,2020,Ravi Bishnoi,"September 05, 2000, Jodhpur, Rajasthan",25y 303d,India,Bowler,2022 - 2026,IPL 2020/21,PBKS,14.0,3,2,7,6*,7.00,12,58.33,0,0,1,0,2.0,0.0,12,7.37,306,3/29,3/29,31.33,25.5,0,0,0,"February 16, 2022","July 04, 2026","October 06, 2022","February 16, 2022",True
2021,961713,Riley Meredith,Punjab Kings,80000000.0,8.0,2020,,,,,,,,,,,,,,,,,,,,,,,,,,,,,,,,,,,,,False
2021,642525,Sarfaraz Khan,Punjab Kings,2500000.0,0.25,2020,Sarfaraz Naushad Khan,"October 22, 1997, Mumbai",28y 250d,India,Middle order Batter,2024 - 2024,IPL 2020/21,PBKS,5.0,3,1,33,14*,16.50,29,113.79,0,0,5,0,2.0,0.0,-,-,-,-,-,-,-,-,-,-,,,,,True
2021,627214,Saurabh Kumar,Punjab Kings,2000000.0,0.2,2020,,,,,,,,,,,,,,,,,,,,,,,,,,,,,,,,,,,,,False
2021,719719,Shahrukh Khan,Punjab Kings,52500000.0,5.25,2020,,,,,,,,,,,,,,,,,,,,,,,,,,,,,,,,,,,,,False
2021,1081437,Utkarsh Singh,Punjab Kings,2000000.0,0.2,2020,,,,,,,,,,,,,,,,,,,,,,,,,,,,,,,,,,,,,False
2021,1175458,Akash Singh,Rajasthan Royals,2000000.0,0.2,2020,,,,,,,,,,,,,,,,,,,,,,,,,,,,,,,,,,,,,False
2021,459508,Andrew Tye,Rajasthan Royals,10000000.0,1.0,2020,Andrew James Tye,"December 12, 1986, Perth, Western Australia",39y 204d,Australia,Bowler,2016 - 2021,IPL 2020/21,RR,1.0,1,0,6,6,6.00,6,100.00,0,0,0,1,0.0,0.0,1,12.50,24,1/50,1/50,50.00,24.0,0,0,0,"January 29, 2016","August 07, 2021","January 14, 2018","June 19, 2018",True
2021,1123073,Anuj Rawat,Rajasthan Royals,8000000.0,0.8,2020,,,,,,,,,,,,,,,,,,,,,,,,,,,,,,,,,,,,,False
2021,311158,Ben Stokes,Rajasthan Royals,125000000.0,12.5,2020,Benjamin Andrew Stokes,"June 04, 1991, Christchurch, Canterbury, New Zealand",35y 25d,England,Allrounder,2011 - 2026,IPL 2020/21,RR,8.0,8,1,285,107*,40.71,200,142.50,1,1,36,7,6.0,0.0,2,10.26,90,2/32,2/32,77.00,45.0,0,0,0,"September 23, 2011","November 13, 2022","August 25, 2011","November 11, 2023",True
2021,1131754,Chetan Sakariya,Rajasthan Royals,12000000.0,1.2,2020,,,,,,,,,,,,,,,,,,,,,,,,,,,,,,,,,,,,,False
2021,439952,Chris Morris,Rajasthan Royals,162500000.0,16.25,2020,Christopher Henry Morris,"April 30, 1987, Pretoria, Transvaal",39y 60d,South Africa,Bowling Allrounder,2012 - 2019,IPL 2020/21,RCB,9.0,5,1,34,25*,8.50,21,161.90,0,0,2,3,7.0,0.0,11,6.63,190,4/26,4/26,19.09,17.2,1,0,0,"December 21, 2012","March 24, 2019","June 10, 2013","July 06, 2019",True
2021,321777,David Miller,Rajasthan Royals,7500000.0,0.75,2020,David Andrew Miller,"June 10, 1989, Pietermaritzburg, Natal",37y 24d,South Africa,Middle order Batter,2010 - 2026,IPL 2020/21,RR,1.0,1,0,0,0,0.00,0,-,0,0,0,0,0.0,0.0,-,-,-,-,-,-,-,-,-,-,"May 20, 2010","March 04, 2026","May 22, 2010","March 05, 2025",True
2021,390484,Jaydev Unadkat,Rajasthan Royals,30000000.0,3.0,2020,Jaydev Dipakbhai Unadkat,"October 18, 1991, Porbandar",34y 259d,India,Bowler,2010 - 2023,IPL 2020/21,RR,7.0,1,0,9,9,9.00,13,69.23,0,0,0,0,1.0,0.0,4,9.91,138,2/32,2/32,57.00,34.5,0,0,0,"June 18, 2016","March 18, 2018","July 24, 2013","August 01, 2023",True
2021,669855,Jofra Archer,Rajasthan Royals,72000000.0,7.2,2020,Jofra Chioke Archer,"April 01, 1995, Bridgetown, Barbados",31y 96d,England,Bowler,2019 - 2026,IPL 2020/21,RR,14.0,10,4,113,27*,18.83,63,179.36,0,0,5,10,5.0,0.0,20,6.55,334,3/19,3/19,18.25,16.7,0,0,0,"May 05, 2019","July 04, 2026","May 03, 2019","November 01, 2025",True
2021,308967,Jos Buttler,Rajasthan Royals,44000000.0,4.4,2020,Joseph Charles Buttler,"September 08, 1990, Taunton, Somerset",35y 299d,England,Wicketkeeper Batter,2011 - 2026,IPL 2020/21,RR,13.0,12,2,328,70*,32.80,227,144.49,0,2,27,16,6.0,0.0,-,-,-,-,-,-,-,-,-,-,"August 31, 2011","July 01, 2026","February 21, 2012","January 27, 2026",True
2021,777537,KC Cariappa,Rajasthan Royals,2000000.0,0.2,2020,,,,,,,,,,,,,,,,,,,,,,,,,,,,,,,,,,,,,False
2021,1122918,Kartik Tyagi,Rajasthan Royals,13000000.0,1.3,2020,Kartik Tyagi,"November 08, 2000, Hapur, Uttar Pradesh",25y 238d,India,Bowler,-,IPL 2020/21,RR,10.0,3,2,4,2*,4.00,6,66.66,0,0,0,0,2.0,0.0,9,9.61,229,2/36,2/36,40.77,25.4,0,0,0,,,,,True
2021,1206495,Kuldip Yadav,Rajasthan Royals,2000000.0,0.2,2020,,,,,,,,,,,,,,,,,,,,,,,,,,,,,,,,,,,,,False
2021,403902,Liam Livingstone,Rajasthan Royals,7500000.0,0.75,2020,,,,,,,,,,,,,,,,,,,,,,,,,,,,,,,,,,,,,False
2021,853265,Mahipal Lomror,Rajasthan Royals,2000000.0,0.2,2020,Mahipal Krishan Lomror,"November 16, 1999, Nagaur, Rajasthan",26y 233d,India,Allrounder,-,IPL 2020/21,RR,3.0,3,0,59,47,19.66,54,109.25,0,0,2,3,0.0,0.0,-,-,-,-,-,-,-,-,-,-,,,,,True
2021,532856,Manan Vohra,Rajasthan Royals,2000000.0,0.2,2020,,,,,,,,,,,,,,,,,,,,,,,,,,,,,,,,,,,,,False
2021,1081442,Mayank Markande,Rajasthan Royals,20000000.0,2.0,2020,,,,,,,,,,,,,,,,,,,,,,,,,,,,,,,,,,,,,False
2021,330902,Mustafizur Rahman,Rajasthan Royals,10000000.0,1.0,2020,,,,,,,,,,,,,,,,,,,,,,,,,,,,,,,,,,,,,False
2021,423838,Rahul Tewatia,Rajasthan Royals,30000000.0,3.0,2020,Rahul Tewatia,"May 20, 1993, Sihi, Haryana",33y 45d,India,Bowling Allrounder,-,IPL 2020/21,RR,14.0,11,5,255,53,42.50,183,139.34,0,1,13,17,9.0,0.0,10,7.08,276,3/25,3/25,32.60,27.6,0,0,0,,,,,True
2021,1079434,Riyan Parag,Rajasthan Royals,2000000.0,0.2,2020,Riyan Parag,"November 10, 2001, Guwahati, Assam",24y 239d,India,Top order Batter,2024 - 2024,IPL 2020/21,RR,12.0,8,1,86,42*,12.28,77,111.68,0,0,6,3,1.0,0.0,0,13.50,12,-,-,-,-,0,0,0,"July 06, 2024","October 12, 2024","August 07, 2024","July 06, 2024",True
2021,425943,Sanju Samson,Rajasthan Royals,80000000.0,8.0,2020,Sanju Viswanath Samson,"November 11, 1994, Pulluvila, Vizhinjam, Trivandrum",31y 230d,India,Wicketkeeper Batter,2014 - 2026,IPL 2020/21,RR,14.0,14,1,375,85,28.84,236,158.89,0,3,21,26,9.0,2.0,-,-,-,-,-,-,-,-,-,-,"July 19, 2015","June 28, 2026","July 23, 2021","December 21, 2023",True
2021,714451,Shivam Dube,Rajasthan Royals,44000000.0,4.4,2020,Shivam Dube,"June 26, 1993, Mumbai",33y 3d,India,Allrounder,2019 - 2026,IPL 2020/21,RCB,11.0,9,2,129,27*,18.42,105,122.85,0,0,5,9,2.0,0.0,4,8.11,54,2/15,2/15,18.25,13.5,0,0,0,"November 03, 2019","June 28, 2026","December 15, 2019","August 07, 2024",True
2021,344580,Shreyas Gopal,Rajasthan Royals,2000000.0,0.2,2020,Shreyas Gopal,"September 04, 1993, Banglaore, Karnataka",32y 305d,India,Bowler,-,IPL 2020/21,RR,14.0,5,1,37,23*,9.25,39,94.87,0,0,3,0,2.0,0.0,10,8.54,300,2/28,2/28,42.70,30.0,0,0,0,,,,,True
2021,1151278,Yashasvi Jaiswal,Rajasthan Royals,24000000.0,2.4,2020,Yashasvi Bhupendra Kumar Jaiswal,"December 28, 2001, Suriyawan, Bhadohi, Uttar Pradesh",24y 191d,India,Opening Batter,2023 - 2026,IPL 2020/21,RR,3.0,3,0,40,34,13.33,44,90.90,0,0,2,2,1.0,0.0,-,-,-,-,-,-,-,-,-,-,"August 08, 2023","July 30, 2024","February 06, 2025","June 20, 2026",True
2021,44936,AB de Villiers,Royal Challengers Bangalore,110000000.0,11.0,2020,Abraham Benjamin de Villiers,"February 17, 1984, Pretoria",42y 140d,South Africa,Wicketkeeper Batter,2004 - 2018,IPL 2020/21,RCB,15.0,14,4,454,73*,45.40,286,158.74,0,5,33,23,10.0,1.0,-,-,-,-,-,-,-,-,-,-,"February 24, 2006","October 29, 2017","February 02, 2005","February 16, 2018",True
2021,379504,Adam Zampa,Royal Challengers Bangalore,15000000.0,1.5,2020,Adam Zampa,"March 31, 1992, Shellharbour, New South Wales",34y 99d,Australia,Bowler,2016 - 2026,IPL 2020/21,RCB,3.0,-,-,-,-,-,-,-,-,-,-,-,1.0,0.0,2,8.36,66,1/12,1/12,46.00,33.0,0,0,0,"March 04, 2016","June 21, 2026","February 06, 2016","June 14, 2026",True
2021,4864,Daniel Christian,Royal Challengers Bangalore,48000000.0,4.8,2020,,,,,,,,,,,,,,,,,,,,,,,,,,,,,,,,,,,,,False
2021,826901,Daniel Sams,Royal Challengers Bangalore,3000000.0,0.3,2020,Daniel Richard Sams,"October 27, 1992, Milperra, New South Wales",33y 250d,Australia,Allrounder,2020 - 2022,IPL 2020/21,DC,3.0,1,0,0,0,0.00,2,0.00,0,0,0,0,3.0,0.0,0,9.50,72,-,-,-,-,0,0,0,"December 06, 2020","October 09, 2022",,,True
2021,1119026,Devdutt Padikkal,Royal Challengers Bangalore,2000000.0,0.2,2020,Devdutt Padikkal,"July 07, 2000, Edapal, Kerala",25y 363d,India,Top order Batter,2021 - 2024,IPL 2020/21,RCB,15.0,15,0,473,74,31.53,379,124.80,0,5,51,8,8.0,0.0,-,-,-,-,-,-,-,-,-,-,"July 28, 2021","July 29, 2021",,,True
2021,325026,Glenn Maxwell,Royal Challengers Bangalore,142500000.0,14.25,2020,Glenn James Maxwell,"October 14, 1988, Kew, Melbourne, Victoria",37y 263d,Australia,Batting Allrounder,2012 - 2026,IPL 2020/21,PBKS,13.0,11,4,108,32,15.42,106,101.88,0,0,9,0,4.0,0.0,3,8.04,126,1/10,1/10,56.33,42.0,0,0,0,"September 05, 2012","February 20, 2026","August 25, 2012","March 04, 2025",True
2021,390481,Harshal Patel,Royal Challengers Bangalore,2000000.0,0.2,2020,Harshal Vikram Patel,"November 23, 1990, Sanand, Gujarat",35y 223d,India,Bowling Allrounder,2021 - 2023,IPL 2020/21,DC,5.0,2,0,21,16,10.50,24,87.50,0,0,2,0,1.0,0.0,3,8.93,90,2/34,2/34,44.66,30.0,0,0,0,"November 19, 2021","January 03, 2023",,,True
2021,1124282,Joshua Philippe,Royal Challengers Bangalore,2000000.0,0.2,2020,Joshua Ryan Philippe,"June 01, 1997",29y 36d,Australia,Wicketkeeper Batter,2021 - 2026,IPL 2020/21,RCB,5.0,5,1,78,33,19.50,77,101.29,0,0,9,1,0.0,0.0,-,-,-,-,-,-,-,-,-,-,"February 22, 2021","February 01, 2026","July 20, 2021","October 19, 2025",True
2021,529436,KS Bharat,Royal Challengers Bangalore,2000000.0,0.2,2020,,,,,,,,,,,,,,,,,,,,,,,,,,,,,,,,,,,,,False
2021,272262,Kane Richardson,Royal Challengers Bangalore,40000000.0,4.0,2020,,,,,,,,,,,,,,,,,,,,,,,,,,,,,,,,,,,,,False
2021,625960,Kyle Jamieson,Royal Challengers Bangalore,150000000.0,15.0,2020,,,,,,,,,,,,,,,,,,,,,,,,,,,,,,,,,,,,,False
2021,940733,Mohammed Azharuddeen,Royal Challengers Bangalore,2000000.0,0.2,2020,,,,,,,,,,,,,,,,,,,,,,,,,,,,,,,,,,,,,False
2021,940973,Mohammed Siraj,Royal Challengers Bangalore,26000000.0,2.6,2020,Mohammed Siraj,"March 13, 1994, Hyderabad",32y 113d,India,Bowler,2017 - 2026,IPL 2020/21,RCB,9.0,3,2,17,10*,17.00,14,121.42,0,0,2,0,4.0,0.0,11,8.68,163,3/8,3/8,21.45,14.8,0,0,0,"November 04, 2017","February 07, 2026","January 15, 2019","January 18, 2026",True
2021,700167,Navdeep Saini,Royal Challengers Bangalore,30000000.0,3.0,2020,Navdeep Amarjeet Saini,"November 23, 1992, Karnal, Haryana",33y 224d,India,Bowler,2019 - 2021,IPL 2020/21,RCB,13.0,3,2,27,12*,27.00,27,100.00,0,0,3,0,2.0,0.0,6,8.29,274,2/25,2/25,63.16,45.6,0,0,0,"August 03, 2019","July 28, 2021","December 22, 2019","July 23, 2021",True
2021,422104,Pavan Deshpande,Royal Challengers Bangalore,2000000.0,0.2,2020,,,,,,,,,,,,,,,,,,,,,,,,,,,,,,,,,,,,,False
2021,823703,Rajat Patidar,Royal Challengers Bangalore,2000000.0,0.2,2020,,,,,,,,,,,,,,,,,,,,,,,,,,,,,,,,,,,,,False
2021,432783,Sachin Baby,Royal Challengers Bangalore,2000000.0,0.2,2020,,,,,,,,,,,,,,,,,,,,,,,,,,,,,,,,,,,,,False
2021,1159711,Shahbaz Ahmed,Royal Challengers Bangalore,2000000.0,0.2,2020,Shahbaz Ahmed,"December 11, 1994, Mewat, Haryana",31y 206d,India,Allrounder,2022 - 2025,IPL 2020/21,RCB,2.0,1,1,1,1*,-,1,100.00,0,0,0,0,1.0,0.0,2,7.33,36,2/26,2/26,22.00,18.0,0,0,0,"October 06, 2023","October 07, 2023","October 09, 2022","December 04, 2022",True
2021,1083851,Suyash Prabhudessai,Royal Challengers Bangalore,2000000.0,0.2,2020,,,,,,,,,,,,,,,,,,,,,,,,,,,,,,,,,,,,,False
2021,253802,Virat Kohli,Royal Challengers Bangalore,170000000.0,17.0,2020,Virat Kohli,"November 05, 1988, Delhi",37y 244d,India,Top order Batter,2008 - 2026,IPL 2020/21,RCB,15.0,15,4,466,90*,42.36,384,121.35,0,3,23,11,3.0,0.0,-,-,-,-,-,-,-,-,-,-,"June 12, 2010","June 29, 2024","August 18, 2008","January 18, 2026",True
2021,719715,Washington Sundar,Royal Challengers Bangalore,32000000.0,3.2,2020,Washington Sundar,"October 05, 1999, Chennai, Tamil Nadu",26y 272d,India,Bowling Allrounder,2017 - 2026,IPL 2020/21,RCB,15.0,9,3,111,30,18.50,95,116.84,0,0,10,2,0.0,0.0,8,5.96,300,2/16,2/16,37.25,37.5,0,0,0,"December 24, 2017","June 26, 2026","December 13, 2017","June 20, 2026",True
2021,430246,Yuzvendra Chahal,Royal Challengers Bangalore,60000000.0,6.0,2020,Yuzvendra Singh Chahal,"July 23, 1990, Jind, Haryana",35y 348d,India,Bowler,2016 - 2024,IPL 2020/21,RCB,15.0,2,1,1,1,1.00,3,33.33,0,0,0,0,1.0,0.0,21,7.08,343,3/18,3/18,19.28,16.3,0,0,0,"June 18, 2016","August 13, 2023","June 11, 2016","January 24, 2023",True
2021,1175485,Abdul Samad,Sunrisers Hyderabad,2000000.0,0.2,2020,Abdul Samad Farooq,"October 28, 2001, Kala Kot, Jammu & Kashmir",24y 250d,India,Batter,-,IPL 2020/21,SRH,12.0,8,3,111,33,22.20,65,170.76,0,0,8,6,5.0,0.0,1,13.71,42,1/41,1/41,96.00,42.0,0,0,0,,,,,True
2021,1070183,Abhishek Sharma,Sunrisers Hyderabad,5500000.0,0.55,2020,Abhishek Sharma,"September 04, 2000, Amritsar, Punjab",25y 306d,India,Batting Allrounder,2024 - 2026,IPL 2020/21,SRH,8.0,7,2,71,31,14.20,56,126.78,0,0,6,3,1.0,0.0,2,9.10,60,1/15,1/15,45.50,30.0,0,0,0,"July 06, 2024","July 04, 2026",,,True
2021,732291,Basil Thampi,Sunrisers Hyderabad,9500000.0,0.95,2020,Basil Thampi,"September 11, 1993, Ernakulam, Kerala",32y 296d,India,Bowler,-,IPL 2020/21,SRH,1.0,-,-,-,-,-,-,-,-,-,-,-,0.0,0.0,1,11.50,24,1/46,1/46,46.00,24.0,0,0,0,,,,,True
2021,326016,Bhuvneshwar Kumar,Sunrisers Hyderabad,85000000.0,8.5,2020,Bhuvneshwar Kumar Singh,"February 05, 1990, Meerut, Uttar Pradesh",36y 150d,India,Bowler,2012 - 2022,IPL 2020/21,SRH,4.0,1,0,0,0,0.00,2,0.00,0,0,0,0,0.0,0.0,3,6.98,85,2/25,2/25,33.00,28.3,0,0,0,"December 25, 2012","November 22, 2022","December 30, 2012","January 21, 2022",True
2021,219889,David Warner,Sunrisers Hyderabad,125000000.0,12.5,2020,David Andrew Warner,"October 27, 1986, Paddington, New South Wales",39y 250d,Australia,Opening Batter,2009 - 2024,IPL 2020/21,SRH,16.0,16,2,548,85*,39.14,407,134.64,0,4,52,14,12.0,0.0,0,12.00,1,-,-,-,-,0,0,0,"January 11, 2009","June 24, 2024","January 18, 2009","November 19, 2023",True
2021,527663,Jagadeesha Suchith,Sunrisers Hyderabad,3000000.0,0.3,2020,,,,,,,,,,,,,,,,,,,,,,,,,,,,,,,,,,,,,False
2021,391485,Jason Holder,Sunrisers Hyderabad,7500000.0,0.75,2020,Jason Omar Holder,"November 05, 1991, Barbados",34y 236d,West Indies,Bowling Allrounder,2013 - 2026,IPL 2020/21,SRH,7.0,4,2,66,26*,33.00,53,124.52,0,0,5,3,0.0,0.0,14,8.32,168,3/25,3/25,16.64,12.0,0,0,0,"January 15, 2014","June 14, 2026","February 01, 2013","July 01, 2023",True
2021,297433,Jonny Bairstow,Sunrisers Hyderabad,22000000.0,2.2,2020,Jonathan Marc Bairstow,"September 26, 1989, Bradford, Yorkshire",36y 283d,England,Wicketkeeper Batter,2011 - 2024,IPL 2020/21,SRH,11.0,11,0,345,97,31.36,272,126.83,0,3,31,13,7.0,1.0,-,-,-,-,-,-,-,-,-,-,"September 23, 2011","June 27, 2024","September 16, 2011","November 11, 2023",True
2021,277906,Kane Williamson,Sunrisers Hyderabad,30000000.0,3.0,2020,Kane Stuart Williamson,"August 08, 1990, Tauranga",35y 330d,New Zealand,Top order Batter,2010 - 2026,IPL 2020/21,SRH,12.0,11,4,317,67,45.28,237,133.75,0,3,26,10,6.0,0.0,0,12.00,12,-,-,-,-,0,0,0,"October 15, 2011","June 17, 2024","August 10, 2010","October 29, 2025",True
2021,290716,Kedar Jadhav,Sunrisers Hyderabad,20000000.0,2.0,2020,Kedar Mahadav Jadhav,"March 26, 1985, Pune, Maharashtra",41y 95d,India,Batting Allrounder,2014 - 2020,IPL 2020/21,CSK,8.0,5,2,62,26,20.66,66,93.93,0,0,7,0,1.0,0.0,-,-,-,-,-,-,-,-,-,-,"July 17, 2015","October 10, 2017","November 16, 2014","February 08, 2020",True
2021,942645,Khaleel Ahmed,Sunrisers Hyderabad,30000000.0,3.0,2020,Khaleel Khursheed Ahmed,"December 05, 1997, Tonk, Rajasthan",28y 214d,India,Bowler,2018 - 2024,IPL 2020/21,SRH,7.0,1,0,0,0,0.00,2,0.00,0,0,0,0,1.0,0.0,8,9.42,154,2/24,2/24,30.25,19.2,0,0,0,"November 04, 2018","July 30, 2024","September 18, 2018","August 14, 2019",True
2021,290630,Manish Pandey,Sunrisers Hyderabad,110000000.0,11.0,2020,Manish Krishnanand Pandey,"September 10, 1989, Nainital, Uttaranchal",36y 297d,India,Top order Batter,2015 - 2021,IPL 2020/21,SRH,16.0,15,2,425,83*,32.69,333,127.62,0,3,35,18,7.0,0.0,-,-,-,-,-,-,-,-,-,-,"July 17, 2015","December 04, 2020","July 14, 2015","July 23, 2021",True
2021,272450,Mitchell Marsh,Sunrisers Hyderabad,20000000.0,2.0,2020,Mitchell Ross Marsh,"October 20, 1991, Attadale, Perth",34y 257d,Australia,Allrounder,2011 - 2026,IPL 2020/21,SRH,1.0,1,0,0,0,0.00,1,0.00,0,0,0,0,0.0,0.0,0,9.00,4,-,-,-,-,0,0,0,"October 16, 2011","June 21, 2026","October 19, 2011","October 25, 2025",True
2021,25913,Mohammad Nabi,Sunrisers Hyderabad,10000000.0,1.0,2020,Mohammad Nabi,"January 01, 1985, Loger, Afghanistan",41y 187d,Afghanistan,Allrounder,2009 - 2026,IPL 2020/21,SRH,1.0,1,1,11,11*,-,8,137.50,0,0,2,0,0.0,0.0,0,5.75,24,-,-,-,-,0,0,0,"February 01, 2010","February 19, 2026","April 19, 2009","June 20, 2026",True
2021,974109,Mujeeb Ur Rahman,Sunrisers Hyderabad,15000000.0,1.5,2020,Mujeeb Ur Rahman,"March 28, 2001, Khost",25y 101d,Afghanistan,Bowler,2017 - 2026,IPL 2020/21,PBKS,2.0,1,0,1,1,1.00,3,33.33,0,0,0,0,0.0,0.0,0,10.37,48,-,-,-,-,0,0,0,"February 05, 2018","February 19, 2026","December 05, 2017","November 10, 2023",True
2021,1070180,Priyam Garg,Sunrisers Hyderabad,19000000.0,1.9,2020,Priyam K Garg,"November 30, 2000, Meerut, Uttar Pradesh",25y 219d,India,Top order Batter,-,IPL 2020/21,SRH,14.0,10,1,133,51*,14.77,111,119.81,0,1,9,4,6.0,0.0,-,-,-,-,-,-,-,-,-,-,,,,,True
2021,793463,Rashid Khan,Sunrisers Hyderabad,90000000.0,9.0,2020,Rashid Khan Arman,"September 20, 1998, Nangarhar",27y 287d,Afghanistan,Bowling Allrounder,2015 - 2026,IPL 2020/21,SRH,16.0,7,3,35,14,8.75,30,116.66,0,0,3,2,3.0,0.0,20,5.37,384,3/7,3/7,17.20,19.2,0,0,0,"October 26, 2015","February 19, 2026","October 18, 2015","June 20, 2026",True
2021,438362,Sandeep Sharma,Sunrisers Hyderabad,30000000.0,3.0,2020,Sandeep Sharma,"May 18, 1993, Patiala, Punjab",33y 48d,India,Bowler,2015 - 2015,IPL 2020/21,SRH,13.0,5,3,12,9,6.00,15,80.00,0,0,1,0,0.0,0.0,14,7.19,312,3/34,3/34,26.71,22.2,0,0,0,"July 17, 2015","July 19, 2015",,,True
2021,31872,Shahbaz Nadeem,Sunrisers Hyderabad,32000000.0,3.2,2020,Shahbaz Nadeem,"August 12, 1989, Bokaro, Bihar",36y 326d,India,Bowler,2019 - 2021,IPL 2020/21,SRH,7.0,2,1,7,5,7.00,8,87.50,0,0,1,0,1.0,0.0,5,8.09,132,2/19,2/19,35.60,26.4,0,0,0,,,,,True
2021,302579,Shreevats Goswami,Sunrisers Hyderabad,10000000.0,1.0,2020,Shreevats Pratyush Goswami,"May 18, 1989, Calcutta (now Kolkata), Bengal",37y 48d,India,Wicketkeeper Batter,-,IPL 2020/21,SRH,2.0,2,0,0,0,0.00,4,0.00,0,0,0,0,1.0,0.0,-,-,-,-,-,-,-,-,-,-,,,,,True
2021,326017,Siddarth Kaul,Sunrisers Hyderabad,38000000.0,3.8,2020,Siddarth Kaul,"May 19, 1990, Pathankot, Punjab",36y 49d,India,Bowler,2018 - 2019,IPL 2020/21,SRH,1.0,-,-,-,-,-,-,-,-,-,-,-,0.0,0.0,2,16.00,24,2/64,2/64,32.00,12.0,0,0,0,"June 29, 2018","February 27, 2019","July 12, 2018","September 25, 2018",True
2021,802575,T Natarajan,Sunrisers Hyderabad,4000000.0,0.4,2020,Thangarasu Natarajan,"April 04, 1991, Salem",35y 91d,India,Bowler,2020 - 2021,IPL 2020/21,SRH,16.0,3,3,3,3*,-,5,60.00,0,0,0,0,3.0,0.0,16,8.02,377,2/24,2/24,31.50,23.5,0,0,0,"December 04, 2020","March 20, 2021","December 02, 2020","March 28, 2021",True
2021,477021,Vijay Shankar,Sunrisers Hyderabad,32000000.0,3.2,2020,Vijay Shankar,"January 26, 1991, Tirunelveli, Tamil Nadu",35y 154d,India,Allrounder,2018 - 2019,IPL 2020/21,SRH,7.0,5,1,97,52*,24.25,96,101.04,0,1,10,1,1.0,0.0,4,6.22,79,1/11,1/11,20.50,19.7,0,0,0,"March 06, 2018","February 27, 2019","January 18, 2019","June 27, 2019",True
2021,720465,Virat Singh,Sunrisers Hyderabad,19000000.0,1.9,2020,,,,,,,,,,,,,,,,,,,,,,,,,,,,,,,,,,,,,False
2021,279810,Wriddhiman Saha,Sunrisers Hyderabad,12000000.0,1.2,2020,Wriddhiman Prasanta Saha,"October 24, 1984, Shaktigarh, Siliguri, Bengal, India",41y 248d,India,Wicketkeeper Batter,2010 - 2021,IPL 2020/21,SRH,4.0,4,1,214,87,71.33,153,139.86,0,2,24,5,2.0,1.0,-,-,-,-,-,-,-,-,-,-,,,"November 28, 2010","November 09, 2014",True
2022,450860,Adam Milne,Chennai Super Kings,19000000.0,1.9,2021,Adam Fraser Milne,"April 13, 1992, Palmerston North",34y 77d,New Zealand,Bowler,2010 - 2025,IPL 2021,MI,4.0,3,1,16,15,8.00,17,94.11,0,0,0,1,2.0,0.0,3,9.35,84,2/21,2/21,43.66,28.0,0,0,0,"December 26, 2010","July 26, 2025","November 10, 2012","November 19, 2024",True
2022,33141,Ambati Rayudu,Chennai Super Kings,67500000.0,6.75,2021,Ambati Thirupathi Rayudu,"September 23, 1985, Guntur, Andhra Pradesh",40y 279d,India,Middle order Batter,2013 - 2019,IPL 2021,CSK,16.0,13,4,257,72*,28.55,170,151.17,0,2,16,17,2.0,0.0,-,-,-,-,-,-,-,-,-,-,"September 07, 2014","June 22, 2016","July 24, 2013","March 08, 2019",True
2022,1252050,Bhagath Varma,Chennai Super Kings,2000000.0,0.2,2021,,,,,,,,,,,,,,,,,,,,,,,,,,,,,,,,,,,,,False
2022,288992,Chris Jordan,Chennai Super Kings,36000000.0,3.6,2021,Christopher James Jordan,"October 04, 1988, Barbados",37y 268d,England,Bowler,2013 - 2024,IPL 2021,PBKS,4.0,2,0,32,30,16.00,21,152.38,0,0,1,3,0.0,0.0,4,8.00,72,2/20,2/20,24.00,18.0,0,0,0,"February 02, 2014","June 27, 2024","September 16, 2013","November 17, 2022",True
2022,447261,Deepak Chahar,Chennai Super Kings,140000000.0,14.0,2021,Deepak Lokandersingh Chahar,"August 07, 1992, Agra, Uttar Pradesh",33y 326d,India,Bowler,2018 - 2023,IPL 2021,CSK,15.0,2,2,1,1*,-,1,100.00,0,0,0,0,5.0,0.0,14,8.35,324,4/13,4/13,32.21,23.1,2,0,0,"July 08, 2018","December 01, 2023","September 25, 2018","December 07, 2022",True
2022,379140,Devon Conway,Chennai Super Kings,10000000.0,1.0,2021,,,,,,,,,,,,,,,,,,,,,,,,,,,,,,,,,,,,,False
2022,327830,Dwaine Pretorius,Chennai Super Kings,5000000.0,0.5,2021,,,,,,,,,,,,,,,,,,,,,,,,,,,,,,,,,,,,,False
2022,51439,Dwayne Bravo,Chennai Super Kings,44000000.0,4.4,2021,Dwayne John Bravo,"October 07, 1983, Santa Cruz, Trinidad",42y 265d,West Indies,Allrounder,2004 - 2021,IPL 2021,CSK,11.0,3,2,47,23,47.00,18,261.11,0,0,3,4,2.0,0.0,14,7.81,202,3/24,3/24,18.78,14.4,0,0,0,"February 16, 2006","November 06, 2021","April 18, 2004","October 17, 2014",True
2022,1048847,Hari Nishaanth,Chennai Super Kings,2000000.0,0.2,2021,,,,,,,,,,,,,,,,,,,,,,,,,,,,,,,,,,,,,False
2022,1083030,KM Asif,Chennai Super Kings,2000000.0,0.2,2021,KM Asif,"July 24, 1993, Edavanna,Malappuram",32y 340d,India,Bowler,-,IPL 2021,CSK,1.0,-,-,-,-,-,-,-,-,-,-,-,0.0,0.0,1,8.30,13,1/18,1/18,18.00,13.0,0,0,0,,,,,True
2022,28081,MS Dhoni,Chennai Super Kings,120000000.0,12.0,2021,Mahendra Singh Dhoni,"July 07, 1981, Ranchi, Bihar (now Jharkhand)",44y 357d,India,Wicketkeeper Batter,2004 - 2019,IPL 2021,CSK,16.0,11,4,114,18*,16.28,107,106.54,0,0,12,3,13.0,0.0,-,-,-,-,-,-,-,-,-,-,"December 01, 2006","February 27, 2019","December 23, 2004","India
                              vs New Zealand at Manchester - July 09 - 10, 2019",True
2022,1138316,Maheesh Theekshana,Chennai Super Kings,7000000.0,0.7,2021,,,,,,,,,,,,,,,,,,,,,,,,,,,,,,,,,,,,,False
2022,502714,Mitchell Santner,Chennai Super Kings,19000000.0,1.9,2021,,,,,,,,,,,,,,,,,,,,,,,,,,,,,,,,,,,,,False
2022,8917,Moeen Ali,Chennai Super Kings,80000000.0,8.0,2021,Moeen Munir Ali,"June 18, 1987, Birmingham",39y 11d,England,Batting Allrounder,2014 - 2024,IPL 2021,CSK,15.0,15,1,357,58,25.50,260,137.30,0,1,31,19,7.0,0.0,6,6.35,152,3/7,3/7,26.83,25.3,0,0,0,"March 11, 2014","June 27, 2024","February 28, 2014","November 11, 2023",True
2022,1125688,Mukesh Choudhary,Chennai Super Kings,2000000.0,0.2,2021,,,,,,,,,,,,,,,,,,,,,,,,,,,,,,,,,,,,,False
2022,1048813,N Jagadeesan,Chennai Super Kings,2000000.0,0.2,2021,,,,,,,,,,,,,,,,,,,,,,,,,,,,,,,,,,,,,False
2022,1252337,Prashant Solanki,Chennai Super Kings,12000000.0,1.2,2021,,,,,,,,,,,,,,,,,,,,,,,,,,,,,,,,,,,,,False
2022,1175429,Rajvardhan Hangargekar,Chennai Super Kings,15000000.0,1.5,2021,,,,,,,,,,,,,,,,,,,,,,,,,,,,,,,,,,,,,False
2022,234675,Ravindra Jadeja,Chennai Super Kings,160000000.0,16.0,2021,Ravindrasinh Anirudhsinh Jadeja,"December 06, 1988, Navagam-Khed, Saurashtra",37y 205d,India,Allrounder,2009 - 2026,IPL 2021,CSK,16.0,12,9,227,62*,75.66,156,145.51,0,1,19,9,13.0,0.0,13,7.06,294,3/13,3/13,26.61,22.6,0,0,0,"February 10, 2009","June 29, 2024","February 08, 2009","January 18, 2026",True
2022,35582,Robin Uthappa,Chennai Super Kings,20000000.0,2.0,2021,Robin Venu Uthappa,"November 11, 1985, Coorg, Karnataka",40y 230d,India,Batter,2006 - 2015,IPL 2021,CSK,4.0,4,0,115,63,28.75,84,136.90,0,1,8,5,0.0,0.0,-,-,-,-,-,-,-,-,-,-,"September 13, 2007","July 19, 2015","April 15, 2006","July 14, 2015",True
2022,1060380,Ruturaj Gaikwad,Chennai Super Kings,60000000.0,6.0,2021,Ruturaj Dashrat Gaikwad,"January 31, 1997, Pune, Maharashtra",29y 149d,India,Batter,2021 - 2025,IPL 2021,CSK,16.0,16,2,635,101*,45.35,466,136.26,1,4,64,23,6.0,0.0,-,-,-,-,-,-,-,-,-,-,"July 28, 2021","July 13, 2024","October 06, 2022","December 06, 2025",True
2022,714451,Shivam Dube,Chennai Super Kings,40000000.0,4.0,2021,Shivam Dube,"June 26, 1993, Mumbai",33y 3d,India,Allrounder,2019 - 2026,IPL 2021,RR,9.0,9,1,230,64*,28.75,193,119.17,0,1,18,10,2.0,0.0,0,9.80,30,-,-,-,-,0,0,0,"November 03, 2019","June 28, 2026","December 15, 2019","August 07, 2024",True
2022,1159722,Simarjeet Singh,Chennai Super Kings,2000000.0,0.2,2021,,,,,,,,,,,,,,,,,,,,,,,,,,,,,,,,,,,,,False
2022,1059577,Subhranshu Senapati,Chennai Super Kings,2000000.0,0.2,2021,,,,,,,,,,,,,,,,,,,,,,,,,,,,,,,,,,,,,False
2022,822553,Tushar Deshpande,Chennai Super Kings,2000000.0,0.2,2021,,,,,,,,,,,,,,,,,,,,,,,,,,,,,,,,,,,,,False
2022,481979,Anrich Nortje,Delhi Capitals,65000000.0,6.5,2021,Anrich Arno Nortje,"November 16, 1993",32y 230d,South Africa,Bowler,2019 - 2026,IPL 2021,DC,8.0,-,-,-,-,-,-,-,-,-,-,-,1.0,0.0,12,6.16,182,2/12,2/12,15.58,15.1,0,0,0,"September 18, 2019","March 01, 2026","March 03, 2019","September 09, 2023",True
2022,801019,Ashwin Hebbar,Delhi Capitals,2000000.0,0.2,2021,,,,,,,,,,,,,,,,,,,,,,,,,,,,,,,,,,,,,False
2022,554691,Axar Patel,Delhi Capitals,90000000.0,9.0,2021,Axar Rajeshbhai Patel,"January 20, 1994, Anand, Gujarat",32y 165d,India,Allrounder,2014 - 2026,IPL 2021,DC,12.0,6,1,40,12,8.00,46,86.95,0,0,2,1,4.0,0.0,15,6.65,276,3/21,3/21,20.40,18.4,0,0,0,"July 17, 2015","July 01, 2026","June 15, 2014","October 25, 2025",True
2022,1131754,Chetan Sakariya,Delhi Capitals,42000000.0,4.2,2021,Chetan Sakariya,"February 28, 1998, Bhavnagar",28y 126d,India,Bowler,2021 - 2021,IPL 2021,RR,14.0,6,1,16,7,3.20,25,64.00,0,0,2,0,4.0,0.0,14,8.19,312,3/31,3/31,30.42,22.2,0,0,0,"July 28, 2021","July 29, 2021","July 23, 2021","July 28, 2021",True
2022,219889,David Warner,Delhi Capitals,62500000.0,6.25,2021,David Andrew Warner,"October 27, 1986, Paddington, New South Wales",39y 250d,Australia,Opening Batter,2009 - 2024,IPL 2021,SRH,8.0,8,0,195,57,24.37,181,107.73,0,2,15,6,2.0,0.0,-,-,-,-,-,-,-,-,-,-,"January 11, 2009","June 24, 2024","January 18, 2009","November 19, 2023",True
2022,529436,KS Bharat,Delhi Capitals,20000000.0,2.0,2021,,,,,,,,,,,,,,,,,,,,,,,,,,,,,,,,,,,,,False
2022,1070188,Kamlesh Nagarkoti,Delhi Capitals,11000000.0,1.1,2021,Kamlesh Lachham Nagarkoti,"December 28, 1999, Barmer, Rajasthan",26y 188d,India,Bowler,-,IPL 2021,KKR,1.0,1,0,0,0,0.00,2,0.00,0,0,0,0,0.0,0.0,0,12.50,12,-,-,-,-,0,0,0,,,,,True
2022,942645,Khaleel Ahmed,Delhi Capitals,52500000.0,5.25,2021,Khaleel Khursheed Ahmed,"December 05, 1997, Tonk, Rajasthan",28y 214d,India,Bowler,2018 - 2024,IPL 2021,SRH,7.0,1,0,1,1,1.00,2,50.00,0,0,0,0,0.0,0.0,5,8.11,162,3/21,3/21,43.80,32.4,0,0,0,"November 04, 2018","July 30, 2024","September 18, 2018","August 14, 2019",True
2022,559235,Kuldeep Yadav,Delhi Capitals,20000000.0,2.0,2021,,,,,,,,,,,,,,,,,,,,,,,,,,,,,,,,,,,,,False
2022,930189,Lalit Yadav,Delhi Capitals,6500000.0,0.65,2021,Lalit Yadav,"January 03, 1997, Delhi",29y 182d,India,Allrounder,-,IPL 2021,DC,7.0,5,3,68,22*,34.00,73,93.15,0,0,7,0,5.0,0.0,4,7.21,84,2/13,2/13,25.25,21.0,0,0,0,,,,,True
2022,542023,Lungi Ngidi,Delhi Capitals,5000000.0,0.5,2021,Lungisani True-man Ngidi,"March 29, 1996, Durban, Natal",30y 92d,South Africa,Bowler,2017 - 2026,IPL 2021,CSK,3.0,-,-,-,-,-,-,-,-,-,-,-,1.0,0.0,5,10.41,72,3/28,3/28,25.00,14.4,0,0,0,"January 20, 2017","March 04, 2026","February 07, 2018","December 06, 2025",True
2022,398506,Mandeep Singh,Delhi Capitals,11000000.0,1.1,2021,Mandeep Singh,"December 18, 1991, Jalandhar, Punjab",34y 198d,India,Allrounder,2016 - 2016,IPL 2021,PBKS,1.0,1,0,15,15,15.00,14,107.14,0,0,2,0,1.0,0.0,-,-,-,-,-,-,-,-,-,-,"June 18, 2016","June 22, 2016",,,True
2022,272450,Mitchell Marsh,Delhi Capitals,65000000.0,6.5,2021,,,,,,,,,,,,,,,,,,,,,,,,,,,,,,,,,,,,,False
2022,330902,Mustafizur Rahman,Delhi Capitals,20000000.0,2.0,2021,Mustafizur Rahman,"September 06, 1995, Satkhira",30y 296d,Bangladesh,Bowler,2015 - 2026,IPL 2021,RR,14.0,5,5,8,8*,-,14,57.14,0,0,0,1,1.0,0.0,14,8.41,311,3/20,3/20,31.14,22.2,0,0,0,"April 24, 2015","June 19, 2026","June 18, 2015","June 14, 2026",True
2022,777515,Praveen Dubey,Delhi Capitals,5000000.0,0.5,2021,,,,,,,,,,,,,,,,,,,,,,,,,,,,,,,,,,,,,False
2022,1070168,Prithvi Shaw,Delhi Capitals,75000000.0,7.5,2021,Prithvi Pankaj Shaw,"November 09, 1999, Thane, Maharashtra",26y 237d,India,Opening Batter,2018 - 2021,IPL 2021,DC,15.0,15,0,479,82,31.93,301,159.13,0,4,56,18,1.0,0.0,-,-,-,-,-,-,-,-,-,-,"India vs West Indies  at Rajkot - October 04 - 06, 2018","Australia vs India  at Adelaide - December 17 - 19, 2020","February 05, 2020","July 23, 2021",True
2022,1201520,Ripal Patel,Delhi Capitals,2000000.0,0.2,2021,,,,,,,,,,,,,,,,,,,,,,,,,,,,,,,,,,,,,False
2022,931581,Rishabh Pant,Delhi Capitals,160000000.0,16.0,2021,Rishabh Rajendra Pant,"October 04, 1997, Haridwar, Uttarakhand",28y 273d,India,Wicketkeeper Batter,2017 - 2026,IPL 2021,DC,16.0,16,4,419,58*,34.91,326,128.52,0,3,42,10,10.0,3.0,-,-,-,-,-,-,-,-,-,-,"February 01, 2017","July 28, 2024","October 21, 2018","August 07, 2024",True
2022,820351,Rovman Powell,Delhi Capitals,28000000.0,2.8,2021,,,,,,,,,,,,,,,,,,,,,,,,,,,,,,,,,,,,,False
2022,642525,Sarfaraz Khan,Delhi Capitals,2000000.0,0.2,2021,Sarfaraz Naushad Khan,"October 22, 1997, Mumbai",28y 250d,India,Middle order Batter,2024 - 2024,IPL 2021,PBKS,2.0,2,0,0,0,0.00,4,0.00,0,0,0,0,2.0,0.0,-,-,-,-,-,-,-,-,-,-,,,,,True
2022,475281,Shardul Thakur,Delhi Capitals,107500000.0,10.75,2021,Shardul Narendra Thakur,"October 16, 1991, Palghar, Maharashtra",34y 256d,India,Bowling Allrounder,2017 - 2025,IPL 2021,CSK,16.0,4,2,5,3*,2.50,5,100.00,0,0,0,0,2.0,0.0,21,8.80,359,3/28,3/28,25.09,17.0,0,0,0,"February 21, 2018","February 20, 2022","August 31, 2017","October 19, 2023",True
2022,625964,Tim Seifert,Delhi Capitals,5000000.0,0.5,2021,Tim Louis Seifert,"December 14, 1994, Wanganui",31y 202d,New Zealand,Wicketkeeper Batter,2018 - 2026,IPL 2021,KKR,1.0,1,0,2,2,2.00,4,50.00,0,0,0,0,0.0,0.0,-,-,-,-,-,-,-,-,-,-,"February 13, 2018","March 08, 2026","January 03, 2019","April 05, 2025",True
2022,1292520,Vicky Ostwal,Delhi Capitals,2000000.0,0.2,2021,,,,,,,,,,,,,,,,,,,,,,,,,,,,,,,,,,,,,False
2022,1292498,Yash Dhull,Delhi Capitals,5000000.0,0.5,2021,,,,,,,,,,,,,,,,,,,,,,,,,,,,,,,,,,,,,False
2022,778963,Abhinav Manohar,Gujarat Titans,26000000.0,2.6,2021,,,,,,,,,,,,,,,,,,,,,,,,,,,,,,,,,,,,,False
2022,670031,Alzarri Joseph,Gujarat Titans,24000000.0,2.4,2021,,,,,,,,,,,,,,,,,,,,,,,,,,,,,,,,,,,,,False
2022,1111917,Darshan Nalkande,Gujarat Titans,2000000.0,0.2,2021,,,,,,,,,,,,,,,,,,,,,,,,,,,,,,,,,,,,,False
2022,321777,David Miller,Gujarat Titans,30000000.0,3.0,2021,David Andrew Miller,"June 10, 1989, Pietermaritzburg, Natal",37y 24d,South Africa,Middle order Batter,2010 - 2026,IPL 2021,RR,9.0,8,3,124,62,24.80,113,109.73,0,1,11,3,4.0,0.0,-,-,-,-,-,-,-,-,-,-,"May 20, 2010","March 04, 2026","May 22, 2010","March 05, 2025",True
2022,906749,Dominic Drakes,Gujarat Titans,12000000.0,1.2,2021,,,,,,,,,,,,,,,,,,,,,,,,,,,,,,,,,,,,,False
2022,537124,Gurkeerat Singh Mann,Gujarat Titans,5000000.0,0.5,2021,,,,,,,,,,,,,,,,,,,,,,,,,,,,,,,,,,,,,False
2022,625371,Hardik Pandya,Gujarat Titans,150000000.0,15.0,2021,Hardik Himanshu Pandya,"October 11, 1993, Choryasi, Gujarat",32y 266d,India,Allrounder,2016 - 2026,IPL 2021,MI,12.0,11,2,127,40*,14.11,112,113.39,0,0,11,5,4.0,0.0,-,-,-,-,-,-,-,-,-,-,"January 26, 2016","March 08, 2026","October 16, 2016","March 09, 2025",True
2022,298438,Jason Roy,Gujarat Titans,20000000.0,2.0,2021,Jason Jonathan Roy,"July 21, 1990, Durban, South Africa",35y 348d,England,Opening Batter,2014 - 2023,IPL 2021,SRH,5.0,5,0,150,60,30.00,121,123.96,0,1,21,1,3.0,0.0,-,-,-,-,-,-,-,-,-,-,"September 07, 2014","July 31, 2022","May 08, 2015","March 06, 2023",True
2022,447587,Jayant Yadav,Gujarat Titans,17000000.0,1.7,2021,Jayant Yadav,"January 22, 1990, Delhi",36y 163d,India,Bowler,2016 - 2022,IPL 2021,MI,5.0,3,1,34,23,17.00,26,130.76,0,0,2,1,2.0,0.0,2,7.64,102,1/25,1/25,65.00,51.0,0,0,0,,,"October 29, 2016","January 23, 2022",True
2022,493773,Lockie Ferguson,Gujarat Titans,100000000.0,10.0,2021,Lachlan Hammond Ferguson,"June 13, 1991, Auckland",35y 21d,New Zealand,Bowler,2016 - 2026,IPL 2021,KKR,8.0,3,3,18,18*,-,11,163.63,0,0,1,1,3.0,0.0,13,7.46,180,3/18,3/18,17.23,13.8,0,0,0,"January 03, 2017","March 20, 2026","December 04, 2016","November 15, 2023",True
2022,230193,Matthew Wade,Gujarat Titans,24000000.0,2.4,2021,,,,,,,,,,,,,,,,,,,,,,,,,,,,,,,,,,,,,False
2022,481896,Mohammed Shami,Gujarat Titans,62500000.0,6.25,2021,Mohammed Shami Ahmed,"September 03, 1990, Amroha, Uttar Pradesh",35y 304d,India,Bowler,2013 - 2025,IPL 2021,PBKS,14.0,4,3,13,9*,13.00,17,76.47,0,0,0,0,1.0,0.0,19,7.50,316,3/21,3/21,20.78,16.6,0,0,0,"March 21, 2014","February 02, 2025","January 06, 2013","March 09, 2025",True
2022,1182529,Noor Ahmad,Gujarat Titans,3000000.0,0.3,2021,,,,,,,,,,,,,,,,,,,,,,,,,,,,,,,,,,,,,False
2022,279545,Pradeep Sangwan,Gujarat Titans,2000000.0,0.2,2021,,,,,,,,,,,,,,,,,,,,,,,,,,,,,,,,,,,,,False
2022,1048739,R Sai Kishore,Gujarat Titans,30000000.0,3.0,2021,,,,,,,,,,,,,,,,,,,,,,,,,,,,,,,,,,,,,False
2022,423838,Rahul Tewatia,Gujarat Titans,90000000.0,9.0,2021,Rahul Tewatia,"May 20, 1993, Sihi, Haryana",33y 45d,India,Bowling Allrounder,-,IPL 2021,RR,14.0,11,1,155,44,15.50,147,105.44,0,0,11,6,2.0,0.0,8,9.18,222,3/39,3/39,42.50,27.7,0,0,0,,,,,True
2022,793463,Rashid Khan,Gujarat Titans,150000000.0,15.0,2021,Rashid Khan Arman,"September 20, 1998, Nangarhar",27y 287d,Afghanistan,Bowling Allrounder,2015 - 2026,IPL 2021,SRH,14.0,10,2,83,22,10.37,69,120.28,0,0,9,2,2.0,0.0,18,6.69,336,3/36,3/36,20.83,18.6,0,0,0,"October 26, 2015","February 19, 2026","October 18, 2015","June 20, 2026",True
2022,1151288,Sai Sudharsan,Gujarat Titans,2000000.0,0.2,2021,,,,,,,,,,,,,,,,,,,,,,,,,,,,,,,,,,,,,False
2022,1070173,Shubman Gill,Gujarat Titans,80000000.0,8.0,2021,Shubman Gill,"September 08, 1999, Fazilka, Punjab",26y 299d,India,Top order Batter,2019 - 2026,IPL 2021,KKR,17.0,17,0,478,57,28.11,402,118.90,0,3,50,12,6.0,0.0,-,-,-,-,-,-,-,-,-,-,"January 03, 2023","December 14, 2025","January 31, 2019","June 20, 2026",True
2022,360911,Varun Aaron,Gujarat Titans,5000000.0,0.5,2021,,,,,,,,,,,,,,,,,,,,,,,,,,,,,,,,,,,,,False
2022,477021,Vijay Shankar,Gujarat Titans,14000000.0,1.4,2021,Vijay Shankar,"January 26, 1991, Tirunelveli, Tamil Nadu",35y 154d,India,Allrounder,2018 - 2019,IPL 2021,SRH,7.0,5,0,58,28,11.60,52,111.53,0,0,1,3,3.0,0.0,3,9.09,66,2/19,2/19,33.33,22.0,0,0,0,"March 06, 2018","February 27, 2019","January 18, 2019","June 27, 2019",True
2022,279810,Wriddhiman Saha,Gujarat Titans,19000000.0,1.9,2021,Wriddhiman Prasanta Saha,"October 24, 1984, Shaktigarh, Siliguri, Bengal, India",41y 248d,India,Wicketkeeper Batter,2010 - 2021,IPL 2021,SRH,9.0,9,0,131,44,14.55,140,93.57,0,0,7,5,6.0,0.0,-,-,-,-,-,-,-,-,-,-,,,"November 28, 2010","November 09, 2014",True
2022,1159720,Yash Dayal,Gujarat Titans,32000000.0,3.2,2021,,,,,,,,,,,,,,,,,,,,,,,,,,,,,,,,,,,,,False
2022,1081183,Abhijeet Tomar,Kolkata Knight Riders,4000000.0,0.4,2021,,,,,,,,,,,,,,,,,,,,,,,,,,,,,,,,,,,,,False
2022,277916,Ajinkya Rahane,Kolkata Knight Riders,10000000.0,1.0,2021,Ajinkya Madhukar Rahane,"June 06, 1988, Ashwi-KD, Maharashtra",38y 23d,India,Top order Batter,2011 - 2023,IPL 2021,DC,2.0,1,0,8,8,8.00,8,100.00,0,0,1,0,0.0,0.0,-,-,-,-,-,-,-,-,-,-,"August 31, 2011","August 28, 2016","September 03, 2011","February 16, 2018",True
2022,249866,Alex Hales,Kolkata Knight Riders,15000000.0,1.5,2021,,,,,,,,,,,,,,,,,,,,,,,,,,,,,,,,,,,,,False
2022,1254269,Aman Khan,Kolkata Knight Riders,2000000.0,0.2,2021,,,,,,,,,,,,,,,,,,,,,,,,,,,,,,,,,,,,,False
2022,276298,Andre Russell,Kolkata Knight Riders,120000000.0,12.0,2021,Andre Dwayne Russell,"April 29, 1988, Jamaica",38y 66d,West Indies,Allrounder,2010 - 2025,IPL 2021,KKR,10.0,9,2,183,54,26.14,120,152.50,0,1,14,14,2.0,0.0,11,9.89,114,5/15,5/15,17.09,10.3,0,1,0,"April 21, 2011","July 22, 2025","March 11, 2011","June 17, 2019",True
2022,1079839,Anukul Roy,Kolkata Knight Riders,2000000.0,0.2,2021,,,,,,,,,,,,,,,,,,,,,,,,,,,,,,,,,,,,,False
2022,1299879,Ashok Sharma,Kolkata Knight Riders,5500000.0,0.55,2021,,,,,,,,,,,,,,,,,,,,,,,,,,,,,,,,,,,,,False
2022,477069,Baba Indrajith,Kolkata Knight Riders,2000000.0,0.2,2021,,,,,,,,,,,,,,,,,,,,,,,,,,,,,,,,,,,,,False
2022,623695,Chamika Karunaratne,Kolkata Knight Riders,5000000.0,0.5,2021,,,,,,,,,,,,,,,,,,,,,,,,,,,,,,,,,,,,,False
2022,25913,Mohammad Nabi,Kolkata Knight Riders,10000000.0,1.0,2021,Mohammad Nabi,"January 01, 1985, Loger, Afghanistan",41y 187d,Afghanistan,Allrounder,2009 - 2026,IPL 2021,SRH,3.0,3,0,34,17,11.33,20,170.00,0,0,3,2,5.0,0.0,2,10.75,48,2/32,2/32,43.00,24.0,0,0,0,"February 01, 2010","February 19, 2026","April 19, 2009","June 20, 2026",True
2022,604527,Nitish Rana,Kolkata Knight Riders,80000000.0,8.0,2021,Nitish Rana,"December 27, 1993, Delhi",32y 189d,India,Middle order Batter,2021 - 2021,IPL 2021,KKR,17.0,16,3,383,80,29.46,314,121.97,0,2,34,17,4.0,0.0,0,6.00,12,-,-,-,-,0,0,0,"July 28, 2021","July 29, 2021","July 23, 2021","July 28, 2021",True
2022,489889,Pat Cummins,Kolkata Knight Riders,72500000.0,7.25,2021,Patrick James Cummins,"May 08, 1993, Westmead, Sydney",33y 58d,Australia,Bowler,2011 - 2025,IPL 2021,KKR,7.0,5,2,93,66*,31.00,56,166.07,0,1,5,8,2.0,0.0,9,8.83,161,3/24,3/24,26.33,17.8,0,0,0,"October 13, 2011","June 24, 2024","October 19, 2011","November 08, 2024",True
2022,1083464,Pratham Singh,Kolkata Knight Riders,2000000.0,0.2,2021,,,,,,,,,,,,,,,,,,,,,,,,,,,,,,,,,,,,,False
2022,1299848,Ramesh Kumar,Kolkata Knight Riders,2000000.0,0.2,2021,,,,,,,,,,,,,,,,,,,,,,,,,,,,,,,,,,,,,False
2022,1161489,Rasikh Salam,Kolkata Knight Riders,2000000.0,0.2,2021,,,,,,,,,,,,,,,,,,,,,,,,,,,,,,,,,,,,,False
2022,723105,Rinku Singh,Kolkata Knight Riders,5500000.0,0.55,2021,,,,,,,,,,,,,,,,,,,,,,,,,,,,,,,,,,,,,False
2022,297628,Sam Billings,Kolkata Knight Riders,20000000.0,2.0,2021,,,,,,,,,,,,,,,,,,,,,,,,,,,,,,,,,,,,,False
2022,237696,Sheldon Jackson,Kolkata Knight Riders,6000000.0,0.6,2021,,,,,,,,,,,,,,,,,,,,,,,,,,,,,,,,,,,,,False
2022,1079848,Shivam Mavi,Kolkata Knight Riders,72500000.0,7.25,2021,,,,,,,,,,,,,,,,,,,,,,,,,,,,,,,,,,,,,False
2022,642519,Shreyas Iyer,Kolkata Knight Riders,122500000.0,12.25,2021,Shreyas Santosh Iyer,"December 06, 1994, Mumbai",31y 211d,India,Top order Batter,2017 - 2026,IPL 2021,DC,8.0,8,3,175,47*,35.00,171,102.33,0,0,7,5,6.0,0.0,-,-,-,-,-,-,-,-,-,-,"November 01, 2017","July 04, 2026","December 10, 2017","June 20, 2026",True
2022,230558,Sunil Narine,Kolkata Knight Riders,60000000.0,6.0,2021,Sunil Philip Narine,"May 26, 1988, Arima, Trinidad & Tobago",38y 40d,West Indies,Bowling Allrounder,2011 - 2019,IPL 2021,KKR,14.0,10,2,62,26,7.75,47,131.91,0,0,3,5,2.0,0.0,16,6.44,336,4/21,4/21,22.56,21.0,1,0,0,"March 27, 2012","August 06, 2019","December 05, 2011","October 05, 2016",True
2022,232364,Tim Southee,Kolkata Knight Riders,15000000.0,1.5,2021,Timothy Grant Southee,"December 11, 1988, Whangarei, Northland",37y 200d,New Zealand,Bowler,2008 - 2024,IPL 2021,KKR,3.0,1,0,3,3,3.00,5,60.00,0,0,0,0,2.0,0.0,3,7.91,72,2/26,2/26,31.66,24.0,0,0,0,"February 05, 2008","June 17, 2024","June 15, 2008","November 15, 2023",True
2022,376116,Umesh Yadav,Kolkata Knight Riders,20000000.0,2.0,2021,,,,,,,,,,,,,,,,,,,,,,,,,,,,,,,,,,,,,False
2022,1108375,Varun Chakravarthy,Kolkata Knight Riders,80000000.0,8.0,2021,Varun Chakravarthy Vinod,"August 29, 1991, Bidar, Karnataka",34y 310d,India,Bowler,2021 - 2026,IPL 2021,KKR,17.0,3,2,2,2*,2.00,4,50.00,0,0,0,0,1.0,0.0,18,6.58,408,3/13,3/13,24.88,22.6,0,0,0,"July 25, 2021","July 04, 2026","February 09, 2025","March 09, 2025",True
2022,851403,Venkatesh Iyer,Kolkata Knight Riders,80000000.0,8.0,2021,Venkatesh Rajasekaran Iyer,"December 25, 1994, Indore, Madhya Pradesh",31y 192d,India,Allrounder,2021 - 2022,IPL 2021,KKR,10.0,10,1,370,67,41.11,288,128.47,0,4,37,14,7.0,0.0,3,8.11,51,2/29,2/29,23.00,17.0,0,0,0,"November 17, 2021","February 27, 2022","January 19, 2022","January 21, 2022",True
2022,591650,Ankit Rajpoot,Lucknow Super Giants,5000000.0,0.5,2021,,,,,,,,,,,,,,,,,,,,,,,,,,,,,,,,,,,,,False
2022,694211,Avesh Khan,Lucknow Super Giants,100000000.0,10.0,2021,Avesh Khan,"December 13, 1996, Indore, Madhya Pradesh",29y 204d,India,Bowler,2022 - 2024,IPL 2021,DC,16.0,1,0,5,5,5.00,3,166.66,0,0,1,0,1.0,0.0,24,7.37,366,3/13,3/13,18.75,15.2,0,0,0,"February 20, 2022","November 10, 2024","July 24, 2022","December 21, 2023",True
2022,1151270,Ayush Badoni,Lucknow Super Giants,2000000.0,0.2,2021,,,,,,,,,,,,,,,,,,,,,,,,,,,,,,,,,,,,,False
2022,497121,Deepak Hooda,Lucknow Super Giants,57500000.0,5.75,2021,Deepak Jagbir Hooda,"April 19, 1995, Rohtak",31y 71d,India,Allrounder,2022 - 2023,IPL 2021,PBKS,12.0,11,1,160,64,16.00,123,130.08,0,1,9,9,7.0,0.0,2,8.50,96,1/15,1/15,68.00,48.0,0,0,0,"February 24, 2022","February 01, 2023","February 06, 2022","November 30, 2022",True
2022,552152,Dushmantha Chameera,Lucknow Super Giants,20000000.0,2.0,2021,,,,,,,,,,,,,,,,,,,,,,,,,,,,,,,,,,,,,False
2022,431901,Evin Lewis,Lucknow Super Giants,20000000.0,2.0,2021,Evin Lewis,"December 27, 1991, Port of Spain, Trinidad",34y 190d,West Indies,Opening Batter,2016 - 2026,IPL 2021,RR,5.0,5,0,151,58,30.20,93,162.36,0,1,18,7,0.0,0.0,-,-,-,-,-,-,-,-,-,-,"March 27, 2016","January 21, 2026","October 05, 2016","August 12, 2025",True
2022,391485,Jason Holder,Lucknow Super Giants,87500000.0,8.75,2021,Jason Omar Holder,"November 05, 1991, Barbados",34y 236d,West Indies,Bowling Allrounder,2013 - 2026,IPL 2021,SRH,8.0,7,1,85,47*,14.16,72,118.05,0,0,2,6,2.0,0.0,16,7.75,191,4/52,4/52,15.43,11.9,1,0,0,"January 15, 2014","June 14, 2026","February 01, 2013","July 01, 2023",True
2022,424377,K Gowtham,Lucknow Super Giants,9000000.0,0.9,2021,,,,,,,,,,,,,,,,,,,,,,,,,,,,,,,,,,,,,False
2022,422108,KL Rahul,Lucknow Super Giants,170000000.0,17.0,2021,Kannaur Lokesh Rahul,"April 18, 1992, Bangalore, Karnataka",34y 77d,India,Wicketkeeper Batter,2014 - 2026,IPL 2021,PBKS,13.0,13,3,626,98*,62.60,451,138.80,0,6,48,30,11.0,0.0,-,-,-,-,-,-,-,-,-,-,"June 18, 2016","November 10, 2022","June 11, 2016","June 17, 2026",True
2022,1246518,Karan Sharma,Lucknow Super Giants,2000000.0,0.2,2021,,,,,,,,,,,,,,,,,,,,,,,,,,,,,,,,,,,,,False
2022,471342,Krunal Pandya,Lucknow Super Giants,82500000.0,8.25,2021,Krunal Himanshu Pandya,"March 24, 1991, Ahmedabad, Gujarat",35y 103d,India,Allrounder,2018 - 2021,IPL 2021,MI,13.0,12,2,143,39,14.30,123,116.26,0,0,10,6,6.0,0.0,5,7.98,199,1/13,1/13,53.00,39.8,0,0,0,"November 04, 2018","July 25, 2021","March 23, 2021","July 20, 2021",True
2022,348056,Kyle Mayers,Lucknow Super Giants,5000000.0,0.5,2021,,,,,,,,,,,,,,,,,,,,,,,,,,,,,,,,,,,,,False
2022,532856,Manan Vohra,Lucknow Super Giants,2000000.0,0.2,2021,Manan Vohra,"July 18, 1993, Chandigarh, Punjab",32y 352d,India,Opening Batter,-,IPL 2021,RR,4.0,4,0,42,14,10.50,39,107.69,0,0,5,2,0.0,0.0,-,-,-,-,-,-,-,-,-,-,,,,,True
2022,290630,Manish Pandey,Lucknow Super Giants,46000000.0,4.6,2021,Manish Krishnanand Pandey,"September 10, 1989, Nainital, Uttaranchal",36y 297d,India,Top order Batter,2015 - 2021,IPL 2021,SRH,8.0,8,2,292,69*,48.66,236,123.72,0,3,21,10,5.0,0.0,-,-,-,-,-,-,-,-,-,-,"July 17, 2015","December 04, 2020","July 14, 2015","July 23, 2021",True
2022,325012,Marcus Stoinis,Lucknow Super Giants,92000000.0,9.2,2021,Marcus Peter Stoinis,"August 16, 1989, Perth",36y 322d,Australia,Batting Allrounder,2015 - 2026,IPL 2021,DC,10.0,7,3,89,27*,22.25,72,123.61,0,0,11,1,2.0,0.0,2,10.47,67,1/7,1/7,58.50,33.5,0,0,0,"August 31, 2015","February 20, 2026","September 11, 2015","November 10, 2024",True
2022,351588,Mark Wood,Lucknow Super Giants,75000000.0,7.5,2021,,,,,,,,,,,,,,,,,,,,,,,,,,,,,,,,,,,,,False
2022,1292563,Mayank Yadav,Lucknow Super Giants,2000000.0,0.2,2021,,,,,,,,,,,,,,,,,,,,,,,,,,,,,,,,,,,,,False
2022,1132005,Mohsin Khan,Lucknow Super Giants,2000000.0,0.2,2021,,,,,,,,,,,,,,,,,,,,,,,,,,,,,,,,,,,,,False
2022,379143,Quinton de Kock,Lucknow Super Giants,67500000.0,6.75,2021,Quinton de Kock,"December 17, 1992, Johannesburg, Gauteng",33y 200d,South Africa,Wicketkeeper Batter,2012 - 2026,IPL 2021,MI,11.0,11,1,297,70*,29.70,256,116.01,0,2,29,7,4.0,2.0,-,-,-,-,-,-,-,-,-,-,"December 21, 2012","March 04, 2026","January 19, 2013","December 06, 2025",True
2022,1175441,Ravi Bishnoi,Lucknow Super Giants,40000000.0,4.0,2021,Ravi Bishnoi,"September 05, 2000, Jodhpur, Rajasthan",25y 303d,India,Bowler,2022 - 2026,IPL 2021,PBKS,9.0,1,0,1,1,1.00,4,25.00,0,0,0,0,2.0,0.0,12,6.38,216,3/24,3/24,19.16,18.0,0,0,0,"February 16, 2022","July 04, 2026","October 06, 2022","February 16, 2022",True
2022,31872,Shahbaz Nadeem,Lucknow Super Giants,5000000.0,0.5,2021,Shahbaz Nadeem,"August 12, 1989, Bokaro, Bihar",36y 326d,India,Bowler,2019 - 2021,IPL 2021,SRH,1.0,1,0,0,0,0.00,1,0.00,0,0,0,0,1.0,0.0,1,9.00,24,1/36,1/36,36.00,24.0,0,0,0,,,,,True
2022,851261,Anmolpreet Singh,Mumbai Indians,2000000.0,0.2,2021,Anmolpreet Singh,"March 28, 1998, Patiala, Punjab",28y 100d,India,Batter,-,IPL 2021,MI,1.0,1,0,16,16,16.00,14,114.28,0,0,2,1,0.0,0.0,-,-,-,-,-,-,-,-,-,-,,,,,True
2022,1148776,Arjun Tendulkar,Mumbai Indians,3000000.0,0.3,2021,,,,,,,,,,,,,,,,,,,,,,,,,,,,,,,,,,,,,False
2022,1244751,Arshad Khan,Mumbai Indians,2000000.0,0.2,2021,,,,,,,,,,,,,,,,,,,,,,,,,,,,,,,,,,,,,False
2022,1130300,Aryan Juyal,Mumbai Indians,2000000.0,0.2,2021,,,,,,,,,,,,,,,,,,,,,,,,,,,,,,,,,,,,,False
2022,732291,Basil Thampi,Mumbai Indians,3000000.0,0.3,2021,,,,,,,,,,,,,,,,,,,,,,,,,,,,,,,,,,,,,False
2022,826901,Daniel Sams,Mumbai Indians,26000000.0,2.6,2021,Daniel Richard Sams,"October 27, 1992, Milperra, New South Wales",33y 250d,Australia,Allrounder,2020 - 2022,IPL 2021,RCB,2.0,2,1,6,3*,6.00,6,100.00,0,0,0,0,0.0,0.0,1,6.50,36,1/24,1/24,39.00,36.0,0,0,0,"December 06, 2020","October 09, 2022",,,True
2022,1070665,Dewald Brevis,Mumbai Indians,30000000.0,3.0,2021,,,,,,,,,,,,,,,,,,,,,,,,,,,,,,,,,,,,,False
2022,670013,Fabian Allen,Mumbai Indians,7500000.0,0.75,2021,Fabian Anthony Allen,"May 07, 1995, Kingston, Jamaica",31y 60d,West Indies,Bowling Allrounder,2018 - 2025,IPL 2021,PBKS,4.0,3,2,6,6,6.00,12,50.00,0,0,0,0,2.0,0.0,1,8.18,66,1/22,1/22,90.00,66.0,0,0,0,"November 04, 2018","September 30, 2025","October 27, 2018","February 11, 2022",True
2022,1175423,Hrithik Shokeen,Mumbai Indians,2000000.0,0.2,2021,,,,,,,,,,,,,,,,,,,,,,,,,,,,,,,,,,,,,False
2022,720471,Ishan Kishan,Mumbai Indians,152500000.0,15.25,2021,Ishan Pranav Kumar Pandey Kishan,"July 18, 1998, Patna, Bihar",27y 351d,India,Wicketkeeper Batter,2021 - 2026,IPL 2021,MI,10.0,10,1,241,84,26.77,180,133.88,0,2,21,10,3.0,0.0,-,-,-,-,-,-,-,-,-,-,"March 14, 2021","July 01, 2026","July 18, 2021","June 20, 2026",True
2022,625383,Jasprit Bumrah,Mumbai Indians,120000000.0,12.0,2021,Jasprit Jasbirsingh Bumrah,"December 06, 1993, Ahmedabad",32y 212d,India,Bowler,2016 - 2026,IPL 2021,MI,14.0,7,5,16,5*,8.00,17,94.11,0,0,2,0,4.0,0.0,21,7.45,330,3/36,3/36,19.52,15.7,0,0,0,"January 26, 2016","March 08, 2026","January 23, 2016","November 19, 2023",True
2022,390484,Jaydev Unadkat,Mumbai Indians,13000000.0,1.3,2021,Jaydev Dipakbhai Unadkat,"October 18, 1991, Porbandar",34y 259d,India,Bowler,2010 - 2023,IPL 2021,RR,6.0,3,1,41,24,20.50,29,141.37,0,0,3,2,1.0,0.0,4,7.63,132,3/15,3/15,42.00,33.0,0,0,0,"June 18, 2016","March 18, 2018","July 24, 2013","August 01, 2023",True
2022,669855,Jofra Archer,Mumbai Indians,80000000.0,8.0,2021,,,,,,,,,,,,,,,,,,,,,,,,,,,,,,,,,,,,,False
2022,230559,Kieron Pollard,Mumbai Indians,60000000.0,6.0,2021,Kieron Adrian Pollard,"May 12, 1987, Tacarigua, Trinidad",39y 56d,West Indies,Batting Allrounder,2007 - 2022,IPL 2021,MI,14.0,13,5,245,87*,30.62,165,148.48,0,1,16,16,6.0,0.0,5,7.21,79,2/8,2/8,19.00,15.8,0,0,0,"June 20, 2008","February 20, 2022","April 10, 2007","February 06, 2022",True
2022,528067,M Ashwin,Mumbai Indians,16000000.0,1.6,2021,Murugan Ashwin,"September 08, 1990, Chennai, Tamil Nadu",35y 301d,India,Bowler,-,IPL 2021,PBKS,3.0,2,0,15,9,7.50,24,62.50,0,0,1,0,0.0,0.0,1,8.81,66,1/32,1/32,97.00,66.0,0,0,0,,,,,True
2022,1081442,Mayank Markande,Mumbai Indians,6500000.0,0.65,2021,Mayank Markande,"November 11, 1997, Bathinda, Punjab",28y 238d,India,Bowler,2019 - 2019,IPL 2021,RR,1.0,-,-,-,-,-,-,-,-,-,-,-,0.0,0.0,0,8.66,18,-,-,-,-,0,0,0,"February 24, 2019","Andhra vs Punjab  at Visakhapatnam - November 01 - 04, 2018",,,True
2022,1212693,Rahul Buddhi,Mumbai Indians,2000000.0,0.2,2021,,,,,,,,,,,,,,,,,,,,,,,,,,,,,,,,,,,,,False
2022,1079470,Ramandeep Singh,Mumbai Indians,2000000.0,0.2,2021,,,,,,,,,,,,,,,,,,,,,,,,,,,,,,,,,,,,,False
2022,961713,Riley Meredith,Mumbai Indians,10000000.0,1.0,2021,Riley Patrick Meredith,"June 21, 1996, Hobart, Tasmania",30y 16d,Australia,Bowler,2021 - 2026,IPL 2021,PBKS,5.0,1,1,0,0*,-,0,-,0,0,0,0,0.0,0.0,4,9.94,102,1/29,1/29,42.25,25.5,0,0,0,"March 03, 2021","September 04, 2024","West Indies vs Australia  at Bridgetown - July 22 - 24, 2021","June 14, 2026",True
2022,34102,Rohit Sharma,Mumbai Indians,160000000.0,16.0,2021,Rohit Gurunath Sharma,"April 30, 1987, Bansod, Nagpur, Maharashtra",39y 68d,India,Top order Batter,2007 - 2026,IPL 2021,MI,13.0,13,0,381,63,29.30,299,127.42,0,1,33,14,1.0,0.0,0,11.14,7,-,-,-,-,0,0,0,"September 19, 2007","June 29, 2024","June 23, 2007","June 20, 2026",True
2022,1048841,Sanjay Yadav,Mumbai Indians,5000000.0,0.5,2021,,,,,,,,,,,,,,,,,,,,,,,,,,,,,,,,,,,,,False
2022,446507,Suryakumar Yadav,Mumbai Indians,80000000.0,8.0,2021,Suryakumar Ashok Yadav,"September 14, 1990, Mumbai, Maharashtra",35y 294d,India,Batter,2021 - 2026,IPL 2021,MI,14.0,14,0,317,82,22.64,221,143.43,0,2,40,10,5.0,0.0,-,-,-,-,-,-,-,-,-,-,"March 14, 2021","March 08, 2026","July 18, 2021","November 19, 2023",True
2022,1170265,Tilak Varma,Mumbai Indians,17000000.0,1.7,2021,,,,,,,,,,,,,,,,,,,,,,,,,,,,,,,,,,,,,False
2022,892749,Tim David,Mumbai Indians,82500000.0,8.25,2021,Timothy Hays David,"March 16, 1996, Singapore",30y 112d,Australia,Middle order Batter,2019 - 2026,IPL 2021,RCB,1.0,1,0,1,1,1.00,3,33.33,0,0,0,0,0.0,0.0,-,-,-,-,-,-,-,-,-,-,"July 22, 2019","June 21, 2026","September 09, 2023","September 17, 2023",True
2022,459257,Tymal Mills,Mumbai Indians,15000000.0,1.5,2021,,,,,,,,,,,,,,,,,,,,,,,,,,,,,,,,,,,,,False
2022,1216149,Ansh Patel,Punjab Kings,2000000.0,0.2,2021,,,,,,,,,,,,,,,,,,,,,,,,,,,,,,,,,,,,,False
2022,1125976,Arshdeep Singh,Punjab Kings,40000000.0,4.0,2021,Arshdeep Singh,"February 05, 1999, Guna, Madhya Pradesh",27y 150d,India,Bowler,2022 - 2026,IPL 2021,PBKS,12.0,2,2,2,1*,-,3,66.66,0,0,0,0,4.0,0.0,18,8.27,248,5/32,5/32,19.00,13.7,0,1,0,"July 07, 2022","July 04, 2026","November 25, 2022","June 17, 2026",True
2022,1125958,Atharva Taide,Punjab Kings,2000000.0,0.2,2021,,,,,,,,,,,,,,,,,,,,,,,,,,,,,,,,,,,,,False
2022,527292,Baltej Singh,Punjab Kings,2000000.0,0.2,2021,,,,,,,,,,,,,,,,,,,,,,,,,,,,,,,,,,,,,False
2022,211748,Benny Howell,Punjab Kings,4000000.0,0.4,2021,,,,,,,,,,,,,,,,,,,,,,,,,,,,,,,,,,,,,False
2022,342619,Bhanuka Rajapaksa,Punjab Kings,5000000.0,0.5,2021,,,,,,,,,,,,,,,,,,,,,,,,,,,,,,,,,,,,,False
2022,1168641,Harpreet Brar,Punjab Kings,38000000.0,3.8,2021,Harpreet Brar,"September 16, 1995, Meerut, Uttar Pradesh",30y 292d,India,Bowler,-,IPL 2021,PBKS,7.0,5,5,64,25*,-,58,110.34,0,0,3,2,2.0,0.0,5,6.04,138,3/19,3/19,27.80,27.6,0,0,0,,,,,True
2022,967603,Ishan Porel,Punjab Kings,2500000.0,0.25,2021,Ishan Chandranath Porel,"September 05, 1998, Hooghly, Bengal",27y 303d,India,Bowler,-,IPL 2021,PBKS,1.0,-,-,-,-,-,-,-,-,-,-,-,0.0,0.0,1,9.75,24,1/39,1/39,39.00,24.0,0,0,0,,,,,True
2022,721867,Jitesh Sharma,Punjab Kings,2000000.0,0.2,2021,,,,,,,,,,,,,,,,,,,,,,,,,,,,,,,,,,,,,False
2022,297433,Jonny Bairstow,Punjab Kings,67500000.0,6.75,2021,Jonathan Marc Bairstow,"September 26, 1989, Bradford, Yorkshire",36y 283d,England,Wicketkeeper Batter,2011 - 2024,IPL 2021,SRH,7.0,7,1,248,63*,41.33,175,141.71,0,2,20,15,2.0,1.0,-,-,-,-,-,-,-,-,-,-,"September 23, 2011","June 27, 2024","September 16, 2011","November 11, 2023",True
2022,550215,Kagiso Rabada,Punjab Kings,92500000.0,9.25,2021,Kagiso Rabada,"May 25, 1995, Johannesburg",31y 40d,South Africa,Bowler,2014 - 2026,IPL 2021,DC,15.0,3,3,13,9*,-,6,216.66,0,0,2,0,9.0,0.0,15,8.14,336,3/36,3/36,30.40,22.4,0,0,0,"November 05, 2014","March 04, 2026","July 10, 2015","March 05, 2025",True
2022,403902,Liam Livingstone,Punjab Kings,115000000.0,11.5,2021,Liam Stephen Livingstone,"August 04, 1993, Barrow-in-Furness, Cumberland",32y 335d,England,Batting Allrounder,2017 - 2025,IPL 2021,RR,5.0,5,0,42,25,8.40,41,102.43,0,0,3,1,3.0,0.0,-,-,-,-,-,-,-,-,-,-,"June 23, 2017","February 02, 2025","March 26, 2021","March 01, 2025",True
2022,398438,Mayank Agarwal,Punjab Kings,120000000.0,12.0,2021,Mayank Anurag Agarwal,"February 16, 1991, Bangalore, Karnataka",35y 139d,India,Batter,2018 - 2022,IPL 2021,PBKS,12.0,12,1,441,99*,40.09,314,140.44,0,4,42,18,5.0,0.0,-,-,-,-,-,-,-,-,-,-,,,"February 05, 2020","November 29, 2020",True
2022,826915,Nathan Ellis,Punjab Kings,7500000.0,0.75,2021,Nathan Ellis,"September 22, 1994, Greenacre, New South Wales",31y 280d,Australia,Bowler,2021 - 2026,IPL 2021,PBKS,3.0,2,1,18,12,18.00,16,112.50,0,0,0,1,0.0,0.0,1,8.18,66,1/12,1/12,90.00,66.0,0,0,0,"August 06, 2021","June 21, 2026","March 29, 2022","June 11, 2026",True
2022,820691,Odean Smith,Punjab Kings,60000000.0,6.0,2021,,,,,,,,,,,,,,,,,,,,,,,,,,,,,,,,,,,,,False
2022,1161024,Prabhsimran Singh,Punjab Kings,6000000.0,0.6,2021,Prabhsimran Singh,"August 10, 2000",25y 329d,India,Wicketkeeper Batter,-,IPL 2021,PBKS,2.0,2,0,19,12,9.50,23,82.60,0,0,1,1,0.0,0.0,-,-,-,-,-,-,-,-,-,-,,,,,True
2022,956871,Prerak Mankad,Punjab Kings,2000000.0,0.2,2021,,,,,,,,,,,,,,,,,,,,,,,,,,,,,,,,,,,,,False
2022,1064812,Rahul Chahar,Punjab Kings,52500000.0,5.25,2021,Rahul Desraj Chahar,"August 04, 1999, Bharaatpur, Rajasthan",26y 329d,India,Bowler,2019 - 2021,IPL 2021,MI,11.0,5,0,14,8,2.80,15,93.33,0,0,1,0,3.0,0.0,13,7.39,258,4/27,4/27,24.46,19.8,1,0,0,"August 06, 2019","November 08, 2021","July 23, 2021","August 06, 2019",True
2022,1292502,Raj Angad Bawa,Punjab Kings,20000000.0,2.0,2021,,,,,,,,,,,,,,,,,,,,,,,,,,,,,,,,,,,,,False
2022,290727,Rishi Dhawan,Punjab Kings,5500000.0,0.55,2021,,,,,,,,,,,,,,,,,,,,,,,,,,,,,,,,,,,,,False
2022,438362,Sandeep Sharma,Punjab Kings,5000000.0,0.5,2021,Sandeep Sharma,"May 18, 1993, Patiala, Punjab",33y 48d,India,Bowler,2015 - 2015,IPL 2021,SRH,7.0,2,1,8,8*,8.00,7,114.28,0,0,1,0,1.0,0.0,3,8.63,141,1/20,1/20,67.66,47.0,0,0,0,"July 17, 2015","July 19, 2015",,,True
2022,719719,Shahrukh Khan,Punjab Kings,90000000.0,9.0,2021,Masood Shahrukh Khan,"May 27, 1995, Chennai, Tamil Nadu",31y 38d,India,Batter,-,IPL 2021,PBKS,11.0,10,3,153,47,21.85,114,134.21,0,0,9,10,4.0,0.0,-,-,-,-,-,-,-,-,-,-,,,,,True
2022,28235,Shikhar Dhawan,Punjab Kings,82500000.0,8.25,2021,Shikhar Dhawan,"December 05, 1985, Delhi",40y 213d,India,Opening Batter,2010 - 2022,IPL 2021,DC,16.0,16,1,587,92,39.13,471,124.62,0,3,63,16,9.0,0.0,-,-,-,-,-,-,-,-,-,-,"June 04, 2011","July 29, 2021","October 20, 2010","December 10, 2022",True
2022,1209292,Vaibhav Arora,Punjab Kings,20000000.0,2.0,2021,,,,,,,,,,,,,,,,,,,,,,,,,,,,,,,,,,,,,False
2022,699493,Writtick Chatterjee,Punjab Kings,2000000.0,0.2,2021,,,,,,,,,,,,,,,,,,,,,,,,,,,,,,,,,,,,,False
2022,1159816,Anunay Singh,Rajasthan Royals,2000000.0,0.2,2021,,,,,,,,,,,,,,,,,,,,,,,,,,,,,,,,,,,,,False
2022,381743,Daryl Mitchell,Rajasthan Royals,7500000.0,0.75,2021,,,,,,,,,,,,,,,,,,,,,,,,,,,,,,,,,,,,,False
2022,1119026,Devdutt Padikkal,Rajasthan Royals,77500000.0,7.75,2021,Devdutt Padikkal,"July 07, 2000, Edapal, Kerala",25y 363d,India,Top order Batter,2021 - 2024,IPL 2021,RCB,14.0,14,1,411,101*,31.61,328,125.30,1,1,44,14,7.0,0.0,-,-,-,-,-,-,-,-,-,-,"July 28, 2021","July 29, 2021",,,True
2022,1175488,Dhruv Jurel,Rajasthan Royals,2000000.0,0.2,2021,,,,,,,,,,,,,,,,,,,,,,,,,,,,,,,,,,,,,False
2022,355269,James Neesham,Rajasthan Royals,15000000.0,1.5,2021,James Douglas Sheahan Neesham,"September 17, 1990, Auckland",35y 290d,New Zealand,Batting Allrounder,2012 - 2026,IPL 2021,MI,3.0,2,0,0,0,0.00,2,0.00,0,0,0,0,0.0,0.0,5,7.33,54,3/12,3/12,13.20,10.8,0,0,0,"December 21, 2012","March 25, 2026","January 19, 2013","November 01, 2023",True
2022,308967,Jos Buttler,Rajasthan Royals,100000000.0,10.0,2021,Joseph Charles Buttler,"September 08, 1990, Taunton, Somerset",35y 299d,England,Wicketkeeper Batter,2011 - 2026,IPL 2021,RR,7.0,7,0,254,124,36.28,166,153.01,1,0,27,13,3.0,0.0,-,-,-,-,-,-,-,-,-,-,"August 31, 2011","July 01, 2026","February 21, 2012","January 27, 2026",True
2022,777537,KC Cariappa,Rajasthan Royals,3000000.0,0.3,2021,,,,,,,,,,,,,,,,,,,,,,,,,,,,,,,,,,,,,False
2022,398439,Karun Nair,Rajasthan Royals,14000000.0,1.4,2021,,,,,,,,,,,,,,,,,,,,,,,,,,,,,,,,,,,,,False
2022,1163695,Kuldeep Sen,Rajasthan Royals,2000000.0,0.2,2021,,,,,,,,,,,,,,,,,,,,,,,,,,,,,,,,,,,,,False
2022,1206495,Kuldip Yadav,Rajasthan Royals,2000000.0,0.2,2021,Kuldip Yadav,"October 15, 1996",29y 265d,India,Bowler,-,IPL 2021,RR,1.0,1,1,0,0*,-,4,0.00,0,0,0,0,0.0,0.0,0,8.00,12,-,-,-,-,0,0,0,,,,,True
2022,261354,Nathan Coulter-Nile,Rajasthan Royals,20000000.0,2.0,2021,Nathan Mitchell Coulter-Nile,"October 11, 1987, Osborne Park, Western Australia",38y 267d,Australia,Bowling Allrounder,2013 - 2019,IPL 2021,MI,5.0,2,0,4,3,2.00,5,80.00,0,0,0,0,2.0,0.0,7,6.35,120,4/14,4/14,18.14,17.1,1,0,0,"February 13, 2013","February 27, 2019","September 14, 2013","June 20, 2019",True
2022,700167,Navdeep Saini,Rajasthan Royals,26000000.0,2.6,2021,Navdeep Amarjeet Saini,"November 23, 1992, Karnal, Haryana",33y 224d,India,Bowler,2019 - 2021,IPL 2021,RCB,2.0,1,0,2,2,2.00,4,50.00,0,0,0,0,1.0,0.0,0,13.00,24,-,-,-,-,0,0,0,"August 03, 2019","July 28, 2021","December 22, 2019","July 23, 2021",True
2022,906783,Obed McCoy,Rajasthan Royals,7500000.0,0.75,2021,,,,,,,,,,,,,,,,,,,,,,,,,,,,,,,,,,,,,False
2022,917159,Prasidh Krishna,Rajasthan Royals,100000000.0,10.0,2021,Muralikrishna Prasidh Krishna,"February 19, 1996, Bangalore, Karnataka",30y 135d,India,Bowler,2021 - 2026,IPL 2021,KKR,10.0,2,1,0,0*,0.00,1,0.00,0,0,0,0,3.0,0.0,12,9.11,231,3/30,3/30,29.25,19.2,0,0,0,"August 18, 2023","June 26, 2026","March 23, 2021","June 20, 2026",True
2022,26421,R Ashwin,Rajasthan Royals,50000000.0,5.0,2021,Ravichandran Ashwin,"September 17, 1986, Madras (now Chennai), Tamil Nadu",39y 285d,India,Bowling Allrounder,2010 - 2024,IPL 2021,DC,13.0,5,2,44,20*,14.66,42,104.76,0,0,2,1,3.0,0.0,7,7.41,268,2/27,2/27,47.28,38.2,0,0,0,"June 12, 2010","November 10, 2022","June 05, 2010","October 08, 2023",True
2022,337790,Rassie van der Dussen,Rajasthan Royals,10000000.0,1.0,2021,,,,,,,,,,,,,,,,,,,,,,,,,,,,,,,,,,,,,False
2022,1079434,Riyan Parag,Rajasthan Royals,38000000.0,3.8,2021,Riyan Parag,"November 10, 2001, Guwahati, Assam",24y 239d,India,Top order Batter,2024 - 2024,IPL 2021,RR,11.0,10,2,93,25,11.62,83,112.04,0,0,6,4,6.0,0.0,1,11.83,37,1/7,1/7,73.00,37.0,0,0,0,"July 06, 2024","October 12, 2024","August 07, 2024","July 06, 2024",True
2022,425943,Sanju Samson,Rajasthan Royals,140000000.0,14.0,2021,Sanju Viswanath Samson,"November 11, 1994, Pulluvila, Vizhinjam, Trivandrum",31y 230d,India,Wicketkeeper Batter,2014 - 2026,IPL 2021,RR,14.0,14,2,484,119,40.33,354,136.72,1,2,45,17,7.0,4.0,-,-,-,-,-,-,-,-,-,-,"July 19, 2015","June 28, 2026","July 23, 2021","December 21, 2023",True
2022,670025,Shimron Hetmyer,Rajasthan Royals,85000000.0,8.5,2021,Shimron Odilon Hetmyer,"December 26, 1996, Cumberland, Berbice, Guyana",29y 193d,West Indies,Middle order Batter,2017 - 2026,IPL 2021,DC,14.0,13,6,242,53*,34.57,144,168.05,0,1,19,12,4.0,0.0,-,-,-,-,-,-,-,-,-,-,"January 01, 2018","June 14, 2026","December 20, 2017","June 01, 2025",True
2022,1287019,Shubham Garhwal,Rajasthan Royals,2000000.0,0.2,2021,,,,,,,,,,,,,,,,,,,,,,,,,,,,,,,,,,,,,False
2022,1082859,Tejas Baroka,Rajasthan Royals,2000000.0,0.2,2021,,,,,,,,,,,,,,,,,,,,,,,,,,,,,,,,,,,,,False
2022,277912,Trent Boult,Rajasthan Royals,80000000.0,8.0,2021,Trent Alexander Boult,"July 22, 1989, Rotorua",36y 348d,New Zealand,Bowler,2011 - 2024,IPL 2021,MI,14.0,4,4,1,1*,-,4,25.00,0,0,0,0,5.0,0.0,13,7.90,308,3/28,3/28,31.23,23.6,0,0,0,"February 09, 2013","June 17, 2024","July 11, 2012","November 15, 2023",True
2022,1151278,Yashasvi Jaiswal,Rajasthan Royals,40000000.0,4.0,2021,Yashasvi Bhupendra Kumar Jaiswal,"December 28, 2001, Suriyawan, Bhadohi, Uttar Pradesh",24y 191d,India,Opening Batter,2023 - 2026,IPL 2021,RR,10.0,10,0,249,50,24.90,168,148.21,0,1,32,10,3.0,0.0,-,-,-,-,-,-,-,-,-,-,"August 08, 2023","July 30, 2024","February 06, 2025","June 20, 2026",True
2022,430246,Yuzvendra Chahal,Rajasthan Royals,65000000.0,6.5,2021,Yuzvendra Singh Chahal,"July 23, 1990, Jind, Haryana",35y 348d,India,Bowler,2016 - 2024,IPL 2021,RCB,15.0,2,2,10,8*,-,27,37.03,0,0,0,0,4.0,0.0,18,7.05,318,3/11,3/11,20.77,17.6,0,0,0,"June 18, 2016","August 13, 2023","June 11, 2016","January 24, 2023",True
2022,1176959,Akash Deep,Royal Challengers Bangalore,2000000.0,0.2,2021,,,,,,,,,,,,,,,,,,,,,,,,,,,,,,,,,,,,,False
2022,1292513,Aneeshwar Gautam,Royal Challengers Bangalore,2000000.0,0.2,2021,,,,,,,,,,,,,,,,,,,,,,,,,,,,,,,,,,,,,False
2022,1123073,Anuj Rawat,Royal Challengers Bangalore,34000000.0,3.4,2021,,,,,,,,,,,,,,,,,,,,,,,,,,,,,,,,,,,,,False
2022,604616,Chama Milind,Royal Challengers Bangalore,2500000.0,0.25,2021,,,,,,,,,,,,,,,,,,,,,,,,,,,,,,,,,,,,,False
2022,308251,David Willey,Royal Challengers Bangalore,20000000.0,2.0,2021,,,,,,,,,,,,,,,,,,,,,,,,,,,,,,,,,,,,,False
2022,30045,Dinesh Karthik,Royal Challengers Bangalore,55000000.0,5.5,2021,Krishnakumar Dinesh Karthik,"June 01, 1985, Madras (now Chennai), Tamil Nadu",41y 33d,India,Wicketkeeper Batter,2004 - 2022,IPL 2021,KKR,17.0,15,5,223,40,22.30,170,131.17,0,0,22,7,5.0,2.0,-,-,-,-,-,-,-,-,-,-,"December 01, 2006","November 02, 2022","September 05, 2004","India vs New Zealand  at Manchester - July 09 - 10, 2019",True
2022,44828,Faf du Plessis,Royal Challengers Bangalore,70000000.0,7.0,2021,Francois du Plessis,"July 13, 1984, Pretoria",41y 351d,South Africa,Middle order Batter,2011 - 2021,IPL 2021,CSK,16.0,16,2,633,95*,45.21,458,138.20,0,6,60,23,12.0,0.0,-,-,-,-,-,-,-,-,-,-,"September 08, 2012","December 01, 2020","January 18, 2011","July 06, 2019",True
2022,959759,Finn Allen,Royal Challengers Bangalore,8000000.0,0.8,2021,,,,,,,,,,,,,,,,,,,,,,,,,,,,,,,,,,,,,False
2022,325026,Glenn Maxwell,Royal Challengers Bangalore,110000000.0,11.0,2021,Glenn James Maxwell,"October 14, 1988, Kew, Melbourne, Victoria",37y 263d,Australia,Batting Allrounder,2012 - 2026,IPL 2021,RCB,15.0,14,2,513,78,42.75,356,144.10,0,6,48,21,5.0,0.0,3,8.43,96,2/23,2/23,45.00,32.0,0,0,0,"September 05, 2012","February 20, 2026","August 25, 2012","March 04, 2025",True
2022,390481,Harshal Patel,Royal Challengers Bangalore,107500000.0,10.75,2021,Harshal Vikram Patel,"November 23, 1990, Sanand, Gujarat",35y 223d,India,Bowling Allrounder,2021 - 2023,IPL 2021,RCB,15.0,8,4,59,31,14.75,46,128.26,0,0,6,2,3.0,0.0,32,8.14,338,5/27,5/27,14.34,10.5,1,1,0,"November 19, 2021","January 03, 2023",,,True
2022,272477,Jason Behrendorff,Royal Challengers Bangalore,7500000.0,0.75,2021,,,,,,,,,,,,,,,,,,,,,,,,,,,,,,,,,,,,,False
2022,288284,Josh Hazlewood,Royal Challengers Bangalore,77500000.0,7.75,2021,Josh Reginald Hazlewood,"January 08, 1991, Tamworth, New South Wales",35y 172d,Australia,Bowler,2010 - 2025,IPL 2021,CSK,9.0,-,-,-,-,-,-,-,-,-,-,-,1.0,0.0,11,8.37,210,3/24,3/24,26.63,19.0,0,0,0,"February 13, 2013","October 31, 2025","June 22, 2010","October 25, 2025",True
2022,30288,Karn Sharma,Royal Challengers Bangalore,5000000.0,0.5,2021,,,,,,,,,,,,,,,,,,,,,,,,,,,,,,,,,,,,,False
2022,1155253,Luvnith Sisodia,Royal Challengers Bangalore,2000000.0,0.2,2021,,,,,,,,,,,,,,,,,,,,,,,,,,,,,,,,,,,,,False
2022,853265,Mahipal Lomror,Royal Challengers Bangalore,9500000.0,0.95,2021,Mahipal Krishan Lomror,"November 16, 1999, Nagaur, Rajasthan",26y 233d,India,Allrounder,-,IPL 2021,RR,4.0,4,1,94,43,31.33,73,128.76,0,0,3,6,0.0,0.0,1,6.71,42,1/22,1/22,47.00,42.0,0,0,0,,,,,True
2022,940973,Mohammed Siraj,Royal Challengers Bangalore,70000000.0,7.0,2021,Mohammed Siraj,"March 13, 1994, Hyderabad",32y 113d,India,Bowler,2017 - 2026,IPL 2021,RCB,15.0,4,3,20,12*,20.00,26,76.92,0,0,1,1,4.0,0.0,11,6.78,312,3/27,3/27,32.09,28.3,0,0,0,"November 04, 2017","February 07, 2026","January 15, 2019","January 18, 2026",True
2022,1159711,Shahbaz Ahmed,Royal Challengers Bangalore,24000000.0,2.4,2021,Shahbaz Ahmed,"December 11, 1994, Mewat, Haryana",31y 206d,India,Allrounder,2022 - 2025,IPL 2021,RCB,11.0,7,0,59,14,8.42,53,111.32,0,0,4,2,4.0,0.0,7,6.57,84,3/7,3/7,13.14,12.0,0,0,0,"October 06, 2023","October 07, 2023","October 09, 2022","December 04, 2022",True
2022,914541,Sherfane Rutherford,Royal Challengers Bangalore,10000000.0,1.0,2021,,,,,,,,,,,,,,,,,,,,,,,,,,,,,,,,,,,,,False
2022,326017,Siddarth Kaul,Royal Challengers Bangalore,7500000.0,0.75,2021,Siddarth Kaul,"May 19, 1990, Pathankot, Punjab",36y 49d,India,Bowler,2018 - 2019,IPL 2021,SRH,8.0,2,2,8,7*,-,8,100.00,0,0,1,0,1.0,0.0,7,8.23,180,2/31,2/31,35.28,25.7,0,0,0,"June 29, 2018","February 27, 2019","July 12, 2018","September 25, 2018",True
2022,1083851,Suyash Prabhudessai,Royal Challengers Bangalore,3000000.0,0.3,2021,,,,,,,,,,,,,,,,,,,,,,,,,,,,,,,,,,,,,False
2022,253802,Virat Kohli,Royal Challengers Bangalore,150000000.0,15.0,2021,Virat Kohli,"November 05, 1988, Delhi",37y 244d,India,Top order Batter,2008 - 2026,IPL 2021,RCB,15.0,15,1,405,72*,28.92,339,119.46,0,3,43,9,8.0,0.0,-,-,-,-,-,-,-,-,-,-,"June 12, 2010","June 29, 2024","August 18, 2008","January 18, 2026",True
2022,784379,Wanindu Hasaranga,Royal Challengers Bangalore,107500000.0,10.75,2021,Pinnaduwage Wanindu Hasaranga de Silva,"July 29, 1997, Galle",28y 343d,Sri Lanka,Allrounder,2017 - 2026,IPL 2021,RCB,2.0,2,1,1,1*,1.00,2,50.00,0,0,0,0,0.0,0.0,0,10.00,36,-,-,-,-,0,0,0,"September 01, 2019","June 14, 2026","July 02, 2017","June 06, 2026",True
2022,1175485,Abdul Samad,Sunrisers Hyderabad,40000000.0,4.0,2021,Abdul Samad Farooq,"October 28, 2001, Kala Kot, Jammu & Kashmir",24y 250d,India,Batter,-,IPL 2021,SRH,11.0,10,1,111,28,12.33,87,127.58,0,0,4,8,8.0,0.0,1,9.00,6,1/9,1/9,9.00,6.0,0,0,0,,,,,True
2022,1070183,Abhishek Sharma,Sunrisers Hyderabad,65000000.0,6.5,2021,Abhishek Sharma,"September 04, 2000, Amritsar, Punjab",25y 306d,India,Batting Allrounder,2024 - 2026,IPL 2021,SRH,8.0,7,1,98,33,16.33,75,130.66,0,0,7,4,2.0,0.0,4,6.40,60,2/4,2/4,16.00,15.0,0,0,0,"July 06, 2024","July 04, 2026",,,True
2022,600498,Aiden Markram,Sunrisers Hyderabad,26000000.0,2.6,2021,Aiden Kyle Markram,"October 04, 1994, Centurion",31y 274d,South Africa,Middle order Batter,2017 - 2026,IPL 2021,PBKS,6.0,6,1,146,42,29.20,119,122.68,0,0,12,4,3.0,0.0,0,5.75,24,-,-,-,-,0,0,0,"March 22, 2019","March 04, 2026","October 22, 2017","December 06, 2025",True
2022,326016,Bhuvneshwar Kumar,Sunrisers Hyderabad,42000000.0,4.2,2021,Bhuvneshwar Kumar Singh,"February 05, 1990, Meerut, Uttar Pradesh",36y 150d,India,Bowler,2012 - 2022,IPL 2021,SRH,11.0,7,6,34,14*,34.00,30,113.33,0,0,3,0,0.0,0.0,6,7.97,252,1/16,1/16,55.83,42.0,0,0,0,"December 25, 2012","November 22, 2022","December 30, 2012","January 21, 2022",True
2022,974175,Fazalhaq Farooqi,Sunrisers Hyderabad,5000000.0,0.5,2021,,,,,,,,,,,,,,,,,,,,,,,,,,,,,,,,,,,,,False
2022,823509,Glenn Phillips,Sunrisers Hyderabad,15000000.0,1.5,2021,Glenn Dominic Phillips,"December 06, 1996, East London, Eastern Cape, South Africa",29y 210d,New Zealand,Allrounder,2017 - 2026,IPL 2021,RR,3.0,3,1,26,14*,13.00,33,78.78,0,0,1,2,1.0,0.0,1,10.00,12,1/17,1/17,20.00,12.0,0,0,0,"February 17, 2017","March 08, 2026","July 10, 2022","January 18, 2026",True
2022,527663,J Suchith,Sunrisers Hyderabad,2000000.0,0.2,2021,Jagadeesha Suchith,"January 16, 1994, Mysore",32y 169d,India,Bowler,-,IPL 2021,SRH,2.0,1,1,14,14*,-,6,233.33,0,0,2,1,1.0,0.0,0,9.42,42,-,-,-,-,0,0,0,,,,,True
2022,277906,Kane Williamson,Sunrisers Hyderabad,140000000.0,14.0,2021,Kane Stuart Williamson,"August 08, 1990, Tauranga",35y 330d,New Zealand,Top order Batter,2010 - 2026,IPL 2021,SRH,10.0,10,4,266,66*,44.33,235,113.19,0,2,29,2,7.0,0.0,-,-,-,-,-,-,-,-,-,-,"October 15, 2011","June 17, 2024","August 10, 2010","October 29, 2025",True
2022,1122918,Kartik Tyagi,Sunrisers Hyderabad,40000000.0,4.0,2021,Kartik Tyagi,"November 08, 2000, Hapur, Uttar Pradesh",25y 238d,India,Bowler,-,IPL 2021,RR,4.0,2,1,2,1*,2.00,4,50.00,0,0,0,0,1.0,0.0,4,8.85,84,2/29,2/29,31.00,21.0,0,0,0,,,,,True
2022,696401,Marco Jansen,Sunrisers Hyderabad,42000000.0,4.2,2021,Marco Jansen,"May 01, 2000",26y 66d,South Africa,Bowling Allrounder,2021 - 2026,IPL 2021,MI,2.0,2,0,0,0,0.00,3,0.00,0,0,0,0,1.0,0.0,2,7.50,36,2/28,2/28,22.50,18.0,0,0,0,"June 17, 2022","March 04, 2026","January 19, 2022","December 06, 2025",True
2022,604302,Nicholas Pooran,Sunrisers Hyderabad,107500000.0,10.75,2021,Nicholas Pooran,"October 02, 1995, Trinidad",30y 276d,West Indies,Wicketkeeper Batter,2016 - 2024,IPL 2021,PBKS,12.0,11,0,85,32,7.72,76,111.84,0,0,3,5,3.0,0.0,-,-,-,-,-,-,-,-,-,-,"September 23, 2016","December 19, 2024","February 20, 2019","July 07, 2023",True
2022,1070180,Priyam Garg,Sunrisers Hyderabad,2000000.0,0.2,2021,Priyam K Garg,"November 30, 2000, Meerut, Uttar Pradesh",25y 219d,India,Top order Batter,-,IPL 2021,SRH,5.0,5,0,72,29,14.40,74,97.29,0,0,2,3,0.0,0.0,-,-,-,-,-,-,-,-,-,-,,,,,True
2022,474512,R Samarth,Sunrisers Hyderabad,2000000.0,0.2,2021,,,,,,,,,,,,,,,,,,,,,,,,,,,,,,,,,,,,,False
2022,446763,Rahul Tripathi,Sunrisers Hyderabad,85000000.0,8.5,2021,Rahul Ajay Tripathi,"March 02, 1991, Ranchi",35y 119d,India,Top order Batter,2023 - 2023,IPL 2021,KKR,17.0,16,2,397,74*,28.35,283,140.28,0,2,41,11,8.0,0.0,-,-,-,-,-,-,-,-,-,-,"January 05, 2023","February 01, 2023",,,True
2022,677077,Romario Shepherd,Sunrisers Hyderabad,77500000.0,7.75,2021,,,,,,,,,,,,,,,,,,,,,,,,,,,,,,,,,,,,,False
2022,1206492,Saurabh Dubey,Sunrisers Hyderabad,2000000.0,0.2,2021,,,,,,,,,,,,,,,,,,,,,,,,,,,,,,,,,,,,,False
2022,398666,Sean Abbott,Sunrisers Hyderabad,24000000.0,2.4,2021,,,,,,,,,,,,,,,,,,,,,,,,,,,,,,,,,,,,,False
2022,377534,Shashank Singh,Sunrisers Hyderabad,2000000.0,0.2,2021,,,,,,,,,,,,,,,,,,,,,,,,,,,,,,,,,,,,,False
2022,344580,Shreyas Gopal,Sunrisers Hyderabad,7500000.0,0.75,2021,Shreyas Gopal,"September 04, 1993, Banglaore, Karnataka",32y 305d,India,Bowler,-,IPL 2021,RR,3.0,2,1,7,7*,7.00,5,140.00,0,0,0,1,0.0,0.0,0,12.00,42,-,-,-,-,0,0,0,,,,,True
2022,802575,T Natarajan,Sunrisers Hyderabad,40000000.0,4.0,2021,Thangarasu Natarajan,"April 04, 1991, Salem",35y 91d,India,Bowler,2020 - 2021,IPL 2021,SRH,2.0,1,1,0,0*,-,0,-,0,0,0,0,0.0,0.0,2,8.62,48,1/32,1/32,34.50,24.0,0,0,0,"December 04, 2020","March 20, 2021","December 02, 2020","March 28, 2021",True
2022,1246528,Umran Malik,Sunrisers Hyderabad,40000000.0,4.0,2021,Umran Malik,"November 22, 1999, Gujjar Nagar, Jammu & Kashmir",26y 227d,India,Bowler,2022 - 2023,IPL 2021,SRH,3.0,-,-,-,-,-,-,-,-,-,-,-,0.0,0.0,2,8.00,72,1/21,1/21,48.00,36.0,0,0,0,"June 26, 2022","February 01, 2023","November 25, 2022","July 29, 2023",True
2022,732293,Vishnu Vinod,Sunrisers Hyderabad,5000000.0,0.5,2021,,,,,,,,,,,,,,,,,,,,,,,,,,,,,,,,,,,,,False
2022,719715,Washington Sundar,Sunrisers Hyderabad,87500000.0,8.75,2021,Washington Sundar,"October 05, 1999, Chennai, Tamil Nadu",26y 272d,India,Bowling Allrounder,2017 - 2026,IPL 2021,RCB,6.0,4,0,31,10,7.75,47,65.95,0,0,2,0,2.0,0.0,3,7.37,96,1/7,1/7,39.33,32.0,0,0,0,"December 24, 2017","June 26, 2026","December 13, 2017","June 20, 2026",True
2023,1059570,Ajay Mandal,Chennai Super Kings,2000000.0,0.2,2022,,,,,,,,,,,,,,,,,,,,,,,,,,,,,,,,,,,,,False
2023,277916,Ajinkya Rahane,Chennai Super Kings,5000000.0,0.5,2022,Ajinkya Madhukar Rahane,"June 06, 1988, Ashwi-KD, Maharashtra",38y 23d,India,Top order Batter,2011 - 2023,IPL 2022,KKR,7.0,7,0,133,44,19.00,128,103.90,0,0,14,4,3.0,0.0,-,-,-,-,-,-,-,-,-,-,"August 31, 2011","August 28, 2016","September 03, 2011","February 16, 2018",True
2023,33141,Ambati Rayudu,Chennai Super Kings,67500000.0,6.75,2022,Ambati Thirupathi Rayudu,"September 23, 1985, Guntur, Andhra Pradesh",40y 279d,India,Middle order Batter,2013 - 2019,IPL 2022,CSK,13.0,11,0,274,78,24.90,224,122.32,0,1,25,15,4.0,0.0,-,-,-,-,-,-,-,-,-,-,"September 07, 2014","June 22, 2016","July 24, 2013","March 08, 2019",True
2023,311158,Ben Stokes,Chennai Super Kings,162500000.0,16.25,2022,,,,,,,,,,,,,,,,,,,,,,,,,,,,,,,,,,,,,False
2023,1252050,Bhagath Varma,Chennai Super Kings,2000000.0,0.2,2022,,,,,,,,,,,,,,,,,,,,,,,,,,,,,,,,,,,,,False
2023,447261,Deepak Chahar,Chennai Super Kings,140000000.0,14.0,2022,,,,,,,,,,,,,,,,,,,,,,,,,,,,,,,,,,,,,False
2023,379140,Devon Conway,Chennai Super Kings,10000000.0,1.0,2022,Devon Philip Conway,"July 08, 1991, Johannesburg, Transvaal",34y 356d,New Zealand,Wicketkeeper Batter,2020 - 2026,IPL 2022,CSK,7.0,7,1,252,87,42.00,173,145.66,0,3,22,12,2.0,0.0,-,-,-,-,-,-,-,-,-,-,"November 27, 2020","March 20, 2026","March 20, 2021","January 18, 2026",True
2023,327830,Dwaine Pretorius,Chennai Super Kings,5000000.0,0.5,2022,Dwaine Pretorius,"March 29, 1989, Randfontein",37y 92d,South Africa,Bowling Allrounder,2016 - 2022,IPL 2022,CSK,6.0,5,1,44,22,11.00,28,157.14,0,0,3,3,2.0,0.0,6,10.00,126,2/30,2/30,35.00,21.0,0,0,0,"June 21, 2017","October 04, 2022","September 25, 2016","July 24, 2022",True
2023,625960,Kyle Jamieson,Chennai Super Kings,10000000.0,1.0,2022,,,,,,,,,,,,,,,,,,,,,,,,,,,,,,,,,,,,,False
2023,28081,MS Dhoni,Chennai Super Kings,120000000.0,12.0,2022,Mahendra Singh Dhoni,"July 07, 1981, Ranchi, Bihar (now Jharkhand)",44y 357d,India,Wicketkeeper Batter,2004 - 2019,IPL 2022,CSK,14.0,13,6,232,50*,33.14,188,123.40,0,1,21,10,9.0,0.0,-,-,-,-,-,-,-,-,-,-,"December 01, 2006","February 27, 2019","December 23, 2004","India
                              vs New Zealand at Manchester - July 09 - 10, 2019",True
2023,1138316,Maheesh Theekshana,Chennai Super Kings,7000000.0,0.7,2022,Morawakage Maheesh Theekshana,"August 01, 2000, Colombo",25y 332d,Sri Lanka,Bowler,2021 - 2026,IPL 2022,CSK,9.0,2,1,7,7*,7.00,7,100.00,0,0,0,1,0.0,0.0,12,7.45,210,4/33,4/33,21.75,17.5,1,0,0,"September 10, 2021","June 14, 2026","September 07, 2021","June 06, 2026",True
2023,1194795,Matheesha Pathirana,Chennai Super Kings,2000000.0,0.2,2022,Matheesha Pathirana,"December 18, 2002, Kandy",23y 193d,Sri Lanka,Bowler,2022 - 2026,IPL 2022,CSK,2.0,-,-,-,-,-,-,-,-,-,-,-,1.0,0.0,2,7.60,41,2/24,2/24,26.00,20.5,0,0,0,"August 27, 2022","February 16, 2026","June 02, 2023","October 10, 2023",True
2023,502714,Mitchell Santner,Chennai Super Kings,19000000.0,1.9,2022,Mitchell Josef Santner,"February 05, 1992, Hamilton",34y 144d,New Zealand,Bowling Allrounder,2015 - 2026,IPL 2022,CSK,6.0,4,2,22,11,11.00,27,81.48,0,0,3,0,2.0,0.0,4,6.84,114,1/15,1/15,32.50,28.5,0,0,0,"June 23, 2015","March 20, 2026","June 09, 2015","November 22, 2025",True
2023,8917,Moeen Ali,Chennai Super Kings,80000000.0,8.0,2022,Moeen Munir Ali,"June 18, 1987, Birmingham",39y 11d,England,Batting Allrounder,2014 - 2024,IPL 2022,CSK,10.0,10,0,244,93,24.40,177,137.85,0,1,24,11,5.0,0.0,8,6.62,143,3/13,3/13,19.75,17.8,0,0,0,"March 11, 2014","June 27, 2024","February 28, 2014","November 11, 2023",True
2023,1125688,Mukesh Choudhary,Chennai Super Kings,2000000.0,0.2,2022,Mukesh Choudhary,"July 06, 1996, Pardodas, Bhilwara, Rajasthan",29y 358d,India,Bowler,-,IPL 2022,CSK,13.0,2,1,6,4,6.00,6,100.00,0,0,1,0,3.0,0.0,16,9.31,273,4/46,4/46,26.50,17.0,1,0,0,,,,,True
2023,1292506,Nishant Sindhu,Chennai Super Kings,6000000.0,0.6,2022,,,,,,,,,,,,,,,,,,,,,,,,,,,,,,,,,,,,,False
2023,1252337,Prashant Solanki,Chennai Super Kings,12000000.0,1.2,2022,Prashant Hitesh Solanki,"February 22, 2000",26y 127d,India,Bowler,-,IPL 2022,CSK,2.0,-,-,-,-,-,-,-,-,-,-,-,0.0,0.0,2,6.33,36,2/20,2/20,19.00,18.0,0,0,0,,,,,True
2023,1175429,Rajvardhan Hangargekar,Chennai Super Kings,15000000.0,1.5,2022,,,,,,,,,,,,,,,,,,,,,,,,,,,,,,,,,,,,,False
2023,234675,Ravindra Jadeja,Chennai Super Kings,160000000.0,16.0,2022,Ravindrasinh Anirudhsinh Jadeja,"December 06, 1988, Navagam-Khed, Saurashtra",37y 205d,India,Allrounder,2009 - 2026,IPL 2022,CSK,10.0,10,4,116,26*,19.33,98,118.36,0,0,6,5,7.0,0.0,5,7.51,198,3/39,3/39,49.60,39.6,0,0,0,"February 10, 2009","June 29, 2024","February 08, 2009","January 18, 2026",True
2023,1060380,Ruturaj Gaikwad,Chennai Super Kings,60000000.0,6.0,2022,Ruturaj Dashrat Gaikwad,"January 31, 1997, Pune, Maharashtra",29y 149d,India,Batter,2021 - 2025,IPL 2022,CSK,14.0,14,0,368,99,26.28,291,126.46,0,3,33,14,4.0,0.0,-,-,-,-,-,-,-,-,-,-,"July 28, 2021","July 13, 2024","October 06, 2022","December 06, 2025",True
2023,1292497,Shaik Rasheed,Chennai Super Kings,2000000.0,0.2,2022,,,,,,,,,,,,,,,,,,,,,,,,,,,,,,,,,,,,,False
2023,714451,Shivam Dube,Chennai Super Kings,40000000.0,4.0,2022,Shivam Dube,"June 26, 1993, Mumbai",33y 3d,India,Allrounder,2019 - 2026,IPL 2022,CSK,11.0,11,1,289,95*,28.90,185,156.21,0,2,22,16,6.0,0.0,0,18.00,12,-,-,-,-,0,0,0,"November 03, 2019","June 28, 2026","December 15, 2019","August 07, 2024",True
2023,1159722,Simarjeet Singh,Chennai Super Kings,2000000.0,0.2,2022,Simarjeet Singh,"January 17, 1998, Delhi",28y 163d,India,Bowler,-,IPL 2022,CSK,6.0,3,2,7,3*,7.00,8,87.50,0,0,0,0,1.0,0.0,4,7.66,108,2/27,2/27,34.50,27.0,0,0,0,,,,,True
2023,1059577,Subhranshu Senapati,Chennai Super Kings,2000000.0,0.2,2022,,,,,,,,,,,,,,,,,,,,,,,,,,,,,,,,,,,,,False
2023,822553,Tushar Deshpande,Chennai Super Kings,2000000.0,0.2,2022,Tushar Uday Deshpande,"May 15, 1995, Mumbai",31y 45d,India,Bowler,2024 - 2024,IPL 2022,CSK,2.0,-,-,-,-,-,-,-,-,-,-,-,1.0,0.0,1,9.00,42,1/40,1/40,63.00,42.0,0,0,0,"July 13, 2024","July 14, 2024",,,True
2023,1254269,Aman Khan,Delhi Capitals,2000000.0,0.2,2022,Aman Khan,"November 23, 1996",29y 224d,India,Allrounder,-,IPL 2022,KKR,1.0,1,0,5,5,5.00,3,166.66,0,0,1,0,0.0,0.0,0,13.00,6,-,-,-,-,0,0,0,,,,,True
2023,481979,Anrich Nortje,Delhi Capitals,65000000.0,6.5,2022,Anrich Arno Nortje,"November 16, 1993",32y 230d,South Africa,Bowler,2019 - 2026,IPL 2022,DC,6.0,1,1,1,1*,-,6,16.66,0,0,0,0,2.0,0.0,9,9.71,134,3/42,3/42,24.11,14.8,0,0,0,"September 18, 2019","March 01, 2026","March 03, 2019","September 09, 2023",True
2023,554691,Axar Patel,Delhi Capitals,120000000.0,12.0,2022,Axar Rajeshbhai Patel,"January 20, 1994, Anand, Gujarat",32y 165d,India,Allrounder,2014 - 2026,IPL 2022,DC,13.0,10,6,182,42*,45.50,120,151.66,0,0,12,10,8.0,0.0,6,7.46,258,2/10,2/10,53.50,43.0,0,0,0,"July 17, 2015","July 01, 2026","June 15, 2014","October 25, 2025",True
2023,1131754,Chetan Sakariya,Delhi Capitals,42000000.0,4.2,2022,Chetan Sakariya,"February 28, 1998, Bhavnagar",28y 126d,India,Bowler,2021 - 2021,IPL 2022,DC,3.0,-,-,-,-,-,-,-,-,-,-,-,2.0,0.0,3,7.63,66,2/23,2/23,28.00,22.0,0,0,0,"July 28, 2021","July 29, 2021","July 23, 2021","July 28, 2021",True
2023,219889,David Warner,Delhi Capitals,62500000.0,6.25,2022,David Andrew Warner,"October 27, 1986, Paddington, New South Wales",39y 250d,Australia,Opening Batter,2009 - 2024,IPL 2022,DC,12.0,12,3,432,92*,48.00,287,150.52,0,5,52,15,6.0,0.0,-,-,-,-,-,-,-,-,-,-,"January 11, 2009","June 24, 2024","January 18, 2009","November 19, 2023",True
2023,236779,Ishant Sharma,Delhi Capitals,5000000.0,0.5,2022,,,,,,,,,,,,,,,,,,,,,,,,,,,,,,,,,,,,,False
2023,1070188,Kamlesh Nagarkoti,Delhi Capitals,11000000.0,1.1,2022,Kamlesh Lachham Nagarkoti,"December 28, 1999, Barmer, Rajasthan",26y 188d,India,Bowler,-,IPL 2022,DC,1.0,-,-,-,-,-,-,-,-,-,-,-,0.0,0.0,0,14.50,12,-,-,-,-,0,0,0,,,,,True
2023,942645,Khaleel Ahmed,Delhi Capitals,52500000.0,5.25,2022,Khaleel Khursheed Ahmed,"December 05, 1997, Tonk, Rajasthan",28y 214d,India,Bowler,2018 - 2024,IPL 2022,DC,10.0,2,0,0,0,0.00,2,0.00,0,0,0,0,0.0,0.0,16,8.04,235,3/25,3/25,19.68,14.6,0,0,0,"November 04, 2018","July 30, 2024","September 18, 2018","August 14, 2019",True
2023,559235,Kuldeep Yadav,Delhi Capitals,20000000.0,2.0,2022,Kuldeep Yadav,"December 14, 1994, Kanpur, Uttar Pradesh",31y 202d,India,Bowler,2014 - 2026,IPL 2022,DC,14.0,7,6,48,16*,48.00,52,92.30,0,0,3,2,5.0,0.0,21,8.43,298,4/14,4/14,19.95,14.1,2,0,0,"July 09, 2017","February 15, 2026","June 23, 2017","June 17, 2026",True
2023,930189,Lalit Yadav,Delhi Capitals,6500000.0,0.65,2022,Lalit Yadav,"January 03, 1997, Delhi",29y 182d,India,Allrounder,-,IPL 2022,DC,12.0,8,1,161,48*,23.00,146,110.27,0,0,11,7,6.0,0.0,4,8.33,108,2/11,2/11,37.50,27.0,0,0,0,,,,,True
2023,542023,Lungi Ngidi,Delhi Capitals,5000000.0,0.5,2022,,,,,,,,,,,,,,,,,,,,,,,,,,,,,,,,,,,,,False
2023,290630,Manish Pandey,Delhi Capitals,24000000.0,2.4,2022,Manish Krishnanand Pandey,"September 10, 1989, Nainital, Uttaranchal",36y 297d,India,Top order Batter,2015 - 2021,IPL 2022,LSG,6.0,6,0,88,38,14.66,80,110.00,0,0,9,2,3.0,0.0,-,-,-,-,-,-,-,-,-,-,"July 17, 2015","December 04, 2020","July 14, 2015","July 23, 2021",True
2023,272450,Mitchell Marsh,Delhi Capitals,65000000.0,6.5,2022,Mitchell Ross Marsh,"October 20, 1991, Attadale, Perth",34y 257d,Australia,Allrounder,2011 - 2026,IPL 2022,DC,8.0,8,0,251,89,31.37,189,132.80,0,2,19,14,0.0,0.0,4,8.50,72,2/25,2/25,25.50,18.0,0,0,0,"October 16, 2011","June 21, 2026","October 19, 2011","October 25, 2025",True
2023,926851,Mukesh Kumar,Delhi Capitals,55000000.0,5.5,2022,,,,,,,,,,,,,,,,,,,,,,,,,,,,,,,,,,,,,False
2023,330902,Mustafizur Rahman,Delhi Capitals,20000000.0,2.0,2022,Mustafizur Rahman,"September 06, 1995, Satkhira",30y 296d,Bangladesh,Bowler,2015 - 2026,IPL 2022,DC,8.0,1,1,3,3*,-,5,60.00,0,0,0,0,1.0,0.0,8,7.62,192,3/18,3/18,30.50,24.0,0,0,0,"April 24, 2015","June 19, 2026","June 18, 2015","June 14, 2026",True
2023,669365,Phil Salt,Delhi Capitals,20000000.0,2.0,2022,,,,,,,,,,,,,,,,,,,,,,,,,,,,,,,,,,,,,False
2023,777515,Praveen Dubey,Delhi Capitals,5000000.0,0.5,2022,,,,,,,,,,,,,,,,,,,,,,,,,,,,,,,,,,,,,False
2023,1070168,Prithvi Shaw,Delhi Capitals,80000000.0,8.0,2022,Prithvi Pankaj Shaw,"November 09, 1999, Thane, Maharashtra",26y 237d,India,Opening Batter,2018 - 2021,IPL 2022,DC,10.0,10,0,283,61,28.30,185,152.97,0,2,37,10,4.0,0.0,-,-,-,-,-,-,-,-,-,-,"India vs West Indies  at Rajkot - October 04 - 06, 2018","Australia vs India  at Adelaide - December 17 - 19, 2020","February 05, 2020","July 23, 2021",True
2023,318845,Rilee Rossouw,Delhi Capitals,46000000.0,4.6,2022,,,,,,,,,,,,,,,,,,,,,,,,,,,,,,,,,,,,,False
2023,1201520,Ripal Patel,Delhi Capitals,2000000.0,0.2,2022,,,,,,,,,,,,,,,,,,,,,,,,,,,,,,,,,,,,,False
2023,931581,Rishabh Pant,Delhi Capitals,160000000.0,16.0,2022,Rishabh Rajendra Pant,"October 04, 1997, Haridwar, Uttarakhand",28y 273d,India,Wicketkeeper Batter,2017 - 2026,IPL 2022,DC,14.0,13,2,340,44,30.90,224,151.78,0,0,35,16,8.0,4.0,-,-,-,-,-,-,-,-,-,-,"February 01, 2017","July 28, 2024","October 21, 2018","August 07, 2024",True
2023,820351,Rovman Powell,Delhi Capitals,28000000.0,2.8,2022,Rovman Powell,"July 23, 1993, Jamaica",32y 346d,West Indies,Middle order Batter,2016 - 2026,IPL 2022,DC,14.0,12,2,250,67*,25.00,167,149.70,0,1,10,22,10.0,0.0,0,17.00,6,-,-,-,-,0,0,0,"March 26, 2017","June 14, 2026","November 16, 2016","July 27, 2023",True
2023,642525,Sarfaraz Khan,Delhi Capitals,2000000.0,0.2,2022,Sarfaraz Naushad Khan,"October 22, 1997, Mumbai",28y 250d,India,Middle order Batter,2024 - 2024,IPL 2022,DC,6.0,5,2,91,36*,30.33,67,135.82,0,0,9,2,2.0,0.0,-,-,-,-,-,-,-,-,-,-,,,,,True
2023,1292520,Vicky Ostwal,Delhi Capitals,2000000.0,0.2,2022,,,,,,,,,,,,,,,,,,,,,,,,,,,,,,,,,,,,,False
2023,1292498,Yash Dhull,Delhi Capitals,5000000.0,0.5,2022,,,,,,,,,,,,,,,,,,,,,,,,,,,,,,,,,,,,,False
2023,778963,Abhinav Manohar,Gujarat Titans,26000000.0,2.6,2022,Abhinav Manohar,"September 16, 1994, Bangalore, Karnataka",31y 291d,India,Batting Allrounder,-,IPL 2022,GT,8.0,7,1,108,43,18.00,75,144.00,0,0,14,3,4.0,0.0,-,-,-,-,-,-,-,-,-,-,,,,,True
2023,670031,Alzarri Joseph,Gujarat Titans,24000000.0,2.4,2022,Alzarri Shaheim Joseph,"November 20, 1996, Antigua",29y 226d,West Indies,Bowler,2016 - 2026,IPL 2022,GT,9.0,3,2,5,4*,5.00,7,71.42,0,0,0,0,1.0,0.0,7,8.80,180,2/34,2/34,37.71,25.7,0,0,0,"July 29, 2022","July 28, 2025","October 02, 2016","June 06, 2026",True
2023,1111917,Darshan Nalkande,Gujarat Titans,2000000.0,0.2,2022,Darshan Girish Nalkande,"October 04, 1998, Wardha, Maharashtra",27y 273d,India,Bowler,-,IPL 2022,GT,2.0,-,-,-,-,-,-,-,-,-,-,-,0.0,0.0,2,11.41,31,2/37,2/37,29.50,15.5,0,0,0,,,,,True
2023,321777,David Miller,Gujarat Titans,30000000.0,3.0,2022,David Andrew Miller,"June 10, 1989, Pietermaritzburg, Natal",37y 24d,South Africa,Middle order Batter,2010 - 2026,IPL 2022,GT,16.0,16,9,481,94*,68.71,337,142.72,0,2,32,23,6.0,0.0,-,-,-,-,-,-,-,-,-,-,"May 20, 2010","March 04, 2026","May 22, 2010","March 05, 2025",True
2023,625371,Hardik Pandya,Gujarat Titans,150000000.0,15.0,2022,Hardik Himanshu Pandya,"October 11, 1993, Choryasi, Gujarat",32y 266d,India,Allrounder,2016 - 2026,IPL 2022,GT,15.0,15,4,487,87*,44.27,371,131.26,0,4,49,12,4.0,0.0,8,7.27,183,3/17,3/17,27.75,22.8,0,0,0,"January 26, 2016","March 08, 2026","October 16, 2016","March 09, 2025",True
2023,447587,Jayant Yadav,Gujarat Titans,17000000.0,1.7,2022,,,,,,,,,,,,,,,,,,,,,,,,,,,,,,,,,,,,,False
2023,928067,Joshua Little,Gujarat Titans,44000000.0,4.4,2022,,,,,,,,,,,,,,,,,,,,,,,,,,,,,,,,,,,,,False
2023,277906,Kane Williamson,Gujarat Titans,20000000.0,2.0,2022,Kane Stuart Williamson,"August 08, 1990, Tauranga",35y 330d,New Zealand,Top order Batter,2010 - 2026,IPL 2022,SRH,13.0,13,2,216,57,19.63,231,93.50,0,1,16,8,10.0,0.0,-,-,-,-,-,-,-,-,-,-,"October 15, 2011","June 17, 2024","August 10, 2010","October 29, 2025",True
2023,230193,Matthew Wade,Gujarat Titans,24000000.0,2.4,2022,Matthew Scott Wade,"December 26, 1987, Hobart, Tasmania",38y 190d,Australia,Wicketkeeper Batter,2011 - 2024,IPL 2022,GT,10.0,10,0,157,35,15.70,138,113.76,0,0,23,2,7.0,1.0,-,-,-,-,-,-,-,-,-,-,"October 13, 2011","June 24, 2024","February 05, 2012","July 26, 2021",True
2023,481896,Mohammed Shami,Gujarat Titans,62500000.0,6.25,2022,Mohammed Shami Ahmed,"September 03, 1990, Amroha, Uttar Pradesh",35y 304d,India,Bowler,2013 - 2025,IPL 2022,GT,16.0,-,-,-,-,-,-,-,-,-,-,-,3.0,0.0,20,8.00,366,3/25,3/25,24.40,18.3,0,0,0,"March 21, 2014","February 02, 2025","January 06, 2013","March 09, 2025",True
2023,537119,Mohit Sharma,Gujarat Titans,5000000.0,0.5,2022,,,,,,,,,,,,,,,,,,,,,,,,,,,,,,,,,,,,,False
2023,1182529,Noor Ahmad,Gujarat Titans,3000000.0,0.3,2022,,,,,,,,,,,,,,,,,,,,,,,,,,,,,,,,,,,,,False
2023,820691,Odean Smith,Gujarat Titans,5000000.0,0.5,2022,Odean Fabian Smith,"November 01, 1996, St. Elizabeth, Jamaica",29y 246d,West Indies,Bowling Allrounder,2018 - 2023,IPL 2022,PBKS,6.0,6,3,51,25*,17.00,44,115.90,0,0,1,5,2.0,0.0,6,11.86,90,4/30,4/30,29.66,15.0,1,0,0,"April 02, 2018","August 12, 2023","January 08, 2022","June 06, 2023",True
2023,279545,Pradeep Sangwan,Gujarat Titans,2000000.0,0.2,2022,Pradeep Jaibeer Sangwan,"November 05, 1990, Rasiwas, Delhi",35y 241d,India,Bowler,-,IPL 2022,GT,3.0,1,0,2,2,2.00,5,40.00,0,0,0,0,1.0,0.0,3,7.22,54,2/19,2/19,21.66,18.0,0,0,0,,,,,True
2023,1048739,R Sai Kishore,Gujarat Titans,30000000.0,3.0,2022,Ravisrinivasan Sai Kishore,"November 06, 1996, Chennai, Tamil Nadu",29y 240d,India,Bowler,2023 - 2023,IPL 2022,GT,5.0,-,-,-,-,-,-,-,-,-,-,-,3.0,0.0,6,7.56,96,2/7,2/7,20.16,16.0,0,0,0,"October 03, 2023","October 07, 2023",,,True
2023,423838,Rahul Tewatia,Gujarat Titans,90000000.0,9.0,2022,Rahul Tewatia,"May 20, 1993, Sihi, Haryana",33y 45d,India,Bowling Allrounder,-,IPL 2022,GT,16.0,12,5,217,43*,31.00,147,147.61,0,0,22,9,5.0,0.0,0,12.66,36,-,-,-,-,0,0,0,,,,,True
2023,793463,Rashid Khan,Gujarat Titans,150000000.0,15.0,2022,Rashid Khan Arman,"September 20, 1998, Nangarhar",27y 287d,Afghanistan,Bowling Allrounder,2015 - 2026,IPL 2022,GT,16.0,8,4,91,40,22.75,44,206.81,0,0,3,9,7.0,0.0,19,6.59,383,4/24,4/24,22.15,20.1,1,0,0,"October 26, 2015","February 19, 2026","October 18, 2015","June 20, 2026",True
2023,1151288,Sai Sudharsan,Gujarat Titans,2000000.0,0.2,2022,Bhardwaj Sai Sudharsan,"October 15, 2001, Chennai",24y 262d,India,Top order Batter,2023 - 2026,IPL 2022,GT,5.0,5,1,145,65*,36.25,114,127.19,0,1,14,3,1.0,0.0,-,-,-,-,-,-,-,-,-,-,"England vs India  at Leeds - June 20 - 24, 2025","India vs Afghanistan  at New Chandigarh - June 06 - 08, 2026","December 17, 2023","December 21, 2023",True
2023,1079848,Shivam Mavi,Gujarat Titans,60000000.0,6.0,2022,,,,,,,,,,,,,,,,,,,,,,,,,,,,,,,,,,,,,False
2023,1070173,Shubman Gill,Gujarat Titans,80000000.0,8.0,2022,Shubman Gill,"September 08, 1999, Fazilka, Punjab",26y 299d,India,Top order Batter,2019 - 2026,IPL 2022,GT,16.0,16,2,483,96,34.50,365,132.32,0,4,51,11,7.0,0.0,-,-,-,-,-,-,-,-,-,-,"January 03, 2023","December 14, 2025","January 31, 2019","June 20, 2026",True
2023,529436,Srikar Bharat,Gujarat Titans,12000000.0,1.2,2022,,,,,,,,,,,,,,,,,,,,,,,,,,,,,,,,,,,,,False
2023,1131570,Urvil Patel,Gujarat Titans,2000000.0,0.2,2022,,,,,,,,,,,,,,,,,,,,,,,,,,,,,,,,,,,,,False
2023,477021,Vijay Shankar,Gujarat Titans,14000000.0,1.4,2022,Vijay Shankar,"January 26, 1991, Tirunelveli, Tamil Nadu",35y 154d,India,Allrounder,2018 - 2019,IPL 2022,GT,4.0,4,0,19,13,4.75,35,54.28,0,0,1,0,3.0,0.0,0,10.00,9,-,-,-,-,0,0,0,"March 06, 2018","February 27, 2019","January 18, 2019","June 27, 2019",True
2023,279810,Wriddhiman Saha,Gujarat Titans,19000000.0,1.9,2022,Wriddhiman Prasanta Saha,"October 24, 1984, Shaktigarh, Siliguri, Bengal, India",41y 248d,India,Wicketkeeper Batter,2010 - 2021,IPL 2022,GT,11.0,11,1,317,68,31.70,259,122.39,0,3,40,7,11.0,2.0,-,-,-,-,-,-,-,-,-,-,,,"November 28, 2010","November 09, 2014",True
2023,1159720,Yash Dayal,Gujarat Titans,32000000.0,3.2,2022,Yash Dayal,"December 13, 1997, Allahabad, Uttar Pradesh",28y 203d,India,Bowler,-,IPL 2022,GT,9.0,1,0,0,0,0.00,1,0.00,0,0,0,0,1.0,0.0,11,9.25,192,3/40,3/40,26.90,17.4,0,0,0,,,,,True
2023,276298,Andre Russell,Kolkata Knight Riders,160000000.0,16.0,2022,Andre Dwayne Russell,"April 29, 1988, Jamaica",38y 66d,West Indies,Allrounder,2010 - 2025,IPL 2022,KKR,14.0,12,3,335,70*,37.22,192,174.47,0,1,18,32,2.0,0.0,17,9.86,169,4/5,4/5,16.35,9.9,1,0,0,"April 21, 2011","July 22, 2025","March 11, 2011","June 17, 2019",True
2023,1079839,Anukul Roy,Kolkata Knight Riders,2000000.0,0.2,2022,Anukul Sudhakar Roy,"November 30, 1998, Saraikela Kharswan, Jharkhand",27y 217d,India,Allrounder,-,IPL 2022,KKR,2.0,1,0,0,0,0.00,2,0.00,0,0,0,0,1.0,0.0,1,7.85,42,1/28,1/28,55.00,42.0,0,0,0,,,,,True
2023,221140,David Wiese,Kolkata Knight Riders,10000000.0,1.0,2022,,,,,,,,,,,,,,,,,,,,,,,,,,,,,,,,,,,,,False
2023,1312645,Harshit Rana,Kolkata Knight Riders,2000000.0,0.2,2022,Harshit Pradeep Rana,"December 22, 2001, New Delhi",24y 195d,India,Bowler,2024 - 2026,IPL 2022,KKR,2.0,2,1,2,2,2.00,2,100.00,0,0,0,0,0.0,0.0,1,10.20,30,1/24,1/24,51.00,30.0,0,0,0,"January 31, 2025","July 04, 2026","February 06, 2025","January 18, 2026",True
2023,1083033,Kulwant Khejroliya,Kolkata Knight Riders,2000000.0,0.2,2022,,,,,,,,,,,,,,,,,,,,,,,,,,,,,,,,,,,,,False
2023,536936,Litton Das,Kolkata Knight Riders,5000000.0,0.5,2022,,,,,,,,,,,,,,,,,,,,,,,,,,,,,,,,,,,,,False
2023,493773,Lockie Ferguson,Kolkata Knight Riders,100000000.0,10.0,2022,Lachlan Hammond Ferguson,"June 13, 1991, Auckland",35y 21d,New Zealand,Bowler,2016 - 2026,IPL 2022,GT,13.0,3,1,5,5,2.50,4,125.00,0,0,1,0,2.0,0.0,12,8.95,286,4/28,4/28,35.58,23.8,1,0,0,"January 03, 2017","March 20, 2026","December 04, 2016","November 15, 2023",True
2023,398506,Mandeep Singh,Kolkata Knight Riders,5000000.0,0.5,2022,Mandeep Singh,"December 18, 1991, Jalandhar, Punjab",34y 198d,India,Allrounder,2016 - 2016,IPL 2022,DC,3.0,3,0,18,18,6.00,23,78.26,0,0,4,0,1.0,0.0,-,-,-,-,-,-,-,-,-,-,"June 18, 2016","June 22, 2016",,,True
2023,1048813,Narayan Jagadeesan,Kolkata Knight Riders,9000000.0,0.9,2022,Narayan Jagadeesan,"December 24, 1995, Coimbatore, Tamil Nadu",30y 187d,India,Wicketkeeper Batter,-,IPL 2022,CSK,2.0,2,1,40,39*,40.00,37,108.10,0,0,3,1,0.0,0.0,-,-,-,-,-,-,-,-,-,-,,,,,True
2023,604527,Nitish Rana,Kolkata Knight Riders,80000000.0,8.0,2022,Nitish Rana,"December 27, 1993, Delhi",32y 189d,India,Middle order Batter,2021 - 2021,IPL 2022,KKR,14.0,14,1,361,57,27.76,251,143.82,0,2,29,22,6.0,0.0,0,11.50,12,-,-,-,-,0,0,0,"July 28, 2021","July 29, 2021","July 23, 2021","July 28, 2021",True
2023,974087,Rahmanullah Gurbaz,Kolkata Knight Riders,5000000.0,0.5,2022,,,,,,,,,,,,,,,,,,,,,,,,,,,,,,,,,,,,,False
2023,723105,Rinku Singh,Kolkata Knight Riders,5500000.0,0.55,2022,Rinku Khanchand Singh,"October 12, 1997, Aligarh, Uttar Pradesh",28y 266d,India,Middle order Batter,2023 - 2026,IPL 2022,KKR,7.0,7,2,174,42*,34.80,117,148.71,0,0,17,7,8.0,0.0,-,-,-,-,-,-,-,-,-,-,"August 18, 2023","February 22, 2026","December 19, 2023","December 21, 2023",True
2023,56143,Shakib Al Hasan,Kolkata Knight Riders,15000000.0,1.5,2022,,,,,,,,,,,,,,,,,,,,,,,,,,,,,,,,,,,,,False
2023,475281,Shardul Thakur,Kolkata Knight Riders,107500000.0,10.75,2022,Shardul Narendra Thakur,"October 16, 1991, Palghar, Maharashtra",34y 256d,India,Bowling Allrounder,2017 - 2025,IPL 2022,DC,14.0,10,2,120,29*,15.00,87,137.93,0,0,7,7,7.0,0.0,15,9.78,290,4/36,4/36,31.53,19.3,1,0,0,"February 21, 2018","February 20, 2022","August 31, 2017","October 19, 2023",True
2023,642519,Shreyas Iyer,Kolkata Knight Riders,122500000.0,12.25,2022,Shreyas Santosh Iyer,"December 06, 1994, Mumbai",31y 211d,India,Top order Batter,2017 - 2026,IPL 2022,KKR,14.0,14,1,401,85,30.84,298,134.56,0,3,41,11,5.0,0.0,0,7.00,6,-,-,-,-,0,0,0,"November 01, 2017","July 04, 2026","December 10, 2017","June 20, 2026",True
2023,230558,Sunil Narine,Kolkata Knight Riders,60000000.0,6.0,2022,Sunil Philip Narine,"May 26, 1988, Arima, Trinidad & Tobago",38y 40d,West Indies,Bowling Allrounder,2011 - 2019,IPL 2022,KKR,14.0,10,2,71,22,8.87,40,177.50,0,0,6,6,3.0,0.0,9,5.57,336,2/21,2/21,34.66,37.3,0,0,0,"March 27, 2012","August 06, 2019","December 05, 2011","October 05, 2016",True
2023,1350792,Suyash Sharma,Kolkata Knight Riders,2000000.0,0.2,2022,,,,,,,,,,,,,,,,,,,,,,,,,,,,,,,,,,,,,False
2023,232364,Tim Southee,Kolkata Knight Riders,15000000.0,1.5,2022,Timothy Grant Southee,"December 11, 1988, Whangarei, Northland",37y 200d,New Zealand,Bowler,2008 - 2024,IPL 2022,KKR,9.0,5,1,2,1*,0.50,12,16.66,0,0,0,0,4.0,0.0,14,7.85,210,3/20,3/20,19.64,15.0,0,0,0,"February 05, 2008","June 17, 2024","June 15, 2008","November 15, 2023",True
2023,376116,Umesh Yadav,Kolkata Knight Riders,20000000.0,2.0,2022,Umeshkumar Tilak Yadav,"October 25, 1987, Nagpur, Maharashtra",38y 252d,India,Bowler,2010 - 2023,IPL 2022,KKR,12.0,7,3,55,21,13.75,40,137.50,0,0,4,4,5.0,0.0,16,7.06,288,4/23,4/23,21.18,18.0,1,0,0,"August 07, 2012","October 04, 2022","May 28, 2010","October 24, 2018",True
2023,1209292,Vaibhav Arora,Kolkata Knight Riders,6000000.0,0.6,2022,Vaibhav Gopal Arora,"December 14, 1997",28y 203d,India,Bowler,-,IPL 2022,PBKS,5.0,4,2,5,2*,2.50,13,38.46,0,0,0,0,1.0,0.0,3,9.19,107,2/21,2/21,54.66,35.6,0,0,0,,,,,True
2023,1108375,Varun Chakravarthy,Kolkata Knight Riders,120000000.0,12.0,2022,Varun Chakravarthy Vinod,"August 29, 1991, Bidar, Karnataka",34y 310d,India,Bowler,2021 - 2026,IPL 2022,KKR,11.0,4,4,12,10*,-,18,66.66,0,0,2,0,2.0,0.0,6,8.51,234,1/22,1/22,55.33,39.0,0,0,0,"July 25, 2021","July 04, 2026","February 09, 2025","March 09, 2025",True
2023,851403,Venkatesh Iyer,Kolkata Knight Riders,80000000.0,8.0,2022,Venkatesh Rajasekaran Iyer,"December 25, 1994, Indore, Madhya Pradesh",31y 192d,India,Allrounder,2021 - 2022,IPL 2022,KKR,12.0,12,1,182,50*,16.54,169,107.69,0,1,17,7,4.0,0.0,0,11.50,24,-,-,-,-,0,0,0,"November 17, 2021","February 27, 2022","January 19, 2022","January 21, 2022",True
2023,31107,Amit Mishra,Lucknow Super Giants,5000000.0,0.5,2022,,,,,,,,,,,,,,,,,,,,,,,,,,,,,,,,,,,,,False
2023,694211,Avesh Khan,Lucknow Super Giants,100000000.0,10.0,2022,Avesh Khan,"December 13, 1996, Indore, Madhya Pradesh",29y 204d,India,Bowler,2022 - 2024,IPL 2022,LSG,13.0,4,3,22,12,22.00,13,169.23,0,0,0,3,2.0,0.0,18,8.72,286,4/24,4/24,23.11,15.8,1,0,0,"February 20, 2022","November 10, 2024","July 24, 2022","December 21, 2023",True
2023,1151270,Ayush Badoni,Lucknow Super Giants,2000000.0,0.2,2022,Ayush Badoni,"December 03, 1999, Delhi",26y 214d,India,Batter,-,IPL 2022,LSG,13.0,11,3,161,54,20.12,130,123.84,0,1,11,7,9.0,0.0,2,5.50,12,1/5,1/5,5.50,6.0,0,0,0,,,,,True
2023,826901,Daniel Sams,Lucknow Super Giants,7500000.0,0.75,2022,Daniel Richard Sams,"October 27, 1992, Milperra, New South Wales",33y 250d,Australia,Allrounder,2020 - 2022,IPL 2022,MI,11.0,10,3,38,15,5.42,36,105.55,0,0,1,3,7.0,0.0,13,8.80,252,4/30,4/30,28.46,19.3,1,0,0,"December 06, 2020","October 09, 2022",,,True
2023,497121,Deepak Hooda,Lucknow Super Giants,57500000.0,5.75,2022,Deepak Jagbir Hooda,"April 19, 1995, Rohtak",31y 71d,India,Allrounder,2022 - 2023,IPL 2022,LSG,15.0,14,0,451,59,32.21,330,136.66,0,4,36,18,8.0,0.0,1,10.75,24,1/31,1/31,43.00,24.0,0,0,0,"February 24, 2022","February 01, 2023","February 06, 2022","November 30, 2022",True
2023,390484,Jaydev Unadkat,Lucknow Super Giants,5000000.0,0.5,2022,Jaydev Dipakbhai Unadkat,"October 18, 1991, Porbandar",34y 259d,India,Bowler,2010 - 2023,IPL 2022,MI,5.0,5,2,59,19*,19.66,37,159.45,0,0,4,3,1.0,0.0,6,9.50,120,2/32,2/32,31.66,20.0,0,0,0,"June 18, 2016","March 18, 2018","July 24, 2013","August 01, 2023",True
2023,422108,KL Rahul,Lucknow Super Giants,170000000.0,17.0,2022,Kannaur Lokesh Rahul,"April 18, 1992, Bangalore, Karnataka",34y 77d,India,Wicketkeeper Batter,2014 - 2026,IPL 2022,LSG,15.0,15,3,616,103*,51.33,455,135.38,2,4,45,30,9.0,0.0,-,-,-,-,-,-,-,-,-,-,"June 18, 2016","November 10, 2022","June 11, 2016","June 17, 2026",True
2023,1246518,Karan Sharma,Lucknow Super Giants,2000000.0,0.2,2022,Karan Sunny Sharma,"October 31, 1998, Delhi",27y 247d,India,Allrounder,-,IPL 2022,LSG,1.0,1,0,4,4,4.00,4,100.00,0,0,1,0,0.0,0.0,-,-,-,-,-,-,-,-,-,-,,,,,True
2023,424377,Krishnappa Gowtham,Lucknow Super Giants,9000000.0,0.9,2022,Krishnappa Gowtham,"October 20, 1988, Bangalore, Karnataka",37y 258d,India,Bowling Allrounder,2021 - 2021,IPL 2022,LSG,4.0,1,0,0,0,0.00,1,0.00,0,0,0,0,2.0,0.0,5,8.25,72,2/30,2/30,19.80,14.4,0,0,0,,,"July 23, 2021","UP vs Karnataka  at Meerut - November 17 - 20, 2012",True
2023,471342,Krunal Pandya,Lucknow Super Giants,82500000.0,8.25,2022,Krunal Himanshu Pandya,"March 24, 1991, Ahmedabad, Gujarat",35y 103d,India,Allrounder,2018 - 2021,IPL 2022,LSG,14.0,13,4,183,42,20.33,145,126.20,0,0,16,4,7.0,0.0,10,6.97,228,3/19,3/19,26.50,22.8,0,0,0,"November 04, 2018","July 25, 2021","March 23, 2021","July 20, 2021",True
2023,348056,Kyle Mayers,Lucknow Super Giants,5000000.0,0.5,2022,,,,,,,,,,,,,,,,,,,,,,,,,,,,,,,,,,,,,False
2023,532856,Manan Vohra,Lucknow Super Giants,2000000.0,0.2,2022,Manan Vohra,"July 18, 1993, Chandigarh, Punjab",32y 352d,India,Opening Batter,-,IPL 2022,LSG,2.0,1,0,19,19,19.00,11,172.72,0,0,1,2,0.0,0.0,-,-,-,-,-,-,-,-,-,-,,,,,True
2023,325012,Marcus Stoinis,Lucknow Super Giants,100000000.0,10.0,2022,Marcus Peter Stoinis,"August 16, 1989, Perth",36y 322d,Australia,Batting Allrounder,2015 - 2026,IPL 2022,LSG,11.0,10,2,156,38*,19.50,106,147.16,0,0,7,13,4.0,0.0,4,11.28,42,3/23,3/23,19.75,10.5,0,0,0,"August 31, 2015","February 20, 2026","September 11, 2015","November 10, 2024",True
2023,351588,Mark Wood,Lucknow Super Giants,75000000.0,7.5,2022,,,,,,,,,,,,,,,,,,,,,,,,,,,,,,,,,,,,,False
2023,1292563,Mayank Yadav,Lucknow Super Giants,2000000.0,0.2,2022,,,,,,,,,,,,,,,,,,,,,,,,,,,,,,,,,,,,,False
2023,1132005,Mohsin Khan,Lucknow Super Giants,2000000.0,0.2,2022,Mohsin Khan,"July 15, 1998, Sambhal, Uttar Pradesh",27y 355d,India,Bowler,-,IPL 2022,LSG,9.0,3,2,23,13*,23.00,16,143.75,0,0,2,1,1.0,0.0,14,5.96,198,4/16,4/16,14.07,14.1,1,0,0,,,,,True
2023,793447,Naveen-ul-Haq,Lucknow Super Giants,5000000.0,0.5,2022,,,,,,,,,,,,,,,,,,,,,,,,,,,,,,,,,,,,,False
2023,604302,Nicholas Pooran,Lucknow Super Giants,160000000.0,16.0,2022,Nicholas Pooran,"October 02, 1995, Trinidad",30y 276d,West Indies,Wicketkeeper Batter,2016 - 2024,IPL 2022,SRH,14.0,13,5,306,64*,38.25,212,144.33,0,2,16,21,8.0,1.0,-,-,-,-,-,-,-,-,-,-,"September 23, 2016","December 19, 2024","February 20, 2019","July 07, 2023",True
2023,956871,Prerak Mankad,Lucknow Super Giants,2000000.0,0.2,2022,Prerak Nileshkumar Mankad,"April 23, 1994, Sirohi, Saurashtra",32y 73d,India,Allrounder,-,IPL 2022,PBKS,1.0,1,1,4,4*,-,1,400.00,0,0,1,0,1.0,0.0,-,-,-,-,-,-,-,-,-,-,,,,,True
2023,379143,Quinton de Kock,Lucknow Super Giants,67500000.0,6.75,2022,Quinton de Kock,"December 17, 1992, Johannesburg, Gauteng",33y 200d,South Africa,Wicketkeeper Batter,2012 - 2026,IPL 2022,LSG,15.0,15,1,508,140*,36.28,341,148.97,1,3,47,23,12.0,1.0,-,-,-,-,-,-,-,-,-,-,"December 21, 2012","March 04, 2026","January 19, 2013","December 06, 2025",True
2023,1175441,Ravi Bishnoi,Lucknow Super Giants,40000000.0,4.0,2022,Ravi Bishnoi,"September 05, 2000, Jodhpur, Rajasthan",25y 303d,India,Bowler,2022 - 2026,IPL 2022,LSG,14.0,1,1,0,0*,-,1,0.00,0,0,0,0,3.0,0.0,13,8.44,324,2/22,2/22,35.07,24.9,0,0,0,"February 16, 2022","July 04, 2026","October 06, 2022","February 16, 2022",True
2023,677077,Romario Shepherd,Lucknow Super Giants,5000000.0,0.5,2022,Romario Shepherd,"November 26, 1994, Guyana",31y 221d,West Indies,Bowling Allrounder,2019 - 2026,IPL 2022,SRH,3.0,3,1,58,26*,29.00,41,141.46,0,0,2,5,0.0,0.0,3,10.88,54,2/42,2/42,32.66,18.0,0,0,0,"January 18, 2020","June 13, 2026","November 06, 2019","November 19, 2025",True
2023,232292,Swapnil Singh,Lucknow Super Giants,2000000.0,0.2,2022,,,,,,,,,,,,,,,,,,,,,,,,,,,,,,,,,,,,,False
2023,1070196,Yash Thakur,Lucknow Super Giants,4500000.0,0.45,2022,,,,,,,,,,,,,,,,,,,,,,,,,,,,,,,,,,,,,False
2023,1206052,Yudhvir Charak,Lucknow Super Giants,2000000.0,0.2,2022,,,,,,,,,,,,,,,,,,,,,,,,,,,,,,,,,,,,,False
2023,1206039,Akash Madhwal,Mumbai Indians,2000000.0,0.2,2022,,,,,,,,,,,,,,,,,,,,,,,,,,,,,,,,,,,,,False
2023,1148776,Arjun Tendulkar,Mumbai Indians,3000000.0,0.3,2022,,,,,,,,,,,,,,,,,,,,,,,,,,,,,,,,,,,,,False
2023,1244751,Arshad Khan,Mumbai Indians,2000000.0,0.2,2022,,,,,,,,,,,,,,,,,,,,,,,,,,,,,,,,,,,,,False
2023,1076713,Cameron Green,Mumbai Indians,175000000.0,17.5,2022,,,,,,,,,,,,,,,,,,,,,,,,,,,,,,,,,,,,,False
2023,1070665,Dewald Brevis,Mumbai Indians,30000000.0,3.0,2022,Dewald Brevis,"April 29, 2003, Johannesburg",23y 61d,South Africa,Middle order Batter,2023 - 2026,IPL 2022,MI,7.0,7,0,161,49,23.00,113,142.47,0,0,14,11,3.0,0.0,1,16.00,3,1/8,1/8,8.00,3.0,0,0,0,"August 30, 2023","March 04, 2026","August 19, 2025","December 06, 2025",True
2023,595954,Duan Jansen,Mumbai Indians,2000000.0,0.2,2022,,,,,,,,,,,,,,,,,,,,,,,,,,,,,,,,,,,,,False
2023,1175423,Hrithik Shokeen,Mumbai Indians,2000000.0,0.2,2022,Hrithik Rakesh Shokeen,"August 14, 2000, Delhi",25y 327d,India,Bowler,-,IPL 2022,MI,5.0,3,1,43,25,21.50,48,89.58,0,0,5,0,2.0,0.0,2,8.46,90,2/47,2/47,63.50,45.0,0,0,0,,,,,True
2023,720471,Ishan Kishan,Mumbai Indians,152500000.0,15.25,2022,Ishan Pranav Kumar Pandey Kishan,"July 18, 1998, Patna, Bihar",27y 351d,India,Wicketkeeper Batter,2021 - 2026,IPL 2022,MI,14.0,14,1,418,81*,32.15,348,120.11,0,3,45,11,13.0,0.0,-,-,-,-,-,-,-,-,-,-,"March 14, 2021","July 01, 2026","July 18, 2021","June 20, 2026",True
2023,272477,Jason Behrendorff,Mumbai Indians,7500000.0,0.75,2022,,,,,,,,,,,,,,,,,,,,,,,,,,,,,,,,,,,,,False
2023,625383,Jasprit Bumrah,Mumbai Indians,120000000.0,12.0,2022,Jasprit Jasbirsingh Bumrah,"December 06, 1993, Ahmedabad",32y 212d,India,Bowler,2016 - 2026,IPL 2022,MI,14.0,6,4,0,0*,0.00,8,0.00,0,0,0,0,2.0,0.0,15,7.18,320,5/10,5/10,25.53,21.3,0,1,0,"January 26, 2016","March 08, 2026","January 23, 2016","November 19, 2023",True
2023,774223,Jhye Richardson,Mumbai Indians,15000000.0,1.5,2022,,,,,,,,,,,,,,,,,,,,,,,,,,,,,,,,,,,,,False
2023,669855,Jofra Archer,Mumbai Indians,80000000.0,8.0,2022,,,,,,,,,,,,,,,,,,,,,,,,,,,,,,,,,,,,,False
2023,1159843,Kumar Kartikeya,Mumbai Indians,2000000.0,0.2,2022,Kumar Kartikeya Singh,"December 26, 1997, Kuwasi, Sultanpur, Uttar Pradesh",28y 193d,India,Bowler,-,IPL 2022,MI,4.0,1,0,3,3,3.00,5,60.00,0,0,0,0,0.0,0.0,5,7.84,78,2/22,2/22,20.40,15.6,0,0,0,,,,,True
2023,1151273,Nehal Wadhera,Mumbai Indians,2000000.0,0.2,2022,,,,,,,,,,,,,,,,,,,,,,,,,,,,,,,,,,,,,False
2023,32966,Piyush Chawla,Mumbai Indians,5000000.0,0.5,2022,,,,,,,,,,,,,,,,,,,,,,,,,,,,,,,,,,,,,False
2023,1350770,Raghav Goyal,Mumbai Indians,2000000.0,0.2,2022,,,,,,,,,,,,,,,,,,,,,,,,,,,,,,,,,,,,,False
2023,1079470,Ramandeep Singh,Mumbai Indians,2000000.0,0.2,2022,Ramandeep Singh,"April 13, 1997, Chandigarh",29y 83d,India,Middle order Batter,2024 - 2024,IPL 2022,MI,5.0,4,2,45,14*,22.50,40,112.50,0,0,3,1,1.0,0.0,6,9.00,36,3/20,3/20,9.00,6.0,0,0,0,"November 13, 2024","November 15, 2024",,,True
2023,34102,Rohit Sharma,Mumbai Indians,160000000.0,16.0,2022,Rohit Gurunath Sharma,"April 30, 1987, Bansod, Nagpur, Maharashtra",39y 68d,India,Top order Batter,2007 - 2026,IPL 2022,MI,14.0,14,0,268,48,19.14,223,120.17,0,0,28,13,7.0,0.0,-,-,-,-,-,-,-,-,-,-,"September 19, 2007","June 29, 2024","June 23, 2007","June 20, 2026",True
2023,1131607,Shams Mulani,Mumbai Indians,2000000.0,0.2,2022,,,,,,,,,,,,,,,,,,,,,,,,,,,,,,,,,,,,,False
2023,446507,Suryakumar Yadav,Mumbai Indians,80000000.0,8.0,2022,Suryakumar Ashok Yadav,"September 14, 1990, Mumbai, Maharashtra",35y 294d,India,Batter,2021 - 2026,IPL 2022,MI,8.0,8,1,303,68*,43.28,208,145.67,0,3,23,16,3.0,0.0,-,-,-,-,-,-,-,-,-,-,"March 14, 2021","March 08, 2026","July 18, 2021","November 19, 2023",True
2023,1170265,Tilak Varma,Mumbai Indians,17000000.0,1.7,2022,Namboori Thakur Tilak Varma,"November 08, 2002, Hyderabad, Andhra Pradesh",23y 241d,India,Batting Allrounder,2023 - 2026,IPL 2022,MI,14.0,14,3,397,61,36.09,303,131.02,0,2,29,16,10.0,0.0,0,6.50,12,-,-,-,-,0,0,0,"August 03, 2023","July 04, 2026","September 15, 2023","December 06, 2025",True
2023,892749,Tim David,Mumbai Indians,82500000.0,8.25,2022,Timothy Hays David,"March 16, 1996, Singapore",30y 112d,Australia,Middle order Batter,2019 - 2026,IPL 2022,MI,8.0,8,3,186,46,37.20,86,216.27,0,0,12,16,6.0,0.0,-,-,-,-,-,-,-,-,-,-,"July 22, 2019","June 21, 2026","September 09, 2023","September 17, 2023",True
2023,595978,Tristan Stubbs,Mumbai Indians,2000000.0,0.2,2022,Tristan Stubbs,"August 14, 2000",25y 324d,South Africa,Wicketkeeper Batter,2022 - 2026,IPL 2022,MI,2.0,2,0,2,2,1.00,4,50.00,0,0,0,0,0.0,0.0,-,-,-,-,-,-,-,-,-,-,"June 09, 2022","March 04, 2026","March 18, 2023","September 07, 2025",True
2023,732293,Vishnu Vinod,Mumbai Indians,2000000.0,0.2,2022,,,,,,,,,,,,,,,,,,,,,,,,,,,,,,,,,,,,,False
2023,1125976,Arshdeep Singh,Punjab Kings,40000000.0,4.0,2022,Arshdeep Singh,"February 05, 1999, Guna, Madhya Pradesh",27y 150d,India,Bowler,2022 - 2026,IPL 2022,PBKS,14.0,6,3,21,10*,7.00,29,72.41,0,0,3,0,4.0,0.0,10,7.70,300,3/37,3/37,38.50,30.0,0,0,0,"July 07, 2022","July 04, 2026","November 25, 2022","June 17, 2026",True
2023,1125958,Atharva Taide,Punjab Kings,2000000.0,0.2,2022,,,,,,,,,,,,,,,,,,,,,,,,,,,,,,,,,,,,,False
2023,527292,Baltej Singh,Punjab Kings,2000000.0,0.2,2022,,,,,,,,,,,,,,,,,,,,,,,,,,,,,,,,,,,,,False
2023,342619,Bhanuka Rajapaksa,Punjab Kings,5000000.0,0.5,2022,Pramod Bhanuka Bandara Rajapaksa,"October 24, 1991, Colombo",34y 254d,Sri Lanka,Top order Batter,2019 - 2025,IPL 2022,PBKS,9.0,9,0,206,43,22.88,129,159.68,0,0,16,13,4.0,0.0,-,-,-,-,-,-,-,-,-,-,"October 05, 2019","November 20, 2025","July 18, 2021","September 04, 2021",True
2023,340854,Harpreet Bhatia,Punjab Kings,4000000.0,0.4,2022,,,,,,,,,,,,,,,,,,,,,,,,,,,,,,,,,,,,,False
2023,1168641,Harpreet Brar,Punjab Kings,38000000.0,3.8,2022,Harpreet Brar,"September 16, 1995, Meerut, Uttar Pradesh",30y 292d,India,Bowler,-,IPL 2022,PBKS,5.0,3,0,22,14,7.33,25,88.00,0,0,1,2,3.0,0.0,4,9.12,96,3/26,3/26,36.50,24.0,0,0,0,,,,,True
2023,721867,Jitesh Sharma,Punjab Kings,2000000.0,0.2,2022,Jitesh Mohan Sharma,"October 22, 1993, Amrawati, Maharashtra",32y 256d,India,Wicketkeeper Batter,2023 - 2025,IPL 2022,PBKS,12.0,10,2,234,44,29.25,143,163.63,0,0,22,12,9.0,2.0,-,-,-,-,-,-,-,-,-,-,"October 03, 2023","December 19, 2025",,,True
2023,297433,Jonny Bairstow,Punjab Kings,67500000.0,6.75,2022,Jonathan Marc Bairstow,"September 26, 1989, Bradford, Yorkshire",36y 283d,England,Wicketkeeper Batter,2011 - 2024,IPL 2022,PBKS,11.0,11,0,253,66,23.00,175,144.57,0,2,34,9,2.0,0.0,-,-,-,-,-,-,-,-,-,-,"September 23, 2011","June 27, 2024","September 16, 2011","November 11, 2023",True
2023,550215,Kagiso Rabada,Punjab Kings,92500000.0,9.25,2022,Kagiso Rabada,"May 25, 1995, Johannesburg",31y 40d,South Africa,Bowler,2014 - 2026,IPL 2022,PBKS,13.0,8,3,48,25,9.60,43,111.62,0,0,5,2,2.0,0.0,23,8.45,288,4/33,4/33,17.65,12.5,2,0,0,"November 05, 2014","March 04, 2026","July 10, 2015","March 05, 2025",True
2023,403902,Liam Livingstone,Punjab Kings,115000000.0,11.5,2022,Liam Stephen Livingstone,"August 04, 1993, Barrow-in-Furness, Cumberland",32y 335d,England,Batting Allrounder,2017 - 2025,IPL 2022,PBKS,14.0,14,2,437,70,36.41,240,182.08,0,4,29,34,6.0,0.0,6,8.78,138,3/27,3/27,33.66,23.0,0,0,0,"June 23, 2017","February 02, 2025","March 26, 2021","March 01, 2025",True
2023,1349361,Mohit Rathee,Punjab Kings,2000000.0,0.2,2022,,,,,,,,,,,,,,,,,,,,,,,,,,,,,,,,,,,,,False
2023,826915,Nathan Ellis,Punjab Kings,7500000.0,0.75,2022,Nathan Ellis,"September 22, 1994, Greenacre, New South Wales",31y 280d,Australia,Bowler,2021 - 2026,IPL 2022,PBKS,2.0,1,0,0,0,0.00,2,0.00,0,0,0,0,1.0,0.0,3,9.16,36,3/40,3/40,18.33,12.0,0,0,0,"August 06, 2021","June 21, 2026","March 29, 2022","June 11, 2026",True
2023,1161024,Prabhsimran Singh,Punjab Kings,6000000.0,0.6,2022,Prabhsimran Singh,"August 10, 2000",25y 329d,India,Wicketkeeper Batter,-,IPL 2022,PBKS,1.0,1,0,14,14,14.00,11,127.27,0,0,2,0,0.0,0.0,-,-,-,-,-,-,-,-,-,-,,,,,True
2023,1064812,Rahul Chahar,Punjab Kings,52500000.0,5.25,2022,Rahul Desraj Chahar,"August 04, 1999, Bharaatpur, Rajasthan",26y 329d,India,Bowler,2019 - 2021,IPL 2022,PBKS,13.0,8,2,77,25*,12.83,68,113.23,0,0,7,4,5.0,0.0,14,7.71,280,3/25,3/25,25.71,20.0,0,0,0,"August 06, 2019","November 08, 2021","July 23, 2021","August 06, 2019",True
2023,1292502,Raj Angad Bawa,Punjab Kings,20000000.0,2.0,2022,Raj Angad Bawa,"November 12, 2002, Nahan, Himachal Pradesh",23y 236d,India,Allrounder,-,IPL 2022,PBKS,2.0,2,0,11,11,5.50,14,78.57,0,0,1,0,0.0,0.0,-,-,-,-,-,-,-,-,-,-,,,,,True
2023,290727,Rishi Dhawan,Punjab Kings,5500000.0,0.55,2022,Rishi Dhawan,"February 19, 1990, Mandi, Himachal Pradesh",36y 137d,India,Allrounder,2016 - 2016,IPL 2022,PBKS,6.0,4,2,37,21*,18.50,40,92.50,0,0,4,2,2.0,0.0,6,8.21,114,2/36,2/36,26.00,19.0,0,0,0,"January 17, 2016","January 23, 2016","January 17, 2016","January 23, 2016",True
2023,662973,Sam Curran,Punjab Kings,185000000.0,18.5,2022,,,,,,,,,,,,,,,,,,,,,,,,,,,,,,,,,,,,,False
2023,719719,Shahrukh Khan,Punjab Kings,90000000.0,9.0,2022,Masood Shahrukh Khan,"May 27, 1995, Chennai, Tamil Nadu",31y 38d,India,Batter,-,IPL 2022,PBKS,8.0,8,1,117,26,16.71,108,108.33,0,0,4,9,3.0,0.0,-,-,-,-,-,-,-,-,-,-,,,,,True
2023,28235,Shikhar Dhawan,Punjab Kings,82500000.0,8.25,2022,Shikhar Dhawan,"December 05, 1985, Delhi",40y 213d,India,Opening Batter,2010 - 2022,IPL 2022,PBKS,14.0,14,2,460,88*,38.33,375,122.66,0,3,47,12,10.0,0.0,-,-,-,-,-,-,-,-,-,-,"June 04, 2011","July 29, 2021","October 20, 2010","December 10, 2022",True
2023,1273859,Shivam Singh,Punjab Kings,2000000.0,0.2,2022,,,,,,,,,,,,,,,,,,,,,,,,,,,,,,,,,,,,,False
2023,299572,Sikandar Raza,Punjab Kings,5000000.0,0.5,2022,,,,,,,,,,,,,,,,,,,,,,,,,,,,,,,,,,,,,False
2023,1155262,Vidwath Kaverappa,Punjab Kings,2000000.0,0.2,2022,,,,,,,,,,,,,,,,,,,,,,,,,,,,,,,,,,,,,False
2023,1287067,Abdul Basith,Rajasthan Royals,2000000.0,0.2,2022,,,,,,,,,,,,,,,,,,,,,,,,,,,,,,,,,,,,,False
2023,379504,Adam Zampa,Rajasthan Royals,15000000.0,1.5,2022,,,,,,,,,,,,,,,,,,,,,,,,,,,,,,,,,,,,,False
2023,722597,Akash Vashisht,Rajasthan Royals,2000000.0,0.2,2022,,,,,,,,,,,,,,,,,,,,,,,,,,,,,,,,,,,,,False
2023,1119026,Devdutt Padikkal,Rajasthan Royals,77500000.0,7.75,2022,Devdutt Padikkal,"July 07, 2000, Edapal, Kerala",25y 363d,India,Top order Batter,2021 - 2024,IPL 2022,RR,17.0,17,0,376,54,22.11,306,122.87,0,1,40,14,5.0,0.0,-,-,-,-,-,-,-,-,-,-,"July 28, 2021","July 29, 2021",,,True
2023,1175488,Dhruv Jurel,Rajasthan Royals,2000000.0,0.2,2022,,,,,,,,,,,,,,,,,,,,,,,,,,,,,,,,,,,,,False
2023,698315,Donovan Ferreira,Rajasthan Royals,5000000.0,0.5,2022,,,,,,,,,,,,,,,,,,,,,,,,,,,,,,,,,,,,,False
2023,391485,Jason Holder,Rajasthan Royals,57500000.0,5.75,2022,Jason Omar Holder,"November 05, 1991, Barbados",34y 236d,West Indies,Bowling Allrounder,2013 - 2026,IPL 2022,LSG,12.0,8,2,58,16,9.66,44,131.81,0,0,2,6,4.0,0.0,14,9.42,249,3/31,3/31,27.92,17.7,0,0,0,"January 15, 2014","June 14, 2026","February 01, 2013","July 01, 2023",True
2023,303669,Joe Root,Rajasthan Royals,10000000.0,1.0,2022,,,,,,,,,,,,,,,,,,,,,,,,,,,,,,,,,,,,,False
2023,308967,Jos Buttler,Rajasthan Royals,100000000.0,10.0,2022,Joseph Charles Buttler,"September 08, 1990, Taunton, Somerset",35y 299d,England,Wicketkeeper Batter,2011 - 2026,IPL 2022,RR,17.0,17,2,863,116,57.53,579,149.05,4,4,83,45,9.0,0.0,-,-,-,-,-,-,-,-,-,-,"August 31, 2011","July 01, 2026","February 21, 2012","January 27, 2026",True
2023,777537,KC Cariappa,Rajasthan Royals,3000000.0,0.3,2022,,,,,,,,,,,,,,,,,,,,,,,,,,,,,,,,,,,,,False
2023,1083030,KM Asif,Rajasthan Royals,3000000.0,0.3,2022,,,,,,,,,,,,,,,,,,,,,,,,,,,,,,,,,,,,,False
2023,1163695,Kuldeep Sen,Rajasthan Royals,2000000.0,0.2,2022,Kuldeep Rampal Sen,"October 22, 1996, Rewa, Madhya Pradesh",29y 258d,India,Bowler,2022 - 2022,IPL 2022,RR,7.0,1,1,0,0*,-,3,0.00,0,0,0,0,3.0,0.0,8,9.41,151,4/20,4/20,29.62,18.8,1,0,0,,,"December 04, 2022","Tamil Nadu vs M. Pradesh  at Dindigul - November 01 - 04, 2018",True
2023,1206495,Kuldip Yadav,Rajasthan Royals,2000000.0,0.2,2022,,,,,,,,,,,,,,,,,,,,,,,,,,,,,,,,,,,,,False
2023,1339031,Kunal Singh Rathore,Rajasthan Royals,2000000.0,0.2,2022,,,,,,,,,,,,,,,,,,,,,,,,,,,,,,,,,,,,,False
2023,528067,Murugan Ashwin,Rajasthan Royals,2000000.0,0.2,2022,Murugan Ashwin,"September 08, 1990, Chennai, Tamil Nadu",35y 301d,India,Bowler,-,IPL 2022,MI,8.0,5,2,12,6,4.00,14,85.71,0,0,1,1,0.0,0.0,9,7.86,174,2/14,2/14,25.33,19.3,0,0,0,,,,,True
2023,700167,Navdeep Saini,Rajasthan Royals,26000000.0,2.6,2022,Navdeep Amarjeet Saini,"November 23, 1992, Karnal, Haryana",33y 224d,India,Bowler,2019 - 2021,IPL 2022,RR,2.0,1,0,2,2,2.00,2,100.00,0,0,0,0,2.0,0.0,3,12.00,36,2/36,2/36,24.00,12.0,0,0,0,"August 03, 2019","July 28, 2021","December 22, 2019","July 23, 2021",True
2023,906783,Obed McCoy,Rajasthan Royals,7500000.0,0.75,2022,Obed  Christopher McCoy,"January 04, 1997",29y 184d,West Indies,Bowler,2018 - 2025,IPL 2022,RR,7.0,1,0,8,8,8.00,5,160.00,0,0,0,1,1.0,0.0,11,9.17,155,3/23,3/23,21.54,14.0,0,0,0,"March 08, 2019","September 27, 2025","October 24, 2018","October 27, 2018",True
2023,917159,Prasidh Krishna,Rajasthan Royals,100000000.0,10.0,2022,Muralikrishna Prasidh Krishna,"February 19, 1996, Bangalore, Karnataka",30y 135d,India,Bowler,2021 - 2026,IPL 2022,RR,17.0,3,2,6,4*,6.00,12,50.00,0,0,0,0,2.0,0.0,19,8.28,399,3/22,3/22,29.00,21.0,0,0,0,"August 18, 2023","June 26, 2026","March 23, 2021","June 20, 2026",True
2023,26421,R Ashwin,Rajasthan Royals,50000000.0,5.0,2022,Ravichandran Ashwin,"September 17, 1986, Madras (now Chennai), Tamil Nadu",39y 285d,India,Bowling Allrounder,2010 - 2024,IPL 2022,RR,17.0,12,5,191,50,27.28,135,141.48,0,1,14,9,5.0,0.0,12,7.50,402,3/17,3/17,41.91,33.5,0,0,0,"June 12, 2010","November 10, 2022","June 05, 2010","October 08, 2023",True
2023,1079434,Riyan Parag,Rajasthan Royals,38000000.0,3.8,2022,Riyan Parag,"November 10, 2001, Guwahati, Assam",24y 239d,India,Top order Batter,2024 - 2024,IPL 2022,RR,17.0,14,3,183,56*,16.63,132,138.63,0,1,11,10,17.0,0.0,1,14.75,24,1/12,1/12,59.00,24.0,0,0,0,"July 06, 2024","October 12, 2024","August 07, 2024","July 06, 2024",True
2023,425943,Sanju Samson,Rajasthan Royals,140000000.0,14.0,2022,Sanju Viswanath Samson,"November 11, 1994, Pulluvila, Vizhinjam, Trivandrum",31y 230d,India,Wicketkeeper Batter,2014 - 2026,IPL 2022,RR,17.0,17,1,458,55,28.62,312,146.79,0,2,43,26,14.0,2.0,-,-,-,-,-,-,-,-,-,-,"July 19, 2015","June 28, 2026","July 23, 2021","December 21, 2023",True
2023,670025,Shimron Hetmyer,Rajasthan Royals,85000000.0,8.5,2022,Shimron Odilon Hetmyer,"December 26, 1996, Cumberland, Berbice, Guyana",29y 193d,West Indies,Middle order Batter,2017 - 2026,IPL 2022,RR,15.0,15,8,314,59*,44.85,204,153.92,0,1,21,21,3.0,0.0,-,-,-,-,-,-,-,-,-,-,"January 01, 2018","June 14, 2026","December 20, 2017","June 01, 2025",True
2023,277912,Trent Boult,Rajasthan Royals,80000000.0,8.0,2022,Trent Alexander Boult,"July 22, 1989, Rotorua",36y 348d,New Zealand,Bowler,2011 - 2024,IPL 2022,RR,16.0,8,6,40,17*,20.00,29,137.93,0,0,2,1,2.0,0.0,16,7.93,372,2/18,2/18,30.75,23.2,0,0,0,"February 09, 2013","June 17, 2024","July 11, 2012","November 15, 2023",True
2023,1151278,Yashasvi Jaiswal,Rajasthan Royals,40000000.0,4.0,2022,Yashasvi Bhupendra Kumar Jaiswal,"December 28, 2001, Suriyawan, Bhadohi, Uttar Pradesh",24y 191d,India,Opening Batter,2023 - 2026,IPL 2022,RR,10.0,10,0,258,68,25.80,194,132.98,0,2,28,10,2.0,0.0,0,36.00,1,-,-,-,-,0,0,0,"August 08, 2023","July 30, 2024","February 06, 2025","June 20, 2026",True
2023,430246,Yuzvendra Chahal,Rajasthan Royals,65000000.0,6.5,2022,Yuzvendra Singh Chahal,"July 23, 1990, Jind, Haryana",35y 348d,India,Bowler,2016 - 2024,IPL 2022,RR,17.0,2,1,5,5,5.00,8,62.50,0,0,0,0,0.0,0.0,27,7.75,408,5/40,5/40,19.51,15.1,1,1,0,"June 18, 2016","August 13, 2023","June 11, 2016","January 24, 2023",True
2023,1176959,Akash Deep,Royal Challengers Bangalore,2000000.0,0.2,2022,Akash Deep,"December 15, 1996, Dehri, (Rotas), Bihar",29y 202d,India,Bowler,2024 - 2025,IPL 2022,RCB,5.0,1,0,0,0,0.00,2,0.00,0,0,0,0,2.0,0.0,5,10.88,113,3/45,3/45,41.00,22.6,0,0,0,,,,,True
2023,1123073,Anuj Rawat,Royal Challengers Bangalore,34000000.0,3.4,2022,,,,,,,,,,,,,,,,,,,,,,,,,,,,,,,,,,,,,False
2023,1350765,Avinash Singh,Royal Challengers Bangalore,6000000.0,0.6,2022,,,,,,,,,,,,,,,,,,,,,,,,,,,,,,,,,,,,,False
2023,308251,David Willey,Royal Challengers Bangalore,20000000.0,2.0,2022,David Jonathan Willey,"February 28, 1990, Northampton",36y 121d,England,Bowling Allrounder,2015 - 2023,IPL 2022,RCB,4.0,2,0,18,18,9.00,30,60.00,0,0,3,0,1.0,0.0,1,6.54,66,1/29,1/29,72.00,66.0,0,0,0,"June 23, 2015","October 14, 2022","May 08, 2015","November 11, 2023",True
2023,30045,Dinesh Karthik,Royal Challengers Bangalore,55000000.0,5.5,2022,Krishnakumar Dinesh Karthik,"June 01, 1985, Madras (now Chennai), Tamil Nadu",41y 33d,India,Wicketkeeper Batter,2004 - 2022,IPL 2022,RCB,16.0,16,10,330,66*,55.00,180,183.33,0,1,27,22,10.0,2.0,-,-,-,-,-,-,-,-,-,-,"December 01, 2006","November 02, 2022","September 05, 2004","India vs New Zealand  at Manchester - July 09 - 10, 2019",True
2023,44828,Faf du Plessis,Royal Challengers Bangalore,70000000.0,7.0,2022,Francois du Plessis,"July 13, 1984, Pretoria",41y 351d,South Africa,Middle order Batter,2011 - 2021,IPL 2022,RCB,16.0,16,1,468,96,31.20,367,127.52,0,3,49,13,4.0,0.0,-,-,-,-,-,-,-,-,-,-,"September 08, 2012","December 01, 2020","January 18, 2011","July 06, 2019",True
2023,959759,Finn Allen,Royal Challengers Bangalore,8000000.0,0.8,2022,,,,,,,,,,,,,,,,,,,,,,,,,,,,,,,,,,,,,False
2023,325026,Glenn Maxwell,Royal Challengers Bangalore,110000000.0,11.0,2022,Glenn James Maxwell,"October 14, 1988, Kew, Melbourne, Victoria",37y 263d,Australia,Batting Allrounder,2012 - 2026,IPL 2022,RCB,13.0,13,2,301,55,27.36,178,169.10,0,1,31,15,5.0,0.0,6,6.87,144,2/22,2/22,27.50,24.0,0,0,0,"September 05, 2012","February 20, 2026","August 25, 2012","March 04, 2025",True
2023,390481,Harshal Patel,Royal Challengers Bangalore,107500000.0,10.75,2022,Harshal Vikram Patel,"November 23, 1990, Sanand, Gujarat",35y 223d,India,Bowling Allrounder,2021 - 2023,IPL 2022,RCB,15.0,8,3,43,11,8.60,39,110.25,0,0,4,2,3.0,0.0,19,7.66,321,4/34,4/34,21.57,16.8,1,0,0,"November 19, 2021","January 03, 2023",,,True
2023,1350761,Himanshu Sharma,Royal Challengers Bangalore,2000000.0,0.2,2022,,,,,,,,,,,,,,,,,,,,,,,,,,,,,,,,,,,,,False
2023,288284,Josh Hazlewood,Royal Challengers Bangalore,77500000.0,7.75,2022,Josh Reginald Hazlewood,"January 08, 1991, Tamworth, New South Wales",35y 172d,Australia,Bowler,2010 - 2025,IPL 2022,RCB,12.0,5,5,18,7*,-,26,69.23,0,0,1,0,1.0,0.0,20,8.10,279,4/25,4/25,18.85,13.9,1,0,0,"February 13, 2013","October 31, 2025","June 22, 2010","October 25, 2025",True
2023,30288,Karn Sharma,Royal Challengers Bangalore,5000000.0,0.5,2022,,,,,,,,,,,,,,,,,,,,,,,,,,,,,,,,,,,,,False
2023,853265,Mahipal Lomror,Royal Challengers Bangalore,9500000.0,0.95,2022,Mahipal Krishan Lomror,"November 16, 1999, Nagaur, Rajasthan",26y 233d,India,Allrounder,-,IPL 2022,RCB,7.0,5,0,86,42,17.20,57,150.87,0,0,7,4,2.0,0.0,0,9.00,12,-,-,-,-,0,0,0,,,,,True
2023,1057399,Manoj Bhandage,Royal Challengers Bangalore,2000000.0,0.2,2022,,,,,,,,,,,,,,,,,,,,,,,,,,,,,,,,,,,,,False
2023,940973,Mohammed Siraj,Royal Challengers Bangalore,70000000.0,7.0,2022,Mohammed Siraj,"March 13, 1994, Hyderabad",32y 113d,India,Bowler,2017 - 2026,IPL 2022,RCB,15.0,5,3,30,14*,15.00,33,90.90,0,0,5,0,6.0,0.0,9,10.07,306,2/30,2/30,57.11,34.0,0,0,0,"November 04, 2017","February 07, 2026","January 15, 2019","January 18, 2026",True
2023,1339027,Rajan Kumar,Royal Challengers Bangalore,7000000.0,0.7,2022,,,,,,,,,,,,,,,,,,,,,,,,,,,,,,,,,,,,,False
2023,823703,Rajat Patidar,Royal Challengers Bangalore,2000000.0,0.2,2022,Rajat Manohar Patidar,"June 01, 1993, Indore, Madhya Pradesh",33y 36d,India,Top order Batter,2023 - 2024,IPL 2022,RCB,8.0,7,1,333,112*,55.50,218,152.75,1,2,27,18,4.0,0.0,-,-,-,-,-,-,-,-,-,-,,,"India vs England  at Visakhapatnam - February 02 - 05, 2024","India vs England  at Ranchi - February 23 - 26, 2024",True
2023,461632,Reece Topley,Royal Challengers Bangalore,19000000.0,1.9,2022,,,,,,,,,,,,,,,,,,,,,,,,,,,,,,,,,,,,,False
2023,1159711,Shahbaz Ahmed,Royal Challengers Bangalore,24000000.0,2.4,2022,Shahbaz Ahmed,"December 11, 1994, Mewat, Haryana",31y 206d,India,Allrounder,2022 - 2025,IPL 2022,RCB,16.0,11,3,219,45,27.37,181,120.99,0,0,14,9,8.0,0.0,4,9.60,210,2/26,2/26,84.00,52.5,0,0,0,"October 06, 2023","October 07, 2023","October 09, 2022","December 04, 2022",True
2023,326017,Siddarth Kaul,Royal Challengers Bangalore,7500000.0,0.75,2022,Siddarth Kaul,"May 19, 1990, Pathankot, Punjab",36y 49d,India,Bowler,2018 - 2019,IPL 2022,RCB,1.0,-,-,-,-,-,-,-,-,-,-,-,0.0,0.0,0,10.75,24,-,-,-,-,0,0,0,"June 29, 2018","February 27, 2019","July 12, 2018","September 25, 2018",True
2023,1048867,Sonu Yadav,Royal Challengers Bangalore,2000000.0,0.2,2022,,,,,,,,,,,,,,,,,,,,,,,,,,,,,,,,,,,,,False
2023,1083851,Suyash Prabhudessai,Royal Challengers Bangalore,3000000.0,0.3,2022,Suyash S Prabhudessai,"December 06, 1997",28y 214d,India,Batting Allrounder,-,IPL 2022,RCB,5.0,5,0,67,34,13.40,59,113.55,0,0,7,2,3.0,0.0,-,-,-,-,-,-,-,-,-,-,,,,,True
2023,253802,Virat Kohli,Royal Challengers Bangalore,150000000.0,15.0,2022,Virat Kohli,"November 05, 1988, Delhi",37y 244d,India,Top order Batter,2008 - 2026,IPL 2022,RCB,16.0,16,1,341,73,22.73,294,115.98,0,2,32,8,9.0,0.0,-,-,-,-,-,-,-,-,-,-,"June 12, 2010","June 29, 2024","August 18, 2008","January 18, 2026",True
2023,784379,Wanindu Hasaranga,Royal Challengers Bangalore,107500000.0,10.75,2022,Pinnaduwage Wanindu Hasaranga de Silva,"July 29, 1997, Galle",28y 343d,Sri Lanka,Allrounder,2017 - 2026,IPL 2022,RCB,16.0,7,0,38,18,5.42,43,88.37,0,0,4,1,3.0,0.0,26,7.54,342,5/18,5/18,16.53,13.1,1,1,0,"September 01, 2019","June 14, 2026","July 02, 2017","June 06, 2026",True
2023,897549,Will Jacks,Royal Challengers Bangalore,32000000.0,3.2,2022,,,,,,,,,,,,,,,,,,,,,,,,,,,,,,,,,,,,,False
2023,1175485,Abdul Samad,Sunrisers Hyderabad,40000000.0,4.0,2022,Abdul Samad Farooq,"October 28, 2001, Kala Kot, Jammu & Kashmir",24y 250d,India,Batter,-,IPL 2022,SRH,2.0,2,0,4,4,2.00,7,57.14,0,0,0,0,1.0,0.0,0,8.00,6,-,-,-,-,0,0,0,,,,,True
2023,1070183,Abhishek Sharma,Sunrisers Hyderabad,65000000.0,6.5,2022,Abhishek Sharma,"September 04, 2000, Amritsar, Punjab",25y 306d,India,Batting Allrounder,2024 - 2026,IPL 2022,SRH,14.0,14,0,426,75,30.42,320,133.12,0,2,47,13,1.0,0.0,0,9.50,24,-,-,-,-,0,0,0,"July 06, 2024","July 04, 2026",,,True
2023,244497,Adil Rashid,Sunrisers Hyderabad,20000000.0,2.0,2022,,,,,,,,,,,,,,,,,,,,,,,,,,,,,,,,,,,,,False
2023,600498,Aiden Markram,Sunrisers Hyderabad,26000000.0,2.6,2022,Aiden Kyle Markram,"October 04, 1994, Centurion",31y 274d,South Africa,Middle order Batter,2017 - 2026,IPL 2022,SRH,14.0,12,4,381,68*,47.62,274,139.05,0,3,25,19,6.0,0.0,1,10.66,36,1/8,1/8,64.00,36.0,0,0,0,"March 22, 2019","March 04, 2026","October 22, 2017","December 06, 2025",True
2023,530812,Akeal Hosein,Sunrisers Hyderabad,10000000.0,1.0,2022,,,,,,,,,,,,,,,,,,,,,,,,,,,,,,,,,,,,,False
2023,851261,Anmolpreet Singh,Sunrisers Hyderabad,2000000.0,0.2,2022,Anmolpreet Singh,"March 28, 1998, Patiala, Punjab",28y 100d,India,Batter,-,IPL 2022,MI,2.0,2,0,13,8,6.50,13,100.00,0,0,1,0,0.0,0.0,-,-,-,-,-,-,-,-,-,-,,,,,True
2023,326016,Bhuvneshwar Kumar,Sunrisers Hyderabad,42000000.0,4.2,2022,Bhuvneshwar Kumar Singh,"February 05, 1990, Meerut, Uttar Pradesh",36y 150d,India,Bowler,2012 - 2022,IPL 2022,SRH,14.0,6,3,24,8,8.00,26,92.30,0,0,3,0,2.0,0.0,12,7.34,313,3/22,3/22,31.91,26.0,0,0,0,"December 25, 2012","November 22, 2022","December 30, 2012","January 21, 2022",True
2023,974175,Fazalhaq Farooqi,Sunrisers Hyderabad,5000000.0,0.5,2022,Fazalhaq Farooqi,"September 22, 2000, Baghlan",25y 288d,Afghanistan,Bowler,2021 - 2026,IPL 2022,SRH,3.0,1,1,2,2*,-,8,25.00,0,0,0,0,0.0,0.0,2,9.16,72,2/32,2/32,55.00,36.0,0,0,0,"March 20, 2021","February 11, 2026","January 25, 2022","February 28, 2025",True
2023,823509,Glenn Phillips,Sunrisers Hyderabad,15000000.0,1.5,2022,,,,,,,,,,,,,,,,,,,,,,,,,,,,,,,,,,,,,False
2023,911707,Harry Brook,Sunrisers Hyderabad,132500000.0,13.25,2022,,,,,,,,,,,,,,,,,,,,,,,,,,,,,,,,,,,,,False
2023,436757,Heinrich Klaasen,Sunrisers Hyderabad,52500000.0,5.25,2022,,,,,,,,,,,,,,,,,,,,,,,,,,,,,,,,,,,,,False
2023,1122918,Kartik Tyagi,Sunrisers Hyderabad,40000000.0,4.0,2022,Kartik Tyagi,"November 08, 2000, Hapur, Uttar Pradesh",25y 238d,India,Bowler,-,IPL 2022,SRH,2.0,2,0,7,7,3.50,6,116.66,0,0,1,0,0.0,0.0,1,9.87,48,1/42,1/42,79.00,48.0,0,0,0,,,,,True
2023,696401,Marco Jansen,Sunrisers Hyderabad,42000000.0,4.2,2022,Marco Jansen,"May 01, 2000",26y 66d,South Africa,Bowling Allrounder,2021 - 2026,IPL 2022,SRH,8.0,3,2,9,8*,9.00,7,128.57,0,0,0,1,3.0,0.0,7,8.56,192,3/25,3/25,39.14,27.4,0,0,0,"June 17, 2022","March 04, 2026","January 19, 2022","December 06, 2025",True
2023,398438,Mayank Agarwal,Sunrisers Hyderabad,82500000.0,8.25,2022,Mayank Anurag Agarwal,"February 16, 1991, Bangalore, Karnataka",35y 139d,India,Batter,2018 - 2022,IPL 2022,PBKS,13.0,12,0,196,52,16.33,160,122.50,0,1,23,6,10.0,0.0,-,-,-,-,-,-,-,-,-,-,,,"February 05, 2020","November 29, 2020",True
2023,942367,Mayank Dagar,Sunrisers Hyderabad,18000000.0,1.8,2022,,,,,,,,,,,,,,,,,,,,,,,,,,,,,,,,,,,,,False
2023,1081442,Mayank Markande,Sunrisers Hyderabad,5000000.0,0.5,2022,Mayank Markande,"November 11, 1997, Bathinda, Punjab",28y 238d,India,Bowler,2019 - 2019,IPL 2022,MI,2.0,-,-,-,-,-,-,-,-,-,-,-,2.0,0.0,1,8.14,42,1/26,1/26,57.00,42.0,0,0,0,"February 24, 2019","Andhra vs Punjab  at Visakhapatnam - November 01 - 04, 2018",,,True
2023,1175496,Nitish Kumar Reddy,Sunrisers Hyderabad,2000000.0,0.2,2022,,,,,,,,,,,,,,,,,,,,,,,,,,,,,,,,,,,,,False
2023,446763,Rahul Tripathi,Sunrisers Hyderabad,85000000.0,8.5,2022,Rahul Ajay Tripathi,"March 02, 1991, Ranchi",35y 119d,India,Top order Batter,2023 - 2023,IPL 2022,SRH,14.0,14,3,413,76,37.54,261,158.23,0,3,40,20,6.0,0.0,-,-,-,-,-,-,-,-,-,-,"January 05, 2023","February 01, 2023",,,True
2023,853859,Samarth Vyas,Sunrisers Hyderabad,2000000.0,0.2,2022,,,,,,,,,,,,,,,,,,,,,,,,,,,,,,,,,,,,,False
2023,1132219,Sanvir Singh,Sunrisers Hyderabad,2000000.0,0.2,2022,,,,,,,,,,,,,,,,,,,,,,,,,,,,,,,,,,,,,False
2023,802575,T Natarajan,Sunrisers Hyderabad,40000000.0,4.0,2022,Thangarasu Natarajan,"April 04, 1991, Salem",35y 91d,India,Bowler,2020 - 2021,IPL 2022,SRH,11.0,-,-,-,-,-,-,-,-,-,-,-,1.0,0.0,18,9.44,258,3/10,3/10,22.55,14.3,0,0,0,"December 04, 2020","March 20, 2021","December 02, 2020","March 28, 2021",True
2023,1246528,Umran Malik,Sunrisers Hyderabad,40000000.0,4.0,2022,Umran Malik,"November 22, 1999, Gujjar Nagar, Jammu & Kashmir",26y 227d,India,Bowler,2022 - 2023,IPL 2022,SRH,14.0,4,3,4,3*,4.00,8,50.00,0,0,0,0,5.0,0.0,22,9.03,295,5/25,5/25,20.18,13.4,1,1,0,"June 26, 2022","February 01, 2023","November 25, 2022","July 29, 2023",True
2023,732269,Upendra Yadav,Sunrisers Hyderabad,2500000.0,0.25,2022,,,,,,,,,,,,,,,,,,,,,,,,,,,,,,,,,,,,,False
2023,1252370,Vivrant Sharma,Sunrisers Hyderabad,26000000.0,2.6,2022,,,,,,,,,,,,,,,,,,,,,,,,,,,,,,,,,,,,,False
2023,719715,Washington Sundar,Sunrisers Hyderabad,87500000.0,8.75,2022,Washington Sundar,"October 05, 1999, Chennai, Tamil Nadu",26y 272d,India,Bowling Allrounder,2017 - 2026,IPL 2022,SRH,9.0,7,0,101,40,14.42,69,146.37,0,0,9,3,1.0,0.0,6,8.53,168,2/21,2/21,39.83,28.0,0,0,0,"December 24, 2017","June 26, 2026","December 13, 2017","June 20, 2026",True
2024,1059570,Ajay Mandal,Chennai Super Kings,2000000.0,0.2,2023,,,,,,,,,,,,,,,,,,,,,,,,,,,,,,,,,,,,,False
2024,277916,Ajinkya Rahane,Chennai Super Kings,5000000.0,0.5,2023,Ajinkya Madhukar Rahane,"June 06, 1988, Ashwi-KD, Maharashtra",38y 23d,India,Top order Batter,2011 - 2023,IPL 2023,CSK,14.0,11,1,326,71*,32.60,189,172.48,0,2,24,16,8.0,0.0,-,-,-,-,-,-,-,-,-,-,"August 31, 2011","August 28, 2016","September 03, 2011","February 16, 2018",True
2024,1408675,Aravelly Avanish,Chennai Super Kings,2000000.0,0.2,2023,,,,,,,,,,,,,,,,,,,,,,,,,,,,,,,,,,,,,False
2024,381743,Daryl Mitchell,Chennai Super Kings,140000000.0,14.0,2023,,,,,,,,,,,,,,,,,,,,,,,,,,,,,,,,,,,,,False
2024,447261,Deepak Chahar,Chennai Super Kings,140000000.0,14.0,2023,Deepak Lokandersingh Chahar,"August 07, 1992, Agra, Uttar Pradesh",33y 326d,India,Bowler,2018 - 2023,IPL 2023,CSK,10.0,1,1,1,1*,-,2,50.00,0,0,0,0,1.0,0.0,13,8.73,204,3/22,3/22,22.84,15.6,0,0,0,"July 08, 2018","December 01, 2023","September 25, 2018","December 07, 2022",True
2024,379140,Devon Conway,Chennai Super Kings,10000000.0,1.0,2023,Devon Philip Conway,"July 08, 1991, Johannesburg, Transvaal",34y 356d,New Zealand,Wicketkeeper Batter,2020 - 2026,IPL 2023,CSK,16.0,15,2,672,92*,51.69,481,139.70,0,6,77,18,6.0,0.0,-,-,-,-,-,-,-,-,-,-,"November 27, 2020","March 20, 2026","March 20, 2021","January 18, 2026",True
2024,28081,MS Dhoni,Chennai Super Kings,120000000.0,12.0,2023,Mahendra Singh Dhoni,"July 07, 1981, Ranchi, Bihar (now Jharkhand)",44y 357d,India,Wicketkeeper Batter,2004 - 2019,IPL 2023,CSK,16.0,12,8,104,32*,26.00,57,182.45,0,0,3,10,7.0,3.0,-,-,-,-,-,-,-,-,-,-,"December 01, 2006","February 27, 2019","December 23, 2004","India
                              vs New Zealand at Manchester - July 09 - 10, 2019",True
2024,1138316,Maheesh Theekshana,Chennai Super Kings,7000000.0,0.7,2023,Morawakage Maheesh Theekshana,"August 01, 2000, Colombo",25y 332d,Sri Lanka,Bowler,2021 - 2026,IPL 2023,CSK,13.0,-,-,-,-,-,-,-,-,-,-,-,3.0,0.0,11,8.00,294,2/23,2/23,35.63,26.7,0,0,0,"September 10, 2021","June 14, 2026","September 07, 2021","June 06, 2026",True
2024,1194795,Matheesha Pathirana,Chennai Super Kings,2000000.0,0.2,2023,Matheesha Pathirana,"December 18, 2002, Kandy",23y 193d,Sri Lanka,Bowler,2022 - 2026,IPL 2023,CSK,12.0,-,-,-,-,-,-,-,-,-,-,-,4.0,0.0,19,8.00,278,3/15,3/15,19.52,14.6,0,0,0,"August 27, 2022","February 16, 2026","June 02, 2023","October 10, 2023",True
2024,502714,Mitchell Santner,Chennai Super Kings,19000000.0,1.9,2023,Mitchell Josef Santner,"February 05, 1992, Hamilton",34y 144d,New Zealand,Bowling Allrounder,2015 - 2026,IPL 2023,CSK,3.0,2,2,2,1*,-,4,50.00,0,0,0,0,1.0,0.0,3,6.75,72,2/28,2/28,27.00,24.0,0,0,0,"June 23, 2015","March 20, 2026","June 09, 2015","November 22, 2025",True
2024,8917,Moeen Ali,Chennai Super Kings,80000000.0,8.0,2023,Moeen Munir Ali,"June 18, 1987, Birmingham",39y 11d,England,Batting Allrounder,2014 - 2024,IPL 2023,CSK,15.0,10,3,124,23,17.71,91,136.26,0,0,12,6,4.0,0.0,9,7.50,156,4/26,4/26,21.66,17.3,1,0,0,"March 11, 2014","June 27, 2024","February 28, 2014","November 11, 2023",True
2024,1125688,Mukesh Chowdhary,Chennai Super Kings,2000000.0,0.2,2023,,,,,,,,,,,,,,,,,,,,,,,,,,,,,,,,,,,,,False
2024,330902,Mustafizur Rahman,Chennai Super Kings,20000000.0,2.0,2023,Mustafizur Rahman,"September 06, 1995, Satkhira",30y 296d,Bangladesh,Bowler,2015 - 2026,IPL 2023,DC,2.0,1,1,1,1*,-,1,100.00,0,0,0,0,0.0,0.0,1,11.28,42,1/38,1/38,79.00,42.0,0,0,0,"April 24, 2015","June 19, 2026","June 18, 2015","June 14, 2026",True
2024,1292506,Nishant Sindhu,Chennai Super Kings,6000000.0,0.6,2023,,,,,,,,,,,,,,,,,,,,,,,,,,,,,,,,,,,,,False
2024,1252337,Prashant Solanki,Chennai Super Kings,12000000.0,1.2,2023,,,,,,,,,,,,,,,,,,,,,,,,,,,,,,,,,,,,,False
2024,959767,Rachin Ravindra,Chennai Super Kings,18000000.0,1.8,2023,,,,,,,,,,,,,,,,,,,,,,,,,,,,,,,,,,,,,False
2024,1175429,Rajvardhan Hangargekar,Chennai Super Kings,15000000.0,1.5,2023,Rajvardhan S Hangargekar,"November 10, 2002, Tuljapur, Maharashtra",23y 231d,India,Bowling Allrounder,-,IPL 2023,CSK,2.0,-,-,-,-,-,-,-,-,-,-,-,0.0,0.0,3,10.00,36,3/36,3/36,20.00,12.0,0,0,0,,,,,True
2024,234675,Ravindra Jadeja,Chennai Super Kings,160000000.0,16.0,2023,Ravindrasinh Anirudhsinh Jadeja,"December 06, 1988, Navagam-Khed, Saurashtra",37y 205d,India,Allrounder,2009 - 2026,IPL 2023,CSK,16.0,12,4,190,25*,23.75,133,142.85,0,0,11,9,9.0,0.0,20,7.56,342,3/20,3/20,21.55,17.1,0,0,0,"February 10, 2009","June 29, 2024","February 08, 2009","January 18, 2026",True
2024,1060380,Ruturaj Gaikwad,Chennai Super Kings,60000000.0,6.0,2023,Ruturaj Dashrat Gaikwad,"January 31, 1997, Pune, Maharashtra",29y 149d,India,Batter,2021 - 2025,IPL 2023,CSK,16.0,15,1,590,92,42.14,400,147.50,0,4,46,30,17.0,0.0,-,-,-,-,-,-,-,-,-,-,"July 28, 2021","July 13, 2024","October 06, 2022","December 06, 2025",True
2024,1175489,Sameer Rizvi,Chennai Super Kings,84000000.0,8.4,2023,,,,,,,,,,,,,,,,,,,,,,,,,,,,,,,,,,,,,False
2024,1292497,Shaik Rasheed,Chennai Super Kings,2000000.0,0.2,2023,,,,,,,,,,,,,,,,,,,,,,,,,,,,,,,,,,,,,False
2024,475281,Shardul Thakur,Chennai Super Kings,40000000.0,4.0,2023,Shardul Narendra Thakur,"October 16, 1991, Palghar, Maharashtra",34y 256d,India,Bowling Allrounder,2017 - 2025,IPL 2023,KKR,11.0,10,2,113,68,14.12,70,161.42,0,1,13,4,4.0,0.0,7,10.47,126,2/23,2/23,31.42,18.0,0,0,0,"February 21, 2018","February 20, 2022","August 31, 2017","October 19, 2023",True
2024,714451,Shivam Dube,Chennai Super Kings,40000000.0,4.0,2023,Shivam Dube,"June 26, 1993, Mumbai",33y 3d,India,Allrounder,2019 - 2026,IPL 2023,CSK,16.0,14,3,418,52,38.00,264,158.33,0,3,12,35,6.0,0.0,-,-,-,-,-,-,-,-,-,-,"November 03, 2019","June 28, 2026","December 15, 2019","August 07, 2024",True
2024,1159722,Simarjeet Singh,Chennai Super Kings,2000000.0,0.2,2023,,,,,,,,,,,,,,,,,,,,,,,,,,,,,,,,,,,,,False
2024,822553,Tushar Deshpande,Chennai Super Kings,2000000.0,0.2,2023,Tushar Uday Deshpande,"May 15, 1995, Mumbai",31y 45d,India,Bowler,2024 - 2024,IPL 2023,CSK,16.0,1,1,0,0*,-,1,0.00,0,0,0,0,2.0,0.0,21,9.92,341,3/45,3/45,26.85,16.2,0,0,0,"July 13, 2024","July 14, 2024",,,True
2024,1277545,Abishek Porel,Delhi Capitals,2000000.0,0.2,2023,,,,,,,,,,,,,,,,,,,,,,,,,,,,,,,,,,,,,False
2024,481979,Anrich Nortje,Delhi Capitals,65000000.0,6.5,2023,Anrich Arno Nortje,"November 16, 1993",32y 230d,South Africa,Bowler,2019 - 2026,IPL 2023,DC,10.0,7,4,37,23*,12.33,29,127.58,0,0,6,0,2.0,0.0,10,9.10,240,2/20,2/20,36.40,24.0,0,0,0,"September 18, 2019","March 01, 2026","March 03, 2019","September 09, 2023",True
2024,554691,Axar Patel,Delhi Capitals,120000000.0,12.0,2023,Axar Rajeshbhai Patel,"January 20, 1994, Anand, Gujarat",32y 165d,India,Allrounder,2014 - 2026,IPL 2023,DC,14.0,13,3,283,54,28.30,203,139.40,0,1,21,15,7.0,0.0,11,7.19,282,2/13,2/13,30.72,25.6,0,0,0,"July 17, 2015","July 01, 2026","June 15, 2014","October 25, 2025",True
2024,219889,David Warner,Delhi Capitals,62500000.0,6.25,2023,David Andrew Warner,"October 27, 1986, Paddington, New South Wales",39y 250d,Australia,Opening Batter,2009 - 2024,IPL 2023,DC,14.0,14,0,516,86,36.85,392,131.63,0,6,69,10,7.0,0.0,-,-,-,-,-,-,-,-,-,-,"January 11, 2009","June 24, 2024","January 18, 2009","November 19, 2023",True
2024,911707,Harry Brook,Delhi Capitals,40000000.0,4.0,2023,Harry Cherrington Brook,"February 22, 1999, Keighley, Yorkshire",27y 135d,England,Middle order Batter,2022 - 2026,IPL 2023,SRH,11.0,11,2,190,100*,21.11,154,123.37,1,0,23,4,3.0,0.0,-,-,-,-,-,-,-,-,-,-,"January 26, 2022","July 04, 2026","January 27, 2023","January 27, 2026",True
2024,236779,Ishant Sharma,Delhi Capitals,5000000.0,0.5,2023,Ishant Sharma,"September 02, 1988, Delhi",37y 305d,India,Bowler,2007 - 2021,IPL 2023,DC,8.0,1,1,1,1*,-,1,100.00,0,0,0,0,0.0,0.0,10,8.24,150,2/19,2/19,20.60,15.0,0,0,0,"February 01, 2008","October 10, 2013","June 29, 2007","January 23, 2016",True
2024,774223,Jhye Richardson,Delhi Capitals,50000000.0,5.0,2023,,,,,,,,,,,,,,,,,,,,,,,,,,,,,,,,,,,,,False
2024,942645,Khaleel Ahmed,Delhi Capitals,52500000.0,5.25,2023,Khaleel Khursheed Ahmed,"December 05, 1997, Tonk, Rajasthan",28y 214d,India,Bowler,2018 - 2024,IPL 2023,DC,9.0,-,-,-,-,-,-,-,-,-,-,-,2.0,0.0,9,9.12,198,2/24,2/24,33.44,22.0,0,0,0,"November 04, 2018","July 30, 2024","September 18, 2018","August 14, 2019",True
2024,559235,Kuldeep Yadav,Delhi Capitals,20000000.0,2.0,2023,Kuldeep Yadav,"December 14, 1994, Kanpur, Uttar Pradesh",31y 202d,India,Bowler,2014 - 2026,IPL 2023,DC,14.0,10,8,31,10*,15.50,48,64.58,0,0,2,0,2.0,0.0,10,7.36,294,2/15,2/15,36.10,29.4,0,0,0,"July 09, 2017","February 15, 2026","June 23, 2017","June 17, 2026",True
2024,1207295,Kumar Kushagra,Delhi Capitals,72000000.0,7.2,2023,,,,,,,,,,,,,,,,,,,,,,,,,,,,,,,,,,,,,False
2024,930189,Lalit Yadav,Delhi Capitals,6500000.0,0.65,2023,Lalit Yadav,"January 03, 1997, Delhi",29y 182d,India,Allrounder,-,IPL 2023,DC,6.0,6,1,66,38,13.20,59,111.86,0,0,8,0,5.0,0.0,2,9.07,78,1/29,1/29,59.00,39.0,0,0,0,,,,,True
2024,542023,Lungi Ngidi,Delhi Capitals,5000000.0,0.5,2023,,,,,,,,,,,,,,,,,,,,,,,,,,,,,,,,,,,,,False
2024,272450,Mitchell Marsh,Delhi Capitals,65000000.0,6.5,2023,Mitchell Ross Marsh,"October 20, 1991, Attadale, Perth",34y 257d,Australia,Allrounder,2011 - 2026,IPL 2023,DC,9.0,9,0,128,63,14.22,97,131.95,0,1,11,7,3.0,0.0,12,8.42,121,4/27,4/27,14.16,10.0,1,0,0,"October 16, 2011","June 21, 2026","October 19, 2011","October 25, 2025",True
2024,926851,Mukesh Kumar,Delhi Capitals,55000000.0,5.5,2023,Mukesh Kumar,"October 12, 1993, Gopalganj, Bihar",32y 265d,India,Bowler,2023 - 2024,IPL 2023,DC,10.0,3,3,7,6*,-,9,77.77,0,0,0,0,3.0,0.0,7,10.51,186,2/30,2/30,46.57,26.5,0,0,0,"August 03, 2023","July 14, 2024","July 27, 2023","December 21, 2023",True
2024,777515,Praveen Dubey,Delhi Capitals,5000000.0,0.5,2023,Praveen Dubey,"July 01, 1993, Azamgarh, Uttar Pradesh",33y 4d,India,Bowler,-,IPL 2023,DC,1.0,1,0,16,16,16.00,20,80.00,0,0,2,0,0.0,0.0,1,6.33,18,1/19,1/19,19.00,18.0,0,0,0,,,,,True
2024,1070168,Prithvi Shaw,Delhi Capitals,80000000.0,8.0,2023,Prithvi Pankaj Shaw,"November 09, 1999, Thane, Maharashtra",26y 237d,India,Opening Batter,2018 - 2021,IPL 2023,DC,8.0,8,0,106,54,13.25,85,124.70,0,1,16,1,1.0,0.0,-,-,-,-,-,-,-,-,-,-,"India vs West Indies  at Rajkot - October 04 - 06, 2018","Australia vs India  at Adelaide - December 17 - 19, 2020","February 05, 2020","July 23, 2021",True
2024,1161489,Rasikh Salam,Delhi Capitals,2000000.0,0.2,2023,,,,,,,,,,,,,,,,,,,,,,,,,,,,,,,,,,,,,False
2024,642531,Ricky Bhui,Delhi Capitals,2000000.0,0.2,2023,,,,,,,,,,,,,,,,,,,,,,,,,,,,,,,,,,,,,False
2024,931581,Rishabh Pant,Delhi Capitals,160000000.0,16.0,2023,,,,,,,,,,,,,,,,,,,,,,,,,,,,,,,,,,,,,False
2024,581379,Shai Hope,Delhi Capitals,7500000.0,0.75,2023,,,,,,,,,,,,,,,,,,,,,,,,,,,,,,,,,,,,,False
2024,1159734,Sumit Kumar,Delhi Capitals,10000000.0,1.0,2023,,,,,,,,,,,,,,,,,,,,,,,,,,,,,,,,,,,,,False
2024,1403198,Swastik Chikara,Delhi Capitals,2000000.0,0.2,2023,,,,,,,,,,,,,,,,,,,,,,,,,,,,,,,,,,,,,False
2024,595978,Tristan Stubbs,Delhi Capitals,5000000.0,0.5,2023,Tristan Stubbs,"August 14, 2000",25y 324d,South Africa,Wicketkeeper Batter,2022 - 2026,IPL 2023,MI,2.0,2,0,25,20,12.50,31,80.64,0,0,2,0,0.0,0.0,1,7.00,12,1/14,1/14,14.00,12.0,0,0,0,"June 09, 2022","March 04, 2026","March 18, 2023","September 07, 2025",True
2024,1292520,Vicky Ostwal,Delhi Capitals,2000000.0,0.2,2023,,,,,,,,,,,,,,,,,,,,,,,,,,,,,,,,,,,,,False
2024,1292498,Yash Dhull,Delhi Capitals,5000000.0,0.5,2023,,,,,,,,,,,,,,,,,,,,,,,,,,,,,,,,,,,,,False
2024,778963,Abhinav Manohar,Gujarat Titans,26000000.0,2.6,2023,Abhinav Manohar,"September 16, 1994, Bangalore, Karnataka",31y 291d,India,Batting Allrounder,-,IPL 2023,GT,9.0,6,0,114,42,19.00,83,137.34,0,0,6,7,4.0,0.0,-,-,-,-,-,-,-,-,-,-,,,,,True
2024,819429,Azmatullah Omarzai,Gujarat Titans,5000000.0,0.5,2023,,,,,,,,,,,,,,,,,,,,,,,,,,,,,,,,,,,,,False
2024,1111917,Darshan Nalkande,Gujarat Titans,2000000.0,0.2,2023,Darshan Girish Nalkande,"October 04, 1998, Wardha, Maharashtra",27y 273d,India,Bowler,-,IPL 2023,GT,1.0,1,0,0,0,0.00,1,0.00,0,0,0,0,0.0,0.0,1,11.00,24,1/44,1/44,44.00,24.0,0,0,0,,,,,True
2024,321777,David Miller,Gujarat Titans,30000000.0,3.0,2023,David Andrew Miller,"June 10, 1989, Pietermaritzburg, Natal",37y 24d,South Africa,Middle order Batter,2010 - 2026,IPL 2023,GT,16.0,13,5,259,46,32.37,178,145.50,0,0,18,13,11.0,0.0,-,-,-,-,-,-,-,-,-,-,"May 20, 2010","March 04, 2026","May 22, 2010","March 05, 2025",True
2024,447587,Jayant Yadav,Gujarat Titans,17000000.0,1.7,2023,Jayant Yadav,"January 22, 1990, Delhi",36y 163d,India,Bowler,2016 - 2022,IPL 2023,GT,1.0,-,-,-,-,-,-,-,-,-,-,-,1.0,0.0,0,6.50,24,-,-,-,-,0,0,0,,,"October 29, 2016","January 23, 2022",True
2024,928067,Josh Little,Gujarat Titans,44000000.0,4.4,2023,Joshua Brian Little,"November 01, 1999, Dublin",26y 245d,Ireland,Bowler,2016 - 2026,IPL 2023,GT,10.0,-,-,-,-,-,-,-,-,-,-,-,5.0,0.0,7,8.64,204,2/25,2/25,42.00,29.1,0,0,0,"September 05, 2016","February 14, 2026","May 03, 2019","May 25, 2025",True
2024,277906,Kane Williamson,Gujarat Titans,20000000.0,2.0,2023,Kane Stuart Williamson,"August 08, 1990, Tauranga",35y 330d,New Zealand,Top order Batter,2010 - 2026,IPL 2023,GT,1.0,-,-,-,-,-,-,-,-,-,-,-,0.0,0.0,-,-,-,-,-,-,-,-,-,-,"October 15, 2011","June 17, 2024","August 10, 2010","October 29, 2025",True
2024,1122918,Kartik Tyagi,Gujarat Titans,6000000.0,0.6,2023,Kartik Tyagi,"November 08, 2000, Hapur, Uttar Pradesh",25y 238d,India,Bowler,-,IPL 2023,SRH,3.0,-,-,-,-,-,-,-,-,-,-,-,0.0,0.0,1,14.91,37,1/30,1/30,92.00,37.0,0,0,0,,,,,True
2024,719719,M Shahrukh Khan,Gujarat Titans,74000000.0,7.4,2023,Masood Shahrukh Khan,"May 27, 1995, Chennai, Tamil Nadu",31y 38d,India,Batter,-,IPL 2023,PBKS,14.0,13,6,156,41*,22.28,94,165.95,0,0,13,9,7.0,0.0,-,-,-,-,-,-,-,-,-,-,,,,,True
2024,1175426,Manav Suthar,Gujarat Titans,2000000.0,0.2,2023,,,,,,,,,,,,,,,,,,,,,,,,,,,,,,,,,,,,,False
2024,230193,Matthew Wade,Gujarat Titans,24000000.0,2.4,2023,,,,,,,,,,,,,,,,,,,,,,,,,,,,,,,,,,,,,False
2024,481896,Mohammed Shami,Gujarat Titans,62500000.0,6.25,2023,Mohammed Shami Ahmed,"September 03, 1990, Amroha, Uttar Pradesh",35y 304d,India,Bowler,2013 - 2025,IPL 2023,GT,17.0,2,0,5,5,2.50,6,83.33,0,0,1,0,5.0,0.0,28,8.03,390,4/11,4/11,18.64,13.9,2,0,0,"March 21, 2014","February 02, 2025","January 06, 2013","March 09, 2025",True
2024,537119,Mohit Sharma,Gujarat Titans,5000000.0,0.5,2023,Mohit Mahipal Sharma,"September 18, 1988, Ballabhgarh, Haryana",37y 284d,India,Bowler,2013 - 2015,IPL 2023,GT,14.0,1,1,0,0*,-,1,0.00,0,0,0,0,6.0,0.0,27,8.17,265,5/10,5/10,13.37,9.8,2,1,0,"March 30, 2014","October 05, 2015","August 01, 2013","October 25, 2015",True
2024,1182529,Noor Ahmad,Gujarat Titans,3000000.0,0.3,2023,Noor Ahmad Lakanwal,"January 03, 2005, Khost",21y 177d,Afghanistan,Bowler,2022 - 2026,IPL 2023,GT,13.0,3,1,8,7*,4.00,9,88.88,0,0,1,0,2.0,0.0,16,7.82,283,3/37,3/37,23.06,17.6,0,0,0,"June 14, 2022","February 16, 2026","November 30, 2022","February 28, 2025",True
2024,1048739,R Sai Kishore,Gujarat Titans,30000000.0,3.0,2023,,,,,,,,,,,,,,,,,,,,,,,,,,,,,,,,,,,,,False
2024,423838,Rahul Tewatia,Gujarat Titans,90000000.0,9.0,2023,Rahul Tewatia,"May 20, 1993, Sihi, Haryana",33y 45d,India,Bowling Allrounder,-,IPL 2023,GT,17.0,10,6,87,20*,21.75,57,152.63,0,0,3,7,8.0,0.0,0,6.92,13,-,-,-,-,0,0,0,,,,,True
2024,793463,Rashid Khan,Gujarat Titans,150000000.0,15.0,2023,Rashid Khan Arman,"September 20, 1998, Nangarhar",27y 287d,Afghanistan,Bowling Allrounder,2015 - 2026,IPL 2023,GT,17.0,9,5,130,79*,32.50,60,216.66,0,1,8,13,10.0,0.0,27,8.23,402,4/30,4/30,20.44,14.8,1,0,0,"October 26, 2015","February 19, 2026","October 18, 2015","June 20, 2026",True
2024,1350762,Robin Minz,Gujarat Titans,36000000.0,3.6,2023,,,,,,,,,,,,,,,,,,,,,,,,,,,,,,,,,,,,,False
2024,1151288,Sai Sudharsan,Gujarat Titans,2000000.0,0.2,2023,Bhardwaj Sai Sudharsan,"October 15, 2001, Chennai",24y 262d,India,Top order Batter,2023 - 2026,IPL 2023,GT,8.0,8,1,362,96,51.71,256,141.40,0,3,33,12,2.0,0.0,-,-,-,-,-,-,-,-,-,-,"England vs India  at Leeds - June 20 - 24, 2025","India vs Afghanistan  at New Chandigarh - June 06 - 08, 2026","December 17, 2023","December 21, 2023",True
2024,1070173,Shubman Gill,Gujarat Titans,80000000.0,8.0,2023,Shubman Gill,"September 08, 1999, Fazilka, Punjab",26y 299d,India,Top order Batter,2019 - 2026,IPL 2023,GT,17.0,17,2,890,129,59.33,564,157.80,3,4,85,33,6.0,0.0,-,-,-,-,-,-,-,-,-,-,"January 03, 2023","December 14, 2025","January 31, 2019","June 20, 2026",True
2024,1123718,Spencer Johnson,Gujarat Titans,100000000.0,10.0,2023,,,,,,,,,,,,,,,,,,,,,,,,,,,,,,,,,,,,,False
2024,1175457,Sushant Mishra,Gujarat Titans,22000000.0,2.2,2023,,,,,,,,,,,,,,,,,,,,,,,,,,,,,,,,,,,,,False
2024,376116,Umesh Yadav,Gujarat Titans,58000000.0,5.8,2023,Umeshkumar Tilak Yadav,"October 25, 1987, Nagpur, Maharashtra",38y 252d,India,Bowler,2010 - 2023,IPL 2023,KKR,8.0,5,3,19,6*,9.50,18,105.55,0,0,1,0,3.0,0.0,1,9.94,114,1/27,1/27,189.00,114.0,0,0,0,"August 07, 2012","October 04, 2022","May 28, 2010","October 24, 2018",True
2024,477021,Vijay Shankar,Gujarat Titans,14000000.0,1.4,2023,Vijay Shankar,"January 26, 1991, Tirunelveli, Tamil Nadu",35y 154d,India,Allrounder,2018 - 2019,IPL 2023,GT,14.0,10,2,301,63*,37.62,188,160.10,0,3,27,15,2.0,0.0,-,-,-,-,-,-,-,-,-,-,"March 06, 2018","February 27, 2019","January 18, 2019","June 27, 2019",True
2024,279810,Wriddhiman Saha,Gujarat Titans,19000000.0,1.9,2023,Wriddhiman Prasanta Saha,"October 24, 1984, Shaktigarh, Siliguri, Bengal, India",41y 248d,India,Wicketkeeper Batter,2010 - 2021,IPL 2023,GT,17.0,17,1,371,81,23.18,287,129.26,0,2,47,8,9.0,2.0,-,-,-,-,-,-,-,-,-,-,,,"November 28, 2010","November 09, 2014",True
2024,276298,Andre Russell,Kolkata Knight Riders,160000000.0,16.0,2023,Andre Dwayne Russell,"April 29, 1988, Jamaica",38y 66d,West Indies,Allrounder,2010 - 2025,IPL 2023,KKR,14.0,14,3,227,42,20.63,156,145.51,0,0,13,18,6.0,0.0,7,11.34,91,3/22,3/22,24.57,13.0,0,0,0,"April 21, 2011","July 22, 2025","March 11, 2011","June 17, 2019",True
2024,1292495,Angkrish Raghuvanshi,Kolkata Knight Riders,2000000.0,0.2,2023,,,,,,,,,,,,,,,,,,,,,,,,,,,,,,,,,,,,,False
2024,1079839,Anukul Roy,Kolkata Knight Riders,2000000.0,0.2,2023,Anukul Sudhakar Roy,"November 30, 1998, Saraikela Kharswan, Jharkhand",27y 217d,India,Allrounder,-,IPL 2023,KKR,4.0,4,2,23,13*,11.50,19,121.05,0,0,3,0,2.0,0.0,3,8.12,48,2/19,2/19,21.66,16.0,0,0,0,,,,,True
2024,1131754,Chetan Sakariya,Kolkata Knight Riders,5000000.0,0.5,2023,Chetan Sakariya,"February 28, 1998, Bhavnagar",28y 126d,India,Bowler,2021 - 2021,IPL 2023,DC,2.0,2,1,4,4,4.00,6,66.66,0,0,1,0,0.0,0.0,3,11.12,48,2/53,2/53,29.66,16.0,0,0,0,"July 28, 2021","July 29, 2021","July 23, 2021","July 28, 2021",True
2024,1039481,Gus Atkinson,Kolkata Knight Riders,10000000.0,1.0,2023,,,,,,,,,,,,,,,,,,,,,,,,,,,,,,,,,,,,,False
2024,1312645,Harshit Rana,Kolkata Knight Riders,2000000.0,0.2,2023,Harshit Pradeep Rana,"December 22, 2001, New Delhi",24y 195d,India,Bowler,2024 - 2026,IPL 2023,KKR,6.0,1,0,0,0,0.00,1,0.00,0,0,0,0,2.0,0.0,5,8.64,102,2/33,2/33,29.40,20.4,0,0,0,"January 31, 2025","July 04, 2026","February 06, 2025","January 18, 2026",True
2024,298438,Jason Roy,Kolkata Knight Riders,28000000.0,2.8,2023,Jason Jonathan Roy,"July 21, 1990, Durban, South Africa",35y 348d,England,Opening Batter,2014 - 2023,IPL 2023,KKR,8.0,8,0,285,61,35.62,188,151.59,0,2,36,12,2.0,0.0,-,-,-,-,-,-,-,-,-,-,"September 07, 2014","July 31, 2022","May 08, 2015","March 06, 2023",True
2024,529436,KS Bharat,Kolkata Knight Riders,5000000.0,0.5,2023,,,,,,,,,,,,,,,,,,,,,,,,,,,,,,,,,,,,,False
2024,290630,Manish Pandey,Kolkata Knight Riders,5000000.0,0.5,2023,Manish Krishnanand Pandey,"September 10, 1989, Nainital, Uttaranchal",36y 297d,India,Top order Batter,2015 - 2021,IPL 2023,DC,10.0,9,0,160,50,17.77,146,109.58,0,1,15,3,3.0,0.0,-,-,-,-,-,-,-,-,-,-,"July 17, 2015","December 04, 2020","July 14, 2015","July 23, 2021",True
2024,311592,Mitchell Starc,Kolkata Knight Riders,247500000.0,24.75,2023,,,,,,,,,,,,,,,,,,,,,,,,,,,,,,,,,,,,,False
2024,974109,Mujeeb Ur Rahman,Kolkata Knight Riders,20000000.0,2.0,2023,,,,,,,,,,,,,,,,,,,,,,,,,,,,,,,,,,,,,False
2024,604527,Nitish Rana,Kolkata Knight Riders,80000000.0,8.0,2023,Nitish Rana,"December 27, 1993, Delhi",32y 189d,India,Middle order Batter,2021 - 2021,IPL 2023,KKR,14.0,14,1,413,75,31.76,293,140.95,0,3,39,20,3.0,0.0,3,8.49,53,2/17,2/17,25.00,17.6,0,0,0,"July 28, 2021","July 29, 2021","July 23, 2021","July 28, 2021",True
2024,974087,Rahmanullah Gurbaz,Kolkata Knight Riders,5000000.0,0.5,2023,Rahmanullah Gurbaz,"November 28, 2001",24y 219d,Afghanistan,Wicketkeeper Batter,2019 - 2026,IPL 2023,KKR,11.0,11,0,227,81,20.63,170,133.52,0,2,17,15,10.0,0.0,-,-,-,-,-,-,-,-,-,-,"September 14, 2019","February 19, 2026","January 21, 2021","June 20, 2026",True
2024,1079470,Ramandeep Singh,Kolkata Knight Riders,2000000.0,0.2,2023,,,,,,,,,,,,,,,,,,,,,,,,,,,,,,,,,,,,,False
2024,723105,Rinku Singh,Kolkata Knight Riders,5500000.0,0.55,2023,Rinku Khanchand Singh,"October 12, 1997, Aligarh, Uttar Pradesh",28y 266d,India,Middle order Batter,2023 - 2026,IPL 2023,KKR,14.0,14,6,474,67*,59.25,317,149.52,0,4,31,29,8.0,0.0,-,-,-,-,-,-,-,-,-,-,"August 18, 2023","February 22, 2026","December 19, 2023","December 21, 2023",True
2024,1340422,Sakib Hussain,Kolkata Knight Riders,2000000.0,0.2,2023,,,,,,,,,,,,,,,,,,,,,,,,,,,,,,,,,,,,,False
2024,914541,Sherfane Rutherford,Kolkata Knight Riders,15000000.0,1.5,2023,,,,,,,,,,,,,,,,,,,,,,,,,,,,,,,,,,,,,False
2024,642519,Shreyas Iyer,Kolkata Knight Riders,122500000.0,12.25,2023,,,,,,,,,,,,,,,,,,,,,,,,,,,,,,,,,,,,,False
2024,230558,Sunil Narine,Kolkata Knight Riders,60000000.0,6.0,2023,Sunil Philip Narine,"May 26, 1988, Arima, Trinidad & Tobago",38y 40d,West Indies,Bowling Allrounder,2011 - 2019,IPL 2023,KKR,14.0,10,3,21,7*,3.00,25,84.00,0,0,2,1,1.0,0.0,11,7.97,288,3/33,3/33,34.81,26.1,0,0,0,"March 27, 2012","August 06, 2019","December 05, 2011","October 05, 2016",True
2024,1350792,Suyash Sharma,Kolkata Knight Riders,2000000.0,0.2,2023,Suyash Sharma,"May 15, 2003",23y 51d,India,Bowler,-,IPL 2023,KKR,11.0,-,-,-,-,-,-,-,-,-,-,-,0.0,0.0,10,8.23,234,3/30,3/30,32.10,23.4,0,0,0,,,,,True
2024,1209292,Vaibhav Arora,Kolkata Knight Riders,6000000.0,0.6,2023,Vaibhav Gopal Arora,"December 14, 1997",28y 203d,India,Bowler,-,IPL 2023,KKR,5.0,2,2,3,2*,-,2,150.00,0,0,0,0,3.0,0.0,5,9.12,96,2/30,2/30,29.20,19.2,0,0,0,,,,,True
2024,1108375,Varun Chakravarthy,Kolkata Knight Riders,120000000.0,12.0,2023,Varun Chakravarthy Vinod,"August 29, 1991, Bidar, Karnataka",34y 310d,India,Bowler,2021 - 2026,IPL 2023,KKR,14.0,2,1,1,1,1.00,9,11.11,0,0,0,0,4.0,0.0,20,8.14,316,4/15,4/15,21.45,15.8,1,0,0,"July 25, 2021","July 04, 2026","February 09, 2025","March 09, 2025",True
2024,851403,Venkatesh Iyer,Kolkata Knight Riders,80000000.0,8.0,2023,Venkatesh Rajasekaran Iyer,"December 25, 1994, Indore, Madhya Pradesh",31y 192d,India,Allrounder,2021 - 2022,IPL 2023,KKR,14.0,14,0,404,104,28.85,277,145.84,1,2,32,21,3.0,0.0,-,-,-,-,-,-,-,-,-,-,"November 17, 2021","February 27, 2022","January 19, 2022","January 21, 2022",True
2024,31107,Amit Mishra,Lucknow Super Giants,5000000.0,0.5,2023,Amit Mishra,"November 24, 1982, Delhi",43y 222d,India,Bowler,2003 - 2017,IPL 2023,LSG,7.0,1,0,19,19,19.00,30,63.33,0,0,2,0,2.0,0.0,7,7.84,114,2/21,2/21,21.28,16.2,0,0,0,"June 13, 2010","February 01, 2017","April 13, 2003","October 29, 2016",True
2024,1244751,Arshad Khan,Lucknow Super Giants,2000000.0,0.2,2023,Mohd Arshad Khan,"December 20, 1997, Gopalganj (Seoni)",28y 196d,India,Bowler,-,IPL 2023,MI,6.0,3,1,18,15*,9.00,15,120.00,0,0,0,1,2.0,0.0,5,13.41,85,3/39,3/39,38.00,17.0,0,0,0,,,,,True
2024,1403153,Arshin Kulkarni,Lucknow Super Giants,2000000.0,0.2,2023,,,,,,,,,,,,,,,,,,,,,,,,,,,,,,,,,,,,,False
2024,500268,Ashton Turner,Lucknow Super Giants,10000000.0,1.0,2023,,,,,,,,,,,,,,,,,,,,,,,,,,,,,,,,,,,,,False
2024,1151270,Ayush Badoni,Lucknow Super Giants,2000000.0,0.2,2023,Ayush Badoni,"December 03, 1999, Delhi",26y 214d,India,Batter,-,IPL 2023,LSG,15.0,12,2,238,59*,23.80,172,138.37,0,1,13,12,2.0,0.0,0,0.00,1,-,-,-,-,0,0,0,,,,,True
2024,308251,David Willey,Lucknow Super Giants,20000000.0,2.0,2023,David Jonathan Willey,"February 28, 1990, Northampton",36y 121d,England,Bowling Allrounder,2015 - 2023,IPL 2023,RCB,4.0,3,3,35,20*,-,32,109.37,0,0,4,0,1.0,0.0,3,7.00,90,2/16,2/16,35.00,30.0,0,0,0,"June 23, 2015","October 14, 2022","May 08, 2015","November 11, 2023",True
2024,497121,Deepak Hooda,Lucknow Super Giants,57500000.0,5.75,2023,Deepak Jagbir Hooda,"April 19, 1995, Rohtak",31y 71d,India,Allrounder,2022 - 2023,IPL 2023,LSG,12.0,12,1,84,17,7.63,90,93.33,0,0,3,2,10.0,0.0,0,8.00,6,-,-,-,-,0,0,0,"February 24, 2022","February 01, 2023","February 06, 2022","November 30, 2022",True
2024,1119026,Devdutt Padikkal,Lucknow Super Giants,77500000.0,7.75,2023,Devdutt Padikkal,"July 07, 2000, Edapal, Kerala",25y 363d,India,Top order Batter,2021 - 2024,IPL 2023,RR,11.0,11,1,261,52,26.10,200,130.50,0,2,31,6,4.0,0.0,-,-,-,-,-,-,-,-,-,-,"July 28, 2021","July 29, 2021",,,True
2024,424377,K Gowtham,Lucknow Super Giants,9000000.0,0.9,2023,Krishnappa Gowtham,"October 20, 1988, Bangalore, Karnataka",37y 258d,India,Bowling Allrounder,2021 - 2021,IPL 2023,LSG,7.0,7,3,61,23,15.25,37,164.86,0,0,2,5,5.0,0.0,3,7.37,96,1/10,1/10,39.33,32.0,0,0,0,,,"July 23, 2021","UP vs Karnataka  at Meerut - November 17 - 20, 2012",True
2024,422108,KL Rahul,Lucknow Super Giants,170000000.0,17.0,2023,Kannaur Lokesh Rahul,"April 18, 1992, Bangalore, Karnataka",34y 77d,India,Wicketkeeper Batter,2014 - 2026,IPL 2023,LSG,9.0,9,1,274,74,34.25,242,113.22,0,2,28,4,4.0,0.0,-,-,-,-,-,-,-,-,-,-,"June 18, 2016","November 10, 2022","June 11, 2016","June 17, 2026",True
2024,471342,Krunal Pandya,Lucknow Super Giants,82500000.0,8.25,2023,Krunal Himanshu Pandya,"March 24, 1991, Ahmedabad, Gujarat",35y 103d,India,Allrounder,2018 - 2021,IPL 2023,LSG,15.0,14,4,188,49*,18.80,165,113.93,0,0,15,6,8.0,0.0,9,7.45,252,3/18,3/18,34.77,28.0,0,0,0,"November 04, 2018","July 25, 2021","March 23, 2021","July 20, 2021",True
2024,348056,Kyle Mayers,Lucknow Super Giants,5000000.0,0.5,2023,Kyle Rico Mayers,"September 08, 1992, Barbados",33y 300d,West Indies,Batting Allrounder,2020 - 2025,IPL 2023,LSG,13.0,13,0,379,73,29.15,263,144.10,0,4,38,22,2.0,0.0,0,8.42,42,-,-,-,-,0,0,0,"November 29, 2020","September 30, 2025","January 20, 2021","August 01, 2023",True
2024,1151286,Manimaran Sidharth,Lucknow Super Giants,24000000.0,2.4,2023,,,,,,,,,,,,,,,,,,,,,,,,,,,,,,,,,,,,,False
2024,325012,Marcus Stoinis,Lucknow Super Giants,100000000.0,10.0,2023,Marcus Peter Stoinis,"August 16, 1989, Perth",36y 322d,Australia,Batting Allrounder,2015 - 2026,IPL 2023,LSG,15.0,15,2,408,89*,31.38,272,150.00,0,3,28,27,4.0,0.0,5,9.23,65,2/20,2/20,20.00,13.0,0,0,0,"August 31, 2015","February 20, 2026","September 11, 2015","November 10, 2024",True
2024,351588,Mark Wood,Lucknow Super Giants,75000000.0,7.5,2023,Mark Andrew Wood,"January 11, 1990, Ashington, Northumberland",36y 169d,England,Bowler,2015 - 2025,IPL 2023,LSG,4.0,2,1,11,10*,11.00,5,220.00,0,0,1,1,2.0,0.0,11,8.12,96,5/14,5/14,11.81,8.7,0,1,0,"June 23, 2015","February 02, 2025","May 08, 2015","February 26, 2025",True
2024,1292563,Mayank Yadav,Lucknow Super Giants,2000000.0,0.2,2023,,,,,,,,,,,,,,,,,,,,,,,,,,,,,,,,,,,,,False
2024,1132005,Mohsin Khan,Lucknow Super Giants,2000000.0,0.2,2023,Mohsin Khan,"July 15, 1998, Sambhal, Uttar Pradesh",27y 355d,India,Bowler,-,IPL 2023,LSG,5.0,1,0,0,0,0.00,7,0.00,0,0,0,0,0.0,0.0,3,10.70,60,1/24,1/24,35.66,20.0,0,0,0,,,,,True
2024,793447,Naveen-ul-Haq,Lucknow Super Giants,5000000.0,0.5,2023,Naveen-ul-Haq Murid,"September 23, 1999, Kabul",26y 285d,Afghanistan,Bowler,2016 - 2024,IPL 2023,LSG,8.0,3,2,16,13,16.00,21,76.19,0,0,2,0,2.0,0.0,11,7.82,168,4/38,4/38,19.90,15.2,1,0,0,"September 21, 2019","December 14, 2024","September 25, 2016","November 10, 2023",True
2024,604302,Nicholas Pooran,Lucknow Super Giants,160000000.0,16.0,2023,Nicholas Pooran,"October 02, 1995, Trinidad",30y 276d,West Indies,Wicketkeeper Batter,2016 - 2024,IPL 2023,LSG,15.0,15,3,358,62,29.83,207,172.94,0,2,26,26,6.0,3.0,-,-,-,-,-,-,-,-,-,-,"September 23, 2016","December 19, 2024","February 20, 2019","July 07, 2023",True
2024,956871,Prerak Mankad,Lucknow Super Giants,2000000.0,0.2,2023,Prerak Nileshkumar Mankad,"April 23, 1994, Sirohi, Saurashtra",32y 73d,India,Allrounder,-,IPL 2023,LSG,5.0,5,2,93,64*,31.00,72,129.16,0,1,12,2,2.0,0.0,-,-,-,-,-,-,-,-,-,-,,,,,True
2024,379143,Quinton de Kock,Lucknow Super Giants,67500000.0,6.75,2023,Quinton de Kock,"December 17, 1992, Johannesburg, Gauteng",33y 200d,South Africa,Wicketkeeper Batter,2012 - 2026,IPL 2023,LSG,4.0,4,0,143,70,35.75,102,140.19,0,1,10,8,2.0,1.0,-,-,-,-,-,-,-,-,-,-,"December 21, 2012","March 04, 2026","January 19, 2013","December 06, 2025",True
2024,1175441,Ravi Bishnoi,Lucknow Super Giants,40000000.0,4.0,2023,Ravi Bishnoi,"September 05, 2000, Jodhpur, Rajasthan",25y 303d,India,Bowler,2022 - 2026,IPL 2023,LSG,15.0,7,4,20,5,6.66,27,74.07,0,0,1,0,9.0,0.0,16,7.74,303,3/28,3/28,24.43,18.9,0,0,0,"February 16, 2022","July 04, 2026","October 06, 2022","February 16, 2022",True
2024,1079848,Shivam Mavi,Lucknow Super Giants,64000000.0,6.4,2023,,,,,,,,,,,,,,,,,,,,,,,,,,,,,,,,,,,,,False
2024,1070196,Yash Thakur,Lucknow Super Giants,4500000.0,0.45,2023,Yash Ravisingh Thakur,"December 28, 1998, Kolkata",27y 189d,India,Bowler,-,IPL 2023,LSG,9.0,-,-,-,-,-,-,-,-,-,-,-,1.0,0.0,13,9.07,191,4/37,4/37,22.23,14.6,1,0,0,,,,,True
2024,1206052,Yudhvir Singh,Lucknow Super Giants,2000000.0,0.2,2023,Yudhvir Singh Charak,"September 13, 1997, Jammu",28y 295d,India,Bowler,-,IPL 2023,LSG,3.0,2,0,1,1,0.50,2,50.00,0,0,0,0,0.0,0.0,3,8.75,48,2/19,2/19,23.33,16.0,0,0,0,,,,,True
2024,1206039,Akash Madhwal,Mumbai Indians,2000000.0,0.2,2023,Akash Madhwal,"November 25, 1993, Roorkee",32y 224d,India,Bowler,-,IPL 2023,MI,8.0,-,-,-,-,-,-,-,-,-,-,-,0.0,0.0,14,8.58,153,5/5,5/5,15.64,10.9,1,1,0,,,,,True
2024,1175428,Anshul Kamboj,Mumbai Indians,2000000.0,0.2,2023,,,,,,,,,,,,,,,,,,,,,,,,,,,,,,,,,,,,,False
2024,1148776,Arjun Tendulkar,Mumbai Indians,3000000.0,0.3,2023,Arjun Sachin Tendulkar,"September 24, 1999, Mumbai",26y 284d,India,Bowler,-,IPL 2023,MI,4.0,1,0,13,13,13.00,9,144.44,0,0,0,1,0.0,0.0,3,9.35,59,1/9,1/9,30.66,19.6,0,0,0,,,,,True
2024,1070665,Dewald Brevis,Mumbai Indians,30000000.0,3.0,2023,,,,,,,,,,,,,,,,,,,,,,,,,,,,,,,,,,,,,False
2024,793007,Dilshan Madushanka,Mumbai Indians,46000000.0,4.6,2023,,,,,,,,,,,,,,,,,,,,,,,,,,,,,,,,,,,,,False
2024,596010,Gerald Coetzee,Mumbai Indians,50000000.0,5.0,2023,,,,,,,,,,,,,,,,,,,,,,,,,,,,,,,,,,,,,False
2024,625371,Hardik Pandya,Mumbai Indians,150000000.0,15.0,2023,Hardik Himanshu Pandya,"October 11, 1993, Choryasi, Gujarat",32y 266d,India,Allrounder,2016 - 2026,IPL 2023,GT,16.0,15,4,346,66,31.45,253,136.75,0,2,26,15,8.0,0.0,3,9.12,150,1/10,1/10,76.00,50.0,0,0,0,"January 26, 2016","March 08, 2026","October 16, 2016","March 09, 2025",True
2024,720471,Ishan Kishan,Mumbai Indians,152500000.0,15.25,2023,Ishan Pranav Kumar Pandey Kishan,"July 18, 1998, Patna, Bihar",27y 351d,India,Wicketkeeper Batter,2021 - 2026,IPL 2023,MI,16.0,15,0,454,75,30.26,318,142.76,0,3,54,18,10.0,3.0,-,-,-,-,-,-,-,-,-,-,"March 14, 2021","July 01, 2026","July 18, 2021","June 20, 2026",True
2024,272477,Jason Behrendorff,Mumbai Indians,7500000.0,0.75,2023,Jason Paul Behrendorff,"April 20, 1990, Camden, New South Wales",36y 77d,Australia,Bowler,2017 - 2024,IPL 2023,MI,12.0,2,2,6,3*,-,9,66.66,0,0,0,0,2.0,0.0,14,9.21,252,3/23,3/23,27.64,18.0,0,0,0,"October 07, 2017","February 13, 2024","January 12, 2019","April 02, 2022",True
2024,625383,Jasprit Bumrah,Mumbai Indians,120000000.0,12.0,2023,,,,,,,,,,,,,,,,,,,,,,,,,,,,,,,,,,,,,False
2024,1159843,Kumar Kartikeya,Mumbai Indians,2000000.0,0.2,2023,Kumar Kartikeya Singh,"December 26, 1997, Kuwasi, Sultanpur, Uttar Pradesh",28y 193d,India,Bowler,-,IPL 2023,MI,8.0,1,0,6,6,6.00,7,85.71,0,0,1,0,1.0,0.0,5,8.73,156,2/37,2/37,45.40,31.2,0,0,0,,,,,True
2024,25913,Mohammad Nabi,Mumbai Indians,15000000.0,1.5,2023,,,,,,,,,,,,,,,,,,,,,,,,,,,,,,,,,,,,,False
2024,1287032,Naman Dhir,Mumbai Indians,2000000.0,0.2,2023,,,,,,,,,,,,,,,,,,,,,,,,,,,,,,,,,,,,,False
2024,1151273,Nehal Wadhera,Mumbai Indians,2000000.0,0.2,2023,Nehal Wadhera,"September 04, 2000, Ludhiana, Punjab",25y 306d,India,Top order Batter,-,IPL 2023,MI,14.0,10,1,241,64,26.77,166,145.18,0,2,23,12,4.0,0.0,-,-,-,-,-,-,-,-,-,-,,,,,True
2024,955235,Nuwan Thushara,Mumbai Indians,48000000.0,4.8,2023,,,,,,,,,,,,,,,,,,,,,,,,,,,,,,,,,,,,,False
2024,32966,Piyush Chawla,Mumbai Indians,5000000.0,0.5,2023,Piyush Pramod Chawla,"December 24, 1988, Aligarh, Uttar Pradesh",37y 187d,India,Bowling Allrounder,2006 - 2012,IPL 2023,MI,16.0,4,2,25,18,12.50,22,113.63,0,0,1,1,1.0,0.0,22,8.11,366,3/22,3/22,22.50,16.6,0,0,0,"May 02, 2010","December 22, 2012","May 12, 2007","March 09, 2011",True
2024,34102,Rohit Sharma,Mumbai Indians,160000000.0,16.0,2023,Rohit Gurunath Sharma,"April 30, 1987, Bansod, Nagpur, Maharashtra",39y 68d,India,Top order Batter,2007 - 2026,IPL 2023,MI,16.0,16,0,332,65,20.75,250,132.80,0,2,35,17,1.0,0.0,-,-,-,-,-,-,-,-,-,-,"September 19, 2007","June 29, 2024","June 23, 2007","June 20, 2026",True
2024,677077,Romario Shepherd,Mumbai Indians,5000000.0,0.5,2023,Romario Shepherd,"November 26, 1994, Guyana",31y 221d,West Indies,Bowling Allrounder,2019 - 2026,IPL 2023,LSG,1.0,1,0,0,0,0.00,1,0.00,0,0,0,0,0.0,0.0,-,-,-,-,-,-,-,-,-,-,"January 18, 2020","June 13, 2026","November 06, 2019","November 19, 2025",True
2024,1131607,Shams Mulani,Mumbai Indians,2000000.0,0.2,2023,,,,,,,,,,,,,,,,,,,,,,,,,,,,,,,,,,,,,False
2024,1167965,Shivalik Sharma,Mumbai Indians,2000000.0,0.2,2023,,,,,,,,,,,,,,,,,,,,,,,,,,,,,,,,,,,,,False
2024,344580,Shreyas Gopal,Mumbai Indians,2000000.0,0.2,2023,,,,,,,,,,,,,,,,,,,,,,,,,,,,,,,,,,,,,False
2024,446507,Suryakumar Yadav,Mumbai Indians,80000000.0,8.0,2023,Suryakumar Ashok Yadav,"September 14, 1990, Mumbai, Maharashtra",35y 294d,India,Batter,2021 - 2026,IPL 2023,MI,16.0,16,2,605,103*,43.21,334,181.13,1,5,65,28,6.0,0.0,-,-,-,-,-,-,-,-,-,-,"March 14, 2021","March 08, 2026","July 18, 2021","November 19, 2023",True
2024,1170265,Tilak Varma,Mumbai Indians,17000000.0,1.7,2023,Namboori Thakur Tilak Varma,"November 08, 2002, Hyderabad, Andhra Pradesh",23y 241d,India,Batting Allrounder,2023 - 2026,IPL 2023,MI,11.0,11,3,343,84*,42.87,209,164.11,0,1,26,23,4.0,0.0,0,7.00,6,-,-,-,-,0,0,0,"August 03, 2023","July 04, 2026","September 15, 2023","December 06, 2025",True
2024,892749,Tim David,Mumbai Indians,82500000.0,8.25,2023,Timothy Hays David,"March 16, 1996, Singapore",30y 112d,Australia,Middle order Batter,2019 - 2026,IPL 2023,MI,16.0,15,6,231,45*,25.66,146,158.21,0,0,12,15,10.0,0.0,-,-,-,-,-,-,-,-,-,-,"July 22, 2019","June 21, 2026","September 09, 2023","September 17, 2023",True
2024,732293,Vishnu Vinod,Mumbai Indians,2000000.0,0.2,2023,Vishnu Vinod,"December 02, 1993,  Pathanamthitta, Kerala",32y 217d,India,Wicketkeeper Batter,-,IPL 2023,MI,3.0,3,0,37,30,12.33,31,119.35,0,0,2,2,0.0,0.0,-,-,-,-,-,-,-,-,-,-,,,,,True
2024,1125976,Arshdeep Singh,Punjab Kings,40000000.0,4.0,2023,Arshdeep Singh,"February 05, 1999, Guna, Madhya Pradesh",27y 150d,India,Bowler,2022 - 2026,IPL 2023,PBKS,14.0,2,2,2,2*,-,2,100.00,0,0,0,0,1.0,0.0,17,9.69,305,4/29,4/29,29.00,17.9,1,0,0,"July 07, 2022","July 04, 2026","November 25, 2022","June 17, 2026",True
2024,1131978,Ashutosh Sharma,Punjab Kings,2000000.0,0.2,2023,,,,,,,,,,,,,,,,,,,,,,,,,,,,,,,,,,,,,False
2024,1125958,Atharva Taide,Punjab Kings,2000000.0,0.2,2023,Atharva Taide,"April 26, 2000, Akola Maharashtra",26y 70d,India,Batting Allrounder,-,IPL 2023,PBKS,7.0,7,0,186,66,26.57,129,144.18,0,2,20,6,5.0,0.0,-,-,-,-,-,-,-,-,-,-,,,,,True
2024,247235,Chris Woakes,Punjab Kings,42000000.0,4.2,2023,,,,,,,,,,,,,,,,,,,,,,,,,,,,,,,,,,,,,False
2024,1168641,Harpreet Brar,Punjab Kings,38000000.0,3.8,2023,Harpreet Brar,"September 16, 1995, Meerut, Uttar Pradesh",30y 292d,India,Bowler,-,IPL 2023,PBKS,13.0,8,2,52,17*,8.66,41,126.82,0,0,5,2,2.0,0.0,9,8.02,163,4/30,4/30,24.22,18.1,1,0,0,,,,,True
2024,340854,Harpreet Singh,Punjab Kings,4000000.0,0.4,2023,Harpreet Singh Bhatia,"August 11, 1991, Durg, Madhya Pradesh",34y 328d,United Arab Emirates,Batter,2026 - 2026,IPL 2023,PBKS,3.0,3,0,76,41,25.33,59,128.81,0,0,8,3,1.0,0.0,-,-,-,-,-,-,-,-,-,-,"April 20, 2026","April 21, 2026","April 25, 2026","May 03, 2026",True
2024,390481,Harshal Patel,Punjab Kings,117500000.0,11.75,2023,Harshal Vikram Patel,"November 23, 1990, Sanand, Gujarat",35y 223d,India,Bowling Allrounder,2021 - 2023,IPL 2023,RCB,14.0,2,0,6,6,3.00,6,100.00,0,0,0,1,2.0,0.0,14,9.65,282,3/32,3/32,32.42,20.1,0,0,0,"November 19, 2021","January 03, 2023",,,True
2024,721867,Jitesh Sharma,Punjab Kings,2000000.0,0.2,2023,Jitesh Mohan Sharma,"October 22, 1993, Amrawati, Maharashtra",32y 256d,India,Wicketkeeper Batter,2023 - 2025,IPL 2023,PBKS,14.0,14,1,309,49*,23.76,198,156.06,0,0,22,21,3.0,2.0,-,-,-,-,-,-,-,-,-,-,"October 03, 2023","December 19, 2025",,,True
2024,297433,Jonny Bairstow,Punjab Kings,67500000.0,6.75,2023,,,,,,,,,,,,,,,,,,,,,,,,,,,,,,,,,,,,,False
2024,550215,Kagiso Rabada,Punjab Kings,92500000.0,9.25,2023,Kagiso Rabada,"May 25, 1995, Johannesburg",31y 40d,South Africa,Bowler,2014 - 2026,IPL 2023,PBKS,6.0,2,1,0,0*,0.00,2,0.00,0,0,0,0,0.0,0.0,7,10.08,138,2/34,2/34,33.14,19.7,0,0,0,"November 05, 2014","March 04, 2026","July 10, 2015","March 05, 2025",True
2024,403902,Liam Livingstone,Punjab Kings,115000000.0,11.5,2023,Liam Stephen Livingstone,"August 04, 1993, Barrow-in-Furness, Cumberland",32y 335d,England,Batting Allrounder,2017 - 2025,IPL 2023,PBKS,9.0,9,1,279,94,34.87,171,163.15,0,2,20,19,4.0,0.0,2,13.42,42,1/19,1/19,47.00,21.0,0,0,0,"June 23, 2017","February 02, 2025","March 26, 2021","March 01, 2025",True
2024,826915,Nathan Ellis,Punjab Kings,7500000.0,0.75,2023,Nathan Ellis,"September 22, 1994, Greenacre, New South Wales",31y 280d,Australia,Bowler,2021 - 2026,IPL 2023,PBKS,10.0,2,0,1,1,0.50,7,14.28,0,0,0,0,1.0,0.0,13,8.92,228,4/30,4/30,26.07,17.5,1,0,0,"August 06, 2021","June 21, 2026","March 29, 2022","June 11, 2026",True
2024,1161024,Prabhsimran Singh,Punjab Kings,6000000.0,0.6,2023,Prabhsimran Singh,"August 10, 2000",25y 329d,India,Wicketkeeper Batter,-,IPL 2023,PBKS,14.0,14,0,358,103,25.57,238,150.42,1,1,38,19,1.0,0.0,-,-,-,-,-,-,-,-,-,-,,,,,True
2024,1412827,Prince Choudhary,Punjab Kings,2000000.0,0.2,2023,,,,,,,,,,,,,,,,,,,,,,,,,,,,,,,,,,,,,False
2024,1064812,Rahul Chahar,Punjab Kings,52500000.0,5.25,2023,Rahul Desraj Chahar,"August 04, 1999, Bharaatpur, Rajasthan",26y 329d,India,Bowler,2019 - 2021,IPL 2023,PBKS,14.0,3,1,0,0*,0.00,9,0.00,0,0,0,0,4.0,0.0,8,7.75,298,2/16,2/16,48.12,37.2,0,0,0,"August 06, 2019","November 08, 2021","July 23, 2021","August 06, 2019",True
2024,318845,Rilee Rossouw,Punjab Kings,80000000.0,8.0,2023,Rilee Roscoe Rossouw,"October 09, 1989, Bloemfontein, Orange Free State",36y 268d,South Africa,Top order Batter,2014 - 2023,IPL 2023,DC,9.0,9,2,209,82*,29.85,141,148.22,0,1,17,11,3.0,0.0,-,-,-,-,-,-,-,-,-,-,"November 05, 2014","March 28, 2023","August 21, 2014","October 12, 2016",True
2024,290727,Rishi Dhawan,Punjab Kings,5500000.0,0.55,2023,Rishi Dhawan,"February 19, 1990, Mandi, Himachal Pradesh",36y 137d,India,Allrounder,2016 - 2016,IPL 2023,PBKS,6.0,3,1,20,19,10.00,12,166.66,0,0,1,1,1.0,0.0,1,8.57,42,1/20,1/20,60.00,42.0,0,0,0,"January 17, 2016","January 23, 2016","January 17, 2016","January 23, 2016",True
2024,662973,Sam Curran,Punjab Kings,185000000.0,18.5,2023,Samuel Matthew Curran,"June 03, 1998, Northampton",28y 26d,England,Allrounder,2018 - 2026,IPL 2023,PBKS,14.0,13,3,276,55,27.60,203,135.96,0,1,20,13,5.0,0.0,10,10.22,287,3/31,3/31,48.90,28.7,0,0,0,"November 01, 2019","March 05, 2026","June 24, 2018","January 27, 2026",True
2024,377534,Shashank Singh,Punjab Kings,2000000.0,0.2,2023,,,,,,,,,,,,,,,,,,,,,,,,,,,,,,,,,,,,,False
2024,28235,Shikhar Dhawan,Punjab Kings,82500000.0,8.25,2023,Shikhar Dhawan,"December 05, 1985, Delhi",40y 213d,India,Opening Batter,2010 - 2022,IPL 2023,PBKS,11.0,11,2,373,99*,41.44,261,142.91,0,3,49,12,4.0,0.0,-,-,-,-,-,-,-,-,-,-,"June 04, 2011","July 29, 2021","October 20, 2010","December 10, 2022",True
2024,1380113,Shivam Singh,Punjab Kings,2000000.0,0.2,2023,,,,,,,,,,,,,,,,,,,,,,,,,,,,,,,,,,,,,False
2024,299572,Sikandar Raza,Punjab Kings,5000000.0,0.5,2023,Sikandar Raza Butt,"April 24, 1986, Sialkot, Punjab, Pakistan",40y 72d,Zimbabwe,Batting Allrounder,2013 - 2026,IPL 2023,PBKS,7.0,7,2,139,57,27.80,98,141.83,0,1,10,6,5.0,0.0,3,9.91,72,1/19,1/19,39.66,24.0,0,0,0,"May 11, 2013","March 01, 2026","May 03, 2013","August 31, 2025",True
2024,1080008,Tanay Thyagarajan,Punjab Kings,2000000.0,0.2,2023,,,,,,,,,,,,,,,,,,,,,,,,,,,,,,,,,,,,,False
2024,1155262,Vidwath Kaverappa,Punjab Kings,2000000.0,0.2,2023,,,,,,,,,,,,,,,,,,,,,,,,,,,,,,,,,,,,,False
2024,1354639,Vishwanath Singh,Punjab Kings,2000000.0,0.2,2023,,,,,,,,,,,,,,,,,,,,,,,,,,,,,,,,,,,,,False
2024,1201536,Abid Mushtaq,Rajasthan Royals,2000000.0,0.2,2023,,,,,,,,,,,,,,,,,,,,,,,,,,,,,,,,,,,,,False
2024,379504,Adam Zampa,Rajasthan Royals,15000000.0,1.5,2023,Adam Zampa,"March 31, 1992, Shellharbour, New South Wales",34y 99d,Australia,Bowler,2016 - 2026,IPL 2023,RR,6.0,3,0,10,7,3.33,16,62.50,0,0,0,0,0.0,0.0,8,8.54,132,3/22,3/22,23.50,16.5,0,0,0,"March 04, 2016","June 21, 2026","February 06, 2016","June 14, 2026",True
2024,694211,Avesh Khan,Rajasthan Royals,100000000.0,10.0,2023,Avesh Khan,"December 13, 1996, Indore, Madhya Pradesh",29y 204d,India,Bowler,2022 - 2024,IPL 2023,LSG,9.0,1,1,0,0*,-,1,0.00,0,0,0,0,2.0,0.0,8,9.75,174,3/25,3/25,35.37,21.7,0,0,0,"February 20, 2022","November 10, 2024","July 24, 2022","December 21, 2023",True
2024,1175488,Dhruv Jurel,Rajasthan Royals,2000000.0,0.2,2023,Dhruv Chand Jurel,"January 21, 2001, Agra, Uttar Pradesh",25y 167d,India,Wicketkeeper Batter,2024 - 2026,IPL 2023,RR,13.0,11,4,152,34*,21.71,88,172.72,0,0,11,9,1.0,0.0,-,-,-,-,-,-,-,-,-,-,"July 06, 2024","January 28, 2025",,,True
2024,698315,Donovan Ferreira,Rajasthan Royals,5000000.0,0.5,2023,,,,,,,,,,,,,,,,,,,,,,,,,,,,,,,,,,,,,False
2024,308967,Jos Buttler,Rajasthan Royals,100000000.0,10.0,2023,Joseph Charles Buttler,"September 08, 1990, Taunton, Somerset",35y 299d,England,Wicketkeeper Batter,2011 - 2026,IPL 2023,RR,14.0,14,0,392,95,28.00,282,139.00,0,4,42,14,9.0,0.0,-,-,-,-,-,-,-,-,-,-,"August 31, 2011","July 01, 2026","February 21, 2012","January 27, 2026",True
2024,1163695,Kuldeep Sen,Rajasthan Royals,2000000.0,0.2,2023,Kuldeep Rampal Sen,"October 22, 1996, Rewa, Madhya Pradesh",29y 258d,India,Bowler,2022 - 2022,IPL 2023,RR,2.0,-,-,-,-,-,-,-,-,-,-,-,0.0,0.0,0,9.33,18,-,-,-,-,0,0,0,,,"December 04, 2022","Tamil Nadu vs M. Pradesh  at Dindigul - November 01 - 04, 2018",True
2024,1339031,Kunal Singh Rathore,Rajasthan Royals,2000000.0,0.2,2023,,,,,,,,,,,,,,,,,,,,,,,,,,,,,,,,,,,,,False
2024,971349,Nandre Burger,Rajasthan Royals,5000000.0,0.5,2023,,,,,,,,,,,,,,,,,,,,,,,,,,,,,,,,,,,,,False
2024,700167,Navdeep Saini,Rajasthan Royals,26000000.0,2.6,2023,Navdeep Amarjeet Saini,"November 23, 1992, Karnal, Haryana",33y 224d,India,Bowler,2019 - 2021,IPL 2023,RR,2.0,-,-,-,-,-,-,-,-,-,-,-,0.0,0.0,3,12.33,36,3/40,3/40,24.66,12.0,0,0,0,"August 03, 2019","July 28, 2021","December 22, 2019","July 23, 2021",True
2024,917159,Prasidh Krishna,Rajasthan Royals,100000000.0,10.0,2023,,,,,,,,,,,,,,,,,,,,,,,,,,,,,,,,,,,,,False
2024,26421,R Ashwin,Rajasthan Royals,50000000.0,5.0,2023,Ravichandran Ashwin,"September 17, 1986, Madras (now Chennai), Tamil Nadu",39y 285d,India,Bowling Allrounder,2010 - 2024,IPL 2023,RR,13.0,10,4,67,30,11.16,51,131.37,0,0,5,3,1.0,0.0,14,7.51,294,2/23,2/23,26.28,21.0,0,0,0,"June 12, 2010","November 10, 2022","June 05, 2010","October 08, 2023",True
2024,1079434,Riyan Parag,Rajasthan Royals,38000000.0,3.8,2023,Riyan Parag,"November 10, 2001, Guwahati, Assam",24y 239d,India,Top order Batter,2024 - 2024,IPL 2023,RR,7.0,7,1,78,20,13.00,66,118.18,0,0,4,5,1.0,0.0,-,-,-,-,-,-,-,-,-,-,"July 06, 2024","October 12, 2024","August 07, 2024","July 06, 2024",True
2024,820351,Rovman Powell,Rajasthan Royals,74000000.0,7.4,2023,Rovman Powell,"July 23, 1993, Jamaica",32y 346d,West Indies,Middle order Batter,2016 - 2026,IPL 2023,DC,3.0,3,0,7,4,2.33,9,77.77,0,0,1,0,0.0,0.0,1,9.00,12,1/18,1/18,18.00,12.0,0,0,0,"March 26, 2017","June 14, 2026","November 16, 2016","July 27, 2023",True
2024,438362,Sandeep Sharma,Rajasthan Royals,5000000.0,0.5,2023,Sandeep Sharma,"May 18, 1993, Patiala, Punjab",33y 48d,India,Bowler,2015 - 2015,IPL 2023,RR,12.0,2,2,2,2*,-,6,33.33,0,0,0,0,4.0,0.0,10,8.60,276,2/25,2/25,39.60,27.6,0,0,0,"July 17, 2015","July 19, 2015",,,True
2024,425943,Sanju Samson,Rajasthan Royals,140000000.0,14.0,2023,Sanju Viswanath Samson,"November 11, 1994, Pulluvila, Vizhinjam, Trivandrum",31y 230d,India,Wicketkeeper Batter,2014 - 2026,IPL 2023,RR,14.0,14,2,362,66*,30.16,236,153.38,0,3,25,24,3.0,3.0,-,-,-,-,-,-,-,-,-,-,"July 19, 2015","June 28, 2026","July 23, 2021","December 21, 2023",True
2024,670025,Shimron Hetmyer,Rajasthan Royals,85000000.0,8.5,2023,Shimron Odilon Hetmyer,"December 26, 1996, Cumberland, Berbice, Guyana",29y 193d,West Indies,Middle order Batter,2017 - 2026,IPL 2023,RR,14.0,13,5,299,56*,37.37,197,151.77,0,1,12,23,11.0,0.0,-,-,-,-,-,-,-,-,-,-,"January 01, 2018","June 14, 2026","December 20, 2017","June 01, 2025",True
2024,1252585,Shubham Dubey,Rajasthan Royals,58000000.0,5.8,2023,,,,,,,,,,,,,,,,,,,,,,,,,,,,,,,,,,,,,False
2024,470633,Tom Kohler-Cadmore,Rajasthan Royals,4000000.0,0.4,2023,,,,,,,,,,,,,,,,,,,,,,,,,,,,,,,,,,,,,False
2024,277912,Trent Boult,Rajasthan Royals,80000000.0,8.0,2023,Trent Alexander Boult,"July 22, 1989, Rotorua",36y 348d,New Zealand,Bowler,2011 - 2024,IPL 2023,RR,10.0,4,3,16,15,16.00,14,114.28,0,0,1,1,5.0,0.0,13,8.21,228,3/29,3/29,24.00,17.5,0,0,0,"February 09, 2013","June 17, 2024","July 11, 2012","November 15, 2023",True
2024,1151278,Yashasvi Jaiswal,Rajasthan Royals,40000000.0,4.0,2023,Yashasvi Bhupendra Kumar Jaiswal,"December 28, 2001, Suriyawan, Bhadohi, Uttar Pradesh",24y 191d,India,Opening Batter,2023 - 2026,IPL 2023,RR,14.0,14,1,625,124,48.07,382,163.61,1,5,82,26,8.0,0.0,-,-,-,-,-,-,-,-,-,-,"August 08, 2023","July 30, 2024","February 06, 2025","June 20, 2026",True
2024,430246,Yuzvendra Chahal,Rajasthan Royals,65000000.0,6.5,2023,Yuzvendra Singh Chahal,"July 23, 1990, Jind, Haryana",35y 348d,India,Bowler,2016 - 2024,IPL 2023,RR,14.0,-,-,-,-,-,-,-,-,-,-,-,1.0,0.0,21,8.17,317,4/17,4/17,20.57,15.0,3,0,0,"June 18, 2016","August 13, 2023","June 11, 2016","January 24, 2023",True
2024,1176959,Akash Deep,Royal Challengers Bangalore,2000000.0,0.2,2023,Akash Deep,"December 15, 1996, Dehri, (Rotas), Bihar",29y 202d,India,Bowler,2024 - 2025,IPL 2023,RCB,2.0,1,0,17,17,17.00,8,212.50,0,0,2,1,1.0,0.0,1,11.80,30,1/29,1/29,59.00,30.0,0,0,0,,,,,True
2024,670031,Alzarri Joseph,Royal Challengers Bangalore,115000000.0,11.5,2023,Alzarri Shaheim Joseph,"November 20, 1996, Antigua",29y 226d,West Indies,Bowler,2016 - 2026,IPL 2023,GT,7.0,2,2,7,7*,-,12,58.33,0,0,1,0,2.0,0.0,7,9.37,144,2/27,2/27,32.14,20.5,0,0,0,"July 29, 2022","July 28, 2025","October 02, 2016","June 06, 2026",True
2024,1123073,Anuj Rawat,Royal Challengers Bangalore,34000000.0,3.4,2023,,,,,,,,,,,,,,,,,,,,,,,,,,,,,,,,,,,,,False
2024,1076713,Cameron Green,Royal Challengers Bangalore,175000000.0,17.5,2023,Cameron Donald Green,"June 03, 1999",27y 32d,Australia,Batting Allrounder,2020 - 2026,IPL 2023,MI,16.0,16,7,452,100*,50.22,282,160.28,1,2,40,22,5.0,0.0,6,9.50,228,2/41,2/41,60.16,38.0,0,0,0,"April 05, 2022","February 20, 2026","December 02, 2020","June 14, 2026",True
2024,30045,Dinesh Karthik,Royal Challengers Bangalore,55000000.0,5.5,2023,Krishnakumar Dinesh Karthik,"June 01, 1985, Madras (now Chennai), Tamil Nadu",41y 33d,India,Wicketkeeper Batter,2004 - 2022,IPL 2023,RCB,13.0,13,1,140,30,11.66,104,134.61,0,0,13,5,8.0,2.0,-,-,-,-,-,-,-,-,-,-,"December 01, 2006","November 02, 2022","September 05, 2004","India vs New Zealand  at Manchester - July 09 - 10, 2019",True
2024,44828,Faf du Plessis,Royal Challengers Bangalore,70000000.0,7.0,2023,Francois du Plessis,"July 13, 1984, Pretoria",41y 351d,South Africa,Middle order Batter,2011 - 2021,IPL 2023,RCB,14.0,14,1,730,84,56.15,475,153.68,0,8,60,36,3.0,0.0,-,-,-,-,-,-,-,-,-,-,"September 08, 2012","December 01, 2020","January 18, 2011","July 06, 2019",True
2024,325026,Glenn Maxwell,Royal Challengers Bangalore,110000000.0,11.0,2023,Glenn James Maxwell,"October 14, 1988, Kew, Melbourne, Victoria",37y 263d,Australia,Batting Allrounder,2012 - 2026,IPL 2023,RCB,14.0,14,2,400,77,33.33,218,183.48,0,5,29,31,4.0,0.0,3,9.09,62,1/3,1/3,31.33,20.6,0,0,0,"September 05, 2012","February 20, 2026","August 25, 2012","March 04, 2025",True
2024,1350761,Himanshu Sharma,Royal Challengers Bangalore,2000000.0,0.2,2023,Himanshu Sharma,"June 06, 1998",28y 32d,India,Bowler,-,IPL 2023,RCB,1.0,-,-,-,-,-,-,-,-,-,-,-,0.0,0.0,0,9.33,18,-,-,-,-,0,0,0,,,,,True
2024,30288,Karn Sharma,Royal Challengers Bangalore,5000000.0,0.5,2023,Karn Vinod Sharma,"October 23, 1987, Meerut, Uttar Pradesh",38y 249d,India,Bowler,2014 - 2014,IPL 2023,RCB,7.0,2,0,3,2,1.50,5,60.00,0,0,0,0,0.0,0.0,10,10.37,129,2/19,2/19,22.30,12.9,0,0,0,"Australia vs India  at Adelaide - December 09 - 13, 2014","November 13, 2014","November 13, 2014","November 16, 2014",True
2024,493773,Lockie Ferguson,Royal Challengers Bangalore,20000000.0,2.0,2023,Lachlan Hammond Ferguson,"June 13, 1991, Auckland",35y 21d,New Zealand,Bowler,2016 - 2026,IPL 2023,KKR,3.0,-,-,-,-,-,-,-,-,-,-,-,0.0,0.0,1,12.52,46,1/19,1/19,96.00,46.0,0,0,0,"January 03, 2017","March 20, 2026","December 04, 2016","November 15, 2023",True
2024,853265,Mahipal Lomror,Royal Challengers Bangalore,9500000.0,0.95,2023,Mahipal Krishan Lomror,"November 16, 1999, Nagaur, Rajasthan",26y 233d,India,Allrounder,-,IPL 2023,RCB,12.0,10,2,135,54*,16.87,97,139.17,0,1,9,8,4.0,0.0,0,8.50,12,-,-,-,-,0,0,0,,,,,True
2024,1057399,Manoj Bhandage,Royal Challengers Bangalore,2000000.0,0.2,2023,,,,,,,,,,,,,,,,,,,,,,,,,,,,,,,,,,,,,False
2024,942367,Mayank Dagar,Royal Challengers Bangalore,18000000.0,1.8,2023,Mayank J Dagar,"November 11, 1996, Delhi",29y 238d,India,Bowler,-,IPL 2023,SRH,3.0,-,-,-,-,-,-,-,-,-,-,-,0.0,0.0,1,7.54,66,1/37,1/37,83.00,66.0,0,0,0,,,,,True
2024,940973,Mohammed Siraj,Royal Challengers Bangalore,70000000.0,7.0,2023,Mohammed Siraj,"March 13, 1994, Hyderabad",32y 113d,India,Bowler,2017 - 2026,IPL 2023,RCB,14.0,2,1,1,1*,1.00,2,50.00,0,0,0,0,4.0,0.0,19,7.50,300,4/21,4/21,19.73,15.7,1,0,0,"November 04, 2017","February 07, 2026","January 15, 2019","January 18, 2026",True
2024,1339027,Rajan Kumar,Royal Challengers Bangalore,7000000.0,0.7,2023,,,,,,,,,,,,,,,,,,,,,,,,,,,,,,,,,,,,,False
2024,823703,Rajat Patidar,Royal Challengers Bangalore,2000000.0,0.2,2023,,,,,,,,,,,,,,,,,,,,,,,,,,,,,,,,,,,,,False
2024,461632,Reece Topley,Royal Challengers Bangalore,19000000.0,1.9,2023,Reece James William Topley,"February 21, 1994, Ipswich, Suffolk",32y 136d,England,Bowler,2015 - 2024,IPL 2023,RCB,1.0,-,-,-,-,-,-,-,-,-,-,-,0.0,0.0,1,7.00,12,1/14,1/14,14.00,12.0,0,0,0,"August 31, 2015","November 09, 2024","September 13, 2015","November 06, 2024",True
2024,1287369,Saurav Chauhan,Royal Challengers Bangalore,2000000.0,0.2,2023,,,,,,,,,,,,,,,,,,,,,,,,,,,,,,,,,,,,,False
2024,1083851,Suyash Prabhudessai,Royal Challengers Bangalore,3000000.0,0.3,2023,Suyash S Prabhudessai,"December 06, 1997",28y 214d,India,Batting Allrounder,-,IPL 2023,RCB,5.0,4,0,35,19,8.75,29,120.68,0,0,1,2,3.0,0.0,-,-,-,-,-,-,-,-,-,-,,,,,True
2024,232292,Swapnil Singh,Royal Challengers Bangalore,2000000.0,0.2,2023,Swapnil Singh,"January 22, 1991, Rae Bareilly, Uttar Pradesh",35y 164d,India,Bowler,-,IPL 2023,LSG,2.0,1,1,2,2*,-,4,50.00,0,0,0,0,0.0,0.0,0,9.00,12,-,-,-,-,0,0,0,,,,,True
2024,550235,Tom Curran,Royal Challengers Bangalore,15000000.0,1.5,2023,,,,,,,,,,,,,,,,,,,,,,,,,,,,,,,,,,,,,False
2024,253802,Virat Kohli,Royal Challengers Bangalore,150000000.0,15.0,2023,Virat Kohli,"November 05, 1988, Delhi",37y 244d,India,Top order Batter,2008 - 2026,IPL 2023,RCB,14.0,14,2,639,101*,53.25,457,139.82,2,6,65,16,13.0,0.0,-,-,-,-,-,-,-,-,-,-,"June 12, 2010","June 29, 2024","August 18, 2008","January 18, 2026",True
2024,777815,Vyshak Vijaykumar,Royal Challengers Bangalore,2000000.0,0.2,2023,Vijaykumar Vyshak,"January 31, 1997, Bangalore, Karnataka",29y 155d,India,Bowler,-,IPL 2023,RCB,7.0,2,1,13,13*,13.00,9,144.44,0,0,0,1,1.0,0.0,9,10.54,144,3/20,3/20,28.11,16.0,0,0,0,,,,,True
2024,897549,Will Jacks,Royal Challengers Bangalore,32000000.0,3.2,2023,,,,,,,,,,,,,,,,,,,,,,,,,,,,,,,,,,,,,False
2024,1159720,Yash Dayal,Royal Challengers Bangalore,50000000.0,5.0,2023,Yash Dayal,"December 13, 1997, Allahabad, Uttar Pradesh",28y 203d,India,Bowler,-,IPL 2023,GT,5.0,-,-,-,-,-,-,-,-,-,-,-,1.0,0.0,2,11.78,84,1/31,1/31,82.50,42.0,0,0,0,,,,,True
2024,1175485,Abdul Samad,Sunrisers Hyderabad,40000000.0,4.0,2023,Abdul Samad Farooq,"October 28, 2001, Kala Kot, Jammu & Kashmir",24y 250d,India,Batter,-,IPL 2023,SRH,9.0,8,4,169,37*,42.25,128,132.03,0,0,10,11,4.0,0.0,-,-,-,-,-,-,-,-,-,-,,,,,True
2024,1070183,Abhishek Sharma,Sunrisers Hyderabad,65000000.0,6.5,2023,Abhishek Sharma,"September 04, 2000, Amritsar, Punjab",25y 306d,India,Batting Allrounder,2024 - 2026,IPL 2023,SRH,11.0,11,0,226,67,20.54,157,143.94,0,2,28,6,4.0,0.0,2,10.33,72,1/26,1/26,62.00,36.0,0,0,0,"July 06, 2024","July 04, 2026",,,True
2024,600498,Aiden Markram,Sunrisers Hyderabad,26000000.0,2.6,2023,Aiden Kyle Markram,"October 04, 1994, Centurion",31y 274d,South Africa,Middle order Batter,2017 - 2026,IPL 2023,SRH,13.0,13,2,248,50,22.54,197,125.88,0,1,18,8,11.0,0.0,1,8.57,49,1/24,1/24,70.00,49.0,0,0,0,"March 22, 2019","March 04, 2026","October 22, 2017","December 06, 2025",True
2024,1175458,Akash Singh,Sunrisers Hyderabad,2000000.0,0.2,2023,Akash Maharaj Singh,"April 26, 2002, Bharatpur, Rajasthan",24y 70d,India,Bowler,-,IPL 2023,CSK,6.0,-,-,-,-,-,-,-,-,-,-,-,1.0,0.0,5,9.89,114,2/40,2/40,37.60,22.8,0,0,0,,,,,True
2024,851261,Anmolpreet Singh,Sunrisers Hyderabad,2000000.0,0.2,2023,Anmolpreet Singh,"March 28, 1998, Patiala, Punjab",28y 100d,India,Batter,-,IPL 2023,SRH,4.0,4,0,105,36,26.25,82,128.04,0,0,15,2,1.0,0.0,-,-,-,-,-,-,-,-,-,-,,,,,True
2024,326016,Bhuvneshwar Kumar,Sunrisers Hyderabad,42000000.0,4.2,2023,Bhuvneshwar Kumar Singh,"February 05, 1990, Meerut, Uttar Pradesh",36y 150d,India,Bowler,2012 - 2022,IPL 2023,SRH,14.0,6,3,42,27,14.00,47,89.36,0,0,4,0,3.0,0.0,16,8.33,306,5/30,5/30,26.56,19.1,0,1,0,"December 25, 2012","November 22, 2022","December 30, 2012","January 21, 2022",True
2024,974175,Fazalhaq Farooqi,Sunrisers Hyderabad,5000000.0,0.5,2023,Fazalhaq Farooqi,"September 22, 2000, Baghlan",25y 288d,Afghanistan,Bowler,2021 - 2026,IPL 2023,SRH,4.0,1,1,1,1*,-,5,20.00,0,0,0,0,1.0,0.0,4,8.77,80,2/41,2/41,29.25,20.0,0,0,0,"March 20, 2021","February 11, 2026","January 25, 2022","February 28, 2025",True
2024,823509,Glenn Phillips,Sunrisers Hyderabad,15000000.0,1.5,2023,Glenn Dominic Phillips,"December 06, 1996, East London, Eastern Cape, South Africa",29y 210d,New Zealand,Allrounder,2017 - 2026,IPL 2023,SRH,5.0,5,0,39,25,7.80,22,177.27,0,0,2,4,1.0,0.0,1,6.66,18,1/10,1/10,20.00,18.0,0,0,0,"February 17, 2017","March 08, 2026","July 10, 2022","January 18, 2026",True
2024,436757,Heinrich Klaasen,Sunrisers Hyderabad,52500000.0,5.25,2023,Heinrich Klaasen,"July 30, 1991, Pretoria, Transvaal",34y 342d,South Africa,Wicketkeeper Batter,2018 - 2025,IPL 2023,SRH,12.0,11,2,448,104,49.77,253,177.07,1,2,32,25,3.0,1.0,-,-,-,-,-,-,-,-,-,-,"February 18, 2018","December 13, 2024","February 07, 2018","March 05, 2025",True
2024,390484,Jaydev Unadkat,Sunrisers Hyderabad,16000000.0,1.6,2023,Jaydev Dipakbhai Unadkat,"October 18, 1991, Porbandar",34y 259d,India,Bowler,2010 - 2023,IPL 2023,LSG,3.0,1,0,9,9,9.00,7,128.57,0,0,1,0,0.0,0.0,0,11.50,48,-,-,-,-,0,0,0,"June 18, 2016","March 18, 2018","July 24, 2013","August 01, 2023",True
2024,919531,Jhathavedh Subramanyan,Sunrisers Hyderabad,2000000.0,0.2,2023,,,,,,,,,,,,,,,,,,,,,,,,,,,,,,,,,,,,,False
2024,696401,Marco Jansen,Sunrisers Hyderabad,42000000.0,4.2,2023,Marco Jansen,"May 01, 2000",26y 66d,South Africa,Bowling Allrounder,2021 - 2026,IPL 2023,SRH,8.0,6,3,39,17*,13.00,43,90.69,0,0,4,0,3.0,0.0,10,9.88,162,2/16,2/16,26.70,16.2,0,0,0,"June 17, 2022","March 04, 2026","January 19, 2022","December 06, 2025",True
2024,398438,Mayank Agarwal,Sunrisers Hyderabad,82500000.0,8.25,2023,Mayank Anurag Agarwal,"February 16, 1991, Bangalore, Karnataka",35y 139d,India,Batter,2018 - 2022,IPL 2023,SRH,10.0,10,0,270,83,27.00,210,128.57,0,1,29,6,6.0,0.0,-,-,-,-,-,-,-,-,-,-,,,"February 05, 2020","November 29, 2020",True
2024,1081442,Mayank Markande,Sunrisers Hyderabad,5000000.0,0.5,2023,Mayank Markande,"November 11, 1997, Bathinda, Punjab",28y 238d,India,Bowler,2019 - 2019,IPL 2023,SRH,10.0,3,3,21,18*,-,13,161.53,0,0,2,1,1.0,0.0,12,7.89,228,4/15,4/15,25.00,19.0,1,0,0,"February 24, 2019","Andhra vs Punjab  at Visakhapatnam - November 01 - 04, 2018",,,True
2024,1175496,Nitish Kumar Reddy,Sunrisers Hyderabad,2000000.0,0.2,2023,Kaki Nitish Kumar Reddy,"May 26, 2003, Visakhapatnam, Andhra Pradesh",23y 42d,India,Batting Allrounder,2024 - 2026,IPL 2023,SRH,2.0,-,-,-,-,-,-,-,-,-,-,-,1.0,0.0,0,10.80,30,-,-,-,-,0,0,0,"October 06, 2024","January 22, 2025","October 19, 2025","June 20, 2026",True
2024,489889,Pat Cummins,Sunrisers Hyderabad,205000000.0,20.5,2023,,,,,,,,,,,,,,,,,,,,,,,,,,,,,,,,,,,,,False
2024,446763,Rahul Tripathi,Sunrisers Hyderabad,85000000.0,8.5,2023,Rahul Ajay Tripathi,"March 02, 1991, Ranchi",35y 119d,India,Top order Batter,2023 - 2023,IPL 2023,SRH,13.0,13,1,273,74*,22.75,213,128.16,0,1,29,10,2.0,0.0,-,-,-,-,-,-,-,-,-,-,"January 05, 2023","February 01, 2023",,,True
2024,1132219,Sanvir Singh,Sunrisers Hyderabad,2000000.0,0.2,2023,Sanvir Singh,"October 12, 1996, Ludhiana, Punjab",29y 268d,India,Allrounder,-,IPL 2023,SRH,2.0,2,1,11,7,11.00,9,122.22,0,0,1,1,0.0,0.0,-,-,-,-,-,-,-,-,-,-,,,,,True
2024,1159711,Shahbaz Ahmed,Sunrisers Hyderabad,24000000.0,2.4,2023,Shahbaz Ahmed,"December 11, 1994, Mewat, Haryana",31y 206d,India,Allrounder,2022 - 2025,IPL 2023,RCB,10.0,6,2,42,20*,10.50,39,107.69,0,0,3,1,5.0,0.0,1,13.57,42,1/38,1/38,95.00,42.0,0,0,0,"October 06, 2023","October 07, 2023","October 09, 2022","December 04, 2022",True
2024,802575,T Natarajan,Sunrisers Hyderabad,40000000.0,4.0,2023,Thangarasu Natarajan,"April 04, 1991, Salem",35y 91d,India,Bowler,2020 - 2021,IPL 2023,SRH,12.0,-,-,-,-,-,-,-,-,-,-,-,3.0,0.0,10,9.11,270,2/23,2/23,41.00,27.0,0,0,0,"December 04, 2020","March 20, 2021","December 02, 2020","March 28, 2021",True
2024,530011,Travis Head,Sunrisers Hyderabad,68000000.0,6.8,2023,,,,,,,,,,,,,,,,,,,,,,,,,,,,,,,,,,,,,False
2024,1246528,Umran Malik,Sunrisers Hyderabad,40000000.0,4.0,2023,Umran Malik,"November 22, 1999, Gujjar Nagar, Jammu & Kashmir",26y 227d,India,Bowler,2022 - 2023,IPL 2023,SRH,8.0,2,1,19,19*,19.00,8,237.50,0,0,1,2,1.0,0.0,5,10.85,120,2/32,2/32,43.40,24.0,0,0,0,"June 26, 2022","February 01, 2023","November 25, 2022","July 29, 2023",True
2024,732269,Upendra Yadav,Sunrisers Hyderabad,2500000.0,0.25,2023,,,,,,,,,,,,,,,,,,,,,,,,,,,,,,,,,,,,,False
2024,784379,Wanindu Hasaranga,Sunrisers Hyderabad,15000000.0,1.5,2023,Pinnaduwage Wanindu Hasaranga de Silva,"July 29, 1997, Galle",28y 343d,Sri Lanka,Allrounder,2017 - 2026,IPL 2023,RCB,8.0,5,3,33,12*,16.50,28,117.85,0,0,3,0,0.0,0.0,9,8.89,174,2/24,2/24,28.66,19.3,0,0,0,"September 01, 2019","June 14, 2026","July 02, 2017","June 06, 2026",True
2024,719715,Washington Sundar,Sunrisers Hyderabad,87500000.0,8.75,2023,Washington Sundar,"October 05, 1999, Chennai, Tamil Nadu",26y 272d,India,Bowling Allrounder,2017 - 2026,IPL 2023,SRH,7.0,5,1,60,24*,15.00,60,100.00,0,0,6,0,2.0,0.0,3,8.26,106,3/28,3/28,48.66,35.3,0,0,0,"December 24, 2017","June 26, 2026","December 13, 2017","June 20, 2026",True
2025,1175428,A Kamboj,Chennai Super Kings,34000000.0,3.4,2024,Anshul Kamboj,"December 06, 2000, Karnal, Haryana",25y 205d,India,Bowling Allrounder,2025 - 2025,IPL 2024,MI,3.0,1,1,2,2*,-,2,100.00,0,0,0,0,3.0,0.0,2,11.40,60,1/24,1/24,57.00,30.0,0,0,0,,,,,True
2025,1440190,C Andre Siddarth,Chennai Super Kings,3000000.0,0.3,2024,,,,,,,,,,,,,,,,,,,,,,,,,,,,,,,,,,,,,False
2025,497121,DJ Hooda,Chennai Super Kings,17000000.0,1.7,2024,Deepak Jagbir Hooda,"April 19, 1995, Rohtak",31y 71d,India,Allrounder,2022 - 2023,IPL 2024,LSG,11.0,9,1,145,50,18.12,105,138.09,0,1,16,3,2.0,0.0,0,7.33,18,-,-,-,-,0,0,0,"February 24, 2022","February 01, 2023","February 06, 2022","November 30, 2022",True
2025,379140,DP Conway,Chennai Super Kings,62500000.0,6.25,2024,,,,,,,,,,,,,,,,,,,,,,,,,,,,,,,,,,,,,False
2025,1269869,Gurjapneet Singh,Chennai Super Kings,22000000.0,2.2,2024,,,,,,,,,,,,,,,,,,,,,,,,,,,,,,,,,,,,,False
2025,510530,J Overton,Chennai Super Kings,15000000.0,1.5,2024,,,,,,,,,,,,,,,,,,,,,,,,,,,,,,,,,,,,,False
2025,942645,KK Ahmed,Chennai Super Kings,48000000.0,4.8,2024,Khaleel Khursheed Ahmed,"December 05, 1997, Tonk, Rajasthan",28y 214d,India,Bowler,2018 - 2024,IPL 2024,DC,14.0,-,-,-,-,-,-,-,-,-,-,-,1.0,0.0,17,9.58,300,2/21,2/21,28.17,17.6,0,0,0,"November 04, 2018","July 30, 2024","September 18, 2018","August 14, 2019",True
2025,1070188,KL Nagarkoti,Chennai Super Kings,3000000.0,0.3,2024,,,,,,,,,,,,,,,,,,,,,,,,,,,,,,,,,,,,,False
2025,1194795,M Pathirana,Chennai Super Kings,130000000.0,13.0,2024,Matheesha Pathirana,"December 18, 2002, Kandy",23y 193d,Sri Lanka,Bowler,2022 - 2026,IPL 2024,CSK,6.0,-,-,-,-,-,-,-,-,-,-,-,1.0,0.0,13,7.68,132,4/28,4/28,13.00,10.1,1,0,0,"August 27, 2022","February 16, 2026","June 02, 2023","October 10, 2023",True
2025,28081,MS Dhoni,Chennai Super Kings,40000000.0,4.0,2024,Mahendra Singh Dhoni,"July 07, 1981, Ranchi, Bihar (now Jharkhand)",44y 357d,India,Wicketkeeper Batter,2004 - 2019,IPL 2024,CSK,14.0,11,8,161,37*,53.66,73,220.54,0,0,14,13,10.0,0.0,-,-,-,-,-,-,-,-,-,-,"December 01, 2006","February 27, 2019","December 23, 2004","India
                              vs New Zealand at Manchester - July 09 - 10, 2019",True
2025,1125688,Mukesh Choudhary,Chennai Super Kings,3000000.0,0.3,2024,Mukesh Choudhary,"July 06, 1996, Pardodas, Bhilwara, Rajasthan",29y 358d,India,Bowler,-,IPL 2024,CSK,1.0,-,-,-,-,-,-,-,-,-,-,-,0.0,0.0,0,27.00,6,-,-,-,-,0,0,0,,,,,True
2025,826915,NT Ellis,Chennai Super Kings,20000000.0,2.0,2024,Nathan Ellis,"September 22, 1994, Greenacre, New South Wales",31y 280d,Australia,Bowler,2021 - 2026,IPL 2024,PBKS,1.0,-,-,-,-,-,-,-,-,-,-,-,0.0,0.0,1,6.00,24,1/24,1/24,24.00,24.0,0,0,0,"August 06, 2021","June 21, 2026","March 29, 2022","June 11, 2026",True
2025,1182529,Noor Ahmad,Chennai Super Kings,100000000.0,10.0,2024,Noor Ahmad Lakanwal,"January 03, 2005, Khost",21y 177d,Afghanistan,Bowler,2022 - 2026,IPL 2024,GT,10.0,4,2,5,4,2.50,9,55.55,0,0,1,0,5.0,0.0,8,8.32,209,2/20,2/20,36.25,26.1,0,0,0,"June 14, 2022","February 16, 2026","November 30, 2022","February 28, 2025",True
2025,26421,R Ashwin,Chennai Super Kings,97500000.0,9.75,2024,Ravichandran Ashwin,"September 17, 1986, Madras (now Chennai), Tamil Nadu",39y 285d,India,Bowling Allrounder,2010 - 2024,IPL 2024,RR,15.0,9,3,86,29,14.33,74,116.21,0,0,5,4,5.0,0.0,9,8.49,330,3/24,3/24,51.88,36.6,0,0,0,"June 12, 2010","November 10, 2022","June 05, 2010","October 08, 2023",True
2025,959767,R Ravindra,Chennai Super Kings,40000000.0,4.0,2024,Rachin Ravindra,"November 18, 1999, Wellington",26y 223d,New Zealand,Batting Allrounder,2021 - 2026,IPL 2024,CSK,10.0,10,0,222,61,22.20,138,160.86,0,1,22,12,8.0,0.0,0,3.50,12,-,-,-,-,0,0,0,"September 01, 2021","March 08, 2026","March 25, 2023","November 22, 2025",True
2025,234675,RA Jadeja,Chennai Super Kings,180000000.0,18.0,2024,Ravindrasinh Anirudhsinh Jadeja,"December 06, 1988, Navagam-Khed, Saurashtra",37y 205d,India,Allrounder,2009 - 2026,IPL 2024,CSK,14.0,11,5,267,57*,44.50,187,142.78,0,1,22,8,6.0,0.0,8,7.85,282,3/18,3/18,46.12,35.2,0,0,0,"February 10, 2009","June 29, 2024","February 08, 2009","January 18, 2026",True
2025,446763,RA Tripathi,Chennai Super Kings,34000000.0,3.4,2024,Rahul Ajay Tripathi,"March 02, 1991, Ranchi",35y 119d,India,Top order Batter,2023 - 2023,IPL 2024,SRH,6.0,6,0,165,55,27.50,115,143.47,0,1,18,6,2.0,0.0,-,-,-,-,-,-,-,-,-,-,"January 05, 2023","February 01, 2023",,,True
2025,1060380,RD Gaikwad,Chennai Super Kings,180000000.0,18.0,2024,Ruturaj Dashrat Gaikwad,"January 31, 1997, Pune, Maharashtra",29y 149d,India,Batter,2021 - 2025,IPL 2024,CSK,14.0,14,3,583,108*,53.00,413,141.16,1,4,58,18,5.0,0.0,-,-,-,-,-,-,-,-,-,-,"July 28, 2021","July 13, 2024","October 06, 2022","December 06, 2025",True
2025,1339053,RS Ghosh,Chennai Super Kings,3000000.0,0.3,2024,,,,,,,,,,,,,,,,,,,,,,,,,,,,,,,,,,,,,False
2025,714451,S Dube,Chennai Super Kings,120000000.0,12.0,2024,Shivam Dube,"June 26, 1993, Mumbai",33y 3d,India,Allrounder,2019 - 2026,IPL 2024,CSK,14.0,14,3,396,66*,36.00,244,162.29,0,3,28,28,2.0,0.0,1,14.00,6,1/14,1/14,14.00,6.0,0,0,0,"November 03, 2019","June 28, 2026","December 15, 2019","August 07, 2024",True
2025,344580,S Gopal,Chennai Super Kings,3000000.0,0.3,2024,Shreyas Gopal,"September 04, 1993, Banglaore, Karnataka",32y 305d,India,Bowler,-,IPL 2024,MI,3.0,-,-,-,-,-,-,-,-,-,-,-,1.0,0.0,3,9.57,42,1/9,1/9,22.33,14.0,0,0,0,,,,,True
2025,1292497,SK Rasheed,Chennai Super Kings,3000000.0,0.3,2024,,,,,,,,,,,,,,,,,,,,,,,,,,,,,,,,,,,,,False
2025,662973,SM Curran,Chennai Super Kings,24000000.0,2.4,2024,Samuel Matthew Curran,"June 03, 1998, Northampton",28y 26d,England,Allrounder,2018 - 2026,IPL 2024,PBKS,13.0,12,2,270,63*,27.00,219,123.28,0,2,24,6,7.0,0.0,16,10.14,246,3/28,3/28,26.00,15.3,0,0,0,"November 01, 2019","March 05, 2026","June 24, 2018","January 27, 2026",True
2025,1413379,V Bedi,Chennai Super Kings,5500000.0,0.55,2024,,,,,,,,,,,,,,,,,,,,,,,,,,,,,,,,,,,,,False
2025,477021,V Shankar,Chennai Super Kings,12000000.0,1.2,2024,Vijay Shankar,"January 26, 1991, Tirunelveli, Tamil Nadu",35y 154d,India,Allrounder,2018 - 2019,IPL 2024,GT,7.0,7,2,83,17,16.60,72,115.27,0,0,7,2,3.0,0.0,-,-,-,-,-,-,-,-,-,-,"March 06, 2018","February 27, 2019","January 18, 2019","June 27, 2019",True
2025,1059570,AJ Mandal,Delhi Capitals,3000000.0,0.3,2024,,,,,,,,,,,,,,,,,,,,,,,,,,,,,,,,,,,,,False
2025,554691,AR Patel,Delhi Capitals,165000000.0,16.5,2024,Axar Rajeshbhai Patel,"January 20, 1994, Anand, Gujarat",32y 165d,India,Allrounder,2014 - 2026,IPL 2024,DC,14.0,12,4,235,66,29.37,179,131.28,0,2,19,10,13.0,0.0,11,7.65,264,2/25,2/25,30.63,24.0,0,0,0,"July 17, 2015","July 01, 2026","June 15, 2014","October 25, 2025",True
2025,1131978,AR Sharma,Delhi Capitals,38000000.0,3.8,2024,Ashutosh Rambabu Sharma,"September 15, 1998, Ratlam, Madhya Pradesh",27y 292d,India,Batting Allrounder,-,IPL 2024,PBKS,11.0,9,2,189,61,27.00,113,167.25,0,1,10,15,2.0,0.0,-,-,-,-,-,-,-,-,-,-,,,,,True
2025,1277545,Abishek Porel,Delhi Capitals,40000000.0,4.0,2024,,,,,,,,,,,,,,,,,,,,,,,,,,,,,,,,,,,,,False
2025,698315,D Ferreira,Delhi Capitals,7500000.0,0.75,2024,Donovan Ferreira,"July 21, 1998, Pretoria",27y 351d,South Africa,Allrounder,2023 - 2025,IPL 2024,RR,2.0,2,0,8,7,4.00,11,72.72,0,0,0,0,1.0,0.0,-,-,-,-,-,-,-,-,-,-,"September 03, 2023","December 19, 2025","November 04, 2025","November 08, 2025",True
2025,1111917,DG Nalkande,Delhi Capitals,3000000.0,0.3,2024,Darshan Girish Nalkande,"October 04, 1998, Wardha, Maharashtra",27y 273d,India,Bowler,-,IPL 2024,GT,3.0,1,0,12,12,12.00,11,109.09,0,0,0,1,2.0,0.0,3,9.31,29,2/21,2/21,15.00,9.6,0,0,0,,,,,True
2025,44828,F du Plessis,Delhi Capitals,20000000.0,2.0,2024,Francois du Plessis,"July 13, 1984, Pretoria",41y 351d,South Africa,Middle order Batter,2011 - 2021,IPL 2024,RCB,15.0,15,0,438,64,29.20,271,161.62,0,4,47,21,8.0,0.0,-,-,-,-,-,-,-,-,-,-,"September 08, 2012","December 01, 2020","January 18, 2011","July 06, 2019",True
2025,911707,HC Brook,Delhi Capitals,62500000.0,6.25,2024,,,,,,,,,,,,,,,,,,,,,,,,,,,,,,,,,,,,,False
2025,1168049,J Fraser-McGurk,Delhi Capitals,90000000.0,9.0,2024,,,,,,,,,,,,,,,,,,,,,,,,,,,,,,,,,,,,,False
2025,398439,KK Nair,Delhi Capitals,5000000.0,0.5,2024,,,,,,,,,,,,,,,,,,,,,,,,,,,,,,,,,,,,,False
2025,422108,KL Rahul,Delhi Capitals,140000000.0,14.0,2024,Kannaur Lokesh Rahul,"April 18, 1992, Bangalore, Karnataka",34y 77d,India,Wicketkeeper Batter,2014 - 2026,IPL 2024,LSG,14.0,14,0,520,82,37.14,382,136.12,0,4,45,19,15.0,2.0,-,-,-,-,-,-,-,-,-,-,"June 18, 2016","November 10, 2022","June 11, 2016","June 17, 2026",True
2025,559235,Kuldeep Yadav,Delhi Capitals,132500000.0,13.25,2024,Kuldeep Yadav,"December 14, 1994, Kanpur, Uttar Pradesh",31y 202d,India,Bowler,2014 - 2026,IPL 2024,DC,11.0,5,2,47,35*,15.66,41,114.63,0,0,6,1,2.0,0.0,16,8.65,258,4/55,4/55,23.25,16.1,1,0,0,"July 09, 2017","February 15, 2026","June 23, 2017","June 17, 2026",True
2025,1392186,L Manvanth Kumar,Delhi Capitals,3000000.0,0.3,2024,,,,,,,,,,,,,,,,,,,,,,,,,,,,,,,,,,,,,False
2025,1460385,M Tiwari,Delhi Capitals,4000000.0,0.4,2024,,,,,,,,,,,,,,,,,,,,,,,,,,,,,,,,,,,,,False
2025,311592,MA Starc,Delhi Capitals,117500000.0,11.75,2024,Mitchell Aaron Starc,"January 30, 1990, Baulkham Hills, Sydney, New South Wales",36y 155d,Australia,Bowler,2010 - 2026,IPL 2024,KKR,14.0,5,3,9,6*,4.50,11,81.81,0,0,1,0,6.0,0.0,17,10.61,251,4/33,4/33,26.11,14.7,1,0,0,"September 07, 2012","June 24, 2024","October 20, 2010","October 25, 2025",True
2025,537119,MM Sharma,Delhi Capitals,22000000.0,2.2,2024,Mohit Mahipal Sharma,"September 18, 1988, Ballabhgarh, Haryana",37y 284d,India,Bowler,2013 - 2015,IPL 2024,GT,12.0,3,1,2,2,1.00,15,13.33,0,0,0,0,4.0,0.0,13,10.89,234,3/25,3/25,32.69,18.0,0,0,0,"March 30, 2014","October 05, 2015","August 01, 2013","October 25, 2015",True
2025,926851,Mukesh Kumar,Delhi Capitals,80000000.0,8.0,2024,Mukesh Kumar,"October 12, 1993, Gopalganj, Bihar",32y 265d,India,Bowler,2023 - 2024,IPL 2024,DC,10.0,2,1,3,3,3.00,9,33.33,0,0,0,0,3.0,0.0,17,10.36,213,3/14,3/14,21.64,12.5,0,0,0,"August 03, 2023","July 14, 2024","July 27, 2023","December 21, 2023",True
2025,552152,PVD Chameera,Delhi Capitals,7500000.0,0.75,2024,Pathira Vasan Dushmantha Chameera,"January 11, 1992, Ragama",34y 175d,Sri Lanka,Bowler,2015 - 2026,IPL 2024,KKR,1.0,-,-,-,-,-,-,-,-,-,-,-,0.0,0.0,0,16.00,18,-,-,-,-,0,0,0,"November 09, 2015","June 14, 2026","January 29, 2015","June 06, 2026",True
2025,1175489,Sameer Rizvi,Delhi Capitals,9500000.0,0.95,2024,Sameer Rizvi,"December 06, 2003, Meerut, Uttar Pradesh",22y 205d,India,Allrounder,-,IPL 2024,CSK,8.0,5,1,51,21,12.75,43,118.60,0,0,4,2,1.0,0.0,-,-,-,-,-,-,-,-,-,-,,,,,True
2025,802575,T Natarajan,Delhi Capitals,107500000.0,10.75,2024,Thangarasu Natarajan,"April 04, 1991, Salem",35y 91d,India,Bowler,2020 - 2021,IPL 2024,SRH,14.0,-,-,-,-,-,-,-,-,-,-,-,2.0,0.0,19,9.05,308,4/19,4/19,24.47,16.2,1,0,0,"December 04, 2020","March 20, 2021","December 02, 2020","March 28, 2021",True
2025,595978,T Stubbs,Delhi Capitals,100000000.0,10.0,2024,Tristan Stubbs,"August 14, 2000",25y 324d,South Africa,Wicketkeeper Batter,2022 - 2026,IPL 2024,DC,14.0,13,6,378,71*,54.00,198,190.90,0,3,24,26,7.0,0.0,3,7.50,12,2/11,2/11,5.00,4.0,0,0,0,"June 09, 2022","March 04, 2026","March 18, 2023","September 07, 2025",True
2025,1292527,T Vijay,Delhi Capitals,3000000.0,0.3,2024,,,,,,,,,,,,,,,,,,,,,,,,,,,,,,,,,,,,,False
2025,1449074,V Nigam,Delhi Capitals,5000000.0,0.5,2024,,,,,,,,,,,,,,,,,,,,,,,,,,,,,,,,,,,,,False
2025,1123073,Anuj Rawat,Gujarat Titans,3000000.0,0.3,2024,,,,,,,,,,,,,,,,,,,,,,,,,,,,,,,,,,,,,False
2025,1244751,Arshad Khan,Gujarat Titans,13000000.0,1.3,2024,Mohd Arshad Khan,"December 20, 1997, Gopalganj (Seoni)",28y 196d,India,Bowler,-,IPL 2024,LSG,4.0,4,2,83,58*,41.50,54,153.70,0,1,6,5,1.0,0.0,1,11.21,61,1/45,1/45,114.00,61.0,0,0,0,,,,,True
2025,1151288,B Sai Sudharsan,Gujarat Titans,85000000.0,8.5,2024,Bhardwaj Sai Sudharsan,"October 15, 2001, Chennai",24y 262d,India,Top order Batter,2023 - 2026,IPL 2024,GT,12.0,12,1,527,103,47.90,373,141.28,1,2,48,16,0.0,0.0,-,-,-,-,-,-,-,-,-,-,"England vs India  at Leeds - June 20 - 24, 2025","India vs Afghanistan  at New Chandigarh - June 06 - 08, 2026","December 17, 2023","December 21, 2023",True
2025,596010,G Coetzee,Gujarat Titans,24000000.0,2.4,2024,Gerald Coetzee,"October 02, 2000",25y 275d,South Africa,Bowler,2023 - 2026,IPL 2024,MI,10.0,5,1,14,8,3.50,22,63.63,0,0,0,1,2.0,0.0,13,10.17,201,4/34,4/34,26.23,15.4,1,0,0,"August 30, 2023","March 25, 2026","March 18, 2023","November 16, 2023",True
2025,823509,GD Phillips,Gujarat Titans,20000000.0,2.0,2024,,,,,,,,,,,,,,,,,,,,,,,,,,,,,,,,,,,,,False
2025,1287033,Gurnoor Brar,Gujarat Titans,13000000.0,1.3,2024,,,,,,,,,,,,,,,,,,,,,,,,,,,,,,,,,,,,,False
2025,236779,I Sharma,Gujarat Titans,7500000.0,0.75,2024,Ishant Sharma,"September 02, 1988, Delhi",37y 305d,India,Bowler,2007 - 2021,IPL 2024,DC,9.0,2,2,1,1*,-,7,14.28,0,0,0,0,2.0,0.0,10,9.81,162,3/34,3/34,26.50,16.2,0,0,0,"February 01, 2008","October 10, 2013","June 29, 2007","January 23, 2016",True
2025,447587,J Yadav,Gujarat Titans,7500000.0,0.75,2024,,,,,,,,,,,,,,,,,,,,,,,,,,,,,,,,,,,,,False
2025,308967,JC Buttler,Gujarat Titans,157500000.0,15.75,2024,Joseph Charles Buttler,"September 08, 1990, Taunton, Somerset",35y 299d,England,Wicketkeeper Batter,2011 - 2026,IPL 2024,RR,11.0,11,2,359,107*,39.88,255,140.78,2,0,36,12,3.0,0.0,-,-,-,-,-,-,-,-,-,-,"August 31, 2011","July 01, 2026","February 21, 2012","January 27, 2026",True
2025,1083033,K Khejroliya,Gujarat Titans,3000000.0,0.3,2024,,,,,,,,,,,,,,,,,,,,,,,,,,,,,,,,,,,,,False
2025,1207295,K Kushagra,Gujarat Titans,6500000.0,0.65,2024,Kumar Kushagra,"October 23, 2004, Bokaro, Jharkhand",21y 254d,India,Wicketkeeper Batter,-,IPL 2024,DC,4.0,3,0,3,2,1.00,7,42.85,0,0,0,0,1.0,0.0,-,-,-,-,-,-,-,-,-,-,,,,,True
2025,550215,K Rabada,Gujarat Titans,107500000.0,10.75,2024,Kagiso Rabada,"May 25, 1995, Johannesburg",31y 40d,South Africa,Bowler,2014 - 2026,IPL 2024,PBKS,11.0,3,2,20,11*,20.00,14,142.85,0,0,0,2,5.0,0.0,11,8.85,252,2/18,2/18,33.81,22.9,0,0,0,"November 05, 2014","March 04, 2026","July 10, 2015","March 05, 2025",True
2025,793467,Karim Janat,Gujarat Titans,7500000.0,0.75,2024,,,,,,,,,,,,,,,,,,,,,,,,,,,,,,,,,,,,,False
2025,917159,M Prasidh Krishna,Gujarat Titans,95000000.0,9.5,2024,,,,,,,,,,,,,,,,,,,,,,,,,,,,,,,,,,,,,False
2025,719719,M Shahrukh Khan,Gujarat Titans,40000000.0,4.0,2024,Masood Shahrukh Khan,"May 27, 1995, Chennai, Tamil Nadu",31y 38d,India,Batter,-,IPL 2024,GT,7.0,7,0,127,58,18.14,75,169.33,0,1,9,9,6.0,0.0,0,7.50,12,-,-,-,-,0,0,0,,,,,True
2025,1175426,MJ Suthar,Gujarat Titans,3000000.0,0.3,2024,Manav Jagdusakumar Suthar,"August 03, 2002, Sri Ganganagar, Rajasthan",23y 335d,India,Bowling Allrounder,2026 - 2026,IPL 2024,GT,1.0,1,0,1,1,1.00,2,50.00,0,0,0,0,0.0,0.0,0,13.00,12,-,-,-,-,0,0,0,,,,,True
2025,853265,MK Lomror,Gujarat Titans,17000000.0,1.7,2024,Mahipal Krishan Lomror,"November 16, 1999, Nagaur, Rajasthan",26y 233d,India,Allrounder,-,IPL 2024,RCB,10.0,10,2,125,33,15.62,68,183.82,0,0,9,9,3.0,0.0,0,18.00,6,-,-,-,-,0,0,0,,,,,True
2025,940973,Mohammed Siraj,Gujarat Titans,122500000.0,12.25,2024,Mohammed Siraj,"March 13, 1994, Hyderabad",32y 113d,India,Bowler,2017 - 2026,IPL 2024,RCB,14.0,3,1,12,12,6.00,8,150.00,0,0,0,2,3.0,0.0,15,9.18,324,3/43,3/43,33.06,21.6,0,0,0,"November 04, 2017","February 07, 2026","January 15, 2019","January 18, 2026",True
2025,1292506,N Sindhu,Gujarat Titans,3000000.0,0.3,2024,,,,,,,,,,,,,,,,,,,,,,,,,,,,,,,,,,,,,False
2025,1048739,R Sai Kishore,Gujarat Titans,20000000.0,2.0,2024,Ravisrinivasan Sai Kishore,"November 06, 1996, Chennai, Tamil Nadu",29y 240d,India,Bowler,2023 - 2023,IPL 2024,GT,5.0,2,1,13,13,13.00,6,216.66,0,0,0,2,2.0,0.0,7,9.13,90,4/33,4/33,19.57,12.8,1,0,0,"October 03, 2023","October 07, 2023",,,True
2025,423838,R Tewatia,Gujarat Titans,40000000.0,4.0,2024,Rahul Tewatia,"May 20, 1993, Sihi, Haryana",33y 45d,India,Bowling Allrounder,-,IPL 2024,GT,12.0,9,2,188,36*,26.85,129,145.73,0,0,24,5,6.0,0.0,-,-,-,-,-,-,-,-,-,-,,,,,True
2025,793463,Rashid Khan,Gujarat Titans,180000000.0,18.0,2024,Rashid Khan Arman,"September 20, 1998, Nangarhar",27y 287d,Afghanistan,Bowling Allrounder,2015 - 2026,IPL 2024,GT,12.0,8,3,102,31,20.40,71,143.66,0,0,11,3,6.0,0.0,10,8.40,262,2/38,2/38,36.70,26.2,0,0,0,"October 26, 2015","February 19, 2026","October 18, 2015","June 20, 2026",True
2025,914541,SE Rutherford,Gujarat Titans,26000000.0,2.6,2024,,,,,,,,,,,,,,,,,,,,,,,,,,,,,,,,,,,,,False
2025,1070173,Shubman Gill,Gujarat Titans,165000000.0,16.5,2024,Shubman Gill,"September 08, 1999, Fazilka, Punjab",26y 299d,India,Top order Batter,2019 - 2026,IPL 2024,GT,12.0,12,1,426,104,38.72,289,147.40,1,2,37,15,1.0,0.0,-,-,-,-,-,-,-,-,-,-,"January 03, 2023","December 14, 2025","January 31, 2019","June 20, 2026",True
2025,719715,Washington Sundar,Gujarat Titans,32000000.0,3.2,2024,Washington Sundar,"October 05, 1999, Chennai, Tamil Nadu",26y 272d,India,Bowling Allrounder,2017 - 2026,IPL 2024,SRH,2.0,2,1,0,0*,0.00,1,0.00,0,0,0,0,0.0,0.0,1,14.60,30,1/46,1/46,73.00,30.0,0,0,0,"December 24, 2017","June 26, 2026","December 13, 2017","June 20, 2026",True
2025,481979,A Nortje,Kolkata Knight Riders,65000000.0,6.5,2024,Anrich Arno Nortje,"November 16, 1993",32y 230d,South Africa,Bowler,2019 - 2026,IPL 2024,DC,6.0,2,0,4,4,2.00,8,50.00,0,0,0,0,1.0,0.0,7,13.36,132,3/59,3/59,42.00,18.8,0,0,0,"September 18, 2019","March 01, 2026","March 03, 2019","September 09, 2023",True
2025,1292495,A Raghuvanshi,Kolkata Knight Riders,30000000.0,3.0,2024,Angkrish Raghuvanshi,"June 05, 2004, Delhi",22y 30d,India,Top order Batter,-,IPL 2024,KKR,10.0,7,0,163,54,23.28,105,155.23,0,1,16,8,4.0,0.0,-,-,-,-,-,-,-,-,-,-,,,,,True
2025,276298,AD Russell,Kolkata Knight Riders,120000000.0,12.0,2024,Andre Dwayne Russell,"April 29, 1988, Jamaica",38y 66d,West Indies,Allrounder,2010 - 2025,IPL 2024,KKR,15.0,9,2,222,64*,31.71,120,185.00,0,1,20,16,3.0,0.0,19,10.05,176,3/19,3/19,15.52,9.2,0,0,0,"April 21, 2011","July 22, 2025","March 11, 2011","June 17, 2019",True
2025,277916,AM Rahane,Kolkata Knight Riders,15000000.0,1.5,2024,Ajinkya Madhukar Rahane,"June 06, 1988, Ashwi-KD, Maharashtra",38y 23d,India,Top order Batter,2011 - 2023,IPL 2024,CSK,13.0,12,0,242,45,20.16,196,123.46,0,0,23,7,1.0,0.0,-,-,-,-,-,-,-,-,-,-,"August 31, 2011","August 28, 2016","September 03, 2011","February 16, 2018",True
2025,1079839,AS Roy,Kolkata Knight Riders,4000000.0,0.4,2024,Anukul Sudhakar Roy,"November 30, 1998, Saraikela Kharswan, Jharkhand",27y 217d,India,Allrounder,-,IPL 2024,KKR,4.0,1,1,3,3*,-,3,100.00,0,0,0,0,0.0,0.0,0,10.58,34,-,-,-,-,0,0,0,,,,,True
2025,1108375,CV Varun,Kolkata Knight Riders,120000000.0,12.0,2024,Varun Chakravarthy Vinod,"August 29, 1991, Bidar, Karnataka",34y 310d,India,Bowler,2021 - 2026,IPL 2024,KKR,15.0,-,-,-,-,-,-,-,-,-,-,-,4.0,0.0,21,8.04,300,3/16,3/16,19.14,14.2,0,0,0,"July 25, 2021","July 04, 2026","February 09, 2025","March 09, 2025",True
2025,1312645,Harshit Rana,Kolkata Knight Riders,40000000.0,4.0,2024,Harshit Pradeep Rana,"December 22, 2001, New Delhi",24y 195d,India,Bowler,2024 - 2026,IPL 2024,KKR,13.0,-,-,-,-,-,-,-,-,-,-,-,4.0,0.0,19,9.08,253,3/24,3/24,20.15,13.3,0,0,0,"January 31, 2025","July 04, 2026","February 06, 2025","January 18, 2026",True
2025,1155253,LS Sisodia,Kolkata Knight Riders,3000000.0,0.3,2024,,,,,,,,,,,,,,,,,,,,,,,,,,,,,,,,,,,,,False
2025,1081442,M Markande,Kolkata Knight Riders,3000000.0,0.3,2024,Mayank Markande,"November 11, 1997, Bathinda, Punjab",28y 238d,India,Bowler,2019 - 2019,IPL 2024,SRH,7.0,-,-,-,-,-,-,-,-,-,-,-,2.0,0.0,8,11.77,132,2/26,2/26,32.37,16.5,0,0,0,"February 24, 2019","Andhra vs Punjab  at Visakhapatnam - November 01 - 04, 2018",,,True
2025,290630,MK Pandey,Kolkata Knight Riders,7500000.0,0.75,2024,Manish Krishnanand Pandey,"September 10, 1989, Nainital, Uttaranchal",36y 297d,India,Top order Batter,2015 - 2021,IPL 2024,KKR,1.0,1,0,42,42,42.00,31,135.48,0,0,2,2,2.0,0.0,-,-,-,-,-,-,-,-,-,-,"July 17, 2015","December 04, 2020","July 14, 2015","July 23, 2021",True
2025,8917,MM Ali,Kolkata Knight Riders,20000000.0,2.0,2024,Moeen Munir Ali,"June 18, 1987, Birmingham",39y 11d,England,Batting Allrounder,2014 - 2024,IPL 2024,CSK,8.0,5,0,128,56,25.60,98,130.61,0,1,7,8,2.0,0.0,2,8.87,48,2/23,2/23,35.50,24.0,0,0,0,"March 11, 2014","June 27, 2024","February 28, 2014","November 11, 2023",True
2025,379143,Q de Kock,Kolkata Knight Riders,36000000.0,3.6,2024,Quinton de Kock,"December 17, 1992, Johannesburg, Gauteng",33y 200d,South Africa,Wicketkeeper Batter,2012 - 2026,IPL 2024,LSG,11.0,11,0,250,81,22.72,186,134.40,0,3,29,9,3.0,0.0,-,-,-,-,-,-,-,-,-,-,"December 21, 2012","March 04, 2026","January 19, 2013","December 06, 2025",True
2025,820351,R Powell,Kolkata Knight Riders,15000000.0,1.5,2024,Rovman Powell,"July 23, 1993, Jamaica",32y 346d,West Indies,Middle order Batter,2016 - 2026,IPL 2024,RR,10.0,7,1,103,27,17.16,68,151.47,0,0,10,6,7.0,0.0,-,-,-,-,-,-,-,-,-,-,"March 26, 2017","June 14, 2026","November 16, 2016","July 27, 2023",True
2025,723105,RK Singh,Kolkata Knight Riders,130000000.0,13.0,2024,Rinku Khanchand Singh,"October 12, 1997, Aligarh, Uttar Pradesh",28y 266d,India,Middle order Batter,2023 - 2026,IPL 2024,KKR,15.0,11,2,168,26,18.66,113,148.67,0,0,13,8,7.0,0.0,-,-,-,-,-,-,-,-,-,-,"August 18, 2023","February 22, 2026","December 19, 2023","December 21, 2023",True
2025,974087,Rahmanullah Gurbaz,Kolkata Knight Riders,20000000.0,2.0,2024,Rahmanullah Gurbaz,"November 28, 2001",24y 219d,Afghanistan,Wicketkeeper Batter,2019 - 2026,IPL 2024,KKR,3.0,2,0,62,39,31.00,46,134.78,0,0,7,4,5.0,0.0,-,-,-,-,-,-,-,-,-,-,"September 14, 2019","February 19, 2026","January 21, 2021","June 20, 2026",True
2025,1079470,Ramandeep Singh,Kolkata Knight Riders,40000000.0,4.0,2024,Ramandeep Singh,"April 13, 1997, Chandigarh",29y 83d,India,Middle order Batter,2024 - 2024,IPL 2024,KKR,15.0,9,5,125,35,31.25,62,201.61,0,0,5,12,8.0,0.0,0,13.50,4,-,-,-,-,0,0,0,"November 13, 2024","November 15, 2024",,,True
2025,1123718,SH Johnson,Kolkata Knight Riders,28000000.0,2.8,2024,Spencer Henry Johnson,"December 16, 1995, Adelaide, South Australia",30y 195d,Australia,Bowler,2023 - 2026,IPL 2024,GT,5.0,3,3,6,5*,-,7,85.71,0,0,1,0,2.0,0.0,4,9.43,96,2/25,2/25,37.75,24.0,0,0,0,"August 30, 2023","June 21, 2026","September 24, 2023","February 28, 2025",True
2025,230558,SP Narine,Kolkata Knight Riders,120000000.0,12.0,2024,Sunil Philip Narine,"May 26, 1988, Arima, Trinidad & Tobago",38y 40d,West Indies,Bowling Allrounder,2011 - 2019,IPL 2024,KKR,15.0,14,0,488,109,34.85,270,180.74,1,3,50,33,8.0,0.0,17,6.69,330,2/22,2/22,21.64,19.4,0,0,0,"March 27, 2012","August 06, 2019","December 05, 2011","October 05, 2016",True
2025,1246528,Umran Malik,Kolkata Knight Riders,7500000.0,0.75,2024,Umran Malik,"November 22, 1999, Gujjar Nagar, Jammu & Kashmir",26y 227d,India,Bowler,2022 - 2023,IPL 2024,SRH,1.0,-,-,-,-,-,-,-,-,-,-,-,0.0,0.0,0,15.00,6,-,-,-,-,0,0,0,"June 26, 2022","February 01, 2023","November 25, 2022","July 29, 2023",True
2025,1209292,VG Arora,Kolkata Knight Riders,18000000.0,1.8,2024,Vaibhav Gopal Arora,"December 14, 1997",28y 203d,India,Bowler,-,IPL 2024,KKR,10.0,2,2,1,1*,-,1,100.00,0,0,0,0,1.0,0.0,11,9.20,180,3/27,3/27,25.09,16.3,0,0,0,,,,,True
2025,851403,VR Iyer,Kolkata Knight Riders,237500000.0,23.75,2024,Venkatesh Rajasekaran Iyer,"December 25, 1994, Indore, Madhya Pradesh",31y 192d,India,Allrounder,2021 - 2022,IPL 2024,KKR,15.0,13,5,370,70,46.25,233,158.79,0,4,35,19,4.0,0.0,0,28.00,6,-,-,-,-,0,0,0,"November 17, 2021","February 27, 2022","January 19, 2022","January 21, 2022",True
2025,1151270,A Badoni,Lucknow Super Giants,40000000.0,4.0,2024,Ayush Badoni,"December 03, 1999, Delhi",26y 214d,India,Batter,-,IPL 2024,LSG,14.0,12,4,235,55*,29.37,171,137.42,0,2,22,5,3.0,0.0,0,12.50,12,-,-,-,-,0,0,0,,,,,True
2025,1130300,A Juyal,Lucknow Super Giants,3000000.0,0.3,2024,,,,,,,,,,,,,,,,,,,,,,,,,,,,,,,,,,,,,False
2025,1403153,AA Kulkarni,Lucknow Super Giants,3000000.0,0.3,2024,Arshin Atul Kulkarni,"February 15, 2005, Solapur, Maharashtra",21y 140d,India,Allrounder,-,IPL 2024,LSG,2.0,2,0,9,9,4.50,8,112.50,0,0,2,0,0.0,0.0,-,-,-,-,-,-,-,-,-,-,,,,,True
2025,600498,AK Markram,Lucknow Super Giants,20000000.0,2.0,2024,Aiden Kyle Markram,"October 04, 1994, Centurion",31y 274d,South Africa,Middle order Batter,2017 - 2026,IPL 2024,SRH,11.0,11,2,220,50,24.44,177,124.29,0,1,18,4,5.0,0.0,0,7.50,12,-,-,-,-,0,0,0,"March 22, 2019","March 04, 2026","October 22, 2017","December 06, 2025",True
2025,1175485,Abdul Samad,Lucknow Super Giants,42000000.0,4.2,2024,Abdul Samad Farooq,"October 28, 2001, Kala Kot, Jammu & Kashmir",24y 250d,India,Batter,-,IPL 2024,SRH,16.0,12,2,182,37*,18.20,108,168.51,0,0,15,11,9.0,0.0,-,-,-,-,-,-,-,-,-,-,,,,,True
2025,1176959,Akash Deep,Lucknow Super Giants,80000000.0,8.0,2024,Akash Deep,"December 15, 1996, Dehri, (Rotas), Bihar",29y 202d,India,Bowler,2024 - 2025,IPL 2024,RCB,1.0,1,1,2,2*,-,2,100.00,0,0,0,0,0.0,0.0,1,15.71,21,1/55,1/55,55.00,21.0,0,0,0,,,,,True
2025,1175458,Akash Singh,Lucknow Super Giants,3000000.0,0.3,2024,,,,,,,,,,,,,,,,,,,,,,,,,,,,,,,,,,,,,False
2025,694211,Avesh Khan,Lucknow Super Giants,97500000.0,9.75,2024,Avesh Khan,"December 13, 1996, Indore, Madhya Pradesh",29y 204d,India,Bowler,2022 - 2024,IPL 2024,RR,16.0,3,3,10,7*,-,5,200.00,0,0,1,0,2.0,0.0,19,9.59,329,3/27,3/27,27.68,17.3,0,0,0,"February 20, 2022","November 10, 2024","July 24, 2022","December 21, 2023",True
2025,321777,DA Miller,Lucknow Super Giants,75000000.0,7.5,2024,David Andrew Miller,"June 10, 1989, Pietermaritzburg, Natal",37y 24d,South Africa,Middle order Batter,2010 - 2026,IPL 2024,GT,9.0,9,3,210,55,35.00,139,151.07,0,1,20,8,5.0,0.0,-,-,-,-,-,-,-,-,-,-,"May 20, 2010","March 04, 2026","May 22, 2010","March 05, 2025",True
2025,1460529,DS Rathi,Lucknow Super Giants,3000000.0,0.3,2024,,,,,,,,,,,,,,,,,,,,,,,,,,,,,,,,,,,,,False
2025,805235,Himmat Singh,Lucknow Super Giants,3000000.0,0.3,2024,,,,,,,,,,,,,,,,,,,,,,,,,,,,,,,,,,,,,False
2025,1151286,M Siddharth,Lucknow Super Giants,7500000.0,0.75,2024,Manimaran Siddharth,"July 03, 1998",28y 2d,India,Bowler,-,IPL 2024,LSG,3.0,-,-,-,-,-,-,-,-,-,-,-,0.0,0.0,1,7.88,54,1/21,1/21,71.00,54.0,0,0,0,,,,,True
2025,595267,MP Breetzke,Lucknow Super Giants,7500000.0,0.75,2024,,,,,,,,,,,,,,,,,,,,,,,,,,,,,,,,,,,,,False
2025,1292563,MP Yadav,Lucknow Super Giants,110000000.0,11.0,2024,Mayank Prabhu Yadav,"June 17, 2002, New Delhi",24y 18d,India,Bowler,2024 - 2024,IPL 2024,LSG,4.0,-,-,-,-,-,-,-,-,-,-,-,1.0,0.0,7,6.98,73,3/14,3/14,12.14,10.4,0,0,0,"October 06, 2024","October 12, 2024",,,True
2025,272450,MR Marsh,Lucknow Super Giants,34000000.0,3.4,2024,Mitchell Ross Marsh,"October 20, 1991, Attadale, Perth",34y 257d,Australia,Allrounder,2011 - 2026,IPL 2024,DC,4.0,4,0,61,23,15.25,38,160.52,0,0,9,3,0.0,0.0,1,12.87,48,1/37,1/37,103.00,48.0,0,0,0,"October 16, 2011","June 21, 2026","October 19, 2011","October 25, 2025",True
2025,1132005,Mohsin Khan,Lucknow Super Giants,40000000.0,4.0,2024,Mohsin Khan,"July 15, 1998, Sambhal, Uttar Pradesh",27y 355d,India,Bowler,-,IPL 2024,LSG,10.0,1,0,2,2,2.00,1,200.00,0,0,0,0,1.0,0.0,10,10.13,228,2/29,2/29,38.50,22.8,0,0,0,,,,,True
2025,604302,N Pooran,Lucknow Super Giants,210000000.0,21.0,2024,Nicholas Pooran,"October 02, 1995, Trinidad",30y 276d,West Indies,Wicketkeeper Batter,2016 - 2024,IPL 2024,LSG,14.0,14,6,499,75,62.37,280,178.21,0,3,35,36,7.0,0.0,-,-,-,-,-,-,-,-,-,-,"September 23, 2016","December 19, 2024","February 20, 2019","July 07, 2023",True
2025,1350768,Prince Yadav,Lucknow Super Giants,3000000.0,0.3,2024,,,,,,,,,,,,,,,,,,,,,,,,,,,,,,,,,,,,,False
2025,931581,RR Pant,Lucknow Super Giants,270000000.0,27.0,2024,Rishabh Rajendra Pant,"October 04, 1997, Haridwar, Uttarakhand",28y 273d,India,Wicketkeeper Batter,2017 - 2026,IPL 2024,DC,13.0,13,2,446,88*,40.54,287,155.40,0,3,36,25,11.0,5.0,-,-,-,-,-,-,-,-,-,-,"February 01, 2017","July 28, 2024","October 21, 2018","August 07, 2024",True
2025,1175429,RS Hangargekar,Lucknow Super Giants,3000000.0,0.3,2024,,,,,,,,,,,,,,,,,,,,,,,,,,,,,,,,,,,,,False
2025,1175441,Ravi Bishnoi,Lucknow Super Giants,110000000.0,11.0,2024,Ravi Bishnoi,"September 05, 2000, Jodhpur, Rajasthan",25y 303d,India,Bowler,2022 - 2026,IPL 2024,LSG,14.0,3,0,4,2,1.33,6,66.66,0,0,0,0,4.0,0.0,10,8.77,262,2/25,2/25,38.30,26.2,0,0,0,"February 16, 2022","July 04, 2026","October 06, 2022","February 16, 2022",True
2025,1356971,S Joseph,Lucknow Super Giants,7500000.0,0.75,2024,Shamar Joseph,"August 31, 1999",26y 308d,West Indies,Bowler,2024 - 2026,IPL 2024,LSG,1.0,-,-,-,-,-,-,-,-,-,-,-,0.0,0.0,0,11.75,24,-,-,-,-,0,0,0,"May 23, 2024","June 14, 2026","November 02, 2024","June 06, 2026",True
2025,1159711,Shahbaz Ahmed,Lucknow Super Giants,24000000.0,2.4,2024,Shahbaz Ahmed,"December 11, 1994, Mewat, Haryana",31y 206d,India,Allrounder,2022 - 2025,IPL 2024,SRH,16.0,12,3,215,59*,23.88,166,129.51,0,1,7,13,3.0,0.0,7,9.81,165,3/23,3/23,38.57,23.5,0,0,0,"October 06, 2023","October 07, 2023","October 09, 2022","December 04, 2022",True
2025,1175463,Y Chaudhary,Lucknow Super Giants,3000000.0,0.3,2024,,,,,,,,,,,,,,,,,,,,,,,,,,,,,,,,,,,,,False
2025,1326798,AM Ghazanfar,Mumbai Indians,48000000.0,4.8,2024,,,,,,,,,,,,,,,,,,,,,,,,,,,,,,,,,,,,,False
2025,1148776,AS Tendulkar,Mumbai Indians,3000000.0,0.3,2024,Arjun Sachin Tendulkar,"September 24, 1999, Mumbai",26y 284d,India,Bowler,-,IPL 2024,MI,1.0,-,-,-,-,-,-,-,-,-,-,-,0.0,0.0,0,9.42,14,-,-,-,-,0,0,0,,,,,True
2025,1209126,Ashwani Kumar,Mumbai Indians,3000000.0,0.3,2024,,,,,,,,,,,,,,,,,,,,,,,,,,,,,,,,,,,,,False
2025,1410577,BJ Jacobs,Mumbai Indians,3000000.0,0.3,2024,,,,,,,,,,,,,,,,,,,,,,,,,,,,,,,,,,,,,False
2025,447261,DL Chahar,Mumbai Indians,92500000.0,9.25,2024,Deepak Lokandersingh Chahar,"August 07, 1992, Agra, Uttar Pradesh",33y 326d,India,Bowler,2018 - 2023,IPL 2024,CSK,8.0,-,-,-,-,-,-,-,-,-,-,-,0.0,0.0,5,8.59,141,2/28,2/28,40.40,28.2,0,0,0,"July 08, 2018","December 01, 2023","September 25, 2018","December 07, 2022",True
2025,625371,HH Pandya,Mumbai Indians,163500000.0,16.35,2024,Hardik Himanshu Pandya,"October 11, 1993, Choryasi, Gujarat",32y 266d,India,Allrounder,2016 - 2026,IPL 2024,MI,14.0,13,1,216,46,18.00,151,143.04,0,0,17,11,4.0,0.0,11,10.75,216,3/31,3/31,35.18,19.6,0,0,0,"January 26, 2016","March 08, 2026","October 16, 2016","March 09, 2025",True
2025,625383,JJ Bumrah,Mumbai Indians,180000000.0,18.0,2024,Jasprit Jasbirsingh Bumrah,"December 06, 1993, Ahmedabad",32y 212d,India,Bowler,2016 - 2026,IPL 2024,MI,13.0,4,4,12,8*,-,12,100.00,0,0,1,0,1.0,0.0,20,6.48,311,5/21,5/21,16.80,15.5,0,1,0,"January 26, 2016","March 08, 2026","January 23, 2016","November 19, 2023",True
2025,778241,KL Shrijith,Mumbai Indians,3000000.0,0.3,2024,,,,,,,,,,,,,,,,,,,,,,,,,,,,,,,,,,,,,False
2025,30288,KV Sharma,Mumbai Indians,5000000.0,0.5,2024,Karn Vinod Sharma,"October 23, 1987, Meerut, Uttar Pradesh",38y 249d,India,Bowler,2014 - 2014,IPL 2024,RCB,9.0,3,0,31,20,10.33,15,206.66,0,0,2,3,6.0,0.0,7,10.58,144,2/29,2/29,36.28,20.5,0,0,0,"Australia vs India  at Adelaide - December 09 - 13, 2014","November 13, 2014","November 13, 2014","November 16, 2014",True
2025,379887,LB Williams,Mumbai Indians,7500000.0,0.75,2024,Lizaad Buyron Williams,"October 01, 1993, Vredenburg",32y 276d,South Africa,Bowler,2021 - 2025,IPL 2024,DC,2.0,1,1,1,1*,-,2,50.00,0,0,0,0,1.0,0.0,1,12.00,36,1/38,1/38,72.00,36.0,0,0,0,"April 10, 2021","November 01, 2025","July 16, 2021","November 04, 2025",True
2025,502714,MJ Santner,Mumbai Indians,20000000.0,2.0,2024,Mitchell Josef Santner,"February 05, 1992, Hamilton",34y 144d,New Zealand,Bowling Allrounder,2015 - 2026,IPL 2024,CSK,3.0,3,0,14,11,4.66,17,82.35,0,0,1,0,1.0,0.0,2,7.11,54,1/10,1/10,32.00,27.0,0,0,0,"June 23, 2015","March 20, 2026","June 09, 2015","November 22, 2025",True
2025,1170265,NT Tilak Varma,Mumbai Indians,80000000.0,8.0,2024,Namboori Thakur Tilak Varma,"November 08, 2002, Hyderabad, Andhra Pradesh",23y 241d,India,Batting Allrounder,2023 - 2026,IPL 2024,MI,13.0,13,3,416,65,41.60,278,149.64,0,3,35,19,9.0,0.0,0,12.00,4,-,-,-,-,0,0,0,"August 03, 2023","July 04, 2026","September 15, 2023","December 06, 2025",True
2025,1287032,Naman Dhir,Mumbai Indians,52500000.0,5.25,2024,Naman Dhir,"December 31, 1999, Ambala, Haryana",26y 188d,India,Middle order Batter,-,IPL 2024,MI,7.0,7,1,140,62*,23.33,79,177.21,0,1,12,10,3.0,0.0,0,11.78,28,-,-,-,-,0,0,0,,,,,True
2025,1392201,PVSN Raju,Mumbai Indians,3000000.0,0.3,2024,,,,,,,,,,,,,,,,,,,,,,,,,,,,,,,,,,,,,False
2025,1350762,R Minz,Mumbai Indians,6500000.0,0.65,2024,,,,,,,,,,,,,,,,,,,,,,,,,,,,,,,,,,,,,False
2025,1292502,RA Bawa,Mumbai Indians,3000000.0,0.3,2024,,,,,,,,,,,,,,,,,,,,,,,,,,,,,,,,,,,,,False
2025,605661,RD Rickelton,Mumbai Indians,10000000.0,1.0,2024,,,,,,,,,,,,,,,,,,,,,,,,,,,,,,,,,,,,,False
2025,34102,RG Sharma,Mumbai Indians,163000000.0,16.3,2024,Rohit Gurunath Sharma,"April 30, 1987, Bansod, Nagpur, Maharashtra",39y 68d,India,Top order Batter,2007 - 2026,IPL 2024,MI,14.0,14,1,417,105*,32.07,278,150.00,1,1,45,23,3.0,0.0,-,-,-,-,-,-,-,-,-,-,"September 19, 2007","June 29, 2024","June 23, 2007","June 20, 2026",True
2025,461632,RJW Topley,Mumbai Indians,7500000.0,0.75,2024,Reece James William Topley,"February 21, 1994, Ipswich, Suffolk",32y 136d,England,Bowler,2015 - 2024,IPL 2024,RCB,4.0,1,1,3,3*,-,6,50.00,0,0,0,0,1.0,0.0,4,11.20,90,2/27,2/27,42.00,22.5,0,0,0,"August 31, 2015","November 09, 2024","September 13, 2015","November 06, 2024",True
2025,446507,SA Yadav,Mumbai Indians,163500000.0,16.35,2024,Suryakumar Ashok Yadav,"September 14, 1990, Mumbai, Maharashtra",35y 294d,India,Batter,2021 - 2026,IPL 2024,MI,11.0,11,1,345,102*,34.50,206,167.47,1,3,36,18,4.0,0.0,-,-,-,-,-,-,-,-,-,-,"March 14, 2021","March 08, 2026","July 18, 2021","November 19, 2023",True
2025,277912,TA Boult,Mumbai Indians,125000000.0,12.5,2024,Trent Alexander Boult,"July 22, 1989, Rotorua",36y 348d,New Zealand,Bowler,2011 - 2024,IPL 2024,RR,16.0,5,3,14,12,7.00,16,87.50,0,0,2,0,4.0,0.0,16,8.30,320,3/22,3/22,27.68,20.0,0,0,0,"February 09, 2013","June 17, 2024","July 11, 2012","November 15, 2023",True
2025,1460388,V Puthur,Mumbai Indians,3000000.0,0.3,2024,,,,,,,,,,,,,,,,,,,,,,,,,,,,,,,,,,,,,False
2025,897549,WG Jacks,Mumbai Indians,52500000.0,5.25,2024,William George Jacks,"November 21, 1998, Chertsey, Surrey",27y 227d,England,Batting Allrounder,2022 - 2026,IPL 2024,RCB,8.0,8,1,230,100*,32.85,131,175.57,1,1,16,18,3.0,0.0,2,11.11,54,1/23,1/23,50.00,27.0,0,0,0,"September 23, 2022","July 04, 2026","March 01, 2023","January 27, 2026",True
2025,1124283,AM Hardie,Punjab Kings,12500000.0,1.25,2024,,,,,,,,,,,,,,,,,,,,,,,,,,,,,,,,,,,,,False
2025,1125976,Arshdeep Singh,Punjab Kings,180000000.0,18.0,2024,Arshdeep Singh,"February 05, 1999, Guna, Madhya Pradesh",27y 150d,India,Bowler,2022 - 2026,IPL 2024,PBKS,14.0,1,0,4,4,4.00,3,133.33,0,0,1,0,1.0,0.0,19,10.03,302,4/29,4/29,26.57,15.8,1,0,0,"July 07, 2022","July 04, 2026","November 25, 2022","June 17, 2026",True
2025,819429,Azmatullah Omarzai,Punjab Kings,24000000.0,2.4,2024,Azmatullah Omarzai,"March 24, 2000",26y 102d,Afghanistan,Allrounder,2021 - 2026,IPL 2024,GT,7.0,4,0,42,17,10.50,33,127.27,0,0,2,2,0.0,0.0,4,8.85,126,2/27,2/27,46.50,31.5,0,0,0,"March 03, 2022","February 19, 2026","January 21, 2021","June 20, 2026",True
2025,325026,GJ Maxwell,Punjab Kings,42000000.0,4.2,2024,Glenn James Maxwell,"October 14, 1988, Kew, Melbourne, Victoria",37y 263d,Australia,Batting Allrounder,2012 - 2026,IPL 2024,RCB,10.0,9,0,52,28,5.77,43,120.93,0,0,6,2,3.0,0.0,6,8.06,96,2/23,2/23,21.50,16.0,0,0,0,"September 05, 2012","February 20, 2026","August 25, 2012","March 04, 2025",True
2025,1292496,Harnoor Singh,Punjab Kings,3000000.0,0.3,2024,,,,,,,,,,,,,,,,,,,,,,,,,,,,,,,,,,,,,False
2025,1168641,Harpreet Brar,Punjab Kings,15000000.0,1.5,2024,Harpreet Brar,"September 16, 1995, Meerut, Uttar Pradesh",30y 292d,India,Bowler,-,IPL 2024,PBKS,13.0,7,5,75,29,37.50,54,138.88,0,0,8,2,7.0,0.0,7,7.97,228,2/13,2/13,43.28,32.5,0,0,0,,,,,True
2025,662235,JP Inglis,Punjab Kings,26000000.0,2.6,2024,,,,,,,,,,,,,,,,,,,,,,,,,,,,,,,,,,,,,False
2025,1163695,KR Sen,Punjab Kings,8000000.0,0.8,2024,Kuldeep Rampal Sen,"October 22, 1996, Rewa, Madhya Pradesh",29y 258d,India,Bowler,2022 - 2022,IPL 2024,RR,3.0,-,-,-,-,-,-,-,-,-,-,-,1.0,0.0,6,10.16,72,3/41,3/41,20.33,12.0,0,0,0,,,"December 04, 2022","Tamil Nadu vs M. Pradesh  at Dindigul - November 01 - 04, 2018",True
2025,493773,LH Ferguson,Punjab Kings,20000000.0,2.0,2024,Lachlan Hammond Ferguson,"June 13, 1991, Auckland",35y 21d,New Zealand,Bowler,2016 - 2026,IPL 2024,RCB,7.0,1,0,1,1,1.00,1,100.00,0,0,0,0,4.0,0.0,9,10.62,144,2/23,2/23,28.33,16.0,0,0,0,"January 03, 2017","March 20, 2026","December 04, 2016","November 15, 2023",True
2025,696401,M Jansen,Punjab Kings,70000000.0,7.0,2024,Marco Jansen,"May 01, 2000",26y 66d,South Africa,Bowling Allrounder,2021 - 2026,IPL 2024,SRH,3.0,2,1,18,17,18.00,13,138.46,0,0,1,1,6.0,0.0,1,12.90,60,1/45,1/45,129.00,60.0,0,0,0,"June 17, 2022","March 04, 2026","January 19, 2022","December 06, 2025",True
2025,325012,MP Stoinis,Punjab Kings,110000000.0,11.0,2024,Marcus Peter Stoinis,"August 16, 1989, Perth",36y 322d,Australia,Batting Allrounder,2015 - 2026,IPL 2024,LSG,14.0,14,2,388,124*,32.33,263,147.52,1,2,39,16,4.0,0.0,4,9.00,84,1/3,1/3,31.50,21.0,0,0,0,"August 31, 2015","February 20, 2026","September 11, 2015","November 10, 2024",True
2025,1316430,Musheer Khan,Punjab Kings,3000000.0,0.3,2024,,,,,,,,,,,,,,,,,,,,,,,,,,,,,,,,,,,,,False
2025,1151273,N Wadhera,Punjab Kings,42000000.0,4.2,2024,Nehal Wadhera,"September 04, 2000, Ludhiana, Punjab",25y 306d,India,Top order Batter,-,IPL 2024,MI,6.0,6,0,109,49,18.16,84,129.76,0,0,9,6,2.0,0.0,0,6.50,12,-,-,-,-,0,0,0,,,,,True
2025,1175456,P Arya,Punjab Kings,38000000.0,3.8,2024,,,,,,,,,,,,,,,,,,,,,,,,,,,,,,,,,,,,,False
2025,1324449,P Avinash,Punjab Kings,3000000.0,0.3,2024,,,,,,,,,,,,,,,,,,,,,,,,,,,,,,,,,,,,,False
2025,777515,P Dubey,Punjab Kings,3000000.0,0.3,2024,,,,,,,,,,,,,,,,,,,,,,,,,,,,,,,,,,,,,False
2025,1161024,Prabhsimran Singh,Punjab Kings,40000000.0,4.0,2024,Prabhsimran Singh,"August 10, 2000",25y 329d,India,Wicketkeeper Batter,-,IPL 2024,PBKS,14.0,14,0,334,71,23.85,213,156.80,0,2,34,20,1.0,0.0,-,-,-,-,-,-,-,-,-,-,,,,,True
2025,642519,SS Iyer,Punjab Kings,267500000.0,26.75,2024,Shreyas Santosh Iyer,"December 06, 1994, Mumbai",31y 211d,India,Top order Batter,2017 - 2026,IPL 2024,KKR,15.0,14,5,351,58*,39.00,239,146.86,0,2,34,14,10.0,0.0,-,-,-,-,-,-,-,-,-,-,"November 01, 2017","July 04, 2026","December 10, 2017","June 20, 2026",True
2025,377534,Shashank Singh,Punjab Kings,55000000.0,5.5,2024,Shashank Singh,"November 21, 1991",34y 226d,India,Batting Allrounder,-,IPL 2024,PBKS,14.0,14,6,354,68*,44.25,215,164.65,0,2,28,21,7.0,0.0,1,5.00,6,1/5,1/5,5.00,6.0,0,0,0,,,,,True
2025,1339698,Suryansh Shedge,Punjab Kings,3000000.0,0.3,2024,,,,,,,,,,,,,,,,,,,,,,,,,,,,,,,,,,,,,False
2025,777815,V Vyshak,Punjab Kings,18000000.0,1.8,2024,Vijaykumar Vyshak,"January 31, 1997, Bangalore, Karnataka",29y 155d,India,Bowler,-,IPL 2024,RCB,4.0,2,1,1,1*,1.00,3,33.33,0,0,0,0,3.0,0.0,4,9.79,87,2/23,2/23,35.50,21.7,0,0,0,,,,,True
2025,732293,Vishnu Vinod,Punjab Kings,9500000.0,0.95,2024,,,,,,,,,,,,,,,,,,,,,,,,,,,,,,,,,,,,,False
2025,1050545,XC Bartlett,Punjab Kings,8000000.0,0.8,2024,,,,,,,,,,,,,,,,,,,,,,,,,,,,,,,,,,,,,False
2025,430246,YS Chahal,Punjab Kings,180000000.0,18.0,2024,Yuzvendra Singh Chahal,"July 23, 1990, Jind, Haryana",35y 348d,India,Bowler,2016 - 2024,IPL 2024,RR,15.0,-,-,-,-,-,-,-,-,-,-,-,5.0,0.0,18,9.41,348,3/11,3/11,30.33,19.3,0,0,0,"June 18, 2016","August 13, 2023","June 11, 2016","January 24, 2023",True
2025,1070196,Yash Thakur,Punjab Kings,16000000.0,1.6,2024,Yash Ravisingh Thakur,"December 28, 1998, Kolkata",27y 189d,India,Bowler,-,IPL 2024,LSG,10.0,-,-,-,-,-,-,-,-,-,-,-,1.0,0.0,11,11.32,213,5/30,5/30,36.54,19.3,0,1,0,,,,,True
2025,1206039,A Madhwal,Rajasthan Royals,12000000.0,1.2,2024,Akash Madhwal,"November 25, 1993, Roorkee",32y 224d,India,Bowler,-,IPL 2024,MI,5.0,1,1,4,4*,-,5,80.00,0,0,0,0,1.0,0.0,5,11.28,109,3/20,3/20,41.00,21.8,0,0,0,,,,,True
2025,1299879,Ashok Sharma,Rajasthan Royals,3000000.0,0.3,2024,,,,,,,,,,,,,,,,,,,,,,,,,,,,,,,,,,,,,False
2025,1175488,DC Jurel,Rajasthan Royals,140000000.0,14.0,2024,Dhruv Chand Jurel,"January 21, 2001, Agra, Uttar Pradesh",25y 167d,India,Wicketkeeper Batter,2024 - 2026,IPL 2024,RR,15.0,11,3,195,56*,24.37,141,138.29,0,2,18,7,11.0,0.0,-,-,-,-,-,-,-,-,-,-,"July 06, 2024","January 28, 2025",,,True
2025,974175,Fazalhaq Farooqi,Rajasthan Royals,20000000.0,2.0,2024,,,,,,,,,,,,,,,,,,,,,,,,,,,,,,,,,,,,,False
2025,669855,JC Archer,Rajasthan Royals,125000000.0,12.5,2024,,,,,,,,,,,,,,,,,,,,,,,,,,,,,,,,,,,,,False
2025,1159843,K Kartikeya,Rajasthan Royals,3000000.0,0.3,2024,,,,,,,,,,,,,,,,,,,,,,,,,,,,,,,,,,,,,False
2025,1339031,KS Rathore,Rajasthan Royals,3000000.0,0.3,2024,,,,,,,,,,,,,,,,,,,,,,,,,,,,,,,,,,,,,False
2025,1294342,KT Maphaka,Rajasthan Royals,15000000.0,1.5,2024,Kwena Tshegofatso Maphaka,"April 08, 2006, Johannesburg,",20y 90d,South Africa,Bowler,2024 - 2026,IPL 2024,MI,2.0,-,-,-,-,-,-,-,-,-,-,-,0.0,0.0,1,14.83,36,1/23,1/23,89.00,36.0,0,0,0,"August 23, 2024","March 01, 2026","December 19, 2024","August 24, 2025",True
2025,1138316,M Theekshana,Rajasthan Royals,44000000.0,4.4,2024,Morawakage Maheesh Theekshana,"August 01, 2000, Colombo",25y 332d,Sri Lanka,Bowler,2021 - 2026,IPL 2024,CSK,5.0,-,-,-,-,-,-,-,-,-,-,-,1.0,0.0,2,7.20,120,1/27,1/27,72.00,60.0,0,0,0,"September 10, 2021","June 14, 2026","September 07, 2021","June 06, 2026",True
2025,604527,N Rana,Rajasthan Royals,42000000.0,4.2,2024,Nitish Rana,"December 27, 1993, Delhi",32y 189d,India,Middle order Batter,2021 - 2021,IPL 2024,KKR,2.0,2,0,42,33,21.00,34,123.52,0,0,5,1,0.0,0.0,-,-,-,-,-,-,-,-,-,-,"July 28, 2021","July 29, 2021","July 23, 2021","July 28, 2021",True
2025,784379,PW Hasaranga,Rajasthan Royals,52500000.0,5.25,2024,,,,,,,,,,,,,,,,,,,,,,,,,,,,,,,,,,,,,False
2025,1079434,R Parag,Rajasthan Royals,140000000.0,14.0,2024,Riyan Parag,"November 10, 2001, Guwahati, Assam",24y 239d,India,Top order Batter,2024 - 2024,IPL 2024,RR,16.0,14,3,573,84*,52.09,384,149.21,0,4,40,33,7.0,0.0,0,9.00,18,-,-,-,-,0,0,0,"July 06, 2024","October 12, 2024","August 07, 2024","July 06, 2024",True
2025,1252585,SB Dubey,Rajasthan Royals,8000000.0,0.8,2024,Shubham Badriprasad Dubey,"August 27, 1994, Yavatmal",31y 314d,India,Middle order Batter,-,IPL 2024,RR,4.0,3,1,33,25,16.50,19,173.68,0,0,3,2,0.0,0.0,-,-,-,-,-,-,-,-,-,-,,,,,True
2025,670025,SO Hetmyer,Rajasthan Royals,110000000.0,11.0,2024,Shimron Odilon Hetmyer,"December 26, 1996, Cumberland, Berbice, Guyana",29y 193d,West Indies,Middle order Batter,2017 - 2026,IPL 2024,RR,12.0,9,4,113,27*,22.60,69,163.76,0,0,9,7,4.0,0.0,-,-,-,-,-,-,-,-,-,-,"January 01, 2018","June 14, 2026","December 20, 2017","June 01, 2025",True
2025,425943,SV Samson,Rajasthan Royals,180000000.0,18.0,2024,Sanju Viswanath Samson,"November 11, 1994, Pulluvila, Vizhinjam, Trivandrum",31y 230d,India,Wicketkeeper Batter,2014 - 2026,IPL 2024,RR,16.0,15,4,531,86,48.27,346,153.46,0,5,48,24,6.0,1.0,-,-,-,-,-,-,-,-,-,-,"July 19, 2015","June 28, 2026","July 23, 2021","December 21, 2023",True
2025,438362,Sandeep Sharma,Rajasthan Royals,40000000.0,4.0,2024,Sandeep Sharma,"May 18, 1993, Patiala, Punjab",33y 48d,India,Bowler,2015 - 2015,IPL 2024,RR,11.0,-,-,-,-,-,-,-,-,-,-,-,3.0,0.0,13,8.18,228,5/18,5/18,23.92,17.5,0,1,0,"July 17, 2015","July 19, 2015",,,True
2025,822553,TU Deshpande,Rajasthan Royals,65000000.0,6.5,2024,Tushar Uday Deshpande,"May 15, 1995, Mumbai",31y 45d,India,Bowler,2024 - 2024,IPL 2024,CSK,13.0,1,1,0,0*,-,1,0.00,0,0,0,0,2.0,0.0,17,8.83,288,4/27,4/27,24.94,16.9,1,0,0,"July 13, 2024","July 14, 2024",,,True
2025,1408688,V Sooryavanshi,Rajasthan Royals,11000000.0,1.1,2024,,,,,,,,,,,,,,,,,,,,,,,,,,,,,,,,,,,,,False
2025,1151278,YBK Jaiswal,Rajasthan Royals,180000000.0,18.0,2024,Yashasvi Bhupendra Kumar Jaiswal,"December 28, 2001, Suriyawan, Bhadohi, Uttar Pradesh",24y 191d,India,Opening Batter,2023 - 2026,IPL 2024,RR,16.0,15,1,435,104*,31.07,279,155.91,1,1,54,16,4.0,0.0,-,-,-,-,-,-,-,-,-,-,"August 08, 2023","July 30, 2024","February 06, 2025","June 20, 2026",True
2025,1206052,Yudhvir Singh,Rajasthan Royals,3500000.0,0.35,2024,Yudhvir Singh Charak,"September 13, 1997, Jammu",28y 295d,India,Bowler,-,IPL 2024,LSG,2.0,2,0,21,14,10.50,14,150.00,0,0,1,2,0.0,0.0,1,13.00,24,1/24,1/24,52.00,24.0,0,0,0,,,,,True
2025,1449085,Abhinandan Singh,Royal Challengers Bengaluru,3000000.0,0.3,2024,,,,,,,,,,,,,,,,,,,,,,,,,,,,,,,,,,,,,False
2025,326016,B Kumar,Royal Challengers Bengaluru,107500000.0,10.75,2024,Bhuvneshwar Kumar Singh,"February 05, 1990, Meerut, Uttar Pradesh",36y 150d,India,Bowler,2012 - 2022,IPL 2024,SRH,16.0,5,2,23,13,7.66,29,79.31,0,0,3,0,1.0,0.0,11,9.35,342,3/41,3/41,48.45,31.0,0,0,0,"December 25, 2012","November 22, 2022","December 30, 2012","January 21, 2022",True
2025,1119026,D Padikkal,Royal Challengers Bengaluru,20000000.0,2.0,2024,Devdutt Padikkal,"July 07, 2000, Edapal, Kerala",25y 363d,India,Top order Batter,2021 - 2024,IPL 2024,LSG,7.0,7,0,38,13,5.42,53,71.69,0,0,3,0,3.0,0.0,-,-,-,-,-,-,-,-,-,-,"July 28, 2021","July 29, 2021",,,True
2025,1194959,JG Bethell,Royal Challengers Bengaluru,26000000.0,2.6,2024,,,,,,,,,,,,,,,,,,,,,,,,,,,,,,,,,,,,,False
2025,721867,JM Sharma,Royal Challengers Bengaluru,110000000.0,11.0,2024,Jitesh Mohan Sharma,"October 22, 1993, Amrawati, Maharashtra",32y 256d,India,Wicketkeeper Batter,2023 - 2025,IPL 2024,PBKS,14.0,12,1,187,32*,17.00,142,131.69,0,0,9,12,13.0,0.0,-,-,-,-,-,-,-,-,-,-,"October 03, 2023","December 19, 2025",,,True
2025,288284,JR Hazlewood,Royal Challengers Bengaluru,125000000.0,12.5,2024,,,,,,,,,,,,,,,,,,,,,,,,,,,,,,,,,,,,,False
2025,471342,KH Pandya,Royal Challengers Bengaluru,57500000.0,5.75,2024,Krunal Himanshu Pandya,"March 24, 1991, Ahmedabad, Gujarat",35y 103d,India,Allrounder,2018 - 2021,IPL 2024,LSG,14.0,12,8,133,43*,33.25,105,126.66,0,0,8,5,3.0,0.0,6,7.72,198,3/11,3/11,42.50,33.0,0,0,0,"November 04, 2018","July 25, 2021","March 23, 2021","July 20, 2021",True
2025,542023,L Ngidi,Royal Challengers Bengaluru,10000000.0,1.0,2024,,,,,,,,,,,,,,,,,,,,,,,,,,,,,,,,,,,,,False
2025,403902,LS Livingstone,Royal Challengers Bengaluru,87500000.0,8.75,2024,Liam Stephen Livingstone,"August 04, 1993, Barrow-in-Furness, Cumberland",32y 335d,England,Batting Allrounder,2017 - 2025,IPL 2024,PBKS,7.0,7,2,111,38*,22.20,78,142.30,0,0,8,7,1.0,0.0,3,7.00,72,2/19,2/19,28.00,24.0,0,0,0,"June 23, 2017","February 02, 2025","March 26, 2021","March 01, 2025",True
2025,1057399,MS Bhandage,Royal Challengers Bengaluru,3000000.0,0.3,2024,,,,,,,,,,,,,,,,,,,,,,,,,,,,,,,,,,,,,False
2025,1349361,Mohit Rathee,Royal Challengers Bengaluru,3000000.0,0.3,2024,,,,,,,,,,,,,,,,,,,,,,,,,,,,,,,,,,,,,False
2025,955235,N Thushara,Royal Challengers Bengaluru,16000000.0,1.6,2024,Ilandari Dewage Nuwan Thushara,"August 06, 1994, Thalawa",31y 335d,Sri Lanka,Bowler,2022 - 2026,IPL 2024,MI,7.0,-,-,-,-,-,-,-,-,-,-,-,1.0,0.0,8,9.88,156,3/28,3/28,32.12,19.5,0,0,0,"February 13, 2022","January 07, 2026",,,True
2025,669365,PD Salt,Royal Challengers Bengaluru,115000000.0,11.5,2024,Philip Dean Salt,"August 28, 1996, Bodelwyddan, North Wales",29y 310d,England,Wicketkeeper Batter,2021 - 2026,IPL 2024,KKR,12.0,12,1,435,89*,39.54,239,182.00,0,4,50,24,12.0,0.0,-,-,-,-,-,-,-,-,-,-,"January 26, 2022","July 01, 2026","July 08, 2021","March 01, 2025",True
2025,677077,R Shepherd,Royal Challengers Bengaluru,15000000.0,1.5,2024,Romario Shepherd,"November 26, 1994, Guyana",31y 221d,West Indies,Bowling Allrounder,2019 - 2026,IPL 2024,MI,6.0,5,3,57,39*,28.50,21,271.42,0,0,5,5,0.0,0.0,1,13.25,72,1/54,1/54,159.00,72.0,0,0,0,"January 18, 2020","June 13, 2026","November 06, 2019","November 19, 2025",True
2025,823703,RM Patidar,Royal Challengers Bengaluru,110000000.0,11.0,2024,Rajat Manohar Patidar,"June 01, 1993, Indore, Madhya Pradesh",33y 36d,India,Top order Batter,2023 - 2024,IPL 2024,RCB,15.0,13,0,395,55,30.38,223,177.13,0,5,21,33,3.0,0.0,-,-,-,-,-,-,-,-,-,-,,,"India vs England  at Visakhapatnam - February 02 - 05, 2024","India vs England  at Ranchi - February 23 - 26, 2024",True
2025,1161489,Rasikh Salam,Royal Challengers Bengaluru,60000000.0,6.0,2024,Rasikh Salam Dar,"April 05, 2000",26y 90d,India,Bowler,-,IPL 2024,DC,8.0,4,0,28,10,7.00,30,93.33,0,0,4,0,1.0,0.0,9,10.97,147,3/34,3/34,29.88,16.3,0,0,0,,,,,True
2025,1403198,SS Chikara,Royal Challengers Bengaluru,3000000.0,0.3,2024,,,,,,,,,,,,,,,,,,,,,,,,,,,,,,,,,,,,,False
2025,1350792,Suyash Sharma,Royal Challengers Bengaluru,26000000.0,2.6,2024,Suyash Sharma,"May 15, 2003",23y 51d,India,Bowler,-,IPL 2024,KKR,2.0,-,-,-,-,-,-,-,-,-,-,-,1.0,0.0,0,12.75,24,-,-,-,-,0,0,0,,,,,True
2025,232292,Swapnil Singh,Royal Challengers Bengaluru,5000000.0,0.5,2024,Swapnil Singh,"January 22, 1991, Rae Bareilly, Uttar Pradesh",35y 164d,India,Bowler,-,IPL 2024,RCB,7.0,5,3,37,15*,18.50,21,176.19,0,0,3,3,2.0,0.0,6,8.86,90,2/28,2/28,22.16,15.0,0,0,0,,,,,True
2025,892749,TH David,Royal Challengers Bengaluru,30000000.0,3.0,2024,Timothy Hays David,"March 16, 1996, Singapore",30y 112d,Australia,Middle order Batter,2019 - 2026,IPL 2024,MI,13.0,11,3,241,45*,30.12,152,158.55,0,0,14,15,6.0,0.0,-,-,-,-,-,-,-,-,-,-,"July 22, 2019","June 21, 2026","September 09, 2023","September 17, 2023",True
2025,253802,V Kohli,Royal Challengers Bengaluru,210000000.0,21.0,2024,Virat Kohli,"November 05, 1988, Delhi",37y 244d,India,Top order Batter,2008 - 2026,IPL 2024,RCB,15.0,15,3,741,113*,61.75,479,154.69,1,5,62,38,8.0,0.0,-,-,-,-,-,-,-,-,-,-,"June 12, 2010","June 29, 2024","August 18, 2008","January 18, 2026",True
2025,1159720,Yash Dayal,Royal Challengers Bengaluru,50000000.0,5.0,2024,Yash Dayal,"December 13, 1997, Allahabad, Uttar Pradesh",28y 203d,India,Bowler,-,IPL 2024,RCB,14.0,-,-,-,-,-,-,-,-,-,-,-,3.0,0.0,15,9.14,301,3/20,3/20,30.60,20.0,0,0,0,,,,,True
2025,778963,A Manohar,Sunrisers Hyderabad,32000000.0,3.2,2024,Abhinav Manohar,"September 16, 1994, Bangalore, Karnataka",31y 291d,India,Batting Allrounder,-,IPL 2024,GT,2.0,2,0,9,8,4.50,16,56.25,0,0,1,0,1.0,0.0,-,-,-,-,-,-,-,-,-,-,,,,,True
2025,1125958,A Taide,Sunrisers Hyderabad,3000000.0,0.3,2024,Atharva Taide,"April 26, 2000, Akola Maharashtra",26y 70d,India,Batting Allrounder,-,IPL 2024,PBKS,2.0,2,0,61,46,30.50,39,156.41,0,0,7,2,0.0,0.0,0,24.00,1,-,-,-,-,0,0,0,,,,,True
2025,379504,A Zampa,Sunrisers Hyderabad,24000000.0,2.4,2024,,,,,,,,,,,,,,,,,,,,,,,,,,,,,,,,,,,,,False
2025,1409976,AU Verma,Sunrisers Hyderabad,3000000.0,0.3,2024,,,,,,,,,,,,,,,,,,,,,,,,,,,,,,,,,,,,,False
2025,1070183,Abhishek Sharma,Sunrisers Hyderabad,140000000.0,14.0,2024,Abhishek Sharma,"September 04, 2000, Amritsar, Punjab",25y 306d,India,Batting Allrounder,2024 - 2026,IPL 2024,SRH,16.0,16,1,484,75*,32.26,237,204.21,0,3,36,42,7.0,0.0,2,7.28,42,2/24,2/24,25.50,21.0,0,0,0,"July 06, 2024","July 04, 2026",,,True
2025,596417,BA Carse,Sunrisers Hyderabad,10000000.0,1.0,2024,,,,,,,,,,,,,,,,,,,,,,,,,,,,,,,,,,,,,False
2025,1306214,E Malinga,Sunrisers Hyderabad,12000000.0,1.2,2024,,,,,,,,,,,,,,,,,,,,,,,,,,,,,,,,,,,,,False
2025,436757,H Klaasen,Sunrisers Hyderabad,230000000.0,23.0,2024,Heinrich Klaasen,"July 30, 1991, Pretoria, Transvaal",34y 342d,South Africa,Wicketkeeper Batter,2018 - 2025,IPL 2024,SRH,16.0,15,3,479,80*,39.91,280,171.07,0,4,19,38,8.0,2.0,-,-,-,-,-,-,-,-,-,-,"February 18, 2018","December 13, 2024","February 07, 2018","March 05, 2025",True
2025,390481,HV Patel,Sunrisers Hyderabad,80000000.0,8.0,2024,Harshal Vikram Patel,"November 23, 1990, Sanand, Gujarat",35y 223d,India,Bowling Allrounder,2021 - 2023,IPL 2024,PBKS,14.0,4,1,13,12,4.33,19,68.42,0,0,1,1,5.0,0.0,24,9.73,294,3/15,3/15,19.87,12.2,0,0,0,"November 19, 2021","January 03, 2023",,,True
2025,720471,Ishan Kishan,Sunrisers Hyderabad,112500000.0,11.25,2024,Ishan Pranav Kumar Pandey Kishan,"July 18, 1998, Patna, Bihar",27y 351d,India,Wicketkeeper Batter,2021 - 2026,IPL 2024,MI,14.0,14,0,320,69,22.85,215,148.83,0,1,35,16,9.0,0.0,-,-,-,-,-,-,-,-,-,-,"March 14, 2021","July 01, 2026","July 18, 2021","June 20, 2026",True
2025,390484,JD Unadkat,Sunrisers Hyderabad,10000000.0,1.0,2024,Jaydev Dipakbhai Unadkat,"October 18, 1991, Porbandar",34y 259d,India,Bowler,2010 - 2023,IPL 2024,SRH,11.0,5,2,24,8*,8.00,26,92.30,0,0,2,1,0.0,0.0,8,10.23,187,3/30,3/30,39.87,23.3,0,0,0,"June 18, 2016","March 18, 2018","July 24, 2013","August 01, 2023",True
2025,1175496,K Nitish Kumar Reddy,Sunrisers Hyderabad,60000000.0,6.0,2024,Kaki Nitish Kumar Reddy,"May 26, 2003, Visakhapatnam, Andhra Pradesh",23y 42d,India,Batting Allrounder,2024 - 2026,IPL 2024,SRH,13.0,11,2,303,76*,33.66,212,142.92,0,2,15,21,5.0,0.0,3,11.62,79,2/17,2/17,51.00,26.3,0,0,0,"October 06, 2024","January 22, 2025","October 19, 2025","June 20, 2026",True
2025,481896,Mohammed Shami,Sunrisers Hyderabad,100000000.0,10.0,2024,,,,,,,,,,,,,,,,,,,,,,,,,,,,,,,,,,,,,False
2025,784373,PHKD Mendis,Sunrisers Hyderabad,7500000.0,0.75,2024,,,,,,,,,,,,,,,,,,,,,,,,,,,,,,,,,,,,,False
2025,489889,PJ Cummins,Sunrisers Hyderabad,180000000.0,18.0,2024,Patrick James Cummins,"May 08, 1993, Westmead, Sydney",33y 58d,Australia,Bowler,2011 - 2025,IPL 2024,SRH,16.0,10,4,136,35*,22.66,95,143.15,0,0,9,8,7.0,0.0,18,9.27,366,3/43,3/43,31.44,20.3,0,0,0,"October 13, 2011","June 24, 2024","October 19, 2011","November 08, 2024",True
2025,1064812,RD Chahar,Sunrisers Hyderabad,32000000.0,3.2,2024,Rahul Desraj Chahar,"August 04, 1999, Bharaatpur, Rajasthan",26y 329d,India,Bowler,2019 - 2021,IPL 2024,PBKS,9.0,2,1,21,16,21.00,15,140.00,0,0,3,1,3.0,0.0,10,9.00,186,3/23,3/23,27.90,18.6,0,0,0,"August 06, 2019","November 08, 2021","July 23, 2021","August 06, 2019",True
2025,432783,Sachin Baby,Sunrisers Hyderabad,3000000.0,0.3,2024,,,,,,,,,,,,,,,,,,,,,,,,,,,,,,,,,,,,,False
2025,1159722,Simarjeet Singh,Sunrisers Hyderabad,15000000.0,1.5,2024,Simarjeet Singh,"January 17, 1998, Delhi",28y 163d,India,Bowler,-,IPL 2024,CSK,4.0,-,-,-,-,-,-,-,-,-,-,-,2.0,0.0,5,10.08,72,3/26,3/26,24.20,14.4,0,0,0,,,,,True
2025,530011,TM Head,Sunrisers Hyderabad,140000000.0,14.0,2024,Travis Michael Head,"December 29, 1993, Adelaide, South Australia",32y 190d,Australia,Middle order Batter,2016 - 2026,IPL 2024,SRH,15.0,15,1,567,102,40.50,296,191.55,1,4,64,32,0.0,0.0,0,19.20,10,-,-,-,-,0,0,0,"January 26, 2016","February 20, 2026","June 13, 2016","October 25, 2025",True
2025,942371,Zeeshan Ansari,Sunrisers Hyderabad,4000000.0,0.4,2024,,,,,,,,,,,,,,,,,,,,,,,,,,,,,,,,,,,,,False
2026,1175428,A Kamboj,Chennai Super Kings,34000000.0,3.4,2025,Anshul Kamboj,"December 06, 2000, Karnal, Haryana",25y 205d,India,Bowling Allrounder,2025 - 2025,IPL 2025,CSK,8.0,5,3,14,5*,7.00,12,116.66,0,0,2,0,1.0,0.0,8,8.00,129,3/13,3/13,21.50,16.1,0,0,0,,,,,True
2026,1452455,A Mhatre,Chennai Super Kings,3000000.0,0.3,2025,Ayush Mhatre,"July 16, 2007",18y 348d,India,Top order Batter,-,IPL 2025,CSK,7.0,7,0,240,94,34.28,127,188.97,0,1,31,11,4.0,0.0,-,-,-,-,-,-,-,-,-,-,,,,,True
2026,530812,AJ Hosein,Chennai Super Kings,20000000.0,2.0,2025,,,,,,,,,,,,,,,,,,,,,,,,,,,,,,,,,,,,,False
2026,1254269,Aman Hakim Khan,Chennai Super Kings,4000000.0,0.4,2025,,,,,,,,,,,,,,,,,,,,,,,,,,,,,,,,,,,,,False
2026,1070665,D Brevis,Chennai Super Kings,22000000.0,2.2,2025,Dewald Brevis,"April 29, 2003, Johannesburg",23y 61d,South Africa,Middle order Batter,2023 - 2026,IPL 2025,CSK,6.0,6,0,225,57,37.50,125,180.00,0,2,13,17,6.0,0.0,-,-,-,-,-,-,-,-,-,-,"August 30, 2023","March 04, 2026","August 19, 2025","December 06, 2025",True
2026,1269869,Gurjapneet Singh,Chennai Super Kings,22000000.0,2.2,2025,,,,,,,,,,,,,,,,,,,,,,,,,,,,,,,,,,,,,False
2026,510530,J Overton,Chennai Super Kings,15000000.0,1.5,2025,Jamie Overton,"April 10, 1994, Barnstaple, Devon",32y 80d,England,Bowling Allrounder,2013 - 2026,IPL 2025,CSK,3.0,2,2,15,11*,-,7,214.28,0,0,1,1,0.0,0.0,0,13.83,36,-,-,-,-,0,0,0,"September 11, 2024","March 05, 2026","October 31, 2024","January 27, 2026",True
2026,942645,KK Ahmed,Chennai Super Kings,48000000.0,4.8,2025,Khaleel Khursheed Ahmed,"December 05, 1997, Tonk, Rajasthan",28y 214d,India,Bowler,2018 - 2024,IPL 2025,CSK,14.0,2,2,1,1*,-,2,50.00,0,0,0,0,1.0,0.0,15,9.57,280,3/29,3/29,29.80,18.6,0,0,0,"November 04, 2018","July 30, 2024","September 18, 2018","August 14, 2019",True
2026,1459392,Kartik Sharma,Chennai Super Kings,142000000.0,14.2,2025,,,,,,,,,,,,,,,,,,,,,,,,,,,,,,,,,,,,,False
2026,506612,MJ Henry,Chennai Super Kings,20000000.0,2.0,2025,,,,,,,,,,,,,,,,,,,,,,,,,,,,,,,,,,,,,False
2026,28081,MS Dhoni,Chennai Super Kings,40000000.0,4.0,2025,Mahendra Singh Dhoni,"July 07, 1981, Ranchi, Bihar (now Jharkhand)",44y 357d,India,Wicketkeeper Batter,2004 - 2019,IPL 2025,CSK,14.0,13,5,196,30*,24.50,145,135.17,0,0,12,12,6.0,5.0,-,-,-,-,-,-,-,-,-,-,"December 01, 2006","February 27, 2019","December 23, 2004","India
                              vs New Zealand at Manchester - July 09 - 10, 2019",True
2026,605575,MW Short,Chennai Super Kings,15000000.0,1.5,2025,,,,,,,,,,,,,,,,,,,,,,,,,,,,,,,,,,,,,False
2026,1125688,Mukesh Choudhary,Chennai Super Kings,3000000.0,0.3,2025,Mukesh Choudhary,"July 06, 1996, Pardodas, Bhilwara, Rajasthan",29y 358d,India,Bowler,-,IPL 2025,CSK,2.0,-,-,-,-,-,-,-,-,-,-,-,0.0,0.0,1,11.83,36,1/21,1/21,71.00,36.0,0,0,0,,,,,True
2026,826915,NT Ellis,Chennai Super Kings,20000000.0,2.0,2025,Nathan Ellis,"September 22, 1994, Greenacre, New South Wales",31y 280d,Australia,Bowler,2021 - 2026,IPL 2025,CSK,1.0,-,-,-,-,-,-,-,-,-,-,-,0.0,0.0,1,9.50,24,1/38,1/38,38.00,24.0,0,0,0,"August 06, 2021","June 21, 2026","March 29, 2022","June 11, 2026",True
2026,1182529,Noor Ahmad,Chennai Super Kings,100000000.0,10.0,2025,Noor Ahmad Lakanwal,"January 03, 2005, Khost",21y 177d,Afghanistan,Bowler,2022 - 2026,IPL 2025,CSK,14.0,6,2,7,2*,1.75,17,41.17,0,0,0,0,2.0,0.0,24,8.16,300,4/18,4/18,17.00,12.5,2,0,0,"June 14, 2022","February 16, 2026","November 30, 2022","February 28, 2025",True
2026,1403197,PR Veer,Chennai Super Kings,142000000.0,14.2,2025,,,,,,,,,,,,,,,,,,,,,,,,,,,,,,,,,,,,,False
2026,1064812,RD Chahar,Chennai Super Kings,52000000.0,5.2,2025,Rahul Desraj Chahar,"August 04, 1999, Bharaatpur, Rajasthan",26y 329d,India,Bowler,2019 - 2021,IPL 2025,SRH,1.0,-,-,-,-,-,-,-,-,-,-,-,0.0,0.0,0,9.00,6,-,-,-,-,0,0,0,"August 06, 2019","November 08, 2021","July 23, 2021","August 06, 2019",True
2026,1060380,RD Gaikwad,Chennai Super Kings,180000000.0,18.0,2025,Ruturaj Dashrat Gaikwad,"January 31, 1997, Pune, Maharashtra",29y 149d,India,Batter,2021 - 2025,IPL 2025,CSK,5.0,5,0,122,63,24.40,81,150.61,0,2,14,4,3.0,0.0,-,-,-,-,-,-,-,-,-,-,"July 28, 2021","July 13, 2024","October 06, 2022","December 06, 2025",True
2026,1339053,RS Ghosh,Chennai Super Kings,3000000.0,0.3,2025,,,,,,,,,,,,,,,,,,,,,,,,,,,,,,,,,,,,,False
2026,714451,S Dube,Chennai Super Kings,120000000.0,12.0,2025,Shivam Dube,"June 26, 1993, Mumbai",33y 3d,India,Allrounder,2019 - 2026,IPL 2025,CSK,14.0,14,3,357,50,32.45,270,132.22,0,1,22,21,4.0,0.0,0,16.50,12,-,-,-,-,0,0,0,"November 03, 2019","June 28, 2026","December 15, 2019","August 07, 2024",True
2026,344580,S Gopal,Chennai Super Kings,3000000.0,0.3,2025,,,,,,,,,,,,,,,,,,,,,,,,,,,,,,,,,,,,,False
2026,642525,SN Khan,Chennai Super Kings,7500000.0,0.75,2025,,,,,,,,,,,,,,,,,,,,,,,,,,,,,,,,,,,,,False
2026,425943,SV Samson,Chennai Super Kings,180000000.0,18.0,2025,Sanju Viswanath Samson,"November 11, 1994, Pulluvila, Vizhinjam, Trivandrum",31y 230d,India,Wicketkeeper Batter,2014 - 2026,IPL 2025,RR,9.0,9,1,285,66,35.62,203,140.39,0,1,27,13,4.0,1.0,-,-,-,-,-,-,-,-,-,-,"July 19, 2015","June 28, 2026","July 23, 2021","December 21, 2023",True
2026,1131570,UM Patel,Chennai Super Kings,3000000.0,0.3,2025,Urvil Mukesh Patel,"October 17, 1998, Mehsana",27y 255d,India,Wicketkeeper Batter,-,IPL 2025,CSK,3.0,3,0,68,37,22.66,32,212.50,0,0,5,6,2.0,0.0,-,-,-,-,-,-,-,-,-,-,,,,,True
2026,1202098,ZG Foulkes,Chennai Super Kings,7500000.0,0.75,2025,,,,,,,,,,,,,,,,,,,,,,,,,,,,,,,,,,,,,False
2026,1059570,AJ Mandal,Delhi Capitals,3000000.0,0.3,2025,,,,,,,,,,,,,,,,,,,,,,,,,,,,,,,,,,,,,False
2026,554691,AR Patel,Delhi Capitals,165000000.0,16.5,2025,Axar Rajeshbhai Patel,"January 20, 1994, Anand, Gujarat",32y 165d,India,Allrounder,2014 - 2026,IPL 2025,DC,12.0,11,1,263,43,26.30,167,157.48,0,0,23,15,4.0,0.0,5,8.47,204,2/19,2/19,57.60,40.8,0,0,0,"July 17, 2015","July 01, 2026","June 15, 2014","October 25, 2025",True
2026,1131978,AR Sharma,Delhi Capitals,38000000.0,3.8,2025,Ashutosh Rambabu Sharma,"September 15, 1998, Ratlam, Madhya Pradesh",27y 292d,India,Batting Allrounder,-,IPL 2025,DC,13.0,9,2,204,66*,29.14,127,160.62,0,1,14,13,2.0,0.0,-,-,-,-,-,-,-,-,-,-,,,,,True
2026,1277545,Abishek Porel,Delhi Capitals,40000000.0,4.0,2025,,,,,,,,,,,,,,,,,,,,,,,,,,,,,,,,,,,,,False
2026,1159732,Auqib Nabi,Delhi Capitals,84000000.0,8.4,2025,,,,,,,,,,,,,,,,,,,,,,,,,,,,,,,,,,,,,False
2026,521637,BM Duckett,Delhi Capitals,20000000.0,2.0,2025,,,,,,,,,,,,,,,,,,,,,,,,,,,,,,,,,,,,,False
2026,321777,DA Miller,Delhi Capitals,20000000.0,2.0,2025,David Andrew Miller,"June 10, 1989, Pietermaritzburg, Natal",37y 24d,South Africa,Middle order Batter,2010 - 2026,IPL 2025,LSG,11.0,11,6,153,27*,30.60,120,127.49,0,0,13,4,5.0,0.0,-,-,-,-,-,-,-,-,-,-,"May 20, 2010","March 04, 2026","May 22, 2010","March 05, 2025",True
2026,625960,KA Jamieson,Delhi Capitals,20000000.0,2.0,2025,Kyle Alex Jamieson,"December 30, 1994, Auckland",31y 187d,New Zealand,Bowler,2020 - 2026,IPL 2025,PBKS,4.0,2,2,0,0*,-,5,0.00,0,0,0,0,0.0,0.0,5,9.80,90,3/48,3/48,29.40,18.0,0,0,0,"November 27, 2020","March 25, 2026","February 08, 2020","January 18, 2026",True
2026,398439,KK Nair,Delhi Capitals,5000000.0,0.5,2025,Karun Nair,"December 06, 1991, Jodhpur, Rajasthan",34y 210d,India,Top order Batter,2016 - 2025,IPL 2025,DC,8.0,8,0,198,89,24.75,115,172.17,0,1,24,10,2.0,0.0,-,-,-,-,-,-,-,-,-,-,,,"June 11, 2016","June 13, 2016",True
2026,422108,KL Rahul,Delhi Capitals,140000000.0,14.0,2025,Kannaur Lokesh Rahul,"April 18, 1992, Bangalore, Karnataka",34y 77d,India,Wicketkeeper Batter,2014 - 2026,IPL 2025,DC,13.0,13,3,539,112*,53.90,360,149.72,1,3,52,21,3.0,0.0,-,-,-,-,-,-,-,-,-,-,"June 18, 2016","November 10, 2022","June 11, 2016","June 17, 2026",True
2026,559235,Kuldeep Yadav,Delhi Capitals,132500000.0,13.25,2025,Kuldeep Yadav,"December 14, 1994, Kanpur, Uttar Pradesh",31y 202d,India,Bowler,2014 - 2026,IPL 2025,DC,14.0,5,2,18,7,6.00,16,112.50,0,0,2,0,0.0,0.0,15,7.07,306,3/22,3/22,24.06,20.4,0,0,0,"July 09, 2017","February 15, 2026","June 23, 2017","June 17, 2026",True
2026,542023,L Ngidi,Delhi Capitals,20000000.0,2.0,2025,Lungisani True-man Ngidi,"March 29, 1996, Durban, Natal",30y 92d,South Africa,Bowler,2017 - 2026,IPL 2025,RCB,2.0,1,1,0,0*,-,2,0.00,0,0,0,0,0.0,0.0,4,10.12,48,3/30,3/30,20.25,12.0,0,0,0,"January 20, 2017","March 04, 2026","February 07, 2018","December 06, 2025",True
2026,1460385,M Tiwari,Delhi Capitals,4000000.0,0.4,2025,Madhav Tiwari,"September 28, 2003",22y 279d,India,Allrounder,-,IPL 2025,DC,1.0,1,0,3,3,3.00,4,75.00,0,0,0,0,1.0,0.0,-,-,-,-,-,-,-,-,-,-,,,,,True
2026,311592,MA Starc,Delhi Capitals,117500000.0,11.75,2025,Mitchell Aaron Starc,"January 30, 1990, Baulkham Hills, Sydney, New South Wales",36y 155d,Australia,Bowler,2010 - 2026,IPL 2025,DC,11.0,6,4,6,2*,3.00,10,60.00,0,0,0,0,7.0,0.0,14,10.16,216,5/35,5/35,26.14,15.4,0,1,0,"September 07, 2012","June 24, 2024","October 20, 2010","October 25, 2025",True
2026,926851,Mukesh Kumar,Delhi Capitals,80000000.0,8.0,2025,Mukesh Kumar,"October 12, 1993, Gopalganj, Bihar",32y 265d,India,Bowler,2023 - 2024,IPL 2025,DC,12.0,-,-,-,-,-,-,-,-,-,-,-,3.0,0.0,12,10.32,237,4/33,4/33,34.00,19.7,1,0,0,"August 03, 2023","July 14, 2024","July 27, 2023","December 21, 2023",True
2026,604527,N Rana,Delhi Capitals,42000000.0,4.2,2025,Nitish Rana,"December 27, 1993, Delhi",32y 189d,India,Middle order Batter,2021 - 2021,IPL 2025,RR,11.0,11,1,217,81,21.70,134,161.94,0,2,27,9,2.0,0.0,0,9.00,12,-,-,-,-,0,0,0,"July 28, 2021","July 29, 2021","July 23, 2021","July 28, 2021",True
2026,1028655,P Nissanka,Delhi Capitals,40000000.0,4.0,2025,,,,,,,,,,,,,,,,,,,,,,,,,,,,,,,,,,,,,False
2026,1070168,PP Shaw,Delhi Capitals,7500000.0,0.75,2025,,,,,,,,,,,,,,,,,,,,,,,,,,,,,,,,,,,,,False
2026,552152,PVD Chameera,Delhi Capitals,7500000.0,0.75,2025,Pathira Vasan Dushmantha Chameera,"January 11, 1992, Ragama",34y 175d,Sri Lanka,Bowler,2015 - 2026,IPL 2025,DC,6.0,3,3,10,8*,-,14,71.42,0,0,0,0,1.0,0.0,4,11.40,90,1/24,1/24,42.75,22.5,0,0,0,"November 09, 2015","June 14, 2026","January 29, 2015","June 06, 2026",True
2026,1451028,SU Parakh,Delhi Capitals,3000000.0,0.3,2025,,,,,,,,,,,,,,,,,,,,,,,,,,,,,,,,,,,,,False
2026,1175489,Sameer Rizvi,Delhi Capitals,9500000.0,0.95,2025,Sameer Rizvi,"December 06, 2003, Meerut, Uttar Pradesh",22y 205d,India,Allrounder,-,IPL 2025,DC,5.0,4,1,121,58*,40.33,79,153.16,0,1,11,7,2.0,0.0,-,-,-,-,-,-,-,-,-,-,,,,,True
2026,802575,T Natarajan,Delhi Capitals,107500000.0,10.75,2025,Thangarasu Natarajan,"April 04, 1991, Salem",35y 91d,India,Bowler,2020 - 2021,IPL 2025,DC,2.0,-,-,-,-,-,-,-,-,-,-,-,0.0,0.0,0,16.33,18,-,-,-,-,0,0,0,"December 04, 2020","March 20, 2021","December 02, 2020","March 28, 2021",True
2026,595978,T Stubbs,Delhi Capitals,100000000.0,10.0,2025,Tristan Stubbs,"August 14, 2000",25y 324d,South Africa,Wicketkeeper Batter,2022 - 2026,IPL 2025,DC,14.0,13,7,300,41*,50.00,199,150.75,0,0,25,11,10.0,1.0,0,20.00,12,-,-,-,-,0,0,0,"June 09, 2022","March 04, 2026","March 18, 2023","September 07, 2025",True
2026,1292527,T Vijay,Delhi Capitals,3000000.0,0.3,2025,,,,,,,,,,,,,,,,,,,,,,,,,,,,,,,,,,,,,False
2026,1449074,V Nigam,Delhi Capitals,5000000.0,0.5,2025,Vipraj Nigam,"July 28, 2004",21y 341d,India,Bowler,-,IPL 2025,DC,14.0,8,1,142,39,20.28,79,179.74,0,0,15,8,3.0,0.0,11,9.12,234,2/18,2/18,32.36,21.2,0,0,0,,,,,True
2026,1123073,Anuj Rawat,Gujarat Titans,3000000.0,0.3,2025,,,,,,,,,,,,,,,,,,,,,,,,,,,,,,,,,,,,,False
2026,1244751,Arshad Khan,Gujarat Titans,13000000.0,1.3,2025,Mohd Arshad Khan,"December 20, 1997, Gopalganj (Seoni)",28y 196d,India,Bowler,-,IPL 2025,GT,9.0,5,3,23,20,11.50,19,121.05,0,0,0,3,4.0,0.0,6,10.33,126,1/7,1/7,36.16,21.0,0,0,0,,,,,True
2026,1299879,Ashok Sharma,Gujarat Titans,9000000.0,0.9,2025,,,,,,,,,,,,,,,,,,,,,,,,,,,,,,,,,,,,,False
2026,1151288,B Sai Sudharsan,Gujarat Titans,85000000.0,8.5,2025,Bhardwaj Sai Sudharsan,"October 15, 2001, Chennai",24y 262d,India,Top order Batter,2023 - 2026,IPL 2025,GT,15.0,15,1,759,108*,54.21,486,156.17,1,6,88,21,7.0,0.0,-,-,-,-,-,-,-,-,-,-,"England vs India  at Leeds - June 20 - 24, 2025","India vs Afghanistan  at New Chandigarh - June 06 - 08, 2026","December 17, 2023","December 21, 2023",True
2026,823509,GD Phillips,Gujarat Titans,20000000.0,2.0,2025,,,,,,,,,,,,,,,,,,,,,,,,,,,,,,,,,,,,,False
2026,1287033,Gurnoor Brar,Gujarat Titans,13000000.0,1.3,2025,,,,,,,,,,,,,,,,,,,,,,,,,,,,,,,,,,,,,False
2026,236779,I Sharma,Gujarat Titans,7500000.0,0.75,2025,Ishant Sharma,"September 02, 1988, Delhi",37y 305d,India,Bowler,2007 - 2021,IPL 2025,GT,7.0,-,-,-,-,-,-,-,-,-,-,-,2.0,0.0,4,11.18,110,1/18,1/18,51.25,27.5,0,0,0,"February 01, 2008","October 10, 2013","June 29, 2007","January 23, 2016",True
2026,447587,J Yadav,Gujarat Titans,7500000.0,0.75,2025,,,,,,,,,,,,,,,,,,,,,,,,,,,,,,,,,,,,,False
2026,308967,JC Buttler,Gujarat Titans,157500000.0,15.75,2025,Joseph Charles Buttler,"September 08, 1990, Taunton, Somerset",35y 299d,England,Wicketkeeper Batter,2011 - 2026,IPL 2025,GT,14.0,13,4,538,97*,59.77,330,163.03,0,5,52,24,8.0,2.0,-,-,-,-,-,-,-,-,-,-,"August 31, 2011","July 01, 2026","February 21, 2012","January 27, 2026",True
2026,391485,JO Holder,Gujarat Titans,70000000.0,7.0,2025,,,,,,,,,,,,,,,,,,,,,,,,,,,,,,,,,,,,,False
2026,1207295,K Kushagra,Gujarat Titans,6500000.0,0.65,2025,,,,,,,,,,,,,,,,,,,,,,,,,,,,,,,,,,,,,False
2026,550215,K Rabada,Gujarat Titans,107500000.0,10.75,2025,Kagiso Rabada,"May 25, 1995, Johannesburg",31y 40d,South Africa,Bowler,2014 - 2026,IPL 2025,GT,4.0,2,1,9,7*,9.00,8,112.50,0,0,0,1,0.0,0.0,2,11.57,84,1/41,1/41,81.00,42.0,0,0,0,"November 05, 2014","March 04, 2026","July 10, 2015","March 05, 2025",True
2026,573170,L Wood,Gujarat Titans,7500000.0,0.75,2025,,,,,,,,,,,,,,,,,,,,,,,,,,,,,,,,,,,,,False
2026,917159,M Prasidh Krishna,Gujarat Titans,95000000.0,9.5,2025,Muralikrishna Prasidh Krishna,"February 19, 1996, Bangalore, Karnataka",30y 135d,India,Bowler,2021 - 2026,IPL 2025,GT,15.0,-,-,-,-,-,-,-,-,-,-,-,5.0,0.0,25,8.27,354,4/41,4/41,19.52,14.1,1,0,0,"August 18, 2023","June 26, 2026","March 23, 2021","June 20, 2026",True
2026,719719,M Shahrukh Khan,Gujarat Titans,40000000.0,4.0,2025,Masood Shahrukh Khan,"May 27, 1995, Chennai, Tamil Nadu",31y 38d,India,Batter,-,IPL 2025,GT,15.0,11,5,179,57,29.83,100,179.00,0,1,11,13,5.0,0.0,1,13.00,6,1/13,1/13,13.00,6.0,0,0,0,,,,,True
2026,1175426,MJ Suthar,Gujarat Titans,3000000.0,0.3,2025,,,,,,,,,,,,,,,,,,,,,,,,,,,,,,,,,,,,,False
2026,940973,Mohammed Siraj,Gujarat Titans,122500000.0,12.25,2025,Mohammed Siraj,"March 13, 1994, Hyderabad",32y 113d,India,Bowler,2017 - 2026,IPL 2025,GT,15.0,1,1,3,3*,-,4,75.00,0,0,0,0,5.0,0.0,16,9.24,342,4/17,4/17,32.93,21.3,1,0,0,"November 04, 2017","February 07, 2026","January 15, 2019","January 18, 2026",True
2026,1292506,N Sindhu,Gujarat Titans,3000000.0,0.3,2025,,,,,,,,,,,,,,,,,,,,,,,,,,,,,,,,,,,,,False
2026,1048739,R Sai Kishore,Gujarat Titans,20000000.0,2.0,2025,Ravisrinivasan Sai Kishore,"November 06, 1996, Chennai, Tamil Nadu",29y 240d,India,Bowler,2023 - 2023,IPL 2025,GT,15.0,3,0,5,3,1.66,10,50.00,0,0,0,0,5.0,0.0,19,9.24,255,3/30,3/30,20.68,13.4,0,0,0,"October 03, 2023","October 07, 2023",,,True
2026,423838,R Tewatia,Gujarat Titans,40000000.0,4.0,2025,Rahul Tewatia,"May 20, 1993, Sihi, Haryana",33y 45d,India,Bowling Allrounder,-,IPL 2025,GT,15.0,12,4,99,24*,12.37,59,167.79,0,0,6,7,4.0,0.0,-,-,-,-,-,-,-,-,-,-,,,,,True
2026,793463,Rashid Khan,Gujarat Titans,180000000.0,18.0,2025,Rashid Khan Arman,"September 20, 1998, Nangarhar",27y 287d,Afghanistan,Bowling Allrounder,2015 - 2026,IPL 2025,GT,15.0,8,3,40,12,8.00,28,142.85,0,0,2,3,6.0,0.0,9,9.34,330,2/25,2/25,57.11,36.6,0,0,0,"October 26, 2015","February 19, 2026","October 18, 2015","June 20, 2026",True
2026,1070173,Shubman Gill,Gujarat Titans,165000000.0,16.5,2025,Shubman Gill,"September 08, 1999, Fazilka, Punjab",26y 299d,India,Top order Batter,2019 - 2026,IPL 2025,GT,15.0,15,2,650,93*,50.00,417,155.87,0,6,62,24,8.0,0.0,-,-,-,-,-,-,-,-,-,-,"January 03, 2023","December 14, 2025","January 31, 2019","June 20, 2026",True
2026,877051,T Banton,Gujarat Titans,20000000.0,2.0,2025,,,,,,,,,,,,,,,,,,,,,,,,,,,,,,,,,,,,,False
2026,719715,Washington Sundar,Gujarat Titans,32000000.0,3.2,2025,Washington Sundar,"October 05, 1999, Chennai, Tamil Nadu",26y 272d,India,Bowling Allrounder,2017 - 2026,IPL 2025,GT,6.0,5,0,133,49,26.60,80,166.25,0,0,10,7,3.0,0.0,2,10.24,65,1/28,1/28,55.50,32.5,0,0,0,"December 24, 2017","June 26, 2026","December 13, 2017","June 20, 2026",True
2026,1121579,Y Prithvi Raj,Gujarat Titans,3000000.0,0.3,2025,,,,,,,,,,,,,,,,,,,,,,,,,,,,,,,,,,,,,False
2026,1292495,A Raghuvanshi,Kolkata Knight Riders,30000000.0,3.0,2025,Angkrish Raghuvanshi,"June 05, 2004, Delhi",22y 30d,India,Top order Batter,-,IPL 2025,KKR,12.0,11,2,300,50,33.33,215,139.53,0,1,30,8,2.0,0.0,-,-,-,-,-,-,-,-,-,-,,,,,True
2026,277916,AM Rahane,Kolkata Knight Riders,15000000.0,1.5,2025,Ajinkya Madhukar Rahane,"June 06, 1988, Ashwi-KD, Maharashtra",38y 23d,India,Top order Batter,2011 - 2023,IPL 2025,KKR,13.0,12,1,390,61,35.45,264,147.72,0,3,36,20,5.0,0.0,-,-,-,-,-,-,-,-,-,-,"August 31, 2011","August 28, 2016","September 03, 2011","February 16, 2018",True
2026,1079839,AS Roy,Kolkata Knight Riders,4000000.0,0.4,2025,Anukul Sudhakar Roy,"November 30, 1998, Saraikela Kharswan, Jharkhand",27y 217d,India,Allrounder,-,IPL 2025,KKR,1.0,1,0,0,0,0.00,1,0.00,0,0,0,0,0.0,0.0,1,6.75,24,1/27,1/27,27.00,24.0,0,0,0,,,,,True
2026,1176959,Akash Deep,Kolkata Knight Riders,10000000.0,1.0,2025,Akash Deep,"December 15, 1996, Dehri, (Rotas), Bihar",29y 202d,India,Bowler,2024 - 2025,IPL 2025,LSG,6.0,2,1,6,6*,6.00,2,300.00,0,0,0,1,0.0,0.0,3,12.05,114,2/55,2/55,76.33,38.0,0,0,0,,,,,True
2026,1076713,C Green,Kolkata Knight Riders,252000000.0,25.2,2025,,,,,,,,,,,,,,,,,,,,,,,,,,,,,,,,,,,,,False
2026,1108375,CV Varun,Kolkata Knight Riders,120000000.0,12.0,2025,Varun Chakravarthy Vinod,"August 29, 1991, Bidar, Karnataka",34y 310d,India,Bowler,2021 - 2026,IPL 2025,KKR,13.0,1,1,1,1*,-,1,100.00,0,0,0,0,2.0,0.0,17,7.66,300,3/22,3/22,22.52,17.6,0,0,0,"July 25, 2021","July 04, 2026","February 09, 2025","March 09, 2025",True
2026,1515048,Daksh Kamra,Kolkata Knight Riders,3000000.0,0.3,2025,,,,,,,,,,,,,,,,,,,,,,,,,,,,,,,,,,,,,False
2026,959759,FH Allen,Kolkata Knight Riders,20000000.0,2.0,2025,,,,,,,,,,,,,,,,,,,,,,,,,,,,,,,,,,,,,False
2026,1312645,Harshit Rana,Kolkata Knight Riders,40000000.0,4.0,2025,Harshit Pradeep Rana,"December 22, 2001, New Delhi",24y 195d,India,Bowler,2024 - 2026,IPL 2025,KKR,13.0,7,3,57,34,14.25,53,107.54,0,0,5,3,6.0,0.0,15,10.18,264,3/25,3/25,29.86,17.6,0,0,0,"January 31, 2025","July 04, 2026","February 06, 2025","January 18, 2026",True
2026,1122918,Kartik Tyagi,Kolkata Knight Riders,3000000.0,0.3,2025,,,,,,,,,,,,,,,,,,,,,,,,,,,,,,,,,,,,,False
2026,1194795,M Pathirana,Kolkata Knight Riders,180000000.0,18.0,2025,Matheesha Pathirana,"December 18, 2002, Kandy",23y 193d,Sri Lanka,Bowler,2022 - 2026,IPL 2025,CSK,12.0,-,-,-,-,-,-,-,-,-,-,-,3.0,0.0,13,10.13,251,3/36,3/36,32.61,19.3,0,0,0,"August 27, 2022","February 16, 2026","June 02, 2023","October 10, 2023",True
2026,290630,MK Pandey,Kolkata Knight Riders,7500000.0,0.75,2025,Manish Krishnanand Pandey,"September 10, 1989, Nainital, Uttaranchal",36y 297d,India,Top order Batter,2015 - 2021,IPL 2025,KKR,3.0,3,1,92,37,46.00,65,141.53,0,0,5,5,0.0,0.0,-,-,-,-,-,-,-,-,-,-,"July 17, 2015","December 04, 2020","July 14, 2015","July 23, 2021",True
2026,330902,Mustafizur Rahman,Kolkata Knight Riders,92000000.0,9.2,2025,Mustafizur Rahman,"September 06, 1995, Satkhira",30y 296d,Bangladesh,Bowler,2015 - 2026,IPL 2025,DC,3.0,1,0,0,0,0.00,1,0.00,0,0,0,0,0.0,0.0,4,7.90,66,3/33,3/33,21.75,16.5,0,0,0,"April 24, 2015","June 19, 2026","June 18, 2015","June 14, 2026",True
2026,1252337,PH Solanki,Kolkata Knight Riders,3000000.0,0.3,2025,,,,,,,,,,,,,,,,,,,,,,,,,,,,,,,,,,,,,False
2026,820351,R Powell,Kolkata Knight Riders,15000000.0,1.5,2025,Rovman Powell,"July 23, 1993, Jamaica",32y 346d,West Indies,Middle order Batter,2016 - 2026,IPL 2025,KKR,2.0,1,0,5,5,5.00,5,100.00,0,0,1,0,1.0,0.0,-,-,-,-,-,-,-,-,-,-,"March 26, 2017","June 14, 2026","November 16, 2016","July 27, 2023",True
2026,959767,R Ravindra,Kolkata Knight Riders,20000000.0,2.0,2025,Rachin Ravindra,"November 18, 1999, Wellington",26y 223d,New Zealand,Batting Allrounder,2021 - 2026,IPL 2025,CSK,8.0,8,1,191,65*,27.28,149,128.18,0,1,18,4,2.0,0.0,-,-,-,-,-,-,-,-,-,-,"September 01, 2021","March 08, 2026","March 25, 2023","November 22, 2025",True
2026,446763,RA Tripathi,Kolkata Knight Riders,7500000.0,0.75,2025,Rahul Ajay Tripathi,"March 02, 1991, Ranchi",35y 119d,India,Top order Batter,2023 - 2023,IPL 2025,CSK,5.0,5,0,55,23,11.00,57,96.49,0,0,6,1,1.0,0.0,-,-,-,-,-,-,-,-,-,-,"January 05, 2023","February 01, 2023",,,True
2026,723105,RK Singh,Kolkata Knight Riders,130000000.0,13.0,2025,Rinku Khanchand Singh,"October 12, 1997, Aligarh, Uttar Pradesh",28y 266d,India,Middle order Batter,2023 - 2026,IPL 2025,KKR,13.0,11,4,206,38*,29.42,134,153.73,0,0,20,10,9.0,0.0,-,-,-,-,-,-,-,-,-,-,"August 18, 2023","February 22, 2026","December 19, 2023","December 21, 2023",True
2026,1079470,Ramandeep Singh,Kolkata Knight Riders,40000000.0,4.0,2025,Ramandeep Singh,"April 13, 1997, Chandigarh",29y 83d,India,Middle order Batter,2024 - 2024,IPL 2025,KKR,11.0,7,2,47,22,9.40,35,134.28,0,0,1,4,5.0,0.0,-,-,-,-,-,-,-,-,-,-,"November 13, 2024","November 15, 2024",,,True
2026,956405,S Ranjan,Kolkata Knight Riders,3000000.0,0.3,2025,,,,,,,,,,,,,,,,,,,,,,,,,,,,,,,,,,,,,False
2026,230558,SP Narine,Kolkata Knight Riders,120000000.0,12.0,2025,Sunil Philip Narine,"May 26, 1988, Arima, Trinidad & Tobago",38y 40d,West Indies,Bowling Allrounder,2011 - 2019,IPL 2025,KKR,12.0,12,1,246,44,22.36,144,170.83,0,0,25,19,3.0,0.0,12,7.80,270,3/13,3/13,29.25,22.5,0,0,0,"March 27, 2012","August 06, 2019","December 05, 2011","October 05, 2016",True
2026,1460372,T Dahiya,Kolkata Knight Riders,30000000.0,3.0,2025,,,,,,,,,,,,,,,,,,,,,,,,,,,,,,,,,,,,,False
2026,625964,TL Seifert,Kolkata Knight Riders,15000000.0,1.5,2025,,,,,,,,,,,,,,,,,,,,,,,,,,,,,,,,,,,,,False
2026,1246528,Umran Malik,Kolkata Knight Riders,7500000.0,0.75,2025,,,,,,,,,,,,,,,,,,,,,,,,,,,,,,,,,,,,,False
2026,1209292,VG Arora,Kolkata Knight Riders,18000000.0,1.8,2025,Vaibhav Gopal Arora,"December 14, 1997",28y 203d,India,Bowler,-,IPL 2025,KKR,12.0,2,0,0,0,0.00,8,0.00,0,0,0,0,4.0,0.0,17,10.11,255,3/29,3/29,25.29,15.0,0,0,0,,,,,True
2026,1151270,A Badoni,Lucknow Super Giants,40000000.0,4.0,2025,Ayush Badoni,"December 03, 1999, Delhi",26y 214d,India,Batter,-,IPL 2025,LSG,14.0,11,1,329,74,32.90,222,148.19,0,2,27,14,4.0,0.0,2,7.80,10,2/4,2/4,6.50,5.0,0,0,0,,,,,True
2026,481979,A Nortje,Lucknow Super Giants,20000000.0,2.0,2025,Anrich Arno Nortje,"November 16, 1993",32y 230d,South Africa,Bowler,2019 - 2026,IPL 2025,KKR,2.0,2,2,0,0*,-,0,-,0,0,0,0,1.0,0.0,1,11.85,42,1/23,1/23,83.00,42.0,0,0,0,"September 18, 2019","March 01, 2026","March 03, 2019","September 09, 2023",True
2026,1403153,AA Kulkarni,Lucknow Super Giants,3000000.0,0.3,2025,,,,,,,,,,,,,,,,,,,,,,,,,,,,,,,,,,,,,False
2026,600498,AK Markram,Lucknow Super Giants,20000000.0,2.0,2025,Aiden Kyle Markram,"October 04, 1994, Centurion",31y 274d,South Africa,Middle order Batter,2017 - 2026,IPL 2025,LSG,13.0,13,0,445,66,34.23,299,148.82,0,5,38,22,7.0,0.0,4,9.27,66,2/30,2/30,25.50,16.5,0,0,0,"March 22, 2019","March 04, 2026","October 22, 2017","December 06, 2025",True
2026,1148776,AS Tendulkar,Lucknow Super Giants,3000000.0,0.3,2025,,,,,,,,,,,,,,,,,,,,,,,,,,,,,,,,,,,,,False
2026,1175485,Abdul Samad,Lucknow Super Giants,42000000.0,4.2,2025,Abdul Samad Farooq,"October 28, 2001, Kala Kot, Jammu & Kashmir",24y 250d,India,Batter,-,IPL 2025,LSG,13.0,12,4,164,45,20.50,93,176.34,0,0,8,14,4.0,0.0,0,18.00,2,-,-,-,-,0,0,0,,,,,True
2026,1175458,Akash Singh,Lucknow Super Giants,3000000.0,0.3,2025,Akash Maharaj Singh,"April 26, 2002, Bharatpur, Rajasthan",24y 70d,India,Bowler,-,IPL 2025,LSG,3.0,-,-,-,-,-,-,-,-,-,-,-,0.0,0.0,4,8.86,67,2/30,2/30,24.75,16.7,0,0,0,,,,,True
2026,1300795,Akshat Raghuwanshi,Lucknow Super Giants,22000000.0,2.2,2025,,,,,,,,,,,,,,,,,,,,,,,,,,,,,,,,,,,,,False
2026,694211,Avesh Khan,Lucknow Super Giants,97500000.0,9.75,2025,Avesh Khan,"December 13, 1996, Indore, Madhya Pradesh",29y 204d,India,Bowler,2022 - 2024,IPL 2025,LSG,13.0,4,3,21,19*,21.00,12,175.00,0,0,3,1,2.0,0.0,13,10.28,284,3/37,3/37,37.46,21.8,0,0,0,"February 20, 2022","November 10, 2024","July 24, 2022","December 21, 2023",True
2026,1460529,DS Rathi,Lucknow Super Giants,3000000.0,0.3,2025,Digvesh Singh Rathi,"December 15, 1999, Delhi",26y 202d,India,Bowler,-,IPL 2025,LSG,13.0,2,1,1,1,1.00,3,33.33,0,0,0,0,3.0,0.0,14,8.25,312,2/30,2/30,30.64,22.2,0,0,0,,,,,True
2026,805235,Himmat Singh,Lucknow Super Giants,3000000.0,0.3,2025,Himmat Singh,"November 08, 1996, Delhi",29y 239d,India,Batter,-,IPL 2025,LSG,3.0,-,-,-,-,-,-,-,-,-,-,-,1.0,0.0,-,-,-,-,-,-,-,-,-,-,,,,,True
2026,662235,JP Inglis,Lucknow Super Giants,86000000.0,8.6,2025,Joshua Patrick Inglis,"March 04, 1995, Leeds, Yorkshire, England",31y 123d,Australia,Wicketkeeper Batter,2022 - 2026,IPL 2025,PBKS,11.0,11,2,278,73,30.88,171,162.57,0,1,26,16,9.0,1.0,-,-,-,-,-,-,-,-,-,-,"February 11, 2022","June 21, 2026","June 24, 2022","June 14, 2026",True
2026,1151286,M Siddharth,Lucknow Super Giants,7500000.0,0.75,2025,Manimaran Siddharth,"July 03, 1998",28y 2d,India,Bowler,-,IPL 2025,LSG,2.0,-,-,-,-,-,-,-,-,-,-,-,1.0,0.0,2,9.57,42,2/39,2/39,33.50,21.0,0,0,0,,,,,True
2026,1354217,MD Choudhary,Lucknow Super Giants,26000000.0,2.6,2025,,,,,,,,,,,,,,,,,,,,,,,,,,,,,,,,,,,,,False
2026,595267,MP Breetzke,Lucknow Super Giants,7500000.0,0.75,2025,Matthew Paul Breetzke,"November 03, 1998",27y 244d,South Africa,Batter,2023 - 2025,IPL 2025,LSG,1.0,1,0,14,14,14.00,12,116.66,0,0,1,1,0.0,0.0,-,-,-,-,-,-,-,-,-,-,"September 03, 2023","November 01, 2025","February 10, 2025","December 06, 2025",True
2026,1292563,MP Yadav,Lucknow Super Giants,110000000.0,11.0,2025,Mayank Prabhu Yadav,"June 17, 2002, New Delhi",24y 18d,India,Bowler,2024 - 2024,IPL 2025,LSG,2.0,-,-,-,-,-,-,-,-,-,-,-,2.0,0.0,2,12.50,48,2/40,2/40,50.00,24.0,0,0,0,"October 06, 2024","October 12, 2024",,,True
2026,272450,MR Marsh,Lucknow Super Giants,34000000.0,3.4,2025,Mitchell Ross Marsh,"October 20, 1991, Attadale, Perth",34y 257d,Australia,Allrounder,2011 - 2026,IPL 2025,LSG,13.0,13,0,627,117,48.23,383,163.70,1,6,56,37,1.0,0.0,-,-,-,-,-,-,-,-,-,-,"October 16, 2011","June 21, 2026","October 19, 2011","October 25, 2025",True
2026,481896,Mohammed Shami,Lucknow Super Giants,100000000.0,10.0,2025,Mohammed Shami Ahmed,"September 03, 1990, Amroha, Uttar Pradesh",35y 304d,India,Bowler,2013 - 2025,IPL 2025,SRH,9.0,4,3,10,6*,10.00,10,100.00,0,0,1,0,2.0,0.0,6,11.23,180,2/28,2/28,56.16,30.0,0,0,0,"March 21, 2014","February 02, 2025","January 06, 2013","March 09, 2025",True
2026,1132005,Mohsin Khan,Lucknow Super Giants,40000000.0,4.0,2025,,,,,,,,,,,,,,,,,,,,,,,,,,,,,,,,,,,,,False
2026,604302,N Pooran,Lucknow Super Giants,210000000.0,21.0,2025,Nicholas Pooran,"October 02, 1995, Trinidad",30y 276d,West Indies,Wicketkeeper Batter,2016 - 2024,IPL 2025,LSG,14.0,14,2,524,87*,43.66,267,196.25,0,5,45,40,8.0,0.0,-,-,-,-,-,-,-,-,-,-,"September 23, 2016","December 19, 2024","February 20, 2019","July 07, 2023",True
2026,1408677,N Tiwari,Lucknow Super Giants,10000000.0,1.0,2025,,,,,,,,,,,,,,,,,,,,,,,,,,,,,,,,,,,,,False
2026,784379,PWH de Silva,Lucknow Super Giants,20000000.0,2.0,2025,Pinnaduwage Wanindu Hasaranga de Silva,"July 29, 1997, Galle",28y 343d,Sri Lanka,Allrounder,2017 - 2026,IPL 2025,RR,11.0,5,0,9,4,1.80,15,60.00,0,0,0,0,2.0,0.0,11,9.04,246,4/35,4/35,33.72,22.3,1,0,0,"September 01, 2019","June 14, 2026","July 02, 2017","June 06, 2026",True
2026,1350768,Prince Yadav,Lucknow Super Giants,3000000.0,0.3,2025,Prince Yadav,"December 12, 2001",24y 205d,India,Bowler,2026 - 2026,IPL 2025,LSG,6.0,2,2,5,4*,-,10,50.00,0,0,0,0,2.0,0.0,3,9.85,137,1/29,1/29,75.00,45.6,0,0,0,"June 17, 2026","June 20, 2026","June 17, 2026","June 20, 2026",True
2026,931581,RR Pant,Lucknow Super Giants,270000000.0,27.0,2025,Rishabh Rajendra Pant,"October 04, 1997, Haridwar, Uttarakhand",28y 273d,India,Wicketkeeper Batter,2017 - 2026,IPL 2025,LSG,14.0,13,2,269,118*,24.45,202,133.16,1,1,23,16,5.0,1.0,-,-,-,-,-,-,-,-,-,-,"February 01, 2017","July 28, 2024","October 21, 2018","August 07, 2024",True
2026,1159711,Shahbaz Ahmed,Lucknow Super Giants,24000000.0,2.4,2025,Shahbaz Ahmed,"December 11, 1994, Mewat, Haryana",31y 206d,India,Allrounder,2022 - 2025,IPL 2025,LSG,3.0,1,0,9,9,9.00,8,112.50,0,0,1,0,0.0,0.0,1,12.00,51,1/41,1/41,102.00,51.0,0,0,0,"October 06, 2023","October 07, 2023","October 09, 2022","December 04, 2022",True
2026,1326798,AM Ghazanfar,Mumbai Indians,48000000.0,4.8,2025,,,,,,,,,,,,,,,,,,,,,,,,,,,,,,,,,,,,,False
2026,1175467,AV Ankolekar,Mumbai Indians,3000000.0,0.3,2025,,,,,,,,,,,,,,,,,,,,,,,,,,,,,,,,,,,,,False
2026,1209126,Ashwani Kumar,Mumbai Indians,3000000.0,0.3,2025,Ashwani Kumar,"August 29, 2001, Jhanjeri, Mohali",24y 311d,India,Bowler,-,IPL 2025,MI,7.0,-,-,-,-,-,-,-,-,-,-,-,2.0,0.0,11,11.31,123,4/24,4/24,21.09,11.1,1,0,0,,,,,True
2026,594322,C Bosch,Mumbai Indians,7500000.0,0.75,2025,Corbin Bosch,"September 10, 1994, Durban",31y 299d,South Africa,Allrounder,2024 - 2026,IPL 2025,MI,3.0,2,0,47,27,23.50,32,146.87,0,0,3,3,1.0,0.0,1,7.85,42,1/26,1/26,55.00,42.0,0,0,0,"July 14, 2025","March 04, 2026","December 22, 2024","December 06, 2025",True
2026,447261,DL Chahar,Mumbai Indians,92500000.0,9.25,2025,Deepak Lokandersingh Chahar,"August 07, 1992, Agra, Uttar Pradesh",33y 326d,India,Bowler,2018 - 2023,IPL 2025,MI,14.0,4,3,37,28*,37.00,25,148.00,0,0,3,2,2.0,0.0,11,9.17,246,2/12,2/12,34.18,22.3,0,0,0,"July 08, 2018","December 01, 2023","September 25, 2018","December 07, 2022",True
2026,1421992,DV Malewar,Mumbai Indians,3000000.0,0.3,2025,,,,,,,,,,,,,,,,,,,,,,,,,,,,,,,,,,,,,False
2026,625371,HH Pandya,Mumbai Indians,163500000.0,16.35,2025,Hardik Himanshu Pandya,"October 11, 1993, Choryasi, Gujarat",32y 266d,India,Allrounder,2016 - 2026,IPL 2025,MI,15.0,12,3,224,48*,24.88,137,163.50,0,0,18,12,3.0,0.0,14,9.77,210,5/36,5/36,24.42,15.0,0,1,0,"January 26, 2016","March 08, 2026","October 16, 2016","March 09, 2025",True
2026,625383,JJ Bumrah,Mumbai Indians,180000000.0,18.0,2025,Jasprit Jasbirsingh Bumrah,"December 06, 1993, Ahmedabad",32y 212d,India,Bowler,2016 - 2026,IPL 2025,MI,12.0,1,1,0,0*,-,1,0.00,0,0,0,0,2.0,0.0,18,6.67,284,4/22,4/22,17.55,15.7,1,0,0,"January 26, 2016","March 08, 2026","January 23, 2016","November 19, 2023",True
2026,1081442,M Markande,Mumbai Indians,3000000.0,0.3,2025,,,,,,,,,,,,,,,,,,,,,,,,,,,,,,,,,,,,,False
2026,502714,MJ Santner,Mumbai Indians,20000000.0,2.0,2025,Mitchell Josef Santner,"February 05, 1992, Hamilton",34y 144d,New Zealand,Bowling Allrounder,2015 - 2026,IPL 2025,MI,13.0,8,6,40,18*,20.00,33,121.21,0,0,2,3,8.0,0.0,10,7.92,237,3/11,3/11,31.30,23.7,0,0,0,"June 23, 2015","March 20, 2026","June 09, 2015","November 22, 2025",True
2026,1079847,Mayank Rawat,Mumbai Indians,3000000.0,0.3,2025,,,,,,,,,,,,,,,,,,,,,,,,,,,,,,,,,,,,,False
2026,1512648,Mohd Izhar,Mumbai Indians,3000000.0,0.3,2025,,,,,,,,,,,,,,,,,,,,,,,,,,,,,,,,,,,,,False
2026,1170265,NT Tilak Varma,Mumbai Indians,80000000.0,8.0,2025,Namboori Thakur Tilak Varma,"November 08, 2002, Hyderabad, Andhra Pradesh",23y 241d,India,Batting Allrounder,2023 - 2026,IPL 2025,MI,16.0,13,2,343,59,31.18,248,138.30,0,2,23,16,9.0,0.0,-,-,-,-,-,-,-,-,-,-,"August 03, 2023","July 04, 2026","September 15, 2023","December 06, 2025",True
2026,1287032,Naman Dhir,Mumbai Indians,52500000.0,5.25,2025,Naman Dhir,"December 31, 1999, Ambala, Haryana",26y 188d,India,Middle order Batter,-,IPL 2025,MI,16.0,12,4,252,46,31.50,138,182.60,0,0,24,13,12.0,0.0,0,5.25,24,-,-,-,-,0,0,0,,,,,True
2026,379143,Q de Kock,Mumbai Indians,10000000.0,1.0,2025,Quinton de Kock,"December 17, 1992, Johannesburg, Gauteng",33y 200d,South Africa,Wicketkeeper Batter,2012 - 2026,IPL 2025,KKR,8.0,8,1,152,97*,21.71,117,129.91,0,1,9,11,3.0,0.0,-,-,-,-,-,-,-,-,-,-,"December 21, 2012","March 04, 2026","January 19, 2013","December 06, 2025",True
2026,1350762,R Minz,Mumbai Indians,6500000.0,0.65,2025,Robin Minz,"September 13, 2002",23y 297d,India,Wicketkeeper Batter,-,IPL 2025,MI,2.0,2,0,6,3,3.00,15,40.00,0,0,0,0,0.0,0.0,-,-,-,-,-,-,-,-,-,-,,,,,True
2026,1292502,RA Bawa,Mumbai Indians,3000000.0,0.3,2025,Raj Angad Bawa,"November 12, 2002, Nahan, Himachal Pradesh",23y 236d,India,Allrounder,-,IPL 2025,MI,3.0,1,1,8,8*,-,4,200.00,0,0,0,0,1.0,0.0,-,-,-,-,-,-,-,-,-,-,,,,,True
2026,605661,RD Rickelton,Mumbai Indians,10000000.0,1.0,2025,Ryan David Rickelton,"July 11, 1996, Johannesburg, Transvaal, South Africa",29y 361d,South Africa,Wicketkeeper Batter,2022 - 2026,IPL 2025,MI,14.0,14,1,388,62*,29.84,257,150.97,0,3,47,17,11.0,5.0,-,-,-,-,-,-,-,-,-,-,"May 23, 2024","March 04, 2026","March 18, 2023","December 06, 2025",True
2026,34102,RG Sharma,Mumbai Indians,163000000.0,16.3,2025,Rohit Gurunath Sharma,"April 30, 1987, Bansod, Nagpur, Maharashtra",39y 68d,India,Top order Batter,2007 - 2026,IPL 2025,MI,15.0,15,1,418,81,29.85,280,149.28,0,4,41,22,1.0,0.0,-,-,-,-,-,-,-,-,-,-,"September 19, 2007","June 29, 2024","June 23, 2007","June 20, 2026",True
2026,1122621,RS Sharma,Mumbai Indians,3000000.0,0.3,2025,,,,,,,,,,,,,,,,,,,,,,,,,,,,,,,,,,,,,False
2026,446507,SA Yadav,Mumbai Indians,163500000.0,16.35,2025,Suryakumar Ashok Yadav,"September 14, 1990, Mumbai, Maharashtra",35y 294d,India,Batter,2021 - 2026,IPL 2025,MI,16.0,16,5,717,73*,65.18,427,167.91,0,5,69,38,6.0,0.0,-,-,-,-,-,-,-,-,-,-,"March 14, 2021","March 08, 2026","July 18, 2021","November 19, 2023",True
2026,914541,SE Rutherford,Mumbai Indians,26000000.0,2.6,2025,Sherfane Eviston Rutherford,"August 15, 1998",27y 323d,West Indies,Middle order Batter,2018 - 2026,IPL 2025,GT,13.0,11,2,291,46,32.33,185,157.29,0,0,22,18,1.0,0.0,-,-,-,-,-,-,-,-,-,-,"December 22, 2018","June 14, 2026","December 03, 2023","June 06, 2026",True
2026,475281,SN Thakur,Mumbai Indians,20000000.0,2.0,2025,Shardul Narendra Thakur,"October 16, 1991, Palghar, Maharashtra",34y 256d,India,Bowling Allrounder,2017 - 2025,IPL 2025,LSG,10.0,5,2,18,6,6.00,12,150.00,0,0,3,0,4.0,0.0,13,11.02,204,4/34,4/34,28.84,15.6,1,0,0,"February 21, 2018","February 20, 2022","August 31, 2017","October 19, 2023",True
2026,277912,TA Boult,Mumbai Indians,125000000.0,12.5,2025,Trent Alexander Boult,"July 22, 1989, Rotorua",36y 348d,New Zealand,Bowler,2011 - 2024,IPL 2025,MI,16.0,2,1,2,1*,2.00,3,66.66,0,0,0,0,1.0,0.0,22,8.96,346,4/26,4/26,23.50,15.7,1,0,0,"February 09, 2013","June 17, 2024","July 11, 2012","November 15, 2023",True
2026,897549,WG Jacks,Mumbai Indians,52500000.0,5.25,2025,William George Jacks,"November 21, 1998, Chertsey, Surrey",27y 227d,England,Batting Allrounder,2022 - 2026,IPL 2025,MI,13.0,11,1,233,53,23.30,172,135.46,0,1,22,11,6.0,0.0,6,8.57,84,2/14,2/14,20.00,14.0,0,0,0,"September 23, 2022","July 04, 2026","March 01, 2023","January 27, 2026",True
2026,1125976,Arshdeep Singh,Punjab Kings,180000000.0,18.0,2025,Arshdeep Singh,"February 05, 1999, Guna, Madhya Pradesh",27y 150d,India,Bowler,2022 - 2026,IPL 2025,PBKS,17.0,2,1,2,1*,2.00,6,33.33,0,0,0,0,4.0,0.0,21,8.88,350,3/16,3/16,24.66,16.6,0,0,0,"July 07, 2022","July 04, 2026","November 25, 2022","June 17, 2026",True
2026,819429,Azmatullah Omarzai,Punjab Kings,24000000.0,2.4,2025,Azmatullah Omarzai,"March 24, 2000",26y 102d,Afghanistan,Allrounder,2021 - 2026,IPL 2025,PBKS,9.0,5,1,57,21*,14.25,41,139.02,0,0,6,3,1.0,0.0,8,10.33,162,2/33,2/33,34.87,20.2,0,0,0,"March 03, 2022","February 19, 2026","January 21, 2021","June 20, 2026",True
2026,679567,BJ Dwarshuis,Punjab Kings,44000000.0,4.4,2025,,,,,,,,,,,,,,,,,,,,,,,,,,,,,,,,,,,,,False
2026,1210488,C Connolly,Punjab Kings,30000000.0,3.0,2025,,,,,,,,,,,,,,,,,,,,,,,,,,,,,,,,,,,,,False
2026,1292496,Harnoor Singh,Punjab Kings,3000000.0,0.3,2025,,,,,,,,,,,,,,,,,,,,,,,,,,,,,,,,,,,,,False
2026,1168641,Harpreet Brar,Punjab Kings,15000000.0,1.5,2025,Harpreet Brar,"September 16, 1995, Meerut, Uttar Pradesh",30y 292d,India,Bowler,-,IPL 2025,PBKS,8.0,2,1,11,7*,11.00,13,84.61,0,0,0,1,0.0,0.0,10,8.63,132,3/22,3/22,19.00,13.2,0,0,0,,,,,True
2026,493773,LH Ferguson,Punjab Kings,20000000.0,2.0,2025,Lachlan Hammond Ferguson,"June 13, 1991, Auckland",35y 21d,New Zealand,Bowler,2016 - 2026,IPL 2025,PBKS,4.0,1,1,4,4*,-,1,400.00,0,0,1,0,0.0,0.0,5,9.17,68,2/37,2/37,20.80,13.6,0,0,0,"January 03, 2017","March 20, 2026","December 04, 2016","November 15, 2023",True
2026,696401,M Jansen,Punjab Kings,70000000.0,7.0,2025,Marco Jansen,"May 01, 2000",26y 66d,South Africa,Bowling Allrounder,2021 - 2026,IPL 2025,PBKS,14.0,8,4,75,34*,18.75,63,119.04,0,0,3,4,8.0,0.0,16,9.20,283,3/17,3/17,27.12,17.6,0,0,0,"June 17, 2022","March 04, 2026","January 19, 2022","December 06, 2025",True
2026,1213979,MJ Owen,Punjab Kings,30000000.0,3.0,2025,Mitchell J Owen,"September 16, 2001",24y 292d,Australia,Allrounder,2025 - 2026,IPL 2025,PBKS,1.0,1,0,0,0,0.00,2,0.00,0,0,0,0,2.0,0.0,-,-,-,-,-,-,-,-,-,-,"July 20, 2025","February 01, 2026","October 19, 2025","October 25, 2025",True
2026,325012,MP Stoinis,Punjab Kings,110000000.0,11.0,2025,Marcus Peter Stoinis,"August 16, 1989, Perth",36y 322d,Australia,Batting Allrounder,2015 - 2026,IPL 2025,PBKS,13.0,11,5,160,44*,26.66,86,186.04,0,0,8,15,1.0,0.0,1,12.35,85,1/14,1/14,175.00,85.0,0,0,0,"August 31, 2015","February 20, 2026","September 11, 2015","November 10, 2024",True
2026,1316430,Musheer Khan,Punjab Kings,3000000.0,0.3,2025,Musheer Khan,"February 27, 2005, Kurla",21y 128d,India,Allrounder,-,IPL 2025,PBKS,1.0,1,0,0,0,0.00,3,0.00,0,0,0,0,0.0,0.0,1,13.50,12,1/27,1/27,27.00,12.0,0,0,0,,,,,True
2026,1151273,N Wadhera,Punjab Kings,42000000.0,4.2,2025,Nehal Wadhera,"September 04, 2000, Ludhiana, Punjab",25y 306d,India,Top order Batter,-,IPL 2025,PBKS,16.0,15,3,369,70,30.75,253,145.84,0,2,28,21,6.0,0.0,0,10.80,5,-,-,-,-,0,0,0,,,,,True
2026,1175456,P Arya,Punjab Kings,38000000.0,3.8,2025,Priyansh Arya,"September 18, 2001",24y 290d,India,Opening Batter,-,IPL 2025,PBKS,17.0,17,0,475,103,27.94,265,179.24,1,2,55,25,8.0,0.0,-,-,-,-,-,-,-,-,-,-,,,,,True
2026,1324449,P Avinash,Punjab Kings,3000000.0,0.3,2025,,,,,,,,,,,,,,,,,,,,,,,,,,,,,,,,,,,,,False
2026,777515,P Dubey,Punjab Kings,3000000.0,0.3,2025,Praveen Dubey,"July 01, 1993, Azamgarh, Uttar Pradesh",33y 4d,India,Bowler,-,IPL 2025,PBKS,1.0,-,-,-,-,-,-,-,-,-,-,-,0.0,0.0,1,10.00,12,1/20,1/20,20.00,12.0,0,0,0,,,,,True
2026,1161024,Prabhsimran Singh,Punjab Kings,40000000.0,4.0,2025,Prabhsimran Singh,"August 10, 2000",25y 329d,India,Wicketkeeper Batter,-,IPL 2025,PBKS,17.0,17,0,549,91,32.29,342,160.52,0,4,56,30,2.0,1.0,-,-,-,-,-,-,-,-,-,-,,,,,True
2026,642519,SS Iyer,Punjab Kings,267500000.0,26.75,2025,Shreyas Santosh Iyer,"December 06, 1994, Mumbai",31y 211d,India,Top order Batter,2017 - 2026,IPL 2025,PBKS,17.0,17,5,604,97*,50.33,345,175.07,0,6,43,39,7.0,0.0,-,-,-,-,-,-,-,-,-,-,"November 01, 2017","July 04, 2026","December 10, 2017","June 20, 2026",True
2026,377534,Shashank Singh,Punjab Kings,55000000.0,5.5,2025,Shashank Singh,"November 21, 1991",34y 226d,India,Batting Allrounder,-,IPL 2025,PBKS,17.0,14,7,350,61*,50.00,228,153.50,0,3,23,18,7.0,0.0,0,13.50,12,-,-,-,-,0,0,0,,,,,True
2026,1339698,Suryansh Shedge,Punjab Kings,3000000.0,0.3,2025,Suryansh Shedge,"January 29, 2003",23y 157d,India,Batting Allrounder,2026 - 2026,IPL 2025,PBKS,5.0,3,0,7,4,2.33,11,63.63,0,0,0,0,1.0,0.0,0,13.33,18,-,-,-,-,0,0,0,"June 28, 2026","Bengal vs Mumbai  at Eden Gardens - February 02 - 04, 2024",,,True
2026,1449053,V Nishad,Punjab Kings,3000000.0,0.3,2025,,,,,,,,,,,,,,,,,,,,,,,,,,,,,,,,,,,,,False
2026,777815,V Vyshak,Punjab Kings,18000000.0,1.8,2025,Vijaykumar Vyshak,"January 31, 1997, Bangalore, Karnataka",29y 155d,India,Bowler,-,IPL 2025,PBKS,5.0,-,-,-,-,-,-,-,-,-,-,-,1.0,0.0,4,10.64,102,2/44,2/44,45.25,25.5,0,0,0,,,,,True
2026,732293,Vishnu Vinod,Punjab Kings,9500000.0,0.95,2025,,,,,,,,,,,,,,,,,,,,,,,,,,,,,,,,,,,,,False
2026,1050545,XC Bartlett,Punjab Kings,8000000.0,0.8,2025,Xavier Colin Bartlett,"December 17, 1998, Adelaide, South Australia",27y 200d,Australia,Bowler,2024 - 2026,IPL 2025,PBKS,4.0,1,0,11,11,11.00,15,73.33,0,0,1,0,5.0,0.0,2,9.60,60,1/26,1/26,48.00,30.0,0,0,0,"February 13, 2024","June 17, 2026","February 02, 2024","June 14, 2026",True
2026,430246,YS Chahal,Punjab Kings,180000000.0,18.0,2025,Yuzvendra Singh Chahal,"July 23, 1990, Jind, Haryana",35y 348d,India,Bowler,2016 - 2024,IPL 2025,PBKS,14.0,-,-,-,-,-,-,-,-,-,-,-,2.0,0.0,16,9.55,270,4/28,4/28,26.87,16.8,2,0,0,"June 18, 2016","August 13, 2023","June 11, 2016","January 24, 2023",True
2026,1070196,Yash Thakur,Punjab Kings,16000000.0,1.6,2025,Yash Ravisingh Thakur,"December 28, 1998, Kolkata",27y 189d,India,Bowler,-,IPL 2025,PBKS,2.0,-,-,-,-,-,-,-,-,-,-,-,0.0,0.0,1,12.15,39,1/39,1/39,79.00,39.0,0,0,0,,,,,True
2026,450860,AF Milne,Rajasthan Royals,24000000.0,2.4,2025,,,,,,,,,,,,,,,,,,,,,,,,,,,,,,,,,,,,,False
2026,1403261,Aman Rao,Rajasthan Royals,3000000.0,0.3,2025,,,,,,,,,,,,,,,,,,,,,,,,,,,,,,,,,,,,,False
2026,1515046,Brijesh Sharma,Rajasthan Royals,3000000.0,0.3,2025,,,,,,,,,,,,,,,,,,,,,,,,,,,,,,,,,,,,,False
2026,698315,D Ferreira,Rajasthan Royals,10000000.0,1.0,2025,Donovan Ferreira,"July 21, 1998, Pretoria",27y 351d,South Africa,Allrounder,2023 - 2025,IPL 2025,DC,1.0,1,0,1,1,1.00,3,33.33,0,0,0,0,0.0,0.0,-,-,-,-,-,-,-,-,-,-,"September 03, 2023","December 19, 2025","November 04, 2025","November 08, 2025",True
2026,1175488,DC Jurel,Rajasthan Royals,140000000.0,14.0,2025,Dhruv Chand Jurel,"January 21, 2001, Agra, Uttar Pradesh",25y 167d,India,Wicketkeeper Batter,2024 - 2026,IPL 2025,RR,14.0,13,4,333,70,37.00,213,156.33,0,2,22,22,7.0,0.0,-,-,-,-,-,-,-,-,-,-,"July 06, 2024","January 28, 2025",,,True
2026,669855,JC Archer,Rajasthan Royals,125000000.0,12.5,2025,Jofra Chioke Archer,"April 01, 1995, Bridgetown, Barbados",31y 96d,England,Bowler,2019 - 2026,IPL 2025,RR,12.0,7,1,63,30,10.50,50,126.00,0,0,3,4,1.0,0.0,11,9.47,273,3/25,3/25,39.18,24.8,0,0,0,"May 05, 2019","July 04, 2026","May 03, 2019","November 01, 2025",True
2026,1163695,KR Sen,Rajasthan Royals,7500000.0,0.75,2025,,,,,,,,,,,,,,,,,,,,,,,,,,,,,,,,,,,,,False
2026,1294342,KT Maphaka,Rajasthan Royals,15000000.0,1.5,2025,Kwena Tshegofatso Maphaka,"April 08, 2006, Johannesburg,",20y 90d,South Africa,Bowler,2024 - 2026,IPL 2025,RR,2.0,1,1,8,8*,-,2,400.00,0,0,2,0,2.0,0.0,1,10.80,30,1/32,1/32,54.00,30.0,0,0,0,"August 23, 2024","March 01, 2026","December 19, 2024","August 24, 2025",True
2026,1385640,LG Pretorius,Rajasthan Royals,3000000.0,0.3,2025,Lhuan-dre Gilbert  Pretorius,"March 27, 2006, Potchefstroom",20y 102d,South Africa,Wicketkeeper Batter,2025 - 2026,IPL 2025,RR,1.0,-,-,-,-,-,-,-,-,-,-,-,0.0,0.0,-,-,-,-,-,-,-,-,-,-,"July 14, 2025","January 27, 2026","November 04, 2025","November 08, 2025",True
2026,971349,N Burger,Rajasthan Royals,35000000.0,3.5,2025,,,,,,,,,,,,,,,,,,,,,,,,,,,,,,,,,,,,,False
2026,1079434,R Parag,Rajasthan Royals,140000000.0,14.0,2025,Riyan Parag,"November 10, 2001, Guwahati, Assam",24y 239d,India,Top order Batter,2024 - 2024,IPL 2025,RR,14.0,14,2,393,95,32.75,236,166.52,0,1,27,27,8.0,0.0,3,8.50,120,1/12,1/12,56.66,40.0,0,0,0,"July 06, 2024","October 12, 2024","August 07, 2024","July 06, 2024",True
2026,234675,RA Jadeja,Rajasthan Royals,140000000.0,14.0,2025,Ravindrasinh Anirudhsinh Jadeja,"December 06, 1988, Navagam-Khed, Saurashtra",37y 205d,India,Allrounder,2009 - 2026,IPL 2025,CSK,14.0,14,5,301,77*,33.44,222,135.58,0,2,25,10,6.0,0.0,10,8.56,227,2/17,2/17,32.40,22.7,0,0,0,"February 10, 2009","June 29, 2024","February 08, 2009","January 18, 2026",True
2026,1175441,Ravi Bishnoi,Rajasthan Royals,72000000.0,7.2,2025,Ravi Bishnoi,"September 05, 2000, Jodhpur, Rajasthan",25y 303d,India,Bowler,2022 - 2026,IPL 2025,LSG,11.0,3,1,13,13,6.50,16,81.25,0,0,0,2,4.0,0.0,9,10.83,222,2/18,2/18,44.55,24.6,0,0,0,"February 16, 2022","July 04, 2026","October 06, 2022","February 16, 2022",True
2026,1461577,Ravi Singh,Rajasthan Royals,9500000.0,0.95,2025,,,,,,,,,,,,,,,,,,,,,,,,,,,,,,,,,,,,,False
2026,1252585,SB Dubey,Rajasthan Royals,8000000.0,0.8,2025,Shubham Badriprasad Dubey,"August 27, 1994, Yavatmal",31y 314d,India,Middle order Batter,-,IPL 2025,RR,9.0,8,4,106,34*,26.50,66,160.60,0,0,6,8,1.0,0.0,-,-,-,-,-,-,-,-,-,-,,,,,True
2026,662973,SM Curran,Rajasthan Royals,24000000.0,2.4,2025,Samuel Matthew Curran,"June 03, 1998, Northampton",28y 26d,England,Allrounder,2018 - 2026,IPL 2025,CSK,5.0,5,0,114,88,22.80,84,135.71,0,1,11,4,3.0,0.0,1,11.08,72,1/34,1/34,133.00,72.0,0,0,0,"November 01, 2019","March 05, 2026","June 24, 2018","January 27, 2026",True
2026,670025,SO Hetmyer,Rajasthan Royals,110000000.0,11.0,2025,Shimron Odilon Hetmyer,"December 26, 1996, Cumberland, Berbice, Guyana",29y 193d,West Indies,Middle order Batter,2017 - 2026,IPL 2025,RR,14.0,13,2,239,52,21.72,164,145.73,0,1,17,11,13.0,0.0,-,-,-,-,-,-,-,-,-,-,"January 01, 2018","June 14, 2026","December 20, 2017","June 01, 2025",True
2026,1175457,SS Mishra,Rajasthan Royals,9000000.0,0.9,2025,,,,,,,,,,,,,,,,,,,,,,,,,,,,,,,,,,,,,False
2026,438362,Sandeep Sharma,Rajasthan Royals,40000000.0,4.0,2025,Sandeep Sharma,"May 18, 1993, Patiala, Punjab",33y 48d,India,Bowler,2015 - 2015,IPL 2025,RR,10.0,1,1,6,6*,-,5,120.00,0,0,0,0,1.0,0.0,9,9.89,219,2/21,2/21,40.11,24.3,0,0,0,"July 17, 2015","July 19, 2015",,,True
2026,822553,TU Deshpande,Rajasthan Royals,65000000.0,6.5,2025,Tushar Uday Deshpande,"May 15, 1995, Mumbai",31y 45d,India,Bowler,2024 - 2024,IPL 2025,RR,10.0,4,3,7,3,7.00,8,87.50,0,0,0,0,2.0,0.0,9,10.62,192,3/44,3/44,37.77,21.3,0,0,0,"July 13, 2024","July 14, 2024",,,True
2026,1460388,V Puthur,Rajasthan Royals,3000000.0,0.3,2025,Vignesh Puthur,"March 02, 2001",25y 127d,India,Bowler,-,IPL 2025,MI,5.0,-,-,-,-,-,-,-,-,-,-,-,2.0,0.0,6,9.08,72,3/32,3/32,18.16,12.0,0,0,0,,,,,True
2026,1408688,V Sooryavanshi,Rajasthan Royals,11000000.0,1.1,2025,Vaibhav Sooryavanshi,"March 27, 2011",15y 102d,India,Top order Batter,2026 - 2026,IPL 2025,RR,7.0,7,0,252,101,36.00,122,206.55,1,1,18,24,0.0,0.0,-,-,-,-,-,-,-,-,-,-,"July 04, 2026","Bihar vs Mumbai  at Patna - January 05 - 08, 2024",,,True
2026,1151278,YBK Jaiswal,Rajasthan Royals,180000000.0,18.0,2025,Yashasvi Bhupendra Kumar Jaiswal,"December 28, 2001, Suriyawan, Bhadohi, Uttar Pradesh",24y 191d,India,Opening Batter,2023 - 2026,IPL 2025,RR,14.0,14,1,559,75,43.00,350,159.71,0,6,60,28,10.0,0.0,-,-,-,-,-,-,-,-,-,-,"August 08, 2023","July 30, 2024","February 06, 2025","June 20, 2026",True
2026,1515186,Yash Raj Punja,Rajasthan Royals,3000000.0,0.3,2025,,,,,,,,,,,,,,,,,,,,,,,,,,,,,,,,,,,,,False
2026,1206052,Yudhvir Singh,Rajasthan Royals,3500000.0,0.35,2025,Yudhvir Singh Charak,"September 13, 1997, Jammu",28y 295d,India,Bowler,-,IPL 2025,RR,4.0,-,-,-,-,-,-,-,-,-,-,-,0.0,0.0,4,11.90,66,3/47,3/47,32.75,16.5,0,0,0,,,,,True
2026,1449085,Abhinandan Singh,Royal Challengers Bengaluru,3000000.0,0.3,2025,,,,,,,,,,,,,,,,,,,,,,,,,,,,,,,,,,,,,False
2026,326016,B Kumar,Royal Challengers Bengaluru,107500000.0,10.75,2025,Bhuvneshwar Kumar Singh,"February 05, 1990, Meerut, Uttar Pradesh",36y 150d,India,Bowler,2012 - 2022,IPL 2025,RCB,14.0,6,3,14,8,4.66,25,56.00,0,0,1,0,5.0,0.0,17,9.28,312,3/33,3/33,28.41,18.3,0,0,0,"December 25, 2012","November 22, 2022","December 30, 2012","January 21, 2022",True
2026,1119026,D Padikkal,Royal Challengers Bengaluru,20000000.0,2.0,2025,Devdutt Padikkal,"July 07, 2000, Edapal, Kerala",25y 363d,India,Top order Batter,2021 - 2024,IPL 2025,RCB,10.0,10,1,247,61,27.44,164,150.60,0,2,21,14,1.0,0.0,-,-,-,-,-,-,-,-,-,-,"July 28, 2021","July 29, 2021",,,True
2026,547766,JA Duffy,Royal Challengers Bengaluru,20000000.0,2.0,2025,,,,,,,,,,,,,,,,,,,,,,,,,,,,,,,,,,,,,False
2026,1194959,JG Bethell,Royal Challengers Bengaluru,26000000.0,2.6,2025,,,,,,,,,,,,,,,,,,,,,,,,,,,,,,,,,,,,,False
2026,1112537,JM Cox,Royal Challengers Bengaluru,7500000.0,0.75,2025,,,,,,,,,,,,,,,,,,,,,,,,,,,,,,,,,,,,,False
2026,721867,JM Sharma,Royal Challengers Bengaluru,110000000.0,11.0,2025,Jitesh Mohan Sharma,"October 22, 1993, Amrawati, Maharashtra",32y 256d,India,Wicketkeeper Batter,2023 - 2025,IPL 2025,RCB,15.0,11,4,261,85*,37.28,148,176.35,0,1,24,17,19.0,1.0,-,-,-,-,-,-,-,-,-,-,"October 03, 2023","December 19, 2025",,,True
2026,288284,JR Hazlewood,Royal Challengers Bengaluru,125000000.0,12.5,2025,Josh Reginald Hazlewood,"January 08, 1991, Tamworth, New South Wales",35y 172d,Australia,Bowler,2010 - 2025,IPL 2025,RCB,12.0,1,1,0,0*,-,1,0.00,0,0,0,0,1.0,0.0,22,8.77,264,4/33,4/33,17.54,12.0,1,0,0,"February 13, 2013","October 31, 2025","June 22, 2010","October 25, 2025",True
2026,1490396,K Chouhan,Royal Challengers Bengaluru,3000000.0,0.3,2025,,,,,,,,,,,,,,,,,,,,,,,,,,,,,,,,,,,,,False
2026,471342,KH Pandya,Royal Challengers Bengaluru,57500000.0,5.75,2025,Krunal Himanshu Pandya,"March 24, 1991, Ahmedabad, Gujarat",35y 103d,India,Allrounder,2018 - 2021,IPL 2025,RCB,15.0,7,1,109,73*,18.16,86,126.74,0,1,9,4,6.0,0.0,17,8.23,276,4/45,4/45,22.29,16.2,1,0,0,"November 04, 2018","July 25, 2021","March 23, 2021","July 20, 2021",True
2026,1515303,Mangesh Yadav,Royal Challengers Bengaluru,52000000.0,5.2,2025,,,,,,,,,,,,,,,,,,,,,,,,,,,,,,,,,,,,,False
2026,955235,N Thushara,Royal Challengers Bengaluru,16000000.0,1.6,2025,Ilandari Dewage Nuwan Thushara,"August 06, 1994, Thalawa",31y 335d,Sri Lanka,Bowler,2022 - 2026,IPL 2025,RCB,1.0,-,-,-,-,-,-,-,-,-,-,-,0.0,0.0,1,6.50,24,1/26,1/26,26.00,24.0,0,0,0,"February 13, 2022","January 07, 2026",,,True
2026,669365,PD Salt,Royal Challengers Bengaluru,115000000.0,11.5,2025,Philip Dean Salt,"August 28, 1996, Bodelwyddan, North Wales",29y 310d,England,Wicketkeeper Batter,2021 - 2026,IPL 2025,RCB,13.0,13,1,403,65,33.58,229,175.98,0,4,48,22,9.0,0.0,-,-,-,-,-,-,-,-,-,-,"January 26, 2022","July 01, 2026","July 08, 2021","March 01, 2025",True
2026,677077,R Shepherd,Royal Challengers Bengaluru,15000000.0,1.5,2025,Romario Shepherd,"November 26, 1994, Guyana",31y 221d,West Indies,Bowling Allrounder,2019 - 2026,IPL 2025,RCB,8.0,3,1,70,53*,35.00,24,291.66,0,1,5,7,4.0,0.0,6,10.78,84,2/14,2/14,25.16,14.0,0,0,0,"January 18, 2020","June 13, 2026","November 06, 2019","November 19, 2025",True
2026,823703,RM Patidar,Royal Challengers Bengaluru,110000000.0,11.0,2025,Rajat Manohar Patidar,"June 01, 1993, Indore, Madhya Pradesh",33y 36d,India,Top order Batter,2023 - 2024,IPL 2025,RCB,15.0,14,1,312,64,24.00,217,143.77,0,2,25,14,2.0,0.0,-,-,-,-,-,-,-,-,-,-,,,"India vs England  at Visakhapatnam - February 02 - 05, 2024","India vs England  at Ranchi - February 23 - 26, 2024",True
2026,1161489,Rasikh Salam,Royal Challengers Bengaluru,60000000.0,6.0,2025,Rasikh Salam Dar,"April 05, 2000",26y 90d,India,Bowler,-,IPL 2025,RCB,2.0,-,-,-,-,-,-,-,-,-,-,-,1.0,0.0,1,11.66,36,1/35,1/35,70.00,36.0,0,0,0,,,,,True
2026,1515302,S Deswal,Royal Challengers Bengaluru,3000000.0,0.3,2025,,,,,,,,,,,,,,,,,,,,,,,,,,,,,,,,,,,,,False
2026,1350792,Suyash Sharma,Royal Challengers Bengaluru,26000000.0,2.6,2025,Suyash Sharma,"May 15, 2003",23y 51d,India,Bowler,-,IPL 2025,RCB,14.0,-,-,-,-,-,-,-,-,-,-,-,1.0,0.0,8,8.84,300,3/17,3/17,55.25,37.5,0,0,0,,,,,True
2026,232292,Swapnil Singh,Royal Challengers Bengaluru,5000000.0,0.5,2025,,,,,,,,,,,,,,,,,,,,,,,,,,,,,,,,,,,,,False
2026,892749,TH David,Royal Challengers Bengaluru,30000000.0,3.0,2025,Timothy Hays David,"March 16, 1996, Singapore",30y 112d,Australia,Middle order Batter,2019 - 2026,IPL 2025,RCB,12.0,9,6,187,50*,62.33,101,185.14,0,1,16,14,7.0,0.0,-,-,-,-,-,-,-,-,-,-,"July 22, 2019","June 21, 2026","September 09, 2023","September 17, 2023",True
2026,253802,V Kohli,Royal Challengers Bengaluru,210000000.0,21.0,2025,Virat Kohli,"November 05, 1988, Delhi",37y 244d,India,Top order Batter,2008 - 2026,IPL 2025,RCB,15.0,15,3,657,73*,54.75,454,144.71,0,8,66,19,3.0,0.0,-,-,-,-,-,-,-,-,-,-,"June 12, 2010","June 29, 2024","August 18, 2008","January 18, 2026",True
2026,1292520,VK Ostwal,Royal Challengers Bengaluru,3000000.0,0.3,2025,,,,,,,,,,,,,,,,,,,,,,,,,,,,,,,,,,,,,False
2026,1354132,VM Malhotra,Royal Challengers Bengaluru,3000000.0,0.3,2025,,,,,,,,,,,,,,,,,,,,,,,,,,,,,,,,,,,,,False
2026,851403,VR Iyer,Royal Challengers Bengaluru,70000000.0,7.0,2025,Venkatesh Rajasekaran Iyer,"December 25, 1994, Indore, Madhya Pradesh",31y 192d,India,Allrounder,2021 - 2022,IPL 2025,KKR,11.0,7,0,142,60,20.28,102,139.21,0,1,15,4,4.0,0.0,-,-,-,-,-,-,-,-,-,-,"November 17, 2021","February 27, 2022","January 19, 2022","January 21, 2022",True
2026,1159720,Yash Dayal,Royal Challengers Bengaluru,50000000.0,5.0,2025,Yash Dayal,"December 13, 1997, Allahabad, Uttar Pradesh",28y 203d,India,Bowler,-,IPL 2025,RCB,15.0,3,1,4,3,2.00,8,50.00,0,0,0,0,3.0,0.0,13,9.59,294,2/18,2/18,36.15,22.6,0,0,0,,,,,True
2026,1409976,AU Verma,Sunrisers Hyderabad,3000000.0,0.3,2025,Aniket Umashankar Verma,"February 05, 2002, Jhansi. Uttar Pradesh",24y 152d,India,Batter,-,IPL 2025,SRH,14.0,12,3,236,74,26.22,142,166.19,0,1,12,20,6.0,0.0,-,-,-,-,-,-,-,-,-,-,,,,,True
2026,1070183,Abhishek Sharma,Sunrisers Hyderabad,140000000.0,14.0,2025,Abhishek Sharma,"September 04, 2000, Amritsar, Punjab",25y 306d,India,Batting Allrounder,2024 - 2026,IPL 2025,SRH,14.0,13,0,439,141,33.76,227,193.39,1,2,46,28,8.0,0.0,0,10.18,66,-,-,-,-,0,0,0,"July 06, 2024","July 04, 2026",,,True
2026,1512257,Amit Kumar,Sunrisers Hyderabad,3000000.0,0.3,2025,,,,,,,,,,,,,,,,,,,,,,,,,,,,,,,,,,,,,False
2026,596417,BA Carse,Sunrisers Hyderabad,10000000.0,1.0,2025,,,,,,,,,,,,,,,,,,,,,,,,,,,,,,,,,,,,,False
2026,1306214,E Malinga,Sunrisers Hyderabad,12000000.0,1.2,2025,Kiribathgala Kankanamalage Eshan Malinga Dharmasena,"February 04, 2001, Ratnapura",25y 153d,Sri Lanka,Bowler,2025 - 2026,IPL 2025,SRH,7.0,-,-,-,-,-,-,-,-,-,-,-,4.0,0.0,13,8.92,160,3/31,3/31,18.30,12.3,0,0,0,"November 20, 2025","June 14, 2026","January 05, 2025","June 06, 2026",True
2026,436757,H Klaasen,Sunrisers Hyderabad,230000000.0,23.0,2025,Heinrich Klaasen,"July 30, 1991, Pretoria, Transvaal",34y 342d,South Africa,Wicketkeeper Batter,2018 - 2025,IPL 2025,SRH,14.0,13,2,487,105*,44.27,282,172.69,1,1,42,25,7.0,0.0,-,-,-,-,-,-,-,-,-,-,"February 18, 2018","December 13, 2024","February 07, 2018","March 05, 2025",True
2026,1216159,HS Dubey,Sunrisers Hyderabad,3000000.0,0.3,2025,Harsh Surendra Dubey,"July 23, 2002, Pune, Maharashtra",23y 349d,India,Bowling Allrounder,2026 - 2026,IPL 2025,SRH,3.0,-,-,-,-,-,-,-,-,-,-,-,0.0,0.0,5,9.80,60,3/34,3/34,19.60,12.0,0,0,0,,,"June 13, 2026","June 20, 2026",True
2026,390481,HV Patel,Sunrisers Hyderabad,80000000.0,8.0,2025,Harshal Vikram Patel,"November 23, 1990, Sanand, Gujarat",35y 223d,India,Bowling Allrounder,2021 - 2023,IPL 2025,SRH,13.0,4,2,21,12*,10.50,26,80.76,0,0,0,0,3.0,0.0,16,9.80,263,4/28,4/28,26.87,16.4,2,0,0,"November 19, 2021","January 03, 2023",,,True
2026,720471,Ishan Kishan,Sunrisers Hyderabad,112500000.0,11.25,2025,Ishan Pranav Kumar Pandey Kishan,"July 18, 1998, Patna, Bihar",27y 351d,India,Wicketkeeper Batter,2021 - 2026,IPL 2025,SRH,14.0,13,3,354,106*,35.40,232,152.58,1,1,33,15,8.0,0.0,0,24.00,1,-,-,-,-,0,0,0,"March 14, 2021","July 01, 2026","July 18, 2021","June 20, 2026",True
2026,1088610,J Edwards,Sunrisers Hyderabad,30000000.0,3.0,2025,,,,,,,,,,,,,,,,,,,,,,,,,,,,,,,,,,,,,False
2026,390484,JD Unadkat,Sunrisers Hyderabad,10000000.0,1.0,2025,Jaydev Dipakbhai Unadkat,"October 18, 1991, Porbandar",34y 259d,India,Bowler,2010 - 2023,IPL 2025,SRH,7.0,-,-,-,-,-,-,-,-,-,-,-,2.0,0.0,11,7.34,143,3/24,3/24,15.90,13.0,0,0,0,"June 18, 2016","March 18, 2018","July 24, 2013","August 01, 2023",True
2026,1175496,K Nitish Kumar Reddy,Sunrisers Hyderabad,60000000.0,6.0,2025,Kaki Nitish Kumar Reddy,"May 26, 2003, Visakhapatnam, Andhra Pradesh",23y 42d,India,Batting Allrounder,2024 - 2026,IPL 2025,SRH,13.0,11,3,182,32,22.75,153,118.95,0,0,16,4,6.0,0.0,2,9.40,30,1/13,1/13,23.50,15.0,0,0,0,"October 06, 2024","January 22, 2025","October 19, 2025","June 20, 2026",True
2026,1467631,KB Fuletra,Sunrisers Hyderabad,3000000.0,0.3,2025,,,,,,,,,,,,,,,,,,,,,,,,,,,,,,,,,,,,,False
2026,403902,LS Livingstone,Sunrisers Hyderabad,130000000.0,13.0,2025,Liam Stephen Livingstone,"August 04, 1993, Barrow-in-Furness, Cumberland",32y 335d,England,Batting Allrounder,2017 - 2025,IPL 2025,RCB,10.0,8,1,112,54,16.00,84,133.33,0,1,4,9,4.0,0.0,2,8.44,54,2/28,2/28,38.00,27.0,0,0,0,"June 23, 2017","February 02, 2025","March 26, 2021","March 01, 2025",True
2026,1515304,O Tarmale,Sunrisers Hyderabad,3000000.0,0.3,2025,,,,,,,,,,,,,,,,,,,,,,,,,,,,,,,,,,,,,False
2026,784373,PHKD Mendis,Sunrisers Hyderabad,7500000.0,0.75,2025,Pasqual Handi Kamindu Dilanka Mendis,"September 30, 1998, Galle",27y 280d,Sri Lanka,Allrounder,2018 - 2026,IPL 2025,SRH,5.0,5,2,92,32*,30.66,69,133.33,0,0,7,2,1.0,0.0,2,8.57,42,1/4,1/4,30.00,21.0,0,0,0,"October 27, 2018","June 14, 2026","March 10, 2019","June 06, 2026",True
2026,489889,PJ Cummins,Sunrisers Hyderabad,180000000.0,18.0,2025,Patrick James Cummins,"May 08, 1993, Westmead, Sydney",33y 58d,Australia,Bowler,2011 - 2025,IPL 2025,SRH,14.0,9,5,97,22*,24.25,58,167.24,0,0,6,7,5.0,0.0,16,9.06,298,3/19,3/19,28.12,18.6,0,0,0,"October 13, 2011","June 24, 2024","October 19, 2011","November 08, 2024",True
2026,1216167,PP Hinge,Sunrisers Hyderabad,3000000.0,0.3,2025,,,,,,,,,,,,,,,,,,,,,,,,,,,,,,,,,,,,,False
2026,1327722,R Smaran,Sunrisers Hyderabad,3000000.0,0.3,2025,,,,,,,,,,,,,,,,,,,,,,,,,,,,,,,,,,,,,False
2026,1199281,S Arora,Sunrisers Hyderabad,15000000.0,1.5,2025,,,,,,,,,,,,,,,,,,,,,,,,,,,,,,,,,,,,,False
2026,1340422,Sakib Hussain,Sunrisers Hyderabad,3000000.0,0.3,2025,,,,,,,,,,,,,,,,,,,,,,,,,,,,,,,,,,,,,False
2026,1079848,Shivam Mavi,Sunrisers Hyderabad,7500000.0,0.75,2025,,,,,,,,,,,,,,,,,,,,,,,,,,,,,,,,,,,,,False
2026,1512089,Shivang Kumar,Sunrisers Hyderabad,3000000.0,0.3,2025,,,,,,,,,,,,,,,,,,,,,,,,,,,,,,,,,,,,,False
2026,530011,TM Head,Sunrisers Hyderabad,140000000.0,14.0,2025,Travis Michael Head,"December 29, 1993, Adelaide, South Australia",32y 190d,Australia,Middle order Batter,2016 - 2026,IPL 2025,SRH,13.0,12,0,374,76,31.16,230,162.60,0,3,50,15,3.0,0.0,-,-,-,-,-,-,-,-,-,-,"January 26, 2016","February 20, 2026","June 13, 2016","October 25, 2025",True
2026,942371,Zeeshan Ansari,Sunrisers Hyderabad,4000000.0,0.4,2025,Zeeshan Ansari,"December 16, 1999, Lucknow, Uttar Pradesh",26y 203d,India,Bowler,-,IPL 2025,SRH,10.0,-,-,-,-,-,-,-,-,-,-,-,4.0,0.0,6,9.84,203,3/42,3/42,55.50,33.8,0,0,0,,,,,True
