player_id,player_name,birthdate,age,nationality,player_role,batting_style,bowling_style,international_career,year,tournament,team,matches,innings,no,runs,highestscore,batting_average,bf,strikerate,100s,50s,4s,6s,Ct,St,wickets,economy,balls,bbi,bbm,bowl_ave,sr,4w,5w,10w,t20_start,t20_end,odi_start,odi_end,bbi_wkts,bbi_runs,bbm_wkts,bbm_runs
302582,Abhinav Mukund,1990-01-06,36y 174d,India,Top order Batter,Left hand Bat,Legbreak Googly,2011 - 2017,2013,IPL 2013,RCB,1,1.0,0.0,19.0,19.0,19.0,21.0,90.47,0.0,0.0,1.0,0.0,0,0,,,,,,,,,,,,,,,,,,
302582,Abhinav Mukund,1990-01-06,36y 174d,India,Top order Batter,Left hand Bat,Legbreak Googly,2011 - 2017,2007/08,IPL 2007/08,CSK,2,1.0,0.0,0.0,0.0,0.0,1.0,0.0,0.0,0.0,0.0,0.0,3,0,,,,,,,,,,,,,,,,,,
450860,Adam Fraser Milne,1992-04-13,34y 77d,New Zealand,Bowler,Right hand Bat,Right arm Fast,2010 - 2025,2026,IPL 2026,RR,1,1.0,1.0,2.0,2.0,,2.0,100.0,0.0,0.0,0.0,0.0,0,0,0.0,12.3,20.0,,,,,0.0,0.0,0.0,2010-12-26,2025-07-26,2012-11-10,2024-11-19,,,,
450860,Adam Fraser Milne,1992-04-13,34y 77d,New Zealand,Bowler,Right hand Bat,Right arm Fast,2010 - 2025,2022,IPL 2022,CSK,1,,,,,,,,,,,,0,0,0.0,7.6,15.0,,,,,0.0,0.0,0.0,2010-12-26,2025-07-26,2012-11-10,2024-11-19,,,,
450860,Adam Fraser Milne,1992-04-13,34y 77d,New Zealand,Bowler,Right hand Bat,Right arm Fast,2010 - 2025,2021,IPL 2021,MI,4,3.0,1.0,16.0,15.0,8.0,17.0,94.11,0.0,0.0,0.0,1.0,2,0,3.0,9.35,84.0,2/21,2/21,43.66,28.0,0.0,0.0,0.0,2010-12-26,2025-07-26,2012-11-10,2024-11-19,2.0,21.0,2.0,21.0
450860,Adam Fraser Milne,1992-04-13,34y 77d,New Zealand,Bowler,Right hand Bat,Right arm Fast,2010 - 2025,2017,IPL 2017,RCB,4,3.0,1.0,7.0,5.0,3.5,12.0,58.33,0.0,0.0,0.0,0.0,4,0,3.0,9.57,84.0,2/27,2/27,44.66,28.0,0.0,0.0,0.0,2010-12-26,2025-07-26,2012-11-10,2024-11-19,2.0,27.0,2.0,27.0
450860,Adam Fraser Milne,1992-04-13,34y 77d,New Zealand,Bowler,Right hand Bat,Right arm Fast,2010 - 2025,2016,IPL 2016,RCB,1,,,,,,,,,,,,1,0,1.0,10.75,24.0,1/43,1/43,43.0,24.0,0.0,0.0,0.0,2010-12-26,2025-07-26,2012-11-10,2024-11-19,1.0,43.0,1.0,43.0
277916,Ajinkya Madhukar Rahane,1988-06-06,38y 23d,India,Top order Batter,Right hand Bat,Right arm Medium,2011 - 2023,2026,IPL 2026,KKR,14,14.0,1.0,335.0,67.0,25.76,248.0,135.08,0.0,2.0,25.0,18.0,8,0,,,,,,,,,,,2011-08-31,2016-08-28,2011-09-03,2018-02-16,,,,
277916,Ajinkya Madhukar Rahane,1988-06-06,38y 23d,India,Top order Batter,Right hand Bat,Right arm Medium,2011 - 2023,2025,IPL 2025,KKR,13,12.0,1.0,390.0,61.0,35.45,264.0,147.72,0.0,3.0,36.0,20.0,5,0,,,,,,,,,,,2011-08-31,2016-08-28,2011-09-03,2018-02-16,,,,
277916,Ajinkya Madhukar Rahane,1988-06-06,38y 23d,India,Top order Batter,Right hand Bat,Right arm Medium,2011 - 2023,2024,IPL 2024,CSK,13,12.0,0.0,242.0,45.0,20.16,196.0,123.46,0.0,0.0,23.0,7.0,1,0,,,,,,,,,,,2011-08-31,2016-08-28,2011-09-03,2018-02-16,,,,
277916,Ajinkya Madhukar Rahane,1988-06-06,38y 23d,India,Top order Batter,Right hand Bat,Right arm Medium,2011 - 2023,2023,IPL 2023,CSK,14,11.0,1.0,326.0,71.0,32.6,189.0,172.48,0.0,2.0,24.0,16.0,8,0,,,,,,,,,,,2011-08-31,2016-08-28,2011-09-03,2018-02-16,,,,
277916,Ajinkya Madhukar Rahane,1988-06-06,38y 23d,India,Top order Batter,Right hand Bat,Right arm Medium,2011 - 2023,2022,IPL 2022,KKR,7,7.0,0.0,133.0,44.0,19.0,128.0,103.9,0.0,0.0,14.0,4.0,3,0,,,,,,,,,,,2011-08-31,2016-08-28,2011-09-03,2018-02-16,,,,
277916,Ajinkya Madhukar Rahane,1988-06-06,38y 23d,India,Top order Batter,Right hand Bat,Right arm Medium,2011 - 2023,2021,IPL 2021,DC,2,1.0,0.0,8.0,8.0,8.0,8.0,100.0,0.0,0.0,1.0,0.0,0,0,,,,,,,,,,,2011-08-31,2016-08-28,2011-09-03,2018-02-16,,,,
277916,Ajinkya Madhukar Rahane,1988-06-06,38y 23d,India,Top order Batter,Right hand Bat,Right arm Medium,2011 - 2023,2020/21,IPL 2020/21,DC,9,8.0,0.0,113.0,60.0,14.12,107.0,105.6,0.0,1.0,12.0,2.0,4,0,,,,,,,,,,,2011-08-31,2016-08-28,2011-09-03,2018-02-16,,,,
277916,Ajinkya Madhukar Rahane,1988-06-06,38y 23d,India,Top order Batter,Right hand Bat,Right arm Medium,2011 - 2023,2019,IPL 2019,RR,14,13.0,1.0,393.0,105.0,32.75,285.0,137.89,1.0,1.0,45.0,9.0,5,0,,,,,,,,,,,2011-08-31,2016-08-28,2011-09-03,2018-02-16,,,,
277916,Ajinkya Madhukar Rahane,1988-06-06,38y 23d,India,Top order Batter,Right hand Bat,Right arm Medium,2011 - 2023,2018,IPL 2018,RR,15,14.0,1.0,370.0,65.0,28.46,313.0,118.21,0.0,1.0,39.0,5.0,4,0,,,,,,,,,,,2011-08-31,2016-08-28,2011-09-03,2018-02-16,,,,
277916,Ajinkya Madhukar Rahane,1988-06-06,38y 23d,India,Top order Batter,Right hand Bat,Right arm Medium,2011 - 2023,2017,IPL 2017,RPS,16,16.0,1.0,382.0,60.0,25.46,323.0,118.26,0.0,2.0,35.0,9.0,6,0,,,,,,,,,,,2011-08-31,2016-08-28,2011-09-03,2018-02-16,,,,
277916,Ajinkya Madhukar Rahane,1988-06-06,38y 23d,India,Top order Batter,Right hand Bat,Right arm Medium,2011 - 2023,2016,IPL 2016,RPS,14,14.0,3.0,480.0,74.0,43.63,379.0,126.64,0.0,6.0,54.0,9.0,7,0,,,,,,,,,,,2011-08-31,2016-08-28,2011-09-03,2018-02-16,,,,
277916,Ajinkya Madhukar Rahane,1988-06-06,38y 23d,India,Top order Batter,Right hand Bat,Right arm Medium,2011 - 2023,2015,IPL 2015,RR,14,13.0,2.0,540.0,91.0,49.09,413.0,130.75,0.0,4.0,53.0,13.0,3,0,,,,,,,,,,,2011-08-31,2016-08-28,2011-09-03,2018-02-16,,,,
277916,Ajinkya Madhukar Rahane,1988-06-06,38y 23d,India,Top order Batter,Right hand Bat,Right arm Medium,2011 - 2023,2014,IPL 2014,RR,13,12.0,0.0,339.0,72.0,28.25,291.0,116.49,0.0,3.0,38.0,3.0,6,0,,,,,,,,,,,2011-08-31,2016-08-28,2011-09-03,2018-02-16,,,,
277916,Ajinkya Madhukar Rahane,1988-06-06,38y 23d,India,Top order Batter,Right hand Bat,Right arm Medium,2011 - 2023,2013,IPL 2013,RR,18,18.0,4.0,488.0,68.0,34.85,458.0,106.55,0.0,4.0,42.0,11.0,10,0,,,,,,,,,,,2011-08-31,2016-08-28,2011-09-03,2018-02-16,,,,
277916,Ajinkya Madhukar Rahane,1988-06-06,38y 23d,India,Top order Batter,Right hand Bat,Right arm Medium,2011 - 2023,2012,IPL 2012,RR,16,16.0,2.0,560.0,103.0,40.0,433.0,129.33,1.0,3.0,73.0,10.0,11,0,,,,,,,,,,,2011-08-31,2016-08-28,2011-09-03,2018-02-16,,,,
277916,Ajinkya Madhukar Rahane,1988-06-06,38y 23d,India,Top order Batter,Right hand Bat,Right arm Medium,2011 - 2023,2011,IPL 2011,RR,10,7.0,1.0,120.0,52.0,20.0,98.0,122.44,0.0,1.0,12.0,2.0,1,0,,,,,,,,,,,2011-08-31,2016-08-28,2011-09-03,2018-02-16,,,,
277916,Ajinkya Madhukar Rahane,1988-06-06,38y 23d,India,Top order Batter,Right hand Bat,Right arm Medium,2011 - 2023,2009,IPL 2009,MI,8,7.0,1.0,144.0,62.0,24.0,123.0,117.07,0.0,2.0,12.0,3.0,1,0,1.0,5.0,6.0,1/5,1/5,5.0,6.0,0.0,0.0,0.0,2011-08-31,2016-08-28,2011-09-03,2018-02-16,1.0,5.0,1.0,5.0
277916,Ajinkya Madhukar Rahane,1988-06-06,38y 23d,India,Top order Batter,Right hand Bat,Right arm Medium,2011 - 2023,2007/08,IPL 2007/08,MI,2,2.0,0.0,4.0,4.0,2.0,17.0,23.52,0.0,0.0,1.0,0.0,0,0,,,,,,,,,,,2011-08-31,2016-08-28,2011-09-03,2018-02-16,,,,
1175458,Akash Maharaj Singh,2002-04-26,24y 64d,India,Bowler,Right hand Bat,Left arm Medium fast,,2026,IPL 2026,LSG,2,,,,,,,,,,,,1,0,4.0,11.42,42.0,3/26,3/26,20.0,10.5,0.0,0.0,0.0,,,,,3.0,26.0,3.0,26.0
1175458,Akash Maharaj Singh,2002-04-26,24y 64d,India,Bowler,Right hand Bat,Left arm Medium fast,,2025,IPL 2025,LSG,3,,,,,,,,,,,,0,0,4.0,8.86,67.0,2/30,2/30,24.75,16.7,0.0,0.0,0.0,,,,,2.0,30.0,2.0,30.0
1175458,Akash Maharaj Singh,2002-04-26,24y 64d,India,Bowler,Right hand Bat,Left arm Medium fast,,2023,IPL 2023,CSK,6,,,,,,,,,,,,1,0,5.0,9.89,114.0,2/40,2/40,37.6,22.8,0.0,0.0,0.0,,,,,2.0,40.0,2.0,40.0
1175458,Akash Maharaj Singh,2002-04-26,24y 64d,India,Bowler,Right hand Bat,Left arm Medium fast,,2021,IPL 2021,RR,1,,,,,,,,,,,,0,0,0.0,9.75,24.0,,,,,0.0,0.0,0.0,,,,,,,,
530812,Akeal Jerome Hosein,1993-04-25,33y 65d,West Indies,Bowler,Left hand Bat,Slow Left arm Orthodox,2021 - 2026,2026,IPL 2026,CSK,7,3.0,3.0,5.0,3.0,,3.0,166.66,0.0,0.0,0.0,0.0,2,0,8.0,8.02,148.0,4/17,4/17,24.75,18.5,1.0,0.0,0.0,2021-07-03,2026-06-14,2021-01-20,2025-10-23,4.0,17.0,4.0,17.0
530812,Akeal Jerome Hosein,1993-04-25,33y 65d,West Indies,Bowler,Left hand Bat,Slow Left arm Orthodox,2021 - 2026,2023,IPL 2023,SRH,1,1.0,1.0,16.0,16.0,,10.0,160.0,0.0,0.0,1.0,1.0,0,0,1.0,10.0,24.0,1/40,1/40,40.0,24.0,0.0,0.0,0.0,2021-07-03,2026-06-14,2021-01-20,2025-10-23,1.0,40.0,1.0,40.0
46248,Johannes Albertus Morkel,1981-06-10,45y 19d,South Africa,Bowling Allrounder,Left hand Bat,Right arm Medium fast,2004 - 2015,2016,IPL 2016,RPS,2,1.0,0.0,16.0,16.0,16.0,9.0,177.77,0.0,0.0,0.0,2.0,1,0,2.0,13.2,30.0,2/36,2/36,33.0,15.0,0.0,0.0,0.0,2005-10-21,2015-10-05,2004-02-20,2012-03-03,2.0,36.0,2.0,36.0
46248,Johannes Albertus Morkel,1981-06-10,45y 19d,South Africa,Bowling Allrounder,Left hand Bat,Right arm Medium fast,2004 - 2015,2015,IPL 2015,DC,4,3.0,2.0,86.0,73.0,86.0,65.0,132.3,0.0,1.0,9.0,2.0,1,0,3.0,9.08,72.0,2/21,2/21,36.33,24.0,0.0,0.0,0.0,2005-10-21,2015-10-05,2004-02-20,2012-03-03,2.0,21.0,2.0,21.0
46248,Johannes Albertus Morkel,1981-06-10,45y 19d,South Africa,Bowling Allrounder,Left hand Bat,Right arm Medium fast,2004 - 2015,2014,IPL 2014,RCB,7,5.0,2.0,45.0,16.0,15.0,41.0,109.75,0.0,0.0,1.0,3.0,2,0,4.0,7.87,96.0,1/18,1/18,31.5,24.0,0.0,0.0,0.0,2005-10-21,2015-10-05,2004-02-20,2012-03-03,1.0,18.0,1.0,18.0
46248,Johannes Albertus Morkel,1981-06-10,45y 19d,South Africa,Bowling Allrounder,Left hand Bat,Right arm Medium fast,2004 - 2015,2013,IPL 2013,CSK,8,3.0,0.0,46.0,23.0,15.33,37.0,124.32,0.0,0.0,2.0,3.0,2,0,7.0,6.62,144.0,3/32,3/32,22.71,20.5,0.0,0.0,0.0,2005-10-21,2015-10-05,2004-02-20,2012-03-03,3.0,32.0,3.0,32.0
46248,Johannes Albertus Morkel,1981-06-10,45y 19d,South Africa,Bowling Allrounder,Left hand Bat,Right arm Medium fast,2004 - 2015,2012,IPL 2012,CSK,16,12.0,5.0,107.0,28.0,15.28,68.0,157.35,0.0,0.0,5.0,6.0,2,0,13.0,7.77,297.0,3/29,3/29,29.61,22.8,0.0,0.0,0.0,2005-10-21,2015-10-05,2004-02-20,2012-03-03,3.0,29.0,3.0,29.0
46248,Johannes Albertus Morkel,1981-06-10,45y 19d,South Africa,Bowling Allrounder,Left hand Bat,Right arm Medium fast,2004 - 2015,2011,IPL 2011,CSK,15,13.0,7.0,138.0,30.0,23.0,102.0,135.29,0.0,0.0,8.0,8.0,4,0,15.0,8.48,270.0,3/29,3/29,25.46,18.0,0.0,0.0,0.0,2005-10-21,2015-10-05,2004-02-20,2012-03-03,3.0,29.0,3.0,29.0
46248,Johannes Albertus Morkel,1981-06-10,45y 19d,South Africa,Bowling Allrounder,Left hand Bat,Right arm Medium fast,2004 - 2015,2009/10,IPL 2009/10,CSK,14,11.0,3.0,198.0,62.0,24.75,131.0,151.14,0.0,1.0,10.0,13.0,3,0,11.0,8.49,286.0,2/23,2/23,36.81,26.0,0.0,0.0,0.0,2005-10-21,2015-10-05,2004-02-20,2012-03-03,2.0,23.0,2.0,23.0
46248,Johannes Albertus Morkel,1981-06-10,45y 19d,South Africa,Bowling Allrounder,Left hand Bat,Right arm Medium fast,2004 - 2015,2009,IPL 2009,CSK,12,10.0,6.0,97.0,21.0,24.25,70.0,138.57,0.0,0.0,8.0,4.0,1,0,13.0,8.1,240.0,2/13,2/13,24.92,18.4,0.0,0.0,0.0,2005-10-21,2015-10-05,2004-02-20,2012-03-03,2.0,13.0,2.0,13.0
46248,Johannes Albertus Morkel,1981-06-10,45y 19d,South Africa,Bowling Allrounder,Left hand Bat,Right arm Medium fast,2004 - 2015,2007/08,IPL 2007/08,CSK,13,10.0,3.0,241.0,71.0,34.42,163.0,147.85,0.0,1.0,18.0,14.0,3,0,17.0,8.31,288.0,4/32,4/32,23.47,16.9,1.0,0.0,0.0,2005-10-21,2015-10-05,2004-02-20,2012-03-03,4.0,32.0,4.0,32.0
33141,Ambati Thirupathi Rayudu,1985-09-23,40y 279d,India,Middle order Batter,Right hand Bat,Right arm Offbreak,2013 - 2019,2023,IPL 2023,CSK,16,12.0,2.0,158.0,27.0,15.8,113.0,139.82,0.0,0.0,10.0,9.0,2,0,,,,,,,,,,,2014-09-07,2016-06-22,2013-07-24,2019-03-08,,,,
33141,Ambati Thirupathi Rayudu,1985-09-23,40y 279d,India,Middle order Batter,Right hand Bat,Right arm Offbreak,2013 - 2019,2022,IPL 2022,CSK,13,11.0,0.0,274.0,78.0,24.9,224.0,122.32,0.0,1.0,25.0,15.0,4,0,,,,,,,,,,,2014-09-07,2016-06-22,2013-07-24,2019-03-08,,,,
33141,Ambati Thirupathi Rayudu,1985-09-23,40y 279d,India,Middle order Batter,Right hand Bat,Right arm Offbreak,2013 - 2019,2021,IPL 2021,CSK,16,13.0,4.0,257.0,72.0,28.55,170.0,151.17,0.0,2.0,16.0,17.0,2,0,,,,,,,,,,,2014-09-07,2016-06-22,2013-07-24,2019-03-08,,,,
33141,Ambati Thirupathi Rayudu,1985-09-23,40y 279d,India,Middle order Batter,Right hand Bat,Right arm Offbreak,2013 - 2019,2020/21,IPL 2020/21,CSK,12,11.0,2.0,359.0,71.0,39.88,282.0,127.3,0.0,1.0,30.0,12.0,3,0,,,,,,,,,,,2014-09-07,2016-06-22,2013-07-24,2019-03-08,,,,
33141,Ambati Thirupathi Rayudu,1985-09-23,40y 279d,India,Middle order Batter,Right hand Bat,Right arm Offbreak,2013 - 2019,2019,IPL 2019,CSK,17,17.0,5.0,282.0,57.0,23.5,303.0,93.06,0.0,1.0,20.0,7.0,6,0,,,,,,,,,,,2014-09-07,2016-06-22,2013-07-24,2019-03-08,,,,
33141,Ambati Thirupathi Rayudu,1985-09-23,40y 279d,India,Middle order Batter,Right hand Bat,Right arm Offbreak,2013 - 2019,2018,IPL 2018,CSK,16,16.0,2.0,602.0,100.0,43.0,402.0,149.75,1.0,3.0,53.0,34.0,2,0,,,,,,,,,,,2014-09-07,2016-06-22,2013-07-24,2019-03-08,,,,
33141,Ambati Thirupathi Rayudu,1985-09-23,40y 279d,India,Middle order Batter,Right hand Bat,Right arm Offbreak,2013 - 2019,2017,IPL 2017,MI,5,5.0,0.0,91.0,63.0,18.2,78.0,116.66,0.0,1.0,7.0,3.0,3,0,,,,,,,,,,,2014-09-07,2016-06-22,2013-07-24,2019-03-08,,,,
33141,Ambati Thirupathi Rayudu,1985-09-23,40y 279d,India,Middle order Batter,Right hand Bat,Right arm Offbreak,2013 - 2019,2016,IPL 2016,MI,13,12.0,1.0,334.0,65.0,30.36,278.0,120.14,0.0,2.0,28.0,12.0,4,0,,,,,,,,,,,2014-09-07,2016-06-22,2013-07-24,2019-03-08,,,,
33141,Ambati Thirupathi Rayudu,1985-09-23,40y 279d,India,Middle order Batter,Right hand Bat,Right arm Offbreak,2013 - 2019,2015,IPL 2015,MI,15,14.0,5.0,281.0,53.0,31.22,193.0,145.59,0.0,1.0,18.0,16.0,9,0,,,,,,,,,,,2014-09-07,2016-06-22,2013-07-24,2019-03-08,,,,
33141,Ambati Thirupathi Rayudu,1985-09-23,40y 279d,India,Middle order Batter,Right hand Bat,Right arm Offbreak,2013 - 2019,2014,IPL 2014,MI,15,14.0,0.0,361.0,68.0,25.78,287.0,125.78,0.0,2.0,31.0,8.0,6,0,,,,,,,,,,,2014-09-07,2016-06-22,2013-07-24,2019-03-08,,,,
33141,Ambati Thirupathi Rayudu,1985-09-23,40y 279d,India,Middle order Batter,Right hand Bat,Right arm Offbreak,2013 - 2019,2013,IPL 2013,MI,19,17.0,3.0,265.0,37.0,18.92,231.0,114.71,0.0,0.0,22.0,4.0,8,0,,,,,,,,,,,2014-09-07,2016-06-22,2013-07-24,2019-03-08,,,,
33141,Ambati Thirupathi Rayudu,1985-09-23,40y 279d,India,Middle order Batter,Right hand Bat,Right arm Offbreak,2013 - 2019,2012,IPL 2012,MI,17,15.0,6.0,333.0,81.0,37.0,252.0,132.14,0.0,2.0,21.0,14.0,2,0,,,,,,,,,,,2014-09-07,2016-06-22,2013-07-24,2019-03-08,,,,
33141,Ambati Thirupathi Rayudu,1985-09-23,40y 279d,India,Middle order Batter,Right hand Bat,Right arm Offbreak,2013 - 2019,2011,IPL 2011,MI,16,16.0,2.0,395.0,63.0,28.21,350.0,112.85,0.0,4.0,44.0,9.0,7,1,,,,,,,,,,,2014-09-07,2016-06-22,2013-07-24,2019-03-08,,,,
33141,Ambati Thirupathi Rayudu,1985-09-23,40y 279d,India,Middle order Batter,Right hand Bat,Right arm Offbreak,2013 - 2019,2009/10,IPL 2009/10,MI,14,14.0,1.0,356.0,55.0,27.38,246.0,144.71,0.0,2.0,34.0,13.0,6,1,,,,,,,,,,,2014-09-07,2016-06-22,2013-07-24,2019-03-08,,,,
12856,Andrew Flintoff,1977-12-06,48y 205d,England,Allrounder,Right hand Bat,Right arm Fast medium,1998 - 2009,2009,IPL 2009,CSK,3,3.0,1.0,62.0,24.0,31.0,53.0,116.98,0.0,0.0,5.0,2.0,4,0,2.0,9.54,66.0,1/11,1/11,52.5,33.0,0.0,0.0,0.0,2005-06-13,2007-09-19,1999-04-07,2009-04-03,1.0,11.0,1.0,11.0
591650,Ankit Singh Rajpoot,1993-12-04,32y 207d,India,Bowler,Right hand Bat,Right arm Medium,,2020/21,IPL 2020/21,RR,6,2.0,1.0,9.0,7.0,9.0,10.0,90.0,0.0,0.0,0.0,1.0,0,0,2.0,11.7,102.0,1/39,1/39,99.5,51.0,0.0,0.0,0.0,,,,,1.0,39.0,1.0,39.0
591650,Ankit Singh Rajpoot,1993-12-04,32y 207d,India,Bowler,Right hand Bat,Right arm Medium,,2019,IPL 2019,PBKS,4,,,,,,,,,,,,1,0,3.0,9.5,96.0,2/33,2/33,50.66,32.0,0.0,0.0,0.0,,,,,2.0,33.0,2.0,33.0
591650,Ankit Singh Rajpoot,1993-12-04,32y 207d,India,Bowler,Right hand Bat,Right arm Medium,,2018,IPL 2018,PBKS,8,3.0,0.0,11.0,8.0,3.66,18.0,61.11,0.0,0.0,1.0,0.0,2,0,11.0,8.52,157.0,5/14,5/14,20.27,14.2,0.0,1.0,0.0,,,,,5.0,14.0,5.0,14.0
591650,Ankit Singh Rajpoot,1993-12-04,32y 207d,India,Bowler,Right hand Bat,Right arm Medium,,2017,IPL 2017,KKR,5,1.0,0.0,4.0,4.0,4.0,7.0,57.14,0.0,0.0,1.0,0.0,1,0,4.0,7.64,84.0,3/37,3/37,26.75,21.0,0.0,0.0,0.0,,,,,3.0,37.0,3.0,37.0
591650,Ankit Singh Rajpoot,1993-12-04,32y 207d,India,Bowler,Right hand Bat,Right arm Medium,,2016,IPL 2016,KKR,4,,,,,,,,,,,,0,0,3.0,8.9,66.0,1/14,1/14,32.66,22.0,0.0,0.0,0.0,,,,,1.0,14.0,1.0,14.0
591650,Ankit Singh Rajpoot,1993-12-04,32y 207d,India,Bowler,Right hand Bat,Right arm Medium,,2013,IPL 2013,CSK,2,1.0,1.0,2.0,2.0,,6.0,33.33,0.0,0.0,0.0,0.0,0,0,1.0,8.75,24.0,1/25,1/25,35.0,24.0,0.0,0.0,0.0,,,,,1.0,25.0,1.0,25.0
1175428,Anshul Kamboj,2000-12-06,25y 205d,India,Bowling Allrounder,Right hand Bat,Right arm Medium,2025 - 2025,2026,IPL 2026,CSK,14,4.0,2.0,58.0,19.0,29.0,38.0,152.63,0.0,0.0,3.0,4.0,2,0,21.0,10.52,302.0,3/22,3/22,25.23,14.3,0.0,0.0,0.0,,,,,3.0,22.0,3.0,22.0
1175428,Anshul Kamboj,2000-12-06,25y 205d,India,Bowling Allrounder,Right hand Bat,Right arm Medium,2025 - 2025,2025,IPL 2025,CSK,8,5.0,3.0,14.0,5.0,7.0,12.0,116.66,0.0,0.0,2.0,0.0,1,0,8.0,8.0,129.0,3/13,3/13,21.5,16.1,0.0,0.0,0.0,,,,,3.0,13.0,3.0,13.0
1175428,Anshul Kamboj,2000-12-06,25y 205d,India,Bowling Allrounder,Right hand Bat,Right arm Medium,2025 - 2025,2024,IPL 2024,MI,3,1.0,1.0,2.0,2.0,,2.0,100.0,0.0,0.0,0.0,0.0,3,0,2.0,11.4,60.0,1/24,1/24,57.0,30.0,0.0,0.0,0.0,,,,,1.0,24.0,1.0,24.0
319745,Konda Bhaskir Arun Karthik,1986-02-15,40y 134d,India,Wicketkeeper Batter,Right hand Bat,Legbreak Googly,,2013,IPL 2013,RCB,12,5.0,2.0,41.0,19.0,13.66,38.0,107.89,0.0,0.0,3.0,1.0,9,2,,,,,,,,,,,,,,,,,,
319745,Konda Bhaskir Arun Karthik,1986-02-15,40y 134d,India,Wicketkeeper Batter,Right hand Bat,Legbreak Googly,,2012,IPL 2012,RCB,1,,,,,,,,,,,,0,0,,,,,,,,,,,,,,,,,,
319745,Konda Bhaskir Arun Karthik,1986-02-15,40y 134d,India,Wicketkeeper Batter,Right hand Bat,Legbreak Googly,,2011,IPL 2011,RCB,3,2.0,0.0,7.0,6.0,3.5,8.0,87.5,0.0,0.0,1.0,0.0,2,0,,,,,,,,,,,,,,,,,,
319745,Konda Bhaskir Arun Karthik,1986-02-15,40y 134d,India,Wicketkeeper Batter,Right hand Bat,Legbreak Googly,,2009/10,IPL 2009/10,CSK,1,1.0,1.0,3.0,3.0,,5.0,60.0,0.0,0.0,0.0,0.0,0,0,,,,,,,,,,,,,,,,,,
31820,Ashish Nehra,1979-04-29,47y 61d,India,Bowler,Right hand Bat,Left arm Medium fast,1999 - 2017,2017,IPL 2017,SRH,6,2.0,2.0,0.0,0.0,,0.0,,0.0,0.0,0.0,0.0,1,0,8.0,9.3,127.0,3/42,3/42,24.62,15.8,0.0,0.0,0.0,2009-12-09,2017-11-01,2001-06-24,2011-03-30,3.0,42.0,3.0,42.0
31820,Ashish Nehra,1979-04-29,47y 61d,India,Bowler,Right hand Bat,Left arm Medium fast,1999 - 2017,2016,IPL 2016,SRH,8,2.0,2.0,1.0,1.0,,1.0,100.0,0.0,0.0,0.0,0.0,1,0,9.0,7.65,156.0,3/15,3/15,22.11,17.3,0.0,0.0,0.0,2009-12-09,2017-11-01,2001-06-24,2011-03-30,3.0,15.0,3.0,15.0
31820,Ashish Nehra,1979-04-29,47y 61d,India,Bowler,Right hand Bat,Left arm Medium fast,1999 - 2017,2015,IPL 2015,CSK,16,4.0,3.0,1.0,1.0,1.0,7.0,14.28,0.0,0.0,0.0,0.0,3,0,22.0,7.24,372.0,4/10,4/10,20.4,16.9,1.0,0.0,0.0,2009-12-09,2017-11-01,2001-06-24,2011-03-30,4.0,10.0,4.0,10.0
31820,Ashish Nehra,1979-04-29,47y 61d,India,Bowler,Right hand Bat,Left arm Medium fast,1999 - 2017,2014,IPL 2014,CSK,4,,,,,,,,,,,,0,0,8.0,9.46,90.0,3/33,3/33,17.75,11.2,0.0,0.0,0.0,2009-12-09,2017-11-01,2001-06-24,2011-03-30,3.0,33.0,3.0,33.0
31820,Ashish Nehra,1979-04-29,47y 61d,India,Bowler,Right hand Bat,Left arm Medium fast,1999 - 2017,2013,IPL 2013,DC,10,4.0,0.0,1.0,1.0,0.25,8.0,12.5,0.0,0.0,0.0,0.0,1,0,11.0,8.77,216.0,2/35,2/35,28.72,19.6,0.0,0.0,0.0,2009-12-09,2017-11-01,2001-06-24,2011-03-30,2.0,35.0,2.0,35.0
31820,Ashish Nehra,1979-04-29,47y 61d,India,Bowler,Right hand Bat,Left arm Medium fast,1999 - 2017,2012,IPL 2012,PWI,13,2.0,2.0,11.0,9.0,,12.0,91.66,0.0,0.0,1.0,0.0,1,0,11.0,8.37,288.0,3/23,3/23,36.54,26.1,0.0,0.0,0.0,2009-12-09,2017-11-01,2001-06-24,2011-03-30,3.0,23.0,3.0,23.0
31820,Ashish Nehra,1979-04-29,47y 61d,India,Bowler,Right hand Bat,Left arm Medium fast,1999 - 2017,2009/10,IPL 2009/10,DC,4,2.0,1.0,23.0,22.0,23.0,20.0,114.99,0.0,0.0,2.0,1.0,2,0,6.0,6.85,84.0,3/26,3/26,16.0,14.0,0.0,0.0,0.0,2009-12-09,2017-11-01,2001-06-24,2011-03-30,3.0,26.0,3.0,26.0
31820,Ashish Nehra,1979-04-29,47y 61d,India,Bowler,Right hand Bat,Left arm Medium fast,1999 - 2017,2009,IPL 2009,DC,13,2.0,2.0,1.0,1.0,,1.0,100.0,0.0,0.0,0.0,0.0,3,0,19.0,6.78,306.0,3/27,3/27,18.21,16.1,0.0,0.0,0.0,2009-12-09,2017-11-01,2001-06-24,2011-03-30,3.0,27.0,3.0,27.0
31820,Ashish Nehra,1979-04-29,47y 61d,India,Bowler,Right hand Bat,Left arm Medium fast,1999 - 2017,2007/08,IPL 2007/08,MI,14,4.0,3.0,3.0,2.0,3.0,13.0,23.07,0.0,0.0,0.0,0.0,7,0,12.0,7.76,269.0,3/13,3/13,29.0,22.4,0.0,0.0,0.0,2009-12-09,2017-11-01,2001-06-24,2011-03-30,3.0,13.0,3.0,13.0
1452455,Ayush Mhatre,2007-07-16,18y 348d,India,Top order Batter,Right hand Bat,Right arm Offbreak,,2026,IPL 2026,CSK,6,6.0,0.0,201.0,73.0,33.5,113.0,177.87,0.0,2.0,20.0,12.0,0,0,,,,,,,,,,,,,,,,,,
1452455,Ayush Mhatre,2007-07-16,18y 348d,India,Top order Batter,Right hand Bat,Right arm Offbreak,,2025,IPL 2025,CSK,7,7.0,0.0,240.0,94.0,34.28,127.0,188.97,0.0,1.0,31.0,11.0,4,0,,,,,,,,,,,,,,,,,,
5941,Benjamin William Hilfenhaus,1983-03-15,43y 106d,Australia,Bowler,Right hand Bat,Right arm Fast medium,2007 - 2012,2014,IPL 2014,CSK,8,1.0,1.0,0.0,0.0,,0.0,,0.0,0.0,0.0,0.0,1,0,8.0,8.78,168.0,2/32,2/32,30.75,21.0,0.0,0.0,0.0,2007-01-09,2012-09-05,2007-01-14,2012-07-10,2.0,32.0,2.0,32.0
5941,Benjamin William Hilfenhaus,1983-03-15,43y 106d,Australia,Bowler,Right hand Bat,Right arm Fast medium,2007 - 2012,2012,IPL 2012,CSK,9,,,,,,,,,,,,0,0,14.0,6.85,204.0,3/27,3/27,16.64,14.5,0.0,0.0,0.0,2007-01-09,2012-09-05,2007-01-14,2012-07-10,3.0,27.0,3.0,27.0
315623,Ben Laughlin,1982-10-03,43y 269d,Australia,Bowler,Right hand Bat,Right arm Fast medium,2009 - 2013,2018,IPL 2018,RR,7,2.0,1.0,1.0,1.0,1.0,4.0,25.0,0.0,0.0,0.0,0.0,1,0,9.0,10.12,125.0,2/15,2/15,23.44,13.8,0.0,0.0,0.0,2009-03-29,2013-01-28,2009-04-03,2009-05-03,2.0,15.0,2.0,15.0
315623,Ben Laughlin,1982-10-03,43y 269d,Australia,Bowler,Right hand Bat,Right arm Fast medium,2009 - 2013,2013,IPL 2013,CSK,2,2.0,1.0,4.0,4.0,4.0,9.0,44.44,0.0,0.0,0.0,0.0,0,0,1.0,10.14,42.0,1/25,1/25,71.0,42.0,0.0,0.0,0.0,2009-03-29,2013-01-28,2009-04-03,2009-05-03,1.0,25.0,1.0,25.0
311158,Benjamin Andrew Stokes,1991-06-04,35y 25d,England,Allrounder,Left hand Bat,Right arm Fast medium,2011 - 2026,2023,IPL 2023,CSK,2,2.0,0.0,15.0,8.0,7.5,14.0,107.14,0.0,0.0,2.0,0.0,2,0,0.0,18.0,6.0,,,,,0.0,0.0,0.0,2011-09-23,2022-11-13,2011-08-25,2023-11-11,,,,
311158,Benjamin Andrew Stokes,1991-06-04,35y 25d,England,Allrounder,Left hand Bat,Right arm Fast medium,2011 - 2026,2021,IPL 2021,RR,1,1.0,0.0,0.0,0.0,0.0,3.0,0.0,0.0,0.0,0.0,0.0,1,0,0.0,12.0,6.0,,,,,0.0,0.0,0.0,2011-09-23,2022-11-13,2011-08-25,2023-11-11,,,,
311158,Benjamin Andrew Stokes,1991-06-04,35y 25d,England,Allrounder,Left hand Bat,Right arm Fast medium,2011 - 2026,2020/21,IPL 2020/21,RR,8,8.0,1.0,285.0,107.0,40.71,200.0,142.5,1.0,1.0,36.0,7.0,6,0,2.0,10.26,90.0,2/32,2/32,77.0,45.0,0.0,0.0,0.0,2011-09-23,2022-11-13,2011-08-25,2023-11-11,2.0,32.0,2.0,32.0
311158,Benjamin Andrew Stokes,1991-06-04,35y 25d,England,Allrounder,Left hand Bat,Right arm Fast medium,2011 - 2026,2019,IPL 2019,RR,9,9.0,3.0,123.0,46.0,20.5,99.0,124.24,0.0,0.0,8.0,4.0,3,0,6.0,11.22,101.0,2/39,2/39,31.5,16.8,0.0,0.0,0.0,2011-09-23,2022-11-13,2011-08-25,2023-11-11,2.0,39.0,2.0,39.0
311158,Benjamin Andrew Stokes,1991-06-04,35y 25d,England,Allrounder,Left hand Bat,Right arm Fast medium,2011 - 2026,2018,IPL 2018,RR,13,13.0,1.0,196.0,45.0,16.33,161.0,121.73,0.0,0.0,13.0,6.0,6,0,8.0,8.18,222.0,3/15,3/15,37.87,27.7,0.0,0.0,0.0,2011-09-23,2022-11-13,2011-08-25,2023-11-11,3.0,15.0,3.0,15.0
311158,Benjamin Andrew Stokes,1991-06-04,35y 25d,England,Allrounder,Left hand Bat,Right arm Fast medium,2011 - 2026,2017,IPL 2017,RPS,12,11.0,1.0,316.0,103.0,31.6,221.0,142.98,1.0,1.0,22.0,15.0,5,0,12.0,7.18,264.0,3/18,3/18,26.33,22.0,0.0,0.0,0.0,2011-09-23,2022-11-13,2011-08-25,2023-11-11,3.0,18.0,3.0,18.0
37737,Brendon Barrie McCullum,1981-09-27,44y 275d,New Zealand,Wicketkeeper Batter,Right hand Bat,"Right arm Medium, Right arm Offbreak",2002 - 2016,2018,IPL 2018,RCB,6,6.0,0.0,127.0,43.0,21.16,88.0,144.31,0.0,0.0,16.0,6.0,1,0,,,,,,,,,,,2005-02-17,2015-06-23,2002-01-17,2016-02-08,,,,
37737,Brendon Barrie McCullum,1981-09-27,44y 275d,New Zealand,Wicketkeeper Batter,Right hand Bat,"Right arm Medium, Right arm Offbreak",2002 - 2016,2017,IPL 2017,GL,11,11.0,0.0,319.0,72.0,29.0,217.0,147.0,0.0,2.0,29.0,18.0,8,0,,,,,,,,,,,2005-02-17,2015-06-23,2002-01-17,2016-02-08,,,,
37737,Brendon Barrie McCullum,1981-09-27,44y 275d,New Zealand,Wicketkeeper Batter,Right hand Bat,"Right arm Medium, Right arm Offbreak",2002 - 2016,2016,IPL 2016,GL,16,16.0,0.0,354.0,60.0,22.12,262.0,135.11,0.0,1.0,38.0,16.0,0,0,,,,,,,,,,,2005-02-17,2015-06-23,2002-01-17,2016-02-08,,,,
37737,Brendon Barrie McCullum,1981-09-27,44y 275d,New Zealand,Wicketkeeper Batter,Right hand Bat,"Right arm Medium, Right arm Offbreak",2002 - 2016,2015,IPL 2015,CSK,14,14.0,1.0,436.0,100.0,33.53,280.0,155.71,1.0,2.0,51.0,23.0,2,0,,,,,,,,,,,2005-02-17,2015-06-23,2002-01-17,2016-02-08,,,,
37737,Brendon Barrie McCullum,1981-09-27,44y 275d,New Zealand,Wicketkeeper Batter,Right hand Bat,"Right arm Medium, Right arm Offbreak",2002 - 2016,2014,IPL 2014,CSK,14,14.0,1.0,405.0,71.0,31.15,333.0,121.62,0.0,3.0,32.0,19.0,6,0,,,,,,,,,,,2005-02-17,2015-06-23,2002-01-17,2016-02-08,,,,
37737,Brendon Barrie McCullum,1981-09-27,44y 275d,New Zealand,Wicketkeeper Batter,Right hand Bat,"Right arm Medium, Right arm Offbreak",2002 - 2016,2013,IPL 2013,KKR,1,1.0,0.0,6.0,6.0,6.0,7.0,85.71,0.0,0.0,1.0,0.0,0,0,,,,,,,,,,,2005-02-17,2015-06-23,2002-01-17,2016-02-08,,,,
37737,Brendon Barrie McCullum,1981-09-27,44y 275d,New Zealand,Wicketkeeper Batter,Right hand Bat,"Right arm Medium, Right arm Offbreak",2002 - 2016,2012,IPL 2012,KKR,12,12.0,0.0,289.0,56.0,24.08,283.0,102.12,0.0,1.0,37.0,3.0,9,6,,,,,,,,,,,2005-02-17,2015-06-23,2002-01-17,2016-02-08,,,,
37737,Brendon Barrie McCullum,1981-09-27,44y 275d,New Zealand,Wicketkeeper Batter,Right hand Bat,"Right arm Medium, Right arm Offbreak",2002 - 2016,2011,IPL 2011,Kochi,13,13.0,0.0,357.0,81.0,27.46,275.0,129.81,0.0,1.0,35.0,16.0,2,0,,,,,,,,,,,2005-02-17,2015-06-23,2002-01-17,2016-02-08,,,,
37737,Brendon Barrie McCullum,1981-09-27,44y 275d,New Zealand,Wicketkeeper Batter,Right hand Bat,"Right arm Medium, Right arm Offbreak",2002 - 2016,2009/10,IPL 2009/10,KKR,5,5.0,1.0,114.0,57.0,28.5,110.0,103.63,0.0,1.0,14.0,2.0,2,0,,,,,,,,,,,2005-02-17,2015-06-23,2002-01-17,2016-02-08,,,,
37737,Brendon Barrie McCullum,1981-09-27,44y 275d,New Zealand,Wicketkeeper Batter,Right hand Bat,"Right arm Medium, Right arm Offbreak",2002 - 2016,2009,IPL 2009,KKR,13,13.0,1.0,285.0,84.0,23.75,239.0,119.24,0.0,2.0,27.0,12.0,6,0,,,,,,,,,,,2005-02-17,2015-06-23,2002-01-17,2016-02-08,,,,
37737,Brendon Barrie McCullum,1981-09-27,44y 275d,New Zealand,Wicketkeeper Batter,Right hand Bat,"Right arm Medium, Right arm Offbreak",2002 - 2016,2007/08,IPL 2007/08,KKR,4,4.0,1.0,188.0,158.0,62.66,92.0,204.34,1.0,0.0,13.0,15.0,1,0,,,,,,,,,,,2005-02-17,2015-06-23,2002-01-17,2016-02-08,,,,
209457,Chamara Kantha Kapugedera,1987-02-24,39y 125d,Sri Lanka,Middle order Batter,Right hand Bat,Right arm Medium,2006 - 2017,2007/08,IPL 2007/08,CSK,5,3.0,0.0,16.0,8.0,5.33,23.0,69.56,0.0,0.0,0.0,0.0,4,0,0.0,17.29,17.0,,,,,0.0,0.0,0.0,2006-06-15,2017-04-06,2006-01-29,2017-10-18,,,,
28764,Chandrasekar Ganapathy,1981-06-10,45y 19d,India,,Right hand Bat,Right arm Medium,,2009/10,IPL 2009/10,CSK,1,1.0,1.0,0.0,0.0,,0.0,,0.0,0.0,0.0,0.0,0,0,0.0,13.0,6.0,,,,,0.0,0.0,0.0,,,,,,,,
288992,Christopher James Jordan,1988-10-04,37y 268d,England,Bowler,Right hand Bat,Right arm Fast medium,2013 - 2024,2023,IPL 2023,MI,6,2.0,0.0,6.0,4.0,3.0,12.0,50.0,0.0,0.0,0.0,0.0,1,0,3.0,10.77,132.0,1/7,1/7,79.0,44.0,0.0,0.0,0.0,2014-02-02,2024-06-27,2013-09-16,2022-11-17,1.0,7.0,1.0,7.0
288992,Christopher James Jordan,1988-10-04,37y 268d,England,Bowler,Right hand Bat,Right arm Fast medium,2013 - 2024,2022,IPL 2022,CSK,4,2.0,1.0,11.0,6.0,11.0,8.0,137.5,0.0,0.0,0.0,0.0,4,0,2.0,10.51,77.0,2/23,2/23,67.5,38.5,0.0,0.0,0.0,2014-02-02,2024-06-27,2013-09-16,2022-11-17,2.0,23.0,2.0,23.0
288992,Christopher James Jordan,1988-10-04,37y 268d,England,Bowler,Right hand Bat,Right arm Fast medium,2013 - 2024,2021,IPL 2021,PBKS,4,2.0,0.0,32.0,30.0,16.0,21.0,152.38,0.0,0.0,1.0,3.0,0,0,4.0,8.0,72.0,2/20,2/20,24.0,18.0,0.0,0.0,0.0,2014-02-02,2024-06-27,2013-09-16,2022-11-17,2.0,20.0,2.0,20.0
288992,Christopher James Jordan,1988-10-04,37y 268d,England,Bowler,Right hand Bat,Right arm Fast medium,2013 - 2024,2020/21,IPL 2020/21,PBKS,9,5.0,2.0,29.0,13.0,9.66,31.0,93.54,0.0,0.0,2.0,0.0,5,0,9.0,9.65,189.0,3/17,3/17,33.77,21.0,0.0,0.0,0.0,2014-02-02,2024-06-27,2013-09-16,2022-11-17,3.0,17.0,3.0,17.0
288992,Christopher James Jordan,1988-10-04,37y 268d,England,Bowler,Right hand Bat,Right arm Fast medium,2013 - 2024,2018,IPL 2018,SRH,1,,,,,,,,,,,,0,0,0.0,7.75,24.0,,,,,0.0,0.0,0.0,2014-02-02,2024-06-27,2013-09-16,2022-11-17,,,,
288992,Christopher James Jordan,1988-10-04,37y 268d,England,Bowler,Right hand Bat,Right arm Fast medium,2013 - 2024,2017,IPL 2017,SRH,1,1.0,0.0,0.0,0.0,0.0,1.0,0.0,0.0,0.0,0.0,0.0,0,0,1.0,9.0,6.0,1/9,1/9,9.0,6.0,0.0,0.0,0.0,2014-02-02,2024-06-27,2013-09-16,2022-11-17,1.0,9.0,1.0,9.0
288992,Christopher James Jordan,1988-10-04,37y 268d,England,Bowler,Right hand Bat,Right arm Fast medium,2013 - 2024,2016,IPL 2016,RCB,9,1.0,0.0,3.0,3.0,3.0,4.0,75.0,0.0,0.0,0.0,0.0,4,0,11.0,9.21,168.0,4/11,4/11,23.45,15.2,1.0,0.0,0.0,2014-02-02,2024-06-27,2013-09-16,2022-11-17,4.0,11.0,4.0,11.0
439952,Christopher Henry Morris,1987-04-30,39y 60d,South Africa,Bowling Allrounder,Right hand Bat,Right arm Fast medium,2012 - 2019,2021,IPL 2021,RR,11,7.0,2.0,67.0,36.0,13.4,49.0,136.73,0.0,0.0,2.0,5.0,4,0,15.0,9.17,246.0,4/23,4/23,25.06,16.4,1.0,0.0,0.0,2012-12-21,2019-03-24,2013-06-10,2019-07-06,4.0,23.0,4.0,23.0
439952,Christopher Henry Morris,1987-04-30,39y 60d,South Africa,Bowling Allrounder,Right hand Bat,Right arm Fast medium,2012 - 2019,2020/21,IPL 2020/21,RCB,9,5.0,1.0,34.0,25.0,8.5,21.0,161.9,0.0,0.0,2.0,3.0,7,0,11.0,6.63,190.0,4/26,4/26,19.09,17.2,1.0,0.0,0.0,2012-12-21,2019-03-24,2013-06-10,2019-07-06,4.0,26.0,4.0,26.0
439952,Christopher Henry Morris,1987-04-30,39y 60d,South Africa,Bowling Allrounder,Right hand Bat,Right arm Fast medium,2012 - 2019,2019,IPL 2019,DC,9,6.0,0.0,32.0,17.0,5.33,37.0,86.48,0.0,0.0,1.0,2.0,4,0,13.0,9.27,198.0,3/22,3/22,23.53,15.2,0.0,0.0,0.0,2012-12-21,2019-03-24,2013-06-10,2019-07-06,3.0,22.0,3.0,22.0
439952,Christopher Henry Morris,1987-04-30,39y 60d,South Africa,Bowling Allrounder,Right hand Bat,Right arm Fast medium,2012 - 2019,2018,IPL 2018,DC,4,4.0,3.0,46.0,27.0,46.0,26.0,176.92,0.0,0.0,3.0,2.0,2,0,3.0,10.21,84.0,2/41,2/41,47.66,28.0,0.0,0.0,0.0,2012-12-21,2019-03-24,2013-06-10,2019-07-06,2.0,41.0,2.0,41.0
439952,Christopher Henry Morris,1987-04-30,39y 60d,South Africa,Bowling Allrounder,Right hand Bat,Right arm Fast medium,2012 - 2019,2017,IPL 2017,DC,9,9.0,4.0,154.0,52.0,30.8,94.0,163.82,0.0,1.0,15.0,6.0,5,0,12.0,7.74,186.0,4/26,4/26,20.0,15.5,1.0,0.0,0.0,2012-12-21,2019-03-24,2013-06-10,2019-07-06,4.0,26.0,4.0,26.0
439952,Christopher Henry Morris,1987-04-30,39y 60d,South Africa,Bowling Allrounder,Right hand Bat,Right arm Fast medium,2012 - 2019,2016,IPL 2016,DC,12,7.0,4.0,195.0,82.0,65.0,109.0,178.89,0.0,1.0,15.0,12.0,8,0,13.0,7.0,264.0,2/30,2/30,23.69,20.3,0.0,0.0,0.0,2012-12-21,2019-03-24,2013-06-10,2019-07-06,2.0,30.0,2.0,30.0
439952,Christopher Henry Morris,1987-04-30,39y 60d,South Africa,Bowling Allrounder,Right hand Bat,Right arm Fast medium,2012 - 2019,2015,IPL 2015,RR,11,7.0,5.0,76.0,34.0,38.0,46.0,165.21,0.0,0.0,3.0,5.0,3,0,13.0,7.4,252.0,4/23,4/23,23.92,19.3,1.0,0.0,0.0,2012-12-21,2019-03-24,2013-06-10,2019-07-06,4.0,23.0,4.0,23.0
439952,Christopher Henry Morris,1987-04-30,39y 60d,South Africa,Bowling Allrounder,Right hand Bat,Right arm Fast medium,2012 - 2019,2013,IPL 2013,CSK,16,6.0,4.0,14.0,7.0,7.0,16.0,87.5,0.0,0.0,0.0,0.0,5,0,15.0,8.02,300.0,3/40,3/40,26.73,20.0,0.0,0.0,0.0,2012-12-21,2019-03-24,2013-06-10,2019-07-06,3.0,40.0,3.0,40.0
381743,Daryl Joseph Mitchell,1991-05-20,35y 40d,New Zealand,Batting Allrounder,Right hand Bat,Right arm Medium,2019 - 2026,2024,IPL 2024,CSK,13,13.0,2.0,318.0,63.0,28.9,223.0,142.6,0.0,2.0,27.0,10.0,9,0,1.0,11.66,36.0,1/18,1/18,70.0,36.0,0.0,0.0,0.0,2019-02-06,2026-03-08,2021-03-20,2026-01-18,1.0,18.0,1.0,18.0
381743,Daryl Joseph Mitchell,1991-05-20,35y 40d,New Zealand,Batting Allrounder,Right hand Bat,Right arm Medium,2019 - 2026,2022,IPL 2022,RR,2,2.0,0.0,33.0,17.0,16.5,44.0,75.0,0.0,0.0,1.0,0.0,2,0,0.0,13.5,12.0,,,,,0.0,0.0,0.0,2019-02-06,2026-03-08,2021-03-20,2026-01-18,,,,
5766,David John Hussey,1977-07-15,48y 349d,Australia,Allrounder,Right hand Bat,Right arm Offbreak,2008 - 2013,2014,IPL 2014,CSK,5,4.0,2.0,116.0,50.0,58.0,94.0,123.4,0.0,1.0,8.0,6.0,1,0,2.0,13.41,17.0,2/38,2/38,19.0,8.5,0.0,0.0,0.0,2008-02-01,2012-10-05,2008-07-04,2013-01-23,2.0,38.0,2.0,38.0
5766,David John Hussey,1977-07-15,48y 349d,Australia,Allrounder,Right hand Bat,Right arm Offbreak,2008 - 2013,2013,IPL 2013,PBKS,12,11.0,1.0,235.0,41.0,23.5,209.0,112.44,0.0,0.0,20.0,6.0,4,0,0.0,8.27,66.0,,,,,0.0,0.0,0.0,2008-02-01,2012-10-05,2008-07-04,2013-01-23,,,,
5766,David John Hussey,1977-07-15,48y 349d,Australia,Allrounder,Right hand Bat,Right arm Offbreak,2008 - 2013,2012,IPL 2012,PBKS,16,15.0,3.0,396.0,68.0,33.0,305.0,129.83,0.0,2.0,28.0,17.0,4,0,3.0,7.0,54.0,2/2,2/2,21.0,18.0,0.0,0.0,0.0,2008-02-01,2012-10-05,2008-07-04,2013-01-23,2.0,2.0,2.0,2.0
5766,David John Hussey,1977-07-15,48y 349d,Australia,Allrounder,Right hand Bat,Right arm Offbreak,2008 - 2013,2011,IPL 2011,PBKS,8,8.0,2.0,64.0,21.0,10.66,63.0,101.58,0.0,0.0,3.0,3.0,6,0,1.0,12.66,18.0,1/19,1/19,38.0,18.0,0.0,0.0,0.0,2008-02-01,2012-10-05,2008-07-04,2013-01-23,1.0,19.0,1.0,19.0
5766,David John Hussey,1977-07-15,48y 349d,Australia,Allrounder,Right hand Bat,Right arm Offbreak,2008 - 2013,2009/10,IPL 2009/10,KKR,6,6.0,2.0,94.0,31.0,23.5,86.0,109.3,0.0,0.0,5.0,5.0,4,0,0.0,8.0,60.0,,,,,0.0,0.0,0.0,2008-02-01,2012-10-05,2008-07-04,2013-01-23,,,,
5766,David John Hussey,1977-07-15,48y 349d,Australia,Allrounder,Right hand Bat,Right arm Offbreak,2008 - 2013,2009,IPL 2009,KKR,4,4.0,0.0,98.0,43.0,24.5,59.0,166.1,0.0,0.0,7.0,6.0,1,0,0.0,8.5,24.0,,,,,0.0,0.0,0.0,2008-02-01,2012-10-05,2008-07-04,2013-01-23,,,,
5766,David John Hussey,1977-07-15,48y 349d,Australia,Allrounder,Right hand Bat,Right arm Offbreak,2008 - 2013,2007/08,IPL 2007/08,KKR,13,13.0,2.0,319.0,71.0,29.0,259.0,123.16,0.0,2.0,19.0,17.0,5,0,2.0,10.0,78.0,1/23,1/23,65.0,39.0,0.0,0.0,0.0,2008-02-01,2012-10-05,2008-07-04,2013-01-23,1.0,23.0,1.0,23.0
308251,David Jonathan Willey,1990-02-28,36y 121d,England,Bowling Allrounder,Left hand Bat,Left arm Fast medium,2015 - 2023,2023,IPL 2023,RCB,4,3.0,3.0,35.0,20.0,,32.0,109.37,0.0,0.0,4.0,0.0,1,0,3.0,7.0,90.0,2/16,2/16,35.0,30.0,0.0,0.0,0.0,2015-06-23,2022-10-14,2015-05-08,2023-11-11,2.0,16.0,2.0,16.0
308251,David Jonathan Willey,1990-02-28,36y 121d,England,Bowling Allrounder,Left hand Bat,Left arm Fast medium,2015 - 2023,2022,IPL 2022,RCB,4,2.0,0.0,18.0,18.0,9.0,30.0,60.0,0.0,0.0,3.0,0.0,1,0,1.0,6.54,66.0,1/29,1/29,72.0,66.0,0.0,0.0,0.0,2015-06-23,2022-10-14,2015-05-08,2023-11-11,1.0,29.0,1.0,29.0
308251,David Jonathan Willey,1990-02-28,36y 121d,England,Bowling Allrounder,Left hand Bat,Left arm Fast medium,2015 - 2023,2018,IPL 2018,CSK,3,,,,,,,,,,,,2,0,2.0,9.5,60.0,1/24,1/24,47.5,30.0,0.0,0.0,0.0,2015-06-23,2022-10-14,2015-05-08,2023-11-11,1.0,24.0,1.0,24.0
447261,Deepak Lokandersingh Chahar,1992-08-07,33y 326d,India,Bowler,Right hand Bat,Right arm Medium,2018 - 2023,2026,IPL 2026,MI,8,4.0,2.0,25.0,10.0,12.5,19.0,131.57,0.0,0.0,3.0,1.0,1,0,8.0,10.39,153.0,2/33,2/33,33.12,19.1,0.0,0.0,0.0,2018-07-08,2023-12-01,2018-09-25,2022-12-07,2.0,33.0,2.0,33.0
447261,Deepak Lokandersingh Chahar,1992-08-07,33y 326d,India,Bowler,Right hand Bat,Right arm Medium,2018 - 2023,2025,IPL 2025,MI,14,4.0,3.0,37.0,28.0,37.0,25.0,148.0,0.0,0.0,3.0,2.0,2,0,11.0,9.17,246.0,2/12,2/12,34.18,22.3,0.0,0.0,0.0,2018-07-08,2023-12-01,2018-09-25,2022-12-07,2.0,12.0,2.0,12.0
447261,Deepak Lokandersingh Chahar,1992-08-07,33y 326d,India,Bowler,Right hand Bat,Right arm Medium,2018 - 2023,2024,IPL 2024,CSK,8,,,,,,,,,,,,0,0,5.0,8.59,141.0,2/28,2/28,40.4,28.2,0.0,0.0,0.0,2018-07-08,2023-12-01,2018-09-25,2022-12-07,2.0,28.0,2.0,28.0
447261,Deepak Lokandersingh Chahar,1992-08-07,33y 326d,India,Bowler,Right hand Bat,Right arm Medium,2018 - 2023,2023,IPL 2023,CSK,10,1.0,1.0,1.0,1.0,,2.0,50.0,0.0,0.0,0.0,0.0,1,0,13.0,8.73,204.0,3/22,3/22,22.84,15.6,0.0,0.0,0.0,2018-07-08,2023-12-01,2018-09-25,2022-12-07,3.0,22.0,3.0,22.0
447261,Deepak Lokandersingh Chahar,1992-08-07,33y 326d,India,Bowler,Right hand Bat,Right arm Medium,2018 - 2023,2021,IPL 2021,CSK,15,2.0,2.0,1.0,1.0,,1.0,100.0,0.0,0.0,0.0,0.0,5,0,14.0,8.35,324.0,4/13,4/13,32.21,23.1,2.0,0.0,0.0,2018-07-08,2023-12-01,2018-09-25,2022-12-07,4.0,13.0,4.0,13.0
447261,Deepak Lokandersingh Chahar,1992-08-07,33y 326d,India,Bowler,Right hand Bat,Right arm Medium,2018 - 2023,2020/21,IPL 2020/21,CSK,14,3.0,2.0,7.0,5.0,7.0,12.0,58.33,0.0,0.0,0.0,0.0,3,0,12.0,7.61,312.0,2/18,2/18,33.0,26.0,0.0,0.0,0.0,2018-07-08,2023-12-01,2018-09-25,2022-12-07,2.0,18.0,2.0,18.0
447261,Deepak Lokandersingh Chahar,1992-08-07,33y 326d,India,Bowler,Right hand Bat,Right arm Medium,2018 - 2023,2019,IPL 2019,CSK,17,2.0,0.0,7.0,7.0,3.5,9.0,77.77,0.0,0.0,1.0,0.0,2,0,22.0,7.47,387.0,3/20,3/20,21.9,17.5,0.0,0.0,0.0,2018-07-08,2023-12-01,2018-09-25,2022-12-07,3.0,20.0,3.0,20.0
447261,Deepak Lokandersingh Chahar,1992-08-07,33y 326d,India,Bowler,Right hand Bat,Right arm Medium,2018 - 2023,2018,IPL 2018,CSK,12,4.0,1.0,50.0,39.0,16.66,29.0,172.41,0.0,0.0,1.0,4.0,1,0,10.0,7.28,229.0,3/15,3/15,27.8,22.9,0.0,0.0,0.0,2018-07-08,2023-12-01,2018-09-25,2022-12-07,3.0,15.0,3.0,15.0
447261,Deepak Lokandersingh Chahar,1992-08-07,33y 326d,India,Bowler,Right hand Bat,Right arm Medium,2018 - 2023,2017,IPL 2017,RPS,3,1.0,0.0,14.0,14.0,14.0,6.0,233.33,0.0,0.0,0.0,2.0,0,0,1.0,10.57,42.0,1/35,1/35,74.0,42.0,0.0,0.0,0.0,2018-07-08,2023-12-01,2018-09-25,2022-12-07,1.0,35.0,1.0,35.0
447261,Deepak Lokandersingh Chahar,1992-08-07,33y 326d,India,Bowler,Right hand Bat,Right arm Medium,2018 - 2023,2016,IPL 2016,RPS,2,,,,,,,,,,,,1,0,0.0,8.2,30.0,,,,,0.0,0.0,0.0,2018-07-08,2023-12-01,2018-09-25,2022-12-07,,,,
497121,Deepak Jagbir Hooda,1995-04-19,31y 71d,India,Allrounder,Right hand Bat,Right arm Offbreak,2022 - 2023,2025,IPL 2025,CSK,7,5.0,0.0,31.0,22.0,6.2,41.0,75.6,0.0,0.0,2.0,1.0,3,0,0.0,15.0,6.0,,,,,0.0,0.0,0.0,2022-02-24,2023-02-01,2022-02-06,2022-11-30,,,,
497121,Deepak Jagbir Hooda,1995-04-19,31y 71d,India,Allrounder,Right hand Bat,Right arm Offbreak,2022 - 2023,2024,IPL 2024,LSG,11,9.0,1.0,145.0,50.0,18.12,105.0,138.09,0.0,1.0,16.0,3.0,2,0,0.0,7.33,18.0,,,,,0.0,0.0,0.0,2022-02-24,2023-02-01,2022-02-06,2022-11-30,,,,
497121,Deepak Jagbir Hooda,1995-04-19,31y 71d,India,Allrounder,Right hand Bat,Right arm Offbreak,2022 - 2023,2023,IPL 2023,LSG,12,12.0,1.0,84.0,17.0,7.63,90.0,93.33,0.0,0.0,3.0,2.0,10,0,0.0,8.0,6.0,,,,,0.0,0.0,0.0,2022-02-24,2023-02-01,2022-02-06,2022-11-30,,,,
497121,Deepak Jagbir Hooda,1995-04-19,31y 71d,India,Allrounder,Right hand Bat,Right arm Offbreak,2022 - 2023,2022,IPL 2022,LSG,15,14.0,0.0,451.0,59.0,32.21,330.0,136.66,0.0,4.0,36.0,18.0,8,0,1.0,10.75,24.0,1/31,1/31,43.0,24.0,0.0,0.0,0.0,2022-02-24,2023-02-01,2022-02-06,2022-11-30,1.0,31.0,1.0,31.0
497121,Deepak Jagbir Hooda,1995-04-19,31y 71d,India,Allrounder,Right hand Bat,Right arm Offbreak,2022 - 2023,2021,IPL 2021,PBKS,12,11.0,1.0,160.0,64.0,16.0,123.0,130.08,0.0,1.0,9.0,9.0,7,0,2.0,8.5,96.0,1/15,1/15,68.0,48.0,0.0,0.0,0.0,2022-02-24,2023-02-01,2022-02-06,2022-11-30,1.0,15.0,1.0,15.0
497121,Deepak Jagbir Hooda,1995-04-19,31y 71d,India,Allrounder,Right hand Bat,Right arm Offbreak,2022 - 2023,2020/21,IPL 2020/21,PBKS,7,5.0,4.0,101.0,62.0,101.0,71.0,142.25,0.0,1.0,5.0,5.0,3,0,0.0,9.0,6.0,,,,,0.0,0.0,0.0,2022-02-24,2023-02-01,2022-02-06,2022-11-30,,,,
497121,Deepak Jagbir Hooda,1995-04-19,31y 71d,India,Allrounder,Right hand Bat,Right arm Offbreak,2022 - 2023,2019,IPL 2019,SRH,11,7.0,1.0,64.0,20.0,10.66,63.0,101.58,0.0,0.0,5.0,1.0,10,0,1.0,10.5,12.0,1/13,1/13,21.0,12.0,0.0,0.0,0.0,2022-02-24,2023-02-01,2022-02-06,2022-11-30,1.0,13.0,1.0,13.0
497121,Deepak Jagbir Hooda,1995-04-19,31y 71d,India,Allrounder,Right hand Bat,Right arm Offbreak,2022 - 2023,2018,IPL 2018,SRH,9,8.0,4.0,87.0,32.0,21.75,81.0,107.4,0.0,0.0,2.0,3.0,3,0,0.0,8.0,18.0,,,,,0.0,0.0,0.0,2022-02-24,2023-02-01,2022-02-06,2022-11-30,,,,
497121,Deepak Jagbir Hooda,1995-04-19,31y 71d,India,Allrounder,Right hand Bat,Right arm Offbreak,2022 - 2023,2017,IPL 2017,SRH,10,6.0,3.0,78.0,19.0,26.0,52.0,150.0,0.0,0.0,5.0,4.0,5,0,2.0,10.5,24.0,1/7,1/7,21.0,12.0,0.0,0.0,0.0,2022-02-24,2023-02-01,2022-02-06,2022-11-30,1.0,7.0,1.0,7.0
497121,Deepak Jagbir Hooda,1995-04-19,31y 71d,India,Allrounder,Right hand Bat,Right arm Offbreak,2022 - 2023,2016,IPL 2016,SRH,17,15.0,1.0,144.0,34.0,10.28,121.0,119.0,0.0,0.0,9.0,5.0,3,0,3.0,7.46,78.0,2/16,2/16,32.33,26.0,0.0,0.0,0.0,2022-02-24,2023-02-01,2022-02-06,2022-11-30,2.0,16.0,2.0,16.0
497121,Deepak Jagbir Hooda,1995-04-19,31y 71d,India,Allrounder,Right hand Bat,Right arm Offbreak,2022 - 2023,2015,IPL 2015,RR,14,9.0,0.0,151.0,54.0,16.77,95.0,158.94,0.0,1.0,6.0,11.0,1,0,1.0,8.5,91.0,1/35,1/35,129.0,91.0,0.0,0.0,0.0,2022-02-24,2023-02-01,2022-02-06,2022-11-30,1.0,35.0,1.0,35.0
379140,Devon Philip Conway,1991-07-08,34y 356d,New Zealand,Wicketkeeper Batter,Left hand Bat,Right arm Medium,2020 - 2026,2025,IPL 2025,CSK,6,6.0,0.0,156.0,69.0,26.0,119.0,131.09,0.0,2.0,17.0,4.0,2,0,,,,,,,,,,,2020-11-27,2026-03-20,2021-03-20,2026-01-18,,,,
379140,Devon Philip Conway,1991-07-08,34y 356d,New Zealand,Wicketkeeper Batter,Left hand Bat,Right arm Medium,2020 - 2026,2023,IPL 2023,CSK,16,15.0,2.0,672.0,92.0,51.69,481.0,139.7,0.0,6.0,77.0,18.0,6,0,,,,,,,,,,,2020-11-27,2026-03-20,2021-03-20,2026-01-18,,,,
379140,Devon Philip Conway,1991-07-08,34y 356d,New Zealand,Wicketkeeper Batter,Left hand Bat,Right arm Medium,2020 - 2026,2022,IPL 2022,CSK,7,7.0,1.0,252.0,87.0,42.0,173.0,145.66,0.0,3.0,22.0,12.0,2,0,,,,,,,,,,,2020-11-27,2026-03-20,2021-03-20,2026-01-18,,,,
1070665,Dewald Brevis,2003-04-29,23y 61d,South Africa,Middle order Batter,Right hand Bat,Legbreak,2023 - 2026,2026,IPL 2026,CSK,11,8.0,0.0,151.0,44.0,18.87,118.0,127.96,0.0,0.0,8.0,10.0,12,0,,,,,,,,,,,2023-08-30,2026-03-04,2025-08-19,2025-12-06,,,,
1070665,Dewald Brevis,2003-04-29,23y 61d,South Africa,Middle order Batter,Right hand Bat,Legbreak,2023 - 2026,2025,IPL 2025,CSK,6,6.0,0.0,225.0,57.0,37.5,125.0,180.0,0.0,2.0,13.0,17.0,6,0,,,,,,,,,,,2023-08-30,2026-03-04,2025-08-19,2025-12-06,,,,
1070665,Dewald Brevis,2003-04-29,23y 61d,South Africa,Middle order Batter,Right hand Bat,Legbreak,2023 - 2026,2024,IPL 2024,MI,3,3.0,0.0,69.0,46.0,23.0,59.0,116.94,0.0,0.0,3.0,5.0,0,0,,,,,,,,,,,2023-08-30,2026-03-04,2025-08-19,2025-12-06,,,,
1070665,Dewald Brevis,2003-04-29,23y 61d,South Africa,Middle order Batter,Right hand Bat,Legbreak,2023 - 2026,2022,IPL 2022,MI,7,7.0,0.0,161.0,49.0,23.0,113.0,142.47,0.0,0.0,14.0,11.0,3,0,1.0,16.0,3.0,1/8,1/8,8.0,3.0,0.0,0.0,0.0,2023-08-30,2026-03-04,2025-08-19,2025-12-06,1.0,8.0,1.0,8.0
590327,Dhruv Ranjan Shorey,1992-06-05,34y 24d,India,Top order Batter,Right hand Bat,Right arm Offbreak,,2019,IPL 2019,CSK,1,1.0,0.0,5.0,5.0,5.0,8.0,62.5,0.0,0.0,0.0,0.0,0,0,,,,,,,,,,,,,,,,,,
590327,Dhruv Ranjan Shorey,1992-06-05,34y 24d,India,Top order Batter,Right hand Bat,Right arm Offbreak,,2018,IPL 2018,CSK,1,1.0,0.0,8.0,8.0,8.0,9.0,88.88,0.0,0.0,0.0,1.0,0,0,,,,,,,,,,,,,,,,,,
6981,Dirk Peter Nannes,1976-05-16,50y 44d,Australia,Bowler,Right hand Bat,Left arm Fast,2009 - 2010,2013,IPL 2013,CSK,5,1.0,1.0,0.0,0.0,,0.0,,0.0,0.0,0.0,0.0,3,0,4.0,7.96,119.0,2/17,2/17,39.5,29.7,0.0,0.0,0.0,2009-06-05,2010-10-31,2009-08-28,2009-06-05,2.0,17.0,2.0,17.0
6981,Dirk Peter Nannes,1976-05-16,50y 44d,Australia,Bowler,Right hand Bat,Left arm Fast,2009 - 2010,2011,IPL 2011,RCB,2,,,,,,,,,,,,1,0,2.0,7.75,24.0,1/0,1/0,15.5,12.0,0.0,0.0,0.0,2009-06-05,2010-10-31,2009-08-28,2009-06-05,1.0,0.0,1.0,0.0
6981,Dirk Peter Nannes,1976-05-16,50y 44d,Australia,Bowler,Right hand Bat,Left arm Fast,2009 - 2010,2009/10,IPL 2009/10,DC,9,2.0,1.0,4.0,3.0,4.0,13.0,30.76,0.0,0.0,0.0,0.0,0,0,7.0,6.55,205.0,2/12,2/12,32.0,29.2,0.0,0.0,0.0,2009-06-05,2010-10-31,2009-08-28,2009-06-05,2.0,12.0,2.0,12.0
6981,Dirk Peter Nannes,1976-05-16,50y 44d,Australia,Bowler,Right hand Bat,Left arm Fast,2009 - 2010,2009,IPL 2009,DC,13,,,,,,,,,,,,5,0,15.0,7.51,297.0,3/27,3/27,24.8,19.8,0.0,0.0,0.0,2009-06-05,2010-10-31,2009-08-28,2009-06-05,3.0,27.0,3.0,27.0
4508,Douglas Erwin Bollinger,1981-07-24,44y 340d,Australia,Bowler,Left hand Bat,Left arm Fast medium,2009 - 2014,2012,IPL 2012,CSK,6,1.0,0.0,3.0,3.0,3.0,5.0,60.0,0.0,0.0,0.0,0.0,2,0,8.0,8.72,108.0,3/24,3/24,19.62,13.5,0.0,0.0,0.0,2011-10-13,2014-11-09,2009-04-24,2011-10-28,3.0,24.0,3.0,24.0
4508,Douglas Erwin Bollinger,1981-07-24,44y 340d,Australia,Bowler,Left hand Bat,Left arm Fast medium,2009 - 2014,2011,IPL 2011,CSK,13,1.0,1.0,0.0,0.0,,1.0,0.0,0.0,0.0,0.0,0.0,4,0,17.0,7.0,282.0,3/21,3/21,19.35,16.5,0.0,0.0,0.0,2011-10-13,2014-11-09,2009-04-24,2011-10-28,3.0,21.0,3.0,21.0
4508,Douglas Erwin Bollinger,1981-07-24,44y 340d,Australia,Bowler,Left hand Bat,Left arm Fast medium,2009 - 2014,2009/10,IPL 2009/10,CSK,8,2.0,2.0,18.0,16.0,,17.0,105.88,0.0,0.0,1.0,1.0,2,0,12.0,6.67,186.0,4/13,4/13,17.25,15.5,1.0,0.0,0.0,2011-10-13,2014-11-09,2009-04-24,2011-10-28,4.0,13.0,4.0,13.0
327830,Dwaine Pretorius,1989-03-29,37y 92d,South Africa,Bowling Allrounder,Right hand Bat,Right arm Medium fast,2016 - 2022,2023,IPL 2023,CSK,1,,,,,,,,,,,,1,0,0.0,7.0,24.0,,,,,0.0,0.0,0.0,2017-06-21,2022-10-04,2016-09-25,2022-07-24,,,,
327830,Dwaine Pretorius,1989-03-29,37y 92d,South Africa,Bowling Allrounder,Right hand Bat,Right arm Medium fast,2016 - 2022,2022,IPL 2022,CSK,6,5.0,1.0,44.0,22.0,11.0,28.0,157.14,0.0,0.0,3.0,3.0,2,0,6.0,10.0,126.0,2/30,2/30,35.0,21.0,0.0,0.0,0.0,2017-06-21,2022-10-04,2016-09-25,2022-07-24,2.0,30.0,2.0,30.0
51439,Dwayne John Bravo,1983-10-07,42y 265d,West Indies,Allrounder,Right hand Bat,Right arm Medium,2004 - 2021,2022,IPL 2022,CSK,10,6.0,4.0,23.0,12.0,11.5,24.0,95.83,0.0,0.0,1.0,1.0,3,0,16.0,8.7,206.0,3/20,3/20,18.68,12.8,0.0,0.0,0.0,2006-02-16,2021-11-06,2004-04-18,2014-10-17,3.0,20.0,3.0,20.0
51439,Dwayne John Bravo,1983-10-07,42y 265d,West Indies,Allrounder,Right hand Bat,Right arm Medium,2004 - 2021,2021,IPL 2021,CSK,11,3.0,2.0,47.0,23.0,47.0,18.0,261.11,0.0,0.0,3.0,4.0,2,0,14.0,7.81,202.0,3/24,3/24,18.78,14.4,0.0,0.0,0.0,2006-02-16,2021-11-06,2004-04-18,2014-10-17,3.0,24.0,3.0,24.0
51439,Dwayne John Bravo,1983-10-07,42y 265d,West Indies,Allrounder,Right hand Bat,Right arm Medium,2004 - 2021,2020/21,IPL 2020/21,CSK,6,2.0,0.0,7.0,7.0,3.5,6.0,116.66,0.0,0.0,0.0,0.0,1,0,6.0,8.57,126.0,3/37,3/37,30.0,21.0,0.0,0.0,0.0,2006-02-16,2021-11-06,2004-04-18,2014-10-17,3.0,37.0,3.0,37.0
51439,Dwayne John Bravo,1983-10-07,42y 265d,West Indies,Allrounder,Right hand Bat,Right arm Medium,2004 - 2021,2019,IPL 2019,CSK,12,9.0,4.0,80.0,27.0,16.0,66.0,121.21,0.0,0.0,6.0,3.0,5,0,11.0,8.01,247.0,3/33,3/33,30.0,22.4,0.0,0.0,0.0,2006-02-16,2021-11-06,2004-04-18,2014-10-17,3.0,33.0,3.0,33.0
51439,Dwayne John Bravo,1983-10-07,42y 265d,West Indies,Allrounder,Right hand Bat,Right arm Medium,2004 - 2021,2018,IPL 2018,CSK,16,10.0,6.0,141.0,68.0,35.25,91.0,154.94,0.0,1.0,8.0,10.0,9,0,14.0,9.96,321.0,2/16,2/16,38.07,22.9,0.0,0.0,0.0,2006-02-16,2021-11-06,2004-04-18,2014-10-17,2.0,16.0,2.0,16.0
51439,Dwayne John Bravo,1983-10-07,42y 265d,West Indies,Allrounder,Right hand Bat,Right arm Medium,2004 - 2021,2016,IPL 2016,GL,15,13.0,5.0,99.0,22.0,12.37,82.0,120.73,0.0,0.0,11.0,1.0,6,0,17.0,8.82,336.0,4/22,4/22,29.05,19.7,1.0,0.0,0.0,2006-02-16,2021-11-06,2004-04-18,2014-10-17,4.0,22.0,4.0,22.0
51439,Dwayne John Bravo,1983-10-07,42y 265d,West Indies,Allrounder,Right hand Bat,Right arm Medium,2004 - 2021,2015,IPL 2015,CSK,17,14.0,5.0,195.0,62.0,21.66,148.0,131.75,0.0,1.0,22.0,5.0,13,0,26.0,8.14,314.0,3/22,3/22,16.38,12.0,0.0,0.0,0.0,2006-02-16,2021-11-06,2004-04-18,2014-10-17,3.0,22.0,3.0,22.0
51439,Dwayne John Bravo,1983-10-07,42y 265d,West Indies,Allrounder,Right hand Bat,Right arm Medium,2004 - 2021,2014,IPL 2014,CSK,1,1.0,1.0,8.0,8.0,,3.0,266.66,0.0,0.0,0.0,1.0,0,0,,,,,,,,,,,2006-02-16,2021-11-06,2004-04-18,2014-10-17,,,,
51439,Dwayne John Bravo,1983-10-07,42y 265d,West Indies,Allrounder,Right hand Bat,Right arm Medium,2004 - 2021,2013,IPL 2013,CSK,18,12.0,4.0,121.0,23.0,15.12,106.0,114.15,0.0,0.0,11.0,3.0,14,0,32.0,7.95,375.0,4/42,4/42,15.53,11.7,1.0,0.0,0.0,2006-02-16,2021-11-06,2004-04-18,2014-10-17,4.0,42.0,4.0,42.0
51439,Dwayne John Bravo,1983-10-07,42y 265d,West Indies,Allrounder,Right hand Bat,Right arm Medium,2004 - 2021,2012,IPL 2012,CSK,19,16.0,8.0,371.0,48.0,46.37,264.0,140.53,0.0,0.0,20.0,20.0,9,0,15.0,8.01,346.0,2/10,2/10,30.8,23.0,0.0,0.0,0.0,2006-02-16,2021-11-06,2004-04-18,2014-10-17,2.0,10.0,2.0,10.0
51439,Dwayne John Bravo,1983-10-07,42y 265d,West Indies,Allrounder,Right hand Bat,Right arm Medium,2004 - 2021,2011,IPL 2011,CSK,6,2.0,1.0,11.0,6.0,11.0,6.0,183.33,0.0,0.0,1.0,1.0,3,0,6.0,7.85,120.0,2/21,2/21,26.16,20.0,0.0,0.0,0.0,2006-02-16,2021-11-06,2004-04-18,2014-10-17,2.0,21.0,2.0,21.0
51439,Dwayne John Bravo,1983-10-07,42y 265d,West Indies,Allrounder,Right hand Bat,Right arm Medium,2004 - 2021,2009/10,IPL 2009/10,MI,10,8.0,1.0,61.0,23.0,8.71,53.0,115.09,0.0,0.0,3.0,4.0,4,0,4.0,8.71,157.0,2/11,2/11,57.0,39.2,0.0,0.0,0.0,2006-02-16,2021-11-06,2004-04-18,2014-10-17,2.0,11.0,2.0,11.0
51439,Dwayne John Bravo,1983-10-07,42y 265d,West Indies,Allrounder,Right hand Bat,Right arm Medium,2004 - 2021,2009,IPL 2009,MI,11,10.0,2.0,218.0,70.0,27.25,203.0,107.38,0.0,2.0,15.0,8.0,7,0,11.0,7.8,199.0,3/34,3/34,23.54,18.0,0.0,0.0,0.0,2006-02-16,2021-11-06,2004-04-18,2014-10-17,3.0,34.0,3.0,34.0
51439,Dwayne John Bravo,1983-10-07,42y 265d,West Indies,Allrounder,Right hand Bat,Right arm Medium,2004 - 2021,2007/08,IPL 2007/08,MI,9,7.0,1.0,178.0,64.0,29.66,134.0,132.83,0.0,1.0,19.0,5.0,4,0,11.0,8.18,170.0,3/24,3/24,21.09,15.4,0.0,0.0,0.0,2006-02-16,2021-11-06,2004-04-18,2014-10-17,3.0,24.0,3.0,24.0
53118,Dwayne Romel Smith,1983-04-12,43y 78d,West Indies,Allrounder,Right hand Bat,Right arm Medium,2004 - 2015,2017,IPL 2017,GL,12,12.0,1.0,239.0,74.0,21.72,156.0,153.2,0.0,2.0,32.0,8.0,3,0,2.0,11.38,78.0,1/10,1/10,74.0,39.0,0.0,0.0,0.0,2006-02-16,2015-01-14,2004-01-25,2015-03-15,1.0,10.0,1.0,10.0
53118,Dwayne Romel Smith,1983-04-12,43y 78d,West Indies,Allrounder,Right hand Bat,Right arm Medium,2004 - 2015,2016,IPL 2016,GL,12,12.0,1.0,324.0,73.0,29.45,221.0,146.6,0.0,3.0,35.0,16.0,7,0,8.0,8.5,108.0,4/8,4/8,19.12,13.5,1.0,0.0,0.0,2006-02-16,2015-01-14,2004-01-25,2015-03-15,4.0,8.0,4.0,8.0
53118,Dwayne Romel Smith,1983-04-12,43y 78d,West Indies,Allrounder,Right hand Bat,Right arm Medium,2004 - 2015,2015,IPL 2015,CSK,16,16.0,0.0,399.0,62.0,24.93,335.0,119.1,0.0,2.0,52.0,16.0,9,0,1.0,8.5,12.0,1/17,1/17,17.0,12.0,0.0,0.0,0.0,2006-02-16,2015-01-14,2004-01-25,2015-03-15,1.0,17.0,1.0,17.0
53118,Dwayne Romel Smith,1983-04-12,43y 78d,West Indies,Allrounder,Right hand Bat,Right arm Medium,2004 - 2015,2014,IPL 2014,CSK,16,16.0,0.0,566.0,79.0,35.37,416.0,136.05,0.0,5.0,50.0,34.0,5,0,4.0,9.5,60.0,1/11,1/11,23.75,15.0,0.0,0.0,0.0,2006-02-16,2015-01-14,2004-01-25,2015-03-15,1.0,11.0,1.0,11.0
53118,Dwayne Romel Smith,1983-04-12,43y 78d,West Indies,Allrounder,Right hand Bat,Right arm Medium,2004 - 2015,2013,IPL 2013,MI,13,13.0,0.0,418.0,68.0,32.15,341.0,122.58,0.0,4.0,40.0,19.0,8,0,2.0,11.8,30.0,2/20,2/20,29.5,15.0,0.0,0.0,0.0,2006-02-16,2015-01-14,2004-01-25,2015-03-15,2.0,20.0,2.0,20.0
53118,Dwayne Romel Smith,1983-04-12,43y 78d,West Indies,Allrounder,Right hand Bat,Right arm Medium,2004 - 2015,2012,IPL 2012,MI,7,6.0,2.0,157.0,87.0,39.25,98.0,160.2,0.0,1.0,18.0,7.0,1,0,2.0,7.3,78.0,1/8,1/8,47.5,39.0,0.0,0.0,0.0,2006-02-16,2015-01-14,2004-01-25,2015-03-15,1.0,8.0,1.0,8.0
53118,Dwayne Romel Smith,1983-04-12,43y 78d,West Indies,Allrounder,Right hand Bat,Right arm Medium,2004 - 2015,2009/10,IPL 2009/10,DCH,3,3.0,1.0,22.0,13.0,11.0,25.0,88.0,0.0,0.0,1.0,1.0,0,0,1.0,9.39,23.0,1/22,1/22,36.0,23.0,0.0,0.0,0.0,2006-02-16,2015-01-14,2004-01-25,2015-03-15,1.0,22.0,1.0,22.0
53118,Dwayne Romel Smith,1983-04-12,43y 78d,West Indies,Allrounder,Right hand Bat,Right arm Medium,2004 - 2015,2009,IPL 2009,DCH,8,8.0,0.0,215.0,49.0,26.87,132.0,162.87,0.0,0.0,12.0,15.0,6,0,1.0,8.85,84.0,1/25,1/25,124.0,84.0,0.0,0.0,0.0,2006-02-16,2015-01-14,2004-01-25,2015-03-15,1.0,25.0,1.0,25.0
53118,Dwayne Romel Smith,1983-04-12,43y 78d,West Indies,Allrounder,Right hand Bat,Right arm Medium,2004 - 2015,2007/08,IPL 2007/08,MI,4,3.0,0.0,45.0,20.0,15.0,40.0,112.5,0.0,0.0,5.0,1.0,2,0,5.0,7.54,66.0,3/26,3/26,16.6,13.2,0.0,0.0,0.0,2006-02-16,2015-01-14,2004-01-25,2015-03-15,3.0,26.0,3.0,26.0
44828,Francois du Plessis,1984-07-13,41y 351d,South Africa,Middle order Batter,Right hand Bat,Legbreak,2011 - 2021,2025,IPL 2025,DC,9,9.0,0.0,202.0,62.0,22.44,163.0,123.92,0.0,2.0,18.0,8.0,4,0,,,,,,,,,,,2012-09-08,2020-12-01,2011-01-18,2019-07-06,,,,
44828,Francois du Plessis,1984-07-13,41y 351d,South Africa,Middle order Batter,Right hand Bat,Legbreak,2011 - 2021,2024,IPL 2024,RCB,15,15.0,0.0,438.0,64.0,29.2,271.0,161.62,0.0,4.0,47.0,21.0,8,0,,,,,,,,,,,2012-09-08,2020-12-01,2011-01-18,2019-07-06,,,,
44828,Francois du Plessis,1984-07-13,41y 351d,South Africa,Middle order Batter,Right hand Bat,Legbreak,2011 - 2021,2023,IPL 2023,RCB,14,14.0,1.0,730.0,84.0,56.15,475.0,153.68,0.0,8.0,60.0,36.0,3,0,,,,,,,,,,,2012-09-08,2020-12-01,2011-01-18,2019-07-06,,,,
44828,Francois du Plessis,1984-07-13,41y 351d,South Africa,Middle order Batter,Right hand Bat,Legbreak,2011 - 2021,2022,IPL 2022,RCB,16,16.0,1.0,468.0,96.0,31.2,367.0,127.52,0.0,3.0,49.0,13.0,4,0,,,,,,,,,,,2012-09-08,2020-12-01,2011-01-18,2019-07-06,,,,
44828,Francois du Plessis,1984-07-13,41y 351d,South Africa,Middle order Batter,Right hand Bat,Legbreak,2011 - 2021,2021,IPL 2021,CSK,16,16.0,2.0,633.0,95.0,45.21,458.0,138.2,0.0,6.0,60.0,23.0,12,0,,,,,,,,,,,2012-09-08,2020-12-01,2011-01-18,2019-07-06,,,,
44828,Francois du Plessis,1984-07-13,41y 351d,South Africa,Middle order Batter,Right hand Bat,Legbreak,2011 - 2021,2020/21,IPL 2020/21,CSK,13,13.0,2.0,449.0,87.0,40.81,319.0,140.75,0.0,4.0,42.0,14.0,12,0,,,,,,,,,,,2012-09-08,2020-12-01,2011-01-18,2019-07-06,,,,
44828,Francois du Plessis,1984-07-13,41y 351d,South Africa,Middle order Batter,Right hand Bat,Legbreak,2011 - 2021,2019,IPL 2019,CSK,12,12.0,1.0,396.0,96.0,36.0,321.0,123.36,0.0,3.0,36.0,15.0,12,0,,,,,,,,,,,2012-09-08,2020-12-01,2011-01-18,2019-07-06,,,,
44828,Francois du Plessis,1984-07-13,41y 351d,South Africa,Middle order Batter,Right hand Bat,Legbreak,2011 - 2021,2018,IPL 2018,CSK,6,6.0,1.0,162.0,67.0,32.4,129.0,125.58,0.0,1.0,17.0,6.0,1,0,,,,,,,,,,,2012-09-08,2020-12-01,2011-01-18,2019-07-06,,,,
44828,Francois du Plessis,1984-07-13,41y 351d,South Africa,Middle order Batter,Right hand Bat,Legbreak,2011 - 2021,2017,IPL 2017,RPS,2,1.0,0.0,8.0,8.0,8.0,7.0,114.28,0.0,0.0,1.0,0.0,0,0,,,,,,,,,,,2012-09-08,2020-12-01,2011-01-18,2019-07-06,,,,
44828,Francois du Plessis,1984-07-13,41y 351d,South Africa,Middle order Batter,Right hand Bat,Legbreak,2011 - 2021,2016,IPL 2016,RPS,6,6.0,0.0,206.0,69.0,34.33,162.0,127.16,0.0,2.0,17.0,9.0,4,0,,,,,,,,,,,2012-09-08,2020-12-01,2011-01-18,2019-07-06,,,,
44828,Francois du Plessis,1984-07-13,41y 351d,South Africa,Middle order Batter,Right hand Bat,Legbreak,2011 - 2021,2015,IPL 2015,CSK,17,15.0,2.0,380.0,55.0,29.23,304.0,125.0,0.0,1.0,37.0,5.0,8,0,,,,,,,,,,,2012-09-08,2020-12-01,2011-01-18,2019-07-06,,,,
44828,Francois du Plessis,1984-07-13,41y 351d,South Africa,Middle order Batter,Right hand Bat,Legbreak,2011 - 2021,2014,IPL 2014,CSK,15,12.0,1.0,303.0,54.0,27.54,235.0,128.93,0.0,2.0,26.0,7.0,13,0,,,,,,,,,,,2012-09-08,2020-12-01,2011-01-18,2019-07-06,,,,
44828,Francois du Plessis,1984-07-13,41y 351d,South Africa,Middle order Batter,Right hand Bat,Legbreak,2011 - 2021,2012,IPL 2012,CSK,13,12.0,0.0,398.0,73.0,33.16,304.0,130.92,0.0,3.0,29.0,17.0,4,0,0.0,16.0,6.0,,,,,0.0,0.0,0.0,2012-09-08,2020-12-01,2011-01-18,2019-07-06,,,,
4451,George John Bailey,1982-09-07,43y 295d,Australia,Top order Batter,Right hand Bat,Right arm Medium,2012 - 2017,2016,IPL 2016,RPS,6,5.0,1.0,84.0,34.0,21.0,98.0,85.71,0.0,0.0,9.0,2.0,2,0,,,,,,,,,,,2012-02-01,2017-09-15,2012-03-16,2016-12-09,,,,
4451,George John Bailey,1982-09-07,43y 295d,Australia,Top order Batter,Right hand Bat,Right arm Medium,2012 - 2017,2015,IPL 2015,PBKS,13,13.0,2.0,259.0,61.0,23.54,190.0,136.31,0.0,2.0,22.0,7.0,1,0,,,,,,,,,,,2012-02-01,2017-09-15,2012-03-16,2016-12-09,,,,
4451,George John Bailey,1982-09-07,43y 295d,Australia,Top order Batter,Right hand Bat,Right arm Medium,2012 - 2017,2014,IPL 2014,PBKS,17,16.0,7.0,257.0,40.0,28.55,190.0,135.26,0.0,0.0,19.0,10.0,8,0,,,,,,,,,,,2012-02-01,2017-09-15,2012-03-16,2016-12-09,,,,
4451,George John Bailey,1982-09-07,43y 295d,Australia,Top order Batter,Right hand Bat,Right arm Medium,2012 - 2017,2009/10,IPL 2009/10,CSK,1,1.0,0.0,18.0,18.0,18.0,27.0,66.66,0.0,0.0,2.0,0.0,0,0,,,,,,,,,,,2012-02-01,2017-09-15,2012-03-16,2016-12-09,,,,
4451,George John Bailey,1982-09-07,43y 295d,Australia,Top order Batter,Right hand Bat,Right arm Medium,2012 - 2017,2009,IPL 2009,CSK,3,2.0,0.0,45.0,30.0,22.5,39.0,115.38,0.0,0.0,7.0,0.0,0,0,,,,,,,,,,,2012-02-01,2017-09-15,2012-03-16,2016-12-09,,,,
1269869,Gurjapneet Singh,1998-11-08,27y 233d,India,Bowler,Right hand Bat,Left arm Medium fast,,2026,IPL 2026,CSK,8,,,,,,,,,,,,5,0,4.0,9.25,151.0,1/7,1/7,58.25,37.7,0.0,0.0,0.0,,,,,1.0,7.0,1.0,7.0
29264,Harbhajan Singh,1980-07-03,45y 361d,India,Bowler,Right hand Bat,Right arm Offbreak,1998 - 2016,2021,IPL 2021,KKR,3,2.0,2.0,4.0,2.0,,4.0,100.0,0.0,0.0,0.0,0.0,1,0,0.0,9.0,42.0,,,,,0.0,0.0,0.0,2006-12-01,2016-03-03,1998-04-17,2015-10-25,,,,
29264,Harbhajan Singh,1980-07-03,45y 361d,India,Bowler,Right hand Bat,Right arm Offbreak,1998 - 2016,2019,IPL 2019,CSK,11,1.0,0.0,1.0,1.0,1.0,3.0,33.33,0.0,0.0,0.0,0.0,4,0,16.0,7.09,264.0,3/20,3/20,19.5,16.5,0.0,0.0,0.0,2006-12-01,2016-03-03,1998-04-17,2015-10-25,3.0,20.0,3.0,20.0
29264,Harbhajan Singh,1980-07-03,45y 361d,India,Bowler,Right hand Bat,Right arm Offbreak,1998 - 2016,2018,IPL 2018,CSK,13,3.0,0.0,29.0,19.0,9.66,36.0,80.55,0.0,0.0,3.0,1.0,4,0,7.0,8.48,191.0,2/22,2/22,38.57,27.2,0.0,0.0,0.0,2006-12-01,2016-03-03,1998-04-17,2015-10-25,2.0,22.0,2.0,22.0
29264,Harbhajan Singh,1980-07-03,45y 361d,India,Bowler,Right hand Bat,Right arm Offbreak,1998 - 2016,2017,IPL 2017,MI,11,7.0,5.0,16.0,7.0,8.0,16.0,100.0,0.0,0.0,0.0,1.0,2,0,8.0,6.48,246.0,3/22,3/22,33.25,30.7,0.0,0.0,0.0,2006-12-01,2016-03-03,1998-04-17,2015-10-25,3.0,22.0,3.0,22.0
29264,Harbhajan Singh,1980-07-03,45y 361d,India,Bowler,Right hand Bat,Right arm Offbreak,1998 - 2016,2016,IPL 2016,MI,14,7.0,4.0,92.0,45.0,30.66,84.0,109.52,0.0,0.0,11.0,2.0,4,0,9.0,8.0,294.0,2/29,2/29,43.55,32.6,0.0,0.0,0.0,2006-12-01,2016-03-03,1998-04-17,2015-10-25,2.0,29.0,2.0,29.0
29264,Harbhajan Singh,1980-07-03,45y 361d,India,Bowler,Right hand Bat,Right arm Offbreak,1998 - 2016,2015,IPL 2015,MI,15,10.0,3.0,117.0,64.0,16.71,73.0,160.27,0.0,1.0,9.0,9.0,3,0,18.0,7.82,342.0,3/27,3/27,24.77,19.0,0.0,0.0,0.0,2006-12-01,2016-03-03,1998-04-17,2015-10-25,3.0,27.0,3.0,27.0
29264,Harbhajan Singh,1980-07-03,45y 361d,India,Bowler,Right hand Bat,Right arm Offbreak,1998 - 2016,2014,IPL 2014,MI,14,7.0,2.0,28.0,10.0,5.6,25.0,112.0,0.0,0.0,2.0,2.0,3,0,14.0,6.47,330.0,2/13,2/13,25.42,23.5,0.0,0.0,0.0,2006-12-01,2016-03-03,1998-04-17,2015-10-25,2.0,13.0,2.0,13.0
29264,Harbhajan Singh,1980-07-03,45y 361d,India,Bowler,Right hand Bat,Right arm Offbreak,1998 - 2016,2013,IPL 2013,MI,19,14.0,8.0,116.0,25.0,19.33,79.0,146.83,0.0,0.0,12.0,5.0,9,0,24.0,6.51,420.0,3/14,3/14,19.0,17.5,0.0,0.0,0.0,2006-12-01,2016-03-03,1998-04-17,2015-10-25,3.0,14.0,3.0,14.0
29264,Harbhajan Singh,1980-07-03,45y 361d,India,Bowler,Right hand Bat,Right arm Offbreak,1998 - 2016,2012,IPL 2012,MI,17,11.0,2.0,108.0,33.0,12.0,80.0,135.0,0.0,0.0,14.0,3.0,6,0,6.0,7.11,324.0,2/13,2/13,64.0,54.0,0.0,0.0,0.0,2006-12-01,2016-03-03,1998-04-17,2015-10-25,2.0,13.0,2.0,13.0
29264,Harbhajan Singh,1980-07-03,45y 361d,India,Bowler,Right hand Bat,Right arm Offbreak,1998 - 2016,2011,IPL 2011,MI,15,8.0,5.0,103.0,30.0,34.33,71.0,145.07,0.0,0.0,9.0,6.0,2,0,14.0,6.98,318.0,5/18,5/18,26.42,22.7,0.0,1.0,0.0,2006-12-01,2016-03-03,1998-04-17,2015-10-25,5.0,18.0,5.0,18.0
29264,Harbhajan Singh,1980-07-03,45y 361d,India,Bowler,Right hand Bat,Right arm Offbreak,1998 - 2016,2009/10,IPL 2009/10,MI,15,7.0,3.0,105.0,49.0,26.25,63.0,166.66,0.0,0.0,12.0,5.0,6,0,17.0,7.04,321.0,3/31,3/31,22.17,18.8,0.0,0.0,0.0,2006-12-01,2016-03-03,1998-04-17,2015-10-25,3.0,31.0,3.0,31.0
29264,Harbhajan Singh,1980-07-03,45y 361d,India,Bowler,Right hand Bat,Right arm Offbreak,1998 - 2016,2009,IPL 2009,MI,13,10.0,2.0,84.0,20.0,10.5,53.0,158.49,0.0,0.0,6.0,5.0,3,0,12.0,5.81,264.0,4/17,4/17,21.33,22.0,1.0,0.0,0.0,2006-12-01,2016-03-03,1998-04-17,2015-10-25,4.0,17.0,4.0,17.0
29264,Harbhajan Singh,1980-07-03,45y 361d,India,Bowler,Right hand Bat,Right arm Offbreak,1998 - 2016,2007/08,IPL 2007/08,MI,3,3.0,1.0,30.0,28.0,15.0,17.0,176.47,0.0,0.0,1.0,3.0,2,0,5.0,8.2,60.0,3/32,3/32,16.4,12.0,0.0,0.0,0.0,2006-12-01,2016-03-03,1998-04-17,2015-10-25,3.0,32.0,3.0,32.0
40618,Mohammad Imran Tahir,1979-03-27,47y 94d,South Africa,Bowler,Right hand Bat,Legbreak Googly,2011 - 2019,2021,IPL 2021,CSK,1,,,,,,,,,,,,0,0,2.0,4.0,24.0,2/16,2/16,8.0,12.0,0.0,0.0,0.0,2013-08-02,2019-03-19,2011-02-24,2019-07-06,2.0,16.0,2.0,16.0
40618,Mohammad Imran Tahir,1979-03-27,47y 94d,South Africa,Bowler,Right hand Bat,Legbreak Googly,2011 - 2019,2020/21,IPL 2020/21,CSK,3,1.0,1.0,13.0,13.0,,10.0,130.0,0.0,0.0,2.0,0.0,0,0,1.0,6.9,66.0,1/24,1/24,76.0,66.0,0.0,0.0,0.0,2013-08-02,2019-03-19,2011-02-24,2019-07-06,1.0,24.0,1.0,24.0
40618,Mohammad Imran Tahir,1979-03-27,47y 94d,South Africa,Bowler,Right hand Bat,Legbreak Googly,2011 - 2019,2019,IPL 2019,CSK,17,1.0,1.0,0.0,0.0,,0.0,,0.0,0.0,0.0,0.0,6,0,26.0,6.69,386.0,4/12,4/12,16.57,14.8,2.0,0.0,0.0,2013-08-02,2019-03-19,2011-02-24,2019-07-06,4.0,12.0,4.0,12.0
40618,Mohammad Imran Tahir,1979-03-27,47y 94d,South Africa,Bowler,Right hand Bat,Legbreak Googly,2011 - 2019,2018,IPL 2018,CSK,6,1.0,1.0,2.0,2.0,,2.0,100.0,0.0,0.0,0.0,0.0,2,0,6.0,9.09,124.0,2/34,2/34,31.33,20.6,0.0,0.0,0.0,2013-08-02,2019-03-19,2011-02-24,2019-07-06,2.0,34.0,2.0,34.0
40618,Mohammad Imran Tahir,1979-03-27,47y 94d,South Africa,Bowler,Right hand Bat,Legbreak Googly,2011 - 2019,2017,IPL 2017,RPS,12,1.0,1.0,0.0,0.0,,2.0,0.0,0.0,0.0,0.0,0.0,2,0,18.0,7.85,282.0,3/18,3/18,20.5,15.6,0.0,0.0,0.0,2013-08-02,2019-03-19,2011-02-24,2019-07-06,3.0,18.0,3.0,18.0
40618,Mohammad Imran Tahir,1979-03-27,47y 94d,South Africa,Bowler,Right hand Bat,Legbreak Googly,2011 - 2019,2016,IPL 2016,DC,4,1.0,0.0,5.0,5.0,5.0,7.0,71.42,0.0,0.0,1.0,0.0,0,0,5.0,8.62,96.0,3/24,3/24,27.6,19.2,0.0,0.0,0.0,2013-08-02,2019-03-19,2011-02-24,2019-07-06,3.0,24.0,3.0,24.0
40618,Mohammad Imran Tahir,1979-03-27,47y 94d,South Africa,Bowler,Right hand Bat,Legbreak Googly,2011 - 2019,2015,IPL 2015,DC,10,2.0,1.0,5.0,3.0,5.0,6.0,83.33,0.0,0.0,0.0,0.0,3,0,15.0,8.84,213.0,4/28,4/28,20.93,14.2,1.0,0.0,0.0,2013-08-02,2019-03-19,2011-02-24,2019-07-06,4.0,28.0,4.0,28.0
40618,Mohammad Imran Tahir,1979-03-27,47y 94d,South Africa,Bowler,Right hand Bat,Legbreak Googly,2011 - 2019,2014,IPL 2014,DC,6,2.0,0.0,8.0,4.0,4.0,10.0,80.0,0.0,0.0,2.0,0.0,0,0,9.0,8.2,125.0,3/22,3/22,19.0,13.8,0.0,0.0,0.0,2013-08-02,2019-03-19,2011-02-24,2019-07-06,3.0,22.0,3.0,22.0
447439,Ishwar Chand Pandey,1989-08-15,36y 318d,India,Bowler,Right hand Bat,Right arm Medium,,2015,IPL 2015,CSK,10,,,,,,,,,,,,2,0,11.0,7.19,186.0,2/27,2/27,20.27,16.9,0.0,0.0,0.0,,,,,2.0,27.0,2.0,27.0
447439,Ishwar Chand Pandey,1989-08-15,36y 318d,India,Bowler,Right hand Bat,Right arm Medium,,2014,IPL 2014,CSK,13,,,,,,,,,,,,4,0,6.0,7.57,252.0,2/23,2/23,53.0,42.0,0.0,0.0,0.0,,,,,2.0,23.0,2.0,23.0
447439,Ishwar Chand Pandey,1989-08-15,36y 318d,India,Bowler,Right hand Bat,Right arm Medium,,2013,IPL 2013,PWI,2,1.0,0.0,0.0,0.0,0.0,2.0,0.0,0.0,0.0,0.0,0.0,0,0,1.0,12.5,24.0,1/17,1/17,50.0,24.0,0.0,0.0,0.0,,,,,1.0,17.0,1.0,17.0
38062,Jacob David Philip Oram,1978-07-28,47y 336d,New Zealand,Allrounder,Left hand Bat,Right arm Fast medium,2001 - 2012,2013,IPL 2013,MI,1,,,,,,,,,,,,0,0,0.0,5.5,24.0,,,,,0.0,0.0,0.0,2005-10-21,2012-10-30,2001-01-04,2012-11-06,,,,
38062,Jacob David Philip Oram,1978-07-28,47y 336d,New Zealand,Allrounder,Left hand Bat,Right arm Fast medium,2001 - 2012,2011,IPL 2011,RR,2,1.0,0.0,0.0,0.0,0.0,3.0,0.0,0.0,0.0,0.0,0.0,0,0,1.0,11.25,24.0,1/32,1/32,45.0,24.0,0.0,0.0,0.0,2005-10-21,2012-10-30,2001-01-04,2012-11-06,1.0,32.0,1.0,32.0
38062,Jacob David Philip Oram,1978-07-28,47y 336d,New Zealand,Allrounder,Left hand Bat,Right arm Fast medium,2001 - 2012,2009,IPL 2009,CSK,11,8.0,2.0,88.0,41.0,14.66,93.0,94.62,0.0,0.0,5.0,4.0,5,0,5.0,8.58,93.0,2/12,2/12,26.6,18.6,0.0,0.0,0.0,2005-10-21,2012-10-30,2001-01-04,2012-11-06,2.0,12.0,2.0,12.0
38062,Jacob David Philip Oram,1978-07-28,47y 336d,New Zealand,Allrounder,Left hand Bat,Right arm Fast medium,2001 - 2012,2007/08,IPL 2007/08,CSK,4,3.0,2.0,18.0,13.0,18.0,12.0,150.0,0.0,0.0,1.0,1.0,3,0,3.0,9.31,96.0,3/32,3/32,49.66,32.0,0.0,0.0,0.0,2005-10-21,2012-10-30,2001-01-04,2012-11-06,3.0,32.0,3.0,32.0
510530,Jamie Overton,1994-04-10,32y 80d,England,Bowling Allrounder,Right hand Bat,Right arm Fast,2013 - 2026,2026,IPL 2026,CSK,10,6.0,2.0,136.0,43.0,34.0,86.0,158.13,0.0,0.0,13.0,6.0,1,0,14.0,8.89,168.0,4/18,4/18,17.78,12.0,1.0,0.0,0.0,2024-09-11,2026-03-05,2024-10-31,2026-01-27,4.0,18.0,4.0,18.0
510530,Jamie Overton,1994-04-10,32y 80d,England,Bowling Allrounder,Right hand Bat,Right arm Fast,2013 - 2026,2025,IPL 2025,CSK,3,2.0,2.0,15.0,11.0,,7.0,214.28,0.0,0.0,1.0,1.0,0,0,0.0,13.83,36.0,,,,,0.0,0.0,0.0,2024-09-11,2026-03-05,2024-10-31,2026-01-27,,,,
391485,Jason Omar Holder,1991-11-05,34y 236d,West Indies,Bowling Allrounder,Right hand Bat,Right arm Medium fast,2013 - 2026,2026,IPL 2026,GT,11,7.0,2.0,65.0,23.0,13.0,52.0,125.0,0.0,0.0,3.0,3.0,8,0,17.0,7.56,230.0,4/24,4/24,17.05,13.5,1.0,0.0,0.0,2014-01-15,2026-06-14,2013-02-01,2023-07-01,4.0,24.0,4.0,24.0
391485,Jason Omar Holder,1991-11-05,34y 236d,West Indies,Bowling Allrounder,Right hand Bat,Right arm Medium fast,2013 - 2026,2023,IPL 2023,RR,8,3.0,1.0,12.0,11.0,6.0,11.0,109.09,0.0,0.0,0.0,1.0,3,0,4.0,9.96,171.0,2/29,2/29,71.0,42.7,0.0,0.0,0.0,2014-01-15,2026-06-14,2013-02-01,2023-07-01,2.0,29.0,2.0,29.0
391485,Jason Omar Holder,1991-11-05,34y 236d,West Indies,Bowling Allrounder,Right hand Bat,Right arm Medium fast,2013 - 2026,2022,IPL 2022,LSG,12,8.0,2.0,58.0,16.0,9.66,44.0,131.81,0.0,0.0,2.0,6.0,4,0,14.0,9.42,249.0,3/31,3/31,27.92,17.7,0.0,0.0,0.0,2014-01-15,2026-06-14,2013-02-01,2023-07-01,3.0,31.0,3.0,31.0
391485,Jason Omar Holder,1991-11-05,34y 236d,West Indies,Bowling Allrounder,Right hand Bat,Right arm Medium fast,2013 - 2026,2021,IPL 2021,SRH,8,7.0,1.0,85.0,47.0,14.16,72.0,118.05,0.0,0.0,2.0,6.0,2,0,16.0,7.75,191.0,4/52,4/52,15.43,11.9,1.0,0.0,0.0,2014-01-15,2026-06-14,2013-02-01,2023-07-01,4.0,52.0,4.0,52.0
391485,Jason Omar Holder,1991-11-05,34y 236d,West Indies,Bowling Allrounder,Right hand Bat,Right arm Medium fast,2013 - 2026,2020/21,IPL 2020/21,SRH,7,4.0,2.0,66.0,26.0,33.0,53.0,124.52,0.0,0.0,5.0,3.0,0,0,14.0,8.32,168.0,3/25,3/25,16.64,12.0,0.0,0.0,0.0,2014-01-15,2026-06-14,2013-02-01,2023-07-01,3.0,25.0,3.0,25.0
391485,Jason Omar Holder,1991-11-05,34y 236d,West Indies,Bowling Allrounder,Right hand Bat,Right arm Medium fast,2013 - 2026,2016,IPL 2016,KKR,4,4.0,0.0,22.0,13.0,5.5,19.0,115.78,0.0,0.0,2.0,1.0,0,0,2.0,7.92,78.0,2/33,2/33,51.5,39.0,0.0,0.0,0.0,2014-01-15,2026-06-14,2013-02-01,2023-07-01,2.0,33.0,2.0,33.0
391485,Jason Omar Holder,1991-11-05,34y 236d,West Indies,Bowling Allrounder,Right hand Bat,Right arm Medium fast,2013 - 2026,2014,IPL 2014,SRH,1,1.0,0.0,16.0,16.0,16.0,12.0,133.33,0.0,0.0,2.0,1.0,2,0,1.0,11.66,18.0,1/35,1/35,35.0,18.0,0.0,0.0,0.0,2014-01-15,2026-06-14,2013-02-01,2023-07-01,1.0,35.0,1.0,35.0
391485,Jason Omar Holder,1991-11-05,34y 236d,West Indies,Bowling Allrounder,Right hand Bat,Right arm Medium fast,2013 - 2026,2013,IPL 2013,CSK,6,,,,,,,,,,,,3,0,2.0,8.4,120.0,2/20,2/20,84.0,60.0,0.0,0.0,0.0,2014-01-15,2026-06-14,2013-02-01,2023-07-01,2.0,20.0,2.0,20.0
29976,Joginder Sharma,1983-10-23,42y 249d,India,Allrounder,Right hand Bat,Right arm Fast medium,2004 - 2007,2011,IPL 2011,CSK,1,1.0,0.0,0.0,0.0,0.0,1.0,0.0,0.0,0.0,0.0,0.0,0,0,0.0,11.33,18.0,,,,,0.0,0.0,0.0,2007-09-19,2007-09-24,2004-12-23,2007-01-24,,,,
29976,Joginder Sharma,1983-10-23,42y 249d,India,Allrounder,Right hand Bat,Right arm Fast medium,2004 - 2007,2009/10,IPL 2009/10,CSK,3,,,,,,,,,,,,1,0,2.0,11.12,48.0,1/23,1/23,44.5,24.0,0.0,0.0,0.0,2007-09-19,2007-09-24,2004-12-23,2007-01-24,1.0,23.0,1.0,23.0
29976,Joginder Sharma,1983-10-23,42y 249d,India,Allrounder,Right hand Bat,Right arm Fast medium,2004 - 2007,2009,IPL 2009,CSK,4,2.0,1.0,20.0,16.0,20.0,18.0,111.11,0.0,0.0,0.0,1.0,0,0,2.0,8.14,42.0,1/10,1/10,28.5,21.0,0.0,0.0,0.0,2007-09-19,2007-09-24,2004-12-23,2007-01-24,1.0,10.0,1.0,10.0
29976,Joginder Sharma,1983-10-23,42y 249d,India,Allrounder,Right hand Bat,Right arm Fast medium,2004 - 2007,2007/08,IPL 2007/08,CSK,8,3.0,1.0,16.0,16.0,8.0,11.0,145.45,0.0,0.0,1.0,1.0,4,0,8.0,9.68,148.0,2/27,2/27,29.87,18.5,0.0,0.0,0.0,2007-09-19,2007-09-24,2004-12-23,2007-01-24,2.0,27.0,2.0,27.0
228622,John Wayne Hastings,1985-11-04,40y 237d,Australia,Allrounder,Right hand Bat,Right arm Fast medium,2010 - 2017,2016,IPL 2016,KKR,2,,,,,,,,,,,,0,0,2.0,5.55,40.0,2/6,2/6,18.5,20.0,0.0,0.0,0.0,2010-10-31,2016-09-09,2010-10-20,2017-06-02,2.0,6.0,2.0,6.0
228622,John Wayne Hastings,1985-11-04,40y 237d,Australia,Allrounder,Right hand Bat,Right arm Fast medium,2010 - 2017,2014,IPL 2014,CSK,1,,,,,,,,,,,,0,0,1.0,9.66,18.0,1/29,1/29,29.0,18.0,0.0,0.0,0.0,2010-10-31,2016-09-09,2010-10-20,2017-06-02,1.0,29.0,1.0,29.0
288284,Josh Reginald Hazlewood,1991-01-08,35y 172d,Australia,Bowler,Left hand Bat,Right arm Fast medium,2010 - 2025,2026,IPL 2026,RCB,13,1.0,0.0,0.0,0.0,0.0,1.0,0.0,0.0,0.0,0.0,0.0,8,0,15.0,9.59,309.0,4/12,4/12,32.93,20.6,1.0,0.0,0.0,2013-02-13,2025-10-31,2010-06-22,2025-10-25,4.0,12.0,4.0,12.0
288284,Josh Reginald Hazlewood,1991-01-08,35y 172d,Australia,Bowler,Left hand Bat,Right arm Fast medium,2010 - 2025,2025,IPL 2025,RCB,12,1.0,1.0,0.0,0.0,,1.0,0.0,0.0,0.0,0.0,0.0,1,0,22.0,8.77,264.0,4/33,4/33,17.54,12.0,1.0,0.0,0.0,2013-02-13,2025-10-31,2010-06-22,2025-10-25,4.0,33.0,4.0,33.0
288284,Josh Reginald Hazlewood,1991-01-08,35y 172d,Australia,Bowler,Left hand Bat,Right arm Fast medium,2010 - 2025,2023,IPL 2023,RCB,3,1.0,1.0,1.0,1.0,,2.0,50.0,0.0,0.0,0.0,0.0,0,0,3.0,8.44,54.0,2/15,2/15,25.33,18.0,0.0,0.0,0.0,2013-02-13,2025-10-31,2010-06-22,2025-10-25,2.0,15.0,2.0,15.0
288284,Josh Reginald Hazlewood,1991-01-08,35y 172d,Australia,Bowler,Left hand Bat,Right arm Fast medium,2010 - 2025,2022,IPL 2022,RCB,12,5.0,5.0,18.0,7.0,,26.0,69.23,0.0,0.0,1.0,0.0,1,0,20.0,8.1,279.0,4/25,4/25,18.85,13.9,1.0,0.0,0.0,2013-02-13,2025-10-31,2010-06-22,2025-10-25,4.0,25.0,4.0,25.0
288284,Josh Reginald Hazlewood,1991-01-08,35y 172d,Australia,Bowler,Left hand Bat,Right arm Fast medium,2010 - 2025,2021,IPL 2021,CSK,9,,,,,,,,,,,,1,0,11.0,8.37,210.0,3/24,3/24,26.63,19.0,0.0,0.0,0.0,2013-02-13,2025-10-31,2010-06-22,2025-10-25,3.0,24.0,3.0,24.0
288284,Josh Reginald Hazlewood,1991-01-08,35y 172d,Australia,Bowler,Left hand Bat,Right arm Fast medium,2010 - 2025,2020/21,IPL 2020/21,CSK,3,,,,,,,,,,,,0,0,1.0,6.4,60.0,1/19,1/19,64.0,60.0,0.0,0.0,0.0,2013-02-13,2025-10-31,2010-06-22,2025-10-25,1.0,19.0,1.0,19.0
45797,Justin Miles Kemp,1977-10-02,48y 270d,South Africa,Bowling Allrounder,Right hand Bat,Right arm Fast medium,2001 - 2007,2009/10,IPL 2009/10,CSK,5,2.0,0.0,26.0,22.0,13.0,24.0,108.33,0.0,0.0,1.0,1.0,1,0,3.0,7.36,44.0,3/12,3/12,18.0,14.6,0.0,0.0,0.0,2005-10-21,2007-09-20,2001-01-14,2007-10-23,3.0,12.0,3.0,12.0
30288,Karn Vinod Sharma,1987-10-23,38y 249d,India,Bowler,Left hand Bat,Legbreak Googly,2014 - 2014,2025,IPL 2025,MI,6,1.0,1.0,1.0,1.0,,1.0,100.0,0.0,0.0,0.0,0.0,3,0,7.0,8.53,90.0,3/23,3/23,18.28,12.8,0.0,0.0,0.0,2014-12-09,2014-11-13,2014-11-13,2014-11-16,3.0,23.0,3.0,23.0
30288,Karn Vinod Sharma,1987-10-23,38y 249d,India,Bowler,Left hand Bat,Legbreak Googly,2014 - 2014,2024,IPL 2024,RCB,9,3.0,0.0,31.0,20.0,10.33,15.0,206.66,0.0,0.0,2.0,3.0,6,0,7.0,10.58,144.0,2/29,2/29,36.28,20.5,0.0,0.0,0.0,2014-12-09,2014-11-13,2014-11-13,2014-11-16,2.0,29.0,2.0,29.0
30288,Karn Vinod Sharma,1987-10-23,38y 249d,India,Bowler,Left hand Bat,Legbreak Googly,2014 - 2014,2023,IPL 2023,RCB,7,2.0,0.0,3.0,2.0,1.5,5.0,60.0,0.0,0.0,0.0,0.0,0,0,10.0,10.37,129.0,2/19,2/19,22.3,12.9,0.0,0.0,0.0,2014-12-09,2014-11-13,2014-11-13,2014-11-16,2.0,19.0,2.0,19.0
30288,Karn Vinod Sharma,1987-10-23,38y 249d,India,Bowler,Left hand Bat,Legbreak Googly,2014 - 2014,2020/21,IPL 2020/21,CSK,5,,,,,,,,,,,,0,0,5.0,8.68,114.0,2/25,2/25,33.0,22.8,0.0,0.0,0.0,2014-12-09,2014-11-13,2014-11-13,2014-11-16,2.0,25.0,2.0,25.0
30288,Karn Vinod Sharma,1987-10-23,38y 249d,India,Bowler,Left hand Bat,Legbreak Googly,2014 - 2014,2019,IPL 2019,CSK,1,,,,,,,,,,,,0,0,1.0,11.64,17.0,1/33,1/33,33.0,17.0,0.0,0.0,0.0,2014-12-09,2014-11-13,2014-11-13,2014-11-16,1.0,33.0,1.0,33.0
30288,Karn Vinod Sharma,1987-10-23,38y 249d,India,Bowler,Left hand Bat,Legbreak Googly,2014 - 2014,2018,IPL 2018,CSK,6,1.0,1.0,0.0,0.0,,0.0,,0.0,0.0,0.0,0.0,3,0,4.0,9.36,57.0,2/13,2/13,22.25,14.2,0.0,0.0,0.0,2014-12-09,2014-11-13,2014-11-13,2014-11-16,2.0,13.0,2.0,13.0
30288,Karn Vinod Sharma,1987-10-23,38y 249d,India,Bowler,Left hand Bat,Legbreak Googly,2014 - 2014,2017,IPL 2017,MI,9,6.0,0.0,49.0,19.0,8.16,41.0,119.51,0.0,0.0,5.0,2.0,3,0,13.0,6.97,184.0,4/16,4/16,16.46,14.1,1.0,0.0,0.0,2014-12-09,2014-11-13,2014-11-13,2014-11-16,4.0,16.0,4.0,16.0
30288,Karn Vinod Sharma,1987-10-23,38y 249d,India,Bowler,Left hand Bat,Legbreak Googly,2014 - 2014,2016,IPL 2016,SRH,5,3.0,3.0,36.0,26.0,,30.0,120.0,0.0,0.0,3.0,1.0,0,0,0.0,10.46,98.0,,,,,0.0,0.0,0.0,2014-12-09,2014-11-13,2014-11-13,2014-11-16,,,,
30288,Karn Vinod Sharma,1987-10-23,38y 249d,India,Bowler,Left hand Bat,Legbreak Googly,2014 - 2014,2015,IPL 2015,SRH,14,9.0,3.0,104.0,32.0,17.33,85.0,122.35,0.0,0.0,3.0,6.0,4,0,10.0,8.33,239.0,2/12,2/12,33.2,23.9,0.0,0.0,0.0,2014-12-09,2014-11-13,2014-11-13,2014-11-16,2.0,12.0,2.0,12.0
30288,Karn Vinod Sharma,1987-10-23,38y 249d,India,Bowler,Left hand Bat,Legbreak Googly,2014 - 2014,2014,IPL 2014,SRH,14,8.0,4.0,42.0,17.0,10.5,29.0,144.82,0.0,0.0,1.0,3.0,0,0,15.0,7.42,304.0,4/38,4/38,25.06,20.2,1.0,0.0,0.0,2014-12-09,2014-11-13,2014-11-13,2014-11-16,4.0,38.0,4.0,38.0
30288,Karn Vinod Sharma,1987-10-23,38y 249d,India,Bowler,Left hand Bat,Legbreak Googly,2014 - 2014,2013,IPL 2013,SRH,13,7.0,3.0,85.0,39.0,21.25,86.0,98.83,0.0,0.0,6.0,2.0,4,0,11.0,6.6,209.0,2/19,2/19,20.9,19.0,0.0,0.0,0.0,2014-12-09,2014-11-13,2014-11-13,2014-11-16,2.0,19.0,2.0,19.0
30288,Karn Vinod Sharma,1987-10-23,38y 249d,India,Bowler,Left hand Bat,Legbreak Googly,2014 - 2014,2009,IPL 2009,RCB,1,1.0,0.0,1.0,1.0,1.0,3.0,33.33,0.0,0.0,0.0,0.0,0,0,,,,,,,,,,,2014-12-09,2014-11-13,2014-11-13,2014-11-16,,,,
1459392,Kartik Sharma,2006-04-26,20y 64d,India,Wicketkeeper Batter,Right hand Bat,,,2026,IPL 2026,CSK,11,11.0,2.0,295.0,71.0,32.77,216.0,136.57,0.0,2.0,24.0,16.0,1,0,,,,,,,,,,,,,,,,,,
290716,Kedar Mahadav Jadhav,1985-03-26,41y 95d,India,Batting Allrounder,Right hand Bat,Right arm Offbreak,2014 - 2020,2023,IPL 2023,RCB,2,1.0,1.0,12.0,12.0,,10.0,120.0,0.0,0.0,1.0,0.0,1,0,,,,,,,,,,,2015-07-17,2017-10-10,2014-11-16,2020-02-08,,,,
290716,Kedar Mahadav Jadhav,1985-03-26,41y 95d,India,Batting Allrounder,Right hand Bat,Right arm Offbreak,2014 - 2020,2021,IPL 2021,SRH,6,5.0,1.0,55.0,19.0,13.75,52.0,105.76,0.0,0.0,2.0,2.0,2,0,,,,,,,,,,,2015-07-17,2017-10-10,2014-11-16,2020-02-08,,,,
290716,Kedar Mahadav Jadhav,1985-03-26,41y 95d,India,Batting Allrounder,Right hand Bat,Right arm Offbreak,2014 - 2020,2020/21,IPL 2020/21,CSK,8,5.0,2.0,62.0,26.0,20.66,66.0,93.93,0.0,0.0,7.0,0.0,1,0,,,,,,,,,,,2015-07-17,2017-10-10,2014-11-16,2020-02-08,,,,
290716,Kedar Mahadav Jadhav,1985-03-26,41y 95d,India,Batting Allrounder,Right hand Bat,Right arm Offbreak,2014 - 2020,2019,IPL 2019,CSK,14,12.0,3.0,162.0,58.0,18.0,169.0,95.85,0.0,1.0,19.0,3.0,4,0,,,,,,,,,,,2015-07-17,2017-10-10,2014-11-16,2020-02-08,,,,
290716,Kedar Mahadav Jadhav,1985-03-26,41y 95d,India,Batting Allrounder,Right hand Bat,Right arm Offbreak,2014 - 2020,2018,IPL 2018,CSK,1,1.0,1.0,24.0,24.0,,22.0,109.09,0.0,0.0,1.0,2.0,0,0,,,,,,,,,,,2015-07-17,2017-10-10,2014-11-16,2020-02-08,,,,
290716,Kedar Mahadav Jadhav,1985-03-26,41y 95d,India,Batting Allrounder,Right hand Bat,Right arm Offbreak,2014 - 2020,2017,IPL 2017,RCB,13,13.0,1.0,267.0,69.0,22.25,186.0,143.54,0.0,1.0,25.0,10.0,7,3,,,,,,,,,,,2015-07-17,2017-10-10,2014-11-16,2020-02-08,,,,
290716,Kedar Mahadav Jadhav,1985-03-26,41y 95d,India,Batting Allrounder,Right hand Bat,Right arm Offbreak,2014 - 2020,2016,IPL 2016,RCB,4,3.0,3.0,42.0,25.0,,32.0,131.25,0.0,0.0,2.0,2.0,1,0,,,,,,,,,,,2015-07-17,2017-10-10,2014-11-16,2020-02-08,,,,
290716,Kedar Mahadav Jadhav,1985-03-26,41y 95d,India,Batting Allrounder,Right hand Bat,Right arm Offbreak,2014 - 2020,2015,IPL 2015,DC,14,12.0,4.0,189.0,63.0,23.62,140.0,135.0,0.0,1.0,16.0,7.0,6,2,,,,,,,,,,,2015-07-17,2017-10-10,2014-11-16,2020-02-08,,,,
290716,Kedar Mahadav Jadhav,1985-03-26,41y 95d,India,Batting Allrounder,Right hand Bat,Right arm Offbreak,2014 - 2020,2014,IPL 2014,DC,10,10.0,5.0,149.0,37.0,29.8,101.0,147.52,0.0,0.0,13.0,7.0,3,0,,,,,,,,,,,2015-07-17,2017-10-10,2014-11-16,2020-02-08,,,,
290716,Kedar Mahadav Jadhav,1985-03-26,41y 95d,India,Batting Allrounder,Right hand Bat,Right arm Offbreak,2014 - 2020,2013,IPL 2013,DC,12,10.0,3.0,152.0,31.0,21.71,124.0,122.58,0.0,0.0,8.0,5.0,4,2,,,,,,,,,,,2015-07-17,2017-10-10,2014-11-16,2020-02-08,,,,
290716,Kedar Mahadav Jadhav,1985-03-26,41y 95d,India,Batting Allrounder,Right hand Bat,Right arm Offbreak,2014 - 2020,2011,IPL 2011,Kochi,6,4.0,1.0,18.0,12.0,6.0,23.0,78.26,0.0,0.0,1.0,0.0,2,0,,,,,,,,,,,2015-07-17,2017-10-10,2014-11-16,2020-02-08,,,,
290716,Kedar Mahadav Jadhav,1985-03-26,41y 95d,India,Batting Allrounder,Right hand Bat,Right arm Offbreak,2014 - 2020,2009/10,IPL 2009/10,DC,5,5.0,2.0,76.0,50.0,25.33,56.0,135.71,0.0,1.0,7.0,2.0,0,0,,,,,,,,,,,2015-07-17,2017-10-10,2014-11-16,2020-02-08,,,,
942645,Khaleel Khursheed Ahmed,1997-12-05,28y 206d,India,Bowler,Right hand Bat,Left arm Fast medium,2018 - 2024,2026,IPL 2026,CSK,5,,,,,,,,,,,,0,0,2.0,8.67,101.0,1/24,1/24,73.0,50.5,0.0,0.0,0.0,2018-11-04,2024-07-30,2018-09-18,2019-08-14,1.0,24.0,1.0,24.0
942645,Khaleel Khursheed Ahmed,1997-12-05,28y 206d,India,Bowler,Right hand Bat,Left arm Fast medium,2018 - 2024,2025,IPL 2025,CSK,14,2.0,2.0,1.0,1.0,,2.0,50.0,0.0,0.0,0.0,0.0,1,0,15.0,9.57,280.0,3/29,3/29,29.8,18.6,0.0,0.0,0.0,2018-11-04,2024-07-30,2018-09-18,2019-08-14,3.0,29.0,3.0,29.0
942645,Khaleel Khursheed Ahmed,1997-12-05,28y 206d,India,Bowler,Right hand Bat,Left arm Fast medium,2018 - 2024,2024,IPL 2024,DC,14,,,,,,,,,,,,1,0,17.0,9.58,300.0,2/21,2/21,28.17,17.6,0.0,0.0,0.0,2018-11-04,2024-07-30,2018-09-18,2019-08-14,2.0,21.0,2.0,21.0
942645,Khaleel Khursheed Ahmed,1997-12-05,28y 206d,India,Bowler,Right hand Bat,Left arm Fast medium,2018 - 2024,2023,IPL 2023,DC,9,,,,,,,,,,,,2,0,9.0,9.12,198.0,2/24,2/24,33.44,22.0,0.0,0.0,0.0,2018-11-04,2024-07-30,2018-09-18,2019-08-14,2.0,24.0,2.0,24.0
942645,Khaleel Khursheed Ahmed,1997-12-05,28y 206d,India,Bowler,Right hand Bat,Left arm Fast medium,2018 - 2024,2022,IPL 2022,DC,10,2.0,0.0,0.0,0.0,0.0,2.0,0.0,0.0,0.0,0.0,0.0,0,0,16.0,8.04,235.0,3/25,3/25,19.68,14.6,0.0,0.0,0.0,2018-11-04,2024-07-30,2018-09-18,2019-08-14,3.0,25.0,3.0,25.0
942645,Khaleel Khursheed Ahmed,1997-12-05,28y 206d,India,Bowler,Right hand Bat,Left arm Fast medium,2018 - 2024,2021,IPL 2021,SRH,7,1.0,0.0,1.0,1.0,1.0,2.0,50.0,0.0,0.0,0.0,0.0,0,0,5.0,8.11,162.0,3/21,3/21,43.8,32.4,0.0,0.0,0.0,2018-11-04,2024-07-30,2018-09-18,2019-08-14,3.0,21.0,3.0,21.0
942645,Khaleel Khursheed Ahmed,1997-12-05,28y 206d,India,Bowler,Right hand Bat,Left arm Fast medium,2018 - 2024,2020/21,IPL 2020/21,SRH,7,1.0,0.0,0.0,0.0,0.0,2.0,0.0,0.0,0.0,0.0,0.0,1,0,8.0,9.42,154.0,2/24,2/24,30.25,19.2,0.0,0.0,0.0,2018-11-04,2024-07-30,2018-09-18,2019-08-14,2.0,24.0,2.0,24.0
942645,Khaleel Khursheed Ahmed,1997-12-05,28y 206d,India,Bowler,Right hand Bat,Left arm Fast medium,2018 - 2024,2019,IPL 2019,SRH,9,1.0,0.0,0.0,0.0,0.0,1.0,0.0,0.0,0.0,0.0,0.0,0,0,19.0,8.23,209.0,3/30,3/30,15.1,11.0,0.0,0.0,0.0,2018-11-04,2024-07-30,2018-09-18,2019-08-14,3.0,30.0,3.0,30.0
942645,Khaleel Khursheed Ahmed,1997-12-05,28y 206d,India,Bowler,Right hand Bat,Left arm Fast medium,2018 - 2024,2018,IPL 2018,SRH,1,,,,,,,,,,,,0,0,0.0,12.66,18.0,,,,,0.0,0.0,0.0,2018-11-04,2024-07-30,2018-09-18,2019-08-14,,,,
1083030,KM Asif,1993-07-24,32y 340d,India,Bowler,Right hand Bat,Right arm Medium,,2023,IPL 2023,RR,4,1.0,0.0,0.0,0.0,0.0,2.0,0.0,0.0,0.0,0.0,0.0,1,0,3.0,9.85,84.0,2/42,2/42,46.0,28.0,0.0,0.0,0.0,,,,,2.0,42.0,2.0,42.0
1083030,KM Asif,1993-07-24,32y 340d,India,Bowler,Right hand Bat,Right arm Medium,,2021,IPL 2021,CSK,1,,,,,,,,,,,,0,0,1.0,8.3,13.0,1/18,1/18,18.0,13.0,0.0,0.0,0.0,,,,,1.0,18.0,1.0,18.0
1083030,KM Asif,1993-07-24,32y 340d,India,Bowler,Right hand Bat,Right arm Medium,,2018,IPL 2018,CSK,2,,,,,,,,,,,,0,0,3.0,12.5,36.0,2/43,2/43,25.0,12.0,0.0,0.0,0.0,,,,,2.0,43.0,2.0,43.0
26829,Lakshmipathy Balaji,1981-09-27,44y 275d,India,Bowler,Right hand Bat,Right arm Medium fast,2002 - 2012,2014,IPL 2014,PBKS,9,2.0,1.0,1.0,1.0,1.0,3.0,33.33,0.0,0.0,0.0,0.0,0,0,12.0,8.79,204.0,4/13,4/13,24.91,17.0,1.0,0.0,0.0,2012-09-11,2012-10-02,2002-11-18,2009-02-08,4.0,13.0,4.0,13.0
26829,Lakshmipathy Balaji,1981-09-27,44y 275d,India,Bowler,Right hand Bat,Right arm Medium fast,2002 - 2012,2013,IPL 2013,KKR,13,3.0,2.0,9.0,9.0,9.0,10.0,90.0,0.0,0.0,1.0,0.0,4,0,12.0,7.74,300.0,3/19,3/19,32.25,25.0,0.0,0.0,0.0,2012-09-11,2012-10-02,2002-11-18,2009-02-08,3.0,19.0,3.0,19.0
26829,Lakshmipathy Balaji,1981-09-27,44y 275d,India,Bowler,Right hand Bat,Right arm Medium fast,2002 - 2012,2012,IPL 2012,KKR,8,,,,,,,,,,,,1,0,11.0,5.4,180.0,4/18,4/18,14.72,16.3,1.0,0.0,0.0,2012-09-11,2012-10-02,2002-11-18,2009-02-08,4.0,18.0,4.0,18.0
26829,Lakshmipathy Balaji,1981-09-27,44y 275d,India,Bowler,Right hand Bat,Right arm Medium fast,2002 - 2012,2011,IPL 2011,KKR,14,2.0,2.0,4.0,3.0,,2.0,200.0,0.0,0.0,0.0,0.0,1,0,10.0,8.33,267.0,3/15,3/15,37.1,26.7,0.0,0.0,0.0,2012-09-11,2012-10-02,2002-11-18,2009-02-08,3.0,15.0,3.0,15.0
26829,Lakshmipathy Balaji,1981-09-27,44y 275d,India,Bowler,Right hand Bat,Right arm Medium fast,2002 - 2012,2009/10,IPL 2009/10,CSK,7,3.0,1.0,18.0,15.0,9.0,20.0,90.0,0.0,0.0,1.0,1.0,1,0,7.0,8.87,140.0,2/9,2/9,29.57,20.0,0.0,0.0,0.0,2012-09-11,2012-10-02,2002-11-18,2009-02-08,2.0,9.0,2.0,9.0
26829,Lakshmipathy Balaji,1981-09-27,44y 275d,India,Bowler,Right hand Bat,Right arm Medium fast,2002 - 2012,2009,IPL 2009,CSK,13,4.0,1.0,4.0,2.0,1.33,10.0,40.0,0.0,0.0,0.0,0.0,3,0,13.0,8.46,224.0,4/21,4/21,24.3,17.2,1.0,0.0,0.0,2012-09-11,2012-10-02,2002-11-18,2009-02-08,4.0,21.0,4.0,21.0
26829,Lakshmipathy Balaji,1981-09-27,44y 275d,India,Bowler,Right hand Bat,Right arm Medium fast,2002 - 2012,2007/08,IPL 2007/08,CSK,9,1.0,0.0,0.0,0.0,0.0,4.0,0.0,0.0,0.0,0.0,0.0,1,0,11.0,8.66,198.0,5/24,5/24,26.0,18.0,0.0,1.0,0.0,2012-09-11,2012-10-02,2002-11-18,2009-02-08,5.0,24.0,5.0,24.0
542023,Lungisani True-man Ngidi,1996-03-29,30y 92d,South Africa,Bowler,Right hand Bat,Right arm Fast medium,2017 - 2026,2026,IPL 2026,DC,12,3.0,1.0,4.0,3.0,2.0,7.0,57.14,0.0,0.0,0.0,0.0,0,0,13.0,8.22,248.0,3/27,3/27,26.15,19.0,0.0,0.0,0.0,2017-01-20,2026-03-04,2018-02-07,2025-12-06,3.0,27.0,3.0,27.0
542023,Lungisani True-man Ngidi,1996-03-29,30y 92d,South Africa,Bowler,Right hand Bat,Right arm Fast medium,2017 - 2026,2025,IPL 2025,RCB,2,1.0,1.0,0.0,0.0,,2.0,0.0,0.0,0.0,0.0,0.0,0,0,4.0,10.12,48.0,3/30,3/30,20.25,12.0,0.0,0.0,0.0,2017-01-20,2026-03-04,2018-02-07,2025-12-06,3.0,30.0,3.0,30.0
542023,Lungisani True-man Ngidi,1996-03-29,30y 92d,South Africa,Bowler,Right hand Bat,Right arm Fast medium,2017 - 2026,2021,IPL 2021,CSK,3,,,,,,,,,,,,1,0,5.0,10.41,72.0,3/28,3/28,25.0,14.4,0.0,0.0,0.0,2017-01-20,2026-03-04,2018-02-07,2025-12-06,3.0,28.0,3.0,28.0
542023,Lungisani True-man Ngidi,1996-03-29,30y 92d,South Africa,Bowler,Right hand Bat,Right arm Fast medium,2017 - 2026,2020/21,IPL 2020/21,CSK,4,,,,,,,,,,,,0,0,9.0,10.43,96.0,3/38,3/38,18.55,10.6,0.0,0.0,0.0,2017-01-20,2026-03-04,2018-02-07,2025-12-06,3.0,38.0,3.0,38.0
542023,Lungisani True-man Ngidi,1996-03-29,30y 92d,South Africa,Bowler,Right hand Bat,Right arm Fast medium,2017 - 2026,2018,IPL 2018,CSK,7,,,,,,,,,,,,1,0,11.0,6.0,156.0,4/10,4/10,14.18,14.1,1.0,0.0,0.0,2017-01-20,2026-03-04,2018-02-07,2025-12-06,4.0,10.0,4.0,10.0
1138316,Morawakage Maheesh Theekshana,2000-08-01,25y 332d,Sri Lanka,Bowler,Right hand Bat,Right arm Offbreak,2021 - 2026,2025,IPL 2025,RR,11,4.0,2.0,10.0,5.0,5.0,27.0,37.03,0.0,0.0,0.0,0.0,0,0,11.0,9.76,252.0,2/26,2/26,37.27,22.9,0.0,0.0,0.0,2021-09-10,2026-06-14,2021-09-07,2026-06-06,2.0,26.0,2.0,26.0
1138316,Morawakage Maheesh Theekshana,2000-08-01,25y 332d,Sri Lanka,Bowler,Right hand Bat,Right arm Offbreak,2021 - 2026,2024,IPL 2024,CSK,5,,,,,,,,,,,,1,0,2.0,7.2,120.0,1/27,1/27,72.0,60.0,0.0,0.0,0.0,2021-09-10,2026-06-14,2021-09-07,2026-06-06,1.0,27.0,1.0,27.0
1138316,Morawakage Maheesh Theekshana,2000-08-01,25y 332d,Sri Lanka,Bowler,Right hand Bat,Right arm Offbreak,2021 - 2026,2023,IPL 2023,CSK,13,,,,,,,,,,,,3,0,11.0,8.0,294.0,2/23,2/23,35.63,26.7,0.0,0.0,0.0,2021-09-10,2026-06-14,2021-09-07,2026-06-06,2.0,23.0,2.0,23.0
1138316,Morawakage Maheesh Theekshana,2000-08-01,25y 332d,Sri Lanka,Bowler,Right hand Bat,Right arm Offbreak,2021 - 2026,2022,IPL 2022,CSK,9,2.0,1.0,7.0,7.0,7.0,7.0,100.0,0.0,0.0,0.0,1.0,0,0,12.0,7.45,210.0,4/33,4/33,21.75,17.5,1.0,0.0,0.0,2021-09-10,2026-06-14,2021-09-07,2026-06-06,4.0,33.0,4.0,33.0
46592,Makhaya Ntini,1977-07-06,48y 358d,South Africa,Bowler,Right hand Bat,Right arm Fast,1998 - 2011,2007/08,IPL 2007/08,CSK,9,2.0,1.0,11.0,11.0,11.0,18.0,61.11,0.0,0.0,2.0,0.0,1,0,7.0,6.91,210.0,4/21,4/21,34.57,30.0,1.0,0.0,0.0,2005-10-21,2011-01-09,1998-01-16,2009-04-17,4.0,21.0,4.0,21.0
317293,Manpreet Singh Gony,1984-01-04,42y 176d,India,Bowler,Right hand Bat,Right arm Medium,2008 - 2008,2017,IPL 2017,GL,1,,,,,,,,,,,,0,0,0.0,16.0,12.0,,,,,0.0,0.0,0.0,,,2008-06-25,2008-06-28,,,,
317293,Manpreet Singh Gony,1984-01-04,42y 176d,India,Bowler,Right hand Bat,Right arm Medium,2008 - 2008,2013,IPL 2013,PBKS,8,5.0,1.0,45.0,42.0,11.25,25.0,180.0,0.0,0.0,4.0,3.0,0,0,7.0,9.14,168.0,2/24,2/24,36.57,24.0,0.0,0.0,0.0,,,2008-06-25,2008-06-28,2.0,24.0,2.0,24.0
317293,Manpreet Singh Gony,1984-01-04,42y 176d,India,Bowler,Right hand Bat,Right arm Medium,2008 - 2008,2012,IPL 2012,DCH,6,1.0,0.0,4.0,4.0,4.0,8.0,50.0,0.0,0.0,0.0,0.0,1,0,3.0,8.62,144.0,1/26,1/26,69.0,48.0,0.0,0.0,0.0,,,2008-06-25,2008-06-28,1.0,26.0,1.0,26.0
317293,Manpreet Singh Gony,1984-01-04,42y 176d,India,Bowler,Right hand Bat,Right arm Medium,2008 - 2008,2011,IPL 2011,DCH,3,2.0,1.0,0.0,0.0,0.0,2.0,0.0,0.0,0.0,0.0,0.0,0,0,4.0,9.44,54.0,3/31,3/31,21.25,13.5,0.0,0.0,0.0,,,2008-06-25,2008-06-28,3.0,31.0,3.0,31.0
317293,Manpreet Singh Gony,1984-01-04,42y 176d,India,Bowler,Right hand Bat,Right arm Medium,2008 - 2008,2009/10,IPL 2009/10,CSK,3,1.0,0.0,2.0,2.0,2.0,6.0,33.33,0.0,0.0,0.0,0.0,1,0,1.0,11.5,48.0,1/33,1/33,92.0,48.0,0.0,0.0,0.0,,,2008-06-25,2008-06-28,1.0,33.0,1.0,33.0
317293,Manpreet Singh Gony,1984-01-04,42y 176d,India,Bowler,Right hand Bat,Right arm Medium,2008 - 2008,2009,IPL 2009,CSK,7,3.0,1.0,13.0,7.0,6.5,7.0,185.71,0.0,0.0,0.0,2.0,2,0,5.0,10.11,102.0,2/32,2/32,34.4,20.4,0.0,0.0,0.0,,,2008-06-25,2008-06-28,2.0,32.0,2.0,32.0
317293,Manpreet Singh Gony,1984-01-04,42y 176d,India,Bowler,Right hand Bat,Right arm Medium,2008 - 2008,2007/08,IPL 2007/08,CSK,16,5.0,4.0,35.0,15.0,35.0,23.0,152.17,0.0,0.0,2.0,3.0,2,0,17.0,7.38,360.0,3/34,3/34,26.05,21.1,0.0,0.0,0.0,,,2008-06-25,2008-06-28,3.0,34.0,3.0,34.0
351588,Mark Andrew Wood,1990-01-11,36y 169d,England,Bowler,Right hand Bat,Right arm Fast,2015 - 2025,2023,IPL 2023,LSG,4,2.0,1.0,11.0,10.0,11.0,5.0,220.0,0.0,0.0,1.0,1.0,2,0,11.0,8.12,96.0,5/14,5/14,11.81,8.7,0.0,1.0,0.0,2015-06-23,2025-02-02,2015-05-08,2025-02-26,5.0,14.0,5.0,14.0
351588,Mark Andrew Wood,1990-01-11,36y 169d,England,Bowler,Right hand Bat,Right arm Fast,2015 - 2025,2018,IPL 2018,CSK,1,1.0,0.0,1.0,1.0,1.0,3.0,33.33,0.0,0.0,0.0,0.0,1,0,0.0,12.25,24.0,,,,,0.0,0.0,0.0,2015-06-23,2025-02-02,2015-05-08,2025-02-26,,,,
1194795,Matheesha Pathirana,2002-12-18,23y 193d,Sri Lanka,Bowler,Right hand Bat,Right arm Fast,2022 - 2026,2026,IPL 2026,KKR,1,,,,,,,,,,,,0,0,0.0,6.75,8.0,,,,,0.0,0.0,0.0,2022-08-27,2026-02-16,2023-06-02,2023-10-10,,,,
1194795,Matheesha Pathirana,2002-12-18,23y 193d,Sri Lanka,Bowler,Right hand Bat,Right arm Fast,2022 - 2026,2025,IPL 2025,CSK,12,,,,,,,,,,,,3,0,13.0,10.13,251.0,3/36,3/36,32.61,19.3,0.0,0.0,0.0,2022-08-27,2026-02-16,2023-06-02,2023-10-10,3.0,36.0,3.0,36.0
1194795,Matheesha Pathirana,2002-12-18,23y 193d,Sri Lanka,Bowler,Right hand Bat,Right arm Fast,2022 - 2026,2024,IPL 2024,CSK,6,,,,,,,,,,,,1,0,13.0,7.68,132.0,4/28,4/28,13.0,10.1,1.0,0.0,0.0,2022-08-27,2026-02-16,2023-06-02,2023-10-10,4.0,28.0,4.0,28.0
1194795,Matheesha Pathirana,2002-12-18,23y 193d,Sri Lanka,Bowler,Right hand Bat,Right arm Fast,2022 - 2026,2023,IPL 2023,CSK,12,,,,,,,,,,,,4,0,19.0,8.0,278.0,3/15,3/15,19.52,14.6,0.0,0.0,0.0,2022-08-27,2026-02-16,2023-06-02,2023-10-10,3.0,15.0,3.0,15.0
1194795,Matheesha Pathirana,2002-12-18,23y 193d,Sri Lanka,Bowler,Right hand Bat,Right arm Fast,2022 - 2026,2022,IPL 2022,CSK,2,,,,,,,,,,,,1,0,2.0,7.6,41.0,2/24,2/24,26.0,20.5,0.0,0.0,0.0,2022-08-27,2026-02-16,2023-06-02,2023-10-10,2.0,24.0,2.0,24.0
506612,Matthew James Henry,1991-12-14,34y 197d,New Zealand,Bowler,Right hand Bat,Right arm Fast medium,2014 - 2026,2026,IPL 2026,CSK,3,2.0,0.0,7.0,5.0,3.5,10.0,70.0,0.0,0.0,1.0,0.0,1,0,2.0,13.0,60.0,2/54,2/54,65.0,30.0,0.0,0.0,0.0,2014-12-04,2026-03-08,2014-01-31,2025-11-22,2.0,54.0,2.0,54.0
506612,Matthew James Henry,1991-12-14,34y 197d,New Zealand,Bowler,Right hand Bat,Right arm Fast medium,2014 - 2026,2024,IPL 2024,LSG,4,,,,,,,,,,,,0,0,1.0,9.16,72.0,1/28,1/28,110.0,72.0,0.0,0.0,0.0,2014-12-04,2026-03-08,2014-01-31,2025-11-22,1.0,28.0,1.0,28.0
506612,Matthew James Henry,1991-12-14,34y 197d,New Zealand,Bowler,Right hand Bat,Right arm Fast medium,2014 - 2026,2017,IPL 2017,PBKS,2,,,,,,,,,,,,0,0,1.0,14.2,30.0,1/31,1/31,71.0,30.0,0.0,0.0,0.0,2014-12-04,2026-03-08,2014-01-31,2025-11-22,1.0,31.0,1.0,31.0
5616,Matthew Lawrence Hayden,1971-10-29,54y 243d,Australia,Opening Batter,Left hand Bat,Right arm Medium,1993 - 2009,2009/10,IPL 2009/10,CSK,16,16.0,0.0,346.0,93.0,21.62,279.0,124.01,0.0,1.0,37.0,16.0,6,0,,,,,,,,,,,2005-06-13,2007-10-20,1993-05-19,2008-03-04,,,,
5616,Matthew Lawrence Hayden,1971-10-29,54y 243d,Australia,Opening Batter,Left hand Bat,Right arm Medium,1993 - 2009,2009,IPL 2009,CSK,12,12.0,1.0,572.0,89.0,52.0,395.0,144.81,0.0,5.0,60.0,22.0,5,0,,,,,,,,,,,2005-06-13,2007-10-20,1993-05-19,2008-03-04,,,,
5616,Matthew Lawrence Hayden,1971-10-29,54y 243d,Australia,Opening Batter,Left hand Bat,Right arm Medium,1993 - 2009,2007/08,IPL 2007/08,CSK,4,4.0,1.0,189.0,81.0,63.0,131.0,144.27,0.0,2.0,24.0,6.0,0,0,,,,,,,,,,,2005-06-13,2007-10-20,1993-05-19,2008-03-04,,,,
605575,Matthew William Short,1995-11-08,30y 233d,Australia,Batting Allrounder,Right hand Bat,Right arm Offbreak,2023 - 2026,2026,IPL 2026,CSK,3,3.0,0.0,60.0,34.0,20.0,51.0,117.64,0.0,0.0,6.0,1.0,2,0,0.0,12.31,19.0,,,,,0.0,0.0,0.0,2023-08-30,2026-02-01,2023-09-22,2026-06-11,,,,
605575,Matthew William Short,1995-11-08,30y 233d,Australia,Batting Allrounder,Right hand Bat,Right arm Offbreak,2023 - 2026,2023,IPL 2023,PBKS,6,6.0,0.0,117.0,36.0,19.5,92.0,127.17,0.0,0.0,15.0,4.0,3,0,0.0,6.25,24.0,,,,,0.0,0.0,0.0,2023-08-30,2026-02-01,2023-09-22,2026-06-11,,,,
5939,Michael Edward Killeen Hussey,1975-05-27,51y 33d,Australia,Middle order Batter,Left hand Bat,Right arm Medium,2004 - 2013,2015,IPL 2015,CSK,4,4.0,0.0,77.0,56.0,19.25,70.0,110.0,0.0,1.0,5.0,3.0,1,0,,,,,,,,,,,2005-02-17,2012-10-05,2004-02-01,2012-09-03,,,,
5939,Michael Edward Killeen Hussey,1975-05-27,51y 33d,Australia,Middle order Batter,Left hand Bat,Right arm Medium,2004 - 2013,2014,IPL 2014,MI,9,9.0,0.0,209.0,56.0,23.22,182.0,114.83,0.0,2.0,17.0,7.0,3,0,,,,,,,,,,,2005-02-17,2012-10-05,2004-02-01,2012-09-03,,,,
5939,Michael Edward Killeen Hussey,1975-05-27,51y 33d,Australia,Middle order Batter,Left hand Bat,Right arm Medium,2004 - 2013,2013,IPL 2013,CSK,17,17.0,3.0,733.0,95.0,52.35,566.0,129.5,0.0,6.0,81.0,17.0,10,0,,,,,,,,,,,2005-02-17,2012-10-05,2004-02-01,2012-09-03,,,,
5939,Michael Edward Killeen Hussey,1975-05-27,51y 33d,Australia,Middle order Batter,Left hand Bat,Right arm Medium,2004 - 2013,2012,IPL 2012,CSK,8,8.0,0.0,261.0,56.0,32.62,236.0,110.59,0.0,2.0,28.0,8.0,4,0,,,,,,,,,,,2005-02-17,2012-10-05,2004-02-01,2012-09-03,,,,
5939,Michael Edward Killeen Hussey,1975-05-27,51y 33d,Australia,Middle order Batter,Left hand Bat,Right arm Medium,2004 - 2013,2011,IPL 2011,CSK,14,14.0,2.0,492.0,83.0,41.0,414.0,118.84,0.0,4.0,53.0,6.0,6,0,,,,,,,,,,,2005-02-17,2012-10-05,2004-02-01,2012-09-03,,,,
5939,Michael Edward Killeen Hussey,1975-05-27,51y 33d,Australia,Middle order Batter,Left hand Bat,Right arm Medium,2004 - 2013,2009/10,IPL 2009/10,CSK,3,3.0,1.0,37.0,15.0,18.5,44.0,84.09,0.0,0.0,2.0,0.0,0,0,,,,,,,,,,,2005-02-17,2012-10-05,2004-02-01,2012-09-03,,,,
5939,Michael Edward Killeen Hussey,1975-05-27,51y 33d,Australia,Middle order Batter,Left hand Bat,Right arm Medium,2004 - 2013,2007/08,IPL 2007/08,CSK,4,3.0,1.0,168.0,116.0,84.0,100.0,168.0,1.0,0.0,12.0,11.0,2,0,,,,,,,,,,,2005-02-17,2012-10-05,2004-02-01,2012-09-03,,,,
502714,Mitchell Josef Santner,1992-02-05,34y 144d,New Zealand,Bowling Allrounder,Left hand Bat,Slow Left arm Orthodox,2015 - 2026,2026,IPL 2026,MI,4,2.0,2.0,26.0,18.0,,19.0,136.84,0.0,0.0,3.0,0.0,2,0,5.0,8.92,84.0,2/16,2/16,25.0,16.8,0.0,0.0,0.0,2015-06-23,2026-03-20,2015-06-09,2025-11-22,2.0,16.0,2.0,16.0
502714,Mitchell Josef Santner,1992-02-05,34y 144d,New Zealand,Bowling Allrounder,Left hand Bat,Slow Left arm Orthodox,2015 - 2026,2025,IPL 2025,MI,13,8.0,6.0,40.0,18.0,20.0,33.0,121.21,0.0,0.0,2.0,3.0,8,0,10.0,7.92,237.0,3/11,3/11,31.3,23.7,0.0,0.0,0.0,2015-06-23,2026-03-20,2015-06-09,2025-11-22,3.0,11.0,3.0,11.0
502714,Mitchell Josef Santner,1992-02-05,34y 144d,New Zealand,Bowling Allrounder,Left hand Bat,Slow Left arm Orthodox,2015 - 2026,2024,IPL 2024,CSK,3,3.0,0.0,14.0,11.0,4.66,17.0,82.35,0.0,0.0,1.0,0.0,1,0,2.0,7.11,54.0,1/10,1/10,32.0,27.0,0.0,0.0,0.0,2015-06-23,2026-03-20,2015-06-09,2025-11-22,1.0,10.0,1.0,10.0
502714,Mitchell Josef Santner,1992-02-05,34y 144d,New Zealand,Bowling Allrounder,Left hand Bat,Slow Left arm Orthodox,2015 - 2026,2023,IPL 2023,CSK,3,2.0,2.0,2.0,1.0,,4.0,50.0,0.0,0.0,0.0,0.0,1,0,3.0,6.75,72.0,2/28,2/28,27.0,24.0,0.0,0.0,0.0,2015-06-23,2026-03-20,2015-06-09,2025-11-22,2.0,28.0,2.0,28.0
502714,Mitchell Josef Santner,1992-02-05,34y 144d,New Zealand,Bowling Allrounder,Left hand Bat,Slow Left arm Orthodox,2015 - 2026,2022,IPL 2022,CSK,6,4.0,2.0,22.0,11.0,11.0,27.0,81.48,0.0,0.0,3.0,0.0,2,0,4.0,6.84,114.0,1/15,1/15,32.5,28.5,0.0,0.0,0.0,2015-06-23,2026-03-20,2015-06-09,2025-11-22,1.0,15.0,1.0,15.0
502714,Mitchell Josef Santner,1992-02-05,34y 144d,New Zealand,Bowling Allrounder,Left hand Bat,Slow Left arm Orthodox,2015 - 2026,2020/21,IPL 2020/21,CSK,2,,,,,,,,,,,,1,0,2.0,7.57,42.0,1/23,1/23,26.5,21.0,0.0,0.0,0.0,2015-06-23,2026-03-20,2015-06-09,2025-11-22,1.0,23.0,1.0,23.0
502714,Mitchell Josef Santner,1992-02-05,34y 144d,New Zealand,Bowling Allrounder,Left hand Bat,Slow Left arm Orthodox,2015 - 2026,2019,IPL 2019,CSK,4,2.0,1.0,32.0,22.0,32.0,23.0,139.13,0.0,0.0,0.0,3.0,1,0,4.0,6.71,84.0,2/13,2/13,23.5,21.0,0.0,0.0,0.0,2015-06-23,2026-03-20,2015-06-09,2025-11-22,2.0,13.0,2.0,13.0
31001,Mithun Manhas,1977-09-12,48y 290d,India,Allrounder,Right hand Bat,Right arm Offbreak,,2014,IPL 2014,CSK,12,5.0,3.0,35.0,13.0,17.5,23.0,152.17,0.0,0.0,3.0,1.0,3,0,,,,,,,,,,,,,,,,,,
31001,Mithun Manhas,1977-09-12,48y 290d,India,Allrounder,Right hand Bat,Right arm Offbreak,,2013,IPL 2013,PWI,3,2.0,2.0,13.0,11.0,,17.0,76.47,0.0,0.0,1.0,0.0,2,0,,,,,,,,,,,,,,,,,,
31001,Mithun Manhas,1977-09-12,48y 290d,India,Allrounder,Right hand Bat,Right arm Offbreak,,2012,IPL 2012,PWI,10,7.0,3.0,120.0,42.0,30.0,96.0,125.0,0.0,0.0,10.0,4.0,4,0,,,,,,,,,,,,,,,,,,
31001,Mithun Manhas,1977-09-12,48y 290d,India,Allrounder,Right hand Bat,Right arm Offbreak,,2011,IPL 2011,PWI,10,10.0,0.0,114.0,35.0,11.4,123.0,92.68,0.0,0.0,8.0,4.0,3,0,0.0,6.0,42.0,,,,,0.0,0.0,0.0,,,,,,,,
31001,Mithun Manhas,1977-09-12,48y 290d,India,Allrounder,Right hand Bat,Right arm Offbreak,,2009/10,IPL 2009/10,DC,9,8.0,4.0,157.0,32.0,39.25,149.0,105.36,0.0,0.0,14.0,0.0,5,0,,,,,,,,,,,,,,,,,,
31001,Mithun Manhas,1977-09-12,48y 290d,India,Allrounder,Right hand Bat,Right arm Offbreak,,2009,IPL 2009,DC,10,6.0,3.0,75.0,26.0,25.0,62.0,120.96,0.0,0.0,7.0,1.0,2,0,,,,,,,,,,,,,,,,,,
31001,Mithun Manhas,1977-09-12,48y 290d,India,Allrounder,Right hand Bat,Right arm Offbreak,,2007/08,IPL 2007/08,DC,1,,,,,,,,,,,,1,0,,,,,,,,,,,,,,,,,,
8917,Moeen Munir Ali,1987-06-18,39y 11d,England,Batting Allrounder,Left hand Bat,Right arm Offbreak,2014 - 2024,2025,IPL 2025,KKR,6,2.0,0.0,5.0,5.0,2.5,14.0,35.71,0.0,0.0,0.0,0.0,2,0,6.0,8.5,96.0,2/23,2/23,22.66,16.0,0.0,0.0,0.0,2014-03-11,2024-06-27,2014-02-28,2023-11-11,2.0,23.0,2.0,23.0
8917,Moeen Munir Ali,1987-06-18,39y 11d,England,Batting Allrounder,Left hand Bat,Right arm Offbreak,2014 - 2024,2024,IPL 2024,CSK,8,5.0,0.0,128.0,56.0,25.6,98.0,130.61,0.0,1.0,7.0,8.0,2,0,2.0,8.87,48.0,2/23,2/23,35.5,24.0,0.0,0.0,0.0,2014-03-11,2024-06-27,2014-02-28,2023-11-11,2.0,23.0,2.0,23.0
8917,Moeen Munir Ali,1987-06-18,39y 11d,England,Batting Allrounder,Left hand Bat,Right arm Offbreak,2014 - 2024,2023,IPL 2023,CSK,15,10.0,3.0,124.0,23.0,17.71,91.0,136.26,0.0,0.0,12.0,6.0,4,0,9.0,7.5,156.0,4/26,4/26,21.66,17.3,1.0,0.0,0.0,2014-03-11,2024-06-27,2014-02-28,2023-11-11,4.0,26.0,4.0,26.0
8917,Moeen Munir Ali,1987-06-18,39y 11d,England,Batting Allrounder,Left hand Bat,Right arm Offbreak,2014 - 2024,2022,IPL 2022,CSK,10,10.0,0.0,244.0,93.0,24.4,177.0,137.85,0.0,1.0,24.0,11.0,5,0,8.0,6.62,143.0,3/13,3/13,19.75,17.8,0.0,0.0,0.0,2014-03-11,2024-06-27,2014-02-28,2023-11-11,3.0,13.0,3.0,13.0
8917,Moeen Munir Ali,1987-06-18,39y 11d,England,Batting Allrounder,Left hand Bat,Right arm Offbreak,2014 - 2024,2021,IPL 2021,CSK,15,15.0,1.0,357.0,58.0,25.5,260.0,137.3,0.0,1.0,31.0,19.0,7,0,6.0,6.35,152.0,3/7,3/7,26.83,25.3,0.0,0.0,0.0,2014-03-11,2024-06-27,2014-02-28,2023-11-11,3.0,7.0,3.0,7.0
8917,Moeen Munir Ali,1987-06-18,39y 11d,England,Batting Allrounder,Left hand Bat,Right arm Offbreak,2014 - 2024,2020/21,IPL 2020/21,RCB,3,3.0,0.0,12.0,11.0,4.0,16.0,75.0,0.0,0.0,1.0,0.0,1,0,1.0,8.4,30.0,1/21,1/21,42.0,30.0,0.0,0.0,0.0,2014-03-11,2024-06-27,2014-02-28,2023-11-11,1.0,21.0,1.0,21.0
8917,Moeen Munir Ali,1987-06-18,39y 11d,England,Batting Allrounder,Left hand Bat,Right arm Offbreak,2014 - 2024,2019,IPL 2019,RCB,11,10.0,2.0,220.0,66.0,27.5,133.0,165.41,0.0,2.0,16.0,17.0,1,0,6.0,6.76,150.0,2/18,2/18,28.16,25.0,0.0,0.0,0.0,2014-03-11,2024-06-27,2014-02-28,2023-11-11,2.0,18.0,2.0,18.0
8917,Moeen Munir Ali,1987-06-18,39y 11d,England,Batting Allrounder,Left hand Bat,Right arm Offbreak,2014 - 2024,2018,IPL 2018,RCB,5,4.0,0.0,77.0,65.0,19.25,46.0,167.39,0.0,1.0,4.0,6.0,2,0,3.0,7.36,79.0,1/13,1/13,32.33,26.3,0.0,0.0,0.0,2014-03-11,2024-06-27,2014-02-28,2023-11-11,1.0,13.0,1.0,13.0
537119,Mohit Mahipal Sharma,1988-09-18,37y 284d,India,Bowler,Right hand Bat,Right arm Medium,2013 - 2015,2025,IPL 2025,DC,8,2.0,1.0,1.0,1.0,1.0,3.0,33.33,0.0,0.0,0.0,0.0,1,0,2.0,10.28,150.0,1/10,1/10,128.5,75.0,0.0,0.0,0.0,2014-03-30,2015-10-05,2013-08-01,2015-10-25,1.0,10.0,1.0,10.0
537119,Mohit Mahipal Sharma,1988-09-18,37y 284d,India,Bowler,Right hand Bat,Right arm Medium,2013 - 2015,2024,IPL 2024,GT,12,3.0,1.0,2.0,2.0,1.0,15.0,13.33,0.0,0.0,0.0,0.0,4,0,13.0,10.89,234.0,3/25,3/25,32.69,18.0,0.0,0.0,0.0,2014-03-30,2015-10-05,2013-08-01,2015-10-25,3.0,25.0,3.0,25.0
537119,Mohit Mahipal Sharma,1988-09-18,37y 284d,India,Bowler,Right hand Bat,Right arm Medium,2013 - 2015,2023,IPL 2023,GT,14,1.0,1.0,0.0,0.0,,1.0,0.0,0.0,0.0,0.0,0.0,6,0,27.0,8.17,265.0,5/10,5/10,13.37,9.8,2.0,1.0,0.0,2014-03-30,2015-10-05,2013-08-01,2015-10-25,5.0,10.0,5.0,10.0
537119,Mohit Mahipal Sharma,1988-09-18,37y 284d,India,Bowler,Right hand Bat,Right arm Medium,2013 - 2015,2020/21,IPL 2020/21,DC,1,,,,,,,,,,,,0,0,1.0,11.25,24.0,1/45,1/45,45.0,24.0,0.0,0.0,0.0,2014-03-30,2015-10-05,2013-08-01,2015-10-25,1.0,45.0,1.0,45.0
537119,Mohit Mahipal Sharma,1988-09-18,37y 284d,India,Bowler,Right hand Bat,Right arm Medium,2013 - 2015,2019,IPL 2019,CSK,1,1.0,1.0,0.0,0.0,,2.0,0.0,0.0,0.0,0.0,0.0,0,0,1.0,9.0,18.0,1/27,1/27,27.0,18.0,0.0,0.0,0.0,2014-03-30,2015-10-05,2013-08-01,2015-10-25,1.0,27.0,1.0,27.0
537119,Mohit Mahipal Sharma,1988-09-18,37y 284d,India,Bowler,Right hand Bat,Right arm Medium,2013 - 2015,2018,IPL 2018,PBKS,9,4.0,3.0,10.0,4.0,10.0,13.0,76.92,0.0,0.0,1.0,0.0,2,0,7.0,10.85,178.0,2/33,2/33,46.0,25.4,0.0,0.0,0.0,2014-03-30,2015-10-05,2013-08-01,2015-10-25,2.0,33.0,2.0,33.0
537119,Mohit Mahipal Sharma,1988-09-18,37y 284d,India,Bowler,Right hand Bat,Right arm Medium,2013 - 2015,2017,IPL 2017,PBKS,14,7.0,1.0,51.0,13.0,8.5,50.0,102.0,0.0,0.0,3.0,1.0,3,0,13.0,8.97,274.0,2/24,2/24,31.53,21.0,0.0,0.0,0.0,2014-03-30,2015-10-05,2013-08-01,2015-10-25,2.0,24.0,2.0,24.0
537119,Mohit Mahipal Sharma,1988-09-18,37y 284d,India,Bowler,Right hand Bat,Right arm Medium,2013 - 2015,2016,IPL 2016,PBKS,14,6.0,2.0,32.0,15.0,8.0,26.0,123.07,0.0,0.0,3.0,1.0,3,0,13.0,8.39,291.0,3/23,3/23,31.3,22.3,0.0,0.0,0.0,2014-03-30,2015-10-05,2013-08-01,2015-10-25,3.0,23.0,3.0,23.0
537119,Mohit Mahipal Sharma,1988-09-18,37y 284d,India,Bowler,Right hand Bat,Right arm Medium,2013 - 2015,2015,IPL 2015,CSK,16,6.0,3.0,28.0,21.0,9.33,18.0,155.55,0.0,0.0,1.0,2.0,5,0,14.0,8.43,342.0,3/25,3/25,34.35,24.4,0.0,0.0,0.0,2014-03-30,2015-10-05,2013-08-01,2015-10-25,3.0,25.0,3.0,25.0
537119,Mohit Mahipal Sharma,1988-09-18,37y 284d,India,Bowler,Right hand Bat,Right arm Medium,2013 - 2015,2014,IPL 2014,CSK,16,1.0,1.0,1.0,1.0,,3.0,33.33,0.0,0.0,0.0,0.0,3,0,23.0,8.39,323.0,4/14,4/14,19.65,14.0,1.0,0.0,0.0,2014-03-30,2015-10-05,2013-08-01,2015-10-25,4.0,14.0,4.0,14.0
537119,Mohit Mahipal Sharma,1988-09-18,37y 284d,India,Bowler,Right hand Bat,Right arm Medium,2013 - 2015,2013,IPL 2013,CSK,15,2.0,1.0,0.0,0.0,0.0,5.0,0.0,0.0,0.0,0.0,0.0,2,0,20.0,6.43,304.0,3/10,3/10,16.3,15.2,0.0,0.0,0.0,2014-03-30,2015-10-05,2013-08-01,2015-10-25,3.0,10.0,3.0,10.0
694209,Monu Kumar Singh,1994-11-05,31y 236d,India,Bowling Allrounder,Right hand Bat,Right arm Medium,,2020/21,IPL 2020/21,CSK,1,,,,,,,,,,,,0,0,0.0,10.0,12.0,,,,,0.0,0.0,0.0,,,,,,,,
28081,Mahendra Singh Dhoni,1981-07-07,44y 357d,India,Wicketkeeper Batter,Right hand Bat,Right arm Medium,2004 - 2019,2025,IPL 2025,CSK,14,13.0,5.0,196.0,30.0,24.5,145.0,135.17,0.0,0.0,12.0,12.0,6,5,,,,,,,,,,,2006-12-01,2019-02-27,2004-12-23,2019-07-09,,,,
28081,Mahendra Singh Dhoni,1981-07-07,44y 357d,India,Wicketkeeper Batter,Right hand Bat,Right arm Medium,2004 - 2019,2024,IPL 2024,CSK,14,11.0,8.0,161.0,37.0,53.66,73.0,220.54,0.0,0.0,14.0,13.0,10,0,,,,,,,,,,,2006-12-01,2019-02-27,2004-12-23,2019-07-09,,,,
28081,Mahendra Singh Dhoni,1981-07-07,44y 357d,India,Wicketkeeper Batter,Right hand Bat,Right arm Medium,2004 - 2019,2023,IPL 2023,CSK,16,12.0,8.0,104.0,32.0,26.0,57.0,182.45,0.0,0.0,3.0,10.0,7,3,,,,,,,,,,,2006-12-01,2019-02-27,2004-12-23,2019-07-09,,,,
28081,Mahendra Singh Dhoni,1981-07-07,44y 357d,India,Wicketkeeper Batter,Right hand Bat,Right arm Medium,2004 - 2019,2022,IPL 2022,CSK,14,13.0,6.0,232.0,50.0,33.14,188.0,123.4,0.0,1.0,21.0,10.0,9,0,,,,,,,,,,,2006-12-01,2019-02-27,2004-12-23,2019-07-09,,,,
28081,Mahendra Singh Dhoni,1981-07-07,44y 357d,India,Wicketkeeper Batter,Right hand Bat,Right arm Medium,2004 - 2019,2021,IPL 2021,CSK,16,11.0,4.0,114.0,18.0,16.28,107.0,106.54,0.0,0.0,12.0,3.0,13,0,,,,,,,,,,,2006-12-01,2019-02-27,2004-12-23,2019-07-09,,,,
28081,Mahendra Singh Dhoni,1981-07-07,44y 357d,India,Wicketkeeper Batter,Right hand Bat,Right arm Medium,2004 - 2019,2020/21,IPL 2020/21,CSK,14,12.0,4.0,200.0,47.0,25.0,172.0,116.27,0.0,0.0,16.0,7.0,15,1,,,,,,,,,,,2006-12-01,2019-02-27,2004-12-23,2019-07-09,,,,
28081,Mahendra Singh Dhoni,1981-07-07,44y 357d,India,Wicketkeeper Batter,Right hand Bat,Right arm Medium,2004 - 2019,2019,IPL 2019,CSK,15,12.0,7.0,416.0,84.0,83.2,309.0,134.62,0.0,3.0,22.0,23.0,11,5,,,,,,,,,,,2006-12-01,2019-02-27,2004-12-23,2019-07-09,,,,
28081,Mahendra Singh Dhoni,1981-07-07,44y 357d,India,Wicketkeeper Batter,Right hand Bat,Right arm Medium,2004 - 2019,2018,IPL 2018,CSK,16,15.0,9.0,455.0,79.0,75.83,302.0,150.66,0.0,3.0,24.0,30.0,11,3,,,,,,,,,,,2006-12-01,2019-02-27,2004-12-23,2019-07-09,,,,
28081,Mahendra Singh Dhoni,1981-07-07,44y 357d,India,Wicketkeeper Batter,Right hand Bat,Right arm Medium,2004 - 2019,2017,IPL 2017,RPS,16,15.0,4.0,290.0,61.0,26.36,250.0,115.99,0.0,1.0,15.0,16.0,10,3,,,,,,,,,,,2006-12-01,2019-02-27,2004-12-23,2019-07-09,,,,
28081,Mahendra Singh Dhoni,1981-07-07,44y 357d,India,Wicketkeeper Batter,Right hand Bat,Right arm Medium,2004 - 2019,2016,IPL 2016,RPS,14,12.0,5.0,284.0,64.0,40.57,210.0,135.23,0.0,1.0,18.0,14.0,8,4,,,,,,,,,,,2006-12-01,2019-02-27,2004-12-23,2019-07-09,,,,
28081,Mahendra Singh Dhoni,1981-07-07,44y 357d,India,Wicketkeeper Batter,Right hand Bat,Right arm Medium,2004 - 2019,2015,IPL 2015,CSK,17,17.0,5.0,372.0,53.0,31.0,305.0,121.96,0.0,1.0,27.0,17.0,8,3,,,,,,,,,,,2006-12-01,2019-02-27,2004-12-23,2019-07-09,,,,
28081,Mahendra Singh Dhoni,1981-07-07,44y 357d,India,Wicketkeeper Batter,Right hand Bat,Right arm Medium,2004 - 2019,2014,IPL 2014,CSK,16,15.0,10.0,371.0,57.0,74.2,250.0,148.4,0.0,1.0,22.0,20.0,3,1,,,,,,,,,,,2006-12-01,2019-02-27,2004-12-23,2019-07-09,,,,
28081,Mahendra Singh Dhoni,1981-07-07,44y 357d,India,Wicketkeeper Batter,Right hand Bat,Right arm Medium,2004 - 2019,2013,IPL 2013,CSK,18,16.0,5.0,461.0,67.0,41.9,283.0,162.89,0.0,4.0,32.0,25.0,15,2,,,,,,,,,,,2006-12-01,2019-02-27,2004-12-23,2019-07-09,,,,
28081,Mahendra Singh Dhoni,1981-07-07,44y 357d,India,Wicketkeeper Batter,Right hand Bat,Right arm Medium,2004 - 2019,2012,IPL 2012,CSK,19,17.0,5.0,358.0,51.0,29.83,278.0,128.77,0.0,1.0,26.0,9.0,12,2,,,,,,,,,,,2006-12-01,2019-02-27,2004-12-23,2019-07-09,,,,
28081,Mahendra Singh Dhoni,1981-07-07,44y 357d,India,Wicketkeeper Batter,Right hand Bat,Right arm Medium,2004 - 2019,2011,IPL 2011,CSK,16,13.0,4.0,392.0,70.0,43.55,247.0,158.7,0.0,2.0,25.0,23.0,5,5,,,,,,,,,,,2006-12-01,2019-02-27,2004-12-23,2019-07-09,,,,
28081,Mahendra Singh Dhoni,1981-07-07,44y 357d,India,Wicketkeeper Batter,Right hand Bat,Right arm Medium,2004 - 2019,2009/10,IPL 2009/10,CSK,13,11.0,2.0,287.0,66.0,31.88,210.0,136.66,0.0,2.0,26.0,8.0,5,6,,,,,,,,,,,2006-12-01,2019-02-27,2004-12-23,2019-07-09,,,,
28081,Mahendra Singh Dhoni,1981-07-07,44y 357d,India,Wicketkeeper Batter,Right hand Bat,Right arm Medium,2004 - 2019,2009,IPL 2009,CSK,14,13.0,5.0,332.0,58.0,41.5,261.0,127.2,0.0,2.0,22.0,9.0,4,4,,,,,,,,,,,2006-12-01,2019-02-27,2004-12-23,2019-07-09,,,,
28081,Mahendra Singh Dhoni,1981-07-07,44y 357d,India,Wicketkeeper Batter,Right hand Bat,Right arm Medium,2004 - 2019,2007/08,IPL 2007/08,CSK,16,14.0,4.0,414.0,65.0,41.4,310.0,133.54,0.0,2.0,38.0,15.0,6,0,,,,,,,,,,,2006-12-01,2019-02-27,2004-12-23,2019-07-09,,,,
1125688,Mukesh Choudhary,1996-07-06,29y 358d,India,Bowler,Left hand Bat,Left arm Medium,,2026,IPL 2026,CSK,8,1.0,1.0,2.0,2.0,,2.0,100.0,0.0,0.0,0.0,0.0,3,0,8.0,8.89,168.0,2/21,2/21,31.12,21.0,0.0,0.0,0.0,,,,,2.0,21.0,2.0,21.0
1125688,Mukesh Choudhary,1996-07-06,29y 358d,India,Bowler,Left hand Bat,Left arm Medium,,2025,IPL 2025,CSK,2,,,,,,,,,,,,0,0,1.0,11.83,36.0,1/21,1/21,71.0,36.0,0.0,0.0,0.0,,,,,1.0,21.0,1.0,21.0
1125688,Mukesh Choudhary,1996-07-06,29y 358d,India,Bowler,Left hand Bat,Left arm Medium,,2024,IPL 2024,CSK,1,,,,,,,,,,,,0,0,0.0,27.0,6.0,,,,,0.0,0.0,0.0,,,,,,,,
1125688,Mukesh Choudhary,1996-07-06,29y 358d,India,Bowler,Left hand Bat,Left arm Medium,,2022,IPL 2022,CSK,13,2.0,1.0,6.0,4.0,6.0,6.0,100.0,0.0,0.0,1.0,0.0,3,0,16.0,9.31,273.0,4/46,4/46,26.5,17.0,1.0,0.0,0.0,,,,,4.0,46.0,4.0,46.0
237095,Murali Vijay,1984-04-01,42y 89d,India,Opening Batter,Right hand Bat,Right arm Offbreak,2008 - 2018,2020/21,IPL 2020/21,CSK,3,3.0,0.0,32.0,21.0,10.66,43.0,74.41,0.0,0.0,4.0,0.0,0,0,,,,,,,,,,,2010-05-01,2015-07-19,2010-02-27,2015-07-14,,,,
237095,Murali Vijay,1984-04-01,42y 89d,India,Opening Batter,Right hand Bat,Right arm Offbreak,2008 - 2018,2019,IPL 2019,CSK,2,2.0,0.0,64.0,38.0,32.0,61.0,104.91,0.0,0.0,6.0,1.0,1,0,,,,,,,,,,,2010-05-01,2015-07-19,2010-02-27,2015-07-14,,,,
237095,Murali Vijay,1984-04-01,42y 89d,India,Opening Batter,Right hand Bat,Right arm Offbreak,2008 - 2018,2018,IPL 2018,CSK,1,1.0,0.0,12.0,12.0,12.0,10.0,120.0,0.0,0.0,0.0,1.0,0,0,,,,,,,,,,,2010-05-01,2015-07-19,2010-02-27,2015-07-14,,,,
237095,Murali Vijay,1984-04-01,42y 89d,India,Opening Batter,Right hand Bat,Right arm Offbreak,2008 - 2018,2016,IPL 2016,PBKS,14,14.0,1.0,453.0,89.0,34.84,364.0,124.45,0.0,5.0,50.0,10.0,2,0,0.0,8.0,6.0,,,,,0.0,0.0,0.0,2010-05-01,2015-07-19,2010-02-27,2015-07-14,,,,
237095,Murali Vijay,1984-04-01,42y 89d,India,Opening Batter,Right hand Bat,Right arm Offbreak,2008 - 2018,2015,IPL 2015,PBKS,11,11.0,0.0,251.0,39.0,22.81,228.0,110.08,0.0,0.0,27.0,8.0,4,0,0.0,7.0,24.0,,,,,0.0,0.0,0.0,2010-05-01,2015-07-19,2010-02-27,2015-07-14,,,,
237095,Murali Vijay,1984-04-01,42y 89d,India,Opening Batter,Right hand Bat,Right arm Offbreak,2008 - 2018,2014,IPL 2014,DC,11,11.0,0.0,207.0,52.0,18.81,192.0,107.81,0.0,1.0,20.0,5.0,8,0,0.0,13.0,6.0,,,,,0.0,0.0,0.0,2010-05-01,2015-07-19,2010-02-27,2015-07-14,,,,
237095,Murali Vijay,1984-04-01,42y 89d,India,Opening Batter,Right hand Bat,Right arm Offbreak,2008 - 2018,2013,IPL 2013,CSK,15,15.0,1.0,312.0,55.0,22.28,286.0,109.09,0.0,2.0,27.0,8.0,8,0,,,,,,,,,,,2010-05-01,2015-07-19,2010-02-27,2015-07-14,,,,
237095,Murali Vijay,1984-04-01,42y 89d,India,Opening Batter,Right hand Bat,Right arm Offbreak,2008 - 2018,2012,IPL 2012,CSK,14,14.0,1.0,336.0,113.0,25.84,267.0,125.84,1.0,0.0,39.0,10.0,6,0,,,,,,,,,,,2010-05-01,2015-07-19,2010-02-27,2015-07-14,,,,
237095,Murali Vijay,1984-04-01,42y 89d,India,Opening Batter,Right hand Bat,Right arm Offbreak,2008 - 2018,2011,IPL 2011,CSK,16,16.0,0.0,434.0,95.0,27.12,339.0,128.02,0.0,3.0,34.0,20.0,5,0,,,,,,,,,,,2010-05-01,2015-07-19,2010-02-27,2015-07-14,,,,
237095,Murali Vijay,1984-04-01,42y 89d,India,Opening Batter,Right hand Bat,Right arm Offbreak,2008 - 2018,2009/10,IPL 2009/10,CSK,15,15.0,2.0,458.0,127.0,35.23,292.0,156.84,1.0,2.0,36.0,26.0,11,0,,,,,,,,,,,2010-05-01,2015-07-19,2010-02-27,2015-07-14,,,,
237095,Murali Vijay,1984-04-01,42y 89d,India,Opening Batter,Right hand Bat,Right arm Offbreak,2008 - 2018,2009,IPL 2009,CSK,4,4.0,0.0,60.0,31.0,15.0,67.0,89.55,0.0,0.0,4.0,2.0,2,0,,,,,,,,,,,2010-05-01,2015-07-19,2010-02-27,2015-07-14,,,,
330902,Mustafizur Rahman,1995-09-06,30y 296d,Bangladesh,Bowler,Left hand Bat,Left arm Fast medium,2015 - 2026,2025,IPL 2025,DC,3,1.0,0.0,0.0,0.0,0.0,1.0,0.0,0.0,0.0,0.0,0.0,0,0,4.0,7.9,66.0,3/33,3/33,21.75,16.5,0.0,0.0,0.0,2015-04-24,2026-06-19,2015-06-18,2026-06-14,3.0,33.0,3.0,33.0
330902,Mustafizur Rahman,1995-09-06,30y 296d,Bangladesh,Bowler,Left hand Bat,Left arm Fast medium,2015 - 2026,2024,IPL 2024,CSK,9,,,,,,,,,,,,1,0,14.0,9.26,206.0,4/29,4/29,22.71,14.7,1.0,0.0,0.0,2015-04-24,2026-06-19,2015-06-18,2026-06-14,4.0,29.0,4.0,29.0
330902,Mustafizur Rahman,1995-09-06,30y 296d,Bangladesh,Bowler,Left hand Bat,Left arm Fast medium,2015 - 2026,2023,IPL 2023,DC,2,1.0,1.0,1.0,1.0,,1.0,100.0,0.0,0.0,0.0,0.0,0,0,1.0,11.28,42.0,1/38,1/38,79.0,42.0,0.0,0.0,0.0,2015-04-24,2026-06-19,2015-06-18,2026-06-14,1.0,38.0,1.0,38.0
330902,Mustafizur Rahman,1995-09-06,30y 296d,Bangladesh,Bowler,Left hand Bat,Left arm Fast medium,2015 - 2026,2022,IPL 2022,DC,8,1.0,1.0,3.0,3.0,,5.0,60.0,0.0,0.0,0.0,0.0,1,0,8.0,7.62,192.0,3/18,3/18,30.5,24.0,0.0,0.0,0.0,2015-04-24,2026-06-19,2015-06-18,2026-06-14,3.0,18.0,3.0,18.0
330902,Mustafizur Rahman,1995-09-06,30y 296d,Bangladesh,Bowler,Left hand Bat,Left arm Fast medium,2015 - 2026,2021,IPL 2021,RR,14,5.0,5.0,8.0,8.0,,14.0,57.14,0.0,0.0,0.0,1.0,1,0,14.0,8.41,311.0,3/20,3/20,31.14,22.2,0.0,0.0,0.0,2015-04-24,2026-06-19,2015-06-18,2026-06-14,3.0,20.0,3.0,20.0
330902,Mustafizur Rahman,1995-09-06,30y 296d,Bangladesh,Bowler,Left hand Bat,Left arm Fast medium,2015 - 2026,2018,IPL 2018,MI,7,2.0,1.0,1.0,1.0,1.0,3.0,33.33,0.0,0.0,0.0,0.0,2,0,7.0,8.36,165.0,3/24,3/24,32.85,23.5,0.0,0.0,0.0,2015-04-24,2026-06-19,2015-06-18,2026-06-14,3.0,24.0,3.0,24.0
330902,Mustafizur Rahman,1995-09-06,30y 296d,Bangladesh,Bowler,Left hand Bat,Left arm Fast medium,2015 - 2026,2017,IPL 2017,SRH,1,,,,,,,,,,,,0,0,0.0,12.75,16.0,,,,,0.0,0.0,0.0,2015-04-24,2026-06-19,2015-06-18,2026-06-14,,,,
330902,Mustafizur Rahman,1995-09-06,30y 296d,Bangladesh,Bowler,Left hand Bat,Left arm Fast medium,2015 - 2026,2016,IPL 2016,SRH,16,,,,,,,,,,,,2,0,17.0,6.9,366.0,3/16,3/16,24.76,21.5,0.0,0.0,0.0,2015-04-24,2026-06-19,2015-06-18,2026-06-14,3.0,16.0,3.0,16.0
49636,Muthiah Muralidaran,1972-04-17,54y 73d,Sri Lanka,Bowler,Right hand Bat,Right arm Offbreak,1992 - 2011,2014,IPL 2014,RCB,5,,,,,,,,,,,,0,0,3.0,7.75,96.0,2/25,2/25,41.33,32.0,0.0,0.0,0.0,2006-12-22,2010-10-31,1993-08-12,2011-04-02,2.0,25.0,2.0,25.0
49636,Muthiah Muralidaran,1972-04-17,54y 73d,Sri Lanka,Bowler,Right hand Bat,Right arm Offbreak,1992 - 2011,2013,IPL 2013,RCB,6,,,,,,,,,,,,1,0,3.0,7.69,138.0,1/18,1/18,59.0,46.0,0.0,0.0,0.0,2006-12-22,2010-10-31,1993-08-12,2011-04-02,1.0,18.0,1.0,18.0
49636,Muthiah Muralidaran,1972-04-17,54y 73d,Sri Lanka,Bowler,Right hand Bat,Right arm Offbreak,1992 - 2011,2012,IPL 2012,RCB,10,2.0,0.0,6.0,6.0,3.0,9.0,66.66,0.0,0.0,0.0,0.0,2,0,15.0,6.5,240.0,3/21,3/21,17.33,16.0,0.0,0.0,0.0,2006-12-22,2010-10-31,1993-08-12,2011-04-02,3.0,21.0,3.0,21.0
49636,Muthiah Muralidaran,1972-04-17,54y 73d,Sri Lanka,Bowler,Right hand Bat,Right arm Offbreak,1992 - 2011,2011,IPL 2011,Kochi,5,1.0,1.0,5.0,5.0,,8.0,62.5,0.0,0.0,0.0,0.0,1,0,2.0,7.42,114.0,1/18,1/18,70.5,57.0,0.0,0.0,0.0,2006-12-22,2010-10-31,1993-08-12,2011-04-02,1.0,18.0,1.0,18.0
49636,Muthiah Muralidaran,1972-04-17,54y 73d,Sri Lanka,Bowler,Right hand Bat,Right arm Offbreak,1992 - 2011,2009/10,IPL 2009/10,CSK,12,1.0,0.0,1.0,1.0,1.0,2.0,50.0,0.0,0.0,0.0,0.0,3,0,15.0,6.85,288.0,3/16,3/16,21.93,19.2,0.0,0.0,0.0,2006-12-22,2010-10-31,1993-08-12,2011-04-02,3.0,16.0,3.0,16.0
49636,Muthiah Muralidaran,1972-04-17,54y 73d,Sri Lanka,Bowler,Right hand Bat,Right arm Offbreak,1992 - 2011,2009,IPL 2009,CSK,13,4.0,2.0,8.0,4.0,4.0,8.0,100.0,0.0,0.0,1.0,0.0,4,0,14.0,5.22,300.0,3/11,3/11,18.64,21.4,0.0,0.0,0.0,2006-12-22,2010-10-31,1993-08-12,2011-04-02,3.0,11.0,3.0,11.0
49636,Muthiah Muralidaran,1972-04-17,54y 73d,Sri Lanka,Bowler,Right hand Bat,Right arm Offbreak,1992 - 2011,2007/08,IPL 2007/08,CSK,15,1.0,0.0,0.0,0.0,0.0,3.0,0.0,0.0,0.0,0.0,0.0,4,0,11.0,6.96,348.0,2/39,2/39,36.72,31.6,0.0,0.0,0.0,2006-12-22,2010-10-31,1993-08-12,2011-04-02,2.0,39.0,2.0,39.0
1048813,Narayan Jagadeesan,1995-12-24,30y 187d,India,Wicketkeeper Batter,Right hand Bat,,,2023,IPL 2023,KKR,6,6.0,0.0,89.0,36.0,14.83,81.0,109.87,0.0,0.0,14.0,1.0,1,0,,,,,,,,,,,,,,,,,,
1048813,Narayan Jagadeesan,1995-12-24,30y 187d,India,Wicketkeeper Batter,Right hand Bat,,,2022,IPL 2022,CSK,2,2.0,1.0,40.0,39.0,40.0,37.0,108.1,0.0,0.0,3.0,1.0,0,0,,,,,,,,,,,,,,,,,,
1048813,Narayan Jagadeesan,1995-12-24,30y 187d,India,Wicketkeeper Batter,Right hand Bat,,,2020/21,IPL 2020/21,CSK,5,2.0,0.0,33.0,33.0,16.5,29.0,113.79,0.0,0.0,4.0,0.0,0,0,,,,,,,,,,,,,,,,,,
826915,Nathan Ellis,1994-09-22,31y 280d,Australia,Bowler,Right hand Bat,Right arm Fast medium,2021 - 2026,2025,IPL 2025,CSK,1,,,,,,,,,,,,0,0,1.0,9.5,24.0,1/38,1/38,38.0,24.0,0.0,0.0,0.0,2021-08-06,2026-06-21,2022-03-29,2026-06-11,1.0,38.0,1.0,38.0
826915,Nathan Ellis,1994-09-22,31y 280d,Australia,Bowler,Right hand Bat,Right arm Fast medium,2021 - 2026,2024,IPL 2024,PBKS,1,,,,,,,,,,,,0,0,1.0,6.0,24.0,1/24,1/24,24.0,24.0,0.0,0.0,0.0,2021-08-06,2026-06-21,2022-03-29,2026-06-11,1.0,24.0,1.0,24.0
826915,Nathan Ellis,1994-09-22,31y 280d,Australia,Bowler,Right hand Bat,Right arm Fast medium,2021 - 2026,2023,IPL 2023,PBKS,10,2.0,0.0,1.0,1.0,0.5,7.0,14.28,0.0,0.0,0.0,0.0,1,0,13.0,8.92,228.0,4/30,4/30,26.07,17.5,1.0,0.0,0.0,2021-08-06,2026-06-21,2022-03-29,2026-06-11,4.0,30.0,4.0,30.0
826915,Nathan Ellis,1994-09-22,31y 280d,Australia,Bowler,Right hand Bat,Right arm Fast medium,2021 - 2026,2022,IPL 2022,PBKS,2,1.0,0.0,0.0,0.0,0.0,2.0,0.0,0.0,0.0,0.0,0.0,1,0,3.0,9.16,36.0,3/40,3/40,18.33,12.0,0.0,0.0,0.0,2021-08-06,2026-06-21,2022-03-29,2026-06-11,3.0,40.0,3.0,40.0
826915,Nathan Ellis,1994-09-22,31y 280d,Australia,Bowler,Right hand Bat,Right arm Fast medium,2021 - 2026,2021,IPL 2021,PBKS,3,2.0,1.0,18.0,12.0,18.0,16.0,112.5,0.0,0.0,0.0,1.0,0,0,1.0,8.18,66.0,1/12,1/12,90.0,66.0,0.0,0.0,0.0,2021-08-06,2026-06-21,2022-03-29,2026-06-11,1.0,12.0,1.0,12.0
1182529,Noor Ahmad Lakanwal,2005-01-03,21y 177d,Afghanistan,Bowler,Right hand Bat,Left arm Wrist spin,2022 - 2026,2026,IPL 2026,CSK,14,4.0,1.0,11.0,8.0,3.66,23.0,47.82,0.0,0.0,0.0,1.0,4,0,13.0,8.39,306.0,3/21,3/21,32.92,23.5,0.0,0.0,0.0,2022-06-14,2026-02-16,2022-11-30,2025-02-28,3.0,21.0,3.0,21.0
1182529,Noor Ahmad Lakanwal,2005-01-03,21y 177d,Afghanistan,Bowler,Right hand Bat,Left arm Wrist spin,2022 - 2026,2025,IPL 2025,CSK,14,6.0,2.0,7.0,2.0,1.75,17.0,41.17,0.0,0.0,0.0,0.0,2,0,24.0,8.16,300.0,4/18,4/18,17.0,12.5,2.0,0.0,0.0,2022-06-14,2026-02-16,2022-11-30,2025-02-28,4.0,18.0,4.0,18.0
1182529,Noor Ahmad Lakanwal,2005-01-03,21y 177d,Afghanistan,Bowler,Right hand Bat,Left arm Wrist spin,2022 - 2026,2024,IPL 2024,GT,10,4.0,2.0,5.0,4.0,2.5,9.0,55.55,0.0,0.0,1.0,0.0,5,0,8.0,8.32,209.0,2/20,2/20,36.25,26.1,0.0,0.0,0.0,2022-06-14,2026-02-16,2022-11-30,2025-02-28,2.0,20.0,2.0,20.0
1182529,Noor Ahmad Lakanwal,2005-01-03,21y 177d,Afghanistan,Bowler,Right hand Bat,Left arm Wrist spin,2022 - 2026,2023,IPL 2023,GT,13,3.0,1.0,8.0,7.0,4.0,9.0,88.88,0.0,0.0,1.0,0.0,2,0,16.0,7.82,283.0,3/37,3/37,23.06,17.6,0.0,0.0,0.0,2022-06-14,2026-02-16,2022-11-30,2025-02-28,3.0,37.0,3.0,37.0
49535,Kulasekara Mudiyanselage Dinesh Nuwan Kulasekara,1982-07-22,43y 342d,Sri Lanka,Bowler,Right hand Bat,Right arm Fast medium,2003 - 2017,2012,IPL 2012,CSK,5,1.0,1.0,5.0,5.0,,3.0,166.66,0.0,0.0,1.0,0.0,4,0,4.0,6.71,84.0,2/10,2/10,23.5,21.0,0.0,0.0,0.0,2008-10-11,2017-04-06,2003-11-18,2017-07-10,2.0,10.0,2.0,10.0
49535,Kulasekara Mudiyanselage Dinesh Nuwan Kulasekara,1982-07-22,43y 342d,Sri Lanka,Bowler,Right hand Bat,Right arm Fast medium,2003 - 2017,2011,IPL 2011,CSK,1,,,,,,,,,,,,0,0,1.0,8.66,18.0,1/26,1/26,26.0,18.0,0.0,0.0,0.0,2008-10-11,2017-04-06,2003-11-18,2017-07-10,1.0,26.0,1.0,26.0
290629,Palani Amarnath,1982-06-01,44y 28d,India,,Right hand Bat,Right arm Medium,,2007/08,IPL 2007/08,CSK,6,,,,,,,,,,,,2,0,7.0,10.72,132.0,2/29,2/29,33.71,18.8,0.0,0.0,0.0,,,,,2.0,29.0,2.0,29.0
32242,Parthiv Ajay Patel,1985-03-09,41y 112d,India,Wicketkeeper Batter,Left hand Bat,Right arm Offbreak,2002 - 2018,2019,IPL 2019,RCB,14,14.0,0.0,373.0,67.0,26.64,268.0,139.17,0.0,2.0,48.0,10.0,6,2,,,,,,,,,,,2011-06-04,2011-08-31,2003-01-04,2012-02-21,,,,
32242,Parthiv Ajay Patel,1985-03-09,41y 112d,India,Wicketkeeper Batter,Left hand Bat,Right arm Offbreak,2002 - 2018,2018,IPL 2018,RCB,6,6.0,1.0,153.0,53.0,30.6,109.0,140.36,0.0,1.0,20.0,4.0,3,0,,,,,,,,,,,2011-06-04,2011-08-31,2003-01-04,2012-02-21,,,,
32242,Parthiv Ajay Patel,1985-03-09,41y 112d,India,Wicketkeeper Batter,Left hand Bat,Right arm Offbreak,2002 - 2018,2017,IPL 2017,MI,16,16.0,0.0,395.0,70.0,24.68,293.0,134.81,0.0,2.0,49.0,8.0,6,2,,,,,,,,,,,2011-06-04,2011-08-31,2003-01-04,2012-02-21,,,,
32242,Parthiv Ajay Patel,1985-03-09,41y 112d,India,Wicketkeeper Batter,Left hand Bat,Right arm Offbreak,2002 - 2018,2016,IPL 2016,MI,10,10.0,0.0,177.0,81.0,17.7,152.0,116.44,0.0,1.0,23.0,4.0,9,1,,,,,,,,,,,2011-06-04,2011-08-31,2003-01-04,2012-02-21,,,,
32242,Parthiv Ajay Patel,1985-03-09,41y 112d,India,Wicketkeeper Batter,Left hand Bat,Right arm Offbreak,2002 - 2018,2015,IPL 2015,MI,14,14.0,1.0,339.0,59.0,26.07,246.0,137.8,0.0,2.0,47.0,5.0,7,3,,,,,,,,,,,2011-06-04,2011-08-31,2003-01-04,2012-02-21,,,,
32242,Parthiv Ajay Patel,1985-03-09,41y 112d,India,Wicketkeeper Batter,Left hand Bat,Right arm Offbreak,2002 - 2018,2014,IPL 2014,RCB,12,12.0,2.0,205.0,57.0,20.5,185.0,110.81,0.0,1.0,30.0,1.0,11,1,,,,,,,,,,,2011-06-04,2011-08-31,2003-01-04,2012-02-21,,,,
32242,Parthiv Ajay Patel,1985-03-09,41y 112d,India,Wicketkeeper Batter,Left hand Bat,Right arm Offbreak,2002 - 2018,2013,IPL 2013,SRH,13,13.0,0.0,294.0,61.0,22.61,255.0,115.29,0.0,1.0,37.0,4.0,5,3,,,,,,,,,,,2011-06-04,2011-08-31,2003-01-04,2012-02-21,,,,
32242,Parthiv Ajay Patel,1985-03-09,41y 112d,India,Wicketkeeper Batter,Left hand Bat,Right arm Offbreak,2002 - 2018,2012,IPL 2012,DCH,14,13.0,2.0,194.0,45.0,17.63,165.0,117.57,0.0,0.0,19.0,4.0,5,1,,,,,,,,,,,2011-06-04,2011-08-31,2003-01-04,2012-02-21,,,,
32242,Parthiv Ajay Patel,1985-03-09,41y 112d,India,Wicketkeeper Batter,Left hand Bat,Right arm Offbreak,2002 - 2018,2011,IPL 2011,Kochi,14,13.0,3.0,202.0,37.0,20.2,183.0,110.38,0.0,0.0,25.0,2.0,8,1,,,,,,,,,,,2011-06-04,2011-08-31,2003-01-04,2012-02-21,,,,
32242,Parthiv Ajay Patel,1985-03-09,41y 112d,India,Wicketkeeper Batter,Left hand Bat,Right arm Offbreak,2002 - 2018,2009/10,IPL 2009/10,CSK,4,4.0,0.0,72.0,57.0,18.0,79.0,91.13,0.0,1.0,6.0,2.0,0,2,,,,,,,,,,,2011-06-04,2011-08-31,2003-01-04,2012-02-21,,,,
32242,Parthiv Ajay Patel,1985-03-09,41y 112d,India,Wicketkeeper Batter,Left hand Bat,Right arm Offbreak,2002 - 2018,2009,IPL 2009,CSK,9,9.0,0.0,142.0,36.0,15.77,126.0,112.69,0.0,0.0,19.0,2.0,3,0,,,,,,,,,,,2011-06-04,2011-08-31,2003-01-04,2012-02-21,,,,
32242,Parthiv Ajay Patel,1985-03-09,41y 112d,India,Wicketkeeper Batter,Left hand Bat,Right arm Offbreak,2002 - 2018,2007/08,IPL 2007/08,CSK,13,13.0,2.0,302.0,54.0,27.45,297.0,101.68,0.0,2.0,42.0,3.0,6,0,,,,,,,,,,,2011-06-04,2011-08-31,2003-01-04,2012-02-21,,,,
530773,Pawan Negi,1993-01-06,33y 174d,India,Bowler,Left hand Bat,Slow Left arm Orthodox,2016 - 2016,2019,IPL 2019,RCB,7,4.0,0.0,9.0,5.0,2.25,12.0,75.0,0.0,0.0,1.0,0.0,3,0,3.0,9.13,67.0,2/21,2/21,34.0,22.3,0.0,0.0,0.0,2016-03-03,2011-11-03,,,2.0,21.0,2.0,21.0
530773,Pawan Negi,1993-01-06,33y 174d,India,Bowler,Left hand Bat,Slow Left arm Orthodox,2016 - 2016,2018,IPL 2018,RCB,2,2.0,0.0,3.0,3.0,1.5,5.0,60.0,0.0,0.0,0.0,0.0,0,0,1.0,12.25,24.0,1/36,1/36,49.0,24.0,0.0,0.0,0.0,2016-03-03,2011-11-03,,,1.0,36.0,1.0,36.0
530773,Pawan Negi,1993-01-06,33y 174d,India,Bowler,Left hand Bat,Slow Left arm Orthodox,2016 - 2016,2017,IPL 2017,RCB,12,10.0,2.0,144.0,35.0,18.0,111.0,129.72,0.0,0.0,10.0,7.0,3,0,16.0,6.12,193.0,3/10,3/10,12.31,12.0,0.0,0.0,0.0,2016-03-03,2011-11-03,,,3.0,10.0,3.0,10.0
530773,Pawan Negi,1993-01-06,33y 174d,India,Bowler,Left hand Bat,Slow Left arm Orthodox,2016 - 2016,2016,IPL 2016,DC,8,6.0,4.0,57.0,19.0,28.5,59.0,96.61,0.0,0.0,2.0,3.0,2,0,1.0,9.33,54.0,1/19,1/19,84.0,54.0,0.0,0.0,0.0,2016-03-03,2011-11-03,,,1.0,19.0,1.0,19.0
530773,Pawan Negi,1993-01-06,33y 174d,India,Bowler,Left hand Bat,Slow Left arm Orthodox,2016 - 2016,2015,IPL 2015,CSK,10,9.0,1.0,116.0,36.0,14.5,73.0,158.9,0.0,0.0,10.0,5.0,4,0,6.0,8.4,180.0,2/25,2/25,42.0,30.0,0.0,0.0,0.0,2016-03-03,2011-11-03,,,2.0,25.0,2.0,25.0
530773,Pawan Negi,1993-01-06,33y 174d,India,Bowler,Left hand Bat,Slow Left arm Orthodox,2016 - 2016,2014,IPL 2014,CSK,2,,,,,,,,,,,,1,0,0.0,10.71,42.0,,,,,0.0,0.0,0.0,2016-03-03,2011-11-03,,,,,,
530773,Pawan Negi,1993-01-06,33y 174d,India,Bowler,Left hand Bat,Slow Left arm Orthodox,2016 - 2016,2013,IPL 2013,DC,1,,,,,,,,,,,,0,0,0.0,7.0,24.0,,,,,0.0,0.0,0.0,2016-03-03,2011-11-03,,,,,,
530773,Pawan Negi,1993-01-06,33y 174d,India,Bowler,Left hand Bat,Slow Left arm Orthodox,2016 - 2016,2012,IPL 2012,DC,8,4.0,2.0,36.0,14.0,18.0,29.0,124.13,0.0,0.0,4.0,1.0,2,0,7.0,6.9,132.0,4/18,4/18,21.71,18.8,1.0,0.0,0.0,2016-03-03,2011-11-03,,,4.0,18.0,4.0,18.0
32966,Piyush Pramod Chawla,1988-12-24,37y 187d,India,Bowling Allrounder,Left hand Bat,Legbreak,2006 - 2012,2024,IPL 2024,MI,11,6.0,2.0,15.0,10.0,3.75,15.0,100.0,0.0,0.0,1.0,1.0,2,0,13.0,8.91,210.0,3/29,3/29,24.0,16.1,0.0,0.0,0.0,2010-05-02,2012-12-22,2007-05-12,2011-03-09,3.0,29.0,3.0,29.0
32966,Piyush Pramod Chawla,1988-12-24,37y 187d,India,Bowling Allrounder,Left hand Bat,Legbreak,2006 - 2012,2023,IPL 2023,MI,16,4.0,2.0,25.0,18.0,12.5,22.0,113.63,0.0,0.0,1.0,1.0,1,0,22.0,8.11,366.0,3/22,3/22,22.5,16.6,0.0,0.0,0.0,2010-05-02,2012-12-22,2007-05-12,2011-03-09,3.0,22.0,3.0,22.0
32966,Piyush Pramod Chawla,1988-12-24,37y 187d,India,Bowling Allrounder,Left hand Bat,Legbreak,2006 - 2012,2021,IPL 2021,MI,1,1.0,0.0,0.0,0.0,0.0,2.0,0.0,0.0,0.0,0.0,0.0,0,0,1.0,9.5,24.0,1/38,1/38,38.0,24.0,0.0,0.0,0.0,2010-05-02,2012-12-22,2007-05-12,2011-03-09,1.0,38.0,1.0,38.0
32966,Piyush Pramod Chawla,1988-12-24,37y 187d,India,Bowling Allrounder,Left hand Bat,Legbreak,2006 - 2012,2020/21,IPL 2020/21,CSK,7,,,,,,,,,,,,0,0,6.0,9.09,126.0,2/33,2/33,31.83,21.0,0.0,0.0,0.0,2010-05-02,2012-12-22,2007-05-12,2011-03-09,2.0,33.0,2.0,33.0
32966,Piyush Pramod Chawla,1988-12-24,37y 187d,India,Bowling Allrounder,Left hand Bat,Legbreak,2006 - 2012,2019,IPL 2019,KKR,13,5.0,2.0,42.0,14.0,14.0,37.0,113.51,0.0,0.0,4.0,2.0,5,0,10.0,8.96,267.0,3/20,3/20,39.9,26.7,0.0,0.0,0.0,2010-05-02,2012-12-22,2007-05-12,2011-03-09,3.0,20.0,3.0,20.0
32966,Piyush Pramod Chawla,1988-12-24,37y 187d,India,Bowling Allrounder,Left hand Bat,Legbreak,2006 - 2012,2018,IPL 2018,KKR,15,7.0,3.0,27.0,12.0,6.75,34.0,79.41,0.0,0.0,1.0,1.0,4,0,14.0,8.4,294.0,3/48,3/48,29.42,21.0,0.0,0.0,0.0,2010-05-02,2012-12-22,2007-05-12,2011-03-09,3.0,48.0,3.0,48.0
32966,Piyush Pramod Chawla,1988-12-24,37y 187d,India,Bowling Allrounder,Left hand Bat,Legbreak,2006 - 2012,2017,IPL 2017,KKR,6,1.0,0.0,2.0,2.0,2.0,6.0,33.33,0.0,0.0,0.0,0.0,1,0,6.0,8.95,120.0,2/34,2/34,29.83,20.0,0.0,0.0,0.0,2010-05-02,2012-12-22,2007-05-12,2011-03-09,2.0,34.0,2.0,34.0
32966,Piyush Pramod Chawla,1988-12-24,37y 187d,India,Bowling Allrounder,Left hand Bat,Legbreak,2006 - 2012,2016,IPL 2016,KKR,12,3.0,0.0,27.0,11.0,9.0,26.0,103.84,0.0,0.0,4.0,0.0,3,0,11.0,7.72,212.0,2/21,2/21,24.81,19.2,0.0,0.0,0.0,2010-05-02,2012-12-22,2007-05-12,2011-03-09,2.0,21.0,2.0,21.0
32966,Piyush Pramod Chawla,1988-12-24,37y 187d,India,Bowling Allrounder,Left hand Bat,Legbreak,2006 - 2012,2015,IPL 2015,KKR,13,8.0,4.0,54.0,22.0,13.5,47.0,114.89,0.0,0.0,5.0,2.0,2,0,11.0,7.68,210.0,4/32,4/32,24.45,19.0,1.0,0.0,0.0,2010-05-02,2012-12-22,2007-05-12,2011-03-09,4.0,32.0,4.0,32.0
32966,Piyush Pramod Chawla,1988-12-24,37y 187d,India,Bowling Allrounder,Left hand Bat,Legbreak,2006 - 2012,2014,IPL 2014,KKR,11,5.0,2.0,31.0,17.0,10.33,19.0,163.15,0.0,0.0,4.0,1.0,3,0,14.0,7.67,237.0,3/19,3/19,21.64,16.9,0.0,0.0,0.0,2010-05-02,2012-12-22,2007-05-12,2011-03-09,3.0,19.0,3.0,19.0
32966,Piyush Pramod Chawla,1988-12-24,37y 187d,India,Bowling Allrounder,Left hand Bat,Legbreak,2006 - 2012,2013,IPL 2013,PBKS,16,11.0,5.0,64.0,23.0,10.66,57.0,112.28,0.0,0.0,5.0,3.0,1,0,11.0,7.16,350.0,2/20,2/20,38.0,31.8,0.0,0.0,0.0,2010-05-02,2012-12-22,2007-05-12,2011-03-09,2.0,20.0,2.0,20.0
32966,Piyush Pramod Chawla,1988-12-24,37y 187d,India,Bowling Allrounder,Left hand Bat,Legbreak,2006 - 2012,2012,IPL 2012,PBKS,16,12.0,4.0,106.0,21.0,13.25,88.0,120.45,0.0,0.0,9.0,4.0,3,0,16.0,7.35,342.0,3/18,3/18,26.18,21.3,0.0,0.0,0.0,2010-05-02,2012-12-22,2007-05-12,2011-03-09,3.0,18.0,3.0,18.0
32966,Piyush Pramod Chawla,1988-12-24,37y 187d,India,Bowling Allrounder,Left hand Bat,Legbreak,2006 - 2012,2011,IPL 2011,PBKS,12,6.0,3.0,48.0,15.0,16.0,55.0,87.27,0.0,0.0,2.0,2.0,3,0,16.0,8.12,248.0,4/17,4/17,21.0,15.5,1.0,0.0,0.0,2010-05-02,2012-12-22,2007-05-12,2011-03-09,4.0,17.0,4.0,17.0
32966,Piyush Pramod Chawla,1988-12-24,37y 187d,India,Bowling Allrounder,Left hand Bat,Legbreak,2006 - 2012,2009/10,IPL 2009/10,PBKS,14,6.0,1.0,62.0,22.0,12.4,60.0,103.33,0.0,0.0,7.0,0.0,3,0,12.0,7.48,294.0,3/24,3/24,30.58,24.5,0.0,0.0,0.0,2010-05-02,2012-12-22,2007-05-12,2011-03-09,3.0,24.0,3.0,24.0
32966,Piyush Pramod Chawla,1988-12-24,37y 187d,India,Bowling Allrounder,Left hand Bat,Legbreak,2006 - 2012,2009,IPL 2009,PBKS,14,10.0,5.0,31.0,8.0,6.2,36.0,86.11,0.0,0.0,3.0,0.0,6,0,12.0,6.86,269.0,2/22,2/22,25.66,22.4,0.0,0.0,0.0,2010-05-02,2012-12-22,2007-05-12,2011-03-09,2.0,22.0,2.0,22.0
32966,Piyush Pramod Chawla,1988-12-24,37y 187d,India,Bowling Allrounder,Left hand Bat,Legbreak,2006 - 2012,2007/08,IPL 2007/08,PBKS,15,7.0,3.0,90.0,24.0,22.5,59.0,152.54,0.0,0.0,10.0,3.0,6,0,17.0,8.3,281.0,3/25,3/25,22.88,16.5,0.0,0.0,0.0,2010-05-02,2012-12-22,2007-05-12,2011-03-09,3.0,25.0,3.0,25.0
1252337,Prashant Hitesh Solanki,2000-02-22,26y 127d,India,Bowler,Right hand Bat,Legbreak,,2022,IPL 2022,CSK,2,,,,,,,,,,,,0,0,2.0,6.33,36.0,2/20,2/20,19.0,18.0,0.0,0.0,0.0,,,,,2.0,20.0,2.0,20.0
1403197,Prashant Ramendra Veer,2005-11-24,20y 217d,India,Bowling Allrounder,Left hand Bat,Slow Left arm Orthodox,,2026,IPL 2026,CSK,6,5.0,3.0,90.0,43.0,45.0,67.0,134.32,0.0,0.0,10.0,3.0,0,0,0.0,12.5,12.0,,,,,0.0,0.0,0.0,,,,,,,,
959767,Rachin Ravindra,1999-11-18,26y 223d,New Zealand,Batting Allrounder,Left hand Bat,Slow Left arm Orthodox,2021 - 2026,2025,IPL 2025,CSK,8,8.0,1.0,191.0,65.0,27.28,149.0,128.18,0.0,1.0,18.0,4.0,2,0,,,,,,,,,,,2021-09-01,2026-03-08,2023-03-25,2025-11-22,,,,
959767,Rachin Ravindra,1999-11-18,26y 223d,New Zealand,Batting Allrounder,Left hand Bat,Slow Left arm Orthodox,2021 - 2026,2024,IPL 2024,CSK,10,10.0,0.0,222.0,61.0,22.2,138.0,160.86,0.0,1.0,22.0,12.0,8,0,0.0,3.5,12.0,,,,,0.0,0.0,0.0,2021-09-01,2026-03-08,2023-03-25,2025-11-22,,,,
1064812,Rahul Desraj Chahar,1999-08-04,26y 329d,India,Bowler,Right hand Bat,Legbreak Googly,2019 - 2021,2026,IPL 2026,CSK,1,,,,,,,,,,,,1,0,0.0,11.5,24.0,,,,,0.0,0.0,0.0,2019-08-06,2021-11-08,2021-07-23,2019-08-06,,,,
1064812,Rahul Desraj Chahar,1999-08-04,26y 329d,India,Bowler,Right hand Bat,Legbreak Googly,2019 - 2021,2025,IPL 2025,SRH,1,,,,,,,,,,,,0,0,0.0,9.0,6.0,,,,,0.0,0.0,0.0,2019-08-06,2021-11-08,2021-07-23,2019-08-06,,,,
1064812,Rahul Desraj Chahar,1999-08-04,26y 329d,India,Bowler,Right hand Bat,Legbreak Googly,2019 - 2021,2024,IPL 2024,PBKS,9,2.0,1.0,21.0,16.0,21.0,15.0,140.0,0.0,0.0,3.0,1.0,3,0,10.0,9.0,186.0,3/23,3/23,27.9,18.6,0.0,0.0,0.0,2019-08-06,2021-11-08,2021-07-23,2019-08-06,3.0,23.0,3.0,23.0
1064812,Rahul Desraj Chahar,1999-08-04,26y 329d,India,Bowler,Right hand Bat,Legbreak Googly,2019 - 2021,2023,IPL 2023,PBKS,14,3.0,1.0,0.0,0.0,0.0,9.0,0.0,0.0,0.0,0.0,0.0,4,0,8.0,7.75,298.0,2/16,2/16,48.12,37.2,0.0,0.0,0.0,2019-08-06,2021-11-08,2021-07-23,2019-08-06,2.0,16.0,2.0,16.0
1064812,Rahul Desraj Chahar,1999-08-04,26y 329d,India,Bowler,Right hand Bat,Legbreak Googly,2019 - 2021,2022,IPL 2022,PBKS,13,8.0,2.0,77.0,25.0,12.83,68.0,113.23,0.0,0.0,7.0,4.0,5,0,14.0,7.71,280.0,3/25,3/25,25.71,20.0,0.0,0.0,0.0,2019-08-06,2021-11-08,2021-07-23,2019-08-06,3.0,25.0,3.0,25.0
1064812,Rahul Desraj Chahar,1999-08-04,26y 329d,India,Bowler,Right hand Bat,Legbreak Googly,2019 - 2021,2021,IPL 2021,MI,11,5.0,0.0,14.0,8.0,2.8,15.0,93.33,0.0,0.0,1.0,0.0,3,0,13.0,7.39,258.0,4/27,4/27,24.46,19.8,1.0,0.0,0.0,2019-08-06,2021-11-08,2021-07-23,2019-08-06,4.0,27.0,4.0,27.0
1064812,Rahul Desraj Chahar,1999-08-04,26y 329d,India,Bowler,Right hand Bat,Legbreak Googly,2019 - 2021,2020/21,IPL 2020/21,MI,15,1.0,1.0,2.0,2.0,,4.0,50.0,0.0,0.0,0.0,0.0,4,0,15.0,8.16,318.0,2/18,2/18,28.86,21.2,0.0,0.0,0.0,2019-08-06,2021-11-08,2021-07-23,2019-08-06,2.0,18.0,2.0,18.0
1064812,Rahul Desraj Chahar,1999-08-04,26y 329d,India,Bowler,Right hand Bat,Legbreak Googly,2019 - 2021,2019,IPL 2019,MI,13,4.0,2.0,12.0,10.0,6.0,11.0,109.09,0.0,0.0,2.0,0.0,3,0,13.0,6.55,282.0,3/19,3/19,23.69,21.6,0.0,0.0,0.0,2019-08-06,2021-11-08,2021-07-23,2019-08-06,3.0,19.0,3.0,19.0
1064812,Rahul Desraj Chahar,1999-08-04,26y 329d,India,Bowler,Right hand Bat,Legbreak Googly,2019 - 2021,2017,IPL 2017,RPS,3,1.0,1.0,3.0,3.0,,2.0,150.0,0.0,0.0,0.0,0.0,1,0,2.0,8.28,42.0,1/26,1/26,29.0,21.0,0.0,0.0,0.0,2019-08-06,2021-11-08,2021-07-23,2019-08-06,1.0,26.0,1.0,26.0
446763,Rahul Ajay Tripathi,1991-03-02,35y 119d,India,Top order Batter,Right hand Bat,Right arm Medium,2023 - 2023,2025,IPL 2025,CSK,5,5.0,0.0,55.0,23.0,11.0,57.0,96.49,0.0,0.0,6.0,1.0,1,0,,,,,,,,,,,2023-01-05,2023-02-01,,,,,,
446763,Rahul Ajay Tripathi,1991-03-02,35y 119d,India,Top order Batter,Right hand Bat,Right arm Medium,2023 - 2023,2024,IPL 2024,SRH,6,6.0,0.0,165.0,55.0,27.5,115.0,143.47,0.0,1.0,18.0,6.0,2,0,,,,,,,,,,,2023-01-05,2023-02-01,,,,,,
446763,Rahul Ajay Tripathi,1991-03-02,35y 119d,India,Top order Batter,Right hand Bat,Right arm Medium,2023 - 2023,2023,IPL 2023,SRH,13,13.0,1.0,273.0,74.0,22.75,213.0,128.16,0.0,1.0,29.0,10.0,2,0,,,,,,,,,,,2023-01-05,2023-02-01,,,,,,
446763,Rahul Ajay Tripathi,1991-03-02,35y 119d,India,Top order Batter,Right hand Bat,Right arm Medium,2023 - 2023,2022,IPL 2022,SRH,14,14.0,3.0,413.0,76.0,37.54,261.0,158.23,0.0,3.0,40.0,20.0,6,0,,,,,,,,,,,2023-01-05,2023-02-01,,,,,,
446763,Rahul Ajay Tripathi,1991-03-02,35y 119d,India,Top order Batter,Right hand Bat,Right arm Medium,2023 - 2023,2021,IPL 2021,KKR,17,16.0,2.0,397.0,74.0,28.35,283.0,140.28,0.0,2.0,41.0,11.0,8,0,,,,,,,,,,,2023-01-05,2023-02-01,,,,,,
446763,Rahul Ajay Tripathi,1991-03-02,35y 119d,India,Top order Batter,Right hand Bat,Right arm Medium,2023 - 2023,2020/21,IPL 2020/21,KKR,11,11.0,1.0,230.0,81.0,23.0,181.0,127.07,0.0,1.0,21.0,10.0,3,0,,,,,,,,,,,2023-01-05,2023-02-01,,,,,,
446763,Rahul Ajay Tripathi,1991-03-02,35y 119d,India,Top order Batter,Right hand Bat,Right arm Medium,2023 - 2023,2019,IPL 2019,RR,8,7.0,1.0,141.0,50.0,23.5,118.0,119.49,0.0,1.0,13.0,2.0,3,0,,,,,,,,,,,2023-01-05,2023-02-01,,,,,,
446763,Rahul Ajay Tripathi,1991-03-02,35y 119d,India,Top order Batter,Right hand Bat,Right arm Medium,2023 - 2023,2018,IPL 2018,RR,12,12.0,3.0,226.0,80.0,25.11,167.0,135.32,0.0,1.0,18.0,8.0,4,0,,,,,,,,,,,2023-01-05,2023-02-01,,,,,,
446763,Rahul Ajay Tripathi,1991-03-02,35y 119d,India,Top order Batter,Right hand Bat,Right arm Medium,2023 - 2023,2017,IPL 2017,RPS,14,14.0,0.0,391.0,93.0,27.92,267.0,146.44,0.0,2.0,43.0,17.0,5,0,0.0,12.0,6.0,,,,,0.0,0.0,0.0,2023-01-05,2023-02-01,,,,,,
1175429,Rajvardhan S Hangargekar,2002-11-10,23y 231d,India,Bowling Allrounder,Right hand Bat,Right arm Fast medium,,2023,IPL 2023,CSK,2,,,,,,,,,,,,0,0,3.0,10.0,36.0,3/36,3/36,20.0,12.0,0.0,0.0,0.0,,,,,3.0,36.0,3.0,36.0
1339053,Ramakrishna Shekhar Ghosh,1997-08-28,28y 305d,India,Bowling Allrounder,Right hand Bat,Right arm Medium fast,,2026,IPL 2026,CSK,1,,,,,,,,,,,,1,0,1.0,8.0,18.0,1/24,1/24,24.0,18.0,0.0,0.0,0.0,,,,,1.0,24.0,1.0,24.0
26421,Ravichandran Ashwin,1986-09-17,39y 285d,India,Bowling Allrounder,Right hand Bat,Right arm Offbreak,2010 - 2024,2025,IPL 2025,CSK,9,4.0,0.0,33.0,13.0,8.25,30.0,110.0,0.0,0.0,3.0,1.0,4,0,7.0,9.12,186.0,2/41,2/41,40.42,26.5,0.0,0.0,0.0,2010-06-12,2022-11-10,2010-06-05,2023-10-08,2.0,41.0,2.0,41.0
26421,Ravichandran Ashwin,1986-09-17,39y 285d,India,Bowling Allrounder,Right hand Bat,Right arm Offbreak,2010 - 2024,2024,IPL 2024,RR,15,9.0,3.0,86.0,29.0,14.33,74.0,116.21,0.0,0.0,5.0,4.0,5,0,9.0,8.49,330.0,3/24,3/24,51.88,36.6,0.0,0.0,0.0,2010-06-12,2022-11-10,2010-06-05,2023-10-08,3.0,24.0,3.0,24.0
26421,Ravichandran Ashwin,1986-09-17,39y 285d,India,Bowling Allrounder,Right hand Bat,Right arm Offbreak,2010 - 2024,2023,IPL 2023,RR,13,10.0,4.0,67.0,30.0,11.16,51.0,131.37,0.0,0.0,5.0,3.0,1,0,14.0,7.51,294.0,2/23,2/23,26.28,21.0,0.0,0.0,0.0,2010-06-12,2022-11-10,2010-06-05,2023-10-08,2.0,23.0,2.0,23.0
26421,Ravichandran Ashwin,1986-09-17,39y 285d,India,Bowling Allrounder,Right hand Bat,Right arm Offbreak,2010 - 2024,2022,IPL 2022,RR,17,12.0,5.0,191.0,50.0,27.28,135.0,141.48,0.0,1.0,14.0,9.0,5,0,12.0,7.5,402.0,3/17,3/17,41.91,33.5,0.0,0.0,0.0,2010-06-12,2022-11-10,2010-06-05,2023-10-08,3.0,17.0,3.0,17.0
26421,Ravichandran Ashwin,1986-09-17,39y 285d,India,Bowling Allrounder,Right hand Bat,Right arm Offbreak,2010 - 2024,2021,IPL 2021,DC,13,5.0,2.0,44.0,20.0,14.66,42.0,104.76,0.0,0.0,2.0,1.0,3,0,7.0,7.41,268.0,2/27,2/27,47.28,38.2,0.0,0.0,0.0,2010-06-12,2022-11-10,2010-06-05,2023-10-08,2.0,27.0,2.0,27.0
26421,Ravichandran Ashwin,1986-09-17,39y 285d,India,Bowling Allrounder,Right hand Bat,Right arm Offbreak,2010 - 2024,2020/21,IPL 2020/21,DC,15,6.0,3.0,37.0,14.0,12.33,34.0,108.82,0.0,0.0,3.0,1.0,2,0,13.0,7.66,306.0,3/29,3/29,30.07,23.5,0.0,0.0,0.0,2010-06-12,2022-11-10,2010-06-05,2023-10-08,3.0,29.0,3.0,29.0
26421,Ravichandran Ashwin,1986-09-17,39y 285d,India,Bowling Allrounder,Right hand Bat,Right arm Offbreak,2010 - 2024,2019,IPL 2019,PBKS,14,6.0,1.0,42.0,17.0,8.4,28.0,150.0,0.0,0.0,3.0,3.0,4,0,15.0,7.27,330.0,3/23,3/23,26.66,22.0,0.0,0.0,0.0,2010-06-12,2022-11-10,2010-06-05,2023-10-08,3.0,23.0,3.0,23.0
26421,Ravichandran Ashwin,1986-09-17,39y 285d,India,Bowling Allrounder,Right hand Bat,Right arm Offbreak,2010 - 2024,2018,IPL 2018,PBKS,14,9.0,1.0,102.0,45.0,12.75,71.0,143.66,0.0,0.0,7.0,5.0,5,0,10.0,8.09,304.0,2/18,2/18,41.0,30.4,0.0,0.0,0.0,2010-06-12,2022-11-10,2010-06-05,2023-10-08,2.0,18.0,2.0,18.0
26421,Ravichandran Ashwin,1986-09-17,39y 285d,India,Bowling Allrounder,Right hand Bat,Right arm Offbreak,2010 - 2024,2016,IPL 2016,RPS,14,6.0,4.0,41.0,29.0,20.5,38.0,107.89,0.0,0.0,3.0,1.0,3,0,10.0,7.25,264.0,4/34,4/34,31.9,26.4,1.0,0.0,0.0,2010-06-12,2022-11-10,2010-06-05,2023-10-08,4.0,34.0,4.0,34.0
26421,Ravichandran Ashwin,1986-09-17,39y 285d,India,Bowling Allrounder,Right hand Bat,Right arm Offbreak,2010 - 2024,2015,IPL 2015,CSK,14,6.0,3.0,52.0,23.0,17.33,32.0,162.5,0.0,0.0,6.0,1.0,3,0,10.0,5.84,234.0,2/5,2/5,22.8,23.4,0.0,0.0,0.0,2010-06-12,2022-11-10,2010-06-05,2023-10-08,2.0,5.0,2.0,5.0
26421,Ravichandran Ashwin,1986-09-17,39y 285d,India,Bowling Allrounder,Right hand Bat,Right arm Offbreak,2010 - 2024,2014,IPL 2014,CSK,16,6.0,3.0,45.0,14.0,15.0,45.0,100.0,0.0,0.0,4.0,0.0,1,0,16.0,7.3,359.0,3/30,3/30,27.31,22.4,0.0,0.0,0.0,2010-06-12,2022-11-10,2010-06-05,2023-10-08,3.0,30.0,3.0,30.0
26421,Ravichandran Ashwin,1986-09-17,39y 285d,India,Bowling Allrounder,Right hand Bat,Right arm Offbreak,2010 - 2024,2013,IPL 2013,CSK,18,5.0,1.0,35.0,11.0,8.75,49.0,71.42,0.0,0.0,4.0,0.0,4,0,15.0,6.72,348.0,2/18,2/18,26.0,23.2,0.0,0.0,0.0,2010-06-12,2022-11-10,2010-06-05,2023-10-08,2.0,18.0,2.0,18.0
26421,Ravichandran Ashwin,1986-09-17,39y 285d,India,Bowling Allrounder,Right hand Bat,Right arm Offbreak,2010 - 2024,2012,IPL 2012,CSK,19,5.0,2.0,18.0,8.0,6.0,15.0,120.0,0.0,0.0,2.0,0.0,5,0,14.0,6.54,395.0,3/23,3/23,30.78,28.2,0.0,0.0,0.0,2010-06-12,2022-11-10,2010-06-05,2023-10-08,3.0,23.0,3.0,23.0
26421,Ravichandran Ashwin,1986-09-17,39y 285d,India,Bowling Allrounder,Right hand Bat,Right arm Offbreak,2010 - 2024,2011,IPL 2011,CSK,16,2.0,0.0,2.0,2.0,1.0,6.0,33.33,0.0,0.0,0.0,0.0,4,0,20.0,6.15,378.0,3/16,3/16,19.4,18.9,0.0,0.0,0.0,2010-06-12,2022-11-10,2010-06-05,2023-10-08,3.0,16.0,3.0,16.0
26421,Ravichandran Ashwin,1986-09-17,39y 285d,India,Bowling Allrounder,Right hand Bat,Right arm Offbreak,2010 - 2024,2009/10,IPL 2009/10,CSK,12,6.0,2.0,30.0,11.0,7.5,40.0,75.0,0.0,0.0,2.0,0.0,1,0,13.0,6.1,288.0,3/16,3/16,22.53,22.1,0.0,0.0,0.0,2010-06-12,2022-11-10,2010-06-05,2023-10-08,3.0,16.0,3.0,16.0
26421,Ravichandran Ashwin,1986-09-17,39y 285d,India,Bowling Allrounder,Right hand Bat,Right arm Offbreak,2010 - 2024,2009,IPL 2009,CSK,2,1.0,0.0,8.0,8.0,8.0,15.0,53.33,0.0,0.0,1.0,0.0,2,0,2.0,3.25,24.0,2/13,2/13,6.5,12.0,0.0,0.0,0.0,2010-06-12,2022-11-10,2010-06-05,2023-10-08,2.0,13.0,2.0,13.0
234675,Ravindrasinh Anirudhsinh Jadeja,1988-12-06,37y 205d,India,Allrounder,Left hand Bat,Slow Left arm Orthodox,2009 - 2026,2026,IPL 2026,RR,14,11.0,7.0,266.0,45.0,66.5,197.0,135.02,0.0,0.0,24.0,5.0,1,0,10.0,8.39,198.0,2/8,2/8,27.7,19.8,0.0,0.0,0.0,2009-02-10,2024-06-29,2009-02-08,2026-01-18,2.0,8.0,2.0,8.0
234675,Ravindrasinh Anirudhsinh Jadeja,1988-12-06,37y 205d,India,Allrounder,Left hand Bat,Slow Left arm Orthodox,2009 - 2026,2025,IPL 2025,CSK,14,14.0,5.0,301.0,77.0,33.44,222.0,135.58,0.0,2.0,25.0,10.0,6,0,10.0,8.56,227.0,2/17,2/17,32.4,22.7,0.0,0.0,0.0,2009-02-10,2024-06-29,2009-02-08,2026-01-18,2.0,17.0,2.0,17.0
234675,Ravindrasinh Anirudhsinh Jadeja,1988-12-06,37y 205d,India,Allrounder,Left hand Bat,Slow Left arm Orthodox,2009 - 2026,2024,IPL 2024,CSK,14,11.0,5.0,267.0,57.0,44.5,187.0,142.78,0.0,1.0,22.0,8.0,6,0,8.0,7.85,282.0,3/18,3/18,46.12,35.2,0.0,0.0,0.0,2009-02-10,2024-06-29,2009-02-08,2026-01-18,3.0,18.0,3.0,18.0
234675,Ravindrasinh Anirudhsinh Jadeja,1988-12-06,37y 205d,India,Allrounder,Left hand Bat,Slow Left arm Orthodox,2009 - 2026,2023,IPL 2023,CSK,16,12.0,4.0,190.0,25.0,23.75,133.0,142.85,0.0,0.0,11.0,9.0,9,0,20.0,7.56,342.0,3/20,3/20,21.55,17.1,0.0,0.0,0.0,2009-02-10,2024-06-29,2009-02-08,2026-01-18,3.0,20.0,3.0,20.0
234675,Ravindrasinh Anirudhsinh Jadeja,1988-12-06,37y 205d,India,Allrounder,Left hand Bat,Slow Left arm Orthodox,2009 - 2026,2022,IPL 2022,CSK,10,10.0,4.0,116.0,26.0,19.33,98.0,118.36,0.0,0.0,6.0,5.0,7,0,5.0,7.51,198.0,3/39,3/39,49.6,39.6,0.0,0.0,0.0,2009-02-10,2024-06-29,2009-02-08,2026-01-18,3.0,39.0,3.0,39.0
234675,Ravindrasinh Anirudhsinh Jadeja,1988-12-06,37y 205d,India,Allrounder,Left hand Bat,Slow Left arm Orthodox,2009 - 2026,2021,IPL 2021,CSK,16,12.0,9.0,227.0,62.0,75.66,156.0,145.51,0.0,1.0,19.0,9.0,13,0,13.0,7.06,294.0,3/13,3/13,26.61,22.6,0.0,0.0,0.0,2009-02-10,2024-06-29,2009-02-08,2026-01-18,3.0,13.0,3.0,13.0
234675,Ravindrasinh Anirudhsinh Jadeja,1988-12-06,37y 205d,India,Allrounder,Left hand Bat,Slow Left arm Orthodox,2009 - 2026,2020/21,IPL 2020/21,CSK,14,11.0,6.0,232.0,50.0,46.4,135.0,171.85,0.0,1.0,22.0,11.0,5,0,6.0,8.75,218.0,2/42,2/42,53.0,36.3,0.0,0.0,0.0,2009-02-10,2024-06-29,2009-02-08,2026-01-18,2.0,42.0,2.0,42.0
234675,Ravindrasinh Anirudhsinh Jadeja,1988-12-06,37y 205d,India,Allrounder,Left hand Bat,Slow Left arm Orthodox,2009 - 2026,2019,IPL 2019,CSK,16,9.0,6.0,106.0,31.0,35.33,88.0,120.45,0.0,0.0,7.0,4.0,9,0,15.0,6.35,324.0,3/9,3/9,22.86,21.6,0.0,0.0,0.0,2009-02-10,2024-06-29,2009-02-08,2026-01-18,3.0,9.0,3.0,9.0
234675,Ravindrasinh Anirudhsinh Jadeja,1988-12-06,37y 205d,India,Allrounder,Left hand Bat,Slow Left arm Orthodox,2009 - 2026,2018,IPL 2018,CSK,16,10.0,5.0,89.0,27.0,17.8,74.0,120.27,0.0,0.0,3.0,4.0,11,0,11.0,7.39,246.0,3/18,3/18,27.54,22.3,0.0,0.0,0.0,2009-02-10,2024-06-29,2009-02-08,2026-01-18,3.0,18.0,3.0,18.0
234675,Ravindrasinh Anirudhsinh Jadeja,1988-12-06,37y 205d,India,Allrounder,Left hand Bat,Slow Left arm Orthodox,2009 - 2026,2017,IPL 2017,GL,12,10.0,6.0,158.0,28.0,39.5,113.0,139.82,0.0,0.0,13.0,4.0,2,0,5.0,9.18,228.0,2/28,2/28,69.8,45.6,0.0,0.0,0.0,2009-02-10,2024-06-29,2009-02-08,2026-01-18,2.0,28.0,2.0,28.0
234675,Ravindrasinh Anirudhsinh Jadeja,1988-12-06,37y 205d,India,Allrounder,Left hand Bat,Slow Left arm Orthodox,2009 - 2026,2016,IPL 2016,GL,15,15.0,6.0,191.0,36.0,21.22,177.0,107.9,0.0,0.0,14.0,4.0,4,0,8.0,7.74,241.0,2/18,2/18,38.87,30.1,0.0,0.0,0.0,2009-02-10,2024-06-29,2009-02-08,2026-01-18,2.0,18.0,2.0,18.0
234675,Ravindrasinh Anirudhsinh Jadeja,1988-12-06,37y 205d,India,Allrounder,Left hand Bat,Slow Left arm Orthodox,2009 - 2026,2015,IPL 2015,CSK,17,12.0,5.0,132.0,24.0,18.85,126.0,104.76,0.0,0.0,7.0,3.0,13,0,11.0,7.73,256.0,4/11,4/11,30.0,23.2,1.0,0.0,0.0,2009-02-10,2024-06-29,2009-02-08,2026-01-18,4.0,11.0,4.0,11.0
234675,Ravindrasinh Anirudhsinh Jadeja,1988-12-06,37y 205d,India,Allrounder,Left hand Bat,Slow Left arm Orthodox,2009 - 2026,2014,IPL 2014,CSK,16,10.0,5.0,146.0,36.0,29.2,110.0,132.72,0.0,0.0,9.0,5.0,4,0,19.0,8.15,326.0,4/12,4/12,23.31,17.1,2.0,0.0,0.0,2009-02-10,2024-06-29,2009-02-08,2026-01-18,4.0,12.0,4.0,12.0
234675,Ravindrasinh Anirudhsinh Jadeja,1988-12-06,37y 205d,India,Allrounder,Left hand Bat,Slow Left arm Orthodox,2009 - 2026,2013,IPL 2013,CSK,18,14.0,6.0,201.0,38.0,25.12,135.0,148.88,0.0,0.0,17.0,6.0,6,0,13.0,7.48,259.0,3/20,3/20,24.84,19.9,0.0,0.0,0.0,2009-02-10,2024-06-29,2009-02-08,2026-01-18,3.0,20.0,3.0,20.0
234675,Ravindrasinh Anirudhsinh Jadeja,1988-12-06,37y 205d,India,Allrounder,Left hand Bat,Slow Left arm Orthodox,2009 - 2026,2012,IPL 2012,CSK,19,14.0,2.0,191.0,48.0,15.91,151.0,126.49,0.0,0.0,13.0,9.0,2,0,12.0,7.8,210.0,5/16,5/16,22.75,17.5,0.0,1.0,0.0,2009-02-10,2024-06-29,2009-02-08,2026-01-18,5.0,16.0,5.0,16.0
234675,Ravindrasinh Anirudhsinh Jadeja,1988-12-06,37y 205d,India,Allrounder,Left hand Bat,Slow Left arm Orthodox,2009 - 2026,2011,IPL 2011,Kochi,14,12.0,3.0,283.0,47.0,31.44,228.0,124.12,0.0,0.0,20.0,14.0,1,0,8.0,7.26,252.0,2/25,2/25,38.12,31.5,0.0,0.0,0.0,2009-02-10,2024-06-29,2009-02-08,2026-01-18,2.0,25.0,2.0,25.0
234675,Ravindrasinh Anirudhsinh Jadeja,1988-12-06,37y 205d,India,Allrounder,Left hand Bat,Slow Left arm Orthodox,2009 - 2026,2009,IPL 2009,RR,13,13.0,2.0,295.0,42.0,26.81,266.0,110.9,0.0,0.0,21.0,6.0,4,0,6.0,6.47,140.0,3/15,3/15,25.16,23.3,0.0,0.0,0.0,2009-02-10,2024-06-29,2009-02-08,2026-01-18,3.0,15.0,3.0,15.0
234675,Ravindrasinh Anirudhsinh Jadeja,1988-12-06,37y 205d,India,Allrounder,Left hand Bat,Slow Left arm Orthodox,2009 - 2026,2007/08,IPL 2007/08,RR,14,9.0,2.0,135.0,36.0,19.28,103.0,131.06,0.0,0.0,11.0,6.0,7,0,0.0,9.69,13.0,,,,,0.0,0.0,0.0,2009-02-10,2024-06-29,2009-02-08,2026-01-18,,,,
473191,Richard James Gleeson,1987-12-02,38y 209d,England,Bowler,Right hand Bat,Right arm Fast medium,2022 - 2022,2025,IPL 2025,MI,1,,,,,,,,,,,,0,0,1.0,11.14,21.0,1/39,1/39,39.0,21.0,0.0,0.0,0.0,2022-07-09,2022-09-30,,,1.0,39.0,1.0,39.0
473191,Richard James Gleeson,1987-12-02,38y 209d,England,Bowler,Right hand Bat,Right arm Fast medium,2022 - 2022,2024,IPL 2024,CSK,2,1.0,1.0,2.0,2.0,,2.0,100.0,0.0,0.0,0.0,0.0,0,0,1.0,9.06,47.0,1/30,1/30,71.0,47.0,0.0,0.0,0.0,2022-07-09,2022-09-30,,,1.0,30.0,1.0,30.0
35582,Robin Venu Uthappa,1985-11-11,40y 230d,India,Batter,Right hand Bat,Right arm Medium,2006 - 2015,2022,IPL 2022,CSK,12,11.0,0.0,230.0,88.0,20.9,171.0,134.5,0.0,2.0,19.0,14.0,5,0,,,,,,,,,,,2007-09-13,2015-07-19,2006-04-15,2015-07-14,,,,
35582,Robin Venu Uthappa,1985-11-11,40y 230d,India,Batter,Right hand Bat,Right arm Medium,2006 - 2015,2021,IPL 2021,CSK,4,4.0,0.0,115.0,63.0,28.75,84.0,136.9,0.0,1.0,8.0,5.0,0,0,,,,,,,,,,,2007-09-13,2015-07-19,2006-04-15,2015-07-14,,,,
35582,Robin Venu Uthappa,1985-11-11,40y 230d,India,Batter,Right hand Bat,Right arm Medium,2006 - 2015,2020/21,IPL 2020/21,RR,12,12.0,0.0,196.0,41.0,16.33,164.0,119.51,0.0,0.0,19.0,7.0,3,0,,,,,,,,,,,2007-09-13,2015-07-19,2006-04-15,2015-07-14,,,,
35582,Robin Venu Uthappa,1985-11-11,40y 230d,India,Batter,Right hand Bat,Right arm Medium,2006 - 2015,2019,IPL 2019,KKR,12,11.0,2.0,282.0,67.0,31.33,245.0,115.1,0.0,1.0,28.0,10.0,4,0,,,,,,,,,,,2007-09-13,2015-07-19,2006-04-15,2015-07-14,,,,
35582,Robin Venu Uthappa,1985-11-11,40y 230d,India,Batter,Right hand Bat,Right arm Medium,2006 - 2015,2018,IPL 2018,KKR,16,16.0,0.0,351.0,54.0,21.93,265.0,132.45,0.0,1.0,30.0,21.0,5,0,,,,,,,,,,,2007-09-13,2015-07-19,2006-04-15,2015-07-14,,,,
35582,Robin Venu Uthappa,1985-11-11,40y 230d,India,Batter,Right hand Bat,Right arm Medium,2006 - 2015,2017,IPL 2017,KKR,14,13.0,0.0,388.0,87.0,29.84,235.0,165.1,0.0,5.0,36.0,21.0,9,6,,,,,,,,,,,2007-09-13,2015-07-19,2006-04-15,2015-07-14,,,,
35582,Robin Venu Uthappa,1985-11-11,40y 230d,India,Batter,Right hand Bat,Right arm Medium,2006 - 2015,2016,IPL 2016,KKR,15,15.0,0.0,394.0,72.0,26.26,289.0,136.33,0.0,3.0,45.0,8.0,10,4,,,,,,,,,,,2007-09-13,2015-07-19,2006-04-15,2015-07-14,,,,
35582,Robin Venu Uthappa,1985-11-11,40y 230d,India,Batter,Right hand Bat,Right arm Medium,2006 - 2015,2015,IPL 2015,KKR,13,13.0,1.0,364.0,80.0,30.33,277.0,131.4,0.0,1.0,42.0,7.0,7,5,,,,,,,,,,,2007-09-13,2015-07-19,2006-04-15,2015-07-14,,,,
35582,Robin Venu Uthappa,1985-11-11,40y 230d,India,Batter,Right hand Bat,Right arm Medium,2006 - 2015,2014,IPL 2014,KKR,16,16.0,1.0,660.0,83.0,44.0,479.0,137.78,0.0,5.0,74.0,18.0,1,7,,,,,,,,,,,2007-09-13,2015-07-19,2006-04-15,2015-07-14,,,,
35582,Robin Venu Uthappa,1985-11-11,40y 230d,India,Batter,Right hand Bat,Right arm Medium,2006 - 2015,2013,IPL 2013,PWI,16,16.0,0.0,434.0,75.0,27.12,371.0,116.98,0.0,2.0,42.0,12.0,7,0,,,,,,,,,,,2007-09-13,2015-07-19,2006-04-15,2015-07-14,,,,
35582,Robin Venu Uthappa,1985-11-11,40y 230d,India,Batter,Right hand Bat,Right arm Medium,2006 - 2015,2012,IPL 2012,PWI,16,16.0,1.0,405.0,69.0,27.0,343.0,118.07,0.0,2.0,38.0,10.0,6,3,,,,,,,,,,,2007-09-13,2015-07-19,2006-04-15,2015-07-14,,,,
35582,Robin Venu Uthappa,1985-11-11,40y 230d,India,Batter,Right hand Bat,Right arm Medium,2006 - 2015,2011,IPL 2011,PWI,14,13.0,3.0,264.0,45.0,26.4,209.0,126.31,0.0,0.0,27.0,10.0,12,3,,,,,,,,,,,2007-09-13,2015-07-19,2006-04-15,2015-07-14,,,,
35582,Robin Venu Uthappa,1985-11-11,40y 230d,India,Batter,Right hand Bat,Right arm Medium,2006 - 2015,2009/10,IPL 2009/10,RCB,16,14.0,2.0,374.0,68.0,31.16,218.0,171.55,0.0,3.0,21.0,27.0,7,3,,,,,,,,,,,2007-09-13,2015-07-19,2006-04-15,2015-07-14,,,,
35582,Robin Venu Uthappa,1985-11-11,40y 230d,India,Batter,Right hand Bat,Right arm Medium,2006 - 2015,2009,IPL 2009,RCB,15,13.0,2.0,175.0,66.0,15.9,170.0,102.94,0.0,1.0,18.0,3.0,7,1,,,,,,,,,,,2007-09-13,2015-07-19,2006-04-15,2015-07-14,,,,
35582,Robin Venu Uthappa,1985-11-11,40y 230d,India,Batter,Right hand Bat,Right arm Medium,2006 - 2015,2007/08,IPL 2007/08,MI,14,14.0,5.0,320.0,48.0,35.55,279.0,114.69,0.0,0.0,34.0,9.0,9,0,,,,,,,,,,,2007-09-13,2015-07-19,2006-04-15,2015-07-14,,,,
424219,Ronit Gajanan More,1992-02-02,34y 147d,India,Bowler,Right hand Bat,Right arm Medium,,2015,IPL 2015,CSK,2,1.0,1.0,2.0,2.0,,2.0,100.0,0.0,0.0,0.0,0.0,1,0,1.0,10.11,35.0,1/31,1/31,59.0,35.0,0.0,0.0,0.0,,,,,1.0,31.0,1.0,31.0
1060380,Ruturaj Dashrat Gaikwad,1997-01-31,29y 149d,India,Batter,Right hand Bat,Right arm Offbreak,2021 - 2025,2026,IPL 2026,CSK,14,14.0,2.0,337.0,74.0,28.08,273.0,123.44,0.0,2.0,29.0,12.0,5,0,,,,,,,,,,,2021-07-28,2024-07-13,2022-10-06,2025-12-06,,,,
1060380,Ruturaj Dashrat Gaikwad,1997-01-31,29y 149d,India,Batter,Right hand Bat,Right arm Offbreak,2021 - 2025,2025,IPL 2025,CSK,5,5.0,0.0,122.0,63.0,24.4,81.0,150.61,0.0,2.0,14.0,4.0,3,0,,,,,,,,,,,2021-07-28,2024-07-13,2022-10-06,2025-12-06,,,,
1060380,Ruturaj Dashrat Gaikwad,1997-01-31,29y 149d,India,Batter,Right hand Bat,Right arm Offbreak,2021 - 2025,2024,IPL 2024,CSK,14,14.0,3.0,583.0,108.0,53.0,413.0,141.16,1.0,4.0,58.0,18.0,5,0,,,,,,,,,,,2021-07-28,2024-07-13,2022-10-06,2025-12-06,,,,
1060380,Ruturaj Dashrat Gaikwad,1997-01-31,29y 149d,India,Batter,Right hand Bat,Right arm Offbreak,2021 - 2025,2023,IPL 2023,CSK,16,15.0,1.0,590.0,92.0,42.14,400.0,147.5,0.0,4.0,46.0,30.0,17,0,,,,,,,,,,,2021-07-28,2024-07-13,2022-10-06,2025-12-06,,,,
1060380,Ruturaj Dashrat Gaikwad,1997-01-31,29y 149d,India,Batter,Right hand Bat,Right arm Offbreak,2021 - 2025,2022,IPL 2022,CSK,14,14.0,0.0,368.0,99.0,26.28,291.0,126.46,0.0,3.0,33.0,14.0,4,0,,,,,,,,,,,2021-07-28,2024-07-13,2022-10-06,2025-12-06,,,,
1060380,Ruturaj Dashrat Gaikwad,1997-01-31,29y 149d,India,Batter,Right hand Bat,Right arm Offbreak,2021 - 2025,2021,IPL 2021,CSK,16,16.0,2.0,635.0,101.0,45.35,466.0,136.26,1.0,4.0,64.0,23.0,6,0,,,,,,,,,,,2021-07-28,2024-07-13,2022-10-06,2025-12-06,,,,
1060380,Ruturaj Dashrat Gaikwad,1997-01-31,29y 149d,India,Batter,Right hand Bat,Right arm Offbreak,2021 - 2025,2020/21,IPL 2020/21,CSK,6,6.0,2.0,204.0,72.0,51.0,169.0,120.71,0.0,3.0,16.0,6.0,4,0,,,,,,,,,,,2021-07-28,2024-07-13,2022-10-06,2025-12-06,,,,
26806,Subramaniam Badrinath,1980-08-30,45y 303d,India,Middle order Batter,Right hand Bat,Right arm Offbreak,2008 - 2011,2013,IPL 2013,CSK,18,8.0,1.0,124.0,34.0,17.71,121.0,102.47,0.0,0.0,11.0,0.0,1,0,,,,,,,,,,,2010-02-06,2010-02-14,2008-08-20,2011-06-13,,,,
26806,Subramaniam Badrinath,1980-08-30,45y 303d,India,Middle order Batter,Right hand Bat,Right arm Offbreak,2008 - 2011,2012,IPL 2012,CSK,15,9.0,2.0,196.0,57.0,28.0,181.0,108.28,0.0,1.0,23.0,2.0,3,0,,,,,,,,,,,2010-02-06,2010-02-14,2008-08-20,2011-06-13,,,,
26806,Subramaniam Badrinath,1980-08-30,45y 303d,India,Middle order Batter,Right hand Bat,Right arm Offbreak,2008 - 2011,2011,IPL 2011,CSK,16,13.0,6.0,396.0,71.0,56.57,313.0,126.51,0.0,5.0,38.0,9.0,1,0,,,,,,,,,,,2010-02-06,2010-02-14,2008-08-20,2011-06-13,,,,
26806,Subramaniam Badrinath,1980-08-30,45y 303d,India,Middle order Batter,Right hand Bat,Right arm Offbreak,2008 - 2011,2009/10,IPL 2009/10,CSK,16,15.0,4.0,356.0,55.0,32.36,303.0,117.49,0.0,2.0,41.0,5.0,1,0,,,,,,,,,,,2010-02-06,2010-02-14,2008-08-20,2011-06-13,,,,
26806,Subramaniam Badrinath,1980-08-30,45y 303d,India,Middle order Batter,Right hand Bat,Right arm Offbreak,2008 - 2011,2009,IPL 2009,CSK,14,11.0,2.0,177.0,59.0,19.66,164.0,107.92,0.0,1.0,20.0,4.0,5,0,,,,,,,,,,,2010-02-06,2010-02-14,2008-08-20,2011-06-13,,,,
26806,Subramaniam Badrinath,1980-08-30,45y 303d,India,Middle order Batter,Right hand Bat,Right arm Offbreak,2008 - 2011,2007/08,IPL 2007/08,CSK,16,11.0,5.0,192.0,64.0,32.0,130.0,147.69,0.0,2.0,21.0,8.0,5,0,,,,,,,,,,,2010-02-06,2010-02-14,2008-08-20,2011-06-13,,,,
297628,Samuel William Billings,1991-06-15,35y 14d,England,Wicketkeeper Batter,Right hand Bat,,2015 - 2022,2022,IPL 2022,KKR,8,8.0,1.0,169.0,36.0,24.14,138.0,122.46,0.0,0.0,9.0,10.0,6,1,,,,,,,,,,,2015-06-23,2022-01-30,2015-06-09,2022-11-22,,,,
297628,Samuel William Billings,1991-06-15,35y 14d,England,Wicketkeeper Batter,Right hand Bat,,2015 - 2022,2019,IPL 2019,CSK,1,1.0,0.0,0.0,0.0,0.0,4.0,0.0,0.0,0.0,0.0,0.0,1,0,,,,,,,,,,,2015-06-23,2022-01-30,2015-06-09,2022-11-22,,,,
297628,Samuel William Billings,1991-06-15,35y 14d,England,Wicketkeeper Batter,Right hand Bat,,2015 - 2022,2018,IPL 2018,CSK,10,8.0,0.0,108.0,56.0,13.5,78.0,138.46,0.0,1.0,8.0,5.0,5,0,,,,,,,,,,,2015-06-23,2022-01-30,2015-06-09,2022-11-22,,,,
297628,Samuel William Billings,1991-06-15,35y 14d,England,Wicketkeeper Batter,Right hand Bat,,2015 - 2022,2017,IPL 2017,DC,6,6.0,0.0,138.0,55.0,23.0,104.0,132.69,0.0,1.0,19.0,1.0,4,0,,,,,,,,,,,2015-06-23,2022-01-30,2015-06-09,2022-11-22,,,,
297628,Samuel William Billings,1991-06-15,35y 14d,England,Wicketkeeper Batter,Right hand Bat,,2015 - 2022,2016,IPL 2016,DC,5,4.0,0.0,88.0,54.0,22.0,64.0,137.5,0.0,1.0,4.0,4.0,3,0,,,,,,,,,,,2015-06-23,2022-01-30,2015-06-09,2022-11-22,,,,
662973,Samuel Matthew Curran,1998-06-03,28y 26d,England,Allrounder,Left hand Bat,Left arm Medium fast,2018 - 2026,2025,IPL 2025,CSK,5,5.0,0.0,114.0,88.0,22.8,84.0,135.71,0.0,1.0,11.0,4.0,3,0,1.0,11.08,72.0,1/34,1/34,133.0,72.0,0.0,0.0,0.0,2019-11-01,2026-03-05,2018-06-24,2026-01-27,1.0,34.0,1.0,34.0
662973,Samuel Matthew Curran,1998-06-03,28y 26d,England,Allrounder,Left hand Bat,Left arm Medium fast,2018 - 2026,2024,IPL 2024,PBKS,13,12.0,2.0,270.0,63.0,27.0,219.0,123.28,0.0,2.0,24.0,6.0,7,0,16.0,10.14,246.0,3/28,3/28,26.0,15.3,0.0,0.0,0.0,2019-11-01,2026-03-05,2018-06-24,2026-01-27,3.0,28.0,3.0,28.0
662973,Samuel Matthew Curran,1998-06-03,28y 26d,England,Allrounder,Left hand Bat,Left arm Medium fast,2018 - 2026,2023,IPL 2023,PBKS,14,13.0,3.0,276.0,55.0,27.6,203.0,135.96,0.0,1.0,20.0,13.0,5,0,10.0,10.22,287.0,3/31,3/31,48.9,28.7,0.0,0.0,0.0,2019-11-01,2026-03-05,2018-06-24,2026-01-27,3.0,31.0,3.0,31.0
662973,Samuel Matthew Curran,1998-06-03,28y 26d,England,Allrounder,Left hand Bat,Left arm Medium fast,2018 - 2026,2021,IPL 2021,CSK,9,4.0,1.0,56.0,34.0,18.66,29.0,193.1,0.0,0.0,5.0,3.0,1,0,9.0,9.93,198.0,3/34,3/34,36.44,22.0,0.0,0.0,0.0,2019-11-01,2026-03-05,2018-06-24,2026-01-27,3.0,34.0,3.0,34.0
662973,Samuel Matthew Curran,1998-06-03,28y 26d,England,Allrounder,Left hand Bat,Left arm Medium fast,2018 - 2026,2020/21,IPL 2020/21,CSK,14,11.0,3.0,186.0,52.0,23.25,141.0,131.91,0.0,1.0,12.0,12.0,7,0,13.0,8.19,252.0,3/19,3/19,26.46,19.3,0.0,0.0,0.0,2019-11-01,2026-03-05,2018-06-24,2026-01-27,3.0,19.0,3.0,19.0
662973,Samuel Matthew Curran,1998-06-03,28y 26d,England,Allrounder,Left hand Bat,Left arm Medium fast,2018 - 2026,2019,IPL 2019,PBKS,9,8.0,4.0,95.0,55.0,23.75,55.0,172.72,0.0,1.0,13.0,3.0,2,0,10.0,9.78,198.0,4/11,4/11,32.3,19.8,1.0,0.0,0.0,2019-11-01,2026-03-05,2018-06-24,2026-01-27,4.0,11.0,4.0,11.0
1175489,Sameer Rizvi,2003-12-06,22y 205d,India,Allrounder,Right hand Bat,Right arm Offbreak,,2026,IPL 2026,DC,11,9.0,2.0,252.0,90.0,36.0,171.0,147.36,0.0,2.0,15.0,17.0,3,0,,,,,,,,,,,,,,,,,,
1175489,Sameer Rizvi,2003-12-06,22y 205d,India,Allrounder,Right hand Bat,Right arm Offbreak,,2025,IPL 2025,DC,5,4.0,1.0,121.0,58.0,40.33,79.0,153.16,0.0,1.0,11.0,7.0,2,0,,,,,,,,,,,,,,,,,,
1175489,Sameer Rizvi,2003-12-06,22y 205d,India,Allrounder,Right hand Bat,Right arm Offbreak,,2024,IPL 2024,CSK,8,5.0,1.0,51.0,21.0,12.75,43.0,118.6,0.0,0.0,4.0,2.0,1,0,,,,,,,,,,,,,,,,,,
51433,Samuel Badree,1981-03-09,45y 112d,West Indies,Bowler,Right hand Bat,Legbreak,2012 - 2018,2017,IPL 2017,RCB,7,5.0,0.0,13.0,8.0,2.6,23.0,56.52,0.0,0.0,0.0,0.0,2,0,9.0,7.52,150.0,4/9,4/9,20.88,16.6,1.0,0.0,0.0,2012-06-30,2018-08-05,,,4.0,9.0,4.0,9.0
51433,Samuel Badree,1981-03-09,45y 112d,West Indies,Bowler,Right hand Bat,Legbreak,2012 - 2018,2014,IPL 2014,CSK,4,,,,,,,,,,,,0,0,2.0,6.92,84.0,1/19,1/19,48.5,42.0,0.0,0.0,0.0,2012-06-30,2018-08-05,,,1.0,19.0,1.0,19.0
51433,Samuel Badree,1981-03-09,45y 112d,West Indies,Bowler,Right hand Bat,Legbreak,2012 - 2018,2013,IPL 2013,RR,1,,,,,,,,,,,,0,0,0.0,8.5,24.0,,,,,0.0,0.0,0.0,2012-06-30,2018-08-05,,,,,,
425943,Sanju Viswanath Samson,1994-11-11,31y 230d,India,Wicketkeeper Batter,Right hand Bat,,2014 - 2026,2026,IPL 2026,CSK,14,14.0,3.0,477.0,115.0,43.36,288.0,165.62,2.0,1.0,53.0,24.0,4,2,,,,,,,,,,,2015-07-19,2026-06-28,2021-07-23,2023-12-21,,,,
425943,Sanju Viswanath Samson,1994-11-11,31y 230d,India,Wicketkeeper Batter,Right hand Bat,,2014 - 2026,2025,IPL 2025,RR,9,9.0,1.0,285.0,66.0,35.62,203.0,140.39,0.0,1.0,27.0,13.0,4,1,,,,,,,,,,,2015-07-19,2026-06-28,2021-07-23,2023-12-21,,,,
425943,Sanju Viswanath Samson,1994-11-11,31y 230d,India,Wicketkeeper Batter,Right hand Bat,,2014 - 2026,2024,IPL 2024,RR,16,15.0,4.0,531.0,86.0,48.27,346.0,153.46,0.0,5.0,48.0,24.0,6,1,,,,,,,,,,,2015-07-19,2026-06-28,2021-07-23,2023-12-21,,,,
425943,Sanju Viswanath Samson,1994-11-11,31y 230d,India,Wicketkeeper Batter,Right hand Bat,,2014 - 2026,2023,IPL 2023,RR,14,14.0,2.0,362.0,66.0,30.16,236.0,153.38,0.0,3.0,25.0,24.0,3,3,,,,,,,,,,,2015-07-19,2026-06-28,2021-07-23,2023-12-21,,,,
425943,Sanju Viswanath Samson,1994-11-11,31y 230d,India,Wicketkeeper Batter,Right hand Bat,,2014 - 2026,2022,IPL 2022,RR,17,17.0,1.0,458.0,55.0,28.62,312.0,146.79,0.0,2.0,43.0,26.0,14,2,,,,,,,,,,,2015-07-19,2026-06-28,2021-07-23,2023-12-21,,,,
425943,Sanju Viswanath Samson,1994-11-11,31y 230d,India,Wicketkeeper Batter,Right hand Bat,,2014 - 2026,2021,IPL 2021,RR,14,14.0,2.0,484.0,119.0,40.33,354.0,136.72,1.0,2.0,45.0,17.0,7,4,,,,,,,,,,,2015-07-19,2026-06-28,2021-07-23,2023-12-21,,,,
425943,Sanju Viswanath Samson,1994-11-11,31y 230d,India,Wicketkeeper Batter,Right hand Bat,,2014 - 2026,2020/21,IPL 2020/21,RR,14,14.0,1.0,375.0,85.0,28.84,236.0,158.89,0.0,3.0,21.0,26.0,9,2,,,,,,,,,,,2015-07-19,2026-06-28,2021-07-23,2023-12-21,,,,
425943,Sanju Viswanath Samson,1994-11-11,31y 230d,India,Wicketkeeper Batter,Right hand Bat,,2014 - 2026,2019,IPL 2019,RR,12,12.0,2.0,342.0,102.0,34.2,230.0,148.69,1.0,0.0,28.0,13.0,4,1,,,,,,,,,,,2015-07-19,2026-06-28,2021-07-23,2023-12-21,,,,
425943,Sanju Viswanath Samson,1994-11-11,31y 230d,India,Wicketkeeper Batter,Right hand Bat,,2014 - 2026,2018,IPL 2018,RR,15,15.0,1.0,441.0,92.0,31.5,320.0,137.81,0.0,3.0,30.0,19.0,5,0,,,,,,,,,,,2015-07-19,2026-06-28,2021-07-23,2023-12-21,,,,
425943,Sanju Viswanath Samson,1994-11-11,31y 230d,India,Wicketkeeper Batter,Right hand Bat,,2014 - 2026,2017,IPL 2017,DC,14,14.0,0.0,386.0,102.0,27.57,273.0,141.39,1.0,2.0,32.0,19.0,4,0,,,,,,,,,,,2015-07-19,2026-06-28,2021-07-23,2023-12-21,,,,
425943,Sanju Viswanath Samson,1994-11-11,31y 230d,India,Wicketkeeper Batter,Right hand Bat,,2014 - 2026,2016,IPL 2016,DC,14,14.0,3.0,291.0,60.0,26.45,259.0,112.35,0.0,1.0,20.0,8.0,3,1,,,,,,,,,,,2015-07-19,2026-06-28,2021-07-23,2023-12-21,,,,
425943,Sanju Viswanath Samson,1994-11-11,31y 230d,India,Wicketkeeper Batter,Right hand Bat,,2014 - 2026,2015,IPL 2015,RR,14,11.0,1.0,204.0,76.0,20.4,163.0,125.15,0.0,1.0,16.0,8.0,9,0,,,,,,,,,,,2015-07-19,2026-06-28,2021-07-23,2023-12-21,,,,
425943,Sanju Viswanath Samson,1994-11-11,31y 230d,India,Wicketkeeper Batter,Right hand Bat,,2014 - 2026,2014,IPL 2014,RR,13,13.0,0.0,339.0,74.0,26.07,273.0,124.17,0.0,2.0,25.0,17.0,5,2,,,,,,,,,,,2015-07-19,2026-06-28,2021-07-23,2023-12-21,,,,
425943,Sanju Viswanath Samson,1994-11-11,31y 230d,India,Wicketkeeper Batter,Right hand Bat,,2014 - 2026,2013,IPL 2013,RR,11,10.0,2.0,206.0,63.0,25.75,178.0,115.73,0.0,1.0,19.0,5.0,13,0,,,,,,,,,,,2015-07-19,2026-06-28,2021-07-23,2023-12-21,,,,
642525,Sarfaraz Naushad Khan,1997-10-22,28y 250d,India,Middle order Batter,Right hand Bat,Legbreak,2024 - 2024,2026,IPL 2026,CSK,8,7.0,0.0,161.0,50.0,23.0,95.0,169.47,0.0,1.0,23.0,6.0,4,0,,,,,,,,,,,,,,,,,,
642525,Sarfaraz Naushad Khan,1997-10-22,28y 250d,India,Middle order Batter,Right hand Bat,Legbreak,2024 - 2024,2023,IPL 2023,DC,4,4.0,0.0,53.0,30.0,13.25,62.0,85.48,0.0,0.0,4.0,1.0,2,0,,,,,,,,,,,,,,,,,,
642525,Sarfaraz Naushad Khan,1997-10-22,28y 250d,India,Middle order Batter,Right hand Bat,Legbreak,2024 - 2024,2022,IPL 2022,DC,6,5.0,2.0,91.0,36.0,30.33,67.0,135.82,0.0,0.0,9.0,2.0,2,0,,,,,,,,,,,,,,,,,,
642525,Sarfaraz Naushad Khan,1997-10-22,28y 250d,India,Middle order Batter,Right hand Bat,Legbreak,2024 - 2024,2021,IPL 2021,PBKS,2,2.0,0.0,0.0,0.0,0.0,4.0,0.0,0.0,0.0,0.0,0.0,2,0,,,,,,,,,,,,,,,,,,
642525,Sarfaraz Naushad Khan,1997-10-22,28y 250d,India,Middle order Batter,Right hand Bat,Legbreak,2024 - 2024,2020/21,IPL 2020/21,PBKS,5,3.0,1.0,33.0,14.0,16.5,29.0,113.79,0.0,0.0,5.0,0.0,2,0,,,,,,,,,,,,,,,,,,
642525,Sarfaraz Naushad Khan,1997-10-22,28y 250d,India,Middle order Batter,Right hand Bat,Legbreak,2024 - 2024,2019,IPL 2019,PBKS,8,5.0,1.0,180.0,67.0,45.0,143.0,125.87,0.0,1.0,19.0,4.0,0,0,0.0,18.0,2.0,,,,,0.0,0.0,0.0,,,,,,,,
642525,Sarfaraz Naushad Khan,1997-10-22,28y 250d,India,Middle order Batter,Right hand Bat,Legbreak,2024 - 2024,2018,IPL 2018,RCB,7,6.0,1.0,51.0,22.0,10.2,41.0,124.39,0.0,0.0,7.0,1.0,2,0,,,,,,,,,,,,,,,,,,
642525,Sarfaraz Naushad Khan,1997-10-22,28y 250d,India,Middle order Batter,Right hand Bat,Legbreak,2024 - 2024,2016,IPL 2016,RCB,5,4.0,2.0,66.0,35.0,33.0,31.0,212.9,0.0,0.0,7.0,4.0,0,0,,,,,,,,,,,,,,,,,,
642525,Sarfaraz Naushad Khan,1997-10-22,28y 250d,India,Middle order Batter,Right hand Bat,Legbreak,2024 - 2024,2015,IPL 2015,RCB,13,8.0,4.0,111.0,45.0,27.75,71.0,156.33,0.0,0.0,12.0,2.0,0,0,,,,,,,,,,,,,,,,,,
539548,Scott Christopher Kuggeleijn,1992-01-03,34y 177d,New Zealand,Bowling Allrounder,Right hand Bat,Right arm Fast medium,2017 - 2024,2019,IPL 2019,CSK,2,,,,,,,,,,,,0,0,2.0,8.87,48.0,2/37,2/37,35.5,24.0,0.0,0.0,0.0,2019-01-11,2021-09-10,2017-05-14,2017-05-21,2.0,37.0,2.0,37.0
38407,Scott Bernard Styris,1975-07-10,50y 354d,New Zealand,Allrounder,Right hand Bat,Right arm Medium,1999 - 2011,2011,IPL 2011,CSK,2,1.0,1.0,5.0,5.0,,2.0,250.0,0.0,0.0,1.0,0.0,1,0,0.0,13.0,6.0,,,,,0.0,0.0,0.0,2005-02-17,2010-12-30,1999-11-05,2011-03-29,,,,
38407,Scott Bernard Styris,1975-07-10,50y 354d,New Zealand,Allrounder,Right hand Bat,Right arm Medium,1999 - 2011,2009,IPL 2009,DCH,2,1.0,0.0,14.0,14.0,14.0,8.0,175.0,0.0,0.0,0.0,1.0,0,0,5.0,8.0,48.0,3/32,3/32,12.8,9.6,0.0,0.0,0.0,2005-02-17,2010-12-30,1999-11-05,2011-03-29,3.0,32.0,3.0,32.0
38407,Scott Bernard Styris,1975-07-10,50y 354d,New Zealand,Allrounder,Right hand Bat,Right arm Medium,1999 - 2011,2007/08,IPL 2007/08,DCH,8,8.0,2.0,112.0,36.0,18.66,123.0,91.05,0.0,0.0,9.0,2.0,1,0,3.0,7.37,162.0,1/24,1/24,66.33,54.0,0.0,0.0,0.0,2005-02-17,2010-12-30,1999-11-05,2011-03-29,1.0,24.0,1.0,24.0
29655,Shadab Bashir Jakati,1980-11-27,45y 214d,India,Bowler,Left hand Bat,Slow Left arm Orthodox,,2017,IPL 2017,GL,2,,,,,,,,,,,,0,0,0.0,10.4,30.0,,,,,0.0,0.0,0.0,,,,,,,,
29655,Shadab Bashir Jakati,1980-11-27,45y 214d,India,Bowler,Left hand Bat,Slow Left arm Orthodox,,2016,IPL 2016,GL,6,1.0,1.0,1.0,1.0,,2.0,50.0,0.0,0.0,0.0,0.0,4,0,2.0,8.9,120.0,1/13,1/13,89.0,60.0,0.0,0.0,0.0,,,,,1.0,13.0,1.0,13.0
29655,Shadab Bashir Jakati,1980-11-27,45y 214d,India,Bowler,Left hand Bat,Slow Left arm Orthodox,,2014,IPL 2014,RCB,1,,,,,,,,,,,,0,0,0.0,11.18,22.0,,,,,0.0,0.0,0.0,,,,,,,,
29655,Shadab Bashir Jakati,1980-11-27,45y 214d,India,Bowler,Left hand Bat,Slow Left arm Orthodox,,2012,IPL 2012,CSK,15,2.0,2.0,7.0,6.0,,12.0,58.33,0.0,0.0,0.0,0.0,4,0,9.0,8.19,246.0,2/14,2/14,37.33,27.3,0.0,0.0,0.0,,,,,2.0,14.0,2.0,14.0
29655,Shadab Bashir Jakati,1980-11-27,45y 214d,India,Bowler,Left hand Bat,Slow Left arm Orthodox,,2011,IPL 2011,CSK,15,1.0,1.0,0.0,0.0,,0.0,,0.0,0.0,0.0,0.0,9,0,10.0,7.6,265.0,2/21,2/21,33.6,26.5,0.0,0.0,0.0,,,,,2.0,21.0,2.0,21.0
29655,Shadab Bashir Jakati,1980-11-27,45y 214d,India,Bowler,Left hand Bat,Slow Left arm Orthodox,,2009/10,IPL 2009/10,CSK,11,2.0,2.0,0.0,0.0,,0.0,,0.0,0.0,0.0,0.0,1,0,13.0,7.65,228.0,2/17,2/17,22.38,17.5,0.0,0.0,0.0,,,,,2.0,17.0,2.0,17.0
29655,Shadab Bashir Jakati,1980-11-27,45y 214d,India,Bowler,Left hand Bat,Slow Left arm Orthodox,,2009,IPL 2009,CSK,9,2.0,1.0,20.0,13.0,20.0,15.0,133.33,0.0,0.0,3.0,0.0,3,0,13.0,7.48,174.0,4/22,4/22,16.69,13.3,2.0,0.0,0.0,,,,,4.0,22.0,4.0,22.0
1292497,Shaik Rasheed,2004-09-24,21y 278d,India,Batter,Right hand Bat,Legbreak,,2025,IPL 2025,CSK,5,5.0,0.0,71.0,27.0,14.2,63.0,112.69,0.0,0.0,9.0,2.0,1,0,,,,,,,,,,,,,,,,,,
8180,Shane Robert Watson,1981-06-17,45y 12d,Australia,Allrounder,Right hand Bat,Right arm Fast medium,2002 - 2016,2020/21,IPL 2020/21,CSK,11,11.0,1.0,299.0,83.0,29.9,247.0,121.05,0.0,2.0,33.0,13.0,2,0,,,,,,,,,,,2006-02-24,2016-03-27,2002-03-24,2015-09-05,,,,
8180,Shane Robert Watson,1981-06-17,45y 12d,Australia,Allrounder,Right hand Bat,Right arm Fast medium,2002 - 2016,2019,IPL 2019,CSK,17,17.0,0.0,398.0,96.0,23.41,312.0,127.56,0.0,3.0,42.0,20.0,6,0,,,,,,,,,,,2006-02-24,2016-03-27,2002-03-24,2015-09-05,,,,
8180,Shane Robert Watson,1981-06-17,45y 12d,Australia,Allrounder,Right hand Bat,Right arm Fast medium,2002 - 2016,2018,IPL 2018,CSK,15,15.0,1.0,555.0,117.0,39.64,359.0,154.59,2.0,2.0,44.0,35.0,3,0,6.0,8.96,168.0,2/29,2/29,41.83,28.0,0.0,0.0,0.0,2006-02-24,2016-03-27,2002-03-24,2015-09-05,2.0,29.0,2.0,29.0
8180,Shane Robert Watson,1981-06-17,45y 12d,Australia,Allrounder,Right hand Bat,Right arm Fast medium,2002 - 2016,2017,IPL 2017,RCB,8,7.0,1.0,71.0,24.0,11.83,78.0,91.02,0.0,0.0,6.0,1.0,2,0,5.0,9.13,161.0,1/16,1/16,49.0,32.2,0.0,0.0,0.0,2006-02-24,2016-03-27,2002-03-24,2015-09-05,1.0,16.0,1.0,16.0
8180,Shane Robert Watson,1981-06-17,45y 12d,Australia,Allrounder,Right hand Bat,Right arm Fast medium,2002 - 2016,2016,IPL 2016,RCB,16,15.0,2.0,179.0,36.0,13.76,134.0,133.58,0.0,0.0,14.0,12.0,6,0,20.0,8.58,339.0,4/29,4/29,24.25,16.9,1.0,0.0,0.0,2006-02-24,2016-03-27,2002-03-24,2015-09-05,4.0,29.0,4.0,29.0
8180,Shane Robert Watson,1981-06-17,45y 12d,Australia,Allrounder,Right hand Bat,Right arm Fast medium,2002 - 2016,2015,IPL 2015,RR,10,9.0,1.0,347.0,104.0,43.37,257.0,135.01,1.0,1.0,37.0,14.0,1,0,6.0,9.27,174.0,2/36,2/36,44.83,29.0,0.0,0.0,0.0,2006-02-24,2016-03-27,2002-03-24,2015-09-05,2.0,36.0,2.0,36.0
8180,Shane Robert Watson,1981-06-17,45y 12d,Australia,Allrounder,Right hand Bat,Right arm Fast medium,2002 - 2016,2014,IPL 2014,RR,13,13.0,1.0,240.0,51.0,20.0,196.0,122.44,0.0,2.0,19.0,14.0,3,0,7.0,7.85,126.0,3/13,3/13,23.57,18.0,0.0,0.0,0.0,2006-02-24,2016-03-27,2002-03-24,2015-09-05,3.0,13.0,3.0,13.0
8180,Shane Robert Watson,1981-06-17,45y 12d,Australia,Allrounder,Right hand Bat,Right arm Fast medium,2002 - 2016,2013,IPL 2013,RR,16,16.0,2.0,543.0,101.0,38.78,380.0,142.89,1.0,2.0,59.0,22.0,6,0,13.0,7.15,250.0,3/22,3/22,22.92,19.2,0.0,0.0,0.0,2006-02-24,2016-03-27,2002-03-24,2015-09-05,3.0,22.0,3.0,22.0
8180,Shane Robert Watson,1981-06-17,45y 12d,Australia,Allrounder,Right hand Bat,Right arm Fast medium,2002 - 2016,2012,IPL 2012,RR,7,7.0,1.0,255.0,90.0,42.5,168.0,151.78,0.0,2.0,26.0,14.0,2,0,6.0,7.0,138.0,2/19,2/19,26.83,23.0,0.0,0.0,0.0,2006-02-24,2016-03-27,2002-03-24,2015-09-05,2.0,19.0,2.0,19.0
8180,Shane Robert Watson,1981-06-17,45y 12d,Australia,Allrounder,Right hand Bat,Right arm Fast medium,2002 - 2016,2011,IPL 2011,RR,11,11.0,1.0,330.0,89.0,33.0,253.0,130.43,0.0,1.0,31.0,17.0,4,0,6.0,6.69,216.0,3/19,3/19,40.16,36.0,0.0,0.0,0.0,2006-02-24,2016-03-27,2002-03-24,2015-09-05,3.0,19.0,3.0,19.0
8180,Shane Robert Watson,1981-06-17,45y 12d,Australia,Allrounder,Right hand Bat,Right arm Fast medium,2002 - 2016,2009/10,IPL 2009/10,RR,6,5.0,0.0,185.0,60.0,37.0,114.0,162.28,0.0,2.0,18.0,9.0,3,0,6.0,8.36,132.0,3/37,3/37,30.66,22.0,0.0,0.0,0.0,2006-02-24,2016-03-27,2002-03-24,2015-09-05,3.0,37.0,3.0,37.0
8180,Shane Robert Watson,1981-06-17,45y 12d,Australia,Allrounder,Right hand Bat,Right arm Fast medium,2002 - 2016,2007/08,IPL 2007/08,RR,15,15.0,5.0,472.0,76.0,47.2,311.0,151.76,0.0,4.0,46.0,19.0,2,0,17.0,7.07,325.0,3/10,3/10,22.52,19.1,0.0,0.0,0.0,2006-02-24,2016-03-27,2002-03-24,2015-09-05,3.0,10.0,3.0,10.0
475281,Shardul Narendra Thakur,1991-10-16,34y 256d,India,Bowling Allrounder,Right hand Bat,Right arm Medium,2017 - 2025,2026,IPL 2026,MI,9,3.0,1.0,24.0,10.0,12.0,30.0,80.0,0.0,0.0,2.0,0.0,0,0,12.0,12.27,132.0,4/39,4/39,22.5,11.0,1.0,0.0,0.0,2018-02-21,2022-02-20,2017-08-31,2023-10-19,4.0,39.0,4.0,39.0
475281,Shardul Narendra Thakur,1991-10-16,34y 256d,India,Bowling Allrounder,Right hand Bat,Right arm Medium,2017 - 2025,2025,IPL 2025,LSG,10,5.0,2.0,18.0,6.0,6.0,12.0,150.0,0.0,0.0,3.0,0.0,4,0,13.0,11.02,204.0,4/34,4/34,28.84,15.6,1.0,0.0,0.0,2018-02-21,2022-02-20,2017-08-31,2023-10-19,4.0,34.0,4.0,34.0
475281,Shardul Narendra Thakur,1991-10-16,34y 256d,India,Bowling Allrounder,Right hand Bat,Right arm Medium,2017 - 2025,2024,IPL 2024,CSK,9,3.0,2.0,21.0,17.0,21.0,17.0,123.52,0.0,0.0,2.0,1.0,4,0,5.0,9.75,190.0,2/61,2/61,61.8,38.0,0.0,0.0,0.0,2018-02-21,2022-02-20,2017-08-31,2023-10-19,2.0,61.0,2.0,61.0
475281,Shardul Narendra Thakur,1991-10-16,34y 256d,India,Bowling Allrounder,Right hand Bat,Right arm Medium,2017 - 2025,2023,IPL 2023,KKR,11,10.0,2.0,113.0,68.0,14.12,70.0,161.42,0.0,1.0,13.0,4.0,4,0,7.0,10.47,126.0,2/23,2/23,31.42,18.0,0.0,0.0,0.0,2018-02-21,2022-02-20,2017-08-31,2023-10-19,2.0,23.0,2.0,23.0
475281,Shardul Narendra Thakur,1991-10-16,34y 256d,India,Bowling Allrounder,Right hand Bat,Right arm Medium,2017 - 2025,2022,IPL 2022,DC,14,10.0,2.0,120.0,29.0,15.0,87.0,137.93,0.0,0.0,7.0,7.0,7,0,15.0,9.78,290.0,4/36,4/36,31.53,19.3,1.0,0.0,0.0,2018-02-21,2022-02-20,2017-08-31,2023-10-19,4.0,36.0,4.0,36.0
475281,Shardul Narendra Thakur,1991-10-16,34y 256d,India,Bowling Allrounder,Right hand Bat,Right arm Medium,2017 - 2025,2021,IPL 2021,CSK,16,4.0,2.0,5.0,3.0,2.5,5.0,100.0,0.0,0.0,0.0,0.0,2,0,21.0,8.8,359.0,3/28,3/28,25.09,17.0,0.0,0.0,0.0,2018-02-21,2022-02-20,2017-08-31,2023-10-19,3.0,28.0,3.0,28.0
475281,Shardul Narendra Thakur,1991-10-16,34y 256d,India,Bowling Allrounder,Right hand Bat,Right arm Medium,2017 - 2025,2020/21,IPL 2020/21,CSK,9,2.0,1.0,12.0,11.0,12.0,21.0,57.14,0.0,0.0,0.0,0.0,2,0,10.0,8.5,194.0,2/28,2/28,27.5,19.4,0.0,0.0,0.0,2018-02-21,2022-02-20,2017-08-31,2023-10-19,2.0,28.0,2.0,28.0
475281,Shardul Narendra Thakur,1991-10-16,34y 256d,India,Bowling Allrounder,Right hand Bat,Right arm Medium,2017 - 2025,2019,IPL 2019,CSK,10,3.0,1.0,14.0,12.0,7.0,7.0,200.0,0.0,0.0,1.0,1.0,5,0,8.0,9.36,180.0,2/18,2/18,35.12,22.5,0.0,0.0,0.0,2018-02-21,2022-02-20,2017-08-31,2023-10-19,2.0,18.0,2.0,18.0
475281,Shardul Narendra Thakur,1991-10-16,34y 256d,India,Bowling Allrounder,Right hand Bat,Right arm Medium,2017 - 2025,2018,IPL 2018,CSK,13,1.0,1.0,15.0,15.0,,5.0,300.0,0.0,0.0,3.0,0.0,4,0,16.0,9.23,280.0,2/18,2/18,26.93,17.5,0.0,0.0,0.0,2018-02-21,2022-02-20,2017-08-31,2023-10-19,2.0,18.0,2.0,18.0
475281,Shardul Narendra Thakur,1991-10-16,34y 256d,India,Bowling Allrounder,Right hand Bat,Right arm Medium,2017 - 2025,2017,IPL 2017,RPS,12,3.0,0.0,0.0,0.0,0.0,3.0,0.0,0.0,0.0,0.0,0.0,4,0,11.0,8.25,229.0,3/19,3/19,28.63,20.8,0.0,0.0,0.0,2018-02-21,2022-02-20,2017-08-31,2023-10-19,3.0,19.0,3.0,19.0
475281,Shardul Narendra Thakur,1991-10-16,34y 256d,India,Bowling Allrounder,Right hand Bat,Right arm Medium,2017 - 2025,2015,IPL 2015,PBKS,1,1.0,1.0,7.0,7.0,,6.0,116.66,0.0,0.0,1.0,0.0,0,0,1.0,12.66,18.0,1/38,1/38,38.0,18.0,0.0,0.0,0.0,2018-02-21,2022-02-20,2017-08-31,2023-10-19,1.0,38.0,1.0,38.0
714451,Shivam Dube,1993-06-26,33y 3d,India,Allrounder,Left hand Bat,Right arm Medium,2019 - 2026,2026,IPL 2026,CSK,13,12.0,5.0,270.0,47.0,38.57,170.0,158.82,0.0,0.0,24.0,15.0,4,0,1.0,12.8,30.0,1/30,1/30,64.0,30.0,0.0,0.0,0.0,2019-11-03,2026-06-28,2019-12-15,2024-08-07,1.0,30.0,1.0,30.0
714451,Shivam Dube,1993-06-26,33y 3d,India,Allrounder,Left hand Bat,Right arm Medium,2019 - 2026,2025,IPL 2025,CSK,14,14.0,3.0,357.0,50.0,32.45,270.0,132.22,0.0,1.0,22.0,21.0,4,0,0.0,16.5,12.0,,,,,0.0,0.0,0.0,2019-11-03,2026-06-28,2019-12-15,2024-08-07,,,,
714451,Shivam Dube,1993-06-26,33y 3d,India,Allrounder,Left hand Bat,Right arm Medium,2019 - 2026,2024,IPL 2024,CSK,14,14.0,3.0,396.0,66.0,36.0,244.0,162.29,0.0,3.0,28.0,28.0,2,0,1.0,14.0,6.0,1/14,1/14,14.0,6.0,0.0,0.0,0.0,2019-11-03,2026-06-28,2019-12-15,2024-08-07,1.0,14.0,1.0,14.0
714451,Shivam Dube,1993-06-26,33y 3d,India,Allrounder,Left hand Bat,Right arm Medium,2019 - 2026,2023,IPL 2023,CSK,16,14.0,3.0,418.0,52.0,38.0,264.0,158.33,0.0,3.0,12.0,35.0,6,0,,,,,,,,,,,2019-11-03,2026-06-28,2019-12-15,2024-08-07,,,,
714451,Shivam Dube,1993-06-26,33y 3d,India,Allrounder,Left hand Bat,Right arm Medium,2019 - 2026,2022,IPL 2022,CSK,11,11.0,1.0,289.0,95.0,28.9,185.0,156.21,0.0,2.0,22.0,16.0,6,0,0.0,18.0,12.0,,,,,0.0,0.0,0.0,2019-11-03,2026-06-28,2019-12-15,2024-08-07,,,,
714451,Shivam Dube,1993-06-26,33y 3d,India,Allrounder,Left hand Bat,Right arm Medium,2019 - 2026,2021,IPL 2021,RR,9,9.0,1.0,230.0,64.0,28.75,193.0,119.17,0.0,1.0,18.0,10.0,2,0,0.0,9.8,30.0,,,,,0.0,0.0,0.0,2019-11-03,2026-06-28,2019-12-15,2024-08-07,,,,
714451,Shivam Dube,1993-06-26,33y 3d,India,Allrounder,Left hand Bat,Right arm Medium,2019 - 2026,2020/21,IPL 2020/21,RCB,11,9.0,2.0,129.0,27.0,18.42,105.0,122.85,0.0,0.0,5.0,9.0,2,0,4.0,8.11,54.0,2/15,2/15,18.25,13.5,0.0,0.0,0.0,2019-11-03,2026-06-28,2019-12-15,2024-08-07,2.0,15.0,2.0,15.0
714451,Shivam Dube,1993-06-26,33y 3d,India,Allrounder,Left hand Bat,Right arm Medium,2019 - 2026,2019,IPL 2019,RCB,4,4.0,1.0,40.0,24.0,13.33,33.0,121.21,0.0,0.0,1.0,3.0,1,0,0.0,4.8,10.0,,,,,0.0,0.0,0.0,2019-11-03,2026-06-28,2019-12-15,2024-08-07,,,,
1159722,Simarjeet Singh,1998-01-17,28y 163d,India,Bowler,Right hand Bat,Right arm Medium fast,,2025,IPL 2025,SRH,4,3.0,1.0,3.0,3.0,1.5,7.0,42.85,0.0,0.0,0.0,0.0,0,0,2.0,14.1,60.0,2/46,2/46,70.5,30.0,0.0,0.0,0.0,,,,,2.0,46.0,2.0,46.0
1159722,Simarjeet Singh,1998-01-17,28y 163d,India,Bowler,Right hand Bat,Right arm Medium fast,,2024,IPL 2024,CSK,4,,,,,,,,,,,,2,0,5.0,10.08,72.0,3/26,3/26,24.2,14.4,0.0,0.0,0.0,,,,,3.0,26.0,3.0,26.0
1159722,Simarjeet Singh,1998-01-17,28y 163d,India,Bowler,Right hand Bat,Right arm Medium fast,,2022,IPL 2022,CSK,6,3.0,2.0,7.0,3.0,7.0,8.0,87.5,0.0,0.0,0.0,0.0,1,0,4.0,7.66,108.0,2/27,2/27,34.5,27.0,0.0,0.0,0.0,,,,,2.0,27.0,2.0,27.0
379776,Sisanda Somila Bruce Magala,1991-01-07,35y 173d,South Africa,Bowler,Right hand Bat,Right arm Fast medium,2021 - 2023,2023,IPL 2023,CSK,2,,,,,,,,,,,,1,0,1.0,8.5,36.0,1/37,1/37,51.0,36.0,0.0,0.0,0.0,2021-04-10,2023-03-26,2021-11-26,2023-09-12,1.0,37.0,1.0,37.0
1123718,Spencer Henry Johnson,1995-12-16,30y 195d,Australia,Bowler,Left hand Bat,Left arm Fast,2023 - 2026,2026,IPL 2026,CSK,3,1.0,0.0,0.0,0.0,0.0,1.0,0.0,0.0,0.0,0.0,0.0,1,0,2.0,10.18,66.0,1/39,1/39,56.0,33.0,0.0,0.0,0.0,2023-08-30,2026-06-21,2023-09-24,2025-02-28,1.0,39.0,1.0,39.0
1123718,Spencer Henry Johnson,1995-12-16,30y 195d,Australia,Bowler,Left hand Bat,Left arm Fast,2023 - 2026,2025,IPL 2025,KKR,4,2.0,2.0,2.0,1.0,,4.0,50.0,0.0,0.0,0.0,0.0,1,0,1.0,11.73,68.0,1/42,1/42,133.0,68.0,0.0,0.0,0.0,2023-08-30,2026-06-21,2023-09-24,2025-02-28,1.0,42.0,1.0,42.0
1123718,Spencer Henry Johnson,1995-12-16,30y 195d,Australia,Bowler,Left hand Bat,Left arm Fast,2023 - 2026,2024,IPL 2024,GT,5,3.0,3.0,6.0,5.0,,7.0,85.71,0.0,0.0,1.0,0.0,2,0,4.0,9.43,96.0,2/25,2/25,37.75,24.0,0.0,0.0,0.0,2023-08-30,2026-06-21,2023-09-24,2025-02-28,2.0,25.0,2.0,25.0
26798,Srikkanth Anirudha,1987-04-14,39y 76d,India,Top order Batter,Right hand Bat,,,2014,IPL 2014,SRH,1,1.0,0.0,3.0,3.0,3.0,5.0,60.0,0.0,0.0,0.0,0.0,0,0,,,,,,,,,,,,,,,,,,
26798,Srikkanth Anirudha,1987-04-14,39y 76d,India,Top order Batter,Right hand Bat,,,2013,IPL 2013,CSK,1,1.0,0.0,0.0,0.0,0.0,2.0,0.0,0.0,0.0,0.0,0.0,0,0,,,,,,,,,,,,,,,,,,
26798,Srikkanth Anirudha,1987-04-14,39y 76d,India,Top order Batter,Right hand Bat,,,2012,IPL 2012,CSK,4,2.0,2.0,19.0,18.0,,7.0,271.42,0.0,0.0,1.0,2.0,0,0,,,,,,,,,,,,,,,,,,
26798,Srikkanth Anirudha,1987-04-14,39y 76d,India,Top order Batter,Right hand Bat,,,2011,IPL 2011,CSK,9,5.0,1.0,83.0,64.0,20.75,74.0,112.16,0.0,1.0,6.0,3.0,8,0,,,,,,,,,,,,,,,,,,
26798,Srikkanth Anirudha,1987-04-14,39y 76d,India,Top order Batter,Right hand Bat,,,2009/10,IPL 2009/10,CSK,4,3.0,2.0,30.0,24.0,30.0,18.0,166.66,0.0,0.0,2.0,2.0,3,0,,,,,,,,,,,,,,,,,,
26798,Srikkanth Anirudha,1987-04-14,39y 76d,India,Top order Batter,Right hand Bat,,,2007/08,IPL 2007/08,CSK,1,1.0,0.0,1.0,1.0,1.0,7.0,14.28,0.0,0.0,0.0,0.0,0,0,,,,,,,,,,,,,,,,,,
37000,Stephen Paul Fleming,1973-04-01,53y 89d,New Zealand,Top order Batter,Left hand Bat,,1994 - 2008,2007/08,IPL 2007/08,CSK,10,10.0,1.0,196.0,45.0,21.77,165.0,118.78,0.0,0.0,27.0,3.0,2,0,,,,,,,,,,,2005-02-17,2006-12-26,1994-03-25,2007-04-24,,,,
317784,Sudeep Tyagi,1987-09-17,38y 285d,India,Bowler,Right hand Bat,Right arm Medium,2009 - 2010,2009/10,IPL 2009/10,CSK,6,1.0,1.0,3.0,3.0,,4.0,75.0,0.0,0.0,0.0,0.0,2,0,1.0,10.04,95.0,1/20,1/20,159.0,95.0,0.0,0.0,0.0,2009-12-27,2010-02-27,2009-12-27,2010-02-27,1.0,20.0,1.0,20.0
317784,Sudeep Tyagi,1987-09-17,38y 285d,India,Bowler,Right hand Bat,Right arm Medium,2009 - 2010,2009,IPL 2009,CSK,8,2.0,1.0,0.0,0.0,0.0,0.0,,0.0,0.0,0.0,0.0,1,0,5.0,7.15,114.0,2/18,2/18,27.2,22.8,0.0,0.0,0.0,2009-12-27,2010-02-27,2009-12-27,2010-02-27,2.0,18.0,2.0,18.0
50438,Hewa Kaluhalamullage Suraj Randiv Kaluhalamulla,1985-01-30,41y 150d,Sri Lanka,Bowler,Right hand Bat,Right arm Offbreak,2009 - 2016,2011,IPL 2011,CSK,8,1.0,0.0,2.0,2.0,2.0,4.0,50.0,0.0,0.0,0.0,0.0,2,0,6.0,7.68,174.0,2/24,2/24,37.16,29.0,0.0,0.0,0.0,2010-05-03,2011-06-25,2009-12-18,2016-06-24,2.0,24.0,2.0,24.0
33335,Suresh Kumar Raina,1986-11-27,39y 214d,India,Middle order Batter,Left hand Bat,Right arm Offbreak,2005 - 2018,2021,IPL 2021,CSK,12,11.0,2.0,160.0,54.0,17.77,128.0,125.0,0.0,1.0,13.0,9.0,7,0,,,,,,,,,,,2006-12-01,2018-07-08,2005-07-30,2018-07-17,,,,
33335,Suresh Kumar Raina,1986-11-27,39y 214d,India,Middle order Batter,Left hand Bat,Right arm Offbreak,2005 - 2018,2019,IPL 2019,CSK,17,17.0,1.0,383.0,59.0,23.93,314.0,121.97,0.0,3.0,45.0,9.0,7,0,0.0,6.0,6.0,,,,,0.0,0.0,0.0,2006-12-01,2018-07-08,2005-07-30,2018-07-17,,,,
33335,Suresh Kumar Raina,1986-11-27,39y 214d,India,Middle order Batter,Left hand Bat,Right arm Offbreak,2005 - 2018,2018,IPL 2018,CSK,15,15.0,3.0,445.0,75.0,37.08,336.0,132.44,0.0,4.0,46.0,12.0,9,0,,,,,,,,,,,2006-12-01,2018-07-08,2005-07-30,2018-07-17,,,,
33335,Suresh Kumar Raina,1986-11-27,39y 214d,India,Middle order Batter,Left hand Bat,Right arm Offbreak,2005 - 2018,2017,IPL 2017,GL,14,14.0,3.0,442.0,84.0,40.18,307.0,143.97,0.0,3.0,42.0,13.0,4,0,1.0,8.5,72.0,1/11,1/11,102.0,72.0,0.0,0.0,0.0,2006-12-01,2018-07-08,2005-07-30,2018-07-17,1.0,11.0,1.0,11.0
33335,Suresh Kumar Raina,1986-11-27,39y 214d,India,Middle order Batter,Left hand Bat,Right arm Offbreak,2005 - 2018,2016,IPL 2016,GL,15,15.0,1.0,399.0,75.0,28.5,312.0,127.88,0.0,3.0,39.0,10.0,7,0,0.0,8.2,60.0,,,,,0.0,0.0,0.0,2006-12-01,2018-07-08,2005-07-30,2018-07-17,,,,
33335,Suresh Kumar Raina,1986-11-27,39y 214d,India,Middle order Batter,Left hand Bat,Right arm Offbreak,2005 - 2018,2015,IPL 2015,CSK,17,17.0,2.0,374.0,62.0,24.93,305.0,122.62,0.0,2.0,31.0,16.0,11,0,2.0,7.75,72.0,1/29,1/29,46.5,36.0,0.0,0.0,0.0,2006-12-01,2018-07-08,2005-07-30,2018-07-17,1.0,29.0,1.0,29.0
33335,Suresh Kumar Raina,1986-11-27,39y 214d,India,Middle order Batter,Left hand Bat,Right arm Offbreak,2005 - 2018,2014,IPL 2014,CSK,16,16.0,3.0,523.0,87.0,40.23,359.0,145.68,0.0,5.0,51.0,19.0,12,0,1.0,7.44,108.0,1/17,1/17,134.0,108.0,0.0,0.0,0.0,2006-12-01,2018-07-08,2005-07-30,2018-07-17,1.0,17.0,1.0,17.0
33335,Suresh Kumar Raina,1986-11-27,39y 214d,India,Middle order Batter,Left hand Bat,Right arm Offbreak,2005 - 2018,2013,IPL 2013,CSK,18,17.0,4.0,548.0,100.0,42.15,365.0,150.13,1.0,4.0,50.0,18.0,10,0,1.0,11.5,12.0,1/4,1/4,23.0,12.0,0.0,0.0,0.0,2006-12-01,2018-07-08,2005-07-30,2018-07-17,1.0,4.0,1.0,4.0
33335,Suresh Kumar Raina,1986-11-27,39y 214d,India,Middle order Batter,Left hand Bat,Right arm Offbreak,2005 - 2018,2012,IPL 2012,CSK,19,18.0,1.0,441.0,73.0,25.94,325.0,135.69,0.0,1.0,36.0,19.0,11,0,2.0,7.5,84.0,1/5,1/5,52.5,42.0,0.0,0.0,0.0,2006-12-01,2018-07-08,2005-07-30,2018-07-17,1.0,5.0,1.0,5.0
33335,Suresh Kumar Raina,1986-11-27,39y 214d,India,Middle order Batter,Left hand Bat,Right arm Offbreak,2005 - 2018,2011,IPL 2011,CSK,16,16.0,2.0,438.0,73.0,31.28,325.0,134.76,0.0,4.0,36.0,17.0,4,0,4.0,7.3,165.0,2/0,2/0,50.25,41.2,0.0,0.0,0.0,2006-12-01,2018-07-08,2005-07-30,2018-07-17,2.0,0.0,2.0,0.0
33335,Suresh Kumar Raina,1986-11-27,39y 214d,India,Middle order Batter,Left hand Bat,Right arm Offbreak,2005 - 2018,2009/10,IPL 2009/10,CSK,16,16.0,5.0,520.0,83.0,47.27,364.0,142.85,0.0,4.0,45.0,22.0,10,0,6.0,7.46,143.0,1/0,1/0,29.66,23.8,0.0,0.0,0.0,2006-12-01,2018-07-08,2005-07-30,2018-07-17,1.0,0.0,1.0,0.0
33335,Suresh Kumar Raina,1986-11-27,39y 214d,India,Middle order Batter,Left hand Bat,Right arm Offbreak,2005 - 2018,2009,IPL 2009,CSK,14,14.0,0.0,434.0,98.0,31.0,308.0,140.9,0.0,2.0,37.0,21.0,7,0,7.0,5.92,166.0,2/17,2/17,23.42,23.7,0.0,0.0,0.0,2006-12-01,2018-07-08,2005-07-30,2018-07-17,2.0,17.0,2.0,17.0
33335,Suresh Kumar Raina,1986-11-27,39y 214d,India,Middle order Batter,Left hand Bat,Right arm Offbreak,2005 - 2018,2007/08,IPL 2007/08,CSK,16,14.0,3.0,421.0,55.0,38.27,295.0,142.71,0.0,3.0,35.0,18.0,10,0,1.0,9.0,20.0,1/20,1/20,30.0,20.0,0.0,0.0,0.0,2006-12-01,2018-07-08,2005-07-30,2018-07-17,1.0,20.0,1.0,20.0
49677,Magina Thilan Thushara Mirando,1981-03-01,45y 120d,Sri Lanka,Bowler,Left hand Bat,Left arm Fast medium,2003 - 2010,2009/10,IPL 2009/10,CSK,4,2.0,1.0,10.0,8.0,10.0,11.0,90.9,0.0,0.0,0.0,0.0,2,0,5.0,6.96,87.0,2/16,2/16,20.2,17.4,0.0,0.0,0.0,2008-10-10,2010-05-11,2008-04-15,2010-06-07,2.0,16.0,2.0,16.0
49677,Magina Thilan Thushara Mirando,1981-03-01,45y 120d,Sri Lanka,Bowler,Left hand Bat,Left arm Fast medium,2003 - 2010,2009,IPL 2009,CSK,2,2.0,1.0,2.0,1.0,2.0,7.0,28.57,0.0,0.0,0.0,0.0,1,0,3.0,7.5,48.0,2/28,2/28,20.0,16.0,0.0,0.0,0.0,2008-10-10,2010-05-11,2008-04-15,2010-06-07,2.0,28.0,2.0,28.0
233514,Narangoda Liyanaarachchilage Thisara Chirantha Perera,1989-04-03,37y 87d,Sri Lanka,Bowling Allrounder,Left hand Bat,Right arm Medium fast,2009 - 2021,2016,IPL 2016,RPS,12,10.0,3.0,150.0,34.0,21.42,93.0,161.29,0.0,0.0,7.0,11.0,5,0,9.0,9.82,199.0,3/34,3/34,36.22,22.1,0.0,0.0,0.0,2010-05-03,2021-03-07,2009-12-24,2021-03-14,3.0,34.0,3.0,34.0
233514,Narangoda Liyanaarachchilage Thisara Chirantha Perera,1989-04-03,37y 87d,Sri Lanka,Bowling Allrounder,Left hand Bat,Right arm Medium fast,2009 - 2021,2015,IPL 2015,PBKS,2,2.0,0.0,12.0,9.0,6.0,15.0,80.0,0.0,0.0,0.0,1.0,0,0,1.0,9.16,36.0,1/33,1/33,55.0,36.0,0.0,0.0,0.0,2010-05-03,2021-03-07,2009-12-24,2021-03-14,1.0,33.0,1.0,33.0
233514,Narangoda Liyanaarachchilage Thisara Chirantha Perera,1989-04-03,37y 87d,Sri Lanka,Bowling Allrounder,Left hand Bat,Right arm Medium fast,2009 - 2021,2013,IPL 2013,SRH,16,14.0,4.0,233.0,40.0,23.3,163.0,142.94,0.0,0.0,12.0,14.0,5,0,19.0,8.01,358.0,3/20,3/20,25.15,18.8,0.0,0.0,0.0,2010-05-03,2021-03-07,2009-12-24,2021-03-14,3.0,20.0,3.0,20.0
233514,Narangoda Liyanaarachchilage Thisara Chirantha Perera,1989-04-03,37y 87d,Sri Lanka,Bowling Allrounder,Left hand Bat,Right arm Medium fast,2009 - 2021,2012,IPL 2012,MI,2,2.0,1.0,4.0,4.0,4.0,9.0,44.44,0.0,0.0,0.0,0.0,2,0,0.0,10.8,15.0,,,,,0.0,0.0,0.0,2010-05-03,2021-03-07,2009-12-24,2021-03-14,,,,
233514,Narangoda Liyanaarachchilage Thisara Chirantha Perera,1989-04-03,37y 87d,Sri Lanka,Bowling Allrounder,Left hand Bat,Right arm Medium fast,2009 - 2021,2011,IPL 2011,Kochi,4,2.0,0.0,23.0,22.0,11.5,27.0,85.18,0.0,0.0,4.0,0.0,0,0,2.0,7.92,84.0,1/30,1/30,55.5,42.0,0.0,0.0,0.0,2010-05-03,2021-03-07,2009-12-24,2021-03-14,1.0,30.0,1.0,30.0
233514,Narangoda Liyanaarachchilage Thisara Chirantha Perera,1989-04-03,37y 87d,Sri Lanka,Bowling Allrounder,Left hand Bat,Right arm Medium fast,2009 - 2021,2009/10,IPL 2009/10,CSK,1,,,,,,,,,,,,0,0,0.0,19.0,6.0,,,,,0.0,0.0,0.0,2010-05-03,2021-03-07,2009-12-24,2021-03-14,,,,
232364,Timothy Grant Southee,1988-12-11,37y 200d,New Zealand,Bowler,Right hand Bat,Right arm Medium fast,2008 - 2024,2023,IPL 2023,KKR,2,,,,,,,,,,,,0,0,2.0,13.16,36.0,2/54,2/54,39.5,18.0,0.0,0.0,0.0,2008-02-05,2024-06-17,2008-06-15,2023-11-15,2.0,54.0,2.0,54.0
232364,Timothy Grant Southee,1988-12-11,37y 200d,New Zealand,Bowler,Right hand Bat,Right arm Medium fast,2008 - 2024,2022,IPL 2022,KKR,9,5.0,1.0,2.0,1.0,0.5,12.0,16.66,0.0,0.0,0.0,0.0,4,0,14.0,7.85,210.0,3/20,3/20,19.64,15.0,0.0,0.0,0.0,2008-02-05,2024-06-17,2008-06-15,2023-11-15,3.0,20.0,3.0,20.0
232364,Timothy Grant Southee,1988-12-11,37y 200d,New Zealand,Bowler,Right hand Bat,Right arm Medium fast,2008 - 2024,2021,IPL 2021,KKR,3,1.0,0.0,3.0,3.0,3.0,5.0,60.0,0.0,0.0,0.0,0.0,2,0,3.0,7.91,72.0,2/26,2/26,31.66,24.0,0.0,0.0,0.0,2008-02-05,2024-06-17,2008-06-15,2023-11-15,2.0,26.0,2.0,26.0
232364,Timothy Grant Southee,1988-12-11,37y 200d,New Zealand,Bowler,Right hand Bat,Right arm Medium fast,2008 - 2024,2019,IPL 2019,RCB,3,1.0,1.0,9.0,9.0,,9.0,100.0,0.0,0.0,0.0,0.0,3,0,1.0,13.11,54.0,1/24,1/24,118.0,54.0,0.0,0.0,0.0,2008-02-05,2024-06-17,2008-06-15,2023-11-15,1.0,24.0,1.0,24.0
232364,Timothy Grant Southee,1988-12-11,37y 200d,New Zealand,Bowler,Right hand Bat,Right arm Medium fast,2008 - 2024,2018,IPL 2018,RCB,8,4.0,2.0,52.0,36.0,26.0,46.0,113.04,0.0,0.0,5.0,1.0,3,0,5.0,9.0,174.0,3/30,3/30,52.2,34.8,0.0,0.0,0.0,2008-02-05,2024-06-17,2008-06-15,2023-11-15,3.0,30.0,3.0,30.0
232364,Timothy Grant Southee,1988-12-11,37y 200d,New Zealand,Bowler,Right hand Bat,Right arm Medium fast,2008 - 2024,2017,IPL 2017,MI,3,1.0,0.0,7.0,7.0,7.0,3.0,233.33,0.0,0.0,0.0,1.0,1,0,3.0,9.6,60.0,2/39,2/39,32.0,20.0,0.0,0.0,0.0,2008-02-05,2024-06-17,2008-06-15,2023-11-15,2.0,39.0,2.0,39.0
232364,Timothy Grant Southee,1988-12-11,37y 200d,New Zealand,Bowler,Right hand Bat,Right arm Medium fast,2008 - 2024,2016,IPL 2016,MI,11,4.0,1.0,30.0,25.0,10.0,19.0,157.89,0.0,0.0,1.0,2.0,4,0,9.0,7.65,258.0,3/24,3/24,36.55,28.6,0.0,0.0,0.0,2008-02-05,2024-06-17,2008-06-15,2023-11-15,3.0,24.0,3.0,24.0
232364,Timothy Grant Southee,1988-12-11,37y 200d,New Zealand,Bowler,Right hand Bat,Right arm Medium fast,2008 - 2024,2015,IPL 2015,RR,7,3.0,2.0,13.0,7.0,13.0,9.0,144.44,0.0,0.0,1.0,0.0,4,0,6.0,8.82,168.0,2/32,2/32,41.16,28.0,0.0,0.0,0.0,2008-02-05,2024-06-17,2008-06-15,2023-11-15,2.0,32.0,2.0,32.0
232364,Timothy Grant Southee,1988-12-11,37y 200d,New Zealand,Bowler,Right hand Bat,Right arm Medium fast,2008 - 2024,2014,IPL 2014,RR,3,1.0,0.0,4.0,4.0,4.0,4.0,100.0,0.0,0.0,1.0,0.0,2,0,0.0,7.6,60.0,,,,,0.0,0.0,0.0,2008-02-05,2024-06-17,2008-06-15,2023-11-15,,,,
232364,Timothy Grant Southee,1988-12-11,37y 200d,New Zealand,Bowler,Right hand Bat,Right arm Medium fast,2008 - 2024,2011,IPL 2011,CSK,5,,,,,,,,,,,,0,0,4.0,8.73,114.0,1/30,1/30,41.5,28.5,0.0,0.0,0.0,2008-02-05,2024-06-17,2008-06-15,2023-11-15,1.0,30.0,1.0,30.0
822553,Tushar Uday Deshpande,1995-05-15,31y 45d,India,Bowler,Left hand Bat,Right arm Medium fast,2024 - 2024,2026,IPL 2026,RR,7,2.0,0.0,26.0,25.0,13.0,14.0,185.71,0.0,0.0,0.0,3.0,2,0,4.0,11.95,138.0,1/24,1/24,68.75,34.5,0.0,0.0,0.0,2024-07-13,2024-07-14,,,1.0,24.0,1.0,24.0
822553,Tushar Uday Deshpande,1995-05-15,31y 45d,India,Bowler,Left hand Bat,Right arm Medium fast,2024 - 2024,2025,IPL 2025,RR,10,4.0,3.0,7.0,3.0,7.0,8.0,87.5,0.0,0.0,0.0,0.0,2,0,9.0,10.62,192.0,3/44,3/44,37.77,21.3,0.0,0.0,0.0,2024-07-13,2024-07-14,,,3.0,44.0,3.0,44.0
822553,Tushar Uday Deshpande,1995-05-15,31y 45d,India,Bowler,Left hand Bat,Right arm Medium fast,2024 - 2024,2024,IPL 2024,CSK,13,1.0,1.0,0.0,0.0,,1.0,0.0,0.0,0.0,0.0,0.0,2,0,17.0,8.83,288.0,4/27,4/27,24.94,16.9,1.0,0.0,0.0,2024-07-13,2024-07-14,,,4.0,27.0,4.0,27.0
822553,Tushar Uday Deshpande,1995-05-15,31y 45d,India,Bowler,Left hand Bat,Right arm Medium fast,2024 - 2024,2023,IPL 2023,CSK,16,1.0,1.0,0.0,0.0,,1.0,0.0,0.0,0.0,0.0,0.0,2,0,21.0,9.92,341.0,3/45,3/45,26.85,16.2,0.0,0.0,0.0,2024-07-13,2024-07-14,,,3.0,45.0,3.0,45.0
822553,Tushar Uday Deshpande,1995-05-15,31y 45d,India,Bowler,Left hand Bat,Right arm Medium fast,2024 - 2024,2022,IPL 2022,CSK,2,,,,,,,,,,,,1,0,1.0,9.0,42.0,1/40,1/40,63.0,42.0,0.0,0.0,0.0,2024-07-13,2024-07-14,,,1.0,40.0,1.0,40.0
822553,Tushar Uday Deshpande,1995-05-15,31y 45d,India,Bowler,Left hand Bat,Right arm Medium fast,2024 - 2024,2020/21,IPL 2020/21,DC,5,2.0,1.0,21.0,20.0,21.0,12.0,175.0,0.0,0.0,2.0,1.0,1,0,3.0,11.29,102.0,2/37,2/37,64.0,34.0,0.0,0.0,0.0,2024-07-13,2024-07-14,,,2.0,37.0,2.0,37.0
1131570,Urvil Mukesh Patel,1998-10-17,27y 255d,India,Wicketkeeper Batter,Right hand Bat,,,2026,IPL 2026,CSK,7,7.0,0.0,129.0,65.0,18.42,64.0,201.56,0.0,1.0,6.0,14.0,6,0,,,,,,,,,,,,,,,,,,
1131570,Urvil Mukesh Patel,1998-10-17,27y 255d,India,Wicketkeeper Batter,Right hand Bat,,,2025,IPL 2025,CSK,3,3.0,0.0,68.0,37.0,22.66,32.0,212.5,0.0,0.0,5.0,6.0,2,0,,,,,,,,,,,,,,,,,,
35619,Vidyut Sivaramakrishnan,1981-12-03,44y 208d,India,Batting Allrounder,Left hand Bat,Slow Left arm Orthodox,,2007/08,IPL 2007/08,CSK,9,8.0,0.0,145.0,54.0,18.12,109.0,133.02,0.0,1.0,21.0,3.0,1,0,1.0,11.0,12.0,1/22,1/22,22.0,12.0,0.0,0.0,0.0,,,,,1.0,22.0,1.0,22.0
477021,Vijay Shankar,1991-01-26,35y 154d,India,Allrounder,Right hand Bat,Right arm Medium,2018 - 2019,2025,IPL 2025,CSK,6,5.0,2.0,118.0,69.0,39.33,91.0,129.67,0.0,1.0,8.0,3.0,2,0,,,,,,,,,,,2018-03-06,2019-02-27,2019-01-18,2019-06-27,,,,
477021,Vijay Shankar,1991-01-26,35y 154d,India,Allrounder,Right hand Bat,Right arm Medium,2018 - 2019,2024,IPL 2024,GT,7,7.0,2.0,83.0,17.0,16.6,72.0,115.27,0.0,0.0,7.0,2.0,3,0,,,,,,,,,,,2018-03-06,2019-02-27,2019-01-18,2019-06-27,,,,
477021,Vijay Shankar,1991-01-26,35y 154d,India,Allrounder,Right hand Bat,Right arm Medium,2018 - 2019,2023,IPL 2023,GT,14,10.0,2.0,301.0,63.0,37.62,188.0,160.1,0.0,3.0,27.0,15.0,2,0,,,,,,,,,,,2018-03-06,2019-02-27,2019-01-18,2019-06-27,,,,
477021,Vijay Shankar,1991-01-26,35y 154d,India,Allrounder,Right hand Bat,Right arm Medium,2018 - 2019,2022,IPL 2022,GT,4,4.0,0.0,19.0,13.0,4.75,35.0,54.28,0.0,0.0,1.0,0.0,3,0,0.0,10.0,9.0,,,,,0.0,0.0,0.0,2018-03-06,2019-02-27,2019-01-18,2019-06-27,,,,
477021,Vijay Shankar,1991-01-26,35y 154d,India,Allrounder,Right hand Bat,Right arm Medium,2018 - 2019,2021,IPL 2021,SRH,7,5.0,0.0,58.0,28.0,11.6,52.0,111.53,0.0,0.0,1.0,3.0,3,0,3.0,9.09,66.0,2/19,2/19,33.33,22.0,0.0,0.0,0.0,2018-03-06,2019-02-27,2019-01-18,2019-06-27,2.0,19.0,2.0,19.0
477021,Vijay Shankar,1991-01-26,35y 154d,India,Allrounder,Right hand Bat,Right arm Medium,2018 - 2019,2020/21,IPL 2020/21,SRH,7,5.0,1.0,97.0,52.0,24.25,96.0,101.04,0.0,1.0,10.0,1.0,1,0,4.0,6.22,79.0,1/11,1/11,20.5,19.7,0.0,0.0,0.0,2018-03-06,2019-02-27,2019-01-18,2019-06-27,1.0,11.0,1.0,11.0
477021,Vijay Shankar,1991-01-26,35y 154d,India,Allrounder,Right hand Bat,Right arm Medium,2018 - 2019,2019,IPL 2019,SRH,15,14.0,2.0,244.0,40.0,20.33,193.0,126.42,0.0,0.0,11.0,12.0,10,0,1.0,8.75,48.0,1/11,1/11,70.0,48.0,0.0,0.0,0.0,2018-03-06,2019-02-27,2019-01-18,2019-06-27,1.0,11.0,1.0,11.0
477021,Vijay Shankar,1991-01-26,35y 154d,India,Allrounder,Right hand Bat,Right arm Medium,2018 - 2019,2018,IPL 2018,DC,13,11.0,7.0,212.0,54.0,53.0,148.0,143.24,0.0,1.0,11.0,11.0,6,0,1.0,11.6,30.0,1/22,1/22,58.0,30.0,0.0,0.0,0.0,2018-03-06,2019-02-27,2019-01-18,2019-06-27,1.0,22.0,1.0,22.0
477021,Vijay Shankar,1991-01-26,35y 154d,India,Allrounder,Right hand Bat,Right arm Medium,2018 - 2019,2017,IPL 2017,SRH,4,4.0,2.0,101.0,63.0,50.5,75.0,134.66,0.0,1.0,12.0,1.0,1,0,,,,,,,,,,,2018-03-06,2019-02-27,2019-01-18,2019-06-27,,,,
477021,Vijay Shankar,1991-01-26,35y 154d,India,Allrounder,Right hand Bat,Right arm Medium,2018 - 2019,2014,IPL 2014,CSK,1,,,,,,,,,,,,0,0,0.0,19.0,6.0,,,,,0.0,0.0,0.0,2018-03-06,2019-02-27,2019-01-18,2019-06-27,,,,
279810,Wriddhiman Prasanta Saha,1984-10-24,41y 248d,India,Wicketkeeper Batter,Right hand Bat,,2010 - 2021,2024,IPL 2024,GT,9,9.0,0.0,136.0,39.0,15.11,115.0,118.26,0.0,0.0,18.0,3.0,5,2,,,,,,,,,,,,,2010-11-28,2014-11-09,,,,
279810,Wriddhiman Prasanta Saha,1984-10-24,41y 248d,India,Wicketkeeper Batter,Right hand Bat,,2010 - 2021,2023,IPL 2023,GT,17,17.0,1.0,371.0,81.0,23.18,287.0,129.26,0.0,2.0,47.0,8.0,9,2,,,,,,,,,,,,,2010-11-28,2014-11-09,,,,
279810,Wriddhiman Prasanta Saha,1984-10-24,41y 248d,India,Wicketkeeper Batter,Right hand Bat,,2010 - 2021,2022,IPL 2022,GT,11,11.0,1.0,317.0,68.0,31.7,259.0,122.39,0.0,3.0,40.0,7.0,11,2,,,,,,,,,,,,,2010-11-28,2014-11-09,,,,
279810,Wriddhiman Prasanta Saha,1984-10-24,41y 248d,India,Wicketkeeper Batter,Right hand Bat,,2010 - 2021,2021,IPL 2021,SRH,9,9.0,0.0,131.0,44.0,14.55,140.0,93.57,0.0,0.0,7.0,5.0,6,0,,,,,,,,,,,,,2010-11-28,2014-11-09,,,,
279810,Wriddhiman Prasanta Saha,1984-10-24,41y 248d,India,Wicketkeeper Batter,Right hand Bat,,2010 - 2021,2020/21,IPL 2020/21,SRH,4,4.0,1.0,214.0,87.0,71.33,153.0,139.86,0.0,2.0,24.0,5.0,2,1,,,,,,,,,,,,,2010-11-28,2014-11-09,,,,
279810,Wriddhiman Prasanta Saha,1984-10-24,41y 248d,India,Wicketkeeper Batter,Right hand Bat,,2010 - 2021,2019,IPL 2019,SRH,5,5.0,0.0,86.0,28.0,17.2,53.0,162.26,0.0,0.0,13.0,1.0,3,1,,,,,,,,,,,,,2010-11-28,2014-11-09,,,,
279810,Wriddhiman Prasanta Saha,1984-10-24,41y 248d,India,Wicketkeeper Batter,Right hand Bat,,2010 - 2021,2018,IPL 2018,SRH,11,10.0,2.0,122.0,35.0,15.25,102.0,119.6,0.0,0.0,17.0,1.0,5,1,,,,,,,,,,,,,2010-11-28,2014-11-09,,,,
279810,Wriddhiman Prasanta Saha,1984-10-24,41y 248d,India,Wicketkeeper Batter,Right hand Bat,,2010 - 2021,2017,IPL 2017,PBKS,14,11.0,1.0,234.0,93.0,23.4,187.0,125.13,0.0,1.0,20.0,8.0,10,2,,,,,,,,,,,,,2010-11-28,2014-11-09,,,,
279810,Wriddhiman Prasanta Saha,1984-10-24,41y 248d,India,Wicketkeeper Batter,Right hand Bat,,2010 - 2021,2016,IPL 2016,PBKS,12,12.0,1.0,270.0,56.0,24.54,212.0,127.35,0.0,2.0,29.0,1.0,7,3,,,,,,,,,,,,,2010-11-28,2014-11-09,,,,
279810,Wriddhiman Prasanta Saha,1984-10-24,41y 248d,India,Wicketkeeper Batter,Right hand Bat,,2010 - 2021,2015,IPL 2015,PBKS,14,13.0,0.0,249.0,42.0,19.15,197.0,126.39,0.0,0.0,16.0,10.0,11,3,,,,,,,,,,,,,2010-11-28,2014-11-09,,,,
279810,Wriddhiman Prasanta Saha,1984-10-24,41y 248d,India,Wicketkeeper Batter,Right hand Bat,,2010 - 2021,2014,IPL 2014,PBKS,17,13.0,2.0,362.0,115.0,32.9,249.0,145.38,1.0,2.0,33.0,18.0,8,4,,,,,,,,,,,,,2010-11-28,2014-11-09,,,,
279810,Wriddhiman Prasanta Saha,1984-10-24,41y 248d,India,Wicketkeeper Batter,Right hand Bat,,2010 - 2021,2013,IPL 2013,CSK,3,3.0,0.0,70.0,39.0,23.33,56.0,125.0,0.0,0.0,6.0,4.0,0,0,,,,,,,,,,,,,2010-11-28,2014-11-09,,,,
279810,Wriddhiman Prasanta Saha,1984-10-24,41y 248d,India,Wicketkeeper Batter,Right hand Bat,,2010 - 2021,2012,IPL 2012,CSK,4,1.0,0.0,6.0,6.0,6.0,14.0,42.85,0.0,0.0,0.0,0.0,0,0,,,,,,,,,,,,,2010-11-28,2014-11-09,,,,
279810,Wriddhiman Prasanta Saha,1984-10-24,41y 248d,India,Wicketkeeper Batter,Right hand Bat,,2010 - 2021,2011,IPL 2011,CSK,7,3.0,2.0,68.0,46.0,68.0,63.0,107.93,0.0,0.0,2.0,4.0,2,0,,,,,,,,,,,,,2010-11-28,2014-11-09,,,,
279810,Wriddhiman Prasanta Saha,1984-10-24,41y 248d,India,Wicketkeeper Batter,Right hand Bat,,2010 - 2021,2009/10,IPL 2009/10,KKR,13,7.0,4.0,67.0,22.0,22.33,53.0,126.41,0.0,0.0,9.0,1.0,3,3,,,,,,,,,,,,,2010-11-28,2014-11-09,,,,
279810,Wriddhiman Prasanta Saha,1984-10-24,41y 248d,India,Wicketkeeper Batter,Right hand Bat,,2010 - 2021,2009,IPL 2009,KKR,8,7.0,4.0,72.0,25.0,24.0,41.0,175.6,0.0,0.0,3.0,4.0,2,0,,,,,,,,,,,,,2010-11-28,2014-11-09,,,,
279810,Wriddhiman Prasanta Saha,1984-10-24,41y 248d,India,Wicketkeeper Batter,Right hand Bat,,2010 - 2021,2007/08,IPL 2007/08,KKR,12,10.0,5.0,159.0,59.0,31.8,119.0,133.61,0.0,1.0,12.0,7.0,8,2,,,,,,,,,,,,,2010-11-28,2014-11-09,,,,
31732,Vijaykumar Yo Mahesh,1987-12-21,38y 190d,India,Allrounder,Right hand Bat,Right arm Medium fast,,2012,IPL 2012,CSK,5,,,,,,,,,,,,1,0,3.0,8.67,56.0,2/21,2/21,27.0,18.6,0.0,0.0,0.0,,,,,2.0,21.0,2.0,21.0
31732,Vijaykumar Yo Mahesh,1987-12-21,38y 190d,India,Allrounder,Right hand Bat,Right arm Medium fast,,2009/10,IPL 2009/10,DC,1,,,,,,,,,,,,0,0,1.0,7.66,18.0,1/23,1/23,23.0,18.0,0.0,0.0,0.0,,,,,1.0,23.0,1.0,23.0
31732,Vijaykumar Yo Mahesh,1987-12-21,38y 190d,India,Allrounder,Right hand Bat,Right arm Medium fast,,2009,IPL 2009,DC,1,,,,,,,,,,,,0,0,1.0,12.5,12.0,1/25,1/25,25.0,12.0,0.0,0.0,0.0,,,,,1.0,25.0,1.0,25.0
31732,Vijaykumar Yo Mahesh,1987-12-21,38y 190d,India,Allrounder,Right hand Bat,Right arm Medium fast,,2007/08,IPL 2007/08,DC,11,5.0,3.0,15.0,6.0,7.5,27.0,55.55,0.0,0.0,0.0,0.0,5,0,16.0,8.77,253.0,4/36,4/36,23.12,15.8,1.0,0.0,0.0,,,,,4.0,36.0,4.0,36.0
5334,Aaron James Finch,1986-11-17,39y 229d,Australia,Top order Batter,Right hand Bat,Slow Left arm Orthodox,2011 - 2022,2022,IPL 2022,KKR,5,5.0,0.0,86.0,58.0,17.2,61.0,140.98,0.0,1.0,10.0,3.0,1,0,,,,,,,,,,,2011-01-12,2022-10-31,2013-01-11,2022-09-11,,,,
5334,Aaron James Finch,1986-11-17,39y 229d,Australia,Top order Batter,Right hand Bat,Slow Left arm Orthodox,2011 - 2022,2020/21,IPL 2020/21,RCB,12,12.0,0.0,268.0,52.0,22.33,241.0,111.2,0.0,1.0,28.0,8.0,3,0,,,,,,,,,,,2011-01-12,2022-10-31,2013-01-11,2022-09-11,,,,
5334,Aaron James Finch,1986-11-17,39y 229d,Australia,Top order Batter,Right hand Bat,Slow Left arm Orthodox,2011 - 2022,2018,IPL 2018,PBKS,10,9.0,1.0,134.0,46.0,16.75,100.0,134.0,0.0,0.0,6.0,8.0,4,0,,,,,,,,,,,2011-01-12,2022-10-31,2013-01-11,2022-09-11,,,,
5334,Aaron James Finch,1986-11-17,39y 229d,Australia,Top order Batter,Right hand Bat,Slow Left arm Orthodox,2011 - 2022,2017,IPL 2017,GL,13,13.0,1.0,299.0,72.0,24.91,180.0,166.11,0.0,2.0,25.0,19.0,5,0,,,,,,,,,,,2011-01-12,2022-10-31,2013-01-11,2022-09-11,,,,
5334,Aaron James Finch,1986-11-17,39y 229d,Australia,Top order Batter,Right hand Bat,Slow Left arm Orthodox,2011 - 2022,2016,IPL 2016,GL,13,12.0,2.0,393.0,74.0,39.3,299.0,131.43,0.0,5.0,45.0,11.0,3,0,,,,,,,,,,,2011-01-12,2022-10-31,2013-01-11,2022-09-11,,,,
5334,Aaron James Finch,1986-11-17,39y 229d,Australia,Top order Batter,Right hand Bat,Slow Left arm Orthodox,2011 - 2022,2015,IPL 2015,MI,3,3.0,1.0,23.0,10.0,11.5,33.0,69.69,0.0,0.0,4.0,0.0,0,0,,,,,,,,,,,2011-01-12,2022-10-31,2013-01-11,2022-09-11,,,,
5334,Aaron James Finch,1986-11-17,39y 229d,Australia,Top order Batter,Right hand Bat,Slow Left arm Orthodox,2011 - 2022,2014,IPL 2014,SRH,13,13.0,2.0,309.0,88.0,28.09,263.0,117.49,0.0,2.0,31.0,9.0,6,0,,,,,,,,,,,2011-01-12,2022-10-31,2013-01-11,2022-09-11,,,,
5334,Aaron James Finch,1986-11-17,39y 229d,Australia,Top order Batter,Right hand Bat,Slow Left arm Orthodox,2011 - 2022,2013,IPL 2013,PWI,14,14.0,0.0,456.0,67.0,32.57,336.0,135.71,0.0,4.0,54.0,16.0,2,0,1.0,12.25,24.0,1/11,1/11,49.0,24.0,0.0,0.0,0.0,2011-01-12,2022-10-31,2013-01-11,2022-09-11,1.0,11.0,1.0,11.0
5334,Aaron James Finch,1986-11-17,39y 229d,Australia,Top order Batter,Right hand Bat,Slow Left arm Orthodox,2011 - 2022,2012,IPL 2012,DC,2,2.0,0.0,55.0,30.0,27.5,51.0,107.84,0.0,0.0,8.0,0.0,0,0,,,,,,,,,,,2011-01-12,2022-10-31,2013-01-11,2022-09-11,,,,
5334,Aaron James Finch,1986-11-17,39y 229d,Australia,Top order Batter,Right hand Bat,Slow Left arm Orthodox,2011 - 2022,2011,IPL 2011,DC,6,6.0,0.0,47.0,25.0,7.83,46.0,102.17,0.0,0.0,3.0,3.0,4,0,0.0,6.5,12.0,,,,,0.0,0.0,0.0,2011-01-12,2022-10-31,2013-01-11,2022-09-11,,,,
5334,Aaron James Finch,1986-11-17,39y 229d,Australia,Top order Batter,Right hand Bat,Slow Left arm Orthodox,2011 - 2022,2009/10,IPL 2009/10,RR,1,1.0,0.0,21.0,21.0,21.0,21.0,100.0,0.0,0.0,0.0,1.0,0,0,0.0,4.28,7.0,,,,,0.0,0.0,0.0,2011-01-12,2022-10-31,2013-01-11,2022-09-11,,,,
34264,Aavishkar Madhav Salvi,1981-10-20,44y 257d,India,Bowler,Right hand Bat,Right arm Medium,2003 - 2003,2011,IPL 2011,DC,2,,,,,,,,,,,,1,0,3.0,8.25,48.0,2/40,2/40,22.0,16.0,0.0,0.0,0.0,,,2003-04-11,2003-11-18,2.0,40.0,2.0,40.0
34264,Aavishkar Madhav Salvi,1981-10-20,44y 257d,India,Bowler,Right hand Bat,Right arm Medium,2003 - 2003,2009,IPL 2009,DC,5,,,,,,,,,,,,1,0,4.0,7.88,102.0,2/19,2/19,33.5,25.5,0.0,0.0,0.0,,,2003-04-11,2003-11-18,2.0,19.0,2.0,19.0
44936,Abraham Benjamin de Villiers,1984-02-17,42y 137d,South Africa,Wicketkeeper Batter,Right hand Bat,Right arm Medium,2004 - 2018,2021,IPL 2021,RCB,15,14.0,4.0,313.0,76.0,31.3,211.0,148.34,0.0,2.0,23.0,16.0,15,0,,,,,,,,,,,2006-02-24,2017-10-29,2005-02-02,2018-02-16,,,,
44936,Abraham Benjamin de Villiers,1984-02-17,42y 137d,South Africa,Wicketkeeper Batter,Right hand Bat,Right arm Medium,2004 - 2018,2020/21,IPL 2020/21,RCB,15,14.0,4.0,454.0,73.0,45.4,286.0,158.74,0.0,5.0,33.0,23.0,10,1,,,,,,,,,,,2006-02-24,2017-10-29,2005-02-02,2018-02-16,,,,
44936,Abraham Benjamin de Villiers,1984-02-17,42y 137d,South Africa,Wicketkeeper Batter,Right hand Bat,Right arm Medium,2004 - 2018,2019,IPL 2019,RCB,13,13.0,3.0,442.0,82.0,44.2,287.0,154.0,0.0,5.0,31.0,26.0,6,0,,,,,,,,,,,2006-02-24,2017-10-29,2005-02-02,2018-02-16,,,,
44936,Abraham Benjamin de Villiers,1984-02-17,42y 137d,South Africa,Wicketkeeper Batter,Right hand Bat,Right arm Medium,2004 - 2018,2018,IPL 2018,RCB,12,11.0,2.0,480.0,90.0,53.33,275.0,174.54,0.0,6.0,39.0,30.0,6,0,,,,,,,,,,,2006-02-24,2017-10-29,2005-02-02,2018-02-16,,,,
44936,Abraham Benjamin de Villiers,1984-02-17,42y 137d,South Africa,Wicketkeeper Batter,Right hand Bat,Right arm Medium,2004 - 2018,2017,IPL 2017,RCB,9,9.0,1.0,216.0,89.0,27.0,163.0,132.51,0.0,1.0,12.0,16.0,6,0,,,,,,,,,,,2006-02-24,2017-10-29,2005-02-02,2018-02-16,,,,
44936,Abraham Benjamin de Villiers,1984-02-17,42y 137d,South Africa,Wicketkeeper Batter,Right hand Bat,Right arm Medium,2004 - 2018,2016,IPL 2016,RCB,16,16.0,3.0,687.0,129.0,52.84,407.0,168.79,1.0,6.0,57.0,37.0,19,0,,,,,,,,,,,2006-02-24,2017-10-29,2005-02-02,2018-02-16,,,,
44936,Abraham Benjamin de Villiers,1984-02-17,42y 137d,South Africa,Wicketkeeper Batter,Right hand Bat,Right arm Medium,2004 - 2018,2015,IPL 2015,RCB,16,14.0,3.0,513.0,133.0,46.63,293.0,175.08,1.0,2.0,60.0,22.0,8,0,,,,,,,,,,,2006-02-24,2017-10-29,2005-02-02,2018-02-16,,,,
44936,Abraham Benjamin de Villiers,1984-02-17,42y 137d,South Africa,Wicketkeeper Batter,Right hand Bat,Right arm Medium,2004 - 2018,2014,IPL 2014,RCB,14,13.0,2.0,395.0,89.0,35.9,249.0,158.63,0.0,3.0,26.0,24.0,7,0,,,,,,,,,,,2006-02-24,2017-10-29,2005-02-02,2018-02-16,,,,
44936,Abraham Benjamin de Villiers,1984-02-17,42y 137d,South Africa,Wicketkeeper Batter,Right hand Bat,Right arm Medium,2004 - 2018,2013,IPL 2013,RCB,14,14.0,4.0,360.0,64.0,36.0,219.0,164.38,0.0,2.0,34.0,15.0,8,0,,,,,,,,,,,2006-02-24,2017-10-29,2005-02-02,2018-02-16,,,,
44936,Abraham Benjamin de Villiers,1984-02-17,42y 137d,South Africa,Wicketkeeper Batter,Right hand Bat,Right arm Medium,2004 - 2018,2012,IPL 2012,RCB,16,13.0,5.0,319.0,64.0,39.87,198.0,161.11,0.0,3.0,26.0,15.0,4,5,,,,,,,,,,,2006-02-24,2017-10-29,2005-02-02,2018-02-16,,,,
44936,Abraham Benjamin de Villiers,1984-02-17,42y 137d,South Africa,Wicketkeeper Batter,Right hand Bat,Right arm Medium,2004 - 2018,2011,IPL 2011,RCB,16,13.0,4.0,312.0,65.0,34.66,243.0,128.39,0.0,2.0,21.0,14.0,7,2,,,,,,,,,,,2006-02-24,2017-10-29,2005-02-02,2018-02-16,,,,
44936,Abraham Benjamin de Villiers,1984-02-17,42y 137d,South Africa,Wicketkeeper Batter,Right hand Bat,Right arm Medium,2004 - 2018,2009/10,IPL 2009/10,DC,7,7.0,0.0,111.0,45.0,15.85,119.0,93.27,0.0,0.0,7.0,0.0,6,0,,,,,,,,,,,2006-02-24,2017-10-29,2005-02-02,2018-02-16,,,,
44936,Abraham Benjamin de Villiers,1984-02-17,42y 137d,South Africa,Wicketkeeper Batter,Right hand Bat,Right arm Medium,2004 - 2018,2009,IPL 2009,DC,15,13.0,4.0,465.0,105.0,51.66,355.0,130.98,1.0,3.0,39.0,12.0,13,0,,,,,,,,,,,2006-02-24,2017-10-29,2005-02-02,2018-02-16,,,,
44936,Abraham Benjamin de Villiers,1984-02-17,42y 137d,South Africa,Wicketkeeper Batter,Right hand Bat,Right arm Medium,2004 - 2018,2007/08,IPL 2007/08,DC,6,6.0,1.0,95.0,26.0,19.0,98.0,96.93,0.0,0.0,5.0,1.0,3,0,,,,,,,,,,,2006-02-24,2017-10-29,2005-02-02,2018-02-16,,,,
1070183,Abhishek Sharma,2000-09-04,25y 303d,India,Batting Allrounder,Left hand Bat,Slow Left arm Orthodox,2024 - 2026,2026,IPL 2026,SRH,15,15.0,1.0,563.0,135.0,40.21,275.0,204.72,1.0,4.0,50.0,43.0,10,0,0.0,10.13,29.0,,,,,0.0,0.0,0.0,2024-07-06,2026-07-01,,,,,,
1070183,Abhishek Sharma,2000-09-04,25y 303d,India,Batting Allrounder,Left hand Bat,Slow Left arm Orthodox,2024 - 2026,2025,IPL 2025,SRH,14,13.0,0.0,439.0,141.0,33.76,227.0,193.39,1.0,2.0,46.0,28.0,8,0,0.0,10.18,66.0,,,,,0.0,0.0,0.0,2024-07-06,2026-07-01,,,,,,
1070183,Abhishek Sharma,2000-09-04,25y 303d,India,Batting Allrounder,Left hand Bat,Slow Left arm Orthodox,2024 - 2026,2024,IPL 2024,SRH,16,16.0,1.0,484.0,75.0,32.26,237.0,204.21,0.0,3.0,36.0,42.0,7,0,2.0,7.28,42.0,2/24,2/24,25.5,21.0,0.0,0.0,0.0,2024-07-06,2026-07-01,,,2.0,24.0,2.0,24.0
1070183,Abhishek Sharma,2000-09-04,25y 303d,India,Batting Allrounder,Left hand Bat,Slow Left arm Orthodox,2024 - 2026,2023,IPL 2023,SRH,11,11.0,0.0,226.0,67.0,20.54,157.0,143.94,0.0,2.0,28.0,6.0,4,0,2.0,10.33,72.0,1/26,1/26,62.0,36.0,0.0,0.0,0.0,2024-07-06,2026-07-01,,,1.0,26.0,1.0,26.0
1070183,Abhishek Sharma,2000-09-04,25y 303d,India,Batting Allrounder,Left hand Bat,Slow Left arm Orthodox,2024 - 2026,2022,IPL 2022,SRH,14,14.0,0.0,426.0,75.0,30.42,320.0,133.12,0.0,2.0,47.0,13.0,1,0,0.0,9.5,24.0,,,,,0.0,0.0,0.0,2024-07-06,2026-07-01,,,,,,
1070183,Abhishek Sharma,2000-09-04,25y 303d,India,Batting Allrounder,Left hand Bat,Slow Left arm Orthodox,2024 - 2026,2021,IPL 2021,SRH,8,7.0,1.0,98.0,33.0,16.33,75.0,130.66,0.0,0.0,7.0,4.0,2,0,4.0,6.4,60.0,2/4,2/4,16.0,15.0,0.0,0.0,0.0,2024-07-06,2026-07-01,,,2.0,4.0,2.0,4.0
1070183,Abhishek Sharma,2000-09-04,25y 303d,India,Batting Allrounder,Left hand Bat,Slow Left arm Orthodox,2024 - 2026,2020/21,IPL 2020/21,SRH,8,7.0,2.0,71.0,31.0,14.2,56.0,126.78,0.0,0.0,6.0,3.0,1,0,2.0,9.1,60.0,1/15,1/15,45.5,30.0,0.0,0.0,0.0,2024-07-06,2026-07-01,,,1.0,15.0,1.0,15.0
1070183,Abhishek Sharma,2000-09-04,25y 303d,India,Batting Allrounder,Left hand Bat,Slow Left arm Orthodox,2024 - 2026,2019,IPL 2019,SRH,3,3.0,1.0,9.0,5.0,4.5,9.0,100.0,0.0,0.0,1.0,0.0,1,0,1.0,10.5,12.0,1/10,1/10,21.0,12.0,0.0,0.0,0.0,2024-07-06,2026-07-01,,,1.0,10.0,1.0,10.0
1070183,Abhishek Sharma,2000-09-04,25y 303d,India,Batting Allrounder,Left hand Bat,Slow Left arm Orthodox,2024 - 2026,2018,IPL 2018,DC,3,3.0,2.0,63.0,46.0,63.0,33.0,190.9,0.0,0.0,3.0,5.0,1,0,,,,,,,,,,,2024-07-06,2026-07-01,,,,,,
1277545,Abishek Porel,2002-10-17,23y 260d,India,Wicketkeeper Batter,Left hand Bat,,,2026,IPL 2026,DC,4,4.0,0.0,108.0,51.0,27.0,88.0,122.72,0.0,1.0,15.0,1.0,0,0,,,,,,,,,,,,,,,,,,
1277545,Abishek Porel,2002-10-17,23y 260d,India,Wicketkeeper Batter,Left hand Bat,,,2025,IPL 2025,DC,13,13.0,1.0,301.0,51.0,25.08,205.0,146.82,0.0,1.0,28.0,12.0,3,0,,,,,,,,,,,,,,,,,,
1277545,Abishek Porel,2002-10-17,23y 260d,India,Wicketkeeper Batter,Left hand Bat,,,2024,IPL 2024,DC,14,12.0,2.0,327.0,65.0,32.7,205.0,159.51,0.0,2.0,36.0,13.0,2,0,,,,,,,,,,,,,,,,,,
1277545,Abishek Porel,2002-10-17,23y 260d,India,Wicketkeeper Batter,Left hand Bat,,,2023,IPL 2023,DC,4,4.0,0.0,33.0,20.0,8.25,31.0,106.45,0.0,0.0,1.0,2.0,4,0,,,,,,,,,,,,,,,,,,
333904,Aditya Prakash Tare,1987-11-07,38y 239d,India,Wicketkeeper,Right hand Bat,,,2017,IPL 2017,DC,3,3.0,0.0,18.0,18.0,6.0,23.0,78.26,0.0,0.0,3.0,0.0,0,0,,,,,,,,,,,,,,,,,,
333904,Aditya Prakash Tare,1987-11-07,38y 239d,India,Wicketkeeper,Right hand Bat,,,2016,IPL 2016,SRH,3,2.0,0.0,8.0,8.0,4.0,15.0,53.33,0.0,0.0,1.0,0.0,1,0,,,,,,,,,,,,,,,,,,
333904,Aditya Prakash Tare,1987-11-07,38y 239d,India,Wicketkeeper,Right hand Bat,,,2015,IPL 2015,MI,2,2.0,0.0,14.0,7.0,7.0,17.0,82.35,0.0,0.0,1.0,0.0,1,0,,,,,,,,,,,,,,,,,,
333904,Aditya Prakash Tare,1987-11-07,38y 239d,India,Wicketkeeper,Right hand Bat,,,2014,IPL 2014,MI,15,12.0,4.0,126.0,24.0,15.75,98.0,128.57,0.0,0.0,16.0,3.0,0,3,,,,,,,,,,,,,,,,,,
333904,Aditya Prakash Tare,1987-11-07,38y 239d,India,Wicketkeeper,Right hand Bat,,,2013,IPL 2013,MI,5,5.0,0.0,123.0,59.0,24.6,84.0,146.42,0.0,1.0,14.0,5.0,0,0,,,,,,,,,,,,,,,,,,
333904,Aditya Prakash Tare,1987-11-07,38y 239d,India,Wicketkeeper,Right hand Bat,,,2009/10,IPL 2009/10,MI,7,4.0,0.0,50.0,23.0,12.5,36.0,138.88,0.0,0.0,5.0,3.0,1,2,,,,,,,,,,,,,,,,,,
26184,Ajit Bhalchandra Agarkar,1977-12-04,48y 212d,India,Bowler,Right hand Bat,Right arm Fast,1998 - 2007,2013,IPL 2013,DC,4,2.0,1.0,12.0,9.0,12.0,16.0,75.0,0.0,0.0,0.0,0.0,1,0,0.0,9.2,60.0,,,,,0.0,0.0,0.0,2006-12-01,2007-09-16,1998-04-01,2007-09-05,,,,
26184,Ajit Bhalchandra Agarkar,1977-12-04,48y 212d,India,Bowler,Right hand Bat,Right arm Fast,1998 - 2007,2012,IPL 2012,DC,4,1.0,1.0,0.0,0.0,,0.0,,0.0,0.0,0.0,0.0,2,0,3.0,9.34,86.0,2/27,2/27,44.66,28.6,0.0,0.0,0.0,2006-12-01,2007-09-16,1998-04-01,2007-09-05,2.0,27.0,2.0,27.0
26184,Ajit Bhalchandra Agarkar,1977-12-04,48y 212d,India,Bowler,Right hand Bat,Right arm Fast,1998 - 2007,2011,IPL 2011,DC,7,2.0,1.0,7.0,7.0,7.0,6.0,116.66,0.0,0.0,1.0,0.0,0,0,8.0,8.55,162.0,2/23,2/23,28.87,20.2,0.0,0.0,0.0,2006-12-01,2007-09-16,1998-04-01,2007-09-05,2.0,23.0,2.0,23.0
26184,Ajit Bhalchandra Agarkar,1977-12-04,48y 212d,India,Bowler,Right hand Bat,Right arm Fast,1998 - 2007,2009/10,IPL 2009/10,KKR,7,4.0,3.0,40.0,17.0,40.0,29.0,137.93,0.0,0.0,4.0,0.0,1,0,4.0,9.22,132.0,2/32,2/32,50.75,33.0,0.0,0.0,0.0,2006-12-01,2007-09-16,1998-04-01,2007-09-05,2.0,32.0,2.0,32.0
26184,Ajit Bhalchandra Agarkar,1977-12-04,48y 212d,India,Bowler,Right hand Bat,Right arm Fast,1998 - 2007,2009,IPL 2009,KKR,11,7.0,5.0,66.0,39.0,33.0,57.0,115.78,0.0,0.0,3.0,3.0,0,0,6.0,9.16,186.0,2/15,2/15,47.33,31.0,0.0,0.0,0.0,2006-12-01,2007-09-16,1998-04-01,2007-09-05,2.0,15.0,2.0,15.0
26184,Ajit Bhalchandra Agarkar,1977-12-04,48y 212d,India,Bowler,Right hand Bat,Right arm Fast,1998 - 2007,2007/08,IPL 2007/08,KKR,9,6.0,1.0,54.0,20.0,10.8,46.0,117.39,0.0,0.0,5.0,2.0,1,0,8.0,7.96,156.0,3/25,3/25,25.87,19.5,0.0,0.0,0.0,2006-12-01,2007-09-16,1998-04-01,2007-09-05,3.0,25.0,3.0,25.0
326434,Alex Tyson Carey,1991-08-27,34y 311d,Australia,Wicketkeeper Batter,Left hand Bat,,2018 - 2026,2020/21,IPL 2020/21,DC,3,3.0,1.0,32.0,14.0,16.0,29.0,110.34,0.0,0.0,0.0,1.0,2,0,,,,,,,,,,,2018-02-03,2025-10-04,2018-01-19,2026-06-14,,,,
1254269,Aman Khan,1996-11-23,29y 223d,India,Allrounder,Right hand Bat,Right arm Medium,,2023,IPL 2023,DC,11,9.0,1.0,110.0,51.0,13.75,101.0,108.91,0.0,1.0,7.0,6.0,9,0,,,,,,,,,,,,,,,,,,
1254269,Aman Khan,1996-11-23,29y 223d,India,Allrounder,Right hand Bat,Right arm Medium,,2022,IPL 2022,KKR,1,1.0,0.0,5.0,5.0,5.0,3.0,166.66,0.0,0.0,1.0,0.0,0,0,0.0,13.0,6.0,,,,,0.0,0.0,0.0,,,,,,,,
31107,Amit Mishra,1982-11-24,43y 222d,India,Bowler,Right hand Bat,Legbreak,2003 - 2017,2024,IPL 2024,LSG,1,,,,,,,,,,,,0,0,1.0,10.0,12.0,1/20,1/20,20.0,12.0,0.0,0.0,0.0,2010-06-13,2017-02-01,2003-04-13,2016-10-29,1.0,20.0,1.0,20.0
31107,Amit Mishra,1982-11-24,43y 222d,India,Bowler,Right hand Bat,Legbreak,2003 - 2017,2023,IPL 2023,LSG,7,1.0,0.0,19.0,19.0,19.0,30.0,63.33,0.0,0.0,2.0,0.0,2,0,7.0,7.84,114.0,2/21,2/21,21.28,16.2,0.0,0.0,0.0,2010-06-13,2017-02-01,2003-04-13,2016-10-29,2.0,21.0,2.0,21.0
31107,Amit Mishra,1982-11-24,43y 222d,India,Bowler,Right hand Bat,Legbreak,2003 - 2017,2021,IPL 2021,DC,4,,,,,,,,,,,,0,0,6.0,7.78,84.0,4/24,4/24,18.16,14.0,1.0,0.0,0.0,2010-06-13,2017-02-01,2003-04-13,2016-10-29,4.0,24.0,4.0,24.0
31107,Amit Mishra,1982-11-24,43y 222d,India,Bowler,Right hand Bat,Legbreak,2003 - 2017,2020/21,IPL 2020/21,DC,3,,,,,,,,,,,,1,0,3.0,7.2,60.0,2/35,2/35,24.0,20.0,0.0,0.0,0.0,2010-06-13,2017-02-01,2003-04-13,2016-10-29,2.0,35.0,2.0,35.0
31107,Amit Mishra,1982-11-24,43y 222d,India,Bowler,Right hand Bat,Legbreak,2003 - 2017,2019,IPL 2019,DC,11,4.0,2.0,21.0,8.0,10.5,24.0,87.5,0.0,0.0,2.0,0.0,1,0,11.0,6.75,240.0,3/17,3/17,24.54,21.8,0.0,0.0,0.0,2010-06-13,2017-02-01,2003-04-13,2016-10-29,3.0,17.0,3.0,17.0
31107,Amit Mishra,1982-11-24,43y 222d,India,Bowler,Right hand Bat,Legbreak,2003 - 2017,2018,IPL 2018,DC,10,1.0,1.0,1.0,1.0,,2.0,50.0,0.0,0.0,0.0,0.0,0,0,12.0,7.13,222.0,3/19,3/19,22.0,18.5,0.0,0.0,0.0,2010-06-13,2017-02-01,2003-04-13,2016-10-29,3.0,19.0,3.0,19.0
31107,Amit Mishra,1982-11-24,43y 222d,India,Bowler,Right hand Bat,Legbreak,2003 - 2017,2017,IPL 2017,DC,14,6.0,5.0,49.0,13.0,49.0,52.0,94.23,0.0,0.0,2.0,2.0,3,0,10.0,8.83,233.0,3/11,3/11,34.3,23.3,0.0,0.0,0.0,2010-06-13,2017-02-01,2003-04-13,2016-10-29,3.0,11.0,3.0,11.0
31107,Amit Mishra,1982-11-24,43y 222d,India,Bowler,Right hand Bat,Legbreak,2003 - 2017,2016,IPL 2016,DC,14,2.0,0.0,4.0,3.0,2.0,14.0,28.57,0.0,0.0,0.0,0.0,3,0,13.0,7.47,276.0,4/11,4/11,26.46,21.2,1.0,0.0,0.0,2010-06-13,2017-02-01,2003-04-13,2016-10-29,4.0,11.0,4.0,11.0
31107,Amit Mishra,1982-11-24,43y 222d,India,Bowler,Right hand Bat,Legbreak,2003 - 2017,2015,IPL 2015,DC,12,4.0,2.0,8.0,4.0,4.0,12.0,66.66,0.0,0.0,0.0,0.0,2,0,9.0,7.71,241.0,2/32,2/32,34.44,26.7,0.0,0.0,0.0,2010-06-13,2017-02-01,2003-04-13,2016-10-29,2.0,32.0,2.0,32.0
31107,Amit Mishra,1982-11-24,43y 222d,India,Bowler,Right hand Bat,Legbreak,2003 - 2017,2014,IPL 2014,SRH,10,2.0,1.0,4.0,4.0,4.0,7.0,57.14,0.0,0.0,0.0,0.0,0,0,7.0,9.06,225.0,2/23,2/23,48.57,32.1,0.0,0.0,0.0,2010-06-13,2017-02-01,2003-04-13,2016-10-29,2.0,23.0,2.0,23.0
31107,Amit Mishra,1982-11-24,43y 222d,India,Bowler,Right hand Bat,Legbreak,2003 - 2017,2013,IPL 2013,SRH,17,8.0,2.0,89.0,30.0,14.83,96.0,92.7,0.0,0.0,9.0,0.0,2,0,21.0,6.35,372.0,4/19,4/19,18.76,17.7,1.0,0.0,0.0,2010-06-13,2017-02-01,2003-04-13,2016-10-29,4.0,19.0,4.0,19.0
31107,Amit Mishra,1982-11-24,43y 222d,India,Bowler,Right hand Bat,Legbreak,2003 - 2017,2012,IPL 2012,DCH,14,5.0,2.0,16.0,8.0,5.33,20.0,80.0,0.0,0.0,1.0,0.0,1,0,13.0,8.02,282.0,3/32,3/32,29.0,21.6,0.0,0.0,0.0,2010-06-13,2017-02-01,2003-04-13,2016-10-29,3.0,32.0,3.0,32.0
31107,Amit Mishra,1982-11-24,43y 222d,India,Bowler,Right hand Bat,Legbreak,2003 - 2017,2011,IPL 2011,DCH,14,9.0,5.0,68.0,25.0,17.0,49.0,138.77,0.0,0.0,9.0,1.0,2,0,19.0,6.71,320.0,4/9,4/9,18.84,16.8,1.0,0.0,0.0,2010-06-13,2017-02-01,2003-04-13,2016-10-29,4.0,9.0,4.0,9.0
31107,Amit Mishra,1982-11-24,43y 222d,India,Bowler,Right hand Bat,Legbreak,2003 - 2017,2009/10,IPL 2009/10,DC,14,7.0,3.0,39.0,12.0,9.75,51.0,76.47,0.0,0.0,1.0,0.0,4,0,17.0,6.84,318.0,3/25,3/25,21.35,18.7,0.0,0.0,0.0,2010-06-13,2017-02-01,2003-04-13,2016-10-29,3.0,25.0,3.0,25.0
31107,Amit Mishra,1982-11-24,43y 222d,India,Bowler,Right hand Bat,Legbreak,2003 - 2017,2009,IPL 2009,DC,11,5.0,2.0,26.0,13.0,8.66,20.0,130.0,0.0,0.0,2.0,2.0,2,0,14.0,7.0,252.0,3/14,3/14,21.0,18.0,0.0,0.0,0.0,2010-06-13,2017-02-01,2003-04-13,2016-10-29,3.0,14.0,3.0,14.0
31107,Amit Mishra,1982-11-24,43y 222d,India,Bowler,Right hand Bat,Legbreak,2003 - 2017,2007/08,IPL 2007/08,DC,6,3.0,0.0,37.0,31.0,12.33,42.0,88.09,0.0,0.0,3.0,0.0,0,0,11.0,6.9,120.0,5/17,5/17,12.54,10.9,0.0,1.0,0.0,2010-06-13,2017-02-01,2003-04-13,2016-10-29,5.0,17.0,5.0,17.0
276298,Andre Dwayne Russell,1988-04-29,38y 66d,West Indies,Allrounder,Right hand Bat,Right arm Fast,2010 - 2025,2025,IPL 2025,KKR,13,10.0,1.0,167.0,57.0,18.55,102.0,163.72,0.0,1.0,16.0,14.0,5,0,8.0,11.94,109.0,2/21,2/21,27.12,13.6,0.0,0.0,0.0,2011-04-21,2025-07-22,2011-03-11,2019-06-17,2.0,21.0,2.0,21.0
276298,Andre Dwayne Russell,1988-04-29,38y 66d,West Indies,Allrounder,Right hand Bat,Right arm Fast,2010 - 2025,2024,IPL 2024,KKR,15,9.0,2.0,222.0,64.0,31.71,120.0,185.0,0.0,1.0,20.0,16.0,3,0,19.0,10.05,176.0,3/19,3/19,15.52,9.2,0.0,0.0,0.0,2011-04-21,2025-07-22,2011-03-11,2019-06-17,3.0,19.0,3.0,19.0
276298,Andre Dwayne Russell,1988-04-29,38y 66d,West Indies,Allrounder,Right hand Bat,Right arm Fast,2010 - 2025,2023,IPL 2023,KKR,14,14.0,3.0,227.0,42.0,20.63,156.0,145.51,0.0,0.0,13.0,18.0,6,0,7.0,11.34,91.0,3/22,3/22,24.57,13.0,0.0,0.0,0.0,2011-04-21,2025-07-22,2011-03-11,2019-06-17,3.0,22.0,3.0,22.0
276298,Andre Dwayne Russell,1988-04-29,38y 66d,West Indies,Allrounder,Right hand Bat,Right arm Fast,2010 - 2025,2022,IPL 2022,KKR,14,12.0,3.0,335.0,70.0,37.22,192.0,174.47,0.0,1.0,18.0,32.0,2,0,17.0,9.86,169.0,4/5,4/5,16.35,9.9,1.0,0.0,0.0,2011-04-21,2025-07-22,2011-03-11,2019-06-17,4.0,5.0,4.0,5.0
276298,Andre Dwayne Russell,1988-04-29,38y 66d,West Indies,Allrounder,Right hand Bat,Right arm Fast,2010 - 2025,2021,IPL 2021,KKR,10,9.0,2.0,183.0,54.0,26.14,120.0,152.5,0.0,1.0,14.0,14.0,2,0,11.0,9.89,114.0,5/15,5/15,17.09,10.3,0.0,1.0,0.0,2011-04-21,2025-07-22,2011-03-11,2019-06-17,5.0,15.0,5.0,15.0
276298,Andre Dwayne Russell,1988-04-29,38y 66d,West Indies,Allrounder,Right hand Bat,Right arm Fast,2010 - 2025,2020/21,IPL 2020/21,KKR,10,9.0,0.0,117.0,25.0,13.0,81.0,144.44,0.0,0.0,9.0,9.0,2,0,6.0,9.72,108.0,2/29,2/29,29.16,18.0,0.0,0.0,0.0,2011-04-21,2025-07-22,2011-03-11,2019-06-17,2.0,29.0,2.0,29.0
276298,Andre Dwayne Russell,1988-04-29,38y 66d,West Indies,Allrounder,Right hand Bat,Right arm Fast,2010 - 2025,2019,IPL 2019,KKR,14,13.0,4.0,510.0,80.0,56.66,249.0,204.81,0.0,4.0,31.0,52.0,4,0,11.0,9.51,181.0,2/21,2/21,26.09,16.4,0.0,0.0,0.0,2011-04-21,2025-07-22,2011-03-11,2019-06-17,2.0,21.0,2.0,21.0
276298,Andre Dwayne Russell,1988-04-29,38y 66d,West Indies,Allrounder,Right hand Bat,Right arm Fast,2010 - 2025,2018,IPL 2018,KKR,16,14.0,3.0,316.0,88.0,28.72,171.0,184.79,0.0,1.0,17.0,31.0,8,0,13.0,9.38,227.0,3/31,3/31,27.3,17.4,0.0,0.0,0.0,2011-04-21,2025-07-22,2011-03-11,2019-06-17,3.0,31.0,3.0,31.0
276298,Andre Dwayne Russell,1988-04-29,38y 66d,West Indies,Allrounder,Right hand Bat,Right arm Fast,2010 - 2025,2016,IPL 2016,KKR,12,8.0,1.0,188.0,39.0,26.85,114.0,164.91,0.0,0.0,10.0,15.0,2,0,15.0,7.97,219.0,4/20,4/20,19.4,14.6,1.0,0.0,0.0,2011-04-21,2025-07-22,2011-03-11,2019-06-17,4.0,20.0,4.0,20.0
276298,Andre Dwayne Russell,1988-04-29,38y 66d,West Indies,Allrounder,Right hand Bat,Right arm Fast,2010 - 2025,2015,IPL 2015,KKR,13,11.0,2.0,326.0,66.0,36.22,169.0,192.89,0.0,3.0,35.0,19.0,6,0,14.0,7.96,244.0,3/32,3/32,23.14,17.4,0.0,0.0,0.0,2011-04-21,2025-07-22,2011-03-11,2019-06-17,3.0,32.0,3.0,32.0
276298,Andre Dwayne Russell,1988-04-29,38y 66d,West Indies,Allrounder,Right hand Bat,Right arm Fast,2010 - 2025,2014,IPL 2014,KKR,2,2.0,0.0,2.0,1.0,1.0,8.0,25.0,0.0,0.0,0.0,0.0,0,0,1.0,10.4,30.0,1/25,1/25,52.0,30.0,0.0,0.0,0.0,2011-04-21,2025-07-22,2011-03-11,2019-06-17,1.0,25.0,1.0,25.0
276298,Andre Dwayne Russell,1988-04-29,38y 66d,West Indies,Allrounder,Right hand Bat,Right arm Fast,2010 - 2025,2013,IPL 2013,DC,3,2.0,0.0,11.0,7.0,5.5,14.0,78.57,0.0,0.0,0.0,0.0,1,0,0.0,9.71,42.0,,,,,0.0,0.0,0.0,2011-04-21,2025-07-22,2011-03-11,2019-06-17,,,,
276298,Andre Dwayne Russell,1988-04-29,38y 66d,West Indies,Allrounder,Right hand Bat,Right arm Fast,2010 - 2025,2012,IPL 2012,DC,4,2.0,0.0,47.0,31.0,23.5,26.0,180.76,0.0,0.0,3.0,3.0,0,0,1.0,10.06,96.0,1/51,1/51,161.0,96.0,0.0,0.0,0.0,2011-04-21,2025-07-22,2011-03-11,2019-06-17,1.0,51.0,1.0,51.0
6553,Andrew Barry McDonald,1981-06-05,45y 29d,Australia,Allrounder,Right hand Bat,Right arm Fast medium,2009 - 2009,2013,IPL 2013,RCB,1,1.0,0.0,0.0,0.0,0.0,2.0,0.0,0.0,0.0,0.0,0.0,0,0,1.0,8.5,12.0,1/17,1/17,17.0,12.0,0.0,0.0,0.0,,,,,1.0,17.0,1.0,17.0
6553,Andrew Barry McDonald,1981-06-05,45y 29d,Australia,Allrounder,Right hand Bat,Right arm Fast medium,2009 - 2009,2012,IPL 2012,RCB,4,3.0,1.0,47.0,30.0,23.5,35.0,134.28,0.0,0.0,6.0,2.0,0,0,5.0,6.1,60.0,2/25,2/25,12.2,12.0,0.0,0.0,0.0,,,,,2.0,25.0,2.0,25.0
6553,Andrew Barry McDonald,1981-06-05,45y 29d,Australia,Allrounder,Right hand Bat,Right arm Fast medium,2009 - 2009,2011,IPL 2011,DC,1,1.0,0.0,8.0,8.0,8.0,7.0,114.28,0.0,0.0,0.0,0.0,0,0,0.0,11.5,12.0,,,,,0.0,0.0,0.0,,,,,,,,
6553,Andrew Barry McDonald,1981-06-05,45y 29d,Australia,Allrounder,Right hand Bat,Right arm Fast medium,2009 - 2009,2009/10,IPL 2009/10,DC,4,3.0,3.0,65.0,33.0,,52.0,125.0,0.0,0.0,3.0,2.0,0,0,5.0,9.85,84.0,2/37,2/37,27.6,16.8,0.0,0.0,0.0,,,,,2.0,37.0,2.0,37.0
6553,Andrew Barry McDonald,1981-06-05,45y 29d,Australia,Allrounder,Right hand Bat,Right arm Fast medium,2009 - 2009,2009,IPL 2009,DC,1,1.0,0.0,3.0,3.0,3.0,4.0,75.0,0.0,0.0,0.0,0.0,0,0,0.0,7.33,18.0,,,,,0.0,0.0,0.0,,,,,,,,
49764,Angelo Davis Mathews,1987-06-02,39y 32d,Sri Lanka,Allrounder,Right hand Bat,Right arm Medium,2008 - 2025,2017,IPL 2017,DC,3,2.0,0.0,32.0,31.0,16.0,27.0,118.51,0.0,0.0,2.0,1.0,2,0,0.0,11.2,30.0,,,,,0.0,0.0,0.0,2009-06-08,2024-06-16,2008-11-28,2023-11-09,,,,
49764,Angelo Davis Mathews,1987-06-02,39y 32d,Sri Lanka,Allrounder,Right hand Bat,Right arm Medium,2008 - 2025,2015,IPL 2015,DC,11,10.0,3.0,144.0,28.0,20.57,104.0,138.46,0.0,0.0,12.0,6.0,5,0,7.0,8.2,180.0,2/15,2/15,35.14,25.7,0.0,0.0,0.0,2009-06-08,2024-06-16,2008-11-28,2023-11-09,2.0,15.0,2.0,15.0
49764,Angelo Davis Mathews,1987-06-02,39y 32d,Sri Lanka,Allrounder,Right hand Bat,Right arm Medium,2008 - 2025,2013,IPL 2013,PWI,11,10.0,3.0,172.0,40.0,24.57,139.0,123.74,0.0,0.0,5.0,10.0,5,0,5.0,7.74,186.0,3/14,3/14,48.0,37.2,0.0,0.0,0.0,2009-06-08,2024-06-16,2008-11-28,2023-11-09,3.0,14.0,3.0,14.0
49764,Angelo Davis Mathews,1987-06-02,39y 32d,Sri Lanka,Allrounder,Right hand Bat,Right arm Medium,2008 - 2025,2012,IPL 2012,PWI,9,8.0,1.0,127.0,35.0,18.14,108.0,117.59,0.0,0.0,5.0,4.0,3,0,7.0,7.38,156.0,2/17,2/17,27.42,22.2,0.0,0.0,0.0,2009-06-08,2024-06-16,2008-11-28,2023-11-09,2.0,17.0,2.0,17.0
49764,Angelo Davis Mathews,1987-06-02,39y 32d,Sri Lanka,Allrounder,Right hand Bat,Right arm Medium,2008 - 2025,2009/10,IPL 2009/10,KKR,14,11.0,4.0,233.0,65.0,33.28,184.0,126.63,0.0,1.0,18.0,8.0,3,0,8.0,8.37,225.0,4/19,4/19,39.25,28.1,1.0,0.0,0.0,2009-06-08,2024-06-16,2008-11-28,2023-11-09,4.0,19.0,4.0,19.0
49764,Angelo Davis Mathews,1987-06-02,39y 32d,Sri Lanka,Allrounder,Right hand Bat,Right arm Medium,2008 - 2025,2009,IPL 2009,KKR,1,1.0,0.0,16.0,16.0,16.0,13.0,123.07,0.0,0.0,2.0,0.0,1,0,0.0,13.28,14.0,,,,,0.0,0.0,0.0,2009-06-08,2024-06-16,2008-11-28,2023-11-09,,,,
327123,Ankit Ramdas Bawne,1992-12-17,33y 199d,India,Middle order Batter,Right hand Bat,Right arm Offbreak,,2017,IPL 2017,DC,1,1.0,1.0,12.0,12.0,,12.0,100.0,0.0,0.0,1.0,0.0,0,0,,,,,,,,,,,,,,,,,,
481979,Anrich Arno Nortje,1993-11-16,32y 230d,South Africa,Bowler,Right hand Bat,Right arm Fast,2019 - 2026,2026,IPL 2026,LSG,1,1.0,0.0,0.0,0.0,0.0,1.0,0.0,0.0,0.0,0.0,0.0,0,0,0.0,9.75,24.0,,,,,0.0,0.0,0.0,2019-09-18,2026-03-01,2019-03-03,2023-09-09,,,,
481979,Anrich Arno Nortje,1993-11-16,32y 230d,South Africa,Bowler,Right hand Bat,Right arm Fast,2019 - 2026,2025,IPL 2025,KKR,2,2.0,2.0,0.0,0.0,,0.0,,0.0,0.0,0.0,0.0,1,0,1.0,11.85,42.0,1/23,1/23,83.0,42.0,0.0,0.0,0.0,2019-09-18,2026-03-01,2019-03-03,2023-09-09,1.0,23.0,1.0,23.0
481979,Anrich Arno Nortje,1993-11-16,32y 230d,South Africa,Bowler,Right hand Bat,Right arm Fast,2019 - 2026,2024,IPL 2024,DC,6,2.0,0.0,4.0,4.0,2.0,8.0,50.0,0.0,0.0,0.0,0.0,1,0,7.0,13.36,132.0,3/59,3/59,42.0,18.8,0.0,0.0,0.0,2019-09-18,2026-03-01,2019-03-03,2023-09-09,3.0,59.0,3.0,59.0
481979,Anrich Arno Nortje,1993-11-16,32y 230d,South Africa,Bowler,Right hand Bat,Right arm Fast,2019 - 2026,2023,IPL 2023,DC,10,7.0,4.0,37.0,23.0,12.33,29.0,127.58,0.0,0.0,6.0,0.0,2,0,10.0,9.1,240.0,2/20,2/20,36.4,24.0,0.0,0.0,0.0,2019-09-18,2026-03-01,2019-03-03,2023-09-09,2.0,20.0,2.0,20.0
481979,Anrich Arno Nortje,1993-11-16,32y 230d,South Africa,Bowler,Right hand Bat,Right arm Fast,2019 - 2026,2022,IPL 2022,DC,6,1.0,1.0,1.0,1.0,,6.0,16.66,0.0,0.0,0.0,0.0,2,0,9.0,9.71,134.0,3/42,3/42,24.11,14.8,0.0,0.0,0.0,2019-09-18,2026-03-01,2019-03-03,2023-09-09,3.0,42.0,3.0,42.0
481979,Anrich Arno Nortje,1993-11-16,32y 230d,South Africa,Bowler,Right hand Bat,Right arm Fast,2019 - 2026,2021,IPL 2021,DC,8,,,,,,,,,,,,1,0,12.0,6.16,182.0,2/12,2/12,15.58,15.1,0.0,0.0,0.0,2019-09-18,2026-03-01,2019-03-03,2023-09-09,2.0,12.0,2.0,12.0
481979,Anrich Arno Nortje,1993-11-16,32y 230d,South Africa,Bowler,Right hand Bat,Right arm Fast,2019 - 2026,2020/21,IPL 2020/21,DC,16,5.0,4.0,7.0,3.0,7.0,6.0,116.66,0.0,0.0,0.0,0.0,4,0,22.0,8.39,366.0,3/33,3/33,23.27,16.6,0.0,0.0,0.0,2019-09-18,2026-03-01,2019-03-03,2023-09-09,3.0,33.0,3.0,33.0
227712,Ashok Bhimchandra Dinda,1984-03-25,42y 101d,India,Bowler,Right hand Bat,Right arm Medium fast,2009 - 2013,2017,IPL 2017,RPS,3,1.0,0.0,7.0,7.0,7.0,7.0,100.0,0.0,0.0,1.0,0.0,0,0,1.0,11.9,60.0,1/26,1/26,119.0,60.0,0.0,0.0,0.0,2009-12-09,2012-12-28,2010-05-28,2013-01-11,1.0,26.0,1.0,26.0
227712,Ashok Bhimchandra Dinda,1984-03-25,42y 101d,India,Bowler,Right hand Bat,Right arm Medium fast,2009 - 2013,2016,IPL 2016,RPS,9,,,,,,,,,,,,0,0,11.0,7.57,183.0,3/20,3/20,21.0,16.6,0.0,0.0,0.0,2009-12-09,2012-12-28,2010-05-28,2013-01-11,3.0,20.0,3.0,20.0
227712,Ashok Bhimchandra Dinda,1984-03-25,42y 101d,India,Bowler,Right hand Bat,Right arm Medium fast,2009 - 2013,2015,IPL 2015,RCB,2,,,,,,,,,,,,1,0,0.0,12.4,30.0,,,,,0.0,0.0,0.0,2009-12-09,2012-12-28,2010-05-28,2013-01-11,,,,
227712,Ashok Bhimchandra Dinda,1984-03-25,42y 101d,India,Bowler,Right hand Bat,Right arm Medium fast,2009 - 2013,2014,IPL 2014,RCB,9,3.0,2.0,4.0,2.0,4.0,12.0,33.33,0.0,0.0,0.0,0.0,0,0,5.0,8.7,186.0,1/14,1/14,54.0,37.2,0.0,0.0,0.0,2009-12-09,2012-12-28,2010-05-28,2013-01-11,1.0,14.0,1.0,14.0
227712,Ashok Bhimchandra Dinda,1984-03-25,42y 101d,India,Bowler,Right hand Bat,Right arm Medium fast,2009 - 2013,2013,IPL 2013,PWI,13,5.0,3.0,9.0,6.0,4.5,11.0,81.81,0.0,0.0,1.0,0.0,3,0,16.0,9.48,294.0,3/31,3/31,29.06,18.3,0.0,0.0,0.0,2009-12-09,2012-12-28,2010-05-28,2013-01-11,3.0,31.0,3.0,31.0
227712,Ashok Bhimchandra Dinda,1984-03-25,42y 101d,India,Bowler,Right hand Bat,Right arm Medium fast,2009 - 2013,2012,IPL 2012,PWI,7,1.0,0.0,2.0,2.0,2.0,5.0,40.0,0.0,0.0,0.0,0.0,1,0,9.0,7.04,144.0,4/18,4/18,18.77,16.0,1.0,0.0,0.0,2009-12-09,2012-12-28,2010-05-28,2013-01-11,4.0,18.0,4.0,18.0
227712,Ashok Bhimchandra Dinda,1984-03-25,42y 101d,India,Bowler,Right hand Bat,Right arm Medium fast,2009 - 2013,2011,IPL 2011,DC,6,1.0,0.0,0.0,0.0,0.0,5.0,0.0,0.0,0.0,0.0,0.0,0,0,5.0,8.94,102.0,2/42,2/42,30.4,20.4,0.0,0.0,0.0,2009-12-09,2012-12-28,2010-05-28,2013-01-11,2.0,42.0,2.0,42.0
227712,Ashok Bhimchandra Dinda,1984-03-25,42y 101d,India,Bowler,Right hand Bat,Right arm Medium fast,2009 - 2013,2009/10,IPL 2009/10,KKR,7,1.0,0.0,0.0,0.0,0.0,1.0,0.0,0.0,0.0,0.0,0.0,0,0,9.0,6.56,139.0,2/15,2/15,16.88,15.4,0.0,0.0,0.0,2009-12-09,2012-12-28,2010-05-28,2013-01-11,2.0,15.0,2.0,15.0
227712,Ashok Bhimchandra Dinda,1984-03-25,42y 101d,India,Bowler,Right hand Bat,Right arm Medium fast,2009 - 2013,2009,IPL 2009,KKR,9,2.0,0.0,2.0,2.0,1.0,3.0,66.66,0.0,0.0,0.0,0.0,1,0,4.0,8.04,144.0,1/24,1/24,48.25,36.0,0.0,0.0,0.0,2009-12-09,2012-12-28,2010-05-28,2013-01-11,1.0,24.0,1.0,24.0
227712,Ashok Bhimchandra Dinda,1984-03-25,42y 101d,India,Bowler,Right hand Bat,Right arm Medium fast,2009 - 2013,2007/08,IPL 2007/08,KKR,13,3.0,2.0,2.0,1.0,2.0,4.0,50.0,0.0,0.0,0.0,0.0,1,0,9.0,6.66,234.0,3/33,3/33,28.88,26.0,0.0,0.0,0.0,2009-12-09,2012-12-28,2010-05-28,2013-01-11,3.0,33.0,3.0,33.0
1131978,Ashutosh Rambabu Sharma,1998-09-15,27y 292d,India,Batting Allrounder,Right hand Bat,,,2026,IPL 2026,DC,8,8.0,3.0,171.0,39.0,34.2,94.0,181.91,0.0,0.0,15.0,12.0,2,0,,,,,,,,,,,,,,,,,,
1131978,Ashutosh Rambabu Sharma,1998-09-15,27y 292d,India,Batting Allrounder,Right hand Bat,,,2025,IPL 2025,DC,13,9.0,2.0,204.0,66.0,29.14,127.0,160.62,0.0,1.0,14.0,13.0,2,0,,,,,,,,,,,,,,,,,,
1131978,Ashutosh Rambabu Sharma,1998-09-15,27y 292d,India,Batting Allrounder,Right hand Bat,,,2024,IPL 2024,PBKS,11,9.0,2.0,189.0,61.0,27.0,113.0,167.25,0.0,1.0,10.0,15.0,2,0,,,,,,,,,,,,,,,,,,
1159732,Auqib Nabi,1996-11-04,29y 242d,India,Bowler,Right hand Bat,Right arm Medium,,2026,IPL 2026,DC,5,2.0,1.0,14.0,10.0,14.0,4.0,350.0,0.0,0.0,2.0,1.0,1,0,0.0,11.46,78.0,,,,,0.0,0.0,0.0,,,,,,,,
694211,Avesh Khan,1996-12-13,29y 203d,India,Bowler,Right hand Bat,Right arm Fast medium,2022 - 2024,2026,IPL 2026,LSG,7,4.0,3.0,6.0,4.0,6.0,6.0,100.0,0.0,0.0,1.0,0.0,2,0,6.0,11.06,148.0,2/23,2/23,45.5,24.6,0.0,0.0,0.0,2022-02-20,2024-11-10,2022-07-24,2023-12-21,2.0,23.0,2.0,23.0
694211,Avesh Khan,1996-12-13,29y 203d,India,Bowler,Right hand Bat,Right arm Fast medium,2022 - 2024,2025,IPL 2025,LSG,13,4.0,3.0,21.0,19.0,21.0,12.0,175.0,0.0,0.0,3.0,1.0,2,0,13.0,10.28,284.0,3/37,3/37,37.46,21.8,0.0,0.0,0.0,2022-02-20,2024-11-10,2022-07-24,2023-12-21,3.0,37.0,3.0,37.0
694211,Avesh Khan,1996-12-13,29y 203d,India,Bowler,Right hand Bat,Right arm Fast medium,2022 - 2024,2024,IPL 2024,RR,16,3.0,3.0,10.0,7.0,,5.0,200.0,0.0,0.0,1.0,0.0,2,0,19.0,9.59,329.0,3/27,3/27,27.68,17.3,0.0,0.0,0.0,2022-02-20,2024-11-10,2022-07-24,2023-12-21,3.0,27.0,3.0,27.0
694211,Avesh Khan,1996-12-13,29y 203d,India,Bowler,Right hand Bat,Right arm Fast medium,2022 - 2024,2023,IPL 2023,LSG,9,1.0,1.0,0.0,0.0,,1.0,0.0,0.0,0.0,0.0,0.0,2,0,8.0,9.75,174.0,3/25,3/25,35.37,21.7,0.0,0.0,0.0,2022-02-20,2024-11-10,2022-07-24,2023-12-21,3.0,25.0,3.0,25.0
694211,Avesh Khan,1996-12-13,29y 203d,India,Bowler,Right hand Bat,Right arm Fast medium,2022 - 2024,2022,IPL 2022,LSG,13,4.0,3.0,22.0,12.0,22.0,13.0,169.23,0.0,0.0,0.0,3.0,2,0,18.0,8.72,286.0,4/24,4/24,23.11,15.8,1.0,0.0,0.0,2022-02-20,2024-11-10,2022-07-24,2023-12-21,4.0,24.0,4.0,24.0
694211,Avesh Khan,1996-12-13,29y 203d,India,Bowler,Right hand Bat,Right arm Fast medium,2022 - 2024,2021,IPL 2021,DC,16,1.0,0.0,5.0,5.0,5.0,3.0,166.66,0.0,0.0,1.0,0.0,1,0,24.0,7.37,366.0,3/13,3/13,18.75,15.2,0.0,0.0,0.0,2022-02-20,2024-11-10,2022-07-24,2023-12-21,3.0,13.0,3.0,13.0
694211,Avesh Khan,1996-12-13,29y 203d,India,Bowler,Right hand Bat,Right arm Fast medium,2022 - 2024,2020/21,IPL 2020/21,DC,1,,,,,,,,,,,,0,0,0.0,10.5,24.0,,,,,0.0,0.0,0.0,2022-02-20,2024-11-10,2022-07-24,2023-12-21,,,,
694211,Avesh Khan,1996-12-13,29y 203d,India,Bowler,Right hand Bat,Right arm Fast medium,2022 - 2024,2019,IPL 2019,DC,1,1.0,1.0,4.0,4.0,,3.0,133.33,0.0,0.0,1.0,0.0,1,0,0.0,10.0,18.0,,,,,0.0,0.0,0.0,2022-02-20,2024-11-10,2022-07-24,2023-12-21,,,,
694211,Avesh Khan,1996-12-13,29y 203d,India,Bowler,Right hand Bat,Right arm Fast medium,2022 - 2024,2018,IPL 2018,DC,6,,,,,,,,,,,,3,0,4.0,10.73,114.0,2/29,2/29,51.0,28.5,0.0,0.0,0.0,2022-02-20,2024-11-10,2022-07-24,2023-12-21,2.0,29.0,2.0,29.0
694211,Avesh Khan,1996-12-13,29y 203d,India,Bowler,Right hand Bat,Right arm Fast medium,2022 - 2024,2017,IPL 2017,RCB,1,,,,,,,,,,,,0,0,1.0,5.75,24.0,1/23,1/23,23.0,24.0,0.0,0.0,0.0,2022-02-20,2024-11-10,2022-07-24,2023-12-21,1.0,23.0,1.0,23.0
554691,Axar Rajeshbhai Patel,1994-01-20,32y 165d,India,Allrounder,Left hand Bat,Slow Left arm Orthodox,2014 - 2026,2026,IPL 2026,DC,14,11.0,2.0,173.0,56.0,19.22,132.0,131.06,0.0,1.0,16.0,6.0,7,0,11.0,8.18,264.0,2/18,2/18,32.72,24.0,0.0,0.0,0.0,2015-07-17,2026-07-01,2014-06-15,2025-10-25,2.0,18.0,2.0,18.0
554691,Axar Rajeshbhai Patel,1994-01-20,32y 165d,India,Allrounder,Left hand Bat,Slow Left arm Orthodox,2014 - 2026,2025,IPL 2025,DC,12,11.0,1.0,263.0,43.0,26.3,167.0,157.48,0.0,0.0,23.0,15.0,4,0,5.0,8.47,204.0,2/19,2/19,57.6,40.8,0.0,0.0,0.0,2015-07-17,2026-07-01,2014-06-15,2025-10-25,2.0,19.0,2.0,19.0
554691,Axar Rajeshbhai Patel,1994-01-20,32y 165d,India,Allrounder,Left hand Bat,Slow Left arm Orthodox,2014 - 2026,2024,IPL 2024,DC,14,12.0,4.0,235.0,66.0,29.37,179.0,131.28,0.0,2.0,19.0,10.0,13,0,11.0,7.65,264.0,2/25,2/25,30.63,24.0,0.0,0.0,0.0,2015-07-17,2026-07-01,2014-06-15,2025-10-25,2.0,25.0,2.0,25.0
554691,Axar Rajeshbhai Patel,1994-01-20,32y 165d,India,Allrounder,Left hand Bat,Slow Left arm Orthodox,2014 - 2026,2023,IPL 2023,DC,14,13.0,3.0,283.0,54.0,28.3,203.0,139.4,0.0,1.0,21.0,15.0,7,0,11.0,7.19,282.0,2/13,2/13,30.72,25.6,0.0,0.0,0.0,2015-07-17,2026-07-01,2014-06-15,2025-10-25,2.0,13.0,2.0,13.0
554691,Axar Rajeshbhai Patel,1994-01-20,32y 165d,India,Allrounder,Left hand Bat,Slow Left arm Orthodox,2014 - 2026,2022,IPL 2022,DC,13,10.0,6.0,182.0,42.0,45.5,120.0,151.66,0.0,0.0,12.0,10.0,8,0,6.0,7.46,258.0,2/10,2/10,53.5,43.0,0.0,0.0,0.0,2015-07-17,2026-07-01,2014-06-15,2025-10-25,2.0,10.0,2.0,10.0
554691,Axar Rajeshbhai Patel,1994-01-20,32y 165d,India,Allrounder,Left hand Bat,Slow Left arm Orthodox,2014 - 2026,2021,IPL 2021,DC,12,6.0,1.0,40.0,12.0,8.0,46.0,86.95,0.0,0.0,2.0,1.0,4,0,15.0,6.65,276.0,3/21,3/21,20.4,18.4,0.0,0.0,0.0,2015-07-17,2026-07-01,2014-06-15,2025-10-25,3.0,21.0,3.0,21.0
554691,Axar Rajeshbhai Patel,1994-01-20,32y 165d,India,Allrounder,Left hand Bat,Slow Left arm Orthodox,2014 - 2026,2020/21,IPL 2020/21,DC,15,9.0,1.0,117.0,42.0,14.62,85.0,137.64,0.0,0.0,6.0,8.0,6,0,9.0,6.41,306.0,2/18,2/18,36.33,34.0,0.0,0.0,0.0,2015-07-17,2026-07-01,2014-06-15,2025-10-25,2.0,18.0,2.0,18.0
554691,Axar Rajeshbhai Patel,1994-01-20,32y 165d,India,Allrounder,Left hand Bat,Slow Left arm Orthodox,2014 - 2026,2019,IPL 2019,DC,14,12.0,6.0,110.0,26.0,18.33,88.0,125.0,0.0,0.0,10.0,3.0,9,0,10.0,7.13,306.0,2/22,2/22,36.4,30.6,0.0,0.0,0.0,2015-07-17,2026-07-01,2014-06-15,2025-10-25,2.0,22.0,2.0,22.0
554691,Axar Rajeshbhai Patel,1994-01-20,32y 165d,India,Allrounder,Left hand Bat,Slow Left arm Orthodox,2014 - 2026,2018,IPL 2018,PBKS,9,8.0,2.0,80.0,19.0,13.33,69.0,115.94,0.0,0.0,3.0,4.0,2,0,3.0,8.38,156.0,1/21,1/21,72.66,52.0,0.0,0.0,0.0,2015-07-17,2026-07-01,2014-06-15,2025-10-25,1.0,21.0,1.0,21.0
554691,Axar Rajeshbhai Patel,1994-01-20,32y 165d,India,Allrounder,Left hand Bat,Slow Left arm Orthodox,2014 - 2026,2017,IPL 2017,PBKS,14,13.0,5.0,227.0,44.0,28.37,162.0,140.12,0.0,0.0,11.0,11.0,7,0,15.0,7.54,288.0,3/11,3/11,24.13,19.2,0.0,0.0,0.0,2015-07-17,2026-07-01,2014-06-15,2025-10-25,3.0,11.0,3.0,11.0
554691,Axar Rajeshbhai Patel,1994-01-20,32y 165d,India,Allrounder,Left hand Bat,Slow Left arm Orthodox,2014 - 2026,2016,IPL 2016,PBKS,14,10.0,3.0,111.0,36.0,15.85,77.0,144.15,0.0,0.0,4.0,8.0,2,0,13.0,8.11,287.0,4/21,4/21,29.84,22.0,1.0,0.0,0.0,2015-07-17,2026-07-01,2014-06-15,2025-10-25,4.0,21.0,4.0,21.0
554691,Axar Rajeshbhai Patel,1994-01-20,32y 165d,India,Allrounder,Left hand Bat,Slow Left arm Orthodox,2014 - 2026,2015,IPL 2015,PBKS,14,12.0,3.0,206.0,40.0,22.88,174.0,118.39,0.0,0.0,13.0,8.0,7,0,13.0,8.4,280.0,2/11,2/11,30.15,21.5,0.0,0.0,0.0,2015-07-17,2026-07-01,2014-06-15,2025-10-25,2.0,11.0,2.0,11.0
554691,Axar Rajeshbhai Patel,1994-01-20,32y 165d,India,Allrounder,Left hand Bat,Slow Left arm Orthodox,2014 - 2026,2014,IPL 2014,PBKS,17,8.0,2.0,62.0,42.0,10.33,60.0,103.33,0.0,0.0,6.0,1.0,7,0,17.0,6.13,396.0,3/24,3/24,23.82,23.2,0.0,0.0,0.0,2015-07-17,2026-07-01,2014-06-15,2025-10-25,3.0,24.0,3.0,24.0
7547,Ben James Rohrer,1981-03-26,45y 100d,Australia,Middle order Batter,Left hand Bat,,2013 - 2013,2013,IPL 2013,DC,8,8.0,2.0,193.0,64.0,32.16,140.0,137.85,0.0,1.0,21.0,5.0,3,0,0.0,12.0,6.0,,,,,0.0,0.0,0.0,2013-02-13,2007-03-08,,,,,,
27685,Bharat Chipli,1983-01-27,43y 158d,India,Batter,Right hand Bat,Right arm Medium,,2013,IPL 2013,DC,1,1.0,0.0,16.0,16.0,16.0,18.0,88.88,0.0,0.0,1.0,1.0,0,0,,,,,,,,,,,,,,,,,,
27685,Bharat Chipli,1983-01-27,43y 158d,India,Batter,Right hand Bat,Right arm Medium,,2012,IPL 2012,DCH,5,4.0,1.0,37.0,25.0,12.33,35.0,105.71,0.0,0.0,3.0,2.0,1,0,,,,,,,,,,,,,,,,,,
27685,Bharat Chipli,1983-01-27,43y 158d,India,Batter,Right hand Bat,Right arm Medium,,2011,IPL 2011,DCH,14,13.0,5.0,207.0,61.0,25.87,170.0,121.76,0.0,1.0,21.0,4.0,1,0,0.0,20.0,6.0,,,,,0.0,0.0,0.0,,,,,,,,
27685,Bharat Chipli,1983-01-27,43y 158d,India,Batter,Right hand Bat,Right arm Medium,,2007/08,IPL 2007/08,RCB,3,3.0,0.0,20.0,10.0,6.66,28.0,71.42,0.0,0.0,3.0,0.0,1,0,,,,,,,,,,,,,,,,,,
5472,Brett Geeves,1982-06-13,44y 21d,Australia,Bowler,Right hand Bat,Right arm Fast medium,2008 - 2009,2007/08,IPL 2007/08,DC,2,,,,,,,,,,,,3,0,1.0,11.37,48.0,1/50,1/50,91.0,48.0,0.0,0.0,0.0,2008-08-30,2009-04-09,2008-08-30,2009-04-09,1.0,50.0,1.0,50.0
457249,Carlos Ricardo Brathwaite,1988-07-18,37y 351d,West Indies,Allrounder,Right hand Bat,Right arm Fast medium,2011 - 2019,2019,IPL 2019,KKR,2,2.0,0.0,11.0,6.0,5.5,10.0,110.0,0.0,0.0,1.0,0.0,0,0,0.0,9.66,18.0,,,,,0.0,0.0,0.0,2011-10-11,2019-08-06,2011-10-18,2019-08-14,,,,
457249,Carlos Ricardo Brathwaite,1988-07-18,37y 351d,West Indies,Allrounder,Right hand Bat,Right arm Fast medium,2011 - 2019,2018,IPL 2018,SRH,4,4.0,1.0,75.0,43.0,25.0,48.0,156.25,0.0,0.0,1.0,8.0,2,0,5.0,9.24,61.0,2/15,2/15,18.8,12.2,0.0,0.0,0.0,2011-10-11,2019-08-06,2011-10-18,2019-08-14,2.0,15.0,2.0,15.0
457249,Carlos Ricardo Brathwaite,1988-07-18,37y 351d,West Indies,Allrounder,Right hand Bat,Right arm Fast medium,2011 - 2019,2017,IPL 2017,DC,2,2.0,0.0,12.0,11.0,6.0,15.0,80.0,0.0,0.0,2.0,0.0,0,0,1.0,11.16,36.0,1/38,1/38,67.0,36.0,0.0,0.0,0.0,2011-10-11,2019-08-06,2011-10-18,2019-08-14,1.0,38.0,1.0,38.0
457249,Carlos Ricardo Brathwaite,1988-07-18,37y 351d,West Indies,Allrounder,Right hand Bat,Right arm Fast medium,2011 - 2019,2016,IPL 2016,DC,8,6.0,0.0,83.0,34.0,13.83,38.0,218.42,0.0,0.0,6.0,8.0,3,0,7.0,8.15,139.0,3/47,3/47,27.0,19.8,0.0,0.0,0.0,2011-10-11,2019-08-06,2011-10-18,2019-08-14,3.0,47.0,3.0,47.0
1131754,Chetan Sakariya,1998-02-28,28y 126d,India,Bowler,Left hand Bat,Left arm Medium fast,2021 - 2021,2025,IPL 2025,KKR,1,,,,,,,,,,,,0,0,0.0,13.0,18.0,,,,,0.0,0.0,0.0,2021-07-28,2021-07-29,2021-07-23,2021-07-28,,,,
1131754,Chetan Sakariya,1998-02-28,28y 126d,India,Bowler,Left hand Bat,Left arm Medium fast,2021 - 2021,2023,IPL 2023,DC,2,2.0,1.0,4.0,4.0,4.0,6.0,66.66,0.0,0.0,1.0,0.0,0,0,3.0,11.12,48.0,2/53,2/53,29.66,16.0,0.0,0.0,0.0,2021-07-28,2021-07-29,2021-07-23,2021-07-28,2.0,53.0,2.0,53.0
1131754,Chetan Sakariya,1998-02-28,28y 126d,India,Bowler,Left hand Bat,Left arm Medium fast,2021 - 2021,2022,IPL 2022,DC,3,,,,,,,,,,,,2,0,3.0,7.63,66.0,2/23,2/23,28.0,22.0,0.0,0.0,0.0,2021-07-28,2021-07-29,2021-07-23,2021-07-28,2.0,23.0,2.0,23.0
1131754,Chetan Sakariya,1998-02-28,28y 126d,India,Bowler,Left hand Bat,Left arm Medium fast,2021 - 2021,2021,IPL 2021,RR,14,6.0,1.0,16.0,7.0,3.2,25.0,64.0,0.0,0.0,2.0,0.0,4,0,14.0,8.19,312.0,3/31,3/31,30.42,22.2,0.0,0.0,0.0,2021-07-28,2021-07-29,2021-07-23,2021-07-28,3.0,31.0,3.0,31.0
302208,Chidhambaram Muralidharen Gautam,1986-03-08,40y 118d,India,Wicketkeeper,Right hand Bat,,,2015,IPL 2015,DC,1,1.0,0.0,4.0,4.0,4.0,5.0,80.0,0.0,0.0,0.0,0.0,0,1,,,,,,,,,,,,,,,,,,
302208,Chidhambaram Muralidharen Gautam,1986-03-08,40y 118d,India,Wicketkeeper,Right hand Bat,,,2014,IPL 2014,MI,9,9.0,2.0,121.0,33.0,17.28,111.0,109.0,0.0,0.0,13.0,5.0,3,3,,,,,,,,,,,,,,,,,,
302208,Chidhambaram Muralidharen Gautam,1986-03-08,40y 118d,India,Wicketkeeper,Right hand Bat,,,2013,IPL 2013,DC,3,3.0,1.0,44.0,30.0,22.0,34.0,129.41,0.0,0.0,4.0,1.0,0,0,,,,,,,,,,,,,,,,,,
247235,Christopher Roger Woakes,1989-03-02,37y 124d,England,Allrounder,Right hand Bat,Right arm Fast medium,2011 - 2025,2021,IPL 2021,DC,3,1.0,1.0,15.0,15.0,,11.0,136.36,0.0,0.0,2.0,0.0,0,0,5.0,7.45,66.0,2/18,2/18,16.4,13.2,0.0,0.0,0.0,2011-01-12,2023-12-21,2011-01-23,2023-11-11,2.0,18.0,2.0,18.0
247235,Christopher Roger Woakes,1989-03-02,37y 124d,England,Allrounder,Right hand Bat,Right arm Fast medium,2011 - 2025,2018,IPL 2018,RCB,5,4.0,2.0,17.0,11.0,8.5,19.0,89.47,0.0,0.0,1.0,1.0,1,0,8.0,10.36,110.0,3/36,3/36,23.75,13.7,0.0,0.0,0.0,2011-01-12,2023-12-21,2011-01-23,2023-11-11,3.0,36.0,3.0,36.0
247235,Christopher Roger Woakes,1989-03-02,37y 124d,England,Allrounder,Right hand Bat,Right arm Fast medium,2011 - 2025,2017,IPL 2017,KKR,13,7.0,3.0,46.0,18.0,11.5,47.0,97.87,0.0,0.0,4.0,1.0,6,0,17.0,8.77,264.0,3/6,3/6,22.7,15.5,0.0,0.0,0.0,2011-01-12,2023-12-21,2011-01-23,2023-11-11,3.0,6.0,3.0,6.0
45705,Colin Alexander Ingram,1985-07-03,41y 1d,South Africa,Top order Batter,Left hand Bat,Legbreak,2010 - 2013,2019,IPL 2019,DC,12,12.0,2.0,184.0,47.0,18.4,154.0,119.48,0.0,0.0,20.0,5.0,1,0,,,,,,,,,,,2010-10-08,2012-03-30,2010-10-15,2013-11-01,,,,
45705,Colin Alexander Ingram,1985-07-03,41y 1d,South Africa,Top order Batter,Left hand Bat,Legbreak,2010 - 2013,2011,IPL 2011,DC,3,3.0,1.0,21.0,13.0,10.5,26.0,80.76,0.0,0.0,2.0,0.0,0,0,,,,,,,,,,,2010-10-08,2012-03-30,2010-10-15,2013-11-01,,,,
232359,Colin Munro,1987-03-11,39y 115d,New Zealand,Opening Batter,Left hand Bat,Right arm Medium fast,2012 - 2020,2019,IPL 2019,DC,4,4.0,0.0,84.0,40.0,21.0,70.0,120.0,0.0,0.0,9.0,4.0,0,0,,,,,,,,,,,2012-12-21,2020-02-02,2013-01-22,2019-06-26,,,,
232359,Colin Munro,1987-03-11,39y 115d,New Zealand,Opening Batter,Left hand Bat,Right arm Medium fast,2012 - 2020,2018,IPL 2018,DC,5,5.0,0.0,63.0,33.0,12.6,41.0,153.65,0.0,0.0,7.0,4.0,2,0,,,,,,,,,,,2012-12-21,2020-02-02,2013-01-22,2019-06-26,,,,
232359,Colin Munro,1987-03-11,39y 115d,New Zealand,Opening Batter,Left hand Bat,Right arm Medium fast,2012 - 2020,2016,IPL 2016,KKR,4,3.0,0.0,30.0,16.0,10.0,30.0,100.0,0.0,0.0,3.0,0.0,2,0,0.0,7.5,12.0,,,,,0.0,0.0,0.0,2012-12-21,2020-02-02,2013-01-22,2019-06-26,,,,
277662,Corey James Anderson,1990-12-13,35y 203d,United States of America,Batting Allrounder,Left hand Bat,Left arm Medium fast,2012 - 2024,2018,IPL 2018,RCB,3,3.0,0.0,17.0,15.0,5.66,22.0,77.27,0.0,0.0,0.0,1.0,0,0,3.0,13.26,52.0,2/47,2/47,38.33,17.3,0.0,0.0,0.0,2012-12-21,2024-06-23,2013-06-16,2017-06-09,2.0,47.0,2.0,47.0
277662,Corey James Anderson,1990-12-13,35y 203d,United States of America,Batting Allrounder,Left hand Bat,Left arm Medium fast,2012 - 2024,2017,IPL 2017,DC,11,11.0,4.0,142.0,41.0,20.28,123.0,115.44,0.0,0.0,8.0,9.0,5,0,3.0,9.87,113.0,1/23,1/23,62.0,37.6,0.0,0.0,0.0,2012-12-21,2024-06-23,2013-06-16,2017-06-09,1.0,23.0,1.0,23.0
277662,Corey James Anderson,1990-12-13,35y 203d,United States of America,Batting Allrounder,Left hand Bat,Left arm Medium fast,2012 - 2024,2015,IPL 2015,MI,4,4.0,1.0,114.0,55.0,38.0,97.0,117.52,0.0,2.0,11.0,6.0,1,0,1.0,8.25,24.0,1/21,1/21,33.0,24.0,0.0,0.0,0.0,2012-12-21,2024-06-23,2013-06-16,2017-06-09,1.0,21.0,1.0,21.0
277662,Corey James Anderson,1990-12-13,35y 203d,United States of America,Batting Allrounder,Left hand Bat,Left arm Medium fast,2012 - 2024,2014,IPL 2014,MI,12,11.0,2.0,265.0,95.0,29.44,181.0,146.4,0.0,1.0,21.0,15.0,5,0,4.0,10.22,108.0,2/18,2/18,46.0,27.0,0.0,0.0,0.0,2012-12-21,2024-06-23,2013-06-16,2017-06-09,2.0,18.0,2.0,18.0
4864,Daniel Trevor Christian,1983-05-04,43y 61d,Australia,Allrounder,Right hand Bat,Right arm Fast medium,2010 - 2021,2021,IPL 2021,RCB,9,7.0,1.0,14.0,9.0,2.33,24.0,58.33,0.0,0.0,1.0,0.0,9,0,4.0,9.3,100.0,2/14,2/14,38.75,25.0,0.0,0.0,0.0,2010-02-23,2021-08-09,2012-02-05,2021-07-26,2.0,14.0,2.0,14.0
4864,Daniel Trevor Christian,1983-05-04,43y 61d,Australia,Allrounder,Right hand Bat,Right arm Fast medium,2010 - 2021,2018,IPL 2018,DC,4,3.0,1.0,26.0,13.0,13.0,33.0,78.78,0.0,0.0,0.0,1.0,0,0,4.0,8.53,71.0,2/35,2/35,25.25,17.7,0.0,0.0,0.0,2010-02-23,2021-08-09,2012-02-05,2021-07-26,2.0,35.0,2.0,35.0
4864,Daniel Trevor Christian,1983-05-04,43y 61d,Australia,Allrounder,Right hand Bat,Right arm Fast medium,2010 - 2021,2017,IPL 2017,RPS,13,9.0,4.0,79.0,17.0,15.8,49.0,161.22,0.0,0.0,5.0,5.0,6,0,11.0,7.45,240.0,2/10,2/10,27.09,21.8,0.0,0.0,0.0,2010-02-23,2021-08-09,2012-02-05,2021-07-26,2.0,10.0,2.0,10.0
4864,Daniel Trevor Christian,1983-05-04,43y 61d,Australia,Allrounder,Right hand Bat,Right arm Fast medium,2010 - 2021,2013,IPL 2013,RCB,2,2.0,0.0,6.0,4.0,3.0,15.0,40.0,0.0,0.0,0.0,0.0,0,0,0.0,9.16,36.0,,,,,0.0,0.0,0.0,2010-02-23,2021-08-09,2012-02-05,2021-07-26,,,,
4864,Daniel Trevor Christian,1983-05-04,43y 61d,Australia,Allrounder,Right hand Bat,Right arm Fast medium,2010 - 2021,2012,IPL 2012,DCH,7,7.0,2.0,145.0,39.0,29.0,118.0,122.88,0.0,0.0,8.0,6.0,6,0,8.0,8.62,162.0,2/26,2/26,29.12,20.2,0.0,0.0,0.0,2010-02-23,2021-08-09,2012-02-05,2021-07-26,2.0,26.0,2.0,26.0
4864,Daniel Trevor Christian,1983-05-04,43y 61d,Australia,Allrounder,Right hand Bat,Right arm Fast medium,2010 - 2021,2011,IPL 2011,DCH,14,13.0,2.0,190.0,30.0,17.27,159.0,119.49,0.0,0.0,9.0,7.0,7,0,11.0,7.66,274.0,2/13,2/13,31.81,24.9,0.0,0.0,0.0,2010-02-23,2021-08-09,2012-02-05,2021-07-26,2.0,13.0,2.0,13.0
826901,Daniel Richard Sams,1992-10-27,33y 250d,Australia,Allrounder,Right hand Bat,Left arm Fast medium,2020 - 2022,2022,IPL 2022,MI,11,10.0,3.0,38.0,15.0,5.42,36.0,105.55,0.0,0.0,1.0,3.0,7,0,13.0,8.8,252.0,4/30,4/30,28.46,19.3,1.0,0.0,0.0,2020-12-06,2022-10-09,,,4.0,30.0,4.0,30.0
826901,Daniel Richard Sams,1992-10-27,33y 250d,Australia,Allrounder,Right hand Bat,Left arm Fast medium,2020 - 2022,2021,IPL 2021,RCB,2,2.0,1.0,6.0,3.0,6.0,6.0,100.0,0.0,0.0,0.0,0.0,0,0,1.0,6.5,36.0,1/24,1/24,39.0,36.0,0.0,0.0,0.0,2020-12-06,2022-10-09,,,1.0,24.0,1.0,24.0
826901,Daniel Richard Sams,1992-10-27,33y 250d,Australia,Allrounder,Right hand Bat,Left arm Fast medium,2020 - 2022,2020/21,IPL 2020/21,DC,3,1.0,0.0,0.0,0.0,0.0,2.0,0.0,0.0,0.0,0.0,0.0,3,0,0.0,9.5,72.0,,,,,0.0,0.0,0.0,2020-12-06,2022-10-09,,,,,,
38710,Daniel Luca Vettori,1979-01-27,47y 158d,New Zealand,Allrounder,Left hand Bat,Slow Left arm Orthodox,1997 - 2015,2012,IPL 2012,RCB,9,6.0,2.0,31.0,20.0,7.75,26.0,119.23,0.0,0.0,3.0,1.0,3,0,5.0,6.74,210.0,1/20,1/20,47.2,42.0,0.0,0.0,0.0,2007-09-12,2014-12-05,1997-03-25,2015-03-29,1.0,20.0,1.0,20.0
38710,Daniel Luca Vettori,1979-01-27,47y 158d,New Zealand,Allrounder,Left hand Bat,Slow Left arm Orthodox,1997 - 2015,2011,IPL 2011,RCB,13,4.0,3.0,23.0,18.0,23.0,28.0,82.14,0.0,0.0,1.0,1.0,4,0,12.0,6.01,310.0,3/19,3/19,25.91,25.8,0.0,0.0,0.0,2007-09-12,2014-12-05,1997-03-25,2015-03-29,3.0,19.0,3.0,19.0
38710,Daniel Luca Vettori,1979-01-27,47y 158d,New Zealand,Allrounder,Left hand Bat,Slow Left arm Orthodox,1997 - 2015,2009/10,IPL 2009/10,DC,3,3.0,2.0,33.0,19.0,33.0,27.0,122.22,0.0,0.0,4.0,0.0,0,0,2.0,8.31,70.0,1/30,1/30,48.5,35.0,0.0,0.0,0.0,2007-09-12,2014-12-05,1997-03-25,2015-03-29,1.0,30.0,1.0,30.0
38710,Daniel Luca Vettori,1979-01-27,47y 158d,New Zealand,Allrounder,Left hand Bat,Slow Left arm Orthodox,1997 - 2015,2009,IPL 2009,DC,7,4.0,2.0,34.0,29.0,17.0,32.0,106.25,0.0,0.0,3.0,0.0,4,0,7.0,7.81,139.0,3/15,3/15,25.85,19.8,0.0,0.0,0.0,2007-09-12,2014-12-05,1997-03-25,2015-03-29,3.0,15.0,3.0,15.0
38710,Daniel Luca Vettori,1979-01-27,47y 158d,New Zealand,Allrounder,Left hand Bat,Slow Left arm Orthodox,1997 - 2015,2007/08,IPL 2007/08,DC,2,,,,,,,,,,,,0,0,2.0,6.75,48.0,1/19,1/19,27.0,24.0,0.0,0.0,0.0,2007-09-12,2014-12-05,1997-03-25,2015-03-29,1.0,19.0,1.0,19.0
321777,David Andrew Miller,1989-06-10,37y 24d,South Africa,Middle order Batter,Left hand Bat,Right arm Offbreak,2010 - 2026,2026,IPL 2026,DC,11,10.0,4.0,211.0,51.0,35.16,137.0,154.01,0.0,1.0,15.0,14.0,7,0,,,,,,,,,,,2010-05-20,2026-03-04,2010-05-22,2025-03-05,,,,
321777,David Andrew Miller,1989-06-10,37y 24d,South Africa,Middle order Batter,Left hand Bat,Right arm Offbreak,2010 - 2026,2025,IPL 2025,LSG,11,11.0,6.0,153.0,27.0,30.6,120.0,127.49,0.0,0.0,13.0,4.0,5,0,,,,,,,,,,,2010-05-20,2026-03-04,2010-05-22,2025-03-05,,,,
321777,David Andrew Miller,1989-06-10,37y 24d,South Africa,Middle order Batter,Left hand Bat,Right arm Offbreak,2010 - 2026,2024,IPL 2024,GT,9,9.0,3.0,210.0,55.0,35.0,139.0,151.07,0.0,1.0,20.0,8.0,5,0,,,,,,,,,,,2010-05-20,2026-03-04,2010-05-22,2025-03-05,,,,
321777,David Andrew Miller,1989-06-10,37y 24d,South Africa,Middle order Batter,Left hand Bat,Right arm Offbreak,2010 - 2026,2023,IPL 2023,GT,16,13.0,5.0,259.0,46.0,32.37,178.0,145.5,0.0,0.0,18.0,13.0,11,0,,,,,,,,,,,2010-05-20,2026-03-04,2010-05-22,2025-03-05,,,,
321777,David Andrew Miller,1989-06-10,37y 24d,South Africa,Middle order Batter,Left hand Bat,Right arm Offbreak,2010 - 2026,2022,IPL 2022,GT,16,16.0,9.0,481.0,94.0,68.71,337.0,142.72,0.0,2.0,32.0,23.0,6,0,,,,,,,,,,,2010-05-20,2026-03-04,2010-05-22,2025-03-05,,,,
321777,David Andrew Miller,1989-06-10,37y 24d,South Africa,Middle order Batter,Left hand Bat,Right arm Offbreak,2010 - 2026,2021,IPL 2021,RR,9,8.0,3.0,124.0,62.0,24.8,113.0,109.73,0.0,1.0,11.0,3.0,4,0,,,,,,,,,,,2010-05-20,2026-03-04,2010-05-22,2025-03-05,,,,
321777,David Andrew Miller,1989-06-10,37y 24d,South Africa,Middle order Batter,Left hand Bat,Right arm Offbreak,2010 - 2026,2020/21,IPL 2020/21,RR,1,1.0,0.0,0.0,0.0,0.0,0.0,,0.0,0.0,0.0,0.0,0,0,,,,,,,,,,,2010-05-20,2026-03-04,2010-05-22,2025-03-05,,,,
321777,David Andrew Miller,1989-06-10,37y 24d,South Africa,Middle order Batter,Left hand Bat,Right arm Offbreak,2010 - 2026,2019,IPL 2019,PBKS,10,10.0,2.0,213.0,59.0,26.62,164.0,129.87,0.0,1.0,19.0,7.0,7,0,,,,,,,,,,,2010-05-20,2026-03-04,2010-05-22,2025-03-05,,,,
321777,David Andrew Miller,1989-06-10,37y 24d,South Africa,Middle order Batter,Left hand Bat,Right arm Offbreak,2010 - 2026,2018,IPL 2018,PBKS,3,3.0,1.0,74.0,26.0,37.0,64.0,115.62,0.0,0.0,3.0,2.0,0,0,,,,,,,,,,,2010-05-20,2026-03-04,2010-05-22,2025-03-05,,,,
321777,David Andrew Miller,1989-06-10,37y 24d,South Africa,Middle order Batter,Left hand Bat,Right arm Offbreak,2010 - 2026,2017,IPL 2017,PBKS,5,4.0,1.0,83.0,30.0,27.66,80.0,103.75,0.0,0.0,4.0,4.0,2,0,,,,,,,,,,,2010-05-20,2026-03-04,2010-05-22,2025-03-05,,,,
321777,David Andrew Miller,1989-06-10,37y 24d,South Africa,Middle order Batter,Left hand Bat,Right arm Offbreak,2010 - 2026,2016,IPL 2016,PBKS,14,13.0,3.0,161.0,31.0,16.1,131.0,122.9,0.0,0.0,11.0,4.0,10,0,,,,,,,,,,,2010-05-20,2026-03-04,2010-05-22,2025-03-05,,,,
321777,David Andrew Miller,1989-06-10,37y 24d,South Africa,Middle order Batter,Left hand Bat,Right arm Offbreak,2010 - 2026,2015,IPL 2015,PBKS,13,13.0,2.0,357.0,89.0,32.45,266.0,134.21,0.0,2.0,21.0,21.0,7,0,,,,,,,,,,,2010-05-20,2026-03-04,2010-05-22,2025-03-05,,,,
321777,David Andrew Miller,1989-06-10,37y 24d,South Africa,Middle order Batter,Left hand Bat,Right arm Offbreak,2010 - 2026,2014,IPL 2014,PBKS,16,16.0,6.0,446.0,66.0,44.6,299.0,149.16,0.0,3.0,34.0,21.0,14,0,,,,,,,,,,,2010-05-20,2026-03-04,2010-05-22,2025-03-05,,,,
321777,David Andrew Miller,1989-06-10,37y 24d,South Africa,Middle order Batter,Left hand Bat,Right arm Offbreak,2010 - 2026,2013,IPL 2013,PBKS,12,12.0,5.0,418.0,101.0,59.71,254.0,164.56,1.0,3.0,28.0,24.0,8,0,,,,,,,,,,,2010-05-20,2026-03-04,2010-05-22,2025-03-05,,,,
321777,David Andrew Miller,1989-06-10,37y 24d,South Africa,Middle order Batter,Left hand Bat,Right arm Offbreak,2010 - 2026,2012,IPL 2012,PBKS,6,6.0,3.0,98.0,34.0,32.66,75.0,130.66,0.0,0.0,6.0,4.0,1,0,,,,,,,,,,,2010-05-20,2026-03-04,2010-05-22,2025-03-05,,,,
219889,David Andrew Warner,1986-10-27,39y 250d,Australia,Opening Batter,Left hand Bat,Legbreak,2009 - 2024,2024,IPL 2024,DC,8,8.0,0.0,168.0,52.0,21.0,125.0,134.4,0.0,1.0,17.0,10.0,5,0,,,,,,,,,,,2009-01-11,2024-06-24,2009-01-18,2023-11-19,,,,
219889,David Andrew Warner,1986-10-27,39y 250d,Australia,Opening Batter,Left hand Bat,Legbreak,2009 - 2024,2023,IPL 2023,DC,14,14.0,0.0,516.0,86.0,36.85,392.0,131.63,0.0,6.0,69.0,10.0,7,0,,,,,,,,,,,2009-01-11,2024-06-24,2009-01-18,2023-11-19,,,,
219889,David Andrew Warner,1986-10-27,39y 250d,Australia,Opening Batter,Left hand Bat,Legbreak,2009 - 2024,2022,IPL 2022,DC,12,12.0,3.0,432.0,92.0,48.0,287.0,150.52,0.0,5.0,52.0,15.0,6,0,,,,,,,,,,,2009-01-11,2024-06-24,2009-01-18,2023-11-19,,,,
219889,David Andrew Warner,1986-10-27,39y 250d,Australia,Opening Batter,Left hand Bat,Legbreak,2009 - 2024,2021,IPL 2021,SRH,8,8.0,0.0,195.0,57.0,24.37,181.0,107.73,0.0,2.0,15.0,6.0,2,0,,,,,,,,,,,2009-01-11,2024-06-24,2009-01-18,2023-11-19,,,,
219889,David Andrew Warner,1986-10-27,39y 250d,Australia,Opening Batter,Left hand Bat,Legbreak,2009 - 2024,2020/21,IPL 2020/21,SRH,16,16.0,2.0,548.0,85.0,39.14,407.0,134.64,0.0,4.0,52.0,14.0,12,0,0.0,12.0,1.0,,,,,0.0,0.0,0.0,2009-01-11,2024-06-24,2009-01-18,2023-11-19,,,,
219889,David Andrew Warner,1986-10-27,39y 250d,Australia,Opening Batter,Left hand Bat,Legbreak,2009 - 2024,2019,IPL 2019,SRH,12,12.0,2.0,692.0,100.0,69.2,481.0,143.86,1.0,8.0,57.0,21.0,2,0,,,,,,,,,,,2009-01-11,2024-06-24,2009-01-18,2023-11-19,,,,
219889,David Andrew Warner,1986-10-27,39y 250d,Australia,Opening Batter,Left hand Bat,Legbreak,2009 - 2024,2017,IPL 2017,SRH,14,14.0,3.0,641.0,126.0,58.27,452.0,141.81,1.0,4.0,63.0,26.0,10,0,,,,,,,,,,,2009-01-11,2024-06-24,2009-01-18,2023-11-19,,,,
219889,David Andrew Warner,1986-10-27,39y 250d,Australia,Opening Batter,Left hand Bat,Legbreak,2009 - 2024,2016,IPL 2016,SRH,17,17.0,3.0,848.0,93.0,60.57,560.0,151.42,0.0,9.0,88.0,31.0,4,0,,,,,,,,,,,2009-01-11,2024-06-24,2009-01-18,2023-11-19,,,,
219889,David Andrew Warner,1986-10-27,39y 250d,Australia,Opening Batter,Left hand Bat,Legbreak,2009 - 2024,2015,IPL 2015,SRH,14,14.0,1.0,562.0,91.0,43.23,359.0,156.54,0.0,7.0,65.0,21.0,8,0,,,,,,,,,,,2009-01-11,2024-06-24,2009-01-18,2023-11-19,,,,
219889,David Andrew Warner,1986-10-27,39y 250d,Australia,Opening Batter,Left hand Bat,Legbreak,2009 - 2024,2014,IPL 2014,SRH,14,14.0,3.0,528.0,90.0,48.0,375.0,140.79,0.0,6.0,39.0,24.0,8,0,,,,,,,,,,,2009-01-11,2024-06-24,2009-01-18,2023-11-19,,,,
219889,David Andrew Warner,1986-10-27,39y 250d,Australia,Opening Batter,Left hand Bat,Legbreak,2009 - 2024,2013,IPL 2013,DC,16,16.0,3.0,410.0,77.0,31.53,323.0,126.93,0.0,4.0,41.0,14.0,6,0,,,,,,,,,,,2009-01-11,2024-06-24,2009-01-18,2023-11-19,,,,
219889,David Andrew Warner,1986-10-27,39y 250d,Australia,Opening Batter,Left hand Bat,Legbreak,2009 - 2024,2012,IPL 2012,DC,8,8.0,1.0,256.0,109.0,36.57,156.0,164.1,1.0,1.0,28.0,14.0,1,0,,,,,,,,,,,2009-01-11,2024-06-24,2009-01-18,2023-11-19,,,,
219889,David Andrew Warner,1986-10-27,39y 250d,Australia,Opening Batter,Left hand Bat,Legbreak,2009 - 2024,2011,IPL 2011,DC,13,13.0,0.0,324.0,77.0,24.92,276.0,117.39,0.0,3.0,34.0,11.0,4,0,,,,,,,,,,,2009-01-11,2024-06-24,2009-01-18,2023-11-19,,,,
219889,David Andrew Warner,1986-10-27,39y 250d,Australia,Opening Batter,Left hand Bat,Legbreak,2009 - 2024,2009/10,IPL 2009/10,DC,11,11.0,1.0,282.0,107.0,28.2,191.0,147.64,1.0,1.0,27.0,14.0,8,0,,,,,,,,,,,2009-01-11,2024-06-24,2009-01-18,2023-11-19,,,,
219889,David Andrew Warner,1986-10-27,39y 250d,Australia,Opening Batter,Left hand Bat,Legbreak,2009 - 2024,2009,IPL 2009,DC,7,7.0,0.0,163.0,51.0,23.28,132.0,123.48,0.0,1.0,16.0,5.0,3,0,,,,,,,,,,,2009-01-11,2024-06-24,2009-01-18,2023-11-19,,,,
30045,Krishnakumar Dinesh Karthik,1985-06-01,41y 33d,India,Wicketkeeper Batter,Right hand Bat,Right arm Offbreak,2004 - 2022,2024,IPL 2024,RCB,15,13.0,4.0,326.0,83.0,36.22,174.0,187.35,0.0,2.0,27.0,22.0,4,1,,,,,,,,,,,2006-12-01,2022-11-02,2004-09-05,2019-07-09,,,,
30045,Krishnakumar Dinesh Karthik,1985-06-01,41y 33d,India,Wicketkeeper Batter,Right hand Bat,Right arm Offbreak,2004 - 2022,2023,IPL 2023,RCB,13,13.0,1.0,140.0,30.0,11.66,104.0,134.61,0.0,0.0,13.0,5.0,8,2,,,,,,,,,,,2006-12-01,2022-11-02,2004-09-05,2019-07-09,,,,
30045,Krishnakumar Dinesh Karthik,1985-06-01,41y 33d,India,Wicketkeeper Batter,Right hand Bat,Right arm Offbreak,2004 - 2022,2022,IPL 2022,RCB,16,16.0,10.0,330.0,66.0,55.0,180.0,183.33,0.0,1.0,27.0,22.0,10,2,,,,,,,,,,,2006-12-01,2022-11-02,2004-09-05,2019-07-09,,,,
30045,Krishnakumar Dinesh Karthik,1985-06-01,41y 33d,India,Wicketkeeper Batter,Right hand Bat,Right arm Offbreak,2004 - 2022,2021,IPL 2021,KKR,17,15.0,5.0,223.0,40.0,22.3,170.0,131.17,0.0,0.0,22.0,7.0,5,2,,,,,,,,,,,2006-12-01,2022-11-02,2004-09-05,2019-07-09,,,,
30045,Krishnakumar Dinesh Karthik,1985-06-01,41y 33d,India,Wicketkeeper Batter,Right hand Bat,Right arm Offbreak,2004 - 2022,2020/21,IPL 2020/21,KKR,14,14.0,2.0,169.0,58.0,14.08,134.0,126.11,0.0,1.0,20.0,4.0,9,0,,,,,,,,,,,2006-12-01,2022-11-02,2004-09-05,2019-07-09,,,,
30045,Krishnakumar Dinesh Karthik,1985-06-01,41y 33d,India,Wicketkeeper Batter,Right hand Bat,Right arm Offbreak,2004 - 2022,2019,IPL 2019,KKR,14,13.0,5.0,253.0,97.0,31.62,173.0,146.24,0.0,2.0,22.0,14.0,7,0,,,,,,,,,,,2006-12-01,2022-11-02,2004-09-05,2019-07-09,,,,
30045,Krishnakumar Dinesh Karthik,1985-06-01,41y 33d,India,Wicketkeeper Batter,Right hand Bat,Right arm Offbreak,2004 - 2022,2018,IPL 2018,KKR,16,16.0,6.0,498.0,52.0,49.8,337.0,147.77,0.0,2.0,49.0,16.0,14,4,,,,,,,,,,,2006-12-01,2022-11-02,2004-09-05,2019-07-09,,,,
30045,Krishnakumar Dinesh Karthik,1985-06-01,41y 33d,India,Wicketkeeper Batter,Right hand Bat,Right arm Offbreak,2004 - 2022,2017,IPL 2017,GL,14,13.0,3.0,361.0,65.0,36.1,259.0,139.38,0.0,2.0,30.0,11.0,8,0,,,,,,,,,,,2006-12-01,2022-11-02,2004-09-05,2019-07-09,,,,
30045,Krishnakumar Dinesh Karthik,1985-06-01,41y 33d,India,Wicketkeeper Batter,Right hand Bat,Right arm Offbreak,2004 - 2022,2016,IPL 2016,GL,16,15.0,2.0,335.0,53.0,25.76,266.0,125.93,0.0,3.0,38.0,3.0,11,3,,,,,,,,,,,2006-12-01,2022-11-02,2004-09-05,2019-07-09,,,,
30045,Krishnakumar Dinesh Karthik,1985-06-01,41y 33d,India,Wicketkeeper Batter,Right hand Bat,Right arm Offbreak,2004 - 2022,2015,IPL 2015,RCB,16,11.0,0.0,141.0,28.0,12.81,117.0,120.51,0.0,0.0,15.0,4.0,14,4,,,,,,,,,,,2006-12-01,2022-11-02,2004-09-05,2019-07-09,,,,
30045,Krishnakumar Dinesh Karthik,1985-06-01,41y 33d,India,Wicketkeeper Batter,Right hand Bat,Right arm Offbreak,2004 - 2022,2014,IPL 2014,DC,14,14.0,0.0,325.0,69.0,23.21,258.0,125.96,0.0,3.0,28.0,11.0,7,2,,,,,,,,,,,2006-12-01,2022-11-02,2004-09-05,2019-07-09,,,,
30045,Krishnakumar Dinesh Karthik,1985-06-01,41y 33d,India,Wicketkeeper Batter,Right hand Bat,Right arm Offbreak,2004 - 2022,2013,IPL 2013,MI,19,19.0,1.0,510.0,86.0,28.33,411.0,124.08,0.0,2.0,54.0,14.0,12,2,,,,,,,,,,,2006-12-01,2022-11-02,2004-09-05,2019-07-09,,,,
30045,Krishnakumar Dinesh Karthik,1985-06-01,41y 33d,India,Wicketkeeper Batter,Right hand Bat,Right arm Offbreak,2004 - 2022,2012,IPL 2012,MI,17,14.0,1.0,238.0,44.0,18.3,213.0,111.73,0.0,0.0,30.0,2.0,5,2,,,,,,,,,,,2006-12-01,2022-11-02,2004-09-05,2019-07-09,,,,
30045,Krishnakumar Dinesh Karthik,1985-06-01,41y 33d,India,Wicketkeeper Batter,Right hand Bat,Right arm Offbreak,2004 - 2022,2011,IPL 2011,PBKS,14,13.0,2.0,282.0,69.0,25.63,220.0,128.18,0.0,1.0,32.0,7.0,7,0,,,,,,,,,,,2006-12-01,2022-11-02,2004-09-05,2019-07-09,,,,
30045,Krishnakumar Dinesh Karthik,1985-06-01,41y 33d,India,Wicketkeeper Batter,Right hand Bat,Right arm Offbreak,2004 - 2022,2009/10,IPL 2009/10,DC,14,14.0,1.0,278.0,69.0,21.38,237.0,117.29,0.0,1.0,26.0,6.0,6,6,,,,,,,,,,,2006-12-01,2022-11-02,2004-09-05,2019-07-09,,,,
30045,Krishnakumar Dinesh Karthik,1985-06-01,41y 33d,India,Wicketkeeper Batter,Right hand Bat,Right arm Offbreak,2004 - 2022,2009,IPL 2009,DC,15,13.0,5.0,288.0,52.0,36.0,217.0,132.71,0.0,1.0,20.0,9.0,12,5,,,,,,,,,,,2006-12-01,2022-11-02,2004-09-05,2019-07-09,,,,
30045,Krishnakumar Dinesh Karthik,1985-06-01,41y 33d,India,Wicketkeeper Batter,Right hand Bat,Right arm Offbreak,2004 - 2022,2007/08,IPL 2007/08,DC,13,8.0,2.0,145.0,56.0,24.16,107.0,135.51,0.0,1.0,13.0,4.0,6,2,,,,,,,,,,,2006-12-01,2022-11-02,2004-09-05,2019-07-09,,,,
528985,Domnic Joseph Muthuswami,1981-03-09,45y 117d,India,,Right hand Bat,Right arm Medium,,2015,IPL 2015,DC,6,2.0,1.0,1.0,1.0,1.0,3.0,33.33,0.0,0.0,0.0,0.0,0,0,4.0,7.21,84.0,2/18,2/18,25.25,21.0,0.0,0.0,0.0,,,,,2.0,18.0,2.0,18.0
698315,Donovan Ferreira,1998-07-21,27y 348d,South Africa,Allrounder,Right hand Bat,Right arm Offbreak,2023 - 2025,2026,IPL 2026,RR,15,13.0,4.0,317.0,69.0,35.22,177.0,179.09,0.0,2.0,25.0,23.0,13,0,1.0,13.66,18.0,1/14,1/14,41.0,18.0,0.0,0.0,0.0,2023-09-03,2025-12-19,2025-11-04,2025-11-08,1.0,14.0,1.0,14.0
698315,Donovan Ferreira,1998-07-21,27y 348d,South Africa,Allrounder,Right hand Bat,Right arm Offbreak,2023 - 2025,2025,IPL 2025,DC,1,1.0,0.0,1.0,1.0,1.0,3.0,33.33,0.0,0.0,0.0,0.0,0,0,,,,,,,,,,,2023-09-03,2025-12-19,2025-11-04,2025-11-08,,,,
698315,Donovan Ferreira,1998-07-21,27y 348d,South Africa,Allrounder,Right hand Bat,Right arm Offbreak,2023 - 2025,2024,IPL 2024,RR,2,2.0,0.0,8.0,7.0,4.0,11.0,72.72,0.0,0.0,0.0,0.0,1,0,,,,,,,,,,,2023-09-03,2025-12-19,2025-11-04,2025-11-08,,,,
362541,Douglas Andrew John Bracewell,1990-09-28,35y 279d,New Zealand,Bowler,Right hand Bat,Right arm Fast medium,2011 - 2023,2012,IPL 2012,DC,1,1.0,1.0,12.0,12.0,,9.0,133.33,0.0,0.0,1.0,0.0,1,0,3.0,8.0,24.0,3/32,3/32,10.66,8.0,0.0,0.0,0.0,2011-10-15,2021-09-03,2011-10-20,2022-04-04,3.0,32.0,3.0,32.0
552152,Pathira Vasan Dushmantha Chameera,1992-01-11,34y 174d,Sri Lanka,Bowler,Right hand Bat,Right arm Fast,2015 - 2026,2026,IPL 2026,DC,1,1.0,1.0,0.0,0.0,,3.0,0.0,0.0,0.0,0.0,0.0,0,0,0.0,9.0,12.0,,,,,0.0,0.0,0.0,2015-11-09,2026-06-14,2015-01-29,2026-06-06,,,,
552152,Pathira Vasan Dushmantha Chameera,1992-01-11,34y 174d,Sri Lanka,Bowler,Right hand Bat,Right arm Fast,2015 - 2026,2025,IPL 2025,DC,6,3.0,3.0,10.0,8.0,,14.0,71.42,0.0,0.0,0.0,0.0,1,0,4.0,11.4,90.0,1/24,1/24,42.75,22.5,0.0,0.0,0.0,2015-11-09,2026-06-14,2015-01-29,2026-06-06,1.0,24.0,1.0,24.0
552152,Pathira Vasan Dushmantha Chameera,1992-01-11,34y 174d,Sri Lanka,Bowler,Right hand Bat,Right arm Fast,2015 - 2026,2024,IPL 2024,KKR,1,,,,,,,,,,,,0,0,0.0,16.0,18.0,,,,,0.0,0.0,0.0,2015-11-09,2026-06-14,2015-01-29,2026-06-06,,,,
552152,Pathira Vasan Dushmantha Chameera,1992-01-11,34y 174d,Sri Lanka,Bowler,Right hand Bat,Right arm Fast,2015 - 2026,2022,IPL 2022,LSG,12,8.0,4.0,43.0,17.0,10.75,28.0,153.57,0.0,0.0,3.0,3.0,2,0,9.0,8.72,264.0,2/17,2/17,42.66,29.3,0.0,0.0,0.0,2015-11-09,2026-06-14,2015-01-29,2026-06-06,2.0,17.0,2.0,17.0
49638,Mohamed Farveez Maharoof,1984-09-07,41y 300d,Sri Lanka,Allrounder,Right hand Bat,Right arm Fast medium,2004 - 2016,2009/10,IPL 2009/10,DC,7,4.0,1.0,31.0,28.0,10.33,23.0,134.78,0.0,0.0,2.0,2.0,1,0,8.0,8.58,144.0,2/13,2/13,25.75,18.0,0.0,0.0,0.0,2006-06-15,2016-07-05,2004-04-25,2016-06-29,2.0,13.0,2.0,13.0
49638,Mohamed Farveez Maharoof,1984-09-07,41y 300d,Sri Lanka,Allrounder,Right hand Bat,Right arm Fast medium,2004 - 2016,2009,IPL 2009,DC,3,2.0,1.0,21.0,18.0,21.0,21.0,100.0,0.0,0.0,0.0,0.0,0,0,4.0,6.5,60.0,2/27,2/27,16.25,15.0,0.0,0.0,0.0,2006-06-15,2016-07-05,2004-04-25,2016-06-29,2.0,27.0,2.0,27.0
49638,Mohamed Farveez Maharoof,1984-09-07,41y 300d,Sri Lanka,Allrounder,Right hand Bat,Right arm Fast medium,2004 - 2016,2007/08,IPL 2007/08,DC,10,8.0,2.0,125.0,39.0,20.83,79.0,158.22,0.0,0.0,10.0,7.0,3,0,15.0,6.91,216.0,3/34,3/34,16.6,14.4,0.0,0.0,0.0,2006-06-15,2016-07-05,2004-04-25,2016-06-29,3.0,34.0,3.0,34.0
28763,Gautam Gambhir,1981-10-14,44y 263d,India,Top order Batter,Left hand Bat,Legbreak,2003 - 2016,2018,IPL 2018,DC,6,5.0,0.0,85.0,55.0,17.0,88.0,96.59,0.0,1.0,8.0,1.0,1,0,,,,,,,,,,,2007-09-13,2012-12-28,2003-04-11,2013-01-27,,,,
28763,Gautam Gambhir,1981-10-14,44y 263d,India,Top order Batter,Left hand Bat,Legbreak,2003 - 2016,2017,IPL 2017,KKR,16,16.0,4.0,498.0,76.0,41.5,389.0,128.02,0.0,4.0,62.0,7.0,6,0,,,,,,,,,,,2007-09-13,2012-12-28,2003-04-11,2013-01-27,,,,
28763,Gautam Gambhir,1981-10-14,44y 263d,India,Top order Batter,Left hand Bat,Legbreak,2003 - 2016,2016,IPL 2016,KKR,15,15.0,2.0,501.0,90.0,38.53,411.0,121.89,0.0,5.0,54.0,6.0,1,0,,,,,,,,,,,2007-09-13,2012-12-28,2003-04-11,2013-01-27,,,,
28763,Gautam Gambhir,1981-10-14,44y 263d,India,Top order Batter,Left hand Bat,Legbreak,2003 - 2016,2015,IPL 2015,KKR,13,13.0,0.0,327.0,60.0,25.15,278.0,117.62,0.0,3.0,41.0,4.0,3,0,,,,,,,,,,,2007-09-13,2012-12-28,2003-04-11,2013-01-27,,,,
28763,Gautam Gambhir,1981-10-14,44y 263d,India,Top order Batter,Left hand Bat,Legbreak,2003 - 2016,2014,IPL 2014,KKR,16,16.0,1.0,335.0,69.0,22.33,293.0,114.33,0.0,3.0,36.0,4.0,3,0,,,,,,,,,,,2007-09-13,2012-12-28,2003-04-11,2013-01-27,,,,
28763,Gautam Gambhir,1981-10-14,44y 263d,India,Top order Batter,Left hand Bat,Legbreak,2003 - 2016,2013,IPL 2013,KKR,16,16.0,0.0,406.0,60.0,25.37,343.0,118.36,0.0,4.0,51.0,5.0,2,0,,,,,,,,,,,2007-09-13,2012-12-28,2003-04-11,2013-01-27,,,,
28763,Gautam Gambhir,1981-10-14,44y 263d,India,Top order Batter,Left hand Bat,Legbreak,2003 - 2016,2012,IPL 2012,KKR,17,17.0,1.0,590.0,93.0,36.87,411.0,143.55,0.0,6.0,64.0,17.0,4,0,,,,,,,,,,,2007-09-13,2012-12-28,2003-04-11,2013-01-27,,,,
28763,Gautam Gambhir,1981-10-14,44y 263d,India,Top order Batter,Left hand Bat,Legbreak,2003 - 2016,2011,IPL 2011,KKR,15,15.0,4.0,378.0,75.0,34.36,317.0,119.24,0.0,2.0,44.0,3.0,1,0,,,,,,,,,,,2007-09-13,2012-12-28,2003-04-11,2013-01-27,,,,
28763,Gautam Gambhir,1981-10-14,44y 263d,India,Top order Batter,Left hand Bat,Legbreak,2003 - 2016,2009/10,IPL 2009/10,DC,11,10.0,1.0,277.0,72.0,30.77,217.0,127.64,0.0,2.0,32.0,2.0,3,0,,,,,,,,,,,2007-09-13,2012-12-28,2003-04-11,2013-01-27,,,,
28763,Gautam Gambhir,1981-10-14,44y 263d,India,Top order Batter,Left hand Bat,Legbreak,2003 - 2016,2009,IPL 2009,DC,15,15.0,2.0,286.0,71.0,22.0,278.0,102.87,0.0,1.0,32.0,2.0,2,0,,,,,,,,,,,2007-09-13,2012-12-28,2003-04-11,2013-01-27,,,,
28763,Gautam Gambhir,1981-10-14,44y 263d,India,Top order Batter,Left hand Bat,Legbreak,2003 - 2016,2007/08,IPL 2007/08,DC,14,14.0,1.0,534.0,86.0,41.07,379.0,140.89,0.0,5.0,68.0,8.0,2,0,,,,,,,,,,,2007-09-13,2012-12-28,2003-04-11,2013-01-27,,,,
325026,Glenn James Maxwell,1988-10-14,37y 263d,Australia,Batting Allrounder,Right hand Bat,Right arm Offbreak,2012 - 2026,2025,IPL 2025,PBKS,7,6.0,0.0,48.0,30.0,8.0,49.0,97.95,0.0,0.0,5.0,1.0,5,0,4.0,8.46,78.0,1/5,1/5,27.5,19.5,0.0,0.0,0.0,2012-09-05,2026-02-20,2012-08-25,2025-03-04,1.0,5.0,1.0,5.0
325026,Glenn James Maxwell,1988-10-14,37y 263d,Australia,Batting Allrounder,Right hand Bat,Right arm Offbreak,2012 - 2026,2024,IPL 2024,RCB,10,9.0,0.0,52.0,28.0,5.77,43.0,120.93,0.0,0.0,6.0,2.0,3,0,6.0,8.06,96.0,2/23,2/23,21.5,16.0,0.0,0.0,0.0,2012-09-05,2026-02-20,2012-08-25,2025-03-04,2.0,23.0,2.0,23.0
325026,Glenn James Maxwell,1988-10-14,37y 263d,Australia,Batting Allrounder,Right hand Bat,Right arm Offbreak,2012 - 2026,2023,IPL 2023,RCB,14,14.0,2.0,400.0,77.0,33.33,218.0,183.48,0.0,5.0,29.0,31.0,4,0,3.0,9.09,62.0,1/3,1/3,31.33,20.6,0.0,0.0,0.0,2012-09-05,2026-02-20,2012-08-25,2025-03-04,1.0,3.0,1.0,3.0
325026,Glenn James Maxwell,1988-10-14,37y 263d,Australia,Batting Allrounder,Right hand Bat,Right arm Offbreak,2012 - 2026,2022,IPL 2022,RCB,13,13.0,2.0,301.0,55.0,27.36,178.0,169.1,0.0,1.0,31.0,15.0,5,0,6.0,6.87,144.0,2/22,2/22,27.5,24.0,0.0,0.0,0.0,2012-09-05,2026-02-20,2012-08-25,2025-03-04,2.0,22.0,2.0,22.0
325026,Glenn James Maxwell,1988-10-14,37y 263d,Australia,Batting Allrounder,Right hand Bat,Right arm Offbreak,2012 - 2026,2021,IPL 2021,RCB,15,14.0,2.0,513.0,78.0,42.75,356.0,144.1,0.0,6.0,48.0,21.0,5,0,3.0,8.43,96.0,2/23,2/23,45.0,32.0,0.0,0.0,0.0,2012-09-05,2026-02-20,2012-08-25,2025-03-04,2.0,23.0,2.0,23.0
325026,Glenn James Maxwell,1988-10-14,37y 263d,Australia,Batting Allrounder,Right hand Bat,Right arm Offbreak,2012 - 2026,2020/21,IPL 2020/21,PBKS,13,11.0,4.0,108.0,32.0,15.42,106.0,101.88,0.0,0.0,9.0,0.0,4,0,3.0,8.04,126.0,1/10,1/10,56.33,42.0,0.0,0.0,0.0,2012-09-05,2026-02-20,2012-08-25,2025-03-04,1.0,10.0,1.0,10.0
325026,Glenn James Maxwell,1988-10-14,37y 263d,Australia,Batting Allrounder,Right hand Bat,Right arm Offbreak,2012 - 2026,2018,IPL 2018,DC,12,12.0,0.0,169.0,47.0,14.08,120.0,140.83,0.0,0.0,14.0,9.0,4,0,5.0,8.25,96.0,2/22,2/22,26.4,19.2,0.0,0.0,0.0,2012-09-05,2026-02-20,2012-08-25,2025-03-04,2.0,22.0,2.0,22.0
325026,Glenn James Maxwell,1988-10-14,37y 263d,Australia,Batting Allrounder,Right hand Bat,Right arm Offbreak,2012 - 2026,2017,IPL 2017,PBKS,14,13.0,3.0,310.0,47.0,31.0,179.0,173.18,0.0,0.0,19.0,26.0,7,0,7.0,6.57,114.0,2/15,2/15,17.85,16.2,0.0,0.0,0.0,2012-09-05,2026-02-20,2012-08-25,2025-03-04,2.0,15.0,2.0,15.0
325026,Glenn James Maxwell,1988-10-14,37y 263d,Australia,Batting Allrounder,Right hand Bat,Right arm Offbreak,2012 - 2026,2016,IPL 2016,PBKS,11,11.0,2.0,179.0,68.0,19.88,124.0,144.35,0.0,2.0,14.0,8.0,3,0,0.0,8.88,54.0,,,,,0.0,0.0,0.0,2012-09-05,2026-02-20,2012-08-25,2025-03-04,,,,
325026,Glenn James Maxwell,1988-10-14,37y 263d,Australia,Batting Allrounder,Right hand Bat,Right arm Offbreak,2012 - 2026,2015,IPL 2015,PBKS,11,11.0,0.0,145.0,43.0,13.18,112.0,129.46,0.0,0.0,13.0,8.0,2,0,2.0,9.7,60.0,1/5,1/5,48.5,30.0,0.0,0.0,0.0,2012-09-05,2026-02-20,2012-08-25,2025-03-04,1.0,5.0,1.0,5.0
325026,Glenn James Maxwell,1988-10-14,37y 263d,Australia,Batting Allrounder,Right hand Bat,Right arm Offbreak,2012 - 2026,2014,IPL 2014,PBKS,16,16.0,0.0,552.0,95.0,34.5,294.0,187.75,0.0,4.0,48.0,36.0,9,0,1.0,12.0,66.0,1/21,1/21,132.0,66.0,0.0,0.0,0.0,2012-09-05,2026-02-20,2012-08-25,2025-03-04,1.0,21.0,1.0,21.0
325026,Glenn James Maxwell,1988-10-14,37y 263d,Australia,Batting Allrounder,Right hand Bat,Right arm Offbreak,2012 - 2026,2013,IPL 2013,MI,3,3.0,1.0,36.0,23.0,18.0,27.0,133.33,0.0,0.0,1.0,4.0,1,0,0.0,11.5,12.0,,,,,0.0,0.0,0.0,2012-09-05,2026-02-20,2012-08-25,2025-03-04,,,,
325026,Glenn James Maxwell,1988-10-14,37y 263d,Australia,Batting Allrounder,Right hand Bat,Right arm Offbreak,2012 - 2026,2012,IPL 2012,DC,2,2.0,1.0,6.0,3.0,6.0,11.0,54.54,0.0,0.0,0.0,0.0,0,0,1.0,7.33,18.0,1/10,1/10,22.0,18.0,0.0,0.0,0.0,2012-09-05,2026-02-20,2012-08-25,2025-03-04,1.0,10.0,1.0,10.0
6565,Glenn Donald McGrath,1970-02-09,56y 145d,Australia,Bowler,Right hand Bat,Right arm Fast medium,1993 - 2007,2007/08,IPL 2007/08,DC,14,3.0,2.0,4.0,4.0,4.0,5.0,80.0,0.0,0.0,1.0,0.0,2,0,12.0,6.61,324.0,4/29,4/29,29.75,27.0,1.0,0.0,0.0,2005-02-17,2005-06-13,1993-12-09,2007-04-28,4.0,29.0,4.0,29.0
352048,Gulbadin Naib,1991-06-04,35y 30d,Afghanistan,Batting Allrounder,Right hand Bat,Right arm Medium fast,2011 - 2026,2024,IPL 2024,DC,2,1.0,0.0,19.0,19.0,19.0,15.0,126.66,0.0,0.0,1.0,1.0,1,0,0.0,12.0,6.0,,,,,0.0,0.0,0.0,2012-03-14,2026-02-19,2011-08-09,2025-02-28,,,,
499660,Gurinder Singh Sandhu,1993-06-14,33y 20d,Australia,Bowler,Left hand Bat,Right arm Fast medium,2015 - 2015,2015,IPL 2015,DC,3,,,,,,,,,,,,0,0,1.0,10.25,48.0,1/33,1/33,82.0,48.0,0.0,0.0,0.0,,,2015-01-18,2015-01-23,1.0,33.0,1.0,33.0
452044,Gade Hanuma Vihari,1993-10-13,32y 264d,India,Batting Allrounder,Right hand Bat,Right arm Offbreak,2018 - 2022,2019,IPL 2019,DC,2,2.0,0.0,4.0,2.0,2.0,8.0,50.0,0.0,0.0,0.0,0.0,0,0,0.0,9.0,6.0,,,,,0.0,0.0,0.0,,,,,,,,
452044,Gade Hanuma Vihari,1993-10-13,32y 264d,India,Batting Allrounder,Right hand Bat,Right arm Offbreak,2018 - 2022,2015,IPL 2015,SRH,5,4.0,0.0,39.0,16.0,9.75,35.0,111.42,0.0,0.0,6.0,0.0,2,0,,,,,,,,,,,,,,,,,,
452044,Gade Hanuma Vihari,1993-10-13,32y 264d,India,Batting Allrounder,Right hand Bat,Right arm Offbreak,2018 - 2022,2013,IPL 2013,SRH,17,17.0,3.0,241.0,46.0,17.21,278.0,86.69,0.0,0.0,17.0,1.0,4,0,1.0,6.33,36.0,1/5,1/5,38.0,36.0,0.0,0.0,0.0,,,,,1.0,5.0,1.0,5.0
390481,Harshal Vikram Patel,1990-11-23,35y 223d,India,Bowling Allrounder,Right hand Bat,Right arm Medium,2021 - 2023,2026,IPL 2026,SRH,5,3.0,0.0,10.0,6.0,3.33,9.0,111.11,0.0,0.0,2.0,0.0,0,0,0.0,10.82,82.0,,,,,0.0,0.0,0.0,2021-11-19,2023-01-03,,,,,,
390481,Harshal Vikram Patel,1990-11-23,35y 223d,India,Bowling Allrounder,Right hand Bat,Right arm Medium,2021 - 2023,2025,IPL 2025,SRH,13,4.0,2.0,21.0,12.0,10.5,26.0,80.76,0.0,0.0,0.0,0.0,3,0,16.0,9.8,263.0,4/28,4/28,26.87,16.4,2.0,0.0,0.0,2021-11-19,2023-01-03,,,4.0,28.0,4.0,28.0
390481,Harshal Vikram Patel,1990-11-23,35y 223d,India,Bowling Allrounder,Right hand Bat,Right arm Medium,2021 - 2023,2024,IPL 2024,PBKS,14,4.0,1.0,13.0,12.0,4.33,19.0,68.42,0.0,0.0,1.0,1.0,5,0,24.0,9.73,294.0,3/15,3/15,19.87,12.2,0.0,0.0,0.0,2021-11-19,2023-01-03,,,3.0,15.0,3.0,15.0
390481,Harshal Vikram Patel,1990-11-23,35y 223d,India,Bowling Allrounder,Right hand Bat,Right arm Medium,2021 - 2023,2023,IPL 2023,RCB,14,2.0,0.0,6.0,6.0,3.0,6.0,100.0,0.0,0.0,0.0,1.0,2,0,14.0,9.65,282.0,3/32,3/32,32.42,20.1,0.0,0.0,0.0,2021-11-19,2023-01-03,,,3.0,32.0,3.0,32.0
390481,Harshal Vikram Patel,1990-11-23,35y 223d,India,Bowling Allrounder,Right hand Bat,Right arm Medium,2021 - 2023,2022,IPL 2022,RCB,15,8.0,3.0,43.0,11.0,8.6,39.0,110.25,0.0,0.0,4.0,2.0,3,0,19.0,7.66,321.0,4/34,4/34,21.57,16.8,1.0,0.0,0.0,2021-11-19,2023-01-03,,,4.0,34.0,4.0,34.0
390481,Harshal Vikram Patel,1990-11-23,35y 223d,India,Bowling Allrounder,Right hand Bat,Right arm Medium,2021 - 2023,2021,IPL 2021,RCB,15,8.0,4.0,59.0,31.0,14.75,46.0,128.26,0.0,0.0,6.0,2.0,3,0,32.0,8.14,338.0,5/27,5/27,14.34,10.5,1.0,1.0,0.0,2021-11-19,2023-01-03,,,5.0,27.0,5.0,27.0
390481,Harshal Vikram Patel,1990-11-23,35y 223d,India,Bowling Allrounder,Right hand Bat,Right arm Medium,2021 - 2023,2020/21,IPL 2020/21,DC,5,2.0,0.0,21.0,16.0,10.5,24.0,87.5,0.0,0.0,2.0,0.0,1,0,3.0,8.93,90.0,2/34,2/34,44.66,30.0,0.0,0.0,0.0,2021-11-19,2023-01-03,,,2.0,34.0,2.0,34.0
390481,Harshal Vikram Patel,1990-11-23,35y 223d,India,Bowling Allrounder,Right hand Bat,Right arm Medium,2021 - 2023,2019,IPL 2019,DC,2,2.0,1.0,0.0,0.0,0.0,2.0,0.0,0.0,0.0,0.0,0.0,0,0,2.0,9.62,48.0,2/40,2/40,38.5,24.0,0.0,0.0,0.0,2021-11-19,2023-01-03,,,2.0,40.0,2.0,40.0
390481,Harshal Vikram Patel,1990-11-23,35y 223d,India,Bowling Allrounder,Right hand Bat,Right arm Medium,2021 - 2023,2018,IPL 2018,DC,5,2.0,1.0,60.0,36.0,60.0,33.0,181.81,0.0,0.0,1.0,6.0,0,0,7.0,9.54,105.0,3/28,3/28,23.85,15.0,0.0,0.0,0.0,2021-11-19,2023-01-03,,,3.0,28.0,3.0,28.0
390481,Harshal Vikram Patel,1990-11-23,35y 223d,India,Bowling Allrounder,Right hand Bat,Right arm Medium,2021 - 2023,2017,IPL 2017,RCB,1,,,,,,,,,,,,0,0,3.0,10.75,24.0,3/43,3/43,14.33,8.0,0.0,0.0,0.0,2021-11-19,2023-01-03,,,3.0,43.0,3.0,43.0
390481,Harshal Vikram Patel,1990-11-23,35y 223d,India,Bowling Allrounder,Right hand Bat,Right arm Medium,2021 - 2023,2016,IPL 2016,RCB,5,1.0,1.0,0.0,0.0,,0.0,,0.0,0.0,0.0,0.0,2,0,1.0,10.5,84.0,1/46,1/46,147.0,84.0,0.0,0.0,0.0,2021-11-19,2023-01-03,,,1.0,46.0,1.0,46.0
390481,Harshal Vikram Patel,1990-11-23,35y 223d,India,Bowling Allrounder,Right hand Bat,Right arm Medium,2021 - 2023,2015,IPL 2015,RCB,15,7.0,2.0,19.0,9.0,3.8,12.0,158.33,0.0,0.0,0.0,2.0,1,0,17.0,7.48,263.0,2/12,2/12,19.29,15.4,0.0,0.0,0.0,2021-11-19,2023-01-03,,,2.0,12.0,2.0,12.0
390481,Harshal Vikram Patel,1990-11-23,35y 223d,India,Bowling Allrounder,Right hand Bat,Right arm Medium,2021 - 2023,2014,IPL 2014,RCB,3,3.0,1.0,13.0,6.0,6.5,7.0,185.71,0.0,0.0,1.0,1.0,0,0,4.0,10.27,66.0,2/56,2/56,28.25,16.5,0.0,0.0,0.0,2021-11-19,2023-01-03,,,2.0,56.0,2.0,56.0
390481,Harshal Vikram Patel,1990-11-23,35y 223d,India,Bowling Allrounder,Right hand Bat,Right arm Medium,2021 - 2023,2012,IPL 2012,RCB,12,3.0,1.0,15.0,10.0,7.5,15.0,100.0,0.0,0.0,1.0,0.0,8,0,9.0,8.29,246.0,2/24,2/24,37.77,27.3,0.0,0.0,0.0,2021-11-19,2023-01-03,,,2.0,24.0,2.0,24.0
32685,Irfan Khan Pathan,1984-10-27,41y 250d,India,Allrounder,Left hand Bat,Left arm Medium fast,2003 - 2012,2017,IPL 2017,GL,1,1.0,0.0,2.0,2.0,2.0,3.0,66.66,0.0,0.0,0.0,0.0,0,0,0.0,13.0,12.0,,,,,0.0,0.0,0.0,2006-12-01,2012-10-02,2004-01-09,2012-08-04,,,,
32685,Irfan Khan Pathan,1984-10-27,41y 250d,India,Allrounder,Left hand Bat,Left arm Medium fast,2003 - 2012,2016,IPL 2016,RPS,4,3.0,0.0,11.0,7.0,3.66,13.0,84.61,0.0,0.0,0.0,0.0,1,0,0.0,7.62,48.0,,,,,0.0,0.0,0.0,2006-12-01,2012-10-02,2004-01-09,2012-08-04,,,,
32685,Irfan Khan Pathan,1984-10-27,41y 250d,India,Allrounder,Left hand Bat,Left arm Medium fast,2003 - 2012,2014,IPL 2014,SRH,10,6.0,4.0,55.0,23.0,27.5,54.0,101.85,0.0,0.0,5.0,0.0,2,0,4.0,8.66,142.0,2/10,2/10,51.25,35.5,0.0,0.0,0.0,2006-12-01,2012-10-02,2004-01-09,2012-08-04,2.0,10.0,2.0,10.0
32685,Irfan Khan Pathan,1984-10-27,41y 250d,India,Allrounder,Left hand Bat,Left arm Medium fast,2003 - 2012,2013,IPL 2013,DC,15,13.0,5.0,142.0,24.0,17.75,152.0,93.42,0.0,0.0,9.0,3.0,4,0,10.0,7.44,308.0,2/29,2/29,38.2,30.8,0.0,0.0,0.0,2006-12-01,2012-10-02,2004-01-09,2012-08-04,2.0,29.0,2.0,29.0
32685,Irfan Khan Pathan,1984-10-27,41y 250d,India,Allrounder,Left hand Bat,Left arm Medium fast,2003 - 2012,2012,IPL 2012,DC,17,12.0,5.0,176.0,42.0,25.14,126.0,139.68,0.0,0.0,14.0,6.0,8,0,8.0,7.75,360.0,2/46,2/46,58.12,45.0,0.0,0.0,0.0,2006-12-01,2012-10-02,2004-01-09,2012-08-04,2.0,46.0,2.0,46.0
32685,Irfan Khan Pathan,1984-10-27,41y 250d,India,Allrounder,Left hand Bat,Left arm Medium fast,2003 - 2012,2011,IPL 2011,DC,14,12.0,4.0,150.0,44.0,18.75,138.0,108.69,0.0,0.0,12.0,6.0,4,0,11.0,7.5,275.0,3/28,3/28,31.27,25.0,0.0,0.0,0.0,2006-12-01,2012-10-02,2004-01-09,2012-08-04,3.0,28.0,3.0,28.0
32685,Irfan Khan Pathan,1984-10-27,41y 250d,India,Allrounder,Left hand Bat,Left arm Medium fast,2003 - 2012,2009/10,IPL 2009/10,PBKS,14,13.0,5.0,276.0,60.0,34.5,186.0,148.38,0.0,1.0,21.0,10.0,4,0,15.0,9.19,278.0,3/24,3/24,28.4,18.5,0.0,0.0,0.0,2006-12-01,2012-10-02,2004-01-09,2012-08-04,3.0,24.0,3.0,24.0
32685,Irfan Khan Pathan,1984-10-27,41y 250d,India,Allrounder,Left hand Bat,Left arm Medium fast,2003 - 2012,2009,IPL 2009,PBKS,14,12.0,2.0,196.0,39.0,19.6,158.0,124.05,0.0,0.0,17.0,6.0,4,0,17.0,7.74,302.0,3/35,3/35,22.94,17.7,0.0,0.0,0.0,2006-12-01,2012-10-02,2004-01-09,2012-08-04,3.0,35.0,3.0,35.0
32685,Irfan Khan Pathan,1984-10-27,41y 250d,India,Allrounder,Left hand Bat,Left arm Medium fast,2003 - 2012,2007/08,IPL 2007/08,PBKS,14,10.0,4.0,131.0,40.0,21.83,116.0,112.93,0.0,0.0,9.0,6.0,4,0,15.0,6.6,318.0,2/18,2/18,23.33,21.2,0.0,0.0,0.0,2006-12-01,2012-10-02,2004-01-09,2012-08-04,2.0,18.0,2.0,18.0
236779,Ishant Sharma,1988-09-02,37y 305d,India,Bowler,Right hand Bat,Right arm Fast medium,2007 - 2021,2025,IPL 2025,GT,7,,,,,,,,,,,,2,0,4.0,11.18,110.0,1/18,1/18,51.25,27.5,0.0,0.0,0.0,2008-02-01,2013-10-10,2007-06-29,2016-01-23,1.0,18.0,1.0,18.0
236779,Ishant Sharma,1988-09-02,37y 305d,India,Bowler,Right hand Bat,Right arm Fast medium,2007 - 2021,2024,IPL 2024,DC,9,2.0,2.0,1.0,1.0,,7.0,14.28,0.0,0.0,0.0,0.0,2,0,10.0,9.81,162.0,3/34,3/34,26.5,16.2,0.0,0.0,0.0,2008-02-01,2013-10-10,2007-06-29,2016-01-23,3.0,34.0,3.0,34.0
236779,Ishant Sharma,1988-09-02,37y 305d,India,Bowler,Right hand Bat,Right arm Fast medium,2007 - 2021,2023,IPL 2023,DC,8,1.0,1.0,1.0,1.0,,1.0,100.0,0.0,0.0,0.0,0.0,0,0,10.0,8.24,150.0,2/19,2/19,20.6,15.0,0.0,0.0,0.0,2008-02-01,2013-10-10,2007-06-29,2016-01-23,2.0,19.0,2.0,19.0
236779,Ishant Sharma,1988-09-02,37y 305d,India,Bowler,Right hand Bat,Right arm Fast medium,2007 - 2021,2021,IPL 2021,DC,3,,,,,,,,,,,,0,0,1.0,8.08,72.0,1/26,1/26,97.0,72.0,0.0,0.0,0.0,2008-02-01,2013-10-10,2007-06-29,2016-01-23,1.0,26.0,1.0,26.0
236779,Ishant Sharma,1988-09-02,37y 305d,India,Bowler,Right hand Bat,Right arm Fast medium,2007 - 2021,2020/21,IPL 2020/21,DC,1,,,,,,,,,,,,0,0,0.0,8.66,18.0,,,,,0.0,0.0,0.0,2008-02-01,2013-10-10,2007-06-29,2016-01-23,,,,
236779,Ishant Sharma,1988-09-02,37y 305d,India,Bowler,Right hand Bat,Right arm Fast medium,2007 - 2021,2019,IPL 2019,DC,13,3.0,3.0,10.0,10.0,,3.0,333.33,0.0,0.0,1.0,1.0,1,0,13.0,7.58,276.0,3/38,3/38,26.84,21.2,0.0,0.0,0.0,2008-02-01,2013-10-10,2007-06-29,2016-01-23,3.0,38.0,3.0,38.0
236779,Ishant Sharma,1988-09-02,37y 305d,India,Bowler,Right hand Bat,Right arm Fast medium,2007 - 2021,2017,IPL 2017,PBKS,6,3.0,1.0,8.0,5.0,4.0,12.0,66.66,0.0,0.0,1.0,0.0,0,0,0.0,9.94,108.0,,,,,0.0,0.0,0.0,2008-02-01,2013-10-10,2007-06-29,2016-01-23,,,,
236779,Ishant Sharma,1988-09-02,37y 305d,India,Bowler,Right hand Bat,Right arm Fast medium,2007 - 2021,2016,IPL 2016,RPS,4,1.0,1.0,0.0,0.0,,0.0,,0.0,0.0,0.0,0.0,2,0,3.0,9.86,90.0,2/36,2/36,49.33,30.0,0.0,0.0,0.0,2008-02-01,2013-10-10,2007-06-29,2016-01-23,2.0,36.0,2.0,36.0
236779,Ishant Sharma,1988-09-02,37y 305d,India,Bowler,Right hand Bat,Right arm Fast medium,2007 - 2021,2015,IPL 2015,SRH,4,,,,,,,,,,,,0,0,1.0,11.35,84.0,1/25,1/25,159.0,84.0,0.0,0.0,0.0,2008-02-01,2013-10-10,2007-06-29,2016-01-23,1.0,25.0,1.0,25.0
236779,Ishant Sharma,1988-09-02,37y 305d,India,Bowler,Right hand Bat,Right arm Fast medium,2007 - 2021,2014,IPL 2014,SRH,3,,,,,,,,,,,,0,0,3.0,9.18,66.0,2/37,2/37,33.66,22.0,0.0,0.0,0.0,2008-02-01,2013-10-10,2007-06-29,2016-01-23,2.0,37.0,2.0,37.0
236779,Ishant Sharma,1988-09-02,37y 305d,India,Bowler,Right hand Bat,Right arm Fast medium,2007 - 2021,2013,IPL 2013,SRH,16,2.0,2.0,0.0,0.0,,0.0,,0.0,0.0,0.0,0.0,6,0,15.0,7.81,358.0,3/27,3/27,31.06,23.8,0.0,0.0,0.0,2008-02-01,2013-10-10,2007-06-29,2016-01-23,3.0,27.0,3.0,27.0
236779,Ishant Sharma,1988-09-02,37y 305d,India,Bowler,Right hand Bat,Right arm Fast medium,2007 - 2021,2011,IPL 2011,DCH,12,5.0,5.0,4.0,1.0,,5.0,80.0,0.0,0.0,0.0,0.0,3,0,11.0,7.13,264.0,5/12,5/12,28.54,24.0,0.0,1.0,0.0,2008-02-01,2013-10-10,2007-06-29,2016-01-23,5.0,12.0,5.0,12.0
236779,Ishant Sharma,1988-09-02,37y 305d,India,Bowler,Right hand Bat,Right arm Fast medium,2007 - 2021,2009/10,IPL 2009/10,KKR,7,2.0,1.0,6.0,6.0,6.0,17.0,35.29,0.0,0.0,0.0,0.0,1,0,7.0,9.44,150.0,2/33,2/33,33.71,21.4,0.0,0.0,0.0,2008-02-01,2013-10-10,2007-06-29,2016-01-23,2.0,33.0,2.0,33.0
236779,Ishant Sharma,1988-09-02,37y 305d,India,Bowler,Right hand Bat,Right arm Fast medium,2007 - 2021,2009,IPL 2009,KKR,11,3.0,1.0,16.0,9.0,8.0,13.0,123.07,0.0,0.0,1.0,1.0,1,0,11.0,6.9,258.0,2/15,2/15,27.0,23.4,0.0,0.0,0.0,2008-02-01,2013-10-10,2007-06-29,2016-01-23,2.0,15.0,2.0,15.0
236779,Ishant Sharma,1988-09-02,37y 305d,India,Bowler,Right hand Bat,Right arm Fast medium,2007 - 2021,2007/08,IPL 2007/08,KKR,13,6.0,5.0,11.0,4.0,11.0,11.0,100.0,0.0,0.0,1.0,0.0,2,0,7.0,7.8,253.0,1/7,1/7,47.0,36.1,0.0,0.0,0.0,2008-02-01,2013-10-10,2007-06-29,2016-01-23,1.0,7.0,1.0,7.0
527663,Jagadeesha Suchith,1994-01-16,32y 169d,India,Bowler,Left hand Bat,Slow Left arm Orthodox,,2022,IPL 2022,SRH,5,2.0,0.0,2.0,2.0,1.0,8.0,25.0,0.0,0.0,0.0,0.0,1,0,7.0,7.77,108.0,2/12,2/12,20.0,15.4,0.0,0.0,0.0,,,,,2.0,12.0,2.0,12.0
527663,Jagadeesha Suchith,1994-01-16,32y 169d,India,Bowler,Left hand Bat,Slow Left arm Orthodox,,2021,IPL 2021,SRH,2,1.0,1.0,14.0,14.0,,6.0,233.33,0.0,0.0,2.0,1.0,1,0,0.0,9.42,42.0,,,,,0.0,0.0,0.0,,,,,,,,
527663,Jagadeesha Suchith,1994-01-16,32y 169d,India,Bowler,Left hand Bat,Slow Left arm Orthodox,,2019,IPL 2019,DC,1,1.0,0.0,6.0,6.0,6.0,15.0,40.0,0.0,0.0,0.0,0.0,0,0,2.0,7.0,24.0,2/28,2/28,14.0,12.0,0.0,0.0,0.0,,,,,2.0,28.0,2.0,28.0
527663,Jagadeesha Suchith,1994-01-16,32y 169d,India,Bowler,Left hand Bat,Slow Left arm Orthodox,,2016,IPL 2016,MI,1,,,,,,,,,,,,0,0,0.0,15.5,12.0,,,,,0.0,0.0,0.0,,,,,,,,
527663,Jagadeesha Suchith,1994-01-16,32y 169d,India,Bowler,Left hand Bat,Slow Left arm Orthodox,,2015,IPL 2015,MI,13,6.0,5.0,48.0,34.0,48.0,32.0,150.0,0.0,0.0,4.0,2.0,8,0,10.0,8.64,234.0,2/14,2/14,33.7,23.4,0.0,0.0,0.0,,,,,2.0,14.0,2.0,14.0
1168049,Jake Matthew Fraser-McGurk,2002-04-11,24y 84d,Australia,Batter,Right hand Bat,Legbreak Googly,2024 - 2025,2025,IPL 2025,DC,6,6.0,0.0,55.0,38.0,9.16,52.0,105.76,0.0,0.0,7.0,2.0,3,0,,,,,,,,,,,2024-09-04,2025-07-20,2024-02-04,2025-02-14,,,,
1168049,Jake Matthew Fraser-McGurk,2002-04-11,24y 84d,Australia,Batter,Right hand Bat,Legbreak Googly,2024 - 2025,2024,IPL 2024,DC,9,9.0,0.0,330.0,84.0,36.66,141.0,234.04,0.0,4.0,32.0,28.0,3,0,,,,,,,,,,,2024-09-04,2025-07-20,2024-02-04,2025-02-14,,,,
5702,James Redfern Hopes,1978-10-24,47y 253d,Australia,Allrounder,Right hand Bat,Right arm Medium,2005 - 2010,2011,IPL 2011,DC,10,8.0,3.0,196.0,55.0,39.2,158.0,124.05,0.0,2.0,22.0,3.0,3,0,7.0,8.5,192.0,1/25,1/25,38.85,27.4,0.0,0.0,0.0,2005-02-17,2010-07-06,2005-03-01,2010-10-20,1.0,25.0,1.0,25.0
5702,James Redfern Hopes,1978-10-24,47y 253d,Australia,Allrounder,Right hand Bat,Right arm Medium,2005 - 2010,2007/08,IPL 2007/08,PBKS,11,11.0,0.0,221.0,71.0,20.09,148.0,149.32,0.0,2.0,27.0,8.0,3,0,7.0,9.85,168.0,2/2,2/2,39.42,24.0,0.0,0.0,0.0,2005-02-17,2010-07-06,2005-03-01,2010-10-20,2.0,2.0,2.0,2.0
355269,James Douglas Sheahan Neesham,1990-09-17,35y 290d,New Zealand,Batting Allrounder,Left hand Bat,Right arm Medium fast,2012 - 2026,2022,IPL 2022,RR,2,2.0,0.0,31.0,17.0,15.5,27.0,114.81,0.0,0.0,3.0,0.0,1,0,0.0,9.66,18.0,,,,,0.0,0.0,0.0,2012-12-21,2026-03-25,2013-01-19,2023-11-01,,,,
355269,James Douglas Sheahan Neesham,1990-09-17,35y 290d,New Zealand,Batting Allrounder,Left hand Bat,Right arm Medium fast,2012 - 2026,2021,IPL 2021,MI,3,2.0,0.0,0.0,0.0,0.0,2.0,0.0,0.0,0.0,0.0,0.0,0,0,5.0,7.33,54.0,3/12,3/12,13.2,10.8,0.0,0.0,0.0,2012-12-21,2026-03-25,2013-01-19,2023-11-01,3.0,12.0,3.0,12.0
355269,James Douglas Sheahan Neesham,1990-09-17,35y 290d,New Zealand,Batting Allrounder,Left hand Bat,Right arm Medium fast,2012 - 2026,2020/21,IPL 2020/21,PBKS,5,3.0,1.0,19.0,10.0,9.5,18.0,105.55,0.0,0.0,0.0,1.0,1,0,2.0,9.86,90.0,1/17,1/17,74.0,45.0,0.0,0.0,0.0,2012-12-21,2026-03-25,2013-01-19,2023-11-01,1.0,17.0,1.0,17.0
355269,James Douglas Sheahan Neesham,1990-09-17,35y 290d,New Zealand,Batting Allrounder,Left hand Bat,Right arm Medium fast,2012 - 2026,2014,IPL 2014,DC,4,3.0,0.0,42.0,22.0,14.0,46.0,91.3,0.0,0.0,3.0,1.0,0,0,1.0,10.11,54.0,1/29,1/29,91.0,54.0,0.0,0.0,0.0,2012-12-21,2026-03-25,2013-01-19,2023-11-01,1.0,29.0,1.0,29.0
298438,Jason Jonathan Roy,1990-07-21,35y 348d,England,Opening Batter,Right hand Bat,,2014 - 2023,2023,IPL 2023,KKR,8,8.0,0.0,285.0,61.0,35.62,188.0,151.59,0.0,2.0,36.0,12.0,2,0,,,,,,,,,,,2014-09-07,2022-07-31,2015-05-08,2023-03-06,,,,
298438,Jason Jonathan Roy,1990-07-21,35y 348d,England,Opening Batter,Right hand Bat,,2014 - 2023,2021,IPL 2021,SRH,5,5.0,0.0,150.0,60.0,30.0,121.0,123.96,0.0,1.0,21.0,1.0,3,0,,,,,,,,,,,2014-09-07,2022-07-31,2015-05-08,2023-03-06,,,,
298438,Jason Jonathan Roy,1990-07-21,35y 348d,England,Opening Batter,Right hand Bat,,2014 - 2023,2018,IPL 2018,DC,5,5.0,1.0,120.0,91.0,30.0,94.0,127.65,0.0,1.0,9.0,7.0,4,0,,,,,,,,,,,2014-09-07,2022-07-31,2015-05-08,2023-03-06,,,,
298438,Jason Jonathan Roy,1990-07-21,35y 348d,England,Opening Batter,Right hand Bat,,2014 - 2023,2017,IPL 2017,GL,3,3.0,1.0,59.0,31.0,29.5,40.0,147.5,0.0,0.0,9.0,1.0,1,0,,,,,,,,,,,2014-09-07,2022-07-31,2015-05-08,2023-03-06,,,,
447587,Jayant Yadav,1990-01-22,36y 163d,India,Bowler,Right hand Bat,Right arm Offbreak,2016 - 2022,2023,IPL 2023,GT,1,,,,,,,,,,,,1,0,0.0,6.5,24.0,,,,,0.0,0.0,0.0,,,2016-10-29,2022-01-23,,,,
447587,Jayant Yadav,1990-01-22,36y 163d,India,Bowler,Right hand Bat,Right arm Offbreak,2016 - 2022,2021,IPL 2021,MI,5,3.0,1.0,34.0,23.0,17.0,26.0,130.76,0.0,0.0,2.0,1.0,2,0,2.0,7.64,102.0,1/25,1/25,65.0,51.0,0.0,0.0,0.0,,,2016-10-29,2022-01-23,1.0,25.0,1.0,25.0
447587,Jayant Yadav,1990-01-22,36y 163d,India,Bowler,Right hand Bat,Right arm Offbreak,2016 - 2022,2020/21,IPL 2020/21,MI,2,,,,,,,,,,,,0,0,1.0,6.14,42.0,1/25,1/25,43.0,42.0,0.0,0.0,0.0,,,2016-10-29,2022-01-23,1.0,25.0,1.0,25.0
447587,Jayant Yadav,1990-01-22,36y 163d,India,Bowler,Right hand Bat,Right arm Offbreak,2016 - 2022,2019,IPL 2019,MI,2,,,,,,,,,,,,2,0,1.0,7.14,42.0,1/25,1/25,50.0,42.0,0.0,0.0,0.0,,,2016-10-29,2022-01-23,1.0,25.0,1.0,25.0
447587,Jayant Yadav,1990-01-22,36y 163d,India,Bowler,Right hand Bat,Right arm Offbreak,2016 - 2022,2017,IPL 2017,DC,2,,,,,,,,,,,,0,0,0.0,7.0,36.0,,,,,0.0,0.0,0.0,,,2016-10-29,2022-01-23,,,,
447587,Jayant Yadav,1990-01-22,36y 163d,India,Bowler,Right hand Bat,Right arm Offbreak,2016 - 2022,2016,IPL 2016,DC,5,2.0,0.0,6.0,5.0,3.0,10.0,60.0,0.0,0.0,0.0,0.0,1,0,2.0,7.35,102.0,1/23,1/23,62.5,51.0,0.0,0.0,0.0,,,2016-10-29,2022-01-23,1.0,23.0,1.0,23.0
447587,Jayant Yadav,1990-01-22,36y 163d,India,Bowler,Right hand Bat,Right arm Offbreak,2016 - 2022,2015,IPL 2015,DC,3,,,,,,,,,,,,1,0,2.0,4.14,42.0,1/8,1/8,14.5,21.0,0.0,0.0,0.0,,,2016-10-29,2022-01-23,1.0,8.0,1.0,8.0
390484,Jaydev Dipakbhai Unadkat,1991-10-18,34y 259d,India,Bowler,Right hand Bat,Left arm Medium,2010 - 2023,2026,IPL 2026,SRH,4,1.0,1.0,4.0,4.0,,3.0,133.33,0.0,0.0,0.0,0.0,3,0,4.0,10.9,77.0,3/21,3/21,35.0,19.2,0.0,0.0,0.0,2016-06-18,2018-03-18,2013-07-24,2023-08-01,3.0,21.0,3.0,21.0
390484,Jaydev Dipakbhai Unadkat,1991-10-18,34y 259d,India,Bowler,Right hand Bat,Left arm Medium,2010 - 2023,2025,IPL 2025,SRH,7,,,,,,,,,,,,2,0,11.0,7.34,143.0,3/24,3/24,15.9,13.0,0.0,0.0,0.0,2016-06-18,2018-03-18,2013-07-24,2023-08-01,3.0,24.0,3.0,24.0
390484,Jaydev Dipakbhai Unadkat,1991-10-18,34y 259d,India,Bowler,Right hand Bat,Left arm Medium,2010 - 2023,2024,IPL 2024,SRH,11,5.0,2.0,24.0,8.0,8.0,26.0,92.3,0.0,0.0,2.0,1.0,0,0,8.0,10.23,187.0,3/30,3/30,39.87,23.3,0.0,0.0,0.0,2016-06-18,2018-03-18,2013-07-24,2023-08-01,3.0,30.0,3.0,30.0
390484,Jaydev Dipakbhai Unadkat,1991-10-18,34y 259d,India,Bowler,Right hand Bat,Left arm Medium,2010 - 2023,2023,IPL 2023,LSG,3,1.0,0.0,9.0,9.0,9.0,7.0,128.57,0.0,0.0,1.0,0.0,0,0,0.0,11.5,48.0,,,,,0.0,0.0,0.0,2016-06-18,2018-03-18,2013-07-24,2023-08-01,,,,
390484,Jaydev Dipakbhai Unadkat,1991-10-18,34y 259d,India,Bowler,Right hand Bat,Left arm Medium,2010 - 2023,2022,IPL 2022,MI,5,5.0,2.0,59.0,19.0,19.66,37.0,159.45,0.0,0.0,4.0,3.0,1,0,6.0,9.5,120.0,2/32,2/32,31.66,20.0,0.0,0.0,0.0,2016-06-18,2018-03-18,2013-07-24,2023-08-01,2.0,32.0,2.0,32.0
390484,Jaydev Dipakbhai Unadkat,1991-10-18,34y 259d,India,Bowler,Right hand Bat,Left arm Medium,2010 - 2023,2021,IPL 2021,RR,6,3.0,1.0,41.0,24.0,20.5,29.0,141.37,0.0,0.0,3.0,2.0,1,0,4.0,7.63,132.0,3/15,3/15,42.0,33.0,0.0,0.0,0.0,2016-06-18,2018-03-18,2013-07-24,2023-08-01,3.0,15.0,3.0,15.0
390484,Jaydev Dipakbhai Unadkat,1991-10-18,34y 259d,India,Bowler,Right hand Bat,Left arm Medium,2010 - 2023,2020/21,IPL 2020/21,RR,7,1.0,0.0,9.0,9.0,9.0,13.0,69.23,0.0,0.0,0.0,0.0,1,0,4.0,9.91,138.0,2/32,2/32,57.0,34.5,0.0,0.0,0.0,2016-06-18,2018-03-18,2013-07-24,2023-08-01,2.0,32.0,2.0,32.0
390484,Jaydev Dipakbhai Unadkat,1991-10-18,34y 259d,India,Bowler,Right hand Bat,Left arm Medium,2010 - 2023,2019,IPL 2019,RR,11,4.0,3.0,1.0,1.0,1.0,3.0,33.33,0.0,0.0,0.0,0.0,3,0,10.0,10.66,224.0,2/26,2/26,39.8,22.4,0.0,0.0,0.0,2016-06-18,2018-03-18,2013-07-24,2023-08-01,2.0,26.0,2.0,26.0
390484,Jaydev Dipakbhai Unadkat,1991-10-18,34y 259d,India,Bowler,Right hand Bat,Left arm Medium,2010 - 2023,2018,IPL 2018,RR,15,7.0,3.0,49.0,26.0,12.25,38.0,128.94,0.0,0.0,6.0,1.0,6,0,11.0,9.65,302.0,3/46,3/46,44.18,27.4,0.0,0.0,0.0,2016-06-18,2018-03-18,2013-07-24,2023-08-01,3.0,46.0,3.0,46.0
390484,Jaydev Dipakbhai Unadkat,1991-10-18,34y 259d,India,Bowler,Right hand Bat,Left arm Medium,2010 - 2023,2017,IPL 2017,RPS,12,2.0,2.0,2.0,2.0,,5.0,40.0,0.0,0.0,0.0,0.0,9,0,24.0,7.02,275.0,5/30,5/30,13.41,11.4,0.0,1.0,0.0,2016-06-18,2018-03-18,2013-07-24,2023-08-01,5.0,30.0,5.0,30.0
390484,Jaydev Dipakbhai Unadkat,1991-10-18,34y 259d,India,Bowler,Right hand Bat,Left arm Medium,2010 - 2023,2016,IPL 2016,KKR,1,,,,,,,,,,,,0,0,0.0,16.33,18.0,,,,,0.0,0.0,0.0,2016-06-18,2018-03-18,2013-07-24,2023-08-01,,,,
390484,Jaydev Dipakbhai Unadkat,1991-10-18,34y 259d,India,Bowler,Right hand Bat,Left arm Medium,2010 - 2023,2015,IPL 2015,DC,1,,,,,,,,,,,,0,0,0.0,10.0,18.0,,,,,0.0,0.0,0.0,2016-06-18,2018-03-18,2013-07-24,2023-08-01,,,,
390484,Jaydev Dipakbhai Unadkat,1991-10-18,34y 259d,India,Bowler,Right hand Bat,Left arm Medium,2010 - 2023,2014,IPL 2014,DC,9,2.0,1.0,1.0,1.0,1.0,6.0,16.66,0.0,0.0,0.0,0.0,0,0,9.0,8.66,187.0,3/32,3/32,30.0,20.7,0.0,0.0,0.0,2016-06-18,2018-03-18,2013-07-24,2023-08-01,3.0,32.0,3.0,32.0
390484,Jaydev Dipakbhai Unadkat,1991-10-18,34y 259d,India,Bowler,Right hand Bat,Left arm Medium,2010 - 2023,2013,IPL 2013,RCB,13,2.0,2.0,2.0,1.0,,2.0,100.0,0.0,0.0,0.0,0.0,1,0,13.0,7.55,294.0,5/25,5/25,28.46,22.6,0.0,1.0,0.0,2016-06-18,2018-03-18,2013-07-24,2023-08-01,5.0,25.0,5.0,25.0
390484,Jaydev Dipakbhai Unadkat,1991-10-18,34y 259d,India,Bowler,Right hand Bat,Left arm Medium,2010 - 2023,2012,IPL 2012,KKR,1,,,,,,,,,,,,0,0,0.0,10.66,18.0,,,,,0.0,0.0,0.0,2016-06-18,2018-03-18,2013-07-24,2023-08-01,,,,
390484,Jaydev Dipakbhai Unadkat,1991-10-18,34y 259d,India,Bowler,Right hand Bat,Left arm Medium,2010 - 2023,2011,IPL 2011,KKR,7,,,,,,,,,,,,2,0,6.0,8.33,108.0,2/25,2/25,25.0,18.0,0.0,0.0,0.0,2016-06-18,2018-03-18,2013-07-24,2023-08-01,2.0,25.0,2.0,25.0
390484,Jaydev Dipakbhai Unadkat,1991-10-18,34y 259d,India,Bowler,Right hand Bat,Left arm Medium,2010 - 2023,2009/10,IPL 2009/10,KKR,3,,,,,,,,,,,,1,0,4.0,8.22,62.0,3/26,3/26,21.25,15.5,0.0,0.0,0.0,2016-06-18,2018-03-18,2013-07-24,2023-08-01,3.0,26.0,3.0,26.0
44932,Jean-Paul Duminy,1984-04-14,42y 81d,South Africa,Batting Allrounder,Left hand Bat,Right arm Offbreak,2004 - 2019,2018,IPL 2018,MI,6,4.0,3.0,36.0,23.0,36.0,40.0,90.0,0.0,0.0,3.0,1.0,2,0,0.0,12.0,18.0,,,,,0.0,0.0,0.0,2007-09-15,2019-03-24,2004-08-20,2019-07-06,,,,
44932,Jean-Paul Duminy,1984-04-14,42y 81d,South Africa,Batting Allrounder,Left hand Bat,Right arm Offbreak,2004 - 2019,2016,IPL 2016,DC,10,8.0,3.0,191.0,49.0,38.2,156.0,122.43,0.0,0.0,13.0,3.0,3,0,2.0,7.85,42.0,1/4,1/4,27.5,21.0,0.0,0.0,0.0,2007-09-15,2019-03-24,2004-08-20,2019-07-06,1.0,4.0,1.0,4.0
44932,Jean-Paul Duminy,1984-04-14,42y 81d,South Africa,Batting Allrounder,Left hand Bat,Right arm Offbreak,2004 - 2019,2015,IPL 2015,DC,14,13.0,3.0,414.0,78.0,41.4,315.0,131.42,0.0,4.0,27.0,20.0,8,0,8.0,7.41,102.0,4/17,4/17,15.75,12.7,1.0,0.0,0.0,2007-09-15,2019-03-24,2004-08-20,2019-07-06,4.0,17.0,4.0,17.0
44932,Jean-Paul Duminy,1984-04-14,42y 81d,South Africa,Batting Allrounder,Left hand Bat,Right arm Offbreak,2004 - 2019,2014,IPL 2014,DC,14,14.0,6.0,410.0,67.0,51.25,305.0,134.42,0.0,2.0,22.0,20.0,2,0,3.0,7.27,198.0,2/27,2/27,80.0,66.0,0.0,0.0,0.0,2007-09-15,2019-03-24,2004-08-20,2019-07-06,2.0,27.0,2.0,27.0
44932,Jean-Paul Duminy,1984-04-14,42y 81d,South Africa,Batting Allrounder,Left hand Bat,Right arm Offbreak,2004 - 2019,2012,IPL 2012,DCH,9,9.0,6.0,244.0,74.0,81.33,190.0,128.42,0.0,2.0,13.0,11.0,6,0,1.0,8.66,72.0,1/8,1/8,104.0,72.0,0.0,0.0,0.0,2007-09-15,2019-03-24,2004-08-20,2019-07-06,1.0,8.0,1.0,8.0
44932,Jean-Paul Duminy,1984-04-14,42y 81d,South Africa,Batting Allrounder,Left hand Bat,Right arm Offbreak,2004 - 2019,2011,IPL 2011,DCH,10,10.0,0.0,205.0,55.0,20.5,174.0,117.81,0.0,1.0,9.0,8.0,2,0,4.0,7.94,108.0,1/3,1/3,35.75,27.0,0.0,0.0,0.0,2007-09-15,2019-03-24,2004-08-20,2019-07-06,1.0,3.0,1.0,3.0
44932,Jean-Paul Duminy,1984-04-14,42y 81d,South Africa,Batting Allrounder,Left hand Bat,Right arm Offbreak,2004 - 2019,2009/10,IPL 2009/10,MI,7,7.0,2.0,157.0,42.0,31.4,131.0,119.84,0.0,0.0,13.0,5.0,3,0,1.0,6.72,33.0,1/15,1/15,37.0,33.0,0.0,0.0,0.0,2007-09-15,2019-03-24,2004-08-20,2019-07-06,1.0,15.0,1.0,15.0
44932,Jean-Paul Duminy,1984-04-14,42y 81d,South Africa,Batting Allrounder,Left hand Bat,Right arm Offbreak,2004 - 2019,2009,IPL 2009,MI,13,12.0,3.0,372.0,62.0,41.33,325.0,114.46,0.0,5.0,26.0,11.0,4,0,4.0,5.31,105.0,2/15,2/15,23.25,26.2,0.0,0.0,0.0,2007-09-15,2019-03-24,2004-08-20,2019-07-06,2.0,15.0,2.0,15.0
49700,Balapuwaduge Manukulasuriya Amith Jeevan Mendis,1983-01-15,43y 170d,Sri Lanka,Allrounder,Left hand Bat,Legbreak,2010 - 2019,2013,IPL 2013,DC,3,3.0,0.0,23.0,12.0,7.66,27.0,85.18,0.0,0.0,0.0,0.0,2,0,1.0,7.2,30.0,1/16,1/16,36.0,30.0,0.0,0.0,0.0,2011-06-25,2018-03-16,2010-06-01,2019-06-28,1.0,16.0,1.0,16.0
774223,Jhye Avon Richardson,1996-09-20,29y 287d,Australia,Bowler,Right hand Bat,Right arm Fast,2017 - 2025,2024,IPL 2024,DC,1,1.0,0.0,2.0,2.0,2.0,2.0,100.0,0.0,0.0,0.0,0.0,0,0,0.0,10.0,24.0,,,,,0.0,0.0,0.0,2017-02-19,2022-06-11,2018-01-19,2022-06-19,,,,
774223,Jhye Avon Richardson,1996-09-20,29y 287d,Australia,Bowler,Right hand Bat,Right arm Fast,2017 - 2025,2021,IPL 2021,PBKS,3,2.0,0.0,15.0,15.0,7.5,24.0,62.5,0.0,0.0,2.0,0.0,1,0,3.0,10.63,66.0,2/41,2/41,39.0,22.0,0.0,0.0,0.0,2017-02-19,2022-06-11,2018-01-19,2022-06-19,2.0,41.0,2.0,41.0
44149,Johan Botha,1982-05-02,44y 63d,South Africa,Allrounder,Right hand Bat,Right arm Offbreak,2005 - 2012,2015,IPL 2015,KKR,4,3.0,0.0,31.0,17.0,10.33,15.0,206.66,0.0,0.0,5.0,1.0,4,0,1.0,8.1,60.0,1/32,1/32,81.0,60.0,0.0,0.0,0.0,2006-01-09,2012-10-02,2005-11-16,2012-03-03,1.0,32.0,1.0,32.0
44149,Johan Botha,1982-05-02,44y 63d,South Africa,Allrounder,Right hand Bat,Right arm Offbreak,2005 - 2012,2013,IPL 2013,DC,6,6.0,0.0,43.0,23.0,7.16,52.0,82.69,0.0,0.0,5.0,1.0,5,0,5.0,6.54,100.0,2/11,2/11,21.8,20.0,0.0,0.0,0.0,2006-01-09,2012-10-02,2005-11-16,2012-03-03,2.0,11.0,2.0,11.0
44149,Johan Botha,1982-05-02,44y 63d,South Africa,Allrounder,Right hand Bat,Right arm Offbreak,2005 - 2012,2012,IPL 2012,RR,11,7.0,3.0,58.0,14.0,14.5,54.0,107.4,0.0,0.0,4.0,1.0,3,0,9.0,7.24,246.0,2/21,2/21,33.0,27.3,0.0,0.0,0.0,2006-01-09,2012-10-02,2005-11-16,2012-03-03,2.0,21.0,2.0,21.0
44149,Johan Botha,1982-05-02,44y 63d,South Africa,Allrounder,Right hand Bat,Right arm Offbreak,2005 - 2012,2011,IPL 2011,RR,10,9.0,4.0,230.0,67.0,46.0,198.0,116.16,0.0,1.0,20.0,2.0,6,0,7.0,6.63,216.0,3/6,3/6,34.14,30.8,0.0,0.0,0.0,2006-01-09,2012-10-02,2005-11-16,2012-03-03,3.0,6.0,3.0,6.0
44149,Johan Botha,1982-05-02,44y 63d,South Africa,Allrounder,Right hand Bat,Right arm Offbreak,2005 - 2012,2009,IPL 2009,RR,3,3.0,1.0,47.0,37.0,23.5,40.0,117.5,0.0,0.0,5.0,0.0,0,0,3.0,6.16,72.0,2/19,2/19,24.66,24.0,0.0,0.0,0.0,2006-01-09,2012-10-02,2005-11-16,2012-03-03,2.0,19.0,2.0,19.0
545467,Carl Junior Dala,1989-12-29,36y 187d,South Africa,Bowler,Right hand Bat,Right arm Medium,2018 - 2025,2018,IPL 2018,DC,1,,,,,,,,,,,,0,0,0.0,11.33,18.0,,,,,0.0,0.0,0.0,2018-02-18,2021-02-11,2018-08-08,2025-02-10,,,,
550215,Kagiso Rabada,1995-05-25,31y 40d,South Africa,Bowler,Left hand Bat,Right arm Fast,2014 - 2026,2026,IPL 2026,GT,17,4.0,2.0,47.0,23.0,23.5,38.0,123.68,0.0,0.0,5.0,2.0,7,0,29.0,9.68,388.0,3/25,3/25,21.58,13.3,0.0,0.0,0.0,2014-11-05,2026-03-04,2015-07-10,2025-03-05,3.0,25.0,3.0,25.0
550215,Kagiso Rabada,1995-05-25,31y 40d,South Africa,Bowler,Left hand Bat,Right arm Fast,2014 - 2026,2025,IPL 2025,GT,4,2.0,1.0,9.0,7.0,9.0,8.0,112.5,0.0,0.0,0.0,1.0,0,0,2.0,11.57,84.0,1/41,1/41,81.0,42.0,0.0,0.0,0.0,2014-11-05,2026-03-04,2015-07-10,2025-03-05,1.0,41.0,1.0,41.0
550215,Kagiso Rabada,1995-05-25,31y 40d,South Africa,Bowler,Left hand Bat,Right arm Fast,2014 - 2026,2024,IPL 2024,PBKS,11,3.0,2.0,20.0,11.0,20.0,14.0,142.85,0.0,0.0,0.0,2.0,5,0,11.0,8.85,252.0,2/18,2/18,33.81,22.9,0.0,0.0,0.0,2014-11-05,2026-03-04,2015-07-10,2025-03-05,2.0,18.0,2.0,18.0
550215,Kagiso Rabada,1995-05-25,31y 40d,South Africa,Bowler,Left hand Bat,Right arm Fast,2014 - 2026,2023,IPL 2023,PBKS,6,2.0,1.0,0.0,0.0,0.0,2.0,0.0,0.0,0.0,0.0,0.0,0,0,7.0,10.08,138.0,2/34,2/34,33.14,19.7,0.0,0.0,0.0,2014-11-05,2026-03-04,2015-07-10,2025-03-05,2.0,34.0,2.0,34.0
550215,Kagiso Rabada,1995-05-25,31y 40d,South Africa,Bowler,Left hand Bat,Right arm Fast,2014 - 2026,2022,IPL 2022,PBKS,13,8.0,3.0,48.0,25.0,9.6,43.0,111.62,0.0,0.0,5.0,2.0,2,0,23.0,8.45,288.0,4/33,4/33,17.65,12.5,2.0,0.0,0.0,2014-11-05,2026-03-04,2015-07-10,2025-03-05,4.0,33.0,4.0,33.0
550215,Kagiso Rabada,1995-05-25,31y 40d,South Africa,Bowler,Left hand Bat,Right arm Fast,2014 - 2026,2021,IPL 2021,DC,15,3.0,3.0,13.0,9.0,,6.0,216.66,0.0,0.0,2.0,0.0,9,0,15.0,8.14,336.0,3/36,3/36,30.4,22.4,0.0,0.0,0.0,2014-11-05,2026-03-04,2015-07-10,2025-03-05,3.0,36.0,3.0,36.0
550215,Kagiso Rabada,1995-05-25,31y 40d,South Africa,Bowler,Left hand Bat,Right arm Fast,2014 - 2026,2020/21,IPL 2020/21,DC,17,8.0,4.0,56.0,15.0,14.0,49.0,114.28,0.0,0.0,4.0,2.0,8,0,30.0,8.34,394.0,4/24,4/24,18.26,13.1,2.0,0.0,0.0,2014-11-05,2026-03-04,2015-07-10,2025-03-05,4.0,24.0,4.0,24.0
550215,Kagiso Rabada,1995-05-25,31y 40d,South Africa,Bowler,Left hand Bat,Right arm Fast,2014 - 2026,2019,IPL 2019,DC,12,4.0,1.0,14.0,9.0,4.66,15.0,93.33,0.0,0.0,0.0,1.0,6,0,25.0,7.82,282.0,4/21,4/21,14.72,11.2,2.0,0.0,0.0,2014-11-05,2026-03-04,2015-07-10,2025-03-05,4.0,21.0,4.0,21.0
550215,Kagiso Rabada,1995-05-25,31y 40d,South Africa,Bowler,Left hand Bat,Right arm Fast,2014 - 2026,2017,IPL 2017,DC,6,3.0,0.0,55.0,44.0,18.33,64.0,85.93,0.0,0.0,5.0,1.0,0,0,6.0,8.81,128.0,2/20,2/20,31.33,21.3,0.0,0.0,0.0,2014-11-05,2026-03-04,2015-07-10,2025-03-05,2.0,20.0,2.0,20.0
1070188,Kamlesh Lachham Nagarkoti,1999-12-28,26y 188d,India,Bowler,Right hand Bat,Right arm Fast,,2022,IPL 2022,DC,1,,,,,,,,,,,,0,0,0.0,14.5,12.0,,,,,0.0,0.0,0.0,,,,,,,,
1070188,Kamlesh Lachham Nagarkoti,1999-12-28,26y 188d,India,Bowler,Right hand Bat,Right arm Fast,,2021,IPL 2021,KKR,1,1.0,0.0,0.0,0.0,0.0,2.0,0.0,0.0,0.0,0.0,0.0,0,0,0.0,12.5,12.0,,,,,0.0,0.0,0.0,,,,,,,,
1070188,Kamlesh Lachham Nagarkoti,1999-12-28,26y 188d,India,Bowler,Right hand Bat,Right arm Fast,,2020/21,IPL 2020/21,KKR,10,6.0,3.0,22.0,8.0,7.33,31.0,70.96,0.0,0.0,1.0,0.0,4,0,5.0,8.88,156.0,2/13,2/13,46.2,31.2,0.0,0.0,0.0,,,,,2.0,13.0,2.0,13.0
398439,Karun Nair,1991-12-06,34y 210d,India,Top order Batter,Right hand Bat,Right arm Offbreak,2016 - 2025,2026,IPL 2026,DC,2,2.0,0.0,18.0,13.0,9.0,18.0,100.0,0.0,0.0,3.0,0.0,0,0,,,,,,,,,,,,,2016-06-11,2016-06-13,,,,
398439,Karun Nair,1991-12-06,34y 210d,India,Top order Batter,Right hand Bat,Right arm Offbreak,2016 - 2025,2025,IPL 2025,DC,8,8.0,0.0,198.0,89.0,24.75,115.0,172.17,0.0,1.0,24.0,10.0,2,0,,,,,,,,,,,,,2016-06-11,2016-06-13,,,,
398439,Karun Nair,1991-12-06,34y 210d,India,Top order Batter,Right hand Bat,Right arm Offbreak,2016 - 2025,2022,IPL 2022,RR,3,2.0,0.0,16.0,13.0,8.0,18.0,88.88,0.0,0.0,1.0,0.0,1,0,,,,,,,,,,,,,2016-06-11,2016-06-13,,,,
398439,Karun Nair,1991-12-06,34y 210d,India,Top order Batter,Right hand Bat,Right arm Offbreak,2016 - 2025,2020/21,IPL 2020/21,PBKS,4,3.0,1.0,16.0,15.0,8.0,14.0,114.28,0.0,0.0,2.0,0.0,1,0,,,,,,,,,,,,,2016-06-11,2016-06-13,,,,
398439,Karun Nair,1991-12-06,34y 210d,India,Top order Batter,Right hand Bat,Right arm Offbreak,2016 - 2025,2019,IPL 2019,PBKS,1,1.0,0.0,5.0,5.0,5.0,6.0,83.33,0.0,0.0,0.0,0.0,0,0,,,,,,,,,,,,,2016-06-11,2016-06-13,,,,
398439,Karun Nair,1991-12-06,34y 210d,India,Top order Batter,Right hand Bat,Right arm Offbreak,2016 - 2025,2018,IPL 2018,PBKS,13,12.0,0.0,301.0,54.0,25.08,221.0,136.19,0.0,2.0,23.0,13.0,9,0,,,,,,,,,,,,,2016-06-11,2016-06-13,,,,
398439,Karun Nair,1991-12-06,34y 210d,India,Top order Batter,Right hand Bat,Right arm Offbreak,2016 - 2025,2017,IPL 2017,DC,14,13.0,0.0,281.0,64.0,21.61,226.0,124.33,0.0,1.0,39.0,6.0,2,0,,,,,,,,,,,,,2016-06-11,2016-06-13,,,,
398439,Karun Nair,1991-12-06,34y 210d,India,Top order Batter,Right hand Bat,Right arm Offbreak,2016 - 2025,2016,IPL 2016,DC,14,12.0,2.0,357.0,83.0,35.7,297.0,120.2,0.0,3.0,40.0,6.0,3,0,,,,,,,,,,,,,2016-06-11,2016-06-13,,,,
398439,Karun Nair,1991-12-06,34y 210d,India,Top order Batter,Right hand Bat,Right arm Offbreak,2016 - 2025,2015,IPL 2015,RR,14,12.0,1.0,181.0,61.0,16.45,145.0,124.82,0.0,1.0,18.0,5.0,3,0,,,,,,,,,,,,,2016-06-11,2016-06-13,,,,
398439,Karun Nair,1991-12-06,34y 210d,India,Top order Batter,Right hand Bat,Right arm Offbreak,2016 - 2025,2014,IPL 2014,RR,11,11.0,1.0,330.0,73.0,33.0,232.0,142.24,0.0,3.0,38.0,9.0,4,0,,,,,,,,,,,,,2016-06-11,2016-06-13,,,,
398439,Karun Nair,1991-12-06,34y 210d,India,Top order Batter,Right hand Bat,Right arm Offbreak,2016 - 2025,2013,IPL 2013,RCB,2,2.0,0.0,9.0,9.0,4.5,12.0,75.0,0.0,0.0,0.0,0.0,0,0,,,,,,,,,,,,,2016-06-11,2016-06-13,,,,
677081,Keemo Mandela Angus Paul,1998-02-21,28y 133d,West Indies,Allrounder,Right hand Bat,Right arm Fast medium,2018 - 2023,2019,IPL 2019,DC,8,6.0,1.0,18.0,7.0,3.6,24.0,75.0,0.0,0.0,1.0,1.0,5,0,9.0,8.72,163.0,3/17,3/17,26.33,18.1,0.0,0.0,0.0,2018-04-01,2022-08-07,2018-03-15,2023-07-05,3.0,17.0,3.0,17.0
19296,Kevin Peter Pietersen,1980-06-27,46y 7d,England,Top order Batter,Right hand Bat,Right arm Offbreak,2004 - 2014,2016,IPL 2016,RPS,4,4.0,2.0,73.0,37.0,36.5,61.0,119.67,0.0,0.0,4.0,3.0,1,0,,,,,,,,,,,2005-06-13,2013-06-27,2004-11-28,2013-09-16,,,,
19296,Kevin Peter Pietersen,1980-06-27,46y 7d,England,Top order Batter,Right hand Bat,Right arm Offbreak,2004 - 2014,2014,IPL 2014,DC,11,11.0,1.0,294.0,58.0,29.4,233.0,126.18,0.0,1.0,34.0,7.0,2,0,,,,,,,,,,,2005-06-13,2013-06-27,2004-11-28,2013-09-16,,,,
19296,Kevin Peter Pietersen,1980-06-27,46y 7d,England,Top order Batter,Right hand Bat,Right arm Offbreak,2004 - 2014,2012,IPL 2012,DC,8,8.0,3.0,305.0,103.0,61.0,207.0,147.34,1.0,1.0,22.0,20.0,3,0,0.0,8.83,36.0,,,,,0.0,0.0,0.0,2005-06-13,2013-06-27,2004-11-28,2013-09-16,,,,
19296,Kevin Peter Pietersen,1980-06-27,46y 7d,England,Top order Batter,Right hand Bat,Right arm Offbreak,2004 - 2014,2009/10,IPL 2009/10,RCB,7,7.0,3.0,236.0,66.0,59.0,157.0,150.31,0.0,2.0,23.0,8.0,3,0,3.0,7.7,60.0,1/10,1/10,25.66,20.0,0.0,0.0,0.0,2005-06-13,2013-06-27,2004-11-28,2013-09-16,1.0,10.0,1.0,10.0
19296,Kevin Peter Pietersen,1980-06-27,46y 7d,England,Top order Batter,Right hand Bat,Right arm Offbreak,2004 - 2014,2009,IPL 2009,RCB,6,6.0,0.0,93.0,37.0,15.5,85.0,109.41,0.0,0.0,8.0,2.0,3,0,4.0,6.53,78.0,2/31,2/31,21.25,19.5,0.0,0.0,0.0,2005-06-13,2013-06-27,2004-11-28,2013-09-16,2.0,31.0,2.0,31.0
422108,Kannaur Lokesh Rahul,1992-04-18,34y 77d,India,Wicketkeeper Batter,Right hand Bat,,2014 - 2026,2026,IPL 2026,DC,14,14.0,1.0,593.0,152.0,45.61,340.0,174.41,1.0,5.0,56.0,31.0,2,1,,,,,,,,,,,2016-06-18,2022-11-10,2016-06-11,2026-06-17,,,,
422108,Kannaur Lokesh Rahul,1992-04-18,34y 77d,India,Wicketkeeper Batter,Right hand Bat,,2014 - 2026,2025,IPL 2025,DC,13,13.0,3.0,539.0,112.0,53.9,360.0,149.72,1.0,3.0,52.0,21.0,3,0,,,,,,,,,,,2016-06-18,2022-11-10,2016-06-11,2026-06-17,,,,
422108,Kannaur Lokesh Rahul,1992-04-18,34y 77d,India,Wicketkeeper Batter,Right hand Bat,,2014 - 2026,2024,IPL 2024,LSG,14,14.0,0.0,520.0,82.0,37.14,382.0,136.12,0.0,4.0,45.0,19.0,15,2,,,,,,,,,,,2016-06-18,2022-11-10,2016-06-11,2026-06-17,,,,
422108,Kannaur Lokesh Rahul,1992-04-18,34y 77d,India,Wicketkeeper Batter,Right hand Bat,,2014 - 2026,2023,IPL 2023,LSG,9,9.0,1.0,274.0,74.0,34.25,242.0,113.22,0.0,2.0,28.0,4.0,4,0,,,,,,,,,,,2016-06-18,2022-11-10,2016-06-11,2026-06-17,,,,
422108,Kannaur Lokesh Rahul,1992-04-18,34y 77d,India,Wicketkeeper Batter,Right hand Bat,,2014 - 2026,2022,IPL 2022,LSG,15,15.0,3.0,616.0,103.0,51.33,455.0,135.38,2.0,4.0,45.0,30.0,9,0,,,,,,,,,,,2016-06-18,2022-11-10,2016-06-11,2026-06-17,,,,
422108,Kannaur Lokesh Rahul,1992-04-18,34y 77d,India,Wicketkeeper Batter,Right hand Bat,,2014 - 2026,2021,IPL 2021,PBKS,13,13.0,3.0,626.0,98.0,62.6,451.0,138.8,0.0,6.0,48.0,30.0,11,0,,,,,,,,,,,2016-06-18,2022-11-10,2016-06-11,2026-06-17,,,,
422108,Kannaur Lokesh Rahul,1992-04-18,34y 77d,India,Wicketkeeper Batter,Right hand Bat,,2014 - 2026,2020/21,IPL 2020/21,PBKS,14,14.0,2.0,670.0,132.0,55.83,518.0,129.34,1.0,5.0,58.0,23.0,10,0,,,,,,,,,,,2016-06-18,2022-11-10,2016-06-11,2026-06-17,,,,
422108,Kannaur Lokesh Rahul,1992-04-18,34y 77d,India,Wicketkeeper Batter,Right hand Bat,,2014 - 2026,2019,IPL 2019,PBKS,14,14.0,3.0,593.0,100.0,53.9,438.0,135.38,1.0,6.0,49.0,25.0,7,0,,,,,,,,,,,2016-06-18,2022-11-10,2016-06-11,2026-06-17,,,,
422108,Kannaur Lokesh Rahul,1992-04-18,34y 77d,India,Wicketkeeper Batter,Right hand Bat,,2014 - 2026,2018,IPL 2018,PBKS,14,14.0,2.0,659.0,95.0,54.91,416.0,158.41,0.0,6.0,66.0,32.0,10,1,,,,,,,,,,,2016-06-18,2022-11-10,2016-06-11,2026-06-17,,,,
422108,Kannaur Lokesh Rahul,1992-04-18,34y 77d,India,Wicketkeeper Batter,Right hand Bat,,2014 - 2026,2016,IPL 2016,RCB,14,12.0,3.0,397.0,68.0,44.11,271.0,146.49,0.0,4.0,37.0,16.0,5,4,,,,,,,,,,,2016-06-18,2022-11-10,2016-06-11,2026-06-17,,,,
422108,Kannaur Lokesh Rahul,1992-04-18,34y 77d,India,Wicketkeeper Batter,Right hand Bat,,2014 - 2026,2015,IPL 2015,SRH,9,8.0,3.0,142.0,44.0,28.4,126.0,112.69,0.0,0.0,8.0,5.0,1,0,,,,,,,,,,,2016-06-18,2022-11-10,2016-06-11,2026-06-17,,,,
422108,Kannaur Lokesh Rahul,1992-04-18,34y 77d,India,Wicketkeeper Batter,Right hand Bat,,2014 - 2026,2014,IPL 2014,SRH,11,8.0,0.0,166.0,46.0,20.75,164.0,101.21,0.0,0.0,12.0,3.0,4,0,,,,,,,,,,,2016-06-18,2022-11-10,2016-06-11,2026-06-17,,,,
422108,Kannaur Lokesh Rahul,1992-04-18,34y 77d,India,Wicketkeeper Batter,Right hand Bat,,2014 - 2026,2013,IPL 2013,RCB,5,2.0,0.0,20.0,12.0,10.0,16.0,125.0,0.0,0.0,4.0,0.0,2,0,,,,,,,,,,,2016-06-18,2022-11-10,2016-06-11,2026-06-17,,,,
559235,Kuldeep Yadav,1994-12-14,31y 202d,India,Bowler,Left hand Bat,Left arm Wrist spin,2014 - 2026,2026,IPL 2026,DC,12,4.0,1.0,9.0,4.0,3.0,21.0,42.85,0.0,0.0,0.0,0.0,2,0,10.0,10.29,222.0,3/29,3/29,38.1,22.2,0.0,0.0,0.0,2017-07-09,2026-02-15,2017-06-23,2026-06-17,3.0,29.0,3.0,29.0
559235,Kuldeep Yadav,1994-12-14,31y 202d,India,Bowler,Left hand Bat,Left arm Wrist spin,2014 - 2026,2025,IPL 2025,DC,14,5.0,2.0,18.0,7.0,6.0,16.0,112.5,0.0,0.0,2.0,0.0,0,0,15.0,7.07,306.0,3/22,3/22,24.06,20.4,0.0,0.0,0.0,2017-07-09,2026-02-15,2017-06-23,2026-06-17,3.0,22.0,3.0,22.0
559235,Kuldeep Yadav,1994-12-14,31y 202d,India,Bowler,Left hand Bat,Left arm Wrist spin,2014 - 2026,2024,IPL 2024,DC,11,5.0,2.0,47.0,35.0,15.66,41.0,114.63,0.0,0.0,6.0,1.0,2,0,16.0,8.65,258.0,4/55,4/55,23.25,16.1,1.0,0.0,0.0,2017-07-09,2026-02-15,2017-06-23,2026-06-17,4.0,55.0,4.0,55.0
559235,Kuldeep Yadav,1994-12-14,31y 202d,India,Bowler,Left hand Bat,Left arm Wrist spin,2014 - 2026,2023,IPL 2023,DC,14,10.0,8.0,31.0,10.0,15.5,48.0,64.58,0.0,0.0,2.0,0.0,2,0,10.0,7.36,294.0,2/15,2/15,36.1,29.4,0.0,0.0,0.0,2017-07-09,2026-02-15,2017-06-23,2026-06-17,2.0,15.0,2.0,15.0
559235,Kuldeep Yadav,1994-12-14,31y 202d,India,Bowler,Left hand Bat,Left arm Wrist spin,2014 - 2026,2022,IPL 2022,DC,14,7.0,6.0,48.0,16.0,48.0,52.0,92.3,0.0,0.0,3.0,2.0,5,0,21.0,8.43,298.0,4/14,4/14,19.95,14.1,2.0,0.0,0.0,2017-07-09,2026-02-15,2017-06-23,2026-06-17,4.0,14.0,4.0,14.0
559235,Kuldeep Yadav,1994-12-14,31y 202d,India,Bowler,Left hand Bat,Left arm Wrist spin,2014 - 2026,2020/21,IPL 2020/21,KKR,5,2.0,1.0,13.0,12.0,13.0,21.0,61.9,0.0,0.0,1.0,0.0,0,0,1.0,7.66,72.0,1/20,1/20,92.0,72.0,0.0,0.0,0.0,2017-07-09,2026-02-15,2017-06-23,2026-06-17,1.0,20.0,1.0,20.0
559235,Kuldeep Yadav,1994-12-14,31y 202d,India,Bowler,Left hand Bat,Left arm Wrist spin,2014 - 2026,2019,IPL 2019,KKR,9,4.0,2.0,12.0,10.0,6.0,8.0,150.0,0.0,0.0,1.0,0.0,3,0,4.0,8.66,198.0,2/41,2/41,71.5,49.5,0.0,0.0,0.0,2017-07-09,2026-02-15,2017-06-23,2026-06-17,2.0,41.0,2.0,41.0
559235,Kuldeep Yadav,1994-12-14,31y 202d,India,Bowler,Left hand Bat,Left arm Wrist spin,2014 - 2026,2018,IPL 2018,KKR,16,3.0,2.0,12.0,7.0,12.0,24.0,50.0,0.0,0.0,1.0,0.0,6,0,17.0,8.14,308.0,4/20,4/20,24.58,18.1,1.0,0.0,0.0,2017-07-09,2026-02-15,2017-06-23,2026-06-17,4.0,20.0,4.0,20.0
559235,Kuldeep Yadav,1994-12-14,31y 202d,India,Bowler,Left hand Bat,Left arm Wrist spin,2014 - 2026,2017,IPL 2017,KKR,12,2.0,0.0,20.0,16.0,10.0,22.0,90.9,0.0,0.0,2.0,0.0,1,0,12.0,8.29,246.0,2/25,2/25,28.33,20.5,0.0,0.0,0.0,2017-07-09,2026-02-15,2017-06-23,2026-06-17,2.0,25.0,2.0,25.0
559235,Kuldeep Yadav,1994-12-14,31y 202d,India,Bowler,Left hand Bat,Left arm Wrist spin,2014 - 2026,2016,IPL 2016,KKR,3,,,,,,,,,,,,1,0,6.0,8.33,72.0,3/35,3/35,16.66,12.0,0.0,0.0,0.0,2017-07-09,2026-02-15,2017-06-23,2026-06-17,3.0,35.0,3.0,35.0
1207295,Kumar Kushagra,2004-10-23,21y 254d,India,Wicketkeeper Batter,Right hand Bat,,,2026,IPL 2026,GT,1,1.0,0.0,18.0,18.0,18.0,14.0,128.57,0.0,0.0,3.0,0.0,1,0,,,,,,,,,,,,,,,,,,
1207295,Kumar Kushagra,2004-10-23,21y 254d,India,Wicketkeeper Batter,Right hand Bat,,,2024,IPL 2024,DC,4,3.0,0.0,3.0,2.0,1.0,7.0,42.85,0.0,0.0,0.0,0.0,1,0,,,,,,,,,,,,,,,,,,
625960,Kyle Alex Jamieson,1994-12-30,31y 186d,New Zealand,Bowler,Right hand Bat,Right arm Fast medium,2020 - 2026,2026,IPL 2026,DC,2,1.0,0.0,12.0,12.0,12.0,13.0,92.3,0.0,0.0,1.0,1.0,0,0,2.0,12.85,42.0,1/42,1/42,45.0,21.0,0.0,0.0,0.0,2020-11-27,2026-03-25,2020-02-08,2026-01-18,1.0,42.0,1.0,42.0
625960,Kyle Alex Jamieson,1994-12-30,31y 186d,New Zealand,Bowler,Right hand Bat,Right arm Fast medium,2020 - 2026,2025,IPL 2025,PBKS,4,2.0,2.0,0.0,0.0,,5.0,0.0,0.0,0.0,0.0,0.0,0,0,5.0,9.8,90.0,3/48,3/48,29.4,18.0,0.0,0.0,0.0,2020-11-27,2026-03-25,2020-02-08,2026-01-18,3.0,48.0,3.0,48.0
625960,Kyle Alex Jamieson,1994-12-30,31y 186d,New Zealand,Bowler,Right hand Bat,Right arm Fast medium,2020 - 2026,2021,IPL 2021,RCB,9,7.0,3.0,65.0,16.0,16.25,55.0,118.18,0.0,0.0,5.0,3.0,2,0,9.0,9.6,168.0,3/41,3/41,29.88,18.6,0.0,0.0,0.0,2020-11-27,2026-03-25,2020-02-08,2026-01-18,3.0,41.0,3.0,41.0
930189,Lalit Yadav,1997-01-03,29y 182d,India,Allrounder,Right hand Bat,Right arm Offbreak,,2024,IPL 2024,DC,2,2.0,0.0,10.0,7.0,5.0,12.0,83.33,0.0,0.0,1.0,0.0,0,0,0.0,18.66,18.0,,,,,0.0,0.0,0.0,,,,,,,,
930189,Lalit Yadav,1997-01-03,29y 182d,India,Allrounder,Right hand Bat,Right arm Offbreak,,2023,IPL 2023,DC,6,6.0,1.0,66.0,38.0,13.2,59.0,111.86,0.0,0.0,8.0,0.0,5,0,2.0,9.07,78.0,1/29,1/29,59.0,39.0,0.0,0.0,0.0,,,,,1.0,29.0,1.0,29.0
930189,Lalit Yadav,1997-01-03,29y 182d,India,Allrounder,Right hand Bat,Right arm Offbreak,,2022,IPL 2022,DC,12,8.0,1.0,161.0,48.0,23.0,146.0,110.27,0.0,0.0,11.0,7.0,6,0,4.0,8.33,108.0,2/11,2/11,37.5,27.0,0.0,0.0,0.0,,,,,2.0,11.0,2.0,11.0
930189,Lalit Yadav,1997-01-03,29y 182d,India,Allrounder,Right hand Bat,Right arm Offbreak,,2021,IPL 2021,DC,7,5.0,3.0,68.0,22.0,34.0,73.0,93.15,0.0,0.0,7.0,0.0,5,0,4.0,7.21,84.0,2/13,2/13,25.25,21.0,0.0,0.0,0.0,,,,,2.0,13.0,2.0,13.0
34019,Laxmi Ratan Shukla,1981-05-06,45y 59d,India,Allrounder,Right hand Bat,Right arm Medium,1999 - 1999,2014,IPL 2014,DC,5,3.0,0.0,31.0,21.0,10.33,38.0,81.57,0.0,0.0,2.0,1.0,1,0,1.0,8.89,56.0,1/31,1/31,83.0,56.0,0.0,0.0,0.0,,,1999-03-22,1999-09-05,1.0,31.0,1.0,31.0
34019,Laxmi Ratan Shukla,1981-05-06,45y 59d,India,Allrounder,Right hand Bat,Right arm Medium,1999 - 1999,2013,IPL 2013,KKR,4,2.0,0.0,3.0,2.0,1.5,12.0,25.0,0.0,0.0,0.0,0.0,2,0,1.0,7.33,18.0,1/14,1/14,22.0,18.0,0.0,0.0,0.0,,,1999-03-22,1999-09-05,1.0,14.0,1.0,14.0
34019,Laxmi Ratan Shukla,1981-05-06,45y 59d,India,Allrounder,Right hand Bat,Right arm Medium,1999 - 1999,2012,IPL 2012,KKR,11,8.0,2.0,75.0,26.0,12.5,57.0,131.57,0.0,0.0,4.0,5.0,6,0,1.0,6.0,12.0,1/5,1/5,12.0,12.0,0.0,0.0,0.0,,,1999-03-22,1999-09-05,1.0,5.0,1.0,5.0
34019,Laxmi Ratan Shukla,1981-05-06,45y 59d,India,Allrounder,Right hand Bat,Right arm Medium,1999 - 1999,2011,IPL 2011,KKR,1,1.0,0.0,14.0,14.0,14.0,10.0,140.0,0.0,0.0,2.0,0.0,0,0,,,,,,,,,,,,,1999-03-22,1999-09-05,,,,
34019,Laxmi Ratan Shukla,1981-05-06,45y 59d,India,Allrounder,Right hand Bat,Right arm Medium,1999 - 1999,2009/10,IPL 2009/10,KKR,4,2.0,0.0,36.0,19.0,18.0,26.0,138.46,0.0,0.0,3.0,2.0,2,0,3.0,8.83,72.0,1/30,1/30,35.33,24.0,0.0,0.0,0.0,,,1999-03-22,1999-09-05,1.0,30.0,1.0,30.0
34019,Laxmi Ratan Shukla,1981-05-06,45y 59d,India,Allrounder,Right hand Bat,Right arm Medium,1999 - 1999,2009,IPL 2009,KKR,9,6.0,1.0,83.0,48.0,16.6,85.0,97.64,0.0,0.0,5.0,3.0,1,0,3.0,7.14,84.0,3/25,3/25,33.33,28.0,0.0,0.0,0.0,,,1999-03-22,1999-09-05,3.0,25.0,3.0,25.0
34019,Laxmi Ratan Shukla,1981-05-06,45y 59d,India,Allrounder,Right hand Bat,Right arm Medium,1999 - 1999,2007/08,IPL 2007/08,KKR,13,12.0,4.0,163.0,42.0,20.37,122.0,133.6,0.0,0.0,17.0,4.0,2,0,6.0,10.33,72.0,3/6,3/6,20.66,12.0,0.0,0.0,0.0,,,1999-03-22,1999-09-05,3.0,6.0,3.0,6.0
19264,Liam Edward Plunkett,1985-04-06,41y 89d,England,Bowler,Right hand Bat,Right arm Fast,2005 - 2019,2018,IPL 2018,DC,7,2.0,1.0,1.0,1.0,1.0,3.0,33.33,0.0,0.0,0.0,0.0,2,0,4.0,9.0,150.0,3/17,3/17,56.25,37.5,0.0,0.0,0.0,2006-06-15,2019-03-08,2005-12-10,2019-07-14,3.0,17.0,3.0,17.0
379887,Lizaad Buyron Williams,1993-10-01,32y 276d,South Africa,Bowler,Left hand Bat,Right arm Medium fast,2021 - 2025,2024,IPL 2024,DC,2,1.0,1.0,1.0,1.0,,2.0,50.0,0.0,0.0,0.0,0.0,1,0,1.0,12.0,36.0,1/38,1/38,72.0,36.0,0.0,0.0,0.0,2021-04-10,2025-11-01,2021-07-16,2025-11-04,1.0,38.0,1.0,38.0
573930,Lukman Iqbal Meriwala,1991-12-11,34y 205d,India,Bowler,Left hand Bat,Left arm Fast medium,,2021,IPL 2021,DC,1,,,,,,,,,,,,0,0,1.0,10.66,18.0,1/32,1/32,32.0,18.0,0.0,0.0,0.0,,,,,1.0,32.0,1.0,32.0
1460385,Madhav Tiwari,2003-09-28,22y 279d,India,Allrounder,Right hand Bat,Right arm Medium fast,,2026,IPL 2026,DC,3,1.0,1.0,18.0,18.0,,8.0,225.0,0.0,0.0,2.0,1.0,1,0,4.0,8.7,60.0,2/27,2/27,21.75,15.0,0.0,0.0,0.0,,,,,2.0,27.0,2.0,27.0
1460385,Madhav Tiwari,2003-09-28,22y 279d,India,Allrounder,Right hand Bat,Right arm Medium fast,,2025,IPL 2025,DC,1,1.0,0.0,3.0,3.0,3.0,4.0,75.0,0.0,0.0,0.0,0.0,1,0,,,,,,,,,,,,,,,,,,
49289,Denagamage Proboth Mahela de Silva Jayawardene,1977-05-27,49y 38d,Sri Lanka,Batter,Right hand Bat,Right arm Medium,1997 - 2015,2013,IPL 2013,DC,15,15.0,0.0,331.0,66.0,22.06,313.0,105.75,0.0,2.0,39.0,6.0,4,0,,,,,,,,,,,2006-06-15,2014-04-06,1998-01-24,2015-03-18,,,,
49289,Denagamage Proboth Mahela de Silva Jayawardene,1977-05-27,49y 38d,Sri Lanka,Batter,Right hand Bat,Right arm Medium,1997 - 2015,2012,IPL 2012,DC,16,15.0,3.0,335.0,56.0,27.91,298.0,112.41,0.0,3.0,39.0,3.0,6,0,,,,,,,,,,,2006-06-15,2014-04-06,1998-01-24,2015-03-18,,,,
49289,Denagamage Proboth Mahela de Silva Jayawardene,1977-05-27,49y 38d,Sri Lanka,Batter,Right hand Bat,Right arm Medium,1997 - 2015,2011,IPL 2011,Kochi,13,13.0,0.0,299.0,76.0,23.0,257.0,116.34,0.0,3.0,35.0,5.0,6,0,,,,,,,,,,,2006-06-15,2014-04-06,1998-01-24,2015-03-18,,,,
49289,Denagamage Proboth Mahela de Silva Jayawardene,1977-05-27,49y 38d,Sri Lanka,Batter,Right hand Bat,Right arm Medium,1997 - 2015,2009/10,IPL 2009/10,PBKS,13,13.0,3.0,439.0,110.0,43.9,298.0,147.31,1.0,1.0,55.0,11.0,5,0,,,,,,,,,,,2006-06-15,2014-04-06,1998-01-24,2015-03-18,,,,
49289,Denagamage Proboth Mahela de Silva Jayawardene,1977-05-27,49y 38d,Sri Lanka,Batter,Right hand Bat,Right arm Medium,1997 - 2015,2009,IPL 2009,PBKS,10,10.0,4.0,219.0,52.0,36.5,165.0,132.72,0.0,1.0,17.0,7.0,8,0,,,,,,,,,,,2006-06-15,2014-04-06,1998-01-24,2015-03-18,,,,
49289,Denagamage Proboth Mahela de Silva Jayawardene,1977-05-27,49y 38d,Sri Lanka,Batter,Right hand Bat,Right arm Medium,1997 - 2015,2007/08,IPL 2007/08,PBKS,13,12.0,5.0,179.0,45.0,25.57,131.0,136.64,0.0,0.0,15.0,7.0,3,0,,,,,,,,,,,2006-06-15,2014-04-06,1998-01-24,2015-03-18,,,,
398506,Mandeep Singh,1991-12-18,34y 198d,India,Allrounder,Right hand Bat,Right arm Medium,2016 - 2016,2023,IPL 2023,KKR,3,3.0,0.0,14.0,12.0,4.66,16.0,87.5,0.0,0.0,0.0,1.0,0,0,,,,,,,,,,,2016-06-18,2016-06-22,,,,,,
398506,Mandeep Singh,1991-12-18,34y 198d,India,Allrounder,Right hand Bat,Right arm Medium,2016 - 2016,2022,IPL 2022,DC,3,3.0,0.0,18.0,18.0,6.0,23.0,78.26,0.0,0.0,4.0,0.0,1,0,,,,,,,,,,,2016-06-18,2016-06-22,,,,,,
398506,Mandeep Singh,1991-12-18,34y 198d,India,Allrounder,Right hand Bat,Right arm Medium,2016 - 2016,2021,IPL 2021,PBKS,1,1.0,0.0,15.0,15.0,15.0,14.0,107.14,0.0,0.0,2.0,0.0,1,0,,,,,,,,,,,2016-06-18,2016-06-22,,,,,,
398506,Mandeep Singh,1991-12-18,34y 198d,India,Allrounder,Right hand Bat,Right arm Medium,2016 - 2016,2020/21,IPL 2020/21,PBKS,7,7.0,1.0,130.0,66.0,21.66,109.0,119.26,0.0,1.0,10.0,4.0,1,0,,,,,,,,,,,2016-06-18,2016-06-22,,,,,,
398506,Mandeep Singh,1991-12-18,34y 198d,India,Allrounder,Right hand Bat,Right arm Medium,2016 - 2016,2019,IPL 2019,PBKS,13,12.0,8.0,165.0,33.0,41.25,120.0,137.5,0.0,0.0,10.0,4.0,4,0,0.0,13.0,12.0,,,,,0.0,0.0,0.0,2016-06-18,2016-06-22,,,,,,
398506,Mandeep Singh,1991-12-18,34y 198d,India,Allrounder,Right hand Bat,Right arm Medium,2016 - 2016,2018,IPL 2018,RCB,14,13.0,3.0,252.0,47.0,25.2,186.0,135.48,0.0,0.0,16.0,11.0,4,0,,,,,,,,,,,2016-06-18,2016-06-22,,,,,,
398506,Mandeep Singh,1991-12-18,34y 198d,India,Allrounder,Right hand Bat,Right arm Medium,2016 - 2016,2017,IPL 2017,RCB,11,10.0,0.0,188.0,52.0,18.8,177.0,106.21,0.0,1.0,21.0,4.0,6,0,,,,,,,,,,,2016-06-18,2016-06-22,,,,,,
398506,Mandeep Singh,1991-12-18,34y 198d,India,Allrounder,Right hand Bat,Right arm Medium,2016 - 2016,2016,IPL 2016,RCB,1,,,,,,,,,,,,1,0,,,,,,,,,,,2016-06-18,2016-06-22,,,,,,
398506,Mandeep Singh,1991-12-18,34y 198d,India,Allrounder,Right hand Bat,Right arm Medium,2016 - 2016,2015,IPL 2015,RCB,14,9.0,2.0,157.0,54.0,22.42,100.0,157.0,0.0,1.0,17.0,6.0,7,0,,,,,,,,,,,2016-06-18,2016-06-22,,,,,,
398506,Mandeep Singh,1991-12-18,34y 198d,India,Allrounder,Right hand Bat,Right arm Medium,2016 - 2016,2014,IPL 2014,PBKS,3,3.0,0.0,24.0,21.0,8.0,26.0,92.3,0.0,0.0,2.0,0.0,1,0,,,,,,,,,,,2016-06-18,2016-06-22,,,,,,
398506,Mandeep Singh,1991-12-18,34y 198d,India,Allrounder,Right hand Bat,Right arm Medium,2016 - 2016,2013,IPL 2013,PBKS,16,14.0,1.0,260.0,77.0,20.0,223.0,116.59,0.0,1.0,36.0,0.0,6,0,,,,,,,,,,,2016-06-18,2016-06-22,,,,,,
398506,Mandeep Singh,1991-12-18,34y 198d,India,Allrounder,Right hand Bat,Right arm Medium,2016 - 2016,2012,IPL 2012,PBKS,16,16.0,0.0,432.0,75.0,27.0,342.0,126.31,0.0,2.0,53.0,7.0,5,0,,,,,,,,,,,2016-06-18,2016-06-22,,,,,,
398506,Mandeep Singh,1991-12-18,34y 198d,India,Allrounder,Right hand Bat,Right arm Medium,2016 - 2016,2011,IPL 2011,PBKS,6,5.0,1.0,47.0,15.0,11.75,41.0,114.63,0.0,0.0,4.0,1.0,1,0,,,,,,,,,,,2016-06-18,2016-06-22,,,,,,
398506,Mandeep Singh,1991-12-18,34y 198d,India,Allrounder,Right hand Bat,Right arm Medium,2016 - 2016,2009/10,IPL 2009/10,KKR,3,2.0,0.0,4.0,4.0,2.0,11.0,36.36,0.0,0.0,1.0,0.0,0,0,,,,,,,,,,,2016-06-18,2016-06-22,,,,,,
290630,Manish Krishnanand Pandey,1989-09-10,36y 297d,India,Top order Batter,Right hand Bat,Right arm Medium,2015 - 2021,2026,IPL 2026,KKR,6,2.0,0.0,70.0,45.0,35.0,49.0,142.85,0.0,0.0,8.0,2.0,3,0,,,,,,,,,,,2015-07-17,2020-12-04,2015-07-14,2021-07-23,,,,
290630,Manish Krishnanand Pandey,1989-09-10,36y 297d,India,Top order Batter,Right hand Bat,Right arm Medium,2015 - 2021,2025,IPL 2025,KKR,3,3.0,1.0,92.0,37.0,46.0,65.0,141.53,0.0,0.0,5.0,5.0,0,0,,,,,,,,,,,2015-07-17,2020-12-04,2015-07-14,2021-07-23,,,,
290630,Manish Krishnanand Pandey,1989-09-10,36y 297d,India,Top order Batter,Right hand Bat,Right arm Medium,2015 - 2021,2024,IPL 2024,KKR,1,1.0,0.0,42.0,42.0,42.0,31.0,135.48,0.0,0.0,2.0,2.0,2,0,,,,,,,,,,,2015-07-17,2020-12-04,2015-07-14,2021-07-23,,,,
290630,Manish Krishnanand Pandey,1989-09-10,36y 297d,India,Top order Batter,Right hand Bat,Right arm Medium,2015 - 2021,2023,IPL 2023,DC,10,9.0,0.0,160.0,50.0,17.77,146.0,109.58,0.0,1.0,15.0,3.0,3,0,,,,,,,,,,,2015-07-17,2020-12-04,2015-07-14,2021-07-23,,,,
290630,Manish Krishnanand Pandey,1989-09-10,36y 297d,India,Top order Batter,Right hand Bat,Right arm Medium,2015 - 2021,2022,IPL 2022,LSG,6,6.0,0.0,88.0,38.0,14.66,80.0,110.0,0.0,0.0,9.0,2.0,3,0,,,,,,,,,,,2015-07-17,2020-12-04,2015-07-14,2021-07-23,,,,
290630,Manish Krishnanand Pandey,1989-09-10,36y 297d,India,Top order Batter,Right hand Bat,Right arm Medium,2015 - 2021,2021,IPL 2021,SRH,8,8.0,2.0,292.0,69.0,48.66,236.0,123.72,0.0,3.0,21.0,10.0,5,0,,,,,,,,,,,2015-07-17,2020-12-04,2015-07-14,2021-07-23,,,,
290630,Manish Krishnanand Pandey,1989-09-10,36y 297d,India,Top order Batter,Right hand Bat,Right arm Medium,2015 - 2021,2020/21,IPL 2020/21,SRH,16,15.0,2.0,425.0,83.0,32.69,333.0,127.62,0.0,3.0,35.0,18.0,7,0,,,,,,,,,,,2015-07-17,2020-12-04,2015-07-14,2021-07-23,,,,
290630,Manish Krishnanand Pandey,1989-09-10,36y 297d,India,Top order Batter,Right hand Bat,Right arm Medium,2015 - 2021,2019,IPL 2019,SRH,12,11.0,3.0,344.0,83.0,43.0,263.0,130.79,0.0,3.0,34.0,6.0,7,0,,,,,,,,,,,2015-07-17,2020-12-04,2015-07-14,2021-07-23,,,,
290630,Manish Krishnanand Pandey,1989-09-10,36y 297d,India,Top order Batter,Right hand Bat,Right arm Medium,2015 - 2021,2018,IPL 2018,SRH,15,13.0,2.0,284.0,62.0,25.81,246.0,115.44,0.0,3.0,22.0,5.0,9,0,,,,,,,,,,,2015-07-17,2020-12-04,2015-07-14,2021-07-23,,,,
290630,Manish Krishnanand Pandey,1989-09-10,36y 297d,India,Top order Batter,Right hand Bat,Right arm Medium,2015 - 2021,2017,IPL 2017,KKR,14,13.0,5.0,396.0,81.0,49.5,308.0,128.57,0.0,2.0,28.0,12.0,8,0,,,,,,,,,,,2015-07-17,2020-12-04,2015-07-14,2021-07-23,,,,
290630,Manish Krishnanand Pandey,1989-09-10,36y 297d,India,Top order Batter,Right hand Bat,Right arm Medium,2015 - 2021,2016,IPL 2016,KKR,12,11.0,3.0,248.0,52.0,31.0,183.0,135.51,0.0,2.0,17.0,9.0,7,0,,,,,,,,,,,2015-07-17,2020-12-04,2015-07-14,2021-07-23,,,,
290630,Manish Krishnanand Pandey,1989-09-10,36y 297d,India,Top order Batter,Right hand Bat,Right arm Medium,2015 - 2021,2015,IPL 2015,KKR,13,12.0,1.0,225.0,40.0,20.45,184.0,122.28,0.0,0.0,22.0,7.0,5,0,,,,,,,,,,,2015-07-17,2020-12-04,2015-07-14,2021-07-23,,,,
290630,Manish Krishnanand Pandey,1989-09-10,36y 297d,India,Top order Batter,Right hand Bat,Right arm Medium,2015 - 2021,2014,IPL 2014,KKR,16,16.0,3.0,401.0,94.0,30.84,340.0,117.94,0.0,2.0,35.0,10.0,3,0,,,,,,,,,,,2015-07-17,2020-12-04,2015-07-14,2021-07-23,,,,
290630,Manish Krishnanand Pandey,1989-09-10,36y 297d,India,Top order Batter,Right hand Bat,Right arm Medium,2015 - 2021,2013,IPL 2013,PWI,7,7.0,1.0,136.0,66.0,22.66,137.0,99.27,0.0,1.0,11.0,3.0,6,0,,,,,,,,,,,2015-07-17,2020-12-04,2015-07-14,2021-07-23,,,,
290630,Manish Krishnanand Pandey,1989-09-10,36y 297d,India,Top order Batter,Right hand Bat,Right arm Medium,2015 - 2021,2012,IPL 2012,PWI,10,9.0,2.0,143.0,80.0,20.42,112.0,127.67,0.0,1.0,12.0,6.0,3,0,,,,,,,,,,,2015-07-17,2020-12-04,2015-07-14,2021-07-23,,,,
290630,Manish Krishnanand Pandey,1989-09-10,36y 297d,India,Top order Batter,Right hand Bat,Right arm Medium,2015 - 2021,2011,IPL 2011,PWI,10,9.0,0.0,246.0,59.0,27.33,227.0,108.37,0.0,1.0,28.0,6.0,5,0,,,,,,,,,,,2015-07-17,2020-12-04,2015-07-14,2021-07-23,,,,
290630,Manish Krishnanand Pandey,1989-09-10,36y 297d,India,Top order Batter,Right hand Bat,Right arm Medium,2015 - 2021,2009/10,IPL 2009/10,RCB,13,13.0,1.0,249.0,42.0,20.75,226.0,110.17,0.0,0.0,27.0,7.0,6,0,,,,,,,,,,,2015-07-17,2020-12-04,2015-07-14,2021-07-23,,,,
290630,Manish Krishnanand Pandey,1989-09-10,36y 297d,India,Top order Batter,Right hand Bat,Right arm Medium,2015 - 2021,2009,IPL 2009,RCB,5,4.0,2.0,168.0,114.0,84.0,118.0,142.37,1.0,0.0,17.0,4.0,4,0,,,,,,,,,,,2015-07-17,2020-12-04,2015-07-14,2021-07-23,,,,
290630,Manish Krishnanand Pandey,1989-09-10,36y 297d,India,Top order Batter,Right hand Bat,Right arm Medium,2015 - 2021,2007/08,IPL 2007/08,MI,3,2.0,0.0,3.0,3.0,1.5,9.0,33.33,0.0,0.0,0.0,0.0,0,0,,,,,,,,,,,2015-07-17,2020-12-04,2015-07-14,2021-07-23,,,,
35565,Manoj Kumar Tiwary,1985-11-14,40y 232d,India,Batter,Right hand Bat,Legbreak Googly,2008 - 2015,2018,IPL 2018,PBKS,5,4.0,1.0,47.0,35.0,15.66,44.0,106.81,0.0,0.0,4.0,1.0,4,0,0.0,10.0,6.0,,,,,0.0,0.0,0.0,2011-10-29,2012-09-11,2008-02-03,2015-07-14,,,,
35565,Manoj Kumar Tiwary,1985-11-14,40y 232d,India,Batter,Right hand Bat,Legbreak Googly,2008 - 2015,2017,IPL 2017,RPS,15,13.0,3.0,324.0,60.0,32.4,236.0,137.28,0.0,2.0,31.0,11.0,6,0,,,,,,,,,,,2011-10-29,2012-09-11,2008-02-03,2015-07-14,,,,
35565,Manoj Kumar Tiwary,1985-11-14,40y 232d,India,Batter,Right hand Bat,Legbreak Googly,2008 - 2015,2015,IPL 2015,DC,5,3.0,1.0,57.0,32.0,28.5,56.0,101.78,0.0,0.0,8.0,1.0,2,0,,,,,,,,,,,2011-10-29,2012-09-11,2008-02-03,2015-07-14,,,,
35565,Manoj Kumar Tiwary,1985-11-14,40y 232d,India,Batter,Right hand Bat,Legbreak Googly,2008 - 2015,2014,IPL 2014,DC,8,8.0,3.0,152.0,61.0,30.4,118.0,128.81,0.0,1.0,14.0,4.0,1,0,0.0,14.0,12.0,,,,,0.0,0.0,0.0,2011-10-29,2012-09-11,2008-02-03,2015-07-14,,,,
35565,Manoj Kumar Tiwary,1985-11-14,40y 232d,India,Batter,Right hand Bat,Legbreak Googly,2008 - 2015,2013,IPL 2013,KKR,10,9.0,1.0,146.0,33.0,18.25,140.0,104.28,0.0,0.0,12.0,1.0,10,0,,,,,,,,,,,2011-10-29,2012-09-11,2008-02-03,2015-07-14,,,,
35565,Manoj Kumar Tiwary,1985-11-14,40y 232d,India,Batter,Right hand Bat,Legbreak Googly,2008 - 2015,2012,IPL 2012,KKR,16,15.0,5.0,260.0,59.0,26.0,246.0,105.69,0.0,1.0,21.0,3.0,10,0,,,,,,,,,,,2011-10-29,2012-09-11,2008-02-03,2015-07-14,,,,
35565,Manoj Kumar Tiwary,1985-11-14,40y 232d,India,Batter,Right hand Bat,Legbreak Googly,2008 - 2015,2011,IPL 2011,KKR,15,14.0,7.0,359.0,61.0,51.28,325.0,110.46,0.0,1.0,26.0,14.0,6,0,0.0,11.5,12.0,,,,,0.0,0.0,0.0,2011-10-29,2012-09-11,2008-02-03,2015-07-14,,,,
35565,Manoj Kumar Tiwary,1985-11-14,40y 232d,India,Batter,Right hand Bat,Legbreak Googly,2008 - 2015,2009/10,IPL 2009/10,KKR,13,11.0,2.0,237.0,75.0,26.33,186.0,127.41,0.0,2.0,23.0,5.0,4,0,1.0,11.0,6.0,1/11,1/11,11.0,6.0,0.0,0.0,0.0,2011-10-29,2012-09-11,2008-02-03,2015-07-14,1.0,11.0,1.0,11.0
35565,Manoj Kumar Tiwary,1985-11-14,40y 232d,India,Batter,Right hand Bat,Legbreak Googly,2008 - 2015,2009,IPL 2009,DC,2,1.0,0.0,9.0,9.0,9.0,13.0,69.23,0.0,0.0,1.0,0.0,0,0,0.0,11.0,6.0,,,,,0.0,0.0,0.0,2011-10-29,2012-09-11,2008-02-03,2015-07-14,,,,
35565,Manoj Kumar Tiwary,1985-11-14,40y 232d,India,Batter,Right hand Bat,Legbreak Googly,2008 - 2015,2007/08,IPL 2007/08,DC,9,7.0,3.0,104.0,39.0,26.0,85.0,122.35,0.0,0.0,16.0,0.0,3,0,,,,,,,,,,,2011-10-29,2012-09-11,2008-02-03,2015-07-14,,,,
390480,Manprit Charanjit Juneja,1990-09-12,35y 295d,India,Top order Batter,Right hand Bat,Right arm Offbreak,,2013,IPL 2013,DC,7,7.0,0.0,125.0,49.0,17.85,128.0,97.65,0.0,0.0,11.0,1.0,0,0,,,,,,,,,,,,,,,,,,
325012,Marcus Peter Stoinis,1989-08-16,36y 322d,Australia,Batting Allrounder,Right hand Bat,Right arm Medium,2015 - 2026,2026,IPL 2026,PBKS,13,9.0,3.0,216.0,62.0,36.0,120.0,180.0,0.0,1.0,23.0,11.0,1,0,2.0,12.51,47.0,1/26,1/26,49.0,23.5,0.0,0.0,0.0,2015-08-31,2026-02-20,2015-09-11,2024-11-10,1.0,26.0,1.0,26.0
325012,Marcus Peter Stoinis,1989-08-16,36y 322d,Australia,Batting Allrounder,Right hand Bat,Right arm Medium,2015 - 2026,2025,IPL 2025,PBKS,13,11.0,5.0,160.0,44.0,26.66,86.0,186.04,0.0,0.0,8.0,15.0,1,0,1.0,12.35,85.0,1/14,1/14,175.0,85.0,0.0,0.0,0.0,2015-08-31,2026-02-20,2015-09-11,2024-11-10,1.0,14.0,1.0,14.0
325012,Marcus Peter Stoinis,1989-08-16,36y 322d,Australia,Batting Allrounder,Right hand Bat,Right arm Medium,2015 - 2026,2024,IPL 2024,LSG,14,14.0,2.0,388.0,124.0,32.33,263.0,147.52,1.0,2.0,39.0,16.0,4,0,4.0,9.0,84.0,1/3,1/3,31.5,21.0,0.0,0.0,0.0,2015-08-31,2026-02-20,2015-09-11,2024-11-10,1.0,3.0,1.0,3.0
325012,Marcus Peter Stoinis,1989-08-16,36y 322d,Australia,Batting Allrounder,Right hand Bat,Right arm Medium,2015 - 2026,2023,IPL 2023,LSG,15,15.0,2.0,408.0,89.0,31.38,272.0,150.0,0.0,3.0,28.0,27.0,4,0,5.0,9.23,65.0,2/20,2/20,20.0,13.0,0.0,0.0,0.0,2015-08-31,2026-02-20,2015-09-11,2024-11-10,2.0,20.0,2.0,20.0
325012,Marcus Peter Stoinis,1989-08-16,36y 322d,Australia,Batting Allrounder,Right hand Bat,Right arm Medium,2015 - 2026,2022,IPL 2022,LSG,11,10.0,2.0,156.0,38.0,19.5,106.0,147.16,0.0,0.0,7.0,13.0,4,0,4.0,11.28,42.0,3/23,3/23,19.75,10.5,0.0,0.0,0.0,2015-08-31,2026-02-20,2015-09-11,2024-11-10,3.0,23.0,3.0,23.0
325012,Marcus Peter Stoinis,1989-08-16,36y 322d,Australia,Batting Allrounder,Right hand Bat,Right arm Medium,2015 - 2026,2021,IPL 2021,DC,10,7.0,3.0,89.0,27.0,22.25,72.0,123.61,0.0,0.0,11.0,1.0,2,0,2.0,10.47,67.0,1/7,1/7,58.5,33.5,0.0,0.0,0.0,2015-08-31,2026-02-20,2015-09-11,2024-11-10,1.0,7.0,1.0,7.0
325012,Marcus Peter Stoinis,1989-08-16,36y 322d,Australia,Batting Allrounder,Right hand Bat,Right arm Medium,2015 - 2026,2020/21,IPL 2020/21,DC,17,17.0,3.0,352.0,65.0,25.14,237.0,148.52,0.0,3.0,31.0,16.0,3,0,13.0,9.53,178.0,3/26,3/26,21.76,13.6,0.0,0.0,0.0,2015-08-31,2026-02-20,2015-09-11,2024-11-10,3.0,26.0,3.0,26.0
325012,Marcus Peter Stoinis,1989-08-16,36y 322d,Australia,Batting Allrounder,Right hand Bat,Right arm Medium,2015 - 2026,2019,IPL 2019,RCB,10,10.0,6.0,211.0,46.0,52.75,156.0,135.25,0.0,0.0,14.0,10.0,2,0,2.0,8.7,100.0,1/13,1/13,72.5,50.0,0.0,0.0,0.0,2015-08-31,2026-02-20,2015-09-11,2024-11-10,1.0,13.0,1.0,13.0
325012,Marcus Peter Stoinis,1989-08-16,36y 322d,Australia,Batting Allrounder,Right hand Bat,Right arm Medium,2015 - 2026,2018,IPL 2018,PBKS,7,7.0,3.0,99.0,29.0,24.75,76.0,130.26,0.0,0.0,6.0,4.0,2,0,3.0,10.9,66.0,1/15,1/15,40.0,22.0,0.0,0.0,0.0,2015-08-31,2026-02-20,2015-09-11,2024-11-10,1.0,15.0,1.0,15.0
325012,Marcus Peter Stoinis,1989-08-16,36y 322d,Australia,Batting Allrounder,Right hand Bat,Right arm Medium,2015 - 2026,2017,IPL 2017,PBKS,5,3.0,0.0,17.0,9.0,5.66,24.0,70.83,0.0,0.0,1.0,0.0,3,0,2.0,10.47,63.0,1/28,1/28,55.0,31.5,0.0,0.0,0.0,2015-08-31,2026-02-20,2015-09-11,2024-11-10,1.0,28.0,1.0,28.0
325012,Marcus Peter Stoinis,1989-08-16,36y 322d,Australia,Batting Allrounder,Right hand Bat,Right arm Medium,2015 - 2026,2016,IPL 2016,PBKS,7,5.0,1.0,146.0,52.0,36.5,108.0,135.18,0.0,1.0,13.0,4.0,0,0,8.0,8.43,138.0,4/15,4/15,24.25,17.2,1.0,0.0,0.0,2015-08-31,2026-02-20,2015-09-11,2024-11-10,4.0,15.0,4.0,15.0
52983,Marlon Nathaniel Samuels,1981-02-05,45y 149d,West Indies,Top order Batter,Right hand Bat,Right arm Offbreak,2000 - 2018,2017,IPL 2017,DC,5,4.0,0.0,29.0,27.0,7.25,31.0,93.54,0.0,0.0,1.0,2.0,1,0,0.0,11.33,18.0,,,,,0.0,0.0,0.0,2007-06-28,2018-08-05,2000-10-04,2018-12-14,,,,
52983,Marlon Nathaniel Samuels,1981-02-05,45y 149d,West Indies,Top order Batter,Right hand Bat,Right arm Offbreak,2000 - 2018,2013,IPL 2013,PWI,2,2.0,0.0,8.0,5.0,4.0,18.0,44.44,0.0,0.0,1.0,0.0,1,0,1.0,8.5,24.0,1/34,1/34,34.0,24.0,0.0,0.0,0.0,2007-06-28,2018-08-05,2000-10-04,2018-12-14,1.0,34.0,1.0,34.0
52983,Marlon Nathaniel Samuels,1981-02-05,45y 149d,West Indies,Top order Batter,Right hand Bat,Right arm Offbreak,2000 - 2018,2012,IPL 2012,PWI,8,8.0,1.0,124.0,46.0,17.71,123.0,100.81,0.0,0.0,7.0,5.0,0,0,8.0,7.53,172.0,3/39,3/39,27.0,21.5,0.0,0.0,0.0,2007-06-28,2018-08-05,2000-10-04,2018-12-14,3.0,39.0,3.0,39.0
230193,Matthew Scott Wade,1987-12-26,38y 190d,Australia,Wicketkeeper Batter,Left hand Bat,Right arm Medium,2011 - 2024,2024,IPL 2024,GT,2,1.0,0.0,4.0,4.0,4.0,6.0,66.66,0.0,0.0,0.0,0.0,1,0,,,,,,,,,,,2011-10-13,2024-06-24,2012-02-05,2021-07-26,,,,
230193,Matthew Scott Wade,1987-12-26,38y 190d,Australia,Wicketkeeper Batter,Left hand Bat,Right arm Medium,2011 - 2024,2022,IPL 2022,GT,10,10.0,0.0,157.0,35.0,15.7,138.0,113.76,0.0,0.0,23.0,2.0,7,1,,,,,,,,,,,2011-10-13,2024-06-24,2012-02-05,2021-07-26,,,,
230193,Matthew Scott Wade,1987-12-26,38y 190d,Australia,Wicketkeeper Batter,Left hand Bat,Right arm Medium,2011 - 2024,2011,IPL 2011,DC,3,3.0,0.0,22.0,11.0,7.33,33.0,66.66,0.0,0.0,0.0,0.0,0,0,,,,,,,,,,,2011-10-13,2024-06-24,2012-02-05,2021-07-26,,,,
398438,Mayank Anurag Agarwal,1991-02-16,35y 138d,India,Batter,Right hand Bat,Right arm Offbreak,2018 - 2022,2025,IPL 2025,RCB,4,4.0,1.0,95.0,41.0,31.66,64.0,148.43,0.0,0.0,10.0,2.0,0,0,,,,,,,,,,,,,2020-02-05,2020-11-29,,,,
398438,Mayank Anurag Agarwal,1991-02-16,35y 138d,India,Batter,Right hand Bat,Right arm Offbreak,2018 - 2022,2024,IPL 2024,SRH,4,4.0,0.0,64.0,32.0,16.0,57.0,112.28,0.0,0.0,8.0,1.0,2,0,,,,,,,,,,,,,2020-02-05,2020-11-29,,,,
398438,Mayank Anurag Agarwal,1991-02-16,35y 138d,India,Batter,Right hand Bat,Right arm Offbreak,2018 - 2022,2023,IPL 2023,SRH,10,10.0,0.0,270.0,83.0,27.0,210.0,128.57,0.0,1.0,29.0,6.0,6,0,,,,,,,,,,,,,2020-02-05,2020-11-29,,,,
398438,Mayank Anurag Agarwal,1991-02-16,35y 138d,India,Batter,Right hand Bat,Right arm Offbreak,2018 - 2022,2022,IPL 2022,PBKS,13,12.0,0.0,196.0,52.0,16.33,160.0,122.5,0.0,1.0,23.0,6.0,10,0,,,,,,,,,,,,,2020-02-05,2020-11-29,,,,
398438,Mayank Anurag Agarwal,1991-02-16,35y 138d,India,Batter,Right hand Bat,Right arm Offbreak,2018 - 2022,2021,IPL 2021,PBKS,12,12.0,1.0,441.0,99.0,40.09,314.0,140.44,0.0,4.0,42.0,18.0,5,0,,,,,,,,,,,,,2020-02-05,2020-11-29,,,,
398438,Mayank Anurag Agarwal,1991-02-16,35y 138d,India,Batter,Right hand Bat,Right arm Offbreak,2018 - 2022,2020/21,IPL 2020/21,PBKS,11,11.0,0.0,424.0,106.0,38.54,271.0,156.45,1.0,2.0,44.0,15.0,6,0,,,,,,,,,,,,,2020-02-05,2020-11-29,,,,
398438,Mayank Anurag Agarwal,1991-02-16,35y 138d,India,Batter,Right hand Bat,Right arm Offbreak,2018 - 2022,2019,IPL 2019,PBKS,13,13.0,0.0,332.0,58.0,25.53,234.0,141.88,0.0,2.0,26.0,14.0,7,0,,,,,,,,,,,,,2020-02-05,2020-11-29,,,,
398438,Mayank Anurag Agarwal,1991-02-16,35y 138d,India,Batter,Right hand Bat,Right arm Offbreak,2018 - 2022,2018,IPL 2018,PBKS,11,11.0,1.0,120.0,30.0,12.0,94.0,127.65,0.0,0.0,9.0,5.0,2,0,,,,,,,,,,,,,2020-02-05,2020-11-29,,,,
398438,Mayank Anurag Agarwal,1991-02-16,35y 138d,India,Batter,Right hand Bat,Right arm Offbreak,2018 - 2022,2017,IPL 2017,RPS,3,3.0,0.0,26.0,20.0,8.66,27.0,96.29,0.0,0.0,3.0,0.0,1,0,,,,,,,,,,,,,2020-02-05,2020-11-29,,,,
398438,Mayank Anurag Agarwal,1991-02-16,35y 138d,India,Batter,Right hand Bat,Right arm Offbreak,2018 - 2022,2016,IPL 2016,DC,3,3.0,0.0,27.0,10.0,9.0,25.0,108.0,0.0,0.0,3.0,1.0,0,0,,,,,,,,,,,,,2020-02-05,2020-11-29,,,,
398438,Mayank Anurag Agarwal,1991-02-16,35y 138d,India,Batter,Right hand Bat,Right arm Offbreak,2018 - 2022,2015,IPL 2015,DC,10,10.0,1.0,213.0,68.0,23.66,177.0,120.33,0.0,2.0,23.0,7.0,3,0,,,,,,,,,,,,,2020-02-05,2020-11-29,,,,
398438,Mayank Anurag Agarwal,1991-02-16,35y 138d,India,Batter,Right hand Bat,Right arm Offbreak,2018 - 2022,2014,IPL 2014,DC,8,8.0,0.0,115.0,31.0,14.37,91.0,126.37,0.0,0.0,12.0,3.0,1,0,,,,,,,,,,,,,2020-02-05,2020-11-29,,,,
398438,Mayank Anurag Agarwal,1991-02-16,35y 138d,India,Batter,Right hand Bat,Right arm Offbreak,2018 - 2022,2013,IPL 2013,RCB,5,5.0,0.0,67.0,29.0,13.4,62.0,108.06,0.0,0.0,6.0,3.0,3,0,,,,,,,,,,,,,2020-02-05,2020-11-29,,,,
398438,Mayank Anurag Agarwal,1991-02-16,35y 138d,India,Batter,Right hand Bat,Right arm Offbreak,2018 - 2022,2012,IPL 2012,RCB,16,12.0,1.0,225.0,64.0,20.45,158.0,142.4,0.0,1.0,19.0,15.0,9,0,,,,,,,,,,,,,2020-02-05,2020-11-29,,,,
398438,Mayank Anurag Agarwal,1991-02-16,35y 138d,India,Batter,Right hand Bat,Right arm Offbreak,2018 - 2022,2011,IPL 2011,RCB,8,7.0,0.0,141.0,41.0,20.14,120.0,117.5,0.0,0.0,16.0,4.0,3,0,,,,,,,,,,,,,2020-02-05,2020-11-29,,,,
272450,Mitchell Ross Marsh,1991-10-20,34y 257d,Australia,Allrounder,Right hand Bat,Right arm Medium,2011 - 2026,2026,IPL 2026,LSG,13,13.0,0.0,563.0,111.0,43.3,345.0,163.18,1.0,3.0,51.0,36.0,4,0,,,,,,,,,,,2011-10-16,2026-06-21,2011-10-19,2025-10-25,,,,
272450,Mitchell Ross Marsh,1991-10-20,34y 257d,Australia,Allrounder,Right hand Bat,Right arm Medium,2011 - 2026,2025,IPL 2025,LSG,13,13.0,0.0,627.0,117.0,48.23,383.0,163.7,1.0,6.0,56.0,37.0,1,0,,,,,,,,,,,2011-10-16,2026-06-21,2011-10-19,2025-10-25,,,,
272450,Mitchell Ross Marsh,1991-10-20,34y 257d,Australia,Allrounder,Right hand Bat,Right arm Medium,2011 - 2026,2024,IPL 2024,DC,4,4.0,0.0,61.0,23.0,15.25,38.0,160.52,0.0,0.0,9.0,3.0,0,0,1.0,12.87,48.0,1/37,1/37,103.0,48.0,0.0,0.0,0.0,2011-10-16,2026-06-21,2011-10-19,2025-10-25,1.0,37.0,1.0,37.0
272450,Mitchell Ross Marsh,1991-10-20,34y 257d,Australia,Allrounder,Right hand Bat,Right arm Medium,2011 - 2026,2023,IPL 2023,DC,9,9.0,0.0,128.0,63.0,14.22,97.0,131.95,0.0,1.0,11.0,7.0,3,0,12.0,8.42,121.0,4/27,4/27,14.16,10.0,1.0,0.0,0.0,2011-10-16,2026-06-21,2011-10-19,2025-10-25,4.0,27.0,4.0,27.0
272450,Mitchell Ross Marsh,1991-10-20,34y 257d,Australia,Allrounder,Right hand Bat,Right arm Medium,2011 - 2026,2022,IPL 2022,DC,8,8.0,0.0,251.0,89.0,31.37,189.0,132.8,0.0,2.0,19.0,14.0,0,0,4.0,8.5,72.0,2/25,2/25,25.5,18.0,0.0,0.0,0.0,2011-10-16,2026-06-21,2011-10-19,2025-10-25,2.0,25.0,2.0,25.0
272450,Mitchell Ross Marsh,1991-10-20,34y 257d,Australia,Allrounder,Right hand Bat,Right arm Medium,2011 - 2026,2020/21,IPL 2020/21,SRH,1,1.0,0.0,0.0,0.0,0.0,1.0,0.0,0.0,0.0,0.0,0.0,0,0,0.0,9.0,4.0,,,,,0.0,0.0,0.0,2011-10-16,2026-06-21,2011-10-19,2025-10-25,,,,
272450,Mitchell Ross Marsh,1991-10-20,34y 257d,Australia,Allrounder,Right hand Bat,Right arm Medium,2011 - 2026,2016,IPL 2016,RPS,3,1.0,0.0,7.0,7.0,7.0,11.0,63.63,0.0,0.0,0.0,0.0,0,0,4.0,5.0,54.0,2/14,2/14,11.25,13.5,0.0,0.0,0.0,2011-10-16,2026-06-21,2011-10-19,2025-10-25,2.0,14.0,2.0,14.0
272450,Mitchell Ross Marsh,1991-10-20,34y 257d,Australia,Allrounder,Right hand Bat,Right arm Medium,2011 - 2026,2013,IPL 2013,PWI,9,8.0,1.0,140.0,38.0,20.0,106.0,132.07,0.0,0.0,6.0,10.0,7,0,7.0,9.41,116.0,2/7,2/7,26.0,16.5,0.0,0.0,0.0,2011-10-16,2026-06-21,2011-10-19,2025-10-25,2.0,7.0,2.0,7.0
272450,Mitchell Ross Marsh,1991-10-20,34y 257d,Australia,Allrounder,Right hand Bat,Right arm Medium,2011 - 2026,2011,IPL 2011,PWI,5,3.0,1.0,50.0,37.0,25.0,49.0,102.04,0.0,0.0,2.0,3.0,0,0,7.0,6.98,85.0,4/25,4/25,14.14,12.1,1.0,0.0,0.0,2011-10-16,2026-06-21,2011-10-19,2025-10-25,4.0,25.0,4.0,25.0
272450,Mitchell Ross Marsh,1991-10-20,34y 257d,Australia,Allrounder,Right hand Bat,Right arm Medium,2011 - 2026,2009/10,IPL 2009/10,DCH,3,2.0,0.0,28.0,15.0,14.0,30.0,93.33,0.0,0.0,1.0,1.0,0,0,2.0,8.8,60.0,1/19,1/19,44.0,30.0,0.0,0.0,0.0,2011-10-16,2026-06-21,2011-10-19,2025-10-25,1.0,19.0,1.0,19.0
311592,Mitchell Aaron Starc,1990-01-30,36y 155d,Australia,Bowler,Left hand Bat,Left arm Fast,2010 - 2026,2026,IPL 2026,DC,6,2.0,1.0,0.0,0.0,0.0,2.0,0.0,0.0,0.0,0.0,0.0,4,0,11.0,10.18,132.0,4/40,4/40,20.36,12.0,1.0,0.0,0.0,2012-09-07,2024-06-24,2010-10-20,2025-10-25,4.0,40.0,4.0,40.0
311592,Mitchell Aaron Starc,1990-01-30,36y 155d,Australia,Bowler,Left hand Bat,Left arm Fast,2010 - 2026,2025,IPL 2025,DC,11,6.0,4.0,6.0,2.0,3.0,10.0,60.0,0.0,0.0,0.0,0.0,7,0,14.0,10.16,216.0,5/35,5/35,26.14,15.4,0.0,1.0,0.0,2012-09-07,2024-06-24,2010-10-20,2025-10-25,5.0,35.0,5.0,35.0
311592,Mitchell Aaron Starc,1990-01-30,36y 155d,Australia,Bowler,Left hand Bat,Left arm Fast,2010 - 2026,2024,IPL 2024,KKR,14,5.0,3.0,9.0,6.0,4.5,11.0,81.81,0.0,0.0,1.0,0.0,6,0,17.0,10.61,251.0,4/33,4/33,26.11,14.7,1.0,0.0,0.0,2012-09-07,2024-06-24,2010-10-20,2025-10-25,4.0,33.0,4.0,33.0
311592,Mitchell Aaron Starc,1990-01-30,36y 155d,Australia,Bowler,Left hand Bat,Left arm Fast,2010 - 2026,2015,IPL 2015,RCB,13,3.0,2.0,11.0,9.0,11.0,14.0,78.57,0.0,0.0,1.0,0.0,7,0,20.0,6.76,258.0,4/15,4/15,14.55,12.9,1.0,0.0,0.0,2012-09-07,2024-06-24,2010-10-20,2025-10-25,4.0,15.0,4.0,15.0
311592,Mitchell Aaron Starc,1990-01-30,36y 155d,Australia,Bowler,Left hand Bat,Left arm Fast,2010 - 2026,2014,IPL 2014,RCB,14,9.0,3.0,85.0,29.0,14.16,84.0,101.19,0.0,0.0,9.0,0.0,9,0,14.0,7.49,322.0,2/21,2/21,28.71,23.0,0.0,0.0,0.0,2012-09-07,2024-06-24,2010-10-20,2025-10-25,2.0,21.0,2.0,21.0
41411,Mohammad Asif,1982-12-20,43y 196d,Pakistan,Bowler,Left hand Bat,Right arm Fast medium,2005 - 2010,2007/08,IPL 2007/08,DC,8,2.0,0.0,3.0,3.0,1.5,6.0,50.0,0.0,0.0,0.0,0.0,1,0,8.0,9.25,192.0,2/19,2/19,37.0,24.0,0.0,0.0,0.0,2006-08-28,2010-05-06,2005-12-21,2010-06-21,2.0,19.0,2.0,19.0
481896,Mohammed Shami Ahmed,1990-09-03,35y 304d,India,Bowler,Right hand Bat,Right arm Fast,2013 - 2025,2026,IPL 2026,LSG,13,7.0,2.0,31.0,12.0,6.2,22.0,140.9,0.0,0.0,2.0,3.0,3,0,12.0,9.0,306.0,2/9,2/9,38.25,25.5,0.0,0.0,0.0,2014-03-21,2025-02-02,2013-01-06,2025-03-09,2.0,9.0,2.0,9.0
481896,Mohammed Shami Ahmed,1990-09-03,35y 304d,India,Bowler,Right hand Bat,Right arm Fast,2013 - 2025,2025,IPL 2025,SRH,9,4.0,3.0,10.0,6.0,10.0,10.0,100.0,0.0,0.0,1.0,0.0,2,0,6.0,11.23,180.0,2/28,2/28,56.16,30.0,0.0,0.0,0.0,2014-03-21,2025-02-02,2013-01-06,2025-03-09,2.0,28.0,2.0,28.0
481896,Mohammed Shami Ahmed,1990-09-03,35y 304d,India,Bowler,Right hand Bat,Right arm Fast,2013 - 2025,2023,IPL 2023,GT,17,2.0,0.0,5.0,5.0,2.5,6.0,83.33,0.0,0.0,1.0,0.0,5,0,28.0,8.03,390.0,4/11,4/11,18.64,13.9,2.0,0.0,0.0,2014-03-21,2025-02-02,2013-01-06,2025-03-09,4.0,11.0,4.0,11.0
481896,Mohammed Shami Ahmed,1990-09-03,35y 304d,India,Bowler,Right hand Bat,Right arm Fast,2013 - 2025,2022,IPL 2022,GT,16,,,,,,,,,,,,3,0,20.0,8.0,366.0,3/25,3/25,24.4,18.3,0.0,0.0,0.0,2014-03-21,2025-02-02,2013-01-06,2025-03-09,3.0,25.0,3.0,25.0
481896,Mohammed Shami Ahmed,1990-09-03,35y 304d,India,Bowler,Right hand Bat,Right arm Fast,2013 - 2025,2021,IPL 2021,PBKS,14,4.0,3.0,13.0,9.0,13.0,17.0,76.47,0.0,0.0,0.0,0.0,1,0,19.0,7.5,316.0,3/21,3/21,20.78,16.6,0.0,0.0,0.0,2014-03-21,2025-02-02,2013-01-06,2025-03-09,3.0,21.0,3.0,21.0
481896,Mohammed Shami Ahmed,1990-09-03,35y 304d,India,Bowler,Right hand Bat,Right arm Fast,2013 - 2025,2020/21,IPL 2020/21,PBKS,14,3.0,2.0,2.0,2.0,2.0,3.0,66.66,0.0,0.0,0.0,0.0,2,0,20.0,8.57,322.0,3/15,3/15,23.0,16.1,0.0,0.0,0.0,2014-03-21,2025-02-02,2013-01-06,2025-03-09,3.0,15.0,3.0,15.0
481896,Mohammed Shami Ahmed,1990-09-03,35y 304d,India,Bowler,Right hand Bat,Right arm Fast,2013 - 2025,2019,IPL 2019,PBKS,14,2.0,1.0,1.0,1.0,1.0,2.0,50.0,0.0,0.0,0.0,0.0,5,0,19.0,8.68,324.0,3/21,3/21,24.68,17.0,0.0,0.0,0.0,2014-03-21,2025-02-02,2013-01-06,2025-03-09,3.0,21.0,3.0,21.0
481896,Mohammed Shami Ahmed,1990-09-03,35y 304d,India,Bowler,Right hand Bat,Right arm Fast,2013 - 2025,2018,IPL 2018,DC,4,1.0,0.0,7.0,7.0,7.0,6.0,116.66,0.0,0.0,1.0,0.0,2,0,3.0,10.4,83.0,1/29,1/29,48.0,27.6,0.0,0.0,0.0,2014-03-21,2025-02-02,2013-01-06,2025-03-09,1.0,29.0,1.0,29.0
481896,Mohammed Shami Ahmed,1990-09-03,35y 304d,India,Bowler,Right hand Bat,Right arm Fast,2013 - 2025,2017,IPL 2017,DC,8,6.0,2.0,36.0,21.0,9.0,24.0,150.0,0.0,0.0,4.0,2.0,0,0,5.0,9.34,156.0,2/36,2/36,48.6,31.2,0.0,0.0,0.0,2014-03-21,2025-02-02,2013-01-06,2025-03-09,2.0,36.0,2.0,36.0
481896,Mohammed Shami Ahmed,1990-09-03,35y 304d,India,Bowler,Right hand Bat,Right arm Fast,2013 - 2025,2016,IPL 2016,DC,8,2.0,2.0,2.0,2.0,,4.0,50.0,0.0,0.0,0.0,0.0,1,0,5.0,9.69,151.0,2/34,2/34,48.8,30.2,0.0,0.0,0.0,2014-03-21,2025-02-02,2013-01-06,2025-03-09,2.0,34.0,2.0,34.0
481896,Mohammed Shami Ahmed,1990-09-03,35y 304d,India,Bowler,Right hand Bat,Right arm Fast,2013 - 2025,2014,IPL 2014,DC,12,4.0,2.0,3.0,1.0,1.5,7.0,42.85,0.0,0.0,0.0,0.0,0,0,7.0,8.38,264.0,1/22,1/22,52.71,37.7,0.0,0.0,0.0,2014-03-21,2025-02-02,2013-01-06,2025-03-09,1.0,22.0,1.0,22.0
481896,Mohammed Shami Ahmed,1990-09-03,35y 304d,India,Bowler,Right hand Bat,Right arm Fast,2013 - 2025,2013,IPL 2013,KKR,3,1.0,0.0,5.0,5.0,5.0,10.0,50.0,0.0,0.0,0.0,0.0,0,0,1.0,8.66,54.0,1/32,1/32,78.0,54.0,0.0,0.0,0.0,2014-03-21,2025-02-02,2013-01-06,2025-03-09,1.0,32.0,1.0,32.0
5961,Moises Constantino Henriques,1987-02-01,39y 153d,Australia,Allrounder,Right hand Bat,Right arm Fast medium,2009 - 2021,2021,IPL 2021,PBKS,5,4.0,2.0,31.0,14.0,15.5,32.0,96.87,0.0,0.0,0.0,1.0,1,0,4.0,4.5,60.0,3/12,3/12,11.25,15.0,0.0,0.0,0.0,2009-02-15,2021-08-09,2009-10-31,2021-07-26,3.0,12.0,3.0,12.0
5961,Moises Constantino Henriques,1987-02-01,39y 153d,Australia,Allrounder,Right hand Bat,Right arm Fast medium,2009 - 2021,2017,IPL 2017,SRH,12,11.0,5.0,277.0,55.0,46.16,203.0,136.45,0.0,3.0,28.0,4.0,5,0,1.0,10.33,144.0,1/6,1/6,248.0,144.0,0.0,0.0,0.0,2009-02-15,2021-08-09,2009-10-31,2021-07-26,1.0,6.0,1.0,6.0
5961,Moises Constantino Henriques,1987-02-01,39y 153d,Australia,Allrounder,Right hand Bat,Right arm Fast medium,2009 - 2021,2016,IPL 2016,SRH,17,15.0,3.0,182.0,31.0,15.16,158.0,115.18,0.0,0.0,15.0,6.0,11,0,12.0,7.98,312.0,2/17,2/17,34.58,26.0,0.0,0.0,0.0,2009-02-15,2021-08-09,2009-10-31,2021-07-26,2.0,17.0,2.0,17.0
5961,Moises Constantino Henriques,1987-02-01,39y 153d,Australia,Allrounder,Right hand Bat,Right arm Fast medium,2009 - 2021,2015,IPL 2015,SRH,9,9.0,2.0,287.0,74.0,41.0,211.0,136.01,0.0,2.0,19.0,13.0,1,0,11.0,6.32,150.0,3/16,3/16,14.36,13.6,0.0,0.0,0.0,2009-02-15,2021-08-09,2009-10-31,2021-07-26,3.0,16.0,3.0,16.0
5961,Moises Constantino Henriques,1987-02-01,39y 153d,Australia,Allrounder,Right hand Bat,Right arm Fast medium,2009 - 2021,2014,IPL 2014,SRH,4,2.0,0.0,9.0,9.0,4.5,14.0,64.28,0.0,0.0,1.0,0.0,1,0,4.0,9.6,60.0,2/26,2/26,24.0,15.0,0.0,0.0,0.0,2009-02-15,2021-08-09,2009-10-31,2021-07-26,2.0,26.0,2.0,26.0
5961,Moises Constantino Henriques,1987-02-01,39y 153d,Australia,Allrounder,Right hand Bat,Right arm Fast medium,2009 - 2021,2013,IPL 2013,RCB,10,9.0,5.0,165.0,44.0,41.25,125.0,132.0,0.0,0.0,20.0,3.0,5,0,7.0,8.74,127.0,2/14,2/14,26.42,18.1,0.0,0.0,0.0,2009-02-15,2021-08-09,2009-10-31,2021-07-26,2.0,14.0,2.0,14.0
5961,Moises Constantino Henriques,1987-02-01,39y 153d,Australia,Allrounder,Right hand Bat,Right arm Fast medium,2009 - 2021,2009/10,IPL 2009/10,DC,1,1.0,0.0,11.0,11.0,11.0,5.0,220.0,0.0,0.0,2.0,0.0,1,0,1.0,8.75,24.0,1/35,1/35,35.0,24.0,0.0,0.0,0.0,2009-02-15,2021-08-09,2009-10-31,2021-07-26,1.0,35.0,1.0,35.0
5961,Moises Constantino Henriques,1987-02-01,39y 153d,Australia,Allrounder,Right hand Bat,Right arm Fast medium,2009 - 2021,2009,IPL 2009,KKR,4,3.0,1.0,38.0,30.0,19.0,40.0,95.0,0.0,0.0,2.0,1.0,3,0,2.0,8.79,73.0,1/32,1/32,53.5,36.5,0.0,0.0,0.0,2009-02-15,2021-08-09,2009-10-31,2021-07-26,1.0,32.0,1.0,32.0
46538,Morne Morkel,1984-10-06,41y 271d,South Africa,Bowler,Left hand Bat,Right arm Fast,2006 - 2018,2016,IPL 2016,KKR,10,2.0,2.0,1.0,1.0,,1.0,100.0,0.0,0.0,0.0,0.0,0,0,10.0,8.36,213.0,2/27,2/27,29.7,21.3,0.0,0.0,0.0,2007-09-11,2017-09-15,2007-06-06,2018-02-16,2.0,27.0,2.0,27.0
46538,Morne Morkel,1984-10-06,41y 271d,South Africa,Bowler,Left hand Bat,Right arm Fast,2006 - 2018,2015,IPL 2015,KKR,7,1.0,1.0,4.0,4.0,,3.0,133.33,0.0,0.0,0.0,0.0,1,0,10.0,7.35,168.0,2/18,2/18,20.6,16.8,0.0,0.0,0.0,2007-09-11,2017-09-15,2007-06-06,2018-02-16,2.0,18.0,2.0,18.0
46538,Morne Morkel,1984-10-06,41y 271d,South Africa,Bowler,Left hand Bat,Right arm Fast,2006 - 2018,2014,IPL 2014,KKR,12,2.0,2.0,4.0,4.0,,3.0,133.33,0.0,0.0,0.0,0.0,6,0,12.0,7.64,288.0,2/20,2/20,30.58,24.0,0.0,0.0,0.0,2007-09-11,2017-09-15,2007-06-06,2018-02-16,2.0,20.0,2.0,20.0
46538,Morne Morkel,1984-10-06,41y 271d,South Africa,Bowler,Left hand Bat,Right arm Fast,2006 - 2018,2013,IPL 2013,DC,10,6.0,1.0,57.0,23.0,11.4,29.0,196.55,0.0,0.0,6.0,2.0,0,0,7.0,8.37,240.0,2/27,2/27,47.85,34.2,0.0,0.0,0.0,2007-09-11,2017-09-15,2007-06-06,2018-02-16,2.0,27.0,2.0,27.0
46538,Morne Morkel,1984-10-06,41y 271d,South Africa,Bowler,Left hand Bat,Right arm Fast,2006 - 2018,2012,IPL 2012,DC,16,4.0,2.0,3.0,2.0,1.5,5.0,60.0,0.0,0.0,0.0,0.0,1,0,25.0,7.19,378.0,4/20,4/20,18.12,15.1,1.0,0.0,0.0,2007-09-11,2017-09-15,2007-06-06,2018-02-16,4.0,20.0,4.0,20.0
46538,Morne Morkel,1984-10-06,41y 271d,South Africa,Bowler,Left hand Bat,Right arm Fast,2006 - 2018,2011,IPL 2011,DC,11,5.0,3.0,40.0,16.0,20.0,25.0,160.0,0.0,0.0,3.0,2.0,1,0,13.0,7.55,258.0,3/18,3/18,25.0,19.8,0.0,0.0,0.0,2007-09-11,2017-09-15,2007-06-06,2018-02-16,3.0,18.0,3.0,18.0
46538,Morne Morkel,1984-10-06,41y 271d,South Africa,Bowler,Left hand Bat,Right arm Fast,2006 - 2018,2009/10,IPL 2009/10,RR,2,2.0,1.0,9.0,7.0,9.0,16.0,56.25,0.0,0.0,1.0,0.0,1,0,0.0,9.42,42.0,,,,,0.0,0.0,0.0,2007-09-11,2017-09-15,2007-06-06,2018-02-16,,,,
46538,Morne Morkel,1984-10-06,41y 271d,South Africa,Bowler,Left hand Bat,Right arm Fast,2006 - 2018,2009,IPL 2009,RR,2,1.0,0.0,8.0,8.0,8.0,8.0,100.0,0.0,0.0,1.0,0.0,1,0,0.0,5.71,42.0,,,,,0.0,0.0,0.0,2007-09-11,2017-09-15,2007-06-06,2018-02-16,,,,
926851,Mukesh Kumar,1993-10-12,32y 265d,India,Bowler,Right hand Bat,Right arm Medium,2023 - 2024,2026,IPL 2026,DC,10,,,,,,,,,,,,3,0,6.0,11.26,188.0,2/26,2/26,58.83,31.3,0.0,0.0,0.0,2023-08-03,2024-07-14,2023-07-27,2023-12-21,2.0,26.0,2.0,26.0
926851,Mukesh Kumar,1993-10-12,32y 265d,India,Bowler,Right hand Bat,Right arm Medium,2023 - 2024,2025,IPL 2025,DC,12,,,,,,,,,,,,3,0,12.0,10.32,237.0,4/33,4/33,34.0,19.7,1.0,0.0,0.0,2023-08-03,2024-07-14,2023-07-27,2023-12-21,4.0,33.0,4.0,33.0
926851,Mukesh Kumar,1993-10-12,32y 265d,India,Bowler,Right hand Bat,Right arm Medium,2023 - 2024,2024,IPL 2024,DC,10,2.0,1.0,3.0,3.0,3.0,9.0,33.33,0.0,0.0,0.0,0.0,3,0,17.0,10.36,213.0,3/14,3/14,21.64,12.5,0.0,0.0,0.0,2023-08-03,2024-07-14,2023-07-27,2023-12-21,3.0,14.0,3.0,14.0
926851,Mukesh Kumar,1993-10-12,32y 265d,India,Bowler,Right hand Bat,Right arm Medium,2023 - 2024,2023,IPL 2023,DC,10,3.0,3.0,7.0,6.0,,9.0,77.77,0.0,0.0,0.0,0.0,3,0,7.0,10.51,186.0,2/30,2/30,46.57,26.5,0.0,0.0,0.0,2023-08-03,2024-07-14,2023-07-27,2023-12-21,2.0,30.0,2.0,30.0
32102,Naman Vinaykumar Ojha,1983-07-20,42y 349d,India,Wicketkeeper Batter,Right hand Bat,,2010 - 2015,2018,IPL 2018,DC,1,1.0,0.0,1.0,1.0,1.0,4.0,25.0,0.0,0.0,0.0,0.0,0,0,,,,,,,,,,,2010-06-12,2010-06-13,2015-09-01,2010-06-05,,,,
32102,Naman Vinaykumar Ojha,1983-07-20,42y 349d,India,Wicketkeeper Batter,Right hand Bat,,2010 - 2015,2017,IPL 2017,SRH,14,5.0,1.0,79.0,34.0,19.75,65.0,121.53,0.0,0.0,2.0,3.0,6,0,,,,,,,,,,,2010-06-12,2010-06-13,2015-09-01,2010-06-05,,,,
32102,Naman Vinaykumar Ojha,1983-07-20,42y 349d,India,Wicketkeeper Batter,Right hand Bat,,2010 - 2015,2016,IPL 2016,SRH,17,13.0,3.0,136.0,37.0,13.6,138.0,98.55,0.0,0.0,7.0,5.0,18,0,,,,,,,,,,,2010-06-12,2010-06-13,2015-09-01,2010-06-05,,,,
32102,Naman Vinaykumar Ojha,1983-07-20,42y 349d,India,Wicketkeeper Batter,Right hand Bat,,2010 - 2015,2015,IPL 2015,SRH,14,11.0,1.0,137.0,28.0,13.7,121.0,113.22,0.0,0.0,12.0,4.0,6,1,,,,,,,,,,,2010-06-12,2010-06-13,2015-09-01,2010-06-05,,,,
32102,Naman Vinaykumar Ojha,1983-07-20,42y 349d,India,Wicketkeeper Batter,Right hand Bat,,2010 - 2015,2014,IPL 2014,SRH,11,10.0,4.0,232.0,79.0,38.66,161.0,144.09,0.0,1.0,14.0,17.0,6,1,,,,,,,,,,,2010-06-12,2010-06-13,2015-09-01,2010-06-05,,,,
32102,Naman Vinaykumar Ojha,1983-07-20,42y 349d,India,Wicketkeeper Batter,Right hand Bat,,2010 - 2015,2013,IPL 2013,DC,2,2.0,1.0,9.0,9.0,9.0,10.0,90.0,0.0,0.0,1.0,0.0,1,0,,,,,,,,,,,2010-06-12,2010-06-13,2015-09-01,2010-06-05,,,,
32102,Naman Vinaykumar Ojha,1983-07-20,42y 349d,India,Wicketkeeper Batter,Right hand Bat,,2010 - 2015,2012,IPL 2012,DC,18,16.0,5.0,255.0,64.0,23.18,224.0,113.83,0.0,1.0,21.0,13.0,14,2,,,,,,,,,,,2010-06-12,2010-06-13,2015-09-01,2010-06-05,,,,
32102,Naman Vinaykumar Ojha,1983-07-20,42y 349d,India,Wicketkeeper Batter,Right hand Bat,,2010 - 2015,2011,IPL 2011,DC,14,14.0,1.0,160.0,29.0,12.3,161.0,99.37,0.0,0.0,11.0,11.0,8,0,,,,,,,,,,,2010-06-12,2010-06-13,2015-09-01,2010-06-05,,,,
32102,Naman Vinaykumar Ojha,1983-07-20,42y 349d,India,Wicketkeeper Batter,Right hand Bat,,2010 - 2015,2009/10,IPL 2009/10,RR,14,14.0,2.0,377.0,94.0,31.41,285.0,132.28,0.0,2.0,42.0,15.0,4,2,,,,,,,,,,,2010-06-12,2010-06-13,2015-09-01,2010-06-05,,,,
32102,Naman Vinaykumar Ojha,1983-07-20,42y 349d,India,Wicketkeeper Batter,Right hand Bat,,2010 - 2015,2009,IPL 2009,RR,8,8.0,1.0,168.0,68.0,24.0,144.0,116.66,0.0,2.0,11.0,11.0,2,4,,,,,,,,,,,2010-06-12,2010-06-13,2015-09-01,2010-06-05,,,,
261354,Nathan Mitchell Coulter-Nile,1987-10-11,38y 266d,Australia,Bowling Allrounder,Right hand Bat,Right arm Fast,2013 - 2019,2022,IPL 2022,RR,1,1.0,1.0,1.0,1.0,,2.0,50.0,0.0,0.0,0.0,0.0,0,0,0.0,16.0,18.0,,,,,0.0,0.0,0.0,2013-02-13,2019-02-27,2013-09-14,2019-06-20,,,,
261354,Nathan Mitchell Coulter-Nile,1987-10-11,38y 266d,Australia,Bowling Allrounder,Right hand Bat,Right arm Fast,2013 - 2019,2021,IPL 2021,MI,5,2.0,0.0,4.0,3.0,2.0,5.0,80.0,0.0,0.0,0.0,0.0,2,0,7.0,6.35,120.0,4/14,4/14,18.14,17.1,1.0,0.0,0.0,2013-02-13,2019-02-27,2013-09-14,2019-06-20,4.0,14.0,4.0,14.0
261354,Nathan Mitchell Coulter-Nile,1987-10-11,38y 266d,Australia,Bowling Allrounder,Right hand Bat,Right arm Fast,2013 - 2019,2020/21,IPL 2020/21,MI,7,2.0,1.0,25.0,24.0,25.0,15.0,166.66,0.0,0.0,4.0,0.0,2,0,5.0,7.92,156.0,2/29,2/29,41.2,31.2,0.0,0.0,0.0,2013-02-13,2019-02-27,2013-09-14,2019-06-20,2.0,29.0,2.0,29.0
261354,Nathan Mitchell Coulter-Nile,1987-10-11,38y 266d,Australia,Bowling Allrounder,Right hand Bat,Right arm Fast,2013 - 2019,2017,IPL 2017,KKR,8,3.0,0.0,14.0,6.0,4.66,12.0,116.66,0.0,0.0,0.0,2.0,2,0,15.0,8.04,170.0,3/20,3/20,15.2,11.3,0.0,0.0,0.0,2013-02-13,2019-02-27,2013-09-14,2019-06-20,3.0,20.0,3.0,20.0
261354,Nathan Mitchell Coulter-Nile,1987-10-11,38y 266d,Australia,Bowling Allrounder,Right hand Bat,Right arm Fast,2013 - 2019,2016,IPL 2016,DC,4,2.0,2.0,9.0,7.0,,14.0,64.28,0.0,0.0,1.0,0.0,0,0,3.0,7.6,90.0,2/25,2/25,38.0,30.0,0.0,0.0,0.0,2013-02-13,2019-02-27,2013-09-14,2019-06-20,2.0,25.0,2.0,25.0
261354,Nathan Mitchell Coulter-Nile,1987-10-11,38y 266d,Australia,Bowling Allrounder,Right hand Bat,Right arm Fast,2013 - 2019,2015,IPL 2015,DC,11,5.0,1.0,20.0,6.0,5.0,18.0,111.11,0.0,0.0,2.0,1.0,5,0,15.0,7.55,255.0,4/20,4/20,21.4,17.0,1.0,0.0,0.0,2013-02-13,2019-02-27,2013-09-14,2019-06-20,4.0,20.0,4.0,20.0
261354,Nathan Mitchell Coulter-Nile,1987-10-11,38y 266d,Australia,Bowling Allrounder,Right hand Bat,Right arm Fast,2013 - 2019,2014,IPL 2014,DC,2,1.0,1.0,0.0,0.0,,0.0,,0.0,0.0,0.0,0.0,0,0,2.0,6.75,24.0,2/27,2/27,13.5,12.0,0.0,0.0,0.0,2013-02-13,2019-02-27,2013-09-14,2019-06-20,2.0,27.0,2.0,27.0
261354,Nathan Mitchell Coulter-Nile,1987-10-11,38y 266d,Australia,Bowling Allrounder,Right hand Bat,Right arm Fast,2013 - 2019,2013,IPL 2013,MI,1,1.0,0.0,9.0,9.0,9.0,6.0,150.0,0.0,0.0,0.0,1.0,1,0,1.0,7.25,24.0,1/29,1/29,29.0,24.0,0.0,0.0,0.0,2013-02-13,2019-02-27,2013-09-14,2019-06-20,1.0,29.0,1.0,29.0
604527,Nitish Rana,1993-12-27,32y 189d,India,Middle order Batter,Left hand Bat,"Right arm Medium, Right arm Offbreak, Legbreak",2021 - 2021,2026,IPL 2026,DC,9,9.0,0.0,225.0,91.0,25.0,149.0,151.0,0.0,2.0,27.0,10.0,3,0,0.0,13.75,24.0,,,,,0.0,0.0,0.0,2021-07-28,2021-07-29,2021-07-23,2021-07-28,,,,
604527,Nitish Rana,1993-12-27,32y 189d,India,Middle order Batter,Left hand Bat,"Right arm Medium, Right arm Offbreak, Legbreak",2021 - 2021,2025,IPL 2025,RR,11,11.0,1.0,217.0,81.0,21.7,134.0,161.94,0.0,2.0,27.0,9.0,2,0,0.0,9.0,12.0,,,,,0.0,0.0,0.0,2021-07-28,2021-07-29,2021-07-23,2021-07-28,,,,
604527,Nitish Rana,1993-12-27,32y 189d,India,Middle order Batter,Left hand Bat,"Right arm Medium, Right arm Offbreak, Legbreak",2021 - 2021,2024,IPL 2024,KKR,2,2.0,0.0,42.0,33.0,21.0,34.0,123.52,0.0,0.0,5.0,1.0,0,0,,,,,,,,,,,2021-07-28,2021-07-29,2021-07-23,2021-07-28,,,,
604527,Nitish Rana,1993-12-27,32y 189d,India,Middle order Batter,Left hand Bat,"Right arm Medium, Right arm Offbreak, Legbreak",2021 - 2021,2023,IPL 2023,KKR,14,14.0,1.0,413.0,75.0,31.76,293.0,140.95,0.0,3.0,39.0,20.0,3,0,3.0,8.49,53.0,2/17,2/17,25.0,17.6,0.0,0.0,0.0,2021-07-28,2021-07-29,2021-07-23,2021-07-28,2.0,17.0,2.0,17.0
604527,Nitish Rana,1993-12-27,32y 189d,India,Middle order Batter,Left hand Bat,"Right arm Medium, Right arm Offbreak, Legbreak",2021 - 2021,2022,IPL 2022,KKR,14,14.0,1.0,361.0,57.0,27.76,251.0,143.82,0.0,2.0,29.0,22.0,6,0,0.0,11.5,12.0,,,,,0.0,0.0,0.0,2021-07-28,2021-07-29,2021-07-23,2021-07-28,,,,
604527,Nitish Rana,1993-12-27,32y 189d,India,Middle order Batter,Left hand Bat,"Right arm Medium, Right arm Offbreak, Legbreak",2021 - 2021,2021,IPL 2021,KKR,17,16.0,3.0,383.0,80.0,29.46,314.0,121.97,0.0,2.0,34.0,17.0,4,0,0.0,6.0,12.0,,,,,0.0,0.0,0.0,2021-07-28,2021-07-29,2021-07-23,2021-07-28,,,,
604527,Nitish Rana,1993-12-27,32y 189d,India,Middle order Batter,Left hand Bat,"Right arm Medium, Right arm Offbreak, Legbreak",2021 - 2021,2020/21,IPL 2020/21,KKR,14,14.0,0.0,352.0,87.0,25.14,254.0,138.58,0.0,3.0,43.0,12.0,2,0,0.0,11.5,12.0,,,,,0.0,0.0,0.0,2021-07-28,2021-07-29,2021-07-23,2021-07-28,,,,
604527,Nitish Rana,1993-12-27,32y 189d,India,Middle order Batter,Left hand Bat,"Right arm Medium, Right arm Offbreak, Legbreak",2021 - 2021,2019,IPL 2019,KKR,14,11.0,1.0,344.0,85.0,34.4,235.0,146.38,0.0,3.0,27.0,21.0,3,0,3.0,9.0,48.0,1/8,1/8,24.0,16.0,0.0,0.0,0.0,2021-07-28,2021-07-29,2021-07-23,2021-07-28,1.0,8.0,1.0,8.0
604527,Nitish Rana,1993-12-27,32y 189d,India,Middle order Batter,Left hand Bat,"Right arm Medium, Right arm Offbreak, Legbreak",2021 - 2021,2018,IPL 2018,KKR,15,15.0,2.0,304.0,59.0,23.38,232.0,131.03,0.0,1.0,26.0,14.0,2,0,4.0,7.13,37.0,2/11,2/11,11.0,9.2,0.0,0.0,0.0,2021-07-28,2021-07-29,2021-07-23,2021-07-28,2.0,11.0,2.0,11.0
604527,Nitish Rana,1993-12-27,32y 189d,India,Middle order Batter,Left hand Bat,"Right arm Medium, Right arm Offbreak, Legbreak",2021 - 2021,2017,IPL 2017,MI,13,12.0,1.0,333.0,62.0,30.27,264.0,126.13,0.0,3.0,24.0,17.0,4,0,,,,,,,,,,,2021-07-28,2021-07-29,2021-07-23,2021-07-28,,,,
604527,Nitish Rana,1993-12-27,32y 189d,India,Middle order Batter,Left hand Bat,"Right arm Medium, Right arm Offbreak, Legbreak",2021 - 2021,2016,IPL 2016,MI,4,3.0,0.0,104.0,70.0,34.66,75.0,138.66,0.0,1.0,7.0,8.0,0,0,0.0,3.0,6.0,,,,,0.0,0.0,0.0,2021-07-28,2021-07-29,2021-07-23,2021-07-28,,,,
489889,Patrick James Cummins,1993-05-08,33y 57d,Australia,Bowler,Right hand Bat,Right arm Fast,2011 - 2025,2026,IPL 2026,SRH,8,3.0,0.0,30.0,19.0,10.0,19.0,157.89,0.0,0.0,1.0,3.0,2,0,8.0,9.59,192.0,3/28,3/28,38.37,24.0,0.0,0.0,0.0,2011-10-13,2024-06-24,2011-10-19,2024-11-08,3.0,28.0,3.0,28.0
489889,Patrick James Cummins,1993-05-08,33y 57d,Australia,Bowler,Right hand Bat,Right arm Fast,2011 - 2025,2025,IPL 2025,SRH,14,9.0,5.0,97.0,22.0,24.25,58.0,167.24,0.0,0.0,6.0,7.0,5,0,16.0,9.06,298.0,3/19,3/19,28.12,18.6,0.0,0.0,0.0,2011-10-13,2024-06-24,2011-10-19,2024-11-08,3.0,19.0,3.0,19.0
489889,Patrick James Cummins,1993-05-08,33y 57d,Australia,Bowler,Right hand Bat,Right arm Fast,2011 - 2025,2024,IPL 2024,SRH,16,10.0,4.0,136.0,35.0,22.66,95.0,143.15,0.0,0.0,9.0,8.0,7,0,18.0,9.27,366.0,3/43,3/43,31.44,20.3,0.0,0.0,0.0,2011-10-13,2024-06-24,2011-10-19,2024-11-08,3.0,43.0,3.0,43.0
489889,Patrick James Cummins,1993-05-08,33y 57d,Australia,Bowler,Right hand Bat,Right arm Fast,2011 - 2025,2022,IPL 2022,KKR,5,5.0,1.0,63.0,56.0,15.75,24.0,262.5,0.0,1.0,5.0,6.0,1,0,7.0,10.68,119.0,3/22,3/22,30.28,17.0,0.0,0.0,0.0,2011-10-13,2024-06-24,2011-10-19,2024-11-08,3.0,22.0,3.0,22.0
489889,Patrick James Cummins,1993-05-08,33y 57d,Australia,Bowler,Right hand Bat,Right arm Fast,2011 - 2025,2021,IPL 2021,KKR,7,5.0,2.0,93.0,66.0,31.0,56.0,166.07,0.0,1.0,5.0,8.0,2,0,9.0,8.83,161.0,3/24,3/24,26.33,17.8,0.0,0.0,0.0,2011-10-13,2024-06-24,2011-10-19,2024-11-08,3.0,24.0,3.0,24.0
489889,Patrick James Cummins,1993-05-08,33y 57d,Australia,Bowler,Right hand Bat,Right arm Fast,2011 - 2025,2020/21,IPL 2020/21,KKR,14,11.0,4.0,146.0,53.0,20.85,114.0,128.07,0.0,1.0,9.0,8.0,3,0,12.0,7.86,312.0,4/34,4/34,34.08,26.0,1.0,0.0,0.0,2011-10-13,2024-06-24,2011-10-19,2024-11-08,4.0,34.0,4.0,34.0
489889,Patrick James Cummins,1993-05-08,33y 57d,Australia,Bowler,Right hand Bat,Right arm Fast,2011 - 2025,2017,IPL 2017,DC,12,9.0,4.0,77.0,24.0,15.4,53.0,145.28,0.0,0.0,5.0,4.0,1,0,15.0,8.07,277.0,2/20,2/20,24.86,18.4,0.0,0.0,0.0,2011-10-13,2024-06-24,2011-10-19,2024-11-08,2.0,20.0,2.0,20.0
489889,Patrick James Cummins,1993-05-08,33y 57d,Australia,Bowler,Right hand Bat,Right arm Fast,2011 - 2025,2015,IPL 2015,KKR,3,1.0,0.0,0.0,0.0,0.0,2.0,0.0,0.0,0.0,0.0,0.0,1,0,1.0,9.7,60.0,1/54,1/54,97.0,60.0,0.0,0.0,0.0,2011-10-13,2024-06-24,2011-10-19,2024-11-08,1.0,54.0,1.0,54.0
489889,Patrick James Cummins,1993-05-08,33y 57d,Australia,Bowler,Right hand Bat,Right arm Fast,2011 - 2025,2014,IPL 2014,KKR,1,,,,,,,,,,,,0,0,1.0,7.25,24.0,1/29,1/29,29.0,24.0,0.0,0.0,0.0,2011-10-13,2024-06-24,2011-10-19,2024-11-08,1.0,29.0,1.0,29.0
1028655,Pathum Nissanka Silva,1998-05-18,28y 47d,Sri Lanka,Top order Batter,Right hand Bat,,2021 - 2026,2026,IPL 2026,DC,10,10.0,0.0,278.0,62.0,27.8,175.0,158.85,0.0,2.0,33.0,12.0,2,0,,,,,,,,,,,2021-03-03,2026-06-14,2021-03-10,2026-06-06,,,,
10772,Paul David Collingwood,1976-05-26,50y 39d,England,Allrounder,Right hand Bat,Right arm Medium,2001 - 2017,2009/10,IPL 2009/10,DC,8,7.0,2.0,203.0,75.0,40.6,156.0,130.12,0.0,3.0,9.0,13.0,4,0,5.0,6.8,89.0,2/19,2/19,20.2,17.8,0.0,0.0,0.0,2005-06-13,2017-09-13,2001-06-07,2011-03-11,2.0,19.0,2.0,19.0
669365,Philip Dean Salt,1996-08-28,29y 310d,England,Wicketkeeper Batter,Right hand Bat,Right arm Offbreak,2021 - 2026,2026,IPL 2026,RCB,6,6.0,0.0,202.0,78.0,33.66,120.0,168.33,0.0,2.0,16.0,11.0,6,0,,,,,,,,,,,2022-01-26,2026-07-01,2021-07-08,2025-03-01,,,,
669365,Philip Dean Salt,1996-08-28,29y 310d,England,Wicketkeeper Batter,Right hand Bat,Right arm Offbreak,2021 - 2026,2025,IPL 2025,RCB,13,13.0,1.0,403.0,65.0,33.58,229.0,175.98,0.0,4.0,48.0,22.0,9,0,,,,,,,,,,,2022-01-26,2026-07-01,2021-07-08,2025-03-01,,,,
669365,Philip Dean Salt,1996-08-28,29y 310d,England,Wicketkeeper Batter,Right hand Bat,Right arm Offbreak,2021 - 2026,2024,IPL 2024,KKR,12,12.0,1.0,435.0,89.0,39.54,239.0,182.0,0.0,4.0,50.0,24.0,12,0,,,,,,,,,,,2022-01-26,2026-07-01,2021-07-08,2025-03-01,,,,
669365,Philip Dean Salt,1996-08-28,29y 310d,England,Wicketkeeper Batter,Right hand Bat,Right arm Offbreak,2021 - 2026,2023,IPL 2023,DC,9,9.0,1.0,218.0,87.0,27.25,133.0,163.9,0.0,2.0,24.0,10.0,5,0,,,,,,,,,,,2022-01-26,2026-07-01,2021-07-08,2025-03-01,,,,
279545,Pradeep Jaibeer Sangwan,1990-11-05,35y 241d,India,Bowler,Right hand Bat,Left arm Medium,,2022,IPL 2022,GT,3,1.0,0.0,2.0,2.0,2.0,5.0,40.0,0.0,0.0,0.0,0.0,1,0,3.0,7.22,54.0,2/19,2/19,21.66,18.0,0.0,0.0,0.0,,,,,2.0,19.0,2.0,19.0
279545,Pradeep Jaibeer Sangwan,1990-11-05,35y 241d,India,Bowler,Right hand Bat,Left arm Medium,,2018,IPL 2018,MI,1,1.0,0.0,0.0,0.0,0.0,4.0,0.0,0.0,0.0,0.0,0.0,0,0,0.0,9.5,12.0,,,,,0.0,0.0,0.0,,,,,,,,
279545,Pradeep Jaibeer Sangwan,1990-11-05,35y 241d,India,Bowler,Right hand Bat,Left arm Medium,,2017,IPL 2017,GL,5,3.0,1.0,2.0,1.0,1.0,4.0,50.0,0.0,0.0,0.0,0.0,0,0,5.0,10.05,108.0,2/38,2/38,36.2,21.6,0.0,0.0,0.0,,,,,2.0,38.0,2.0,38.0
279545,Pradeep Jaibeer Sangwan,1990-11-05,35y 241d,India,Bowler,Right hand Bat,Left arm Medium,,2016,IPL 2016,GL,2,,,,,,,,,,,,1,0,0.0,12.25,24.0,,,,,0.0,0.0,0.0,,,,,,,,
279545,Pradeep Jaibeer Sangwan,1990-11-05,35y 241d,India,Bowler,Right hand Bat,Left arm Medium,,2013,IPL 2013,KKR,2,1.0,1.0,4.0,4.0,,2.0,200.0,0.0,0.0,1.0,0.0,0,0,0.0,12.75,24.0,,,,,0.0,0.0,0.0,,,,,,,,
279545,Pradeep Jaibeer Sangwan,1990-11-05,35y 241d,India,Bowler,Right hand Bat,Left arm Medium,,2012,IPL 2012,KKR,1,,,,,,,,,,,,0,0,1.0,10.5,24.0,1/42,1/42,42.0,24.0,0.0,0.0,0.0,,,,,1.0,42.0,1.0,42.0
279545,Pradeep Jaibeer Sangwan,1990-11-05,35y 241d,India,Bowler,Right hand Bat,Left arm Medium,,2009/10,IPL 2009/10,DC,8,2.0,1.0,10.0,6.0,10.0,14.0,71.42,0.0,0.0,0.0,0.0,1,0,9.0,8.32,186.0,3/22,3/22,28.66,20.6,0.0,0.0,0.0,,,,,3.0,22.0,3.0,22.0
279545,Pradeep Jaibeer Sangwan,1990-11-05,35y 241d,India,Bowler,Right hand Bat,Left arm Medium,,2009,IPL 2009,DC,13,5.0,4.0,6.0,5.0,6.0,10.0,60.0,0.0,0.0,0.0,0.0,3,0,15.0,7.71,280.0,3/18,3/18,24.0,18.6,0.0,0.0,0.0,,,,,3.0,18.0,3.0,18.0
279545,Pradeep Jaibeer Sangwan,1990-11-05,35y 241d,India,Bowler,Right hand Bat,Left arm Medium,,2007/08,IPL 2007/08,DC,7,2.0,0.0,2.0,2.0,1.0,5.0,40.0,0.0,0.0,0.0,0.0,1,0,5.0,8.95,144.0,2/29,2/29,43.0,28.8,0.0,0.0,0.0,,,,,2.0,29.0,2.0,29.0
777515,Praveen Dubey,1993-07-01,33y 3d,India,Bowler,Right hand Bat,Legbreak Googly,,2025,IPL 2025,PBKS,1,,,,,,,,,,,,0,0,1.0,10.0,12.0,1/20,1/20,20.0,12.0,0.0,0.0,0.0,,,,,1.0,20.0,1.0,20.0
777515,Praveen Dubey,1993-07-01,33y 3d,India,Bowler,Right hand Bat,Legbreak Googly,,2023,IPL 2023,DC,1,1.0,0.0,16.0,16.0,16.0,20.0,80.0,0.0,0.0,2.0,0.0,0,0,1.0,6.33,18.0,1/19,1/19,19.0,18.0,0.0,0.0,0.0,,,,,1.0,19.0,1.0,19.0
777515,Praveen Dubey,1993-07-01,33y 3d,India,Bowler,Right hand Bat,Legbreak Googly,,2020/21,IPL 2020/21,DC,3,1.0,1.0,7.0,7.0,,13.0,53.84,0.0,0.0,0.0,0.0,1,0,0.0,9.0,48.0,,,,,0.0,0.0,0.0,,,,,,,,
1070168,Prithvi Pankaj Shaw,1999-11-09,26y 237d,India,Opening Batter,Right hand Bat,Right arm Offbreak,2018 - 2021,2024,IPL 2024,DC,8,8.0,0.0,198.0,66.0,24.75,121.0,163.63,0.0,1.0,30.0,5.0,2,0,,,,,,,,,,,2018-10-04,2020-12-17,2020-02-05,2021-07-23,,,,
1070168,Prithvi Pankaj Shaw,1999-11-09,26y 237d,India,Opening Batter,Right hand Bat,Right arm Offbreak,2018 - 2021,2023,IPL 2023,DC,8,8.0,0.0,106.0,54.0,13.25,85.0,124.7,0.0,1.0,16.0,1.0,1,0,,,,,,,,,,,2018-10-04,2020-12-17,2020-02-05,2021-07-23,,,,
1070168,Prithvi Pankaj Shaw,1999-11-09,26y 237d,India,Opening Batter,Right hand Bat,Right arm Offbreak,2018 - 2021,2022,IPL 2022,DC,10,10.0,0.0,283.0,61.0,28.3,185.0,152.97,0.0,2.0,37.0,10.0,4,0,,,,,,,,,,,2018-10-04,2020-12-17,2020-02-05,2021-07-23,,,,
1070168,Prithvi Pankaj Shaw,1999-11-09,26y 237d,India,Opening Batter,Right hand Bat,Right arm Offbreak,2018 - 2021,2021,IPL 2021,DC,15,15.0,0.0,479.0,82.0,31.93,301.0,159.13,0.0,4.0,56.0,18.0,1,0,,,,,,,,,,,2018-10-04,2020-12-17,2020-02-05,2021-07-23,,,,
1070168,Prithvi Pankaj Shaw,1999-11-09,26y 237d,India,Opening Batter,Right hand Bat,Right arm Offbreak,2018 - 2021,2020/21,IPL 2020/21,DC,13,13.0,0.0,228.0,66.0,17.53,167.0,136.52,0.0,2.0,27.0,8.0,4,0,,,,,,,,,,,2018-10-04,2020-12-17,2020-02-05,2021-07-23,,,,
1070168,Prithvi Pankaj Shaw,1999-11-09,26y 237d,India,Opening Batter,Right hand Bat,Right arm Offbreak,2018 - 2021,2019,IPL 2019,DC,16,16.0,0.0,353.0,99.0,22.06,264.0,133.71,0.0,2.0,45.0,9.0,2,0,,,,,,,,,,,2018-10-04,2020-12-17,2020-02-05,2021-07-23,,,,
1070168,Prithvi Pankaj Shaw,1999-11-09,26y 237d,India,Opening Batter,Right hand Bat,Right arm Offbreak,2018 - 2021,2018,IPL 2018,DC,9,9.0,0.0,245.0,65.0,27.22,160.0,153.12,0.0,2.0,27.0,10.0,4,0,,,,,,,,,,,2018-10-04,2020-12-17,2020-02-05,2021-07-23,,,,
1070180,Priyam K Garg,2000-11-30,25y 216d,India,Top order Batter,Right hand Bat,Right arm Medium,,2023,IPL 2023,DC,2,2.0,0.0,22.0,12.0,11.0,23.0,95.65,0.0,0.0,1.0,0.0,0,0,,,,,,,,,,,,,,,,,,
1070180,Priyam K Garg,2000-11-30,25y 216d,India,Top order Batter,Right hand Bat,Right arm Medium,,2022,IPL 2022,SRH,2,2.0,0.0,46.0,42.0,23.0,33.0,139.39,0.0,0.0,4.0,2.0,3,0,,,,,,,,,,,,,,,,,,
1070180,Priyam K Garg,2000-11-30,25y 216d,India,Top order Batter,Right hand Bat,Right arm Medium,,2021,IPL 2021,SRH,5,5.0,0.0,72.0,29.0,14.4,74.0,97.29,0.0,0.0,2.0,3.0,0,0,,,,,,,,,,,,,,,,,,
1070180,Priyam K Garg,2000-11-30,25y 216d,India,Top order Batter,Right hand Bat,Right arm Medium,,2020/21,IPL 2020/21,SRH,14,10.0,1.0,133.0,51.0,14.77,111.0,119.81,0.0,1.0,9.0,4.0,6,0,,,,,,,,,,,,,,,,,,
379143,Quinton de Kock,1992-12-17,33y 199d,South Africa,Wicketkeeper Batter,Left hand Bat,,2012 - 2026,2026,IPL 2026,MI,3,3.0,1.0,132.0,112.0,66.0,81.0,162.96,1.0,0.0,9.0,9.0,2,1,,,,,,,,,,,2012-12-21,2026-03-04,2013-01-19,2025-12-06,,,,
379143,Quinton de Kock,1992-12-17,33y 199d,South Africa,Wicketkeeper Batter,Left hand Bat,,2012 - 2026,2025,IPL 2025,KKR,8,8.0,1.0,152.0,97.0,21.71,117.0,129.91,0.0,1.0,9.0,11.0,3,0,,,,,,,,,,,2012-12-21,2026-03-04,2013-01-19,2025-12-06,,,,
379143,Quinton de Kock,1992-12-17,33y 199d,South Africa,Wicketkeeper Batter,Left hand Bat,,2012 - 2026,2024,IPL 2024,LSG,11,11.0,0.0,250.0,81.0,22.72,186.0,134.4,0.0,3.0,29.0,9.0,3,0,,,,,,,,,,,2012-12-21,2026-03-04,2013-01-19,2025-12-06,,,,
379143,Quinton de Kock,1992-12-17,33y 199d,South Africa,Wicketkeeper Batter,Left hand Bat,,2012 - 2026,2023,IPL 2023,LSG,4,4.0,0.0,143.0,70.0,35.75,102.0,140.19,0.0,1.0,10.0,8.0,2,1,,,,,,,,,,,2012-12-21,2026-03-04,2013-01-19,2025-12-06,,,,
379143,Quinton de Kock,1992-12-17,33y 199d,South Africa,Wicketkeeper Batter,Left hand Bat,,2012 - 2026,2022,IPL 2022,LSG,15,15.0,1.0,508.0,140.0,36.28,341.0,148.97,1.0,3.0,47.0,23.0,12,1,,,,,,,,,,,2012-12-21,2026-03-04,2013-01-19,2025-12-06,,,,
379143,Quinton de Kock,1992-12-17,33y 199d,South Africa,Wicketkeeper Batter,Left hand Bat,,2012 - 2026,2021,IPL 2021,MI,11,11.0,1.0,297.0,70.0,29.7,256.0,116.01,0.0,2.0,29.0,7.0,4,2,,,,,,,,,,,2012-12-21,2026-03-04,2013-01-19,2025-12-06,,,,
379143,Quinton de Kock,1992-12-17,33y 199d,South Africa,Wicketkeeper Batter,Left hand Bat,,2012 - 2026,2020/21,IPL 2020/21,MI,16,16.0,2.0,503.0,78.0,35.92,358.0,140.5,0.0,4.0,46.0,22.0,18,4,,,,,,,,,,,2012-12-21,2026-03-04,2013-01-19,2025-12-06,,,,
379143,Quinton de Kock,1992-12-17,33y 199d,South Africa,Wicketkeeper Batter,Left hand Bat,,2012 - 2026,2019,IPL 2019,MI,16,16.0,1.0,529.0,81.0,35.26,398.0,132.91,0.0,4.0,45.0,25.0,17,2,,,,,,,,,,,2012-12-21,2026-03-04,2013-01-19,2025-12-06,,,,
379143,Quinton de Kock,1992-12-17,33y 199d,South Africa,Wicketkeeper Batter,Left hand Bat,,2012 - 2026,2018,IPL 2018,RCB,8,8.0,0.0,201.0,53.0,25.12,162.0,124.07,0.0,1.0,20.0,8.0,7,3,,,,,,,,,,,2012-12-21,2026-03-04,2013-01-19,2025-12-06,,,,
379143,Quinton de Kock,1992-12-17,33y 199d,South Africa,Wicketkeeper Batter,Left hand Bat,,2012 - 2026,2016,IPL 2016,DC,13,13.0,1.0,445.0,108.0,37.08,327.0,136.08,1.0,3.0,52.0,13.0,2,2,,,,,,,,,,,2012-12-21,2026-03-04,2013-01-19,2025-12-06,,,,
379143,Quinton de Kock,1992-12-17,33y 199d,South Africa,Wicketkeeper Batter,Left hand Bat,,2012 - 2026,2015,IPL 2015,DC,3,3.0,0.0,122.0,69.0,40.66,77.0,158.44,0.0,2.0,18.0,4.0,0,0,,,,,,,,,,,2012-12-21,2026-03-04,2013-01-19,2025-12-06,,,,
379143,Quinton de Kock,1992-12-17,33y 199d,South Africa,Wicketkeeper Batter,Left hand Bat,,2012 - 2026,2014,IPL 2014,DC,7,7.0,0.0,153.0,48.0,21.85,130.0,117.69,0.0,0.0,19.0,4.0,2,0,,,,,,,,,,,2012-12-21,2026-03-04,2013-01-19,2025-12-06,,,,
379143,Quinton de Kock,1992-12-17,33y 199d,South Africa,Wicketkeeper Batter,Left hand Bat,,2012 - 2026,2013,IPL 2013,SRH,3,3.0,0.0,6.0,4.0,2.0,15.0,40.0,0.0,0.0,1.0,0.0,3,1,,,,,,,,,,,2012-12-21,2026-03-04,2013-01-19,2025-12-06,,,,
272994,Rahul Sharma,1986-11-30,39y 216d,India,Bowler,Right hand Bat,Legbreak Googly,2011 - 2012,2014,IPL 2014,DC,2,,,,,,,,,,,,0,0,1.0,10.83,36.0,1/33,1/33,65.0,36.0,0.0,0.0,0.0,2012-02-01,2012-02-03,2011-12-08,2012-07-28,1.0,33.0,1.0,33.0
272994,Rahul Sharma,1986-11-30,39y 216d,India,Bowler,Right hand Bat,Legbreak Googly,2011 - 2012,2013,IPL 2013,PWI,11,6.0,2.0,11.0,10.0,2.75,17.0,64.7,0.0,0.0,1.0,0.0,2,0,9.0,6.85,246.0,2/16,2/16,31.22,27.3,0.0,0.0,0.0,2012-02-01,2012-02-03,2011-12-08,2012-07-28,2.0,16.0,2.0,16.0
272994,Rahul Sharma,1986-11-30,39y 216d,India,Bowler,Right hand Bat,Legbreak Googly,2011 - 2012,2012,IPL 2012,PWI,11,5.0,1.0,2.0,2.0,0.5,11.0,18.18,0.0,0.0,0.0,0.0,2,0,9.0,8.1,222.0,2/16,2/16,33.33,24.6,0.0,0.0,0.0,2012-02-01,2012-02-03,2011-12-08,2012-07-28,2.0,16.0,2.0,16.0
272994,Rahul Sharma,1986-11-30,39y 216d,India,Bowler,Right hand Bat,Legbreak Googly,2011 - 2012,2011,IPL 2011,PWI,14,5.0,2.0,24.0,13.0,8.0,21.0,114.28,0.0,0.0,1.0,2.0,7,0,16.0,5.46,300.0,3/13,3/13,17.06,18.7,0.0,0.0,0.0,2012-02-01,2012-02-03,2011-12-08,2012-07-28,3.0,13.0,3.0,13.0
272994,Rahul Sharma,1986-11-30,39y 216d,India,Bowler,Right hand Bat,Legbreak Googly,2011 - 2012,2009/10,IPL 2009/10,DCH,6,4.0,1.0,29.0,14.0,9.66,26.0,111.53,0.0,0.0,3.0,1.0,1,0,5.0,8.08,124.0,2/42,2/42,33.4,24.8,0.0,0.0,0.0,2012-02-01,2012-02-03,2011-12-08,2012-07-28,2.0,42.0,2.0,42.0
390547,Rahul Shukla,1990-08-28,35y 310d,India,Bowler,Right hand Bat,Right arm Medium,,2014,IPL 2014,DC,3,3.0,2.0,18.0,14.0,18.0,21.0,85.71,0.0,0.0,2.0,0.0,1,0,2.0,10.88,54.0,1/13,1/13,49.0,27.0,0.0,0.0,0.0,,,,,1.0,13.0,1.0,13.0
390547,Rahul Shukla,1990-08-28,35y 310d,India,Bowler,Right hand Bat,Right arm Medium,,2013,IPL 2013,RR,3,1.0,1.0,1.0,1.0,,2.0,50.0,0.0,0.0,0.0,0.0,2,0,3.0,9.87,48.0,2/28,2/28,26.33,16.0,0.0,0.0,0.0,,,,,2.0,28.0,2.0,28.0
390547,Rahul Shukla,1990-08-28,35y 310d,India,Bowler,Right hand Bat,Right arm Medium,,2012,IPL 2012,MI,1,,,,,,,,,,,,0,0,0.0,10.33,18.0,,,,,0.0,0.0,0.0,,,,,,,,
423838,Rahul Tewatia,1993-05-20,33y 45d,India,Bowling Allrounder,Left hand Bat,Legbreak,,2026,IPL 2026,GT,16,15.0,8.0,190.0,68.0,27.14,132.0,143.93,0.0,1.0,20.0,8.0,2,0,,,,,,,,,,,,,,,,,,
423838,Rahul Tewatia,1993-05-20,33y 45d,India,Bowling Allrounder,Left hand Bat,Legbreak,,2025,IPL 2025,GT,15,12.0,4.0,99.0,24.0,12.37,59.0,167.79,0.0,0.0,6.0,7.0,4,0,,,,,,,,,,,,,,,,,,
423838,Rahul Tewatia,1993-05-20,33y 45d,India,Bowling Allrounder,Left hand Bat,Legbreak,,2024,IPL 2024,GT,12,9.0,2.0,188.0,36.0,26.85,129.0,145.73,0.0,0.0,24.0,5.0,6,0,,,,,,,,,,,,,,,,,,
423838,Rahul Tewatia,1993-05-20,33y 45d,India,Bowling Allrounder,Left hand Bat,Legbreak,,2023,IPL 2023,GT,17,10.0,6.0,87.0,20.0,21.75,57.0,152.63,0.0,0.0,3.0,7.0,8,0,0.0,6.92,13.0,,,,,0.0,0.0,0.0,,,,,,,,
423838,Rahul Tewatia,1993-05-20,33y 45d,India,Bowling Allrounder,Left hand Bat,Legbreak,,2022,IPL 2022,GT,16,12.0,5.0,217.0,43.0,31.0,147.0,147.61,0.0,0.0,22.0,9.0,5,0,0.0,12.66,36.0,,,,,0.0,0.0,0.0,,,,,,,,
423838,Rahul Tewatia,1993-05-20,33y 45d,India,Bowling Allrounder,Left hand Bat,Legbreak,,2021,IPL 2021,RR,14,11.0,1.0,155.0,44.0,15.5,147.0,105.44,0.0,0.0,11.0,6.0,2,0,8.0,9.18,222.0,3/39,3/39,42.5,27.7,0.0,0.0,0.0,,,,,3.0,39.0,3.0,39.0
423838,Rahul Tewatia,1993-05-20,33y 45d,India,Bowling Allrounder,Left hand Bat,Legbreak,,2020/21,IPL 2020/21,RR,14,11.0,5.0,255.0,53.0,42.5,183.0,139.34,0.0,1.0,13.0,17.0,9,0,10.0,7.08,276.0,3/25,3/25,32.6,27.6,0.0,0.0,0.0,,,,,3.0,25.0,3.0,25.0
423838,Rahul Tewatia,1993-05-20,33y 45d,India,Bowling Allrounder,Left hand Bat,Legbreak,,2019,IPL 2019,DC,5,4.0,3.0,26.0,11.0,26.0,22.0,118.18,0.0,0.0,2.0,1.0,6,0,2.0,6.63,38.0,1/10,1/10,21.0,19.0,0.0,0.0,0.0,,,,,1.0,10.0,1.0,10.0
423838,Rahul Tewatia,1993-05-20,33y 45d,India,Bowling Allrounder,Left hand Bat,Legbreak,,2018,IPL 2018,DC,8,5.0,2.0,50.0,24.0,16.66,43.0,116.27,0.0,0.0,5.0,1.0,2,0,6.0,7.86,132.0,3/18,3/18,28.83,22.0,0.0,0.0,0.0,,,,,3.0,18.0,3.0,18.0
423838,Rahul Tewatia,1993-05-20,33y 45d,India,Bowling Allrounder,Left hand Bat,Legbreak,,2017,IPL 2017,PBKS,3,2.0,1.0,19.0,15.0,19.0,11.0,172.72,0.0,0.0,4.0,0.0,0,0,3.0,5.44,54.0,2/18,2/18,16.33,18.0,0.0,0.0,0.0,,,,,2.0,18.0,2.0,18.0
423838,Rahul Tewatia,1993-05-20,33y 45d,India,Bowling Allrounder,Left hand Bat,Legbreak,,2015,IPL 2015,RR,1,,,,,,,,,,,,0,0,1.0,10.33,18.0,1/31,1/31,31.0,18.0,0.0,0.0,0.0,,,,,1.0,31.0,1.0,31.0
423838,Rahul Tewatia,1993-05-20,33y 45d,India,Bowling Allrounder,Left hand Bat,Legbreak,,2014,IPL 2014,RR,3,1.0,0.0,16.0,16.0,16.0,13.0,123.07,0.0,0.0,0.0,1.0,0,0,2.0,6.55,54.0,1/17,1/17,29.5,27.0,0.0,0.0,0.0,,,,,1.0,17.0,1.0,17.0
26907,Rajat Bhatia,1979-10-22,46y 255d,India,Allrounder,Right hand Bat,Right arm Medium fast,,2017,IPL 2017,RPS,3,2.0,1.0,16.0,16.0,16.0,17.0,94.11,0.0,0.0,0.0,1.0,2,0,2.0,7.85,42.0,2/14,2/14,27.5,21.0,0.0,0.0,0.0,,,,,2.0,14.0,2.0,14.0
26907,Rajat Bhatia,1979-10-22,46y 255d,India,Allrounder,Right hand Bat,Right arm Medium fast,,2016,IPL 2016,RPS,10,6.0,5.0,34.0,21.0,34.0,20.0,170.0,0.0,0.0,1.0,2.0,2,0,6.0,7.17,204.0,2/19,2/19,40.66,34.0,0.0,0.0,0.0,,,,,2.0,19.0,2.0,19.0
26907,Rajat Bhatia,1979-10-22,46y 255d,India,Allrounder,Right hand Bat,Right arm Medium fast,,2015,IPL 2015,RR,2,1.0,0.0,0.0,0.0,0.0,1.0,0.0,0.0,0.0,0.0,0.0,0,0,0.0,9.2,30.0,,,,,0.0,0.0,0.0,,,,,,,,
26907,Rajat Bhatia,1979-10-22,46y 255d,India,Allrounder,Right hand Bat,Right arm Medium fast,,2014,IPL 2014,RR,12,7.0,2.0,67.0,23.0,13.4,53.0,126.41,0.0,0.0,4.0,3.0,5,0,12.0,7.44,228.0,3/23,3/23,23.58,19.0,0.0,0.0,0.0,,,,,3.0,23.0,3.0,23.0
26907,Rajat Bhatia,1979-10-22,46y 255d,India,Allrounder,Right hand Bat,Right arm Medium fast,,2013,IPL 2013,KKR,15,10.0,4.0,99.0,26.0,16.5,80.0,123.75,0.0,0.0,8.0,3.0,0,0,11.0,7.57,263.0,2/23,2/23,30.18,23.9,0.0,0.0,0.0,,,,,2.0,23.0,2.0,23.0
26907,Rajat Bhatia,1979-10-22,46y 255d,India,Allrounder,Right hand Bat,Right arm Medium fast,,2012,IPL 2012,KKR,17,6.0,3.0,35.0,12.0,11.66,28.0,125.0,0.0,0.0,4.0,0.0,6,0,13.0,7.31,319.0,2/14,2/14,29.92,24.5,0.0,0.0,0.0,,,,,2.0,14.0,2.0,14.0
26907,Rajat Bhatia,1979-10-22,46y 255d,India,Allrounder,Right hand Bat,Right arm Medium fast,,2011,IPL 2011,KKR,14,6.0,3.0,25.0,11.0,8.33,22.0,113.63,0.0,0.0,3.0,0.0,4,0,8.0,6.56,192.0,3/22,3/22,26.25,24.0,0.0,0.0,0.0,,,,,3.0,22.0,3.0,22.0
26907,Rajat Bhatia,1979-10-22,46y 255d,India,Allrounder,Right hand Bat,Right arm Medium fast,,2009/10,IPL 2009/10,DC,5,3.0,0.0,24.0,21.0,8.0,17.0,141.17,0.0,0.0,1.0,2.0,1,0,3.0,8.25,96.0,1/24,1/24,44.0,32.0,0.0,0.0,0.0,,,,,1.0,24.0,1.0,24.0
26907,Rajat Bhatia,1979-10-22,46y 255d,India,Allrounder,Right hand Bat,Right arm Medium fast,,2009,IPL 2009,DC,8,5.0,0.0,8.0,4.0,1.6,18.0,44.44,0.0,0.0,1.0,0.0,4,0,10.0,6.73,130.0,4/15,4/15,14.6,13.0,1.0,0.0,0.0,,,,,4.0,15.0,4.0,15.0
26907,Rajat Bhatia,1979-10-22,46y 255d,India,Allrounder,Right hand Bat,Right arm Medium fast,,2007/08,IPL 2007/08,DC,9,3.0,1.0,34.0,17.0,17.0,28.0,121.42,0.0,0.0,2.0,2.0,1,0,6.0,8.31,132.0,2/17,2/17,30.5,22.0,0.0,0.0,0.0,,,,,2.0,17.0,2.0,17.0
1161489,Rasikh Salam Dar,2000-04-05,26y 90d,India,Bowler,Right hand Bat,Right arm Fast medium,,2026,IPL 2026,RCB,12,2.0,2.0,3.0,3.0,,2.0,150.0,0.0,0.0,0.0,0.0,3,0,19.0,9.45,257.0,4/24,4/24,21.31,13.5,1.0,0.0,0.0,,,,,4.0,24.0,4.0,24.0
1161489,Rasikh Salam Dar,2000-04-05,26y 90d,India,Bowler,Right hand Bat,Right arm Fast medium,,2025,IPL 2025,RCB,2,,,,,,,,,,,,1,0,1.0,11.66,36.0,1/35,1/35,70.0,36.0,0.0,0.0,0.0,,,,,1.0,35.0,1.0,35.0
1161489,Rasikh Salam Dar,2000-04-05,26y 90d,India,Bowler,Right hand Bat,Right arm Fast medium,,2024,IPL 2024,DC,8,4.0,0.0,28.0,10.0,7.0,30.0,93.33,0.0,0.0,4.0,0.0,1,0,9.0,10.97,147.0,3/34,3/34,29.88,16.3,0.0,0.0,0.0,,,,,3.0,34.0,3.0,34.0
1161489,Rasikh Salam Dar,2000-04-05,26y 90d,India,Bowler,Right hand Bat,Right arm Fast medium,,2022,IPL 2022,KKR,2,1.0,0.0,7.0,7.0,7.0,6.0,116.66,0.0,0.0,1.0,0.0,0,0,0.0,7.0,24.0,,,,,0.0,0.0,0.0,,,,,,,,
1161489,Rasikh Salam Dar,2000-04-05,26y 90d,India,Bowler,Right hand Bat,Right arm Fast medium,,2019,IPL 2019,MI,1,1.0,1.0,5.0,5.0,,4.0,125.0,0.0,0.0,0.0,0.0,1,0,0.0,10.5,24.0,,,,,0.0,0.0,0.0,,,,,,,,
642531,Ricky Kannakumar Bhui,1996-09-29,29y 278d,India,Top order Batter,Right hand Bat,Legbreak Googly,,2024,IPL 2024,DC,2,2.0,0.0,3.0,3.0,1.5,9.0,33.33,0.0,0.0,0.0,0.0,0,0,,,,,,,,,,,,,,,,,,
642531,Ricky Kannakumar Bhui,1996-09-29,29y 278d,India,Top order Batter,Right hand Bat,Legbreak Googly,,2019,IPL 2019,SRH,1,1.0,0.0,7.0,7.0,7.0,12.0,58.33,0.0,0.0,0.0,0.0,0,0,,,,,,,,,,,,,,,,,,
642531,Ricky Kannakumar Bhui,1996-09-29,29y 278d,India,Top order Batter,Right hand Bat,Legbreak Googly,,2018,IPL 2018,SRH,1,1.0,0.0,0.0,0.0,0.0,5.0,0.0,0.0,0.0,0.0,0.0,0,0,,,,,,,,,,,,,,,,,,
318845,Rilee Roscoe Rossouw,1989-10-09,36y 268d,South Africa,Top order Batter,Left hand Bat,Right arm Offbreak,2014 - 2023,2024,IPL 2024,PBKS,8,8.0,0.0,211.0,61.0,26.37,116.0,181.89,0.0,1.0,25.0,11.0,4,0,,,,,,,,,,,2014-11-05,2023-03-28,2014-08-21,2016-10-12,,,,
318845,Rilee Roscoe Rossouw,1989-10-09,36y 268d,South Africa,Top order Batter,Left hand Bat,Right arm Offbreak,2014 - 2023,2023,IPL 2023,DC,9,9.0,2.0,209.0,82.0,29.85,141.0,148.22,0.0,1.0,17.0,11.0,3,0,,,,,,,,,,,2014-11-05,2023-03-28,2014-08-21,2016-10-12,,,,
318845,Rilee Roscoe Rossouw,1989-10-09,36y 268d,South Africa,Top order Batter,Left hand Bat,Right arm Offbreak,2014 - 2023,2015,IPL 2015,RCB,2,2.0,0.0,14.0,14.0,7.0,10.0,140.0,0.0,0.0,1.0,1.0,2,0,,,,,,,,,,,2014-11-05,2023-03-28,2014-08-21,2016-10-12,,,,
318845,Rilee Roscoe Rossouw,1989-10-09,36y 268d,South Africa,Top order Batter,Left hand Bat,Right arm Offbreak,2014 - 2023,2014,IPL 2014,RCB,3,3.0,0.0,39.0,24.0,13.0,41.0,95.12,0.0,0.0,2.0,2.0,0,0,,,,,,,,,,,2014-11-05,2023-03-28,2014-08-21,2016-10-12,,,,
1201520,Ripal Vinubhai Patel,1995-09-28,30y 279d,India,Middle order Batter,Right hand Bat,Right arm Medium fast,,2023,IPL 2023,DC,5,4.0,1.0,49.0,23.0,16.33,43.0,113.95,0.0,0.0,3.0,1.0,1,0,,,,,,,,,,,,,,,,,,
1201520,Ripal Vinubhai Patel,1995-09-28,30y 279d,India,Middle order Batter,Right hand Bat,Right arm Medium fast,,2022,IPL 2022,DC,2,1.0,0.0,6.0,6.0,6.0,3.0,200.0,0.0,0.0,0.0,1.0,1,0,,,,,,,,,,,,,,,,,,
1201520,Ripal Vinubhai Patel,1995-09-28,30y 279d,India,Middle order Batter,Right hand Bat,Right arm Medium fast,,2021,IPL 2021,DC,2,2.0,1.0,25.0,18.0,25.0,27.0,92.59,0.0,0.0,3.0,0.0,0,0,0.0,7.33,18.0,,,,,0.0,0.0,0.0,,,,,,,,
931581,Rishabh Rajendra Pant,1997-10-04,28y 273d,India,Wicketkeeper Batter,Left hand Bat,,2017 - 2026,2026,IPL 2026,LSG,14,13.0,2.0,312.0,68.0,28.36,226.0,138.05,0.0,1.0,30.0,11.0,10,0,,,,,,,,,,,2017-02-01,2024-07-28,2018-10-21,2024-08-07,,,,
931581,Rishabh Rajendra Pant,1997-10-04,28y 273d,India,Wicketkeeper Batter,Left hand Bat,,2017 - 2026,2025,IPL 2025,LSG,14,13.0,2.0,269.0,118.0,24.45,202.0,133.16,1.0,1.0,23.0,16.0,5,1,,,,,,,,,,,2017-02-01,2024-07-28,2018-10-21,2024-08-07,,,,
931581,Rishabh Rajendra Pant,1997-10-04,28y 273d,India,Wicketkeeper Batter,Left hand Bat,,2017 - 2026,2024,IPL 2024,DC,13,13.0,2.0,446.0,88.0,40.54,287.0,155.4,0.0,3.0,36.0,25.0,11,5,,,,,,,,,,,2017-02-01,2024-07-28,2018-10-21,2024-08-07,,,,
931581,Rishabh Rajendra Pant,1997-10-04,28y 273d,India,Wicketkeeper Batter,Left hand Bat,,2017 - 2026,2022,IPL 2022,DC,14,13.0,2.0,340.0,44.0,30.9,224.0,151.78,0.0,0.0,35.0,16.0,8,4,,,,,,,,,,,2017-02-01,2024-07-28,2018-10-21,2024-08-07,,,,
931581,Rishabh Rajendra Pant,1997-10-04,28y 273d,India,Wicketkeeper Batter,Left hand Bat,,2017 - 2026,2021,IPL 2021,DC,16,16.0,4.0,419.0,58.0,34.91,326.0,128.52,0.0,3.0,42.0,10.0,10,3,,,,,,,,,,,2017-02-01,2024-07-28,2018-10-21,2024-08-07,,,,
931581,Rishabh Rajendra Pant,1997-10-04,28y 273d,India,Wicketkeeper Batter,Left hand Bat,,2017 - 2026,2020/21,IPL 2020/21,DC,14,14.0,3.0,343.0,56.0,31.18,301.0,113.95,0.0,1.0,31.0,9.0,13,0,,,,,,,,,,,2017-02-01,2024-07-28,2018-10-21,2024-08-07,,,,
931581,Rishabh Rajendra Pant,1997-10-04,28y 273d,India,Wicketkeeper Batter,Left hand Bat,,2017 - 2026,2019,IPL 2019,DC,16,16.0,3.0,488.0,78.0,37.53,300.0,162.66,0.0,3.0,37.0,27.0,18,6,,,,,,,,,,,2017-02-01,2024-07-28,2018-10-21,2024-08-07,,,,
931581,Rishabh Rajendra Pant,1997-10-04,28y 273d,India,Wicketkeeper Batter,Left hand Bat,,2017 - 2026,2018,IPL 2018,DC,14,14.0,1.0,684.0,128.0,52.61,394.0,173.6,1.0,5.0,68.0,37.0,4,2,,,,,,,,,,,2017-02-01,2024-07-28,2018-10-21,2024-08-07,,,,
931581,Rishabh Rajendra Pant,1997-10-04,28y 273d,India,Wicketkeeper Batter,Left hand Bat,,2017 - 2026,2017,IPL 2017,DC,14,14.0,0.0,366.0,97.0,26.14,221.0,165.61,0.0,2.0,28.0,24.0,8,3,,,,,,,,,,,2017-02-01,2024-07-28,2018-10-21,2024-08-07,,,,
931581,Rishabh Rajendra Pant,1997-10-04,28y 273d,India,Wicketkeeper Batter,Left hand Bat,,2017 - 2026,2016,IPL 2016,DC,10,10.0,2.0,198.0,69.0,24.75,152.0,130.26,0.0,1.0,19.0,6.0,3,0,,,,,,,,,,,2017-02-01,2024-07-28,2018-10-21,2024-08-07,,,,
47850,Roelof Erasmus van der Merwe,1984-12-31,41y 185d,Netherlands,Bowling Allrounder,Right hand Bat,Slow Left arm Orthodox,2009 - 2026,2013,IPL 2013,DC,3,2.0,0.0,22.0,14.0,11.0,25.0,88.0,0.0,0.0,2.0,0.0,0,0,3.0,6.45,66.0,1/17,1/17,23.66,22.0,0.0,0.0,0.0,2009-03-29,2026-02-18,2009-04-05,2026-06-16,1.0,17.0,1.0,17.0
47850,Roelof Erasmus van der Merwe,1984-12-31,41y 185d,Netherlands,Bowling Allrounder,Right hand Bat,Slow Left arm Orthodox,2009 - 2026,2012,IPL 2012,DC,3,,,,,,,,,,,,1,0,2.0,6.0,60.0,2/28,2/28,30.0,30.0,0.0,0.0,0.0,2009-03-29,2026-02-18,2009-04-05,2026-06-16,2.0,28.0,2.0,28.0
47850,Roelof Erasmus van der Merwe,1984-12-31,41y 185d,Netherlands,Bowling Allrounder,Right hand Bat,Slow Left arm Orthodox,2009 - 2026,2011,IPL 2011,DC,4,4.0,4.0,14.0,8.0,,16.0,87.5,0.0,0.0,1.0,0.0,2,0,5.0,6.2,89.0,3/20,3/20,18.4,17.8,0.0,0.0,0.0,2009-03-29,2026-02-18,2009-04-05,2026-06-16,3.0,20.0,3.0,20.0
47850,Roelof Erasmus van der Merwe,1984-12-31,41y 185d,Netherlands,Bowling Allrounder,Right hand Bat,Slow Left arm Orthodox,2009 - 2026,2009/10,IPL 2009/10,RCB,1,1.0,0.0,1.0,1.0,1.0,2.0,50.0,0.0,0.0,0.0,0.0,1,0,2.0,6.75,24.0,2/27,2/27,13.5,12.0,0.0,0.0,0.0,2009-03-29,2026-02-18,2009-04-05,2026-06-16,2.0,27.0,2.0,27.0
47850,Roelof Erasmus van der Merwe,1984-12-31,41y 185d,Netherlands,Bowling Allrounder,Right hand Bat,Slow Left arm Orthodox,2009 - 2026,2009,IPL 2009,RCB,10,8.0,0.0,122.0,35.0,15.25,98.0,124.48,0.0,0.0,8.0,8.0,4,0,9.0,7.29,204.0,2/22,2/22,27.55,22.6,0.0,0.0,0.0,2009-03-29,2026-02-18,2009-04-05,2026-06-16,2.0,22.0,2.0,22.0
38699,Luteru Ross Poutoa Lote Taylor,1984-03-08,42y 118d,Samoa,Middle order Batter,Right hand Bat,Right arm Offbreak,2006 - 2025,2014,IPL 2014,DC,4,4.0,1.0,59.0,43.0,19.66,59.0,100.0,0.0,0.0,6.0,0.0,2,0,,,,,,,,,,,2006-12-22,2025-10-15,2006-03-01,2022-04-04,,,,
38699,Luteru Ross Poutoa Lote Taylor,1984-03-08,42y 118d,Samoa,Middle order Batter,Right hand Bat,Right arm Offbreak,2006 - 2025,2013,IPL 2013,PWI,5,5.0,0.0,63.0,19.0,12.6,76.0,82.89,0.0,0.0,2.0,1.0,2,0,,,,,,,,,,,2006-12-22,2025-10-15,2006-03-01,2022-04-04,,,,
38699,Luteru Ross Poutoa Lote Taylor,1984-03-08,42y 118d,Samoa,Middle order Batter,Right hand Bat,Right arm Offbreak,2006 - 2025,2012,IPL 2012,DC,12,12.0,2.0,197.0,55.0,19.7,171.0,115.2,0.0,1.0,12.0,7.0,3,0,,,,,,,,,,,2006-12-22,2025-10-15,2006-03-01,2022-04-04,,,,
38699,Luteru Ross Poutoa Lote Taylor,1984-03-08,42y 118d,Samoa,Middle order Batter,Right hand Bat,Right arm Offbreak,2006 - 2025,2011,IPL 2011,RR,12,11.0,6.0,181.0,47.0,36.2,152.0,119.07,0.0,0.0,11.0,7.0,4,0,0.0,11.0,6.0,,,,,0.0,0.0,0.0,2006-12-22,2025-10-15,2006-03-01,2022-04-04,,,,
38699,Luteru Ross Poutoa Lote Taylor,1984-03-08,42y 118d,Samoa,Middle order Batter,Right hand Bat,Right arm Offbreak,2006 - 2025,2009/10,IPL 2009/10,RCB,7,7.0,3.0,88.0,31.0,22.0,75.0,117.33,0.0,0.0,2.0,6.0,4,0,,,,,,,,,,,2006-12-22,2025-10-15,2006-03-01,2022-04-04,,,,
38699,Luteru Ross Poutoa Lote Taylor,1984-03-08,42y 118d,Samoa,Middle order Batter,Right hand Bat,Right arm Offbreak,2006 - 2025,2009,IPL 2009,RCB,11,11.0,2.0,280.0,81.0,31.11,208.0,134.61,0.0,1.0,20.0,15.0,3,0,0.0,13.0,6.0,,,,,0.0,0.0,0.0,2006-12-22,2025-10-15,2006-03-01,2022-04-04,,,,
38699,Luteru Ross Poutoa Lote Taylor,1984-03-08,42y 118d,Samoa,Middle order Batter,Right hand Bat,Right arm Offbreak,2006 - 2025,2007/08,IPL 2007/08,RCB,4,4.0,0.0,149.0,53.0,37.25,81.0,183.95,0.0,1.0,13.0,10.0,0,0,,,,,,,,,,,2006-12-22,2025-10-15,2006-03-01,2022-04-04,,,,
820351,Rovman Powell,1993-07-23,32y 346d,West Indies,Middle order Batter,Right hand Bat,Right arm Medium fast,2016 - 2026,2026,IPL 2026,KKR,11,7.0,2.0,190.0,40.0,38.0,141.0,134.75,0.0,0.0,16.0,10.0,6,0,,,,,,,,,,,2017-03-26,2026-06-14,2016-11-16,2023-07-27,,,,
820351,Rovman Powell,1993-07-23,32y 346d,West Indies,Middle order Batter,Right hand Bat,Right arm Medium fast,2016 - 2026,2025,IPL 2025,KKR,2,1.0,0.0,5.0,5.0,5.0,5.0,100.0,0.0,0.0,1.0,0.0,1,0,,,,,,,,,,,2017-03-26,2026-06-14,2016-11-16,2023-07-27,,,,
820351,Rovman Powell,1993-07-23,32y 346d,West Indies,Middle order Batter,Right hand Bat,Right arm Medium fast,2016 - 2026,2024,IPL 2024,RR,10,7.0,1.0,103.0,27.0,17.16,68.0,151.47,0.0,0.0,10.0,6.0,7,0,,,,,,,,,,,2017-03-26,2026-06-14,2016-11-16,2023-07-27,,,,
820351,Rovman Powell,1993-07-23,32y 346d,West Indies,Middle order Batter,Right hand Bat,Right arm Medium fast,2016 - 2026,2023,IPL 2023,DC,3,3.0,0.0,7.0,4.0,2.33,9.0,77.77,0.0,0.0,1.0,0.0,0,0,1.0,9.0,12.0,1/18,1/18,18.0,12.0,0.0,0.0,0.0,2017-03-26,2026-06-14,2016-11-16,2023-07-27,1.0,18.0,1.0,18.0
820351,Rovman Powell,1993-07-23,32y 346d,West Indies,Middle order Batter,Right hand Bat,Right arm Medium fast,2016 - 2026,2022,IPL 2022,DC,14,12.0,2.0,250.0,67.0,25.0,167.0,149.7,0.0,1.0,10.0,22.0,10,0,0.0,17.0,6.0,,,,,0.0,0.0,0.0,2017-03-26,2026-06-14,2016-11-16,2023-07-27,,,,
1451028,Sahil Ulhas Parakh,2007-06-07,19y 27d,India,Top order Batter,Left hand Bat,Legbreak,,2026,IPL 2026,DC,4,4.0,0.0,46.0,24.0,11.5,33.0,139.39,0.0,0.0,5.0,2.0,1,0,,,,,,,,,,,,,,,,,,
960361,Sandeep Lamichhane,2000-08-02,25y 336d,Nepal,Bowler,Right hand Bat,Legbreak Googly,2018 - 2026,2019,IPL 2019,DC,6,1.0,0.0,0.0,0.0,0.0,1.0,0.0,0.0,0.0,0.0,0.0,2,0,8.0,9.13,138.0,3/40,3/40,26.25,17.2,0.0,0.0,0.0,2018-05-31,2026-06-08,2018-08-01,2026-05-22,3.0,40.0,3.0,40.0
960361,Sandeep Lamichhane,2000-08-02,25y 336d,Nepal,Bowler,Right hand Bat,Legbreak Googly,2018 - 2026,2018,IPL 2018,DC,3,,,,,,,,,,,,0,0,5.0,6.83,72.0,3/36,3/36,16.4,14.4,0.0,0.0,0.0,2018-05-31,2026-06-08,2018-08-01,2026-05-22,3.0,36.0,3.0,36.0
317292,Sarabjit Ladda,1986-07-10,39y 359d,India,Bowler,Right hand Bat,Legbreak,,2016,IPL 2016,GL,1,,,,,,,,,,,,0,0,0.0,10.5,12.0,,,,,0.0,0.0,0.0,,,,,,,,
317292,Sarabjit Ladda,1986-07-10,39y 359d,India,Bowler,Right hand Bat,Legbreak,,2013,IPL 2013,KKR,1,,,,,,,,,,,,0,0,1.0,9.0,12.0,1/18,1/18,18.0,12.0,0.0,0.0,0.0,,,,,1.0,18.0,1.0,18.0
317292,Sarabjit Ladda,1986-07-10,39y 359d,India,Bowler,Right hand Bat,Legbreak,,2011,IPL 2011,KKR,2,,,,,,,,,,,,1,0,0.0,10.5,24.0,,,,,0.0,0.0,0.0,,,,,,,,
317292,Sarabjit Ladda,1986-07-10,39y 359d,India,Bowler,Right hand Bat,Legbreak,,2009/10,IPL 2009/10,DC,5,2.0,1.0,0.0,0.0,0.0,9.0,0.0,0.0,0.0,0.0,0.0,0,0,4.0,9.53,90.0,2/44,2/44,35.75,22.5,0.0,0.0,0.0,,,,,2.0,44.0,2.0,44.0
35390,Saurabh Sunil Tiwary,1989-12-30,36y 186d,India,Top order Batter,Left hand Bat,,2010 - 2010,2021,IPL 2021,MI,5,4.0,2.0,115.0,50.0,57.5,97.0,118.55,0.0,1.0,10.0,2.0,1,0,,,,,,,,,,,,,2010-10-20,2010-12-10,,,,
35390,Saurabh Sunil Tiwary,1989-12-30,36y 186d,India,Top order Batter,Left hand Bat,,2010 - 2010,2020/21,IPL 2020/21,MI,7,5.0,0.0,103.0,42.0,20.6,80.0,128.75,0.0,0.0,8.0,3.0,1,0,,,,,,,,,,,,,2010-10-20,2010-12-10,,,,
35390,Saurabh Sunil Tiwary,1989-12-30,36y 186d,India,Top order Batter,Left hand Bat,,2010 - 2010,2017,IPL 2017,MI,1,1.0,0.0,52.0,52.0,52.0,43.0,120.93,0.0,1.0,9.0,0.0,0,0,,,,,,,,,,,,,2010-10-20,2010-12-10,,,,
35390,Saurabh Sunil Tiwary,1989-12-30,36y 186d,India,Top order Batter,Left hand Bat,,2010 - 2010,2016,IPL 2016,RPS,10,8.0,1.0,170.0,57.0,24.28,141.0,120.56,0.0,2.0,17.0,4.0,4,0,,,,,,,,,,,,,2010-10-20,2010-12-10,,,,
35390,Saurabh Sunil Tiwary,1989-12-30,36y 186d,India,Top order Batter,Left hand Bat,,2010 - 2010,2015,IPL 2015,DC,7,6.0,6.0,109.0,28.0,,78.0,139.74,0.0,0.0,9.0,5.0,5,0,,,,,,,,,,,,,2010-10-20,2010-12-10,,,,
35390,Saurabh Sunil Tiwary,1989-12-30,36y 186d,India,Top order Batter,Left hand Bat,,2010 - 2010,2013,IPL 2013,RCB,9,6.0,2.0,109.0,52.0,27.25,106.0,102.83,0.0,1.0,4.0,4.0,2,0,,,,,,,,,,,,,2010-10-20,2010-12-10,,,,
35390,Saurabh Sunil Tiwary,1989-12-30,36y 186d,India,Top order Batter,Left hand Bat,,2010 - 2010,2012,IPL 2012,RCB,15,11.0,3.0,191.0,36.0,23.87,170.0,112.35,0.0,0.0,9.0,8.0,3,0,,,,,,,,,,,,,2010-10-20,2010-12-10,,,,
35390,Saurabh Sunil Tiwary,1989-12-30,36y 186d,India,Top order Batter,Left hand Bat,,2010 - 2010,2011,IPL 2011,RCB,16,13.0,5.0,187.0,42.0,23.37,188.0,99.46,0.0,0.0,13.0,5.0,5,0,,,,,,,,,,,,,2010-10-20,2010-12-10,,,,
35390,Saurabh Sunil Tiwary,1989-12-30,36y 186d,India,Top order Batter,Left hand Bat,,2010 - 2010,2009/10,IPL 2009/10,MI,16,15.0,1.0,419.0,61.0,29.92,309.0,135.59,0.0,3.0,29.0,18.0,3,0,,,,,,,,,,,,,2010-10-20,2010-12-10,,,,
35390,Saurabh Sunil Tiwary,1989-12-30,36y 186d,India,Top order Batter,Left hand Bat,,2010 - 2010,2009,IPL 2009,MI,4,3.0,2.0,13.0,6.0,13.0,12.0,108.33,0.0,0.0,0.0,0.0,0,0,,,,,,,,,,,,,2010-10-20,2010-12-10,,,,
35390,Saurabh Sunil Tiwary,1989-12-30,36y 186d,India,Top order Batter,Left hand Bat,,2010 - 2010,2007/08,IPL 2007/08,MI,3,2.0,0.0,26.0,17.0,13.0,20.0,130.0,0.0,0.0,3.0,1.0,1,0,,,,,,,,,,,,,2010-10-20,2010-12-10,,,,
1161050,Sediqullah Atal,2001-08-12,24y 326d,Afghanistan,Opening Batter,Left hand Bat,,2023 - 2026,2025,IPL 2025,DC,1,1.0,0.0,22.0,22.0,22.0,16.0,137.5,0.0,0.0,0.0,2.0,0,0,,,,,,,,,,,2023-03-27,2026-02-19,2024-11-06,2026-06-17,,,,
31872,Shahbaz Nadeem,1989-08-12,36y 326d,India,Bowler,Right hand Bat,Slow Left arm Orthodox,2019 - 2021,2021,IPL 2021,SRH,1,1.0,0.0,0.0,0.0,0.0,1.0,0.0,0.0,0.0,0.0,0.0,1,0,1.0,9.0,24.0,1/36,1/36,36.0,24.0,0.0,0.0,0.0,,,,,1.0,36.0,1.0,36.0
31872,Shahbaz Nadeem,1989-08-12,36y 326d,India,Bowler,Right hand Bat,Slow Left arm Orthodox,2019 - 2021,2020/21,IPL 2020/21,SRH,7,2.0,1.0,7.0,5.0,7.0,8.0,87.5,0.0,0.0,1.0,0.0,1,0,5.0,8.09,132.0,2/19,2/19,35.6,26.4,0.0,0.0,0.0,,,,,2.0,19.0,2.0,19.0
31872,Shahbaz Nadeem,1989-08-12,36y 326d,India,Bowler,Right hand Bat,Slow Left arm Orthodox,2019 - 2021,2019,IPL 2019,SRH,3,,,,,,,,,,,,0,0,2.0,10.0,54.0,1/24,1/24,45.0,27.0,0.0,0.0,0.0,,,,,1.0,24.0,1.0,24.0
31872,Shahbaz Nadeem,1989-08-12,36y 326d,India,Bowler,Right hand Bat,Slow Left arm Orthodox,2019 - 2021,2018,IPL 2018,DC,6,1.0,1.0,6.0,6.0,,8.0,75.0,0.0,0.0,0.0,0.0,1,0,3.0,10.73,90.0,2/34,2/34,53.66,30.0,0.0,0.0,0.0,,,,,2.0,34.0,2.0,34.0
31872,Shahbaz Nadeem,1989-08-12,36y 326d,India,Bowler,Right hand Bat,Slow Left arm Orthodox,2019 - 2021,2017,IPL 2017,DC,7,4.0,1.0,2.0,2.0,0.66,9.0,22.22,0.0,0.0,0.0,0.0,2,0,6.0,6.67,107.0,2/13,2/13,19.83,17.8,0.0,0.0,0.0,,,,,2.0,13.0,2.0,13.0
31872,Shahbaz Nadeem,1989-08-12,36y 326d,India,Bowler,Right hand Bat,Slow Left arm Orthodox,2019 - 2021,2016,IPL 2016,DC,4,1.0,1.0,1.0,1.0,,5.0,20.0,0.0,0.0,0.0,0.0,0,0,2.0,8.46,90.0,2/23,2/23,63.5,45.0,0.0,0.0,0.0,,,,,2.0,23.0,2.0,23.0
31872,Shahbaz Nadeem,1989-08-12,36y 326d,India,Bowler,Right hand Bat,Slow Left arm Orthodox,2019 - 2021,2015,IPL 2015,DC,4,1.0,0.0,2.0,2.0,2.0,7.0,28.57,0.0,0.0,0.0,0.0,3,0,0.0,6.14,42.0,,,,,0.0,0.0,0.0,,,,,,,,
31872,Shahbaz Nadeem,1989-08-12,36y 326d,India,Bowler,Right hand Bat,Slow Left arm Orthodox,2019 - 2021,2014,IPL 2014,DC,11,3.0,1.0,7.0,3.0,3.5,19.0,36.84,0.0,0.0,0.0,0.0,0,0,8.0,8.18,228.0,2/35,2/35,38.87,28.5,0.0,0.0,0.0,,,,,2.0,35.0,2.0,35.0
31872,Shahbaz Nadeem,1989-08-12,36y 326d,India,Bowler,Right hand Bat,Slow Left arm Orthodox,2019 - 2021,2013,IPL 2013,DC,12,6.0,1.0,14.0,6.0,2.8,27.0,51.85,0.0,0.0,1.0,0.0,5,0,9.0,5.88,264.0,2/17,2/17,28.77,29.3,0.0,0.0,0.0,,,,,2.0,17.0,2.0,17.0
31872,Shahbaz Nadeem,1989-08-12,36y 326d,India,Bowler,Right hand Bat,Slow Left arm Orthodox,2019 - 2021,2012,IPL 2012,DC,12,1.0,1.0,0.0,0.0,,2.0,0.0,0.0,0.0,0.0,0.0,3,0,8.0,7.06,270.0,3/16,3/16,39.75,33.7,0.0,0.0,0.0,,,,,3.0,16.0,3.0,16.0
31872,Shahbaz Nadeem,1989-08-12,36y 326d,India,Bowler,Right hand Bat,Slow Left arm Orthodox,2019 - 2021,2011,IPL 2011,DC,5,2.0,1.0,0.0,0.0,0.0,1.0,0.0,0.0,0.0,0.0,0.0,0,0,4.0,7.47,114.0,2/39,2/39,35.5,28.5,0.0,0.0,0.0,,,,,2.0,39.0,2.0,39.0
581379,Shai Diego Hope,1993-11-10,32y 236d,West Indies,Wicketkeeper Batter,Right hand Bat,,2015 - 2026,2024,IPL 2024,DC,9,9.0,1.0,183.0,41.0,22.87,122.0,150.0,0.0,0.0,12.0,12.0,6,0,,,,,,,,,,,2017-12-29,2026-06-14,2016-11-16,2026-06-06,,,,
914541,Sherfane Eviston Rutherford,1998-08-15,27y 323d,West Indies,Middle order Batter,Left hand Bat,Right arm Fast medium,2018 - 2026,2026,IPL 2026,MI,8,7.0,2.0,123.0,71.0,24.6,75.0,164.0,0.0,1.0,5.0,12.0,1,0,,,,,,,,,,,2018-12-22,2026-06-14,2023-12-03,2026-06-06,,,,
914541,Sherfane Eviston Rutherford,1998-08-15,27y 323d,West Indies,Middle order Batter,Left hand Bat,Right arm Fast medium,2018 - 2026,2025,IPL 2025,GT,13,11.0,2.0,291.0,46.0,32.33,185.0,157.29,0.0,0.0,22.0,18.0,1,0,,,,,,,,,,,2018-12-22,2026-06-14,2023-12-03,2026-06-06,,,,
914541,Sherfane Eviston Rutherford,1998-08-15,27y 323d,West Indies,Middle order Batter,Left hand Bat,Right arm Fast medium,2018 - 2026,2022,IPL 2022,RCB,3,2.0,0.0,33.0,28.0,16.5,50.0,66.0,0.0,0.0,1.0,1.0,0,0,,,,,,,,,,,2018-12-22,2026-06-14,2023-12-03,2026-06-06,,,,
914541,Sherfane Eviston Rutherford,1998-08-15,27y 323d,West Indies,Middle order Batter,Left hand Bat,Right arm Fast medium,2018 - 2026,2019,IPL 2019,DC,7,7.0,2.0,73.0,28.0,14.6,54.0,135.18,0.0,0.0,2.0,7.0,5,0,1.0,8.63,41.0,1/6,1/6,59.0,41.0,0.0,0.0,0.0,2018-12-22,2026-06-14,2023-12-03,2026-06-06,1.0,6.0,1.0,6.0
28235,Shikhar Dhawan,1985-12-05,40y 211d,India,Opening Batter,Left hand Bat,Right arm Offbreak,2010 - 2022,2024,IPL 2024,PBKS,5,5.0,0.0,152.0,70.0,30.4,121.0,125.61,0.0,1.0,18.0,4.0,3,0,,,,,,,,,,,2011-06-04,2021-07-29,2010-10-20,2022-12-10,,,,
28235,Shikhar Dhawan,1985-12-05,40y 211d,India,Opening Batter,Left hand Bat,Right arm Offbreak,2010 - 2022,2023,IPL 2023,PBKS,11,11.0,2.0,373.0,99.0,41.44,261.0,142.91,0.0,3.0,49.0,12.0,4,0,,,,,,,,,,,2011-06-04,2021-07-29,2010-10-20,2022-12-10,,,,
28235,Shikhar Dhawan,1985-12-05,40y 211d,India,Opening Batter,Left hand Bat,Right arm Offbreak,2010 - 2022,2022,IPL 2022,PBKS,14,14.0,2.0,460.0,88.0,38.33,375.0,122.66,0.0,3.0,47.0,12.0,10,0,,,,,,,,,,,2011-06-04,2021-07-29,2010-10-20,2022-12-10,,,,
28235,Shikhar Dhawan,1985-12-05,40y 211d,India,Opening Batter,Left hand Bat,Right arm Offbreak,2010 - 2022,2021,IPL 2021,DC,16,16.0,1.0,587.0,92.0,39.13,471.0,124.62,0.0,3.0,63.0,16.0,9,0,,,,,,,,,,,2011-06-04,2021-07-29,2010-10-20,2022-12-10,,,,
28235,Shikhar Dhawan,1985-12-05,40y 211d,India,Opening Batter,Left hand Bat,Right arm Offbreak,2010 - 2022,2020/21,IPL 2020/21,DC,17,17.0,3.0,618.0,106.0,44.14,427.0,144.73,2.0,4.0,67.0,12.0,5,0,,,,,,,,,,,2011-06-04,2021-07-29,2010-10-20,2022-12-10,,,,
28235,Shikhar Dhawan,1985-12-05,40y 211d,India,Opening Batter,Left hand Bat,Right arm Offbreak,2010 - 2022,2019,IPL 2019,DC,16,16.0,1.0,521.0,97.0,34.73,384.0,135.67,0.0,5.0,64.0,11.0,5,0,,,,,,,,,,,2011-06-04,2021-07-29,2010-10-20,2022-12-10,,,,
28235,Shikhar Dhawan,1985-12-05,40y 211d,India,Opening Batter,Left hand Bat,Right arm Offbreak,2010 - 2022,2018,IPL 2018,SRH,16,16.0,3.0,497.0,92.0,38.23,363.0,136.91,0.0,4.0,59.0,14.0,12,0,,,,,,,,,,,2011-06-04,2021-07-29,2010-10-20,2022-12-10,,,,
28235,Shikhar Dhawan,1985-12-05,40y 211d,India,Opening Batter,Left hand Bat,Right arm Offbreak,2010 - 2022,2017,IPL 2017,SRH,14,14.0,1.0,479.0,77.0,36.84,376.0,127.39,0.0,3.0,53.0,9.0,7,0,,,,,,,,,,,2011-06-04,2021-07-29,2010-10-20,2022-12-10,,,,
28235,Shikhar Dhawan,1985-12-05,40y 211d,India,Opening Batter,Left hand Bat,Right arm Offbreak,2010 - 2022,2016,IPL 2016,SRH,17,17.0,4.0,501.0,82.0,38.53,429.0,116.78,0.0,4.0,51.0,8.0,5,0,,,,,,,,,,,2011-06-04,2021-07-29,2010-10-20,2022-12-10,,,,
28235,Shikhar Dhawan,1985-12-05,40y 211d,India,Opening Batter,Left hand Bat,Right arm Offbreak,2010 - 2022,2015,IPL 2015,SRH,14,14.0,1.0,353.0,54.0,27.15,286.0,123.42,0.0,3.0,45.0,6.0,6,0,,,,,,,,,,,2011-06-04,2021-07-29,2010-10-20,2022-12-10,,,,
28235,Shikhar Dhawan,1985-12-05,40y 211d,India,Opening Batter,Left hand Bat,Right arm Offbreak,2010 - 2022,2014,IPL 2014,SRH,14,14.0,1.0,377.0,64.0,29.0,319.0,118.18,0.0,2.0,49.0,7.0,5,0,,,,,,,,,,,2011-06-04,2021-07-29,2010-10-20,2022-12-10,,,,
28235,Shikhar Dhawan,1985-12-05,40y 211d,India,Opening Batter,Left hand Bat,Right arm Offbreak,2010 - 2022,2013,IPL 2013,SRH,10,10.0,2.0,311.0,73.0,38.87,253.0,122.92,0.0,3.0,37.0,5.0,3,0,,,,,,,,,,,2011-06-04,2021-07-29,2010-10-20,2022-12-10,,,,
28235,Shikhar Dhawan,1985-12-05,40y 211d,India,Opening Batter,Left hand Bat,Right arm Offbreak,2010 - 2022,2012,IPL 2012,DCH,15,15.0,1.0,569.0,84.0,40.64,439.0,129.61,0.0,5.0,58.0,18.0,5,0,3.0,9.16,36.0,1/8,1/8,18.33,12.0,0.0,0.0,0.0,2011-06-04,2021-07-29,2010-10-20,2022-12-10,1.0,8.0,1.0,8.0
28235,Shikhar Dhawan,1985-12-05,40y 211d,India,Opening Batter,Left hand Bat,Right arm Offbreak,2010 - 2022,2011,IPL 2011,DCH,14,14.0,2.0,400.0,95.0,33.33,310.0,129.03,0.0,2.0,47.0,7.0,6,0,1.0,5.5,12.0,1/7,1/7,11.0,12.0,0.0,0.0,0.0,2011-06-04,2021-07-29,2010-10-20,2022-12-10,1.0,7.0,1.0,7.0
28235,Shikhar Dhawan,1985-12-05,40y 211d,India,Opening Batter,Left hand Bat,Right arm Offbreak,2010 - 2022,2009/10,IPL 2009/10,MI,10,10.0,0.0,191.0,56.0,19.1,170.0,112.35,0.0,2.0,23.0,3.0,4,0,,,,,,,,,,,2011-06-04,2021-07-29,2010-10-20,2022-12-10,,,,
28235,Shikhar Dhawan,1985-12-05,40y 211d,India,Opening Batter,Left hand Bat,Right arm Offbreak,2010 - 2022,2009,IPL 2009,MI,5,4.0,0.0,40.0,22.0,10.0,45.0,88.88,0.0,0.0,3.0,0.0,2,0,,,,,,,,,,,2011-06-04,2021-07-29,2010-10-20,2022-12-10,,,,
28235,Shikhar Dhawan,1985-12-05,40y 211d,India,Opening Batter,Left hand Bat,Right arm Offbreak,2010 - 2022,2007/08,IPL 2007/08,DC,14,14.0,5.0,340.0,68.0,37.77,295.0,115.25,0.0,4.0,35.0,8.0,8,0,,,,,,,,,,,2011-06-04,2021-07-29,2010-10-20,2022-12-10,,,,
670025,Shimron Odilon Hetmyer,1996-12-26,29y 190d,West Indies,Middle order Batter,Left hand Bat,,2017 - 2026,2026,IPL 2026,RR,8,7.0,1.0,78.0,22.0,13.0,69.0,113.04,0.0,0.0,5.0,3.0,5,0,,,,,,,,,,,2018-01-01,2026-06-14,2017-12-20,2025-06-01,,,,
670025,Shimron Odilon Hetmyer,1996-12-26,29y 190d,West Indies,Middle order Batter,Left hand Bat,,2017 - 2026,2025,IPL 2025,RR,14,13.0,2.0,239.0,52.0,21.72,164.0,145.73,0.0,1.0,17.0,11.0,13,0,,,,,,,,,,,2018-01-01,2026-06-14,2017-12-20,2025-06-01,,,,
670025,Shimron Odilon Hetmyer,1996-12-26,29y 190d,West Indies,Middle order Batter,Left hand Bat,,2017 - 2026,2024,IPL 2024,RR,12,9.0,4.0,113.0,27.0,22.6,69.0,163.76,0.0,0.0,9.0,7.0,4,0,,,,,,,,,,,2018-01-01,2026-06-14,2017-12-20,2025-06-01,,,,
670025,Shimron Odilon Hetmyer,1996-12-26,29y 190d,West Indies,Middle order Batter,Left hand Bat,,2017 - 2026,2023,IPL 2023,RR,14,13.0,5.0,299.0,56.0,37.37,197.0,151.77,0.0,1.0,12.0,23.0,11,0,,,,,,,,,,,2018-01-01,2026-06-14,2017-12-20,2025-06-01,,,,
670025,Shimron Odilon Hetmyer,1996-12-26,29y 190d,West Indies,Middle order Batter,Left hand Bat,,2017 - 2026,2022,IPL 2022,RR,15,15.0,8.0,314.0,59.0,44.85,204.0,153.92,0.0,1.0,21.0,21.0,3,0,,,,,,,,,,,2018-01-01,2026-06-14,2017-12-20,2025-06-01,,,,
670025,Shimron Odilon Hetmyer,1996-12-26,29y 190d,West Indies,Middle order Batter,Left hand Bat,,2017 - 2026,2021,IPL 2021,DC,14,13.0,6.0,242.0,53.0,34.57,144.0,168.05,0.0,1.0,19.0,12.0,4,0,,,,,,,,,,,2018-01-01,2026-06-14,2017-12-20,2025-06-01,,,,
670025,Shimron Odilon Hetmyer,1996-12-26,29y 190d,West Indies,Middle order Batter,Left hand Bat,,2017 - 2026,2020/21,IPL 2020/21,DC,12,11.0,3.0,185.0,45.0,23.12,125.0,148.0,0.0,0.0,11.0,12.0,7,0,,,,,,,,,,,2018-01-01,2026-06-14,2017-12-20,2025-06-01,,,,
670025,Shimron Odilon Hetmyer,1996-12-26,29y 190d,West Indies,Middle order Batter,Left hand Bat,,2017 - 2026,2019,IPL 2019,RCB,5,5.0,0.0,90.0,75.0,18.0,73.0,123.28,0.0,1.0,4.0,7.0,3,0,,,,,,,,,,,2018-01-01,2026-06-14,2017-12-20,2025-06-01,,,,
42657,Shoaib Malik,1982-02-01,44y 153d,Pakistan,Allrounder,Right hand Bat,Right arm Offbreak,1999 - 2021,2007/08,IPL 2007/08,DC,7,5.0,1.0,52.0,24.0,13.0,47.0,110.63,0.0,0.0,5.0,0.0,5,0,2.0,10.0,51.0,1/6,1/6,42.5,25.5,0.0,0.0,0.0,2006-08-28,2021-11-20,1999-10-14,2019-06-16,1.0,6.0,1.0,6.0
642519,Shreyas Santosh Iyer,1994-12-06,31y 210d,India,Top order Batter,Right hand Bat,"Right arm Offbreak, Legbreak Googly",2017 - 2026,2026,IPL 2026,PBKS,14,13.0,4.0,498.0,101.0,55.33,295.0,168.81,1.0,5.0,39.0,30.0,8,0,,,,,,,,,,,2017-11-01,2026-07-01,2017-12-10,2026-06-20,,,,
642519,Shreyas Santosh Iyer,1994-12-06,31y 210d,India,Top order Batter,Right hand Bat,"Right arm Offbreak, Legbreak Googly",2017 - 2026,2025,IPL 2025,PBKS,17,17.0,5.0,604.0,97.0,50.33,345.0,175.07,0.0,6.0,43.0,39.0,7,0,,,,,,,,,,,2017-11-01,2026-07-01,2017-12-10,2026-06-20,,,,
642519,Shreyas Santosh Iyer,1994-12-06,31y 210d,India,Top order Batter,Right hand Bat,"Right arm Offbreak, Legbreak Googly",2017 - 2026,2024,IPL 2024,KKR,15,14.0,5.0,351.0,58.0,39.0,239.0,146.86,0.0,2.0,34.0,14.0,10,0,,,,,,,,,,,2017-11-01,2026-07-01,2017-12-10,2026-06-20,,,,
642519,Shreyas Santosh Iyer,1994-12-06,31y 210d,India,Top order Batter,Right hand Bat,"Right arm Offbreak, Legbreak Googly",2017 - 2026,2022,IPL 2022,KKR,14,14.0,1.0,401.0,85.0,30.84,298.0,134.56,0.0,3.0,41.0,11.0,5,0,0.0,7.0,6.0,,,,,0.0,0.0,0.0,2017-11-01,2026-07-01,2017-12-10,2026-06-20,,,,
642519,Shreyas Santosh Iyer,1994-12-06,31y 210d,India,Top order Batter,Right hand Bat,"Right arm Offbreak, Legbreak Googly",2017 - 2026,2021,IPL 2021,DC,8,8.0,3.0,175.0,47.0,35.0,171.0,102.33,0.0,0.0,7.0,5.0,6,0,,,,,,,,,,,2017-11-01,2026-07-01,2017-12-10,2026-06-20,,,,
642519,Shreyas Santosh Iyer,1994-12-06,31y 210d,India,Top order Batter,Right hand Bat,"Right arm Offbreak, Legbreak Googly",2017 - 2026,2020/21,IPL 2020/21,DC,17,17.0,2.0,519.0,88.0,34.6,421.0,123.27,0.0,3.0,40.0,16.0,6,0,,,,,,,,,,,2017-11-01,2026-07-01,2017-12-10,2026-06-20,,,,
642519,Shreyas Santosh Iyer,1994-12-06,31y 210d,India,Top order Batter,Right hand Bat,"Right arm Offbreak, Legbreak Googly",2017 - 2026,2019,IPL 2019,DC,16,16.0,1.0,463.0,67.0,30.86,386.0,119.94,0.0,3.0,41.0,14.0,8,0,,,,,,,,,,,2017-11-01,2026-07-01,2017-12-10,2026-06-20,,,,
642519,Shreyas Santosh Iyer,1994-12-06,31y 210d,India,Top order Batter,Right hand Bat,"Right arm Offbreak, Legbreak Googly",2017 - 2026,2018,IPL 2018,DC,14,14.0,3.0,411.0,93.0,37.36,310.0,132.58,0.0,4.0,29.0,21.0,5,0,,,,,,,,,,,2017-11-01,2026-07-01,2017-12-10,2026-06-20,,,,
642519,Shreyas Santosh Iyer,1994-12-06,31y 210d,India,Top order Batter,Right hand Bat,"Right arm Offbreak, Legbreak Googly",2017 - 2026,2017,IPL 2017,DC,12,12.0,2.0,338.0,96.0,33.8,243.0,139.09,0.0,2.0,36.0,10.0,3,0,,,,,,,,,,,2017-11-01,2026-07-01,2017-12-10,2026-06-20,,,,
642519,Shreyas Santosh Iyer,1994-12-06,31y 210d,India,Top order Batter,Right hand Bat,"Right arm Offbreak, Legbreak Googly",2017 - 2026,2016,IPL 2016,DC,6,6.0,0.0,30.0,19.0,5.0,43.0,69.76,0.0,0.0,2.0,1.0,4,0,,,,,,,,,,,2017-11-01,2026-07-01,2017-12-10,2026-06-20,,,,
642519,Shreyas Santosh Iyer,1994-12-06,31y 210d,India,Top order Batter,Right hand Bat,"Right arm Offbreak, Legbreak Googly",2017 - 2026,2015,IPL 2015,DC,14,14.0,1.0,439.0,83.0,33.76,342.0,128.36,0.0,4.0,41.0,21.0,2,0,,,,,,,,,,,2017-11-01,2026-07-01,2017-12-10,2026-06-20,,,,
34118,Sridharan Sriram,1976-02-21,50y 133d,India,Middle order Batter,Left hand Bat,Slow Left arm Orthodox,2000 - 2004,2011,IPL 2011,DC,1,1.0,0.0,4.0,4.0,4.0,7.0,57.14,0.0,0.0,0.0,0.0,0,0,0.0,25.0,6.0,,,,,0.0,0.0,0.0,,,2000-03-19,2004-12-26,,,,
34118,Sridharan Sriram,1976-02-21,50y 133d,India,Middle order Batter,Left hand Bat,Slow Left arm Orthodox,2000 - 2004,2009/10,IPL 2009/10,RCB,1,1.0,0.0,27.0,27.0,27.0,29.0,93.1,0.0,0.0,3.0,0.0,0,0,0.0,12.0,12.0,,,,,0.0,0.0,0.0,,,2000-03-19,2004-12-26,,,,
529436,Kona Srikar Bharat,1993-10-03,32y 274d,India,Wicketkeeper Batter,Right hand Bat,,2023 - 2024,2022,IPL 2022,DC,2,2.0,0.0,8.0,8.0,4.0,7.0,114.28,0.0,0.0,2.0,0.0,0,0,,,,,,,,,,,,,,,,,,
529436,Kona Srikar Bharat,1993-10-03,32y 274d,India,Wicketkeeper Batter,Right hand Bat,,2023 - 2024,2021,IPL 2021,RCB,8,7.0,2.0,191.0,78.0,38.2,156.0,122.43,0.0,1.0,10.0,8.0,4,1,,,,,,,,,,,,,,,,,,
267192,Steven Peter Devereux Smith,1989-06-02,37y 32d,Australia,Top order Batter,Right hand Bat,Legbreak Googly,2010 - 2026,2021,IPL 2021,DC,8,7.0,1.0,152.0,39.0,25.33,135.0,112.59,0.0,0.0,13.0,2.0,9,0,,,,,,,,,,,2010-02-05,2024-02-25,2010-02-19,2025-03-04,,,,
267192,Steven Peter Devereux Smith,1989-06-02,37y 32d,Australia,Top order Batter,Right hand Bat,Legbreak Googly,2010 - 2026,2020/21,IPL 2020/21,RR,14,14.0,2.0,311.0,69.0,25.91,237.0,131.22,0.0,3.0,32.0,9.0,2,0,,,,,,,,,,,2010-02-05,2024-02-25,2010-02-19,2025-03-04,,,,
267192,Steven Peter Devereux Smith,1989-06-02,37y 32d,Australia,Top order Batter,Right hand Bat,Legbreak Googly,2010 - 2026,2019,IPL 2019,RR,12,10.0,2.0,319.0,73.0,39.87,275.0,115.99,0.0,3.0,30.0,4.0,3,0,,,,,,,,,,,2010-02-05,2024-02-25,2010-02-19,2025-03-04,,,,
267192,Steven Peter Devereux Smith,1989-06-02,37y 32d,Australia,Top order Batter,Right hand Bat,Legbreak Googly,2010 - 2026,2017,IPL 2017,RPS,15,15.0,3.0,472.0,84.0,39.33,387.0,121.96,0.0,3.0,38.0,12.0,7,0,,,,,,,,,,,2010-02-05,2024-02-25,2010-02-19,2025-03-04,,,,
267192,Steven Peter Devereux Smith,1989-06-02,37y 32d,Australia,Top order Batter,Right hand Bat,Legbreak Googly,2010 - 2026,2016,IPL 2016,RPS,8,7.0,1.0,270.0,101.0,45.0,176.0,153.4,1.0,0.0,27.0,8.0,2,0,,,,,,,,,,,2010-02-05,2024-02-25,2010-02-19,2025-03-04,,,,
267192,Steven Peter Devereux Smith,1989-06-02,37y 32d,Australia,Top order Batter,Right hand Bat,Legbreak Googly,2010 - 2026,2015,IPL 2015,RR,14,12.0,1.0,293.0,79.0,26.63,221.0,132.57,0.0,2.0,33.0,3.0,7,0,,,,,,,,,,,2010-02-05,2024-02-25,2010-02-19,2025-03-04,,,,
267192,Steven Peter Devereux Smith,1989-06-02,37y 32d,Australia,Top order Batter,Right hand Bat,Legbreak Googly,2010 - 2026,2014,IPL 2014,RR,10,7.0,3.0,147.0,48.0,36.75,110.0,133.63,0.0,0.0,13.0,4.0,9,0,,,,,,,,,,,2010-02-05,2024-02-25,2010-02-19,2025-03-04,,,,
267192,Steven Peter Devereux Smith,1989-06-02,37y 32d,Australia,Top order Batter,Right hand Bat,Legbreak Googly,2010 - 2026,2013,IPL 2013,PWI,7,7.0,3.0,159.0,41.0,39.75,132.0,120.45,0.0,0.0,15.0,4.0,4,0,,,,,,,,,,,2010-02-05,2024-02-25,2010-02-19,2025-03-04,,,,
267192,Steven Peter Devereux Smith,1989-06-02,37y 32d,Australia,Top order Batter,Right hand Bat,Legbreak Googly,2010 - 2026,2012,IPL 2012,PWI,15,14.0,5.0,362.0,47.0,40.22,267.0,135.58,0.0,0.0,24.0,14.0,10,0,0.0,15.0,2.0,,,,,0.0,0.0,0.0,2010-02-05,2024-02-25,2010-02-19,2025-03-04,,,,
1159734,Sumit Kumar,1995-12-12,30y 204d,India,Allrounder,Right hand Bat,Right arm Medium fast,,2024,IPL 2024,DC,4,3.0,1.0,18.0,9.0,9.0,24.0,75.0,0.0,0.0,2.0,1.0,1,0,0.0,11.4,20.0,,,,,0.0,0.0,0.0,,,,,,,,
271315,Sunny Gupta,1988-09-27,37y 280d,India,,Right hand Bat,Right arm Offbreak,,2012,IPL 2012,DC,1,1.0,0.0,0.0,0.0,0.0,1.0,0.0,0.0,0.0,0.0,0.0,0,0,0.0,15.66,18.0,,,,,0.0,0.0,0.0,,,,,,,,
802575,Thangarasu Natarajan,1991-04-04,35y 91d,India,Bowler,Left hand Bat,Left arm Medium,2020 - 2021,2026,IPL 2026,DC,10,1.0,1.0,1.0,1.0,,2.0,50.0,0.0,0.0,0.0,0.0,2,0,5.0,11.18,191.0,3/29,3/29,71.2,38.2,0.0,0.0,0.0,2020-12-04,2021-03-20,2020-12-02,2021-03-28,3.0,29.0,3.0,29.0
802575,Thangarasu Natarajan,1991-04-04,35y 91d,India,Bowler,Left hand Bat,Left arm Medium,2020 - 2021,2025,IPL 2025,DC,2,,,,,,,,,,,,0,0,0.0,16.33,18.0,,,,,0.0,0.0,0.0,2020-12-04,2021-03-20,2020-12-02,2021-03-28,,,,
802575,Thangarasu Natarajan,1991-04-04,35y 91d,India,Bowler,Left hand Bat,Left arm Medium,2020 - 2021,2024,IPL 2024,SRH,14,,,,,,,,,,,,2,0,19.0,9.05,308.0,4/19,4/19,24.47,16.2,1.0,0.0,0.0,2020-12-04,2021-03-20,2020-12-02,2021-03-28,4.0,19.0,4.0,19.0
802575,Thangarasu Natarajan,1991-04-04,35y 91d,India,Bowler,Left hand Bat,Left arm Medium,2020 - 2021,2023,IPL 2023,SRH,12,,,,,,,,,,,,3,0,10.0,9.11,270.0,2/23,2/23,41.0,27.0,0.0,0.0,0.0,2020-12-04,2021-03-20,2020-12-02,2021-03-28,2.0,23.0,2.0,23.0
802575,Thangarasu Natarajan,1991-04-04,35y 91d,India,Bowler,Left hand Bat,Left arm Medium,2020 - 2021,2022,IPL 2022,SRH,11,,,,,,,,,,,,1,0,18.0,9.44,258.0,3/10,3/10,22.55,14.3,0.0,0.0,0.0,2020-12-04,2021-03-20,2020-12-02,2021-03-28,3.0,10.0,3.0,10.0
802575,Thangarasu Natarajan,1991-04-04,35y 91d,India,Bowler,Left hand Bat,Left arm Medium,2020 - 2021,2021,IPL 2021,SRH,2,1.0,1.0,0.0,0.0,,0.0,,0.0,0.0,0.0,0.0,0,0,2.0,8.62,48.0,1/32,1/32,34.5,24.0,0.0,0.0,0.0,2020-12-04,2021-03-20,2020-12-02,2021-03-28,1.0,32.0,1.0,32.0
802575,Thangarasu Natarajan,1991-04-04,35y 91d,India,Bowler,Left hand Bat,Left arm Medium,2020 - 2021,2020/21,IPL 2020/21,SRH,16,3.0,3.0,3.0,3.0,,5.0,60.0,0.0,0.0,0.0,0.0,3,0,16.0,8.02,377.0,2/24,2/24,31.5,23.5,0.0,0.0,0.0,2020-12-04,2021-03-20,2020-12-02,2021-03-28,2.0,24.0,2.0,24.0
802575,Thangarasu Natarajan,1991-04-04,35y 91d,India,Bowler,Left hand Bat,Left arm Medium,2020 - 2021,2017,IPL 2017,PBKS,6,,,,,,,,,,,,0,0,2.0,9.07,76.0,1/26,1/26,57.5,38.0,0.0,0.0,0.0,2020-12-04,2021-03-20,2020-12-02,2021-03-28,1.0,26.0,1.0,26.0
48472,Tillakaratne Mudiyanselage Dilshan,1976-10-14,49y 263d,Sri Lanka,Allrounder,Right hand Bat,Right arm Offbreak,1999 - 2016,2013,IPL 2013,RCB,5,5.0,0.0,76.0,33.0,15.2,93.0,81.72,0.0,0.0,12.0,0.0,2,0,0.0,10.0,6.0,,,,,0.0,0.0,0.0,2006-06-15,2016-09-09,1999-12-11,2016-08-28,,,,
48472,Tillakaratne Mudiyanselage Dilshan,1976-10-14,49y 263d,Sri Lanka,Allrounder,Right hand Bat,Right arm Offbreak,1999 - 2016,2012,IPL 2012,RCB,10,9.0,1.0,285.0,76.0,35.62,261.0,109.19,0.0,3.0,33.0,5.0,4,0,0.0,11.0,42.0,,,,,0.0,0.0,0.0,2006-06-15,2016-09-09,1999-12-11,2016-08-28,,,,
48472,Tillakaratne Mudiyanselage Dilshan,1976-10-14,49y 263d,Sri Lanka,Allrounder,Right hand Bat,Right arm Offbreak,1999 - 2016,2011,IPL 2011,RCB,10,10.0,2.0,226.0,59.0,28.25,180.0,125.55,0.0,2.0,33.0,3.0,1,0,1.0,9.0,72.0,1/30,1/30,108.0,72.0,0.0,0.0,0.0,2006-06-15,2016-09-09,1999-12-11,2016-08-28,1.0,30.0,1.0,30.0
48472,Tillakaratne Mudiyanselage Dilshan,1976-10-14,49y 263d,Sri Lanka,Allrounder,Right hand Bat,Right arm Offbreak,1999 - 2016,2009/10,IPL 2009/10,DC,6,6.0,0.0,44.0,17.0,7.33,53.0,83.01,0.0,0.0,6.0,0.0,4,0,3.0,8.57,49.0,1/7,1/7,23.33,16.3,0.0,0.0,0.0,2006-06-15,2016-09-09,1999-12-11,2016-08-28,1.0,7.0,1.0,7.0
48472,Tillakaratne Mudiyanselage Dilshan,1976-10-14,49y 263d,Sri Lanka,Allrounder,Right hand Bat,Right arm Offbreak,1999 - 2016,2009,IPL 2009,DC,14,13.0,3.0,418.0,67.0,41.8,341.0,122.58,0.0,4.0,42.0,13.0,4,0,0.0,6.12,96.0,,,,,0.0,0.0,0.0,2006-06-15,2016-09-09,1999-12-11,2016-08-28,,,,
48472,Tillakaratne Mudiyanselage Dilshan,1976-10-14,49y 263d,Sri Lanka,Allrounder,Right hand Bat,Right arm Offbreak,1999 - 2016,2007/08,IPL 2007/08,DC,7,7.0,1.0,104.0,33.0,17.33,79.0,131.64,0.0,0.0,14.0,3.0,5,0,1.0,3.0,6.0,1/3,1/3,3.0,6.0,0.0,0.0,0.0,2006-06-15,2016-09-09,1999-12-11,2016-08-28,1.0,3.0,1.0,3.0
625964,Tim Louis Seifert,1994-12-14,31y 202d,New Zealand,Wicketkeeper Batter,Right hand Bat,,2018 - 2026,2026,IPL 2026,KKR,3,3.0,0.0,19.0,19.0,6.33,18.0,105.55,0.0,0.0,2.0,1.0,2,1,,,,,,,,,,,2018-02-13,2026-03-08,2019-01-03,2025-04-05,,,,
625964,Tim Louis Seifert,1994-12-14,31y 202d,New Zealand,Wicketkeeper Batter,Right hand Bat,,2018 - 2026,2022,IPL 2022,DC,2,2.0,0.0,24.0,21.0,12.0,19.0,126.31,0.0,0.0,4.0,0.0,1,0,,,,,,,,,,,2018-02-13,2026-03-08,2019-01-03,2025-04-05,,,,
625964,Tim Louis Seifert,1994-12-14,31y 202d,New Zealand,Wicketkeeper Batter,Right hand Bat,,2018 - 2026,2021,IPL 2021,KKR,1,1.0,0.0,2.0,2.0,2.0,4.0,50.0,0.0,0.0,0.0,0.0,0,0,,,,,,,,,,,2018-02-13,2026-03-08,2019-01-03,2025-04-05,,,,
550235,Thomas Kevin Curran,1995-03-12,31y 114d,England,Allrounder,Right hand Bat,Right arm Fast medium,2017 - 2021,2021,IPL 2021,DC,3,2.0,1.0,21.0,21.0,21.0,17.0,123.52,0.0,0.0,2.0,0.0,0,0,4.0,9.17,68.0,3/29,3/29,26.0,17.0,0.0,0.0,0.0,2017-06-23,2021-07-18,2017-09-29,2021-07-04,3.0,29.0,3.0,29.0
550235,Thomas Kevin Curran,1995-03-12,31y 114d,England,Allrounder,Right hand Bat,Right arm Fast medium,2017 - 2021,2020/21,IPL 2020/21,RR,5,4.0,3.0,83.0,54.0,83.0,62.0,133.87,0.0,1.0,5.0,3.0,1,0,3.0,11.44,109.0,1/37,1/37,69.33,36.3,0.0,0.0,0.0,2017-06-23,2021-07-18,2017-09-29,2021-07-04,1.0,37.0,1.0,37.0
550235,Thomas Kevin Curran,1995-03-12,31y 114d,England,Allrounder,Right hand Bat,Right arm Fast medium,2017 - 2021,2018,IPL 2018,KKR,5,4.0,1.0,23.0,18.0,7.66,28.0,82.14,0.0,0.0,3.0,0.0,1,0,6.0,11.6,61.0,2/19,2/19,19.66,10.1,0.0,0.0,0.0,2017-06-23,2021-07-18,2017-09-29,2021-07-04,2.0,19.0,2.0,19.0
4292,Travis Rodney Birt,1981-12-09,44y 207d,Australia,Middle order Batter,Left hand Bat,Right arm Medium,2010 - 2012,2011,IPL 2011,DC,5,5.0,0.0,75.0,27.0,15.0,58.0,129.31,0.0,0.0,9.0,2.0,0,0,,,,,,,,,,,2010-02-05,2012-02-01,,,,,,
277912,Trent Alexander Boult,1989-07-22,36y 347d,New Zealand,Bowler,Right hand Bat,Left arm Fast medium,2011 - 2024,2026,IPL 2026,MI,5,2.0,1.0,8.0,7.0,8.0,4.0,200.0,0.0,0.0,0.0,1.0,1,0,2.0,11.62,97.0,1/41,1/41,94.0,48.5,0.0,0.0,0.0,2013-02-09,2024-06-17,2012-07-11,2023-11-15,1.0,41.0,1.0,41.0
277912,Trent Alexander Boult,1989-07-22,36y 347d,New Zealand,Bowler,Right hand Bat,Left arm Fast medium,2011 - 2024,2025,IPL 2025,MI,16,2.0,1.0,2.0,1.0,2.0,3.0,66.66,0.0,0.0,0.0,0.0,1,0,22.0,8.96,346.0,4/26,4/26,23.5,15.7,1.0,0.0,0.0,2013-02-09,2024-06-17,2012-07-11,2023-11-15,4.0,26.0,4.0,26.0
277912,Trent Alexander Boult,1989-07-22,36y 347d,New Zealand,Bowler,Right hand Bat,Left arm Fast medium,2011 - 2024,2024,IPL 2024,RR,16,5.0,3.0,14.0,12.0,7.0,16.0,87.5,0.0,0.0,2.0,0.0,4,0,16.0,8.3,320.0,3/22,3/22,27.68,20.0,0.0,0.0,0.0,2013-02-09,2024-06-17,2012-07-11,2023-11-15,3.0,22.0,3.0,22.0
277912,Trent Alexander Boult,1989-07-22,36y 347d,New Zealand,Bowler,Right hand Bat,Left arm Fast medium,2011 - 2024,2023,IPL 2023,RR,10,4.0,3.0,16.0,15.0,16.0,14.0,114.28,0.0,0.0,1.0,1.0,5,0,13.0,8.21,228.0,3/29,3/29,24.0,17.5,0.0,0.0,0.0,2013-02-09,2024-06-17,2012-07-11,2023-11-15,3.0,29.0,3.0,29.0
277912,Trent Alexander Boult,1989-07-22,36y 347d,New Zealand,Bowler,Right hand Bat,Left arm Fast medium,2011 - 2024,2022,IPL 2022,RR,16,8.0,6.0,40.0,17.0,20.0,29.0,137.93,0.0,0.0,2.0,1.0,2,0,16.0,7.93,372.0,2/18,2/18,30.75,23.2,0.0,0.0,0.0,2013-02-09,2024-06-17,2012-07-11,2023-11-15,2.0,18.0,2.0,18.0
277912,Trent Alexander Boult,1989-07-22,36y 347d,New Zealand,Bowler,Right hand Bat,Left arm Fast medium,2011 - 2024,2021,IPL 2021,MI,14,4.0,4.0,1.0,1.0,,4.0,25.0,0.0,0.0,0.0,0.0,5,0,13.0,7.9,308.0,3/28,3/28,31.23,23.6,0.0,0.0,0.0,2013-02-09,2024-06-17,2012-07-11,2023-11-15,3.0,28.0,3.0,28.0
277912,Trent Alexander Boult,1989-07-22,36y 347d,New Zealand,Bowler,Right hand Bat,Left arm Fast medium,2011 - 2024,2020/21,IPL 2020/21,MI,15,1.0,0.0,0.0,0.0,0.0,1.0,0.0,0.0,0.0,0.0,0.0,4,0,25.0,7.97,344.0,4/18,4/18,18.28,13.7,1.0,0.0,0.0,2013-02-09,2024-06-17,2012-07-11,2023-11-15,4.0,18.0,4.0,18.0
277912,Trent Alexander Boult,1989-07-22,36y 347d,New Zealand,Bowler,Right hand Bat,Left arm Fast medium,2011 - 2024,2019,IPL 2019,DC,5,3.0,2.0,7.0,6.0,7.0,4.0,175.0,0.0,0.0,0.0,1.0,2,0,5.0,8.57,114.0,2/27,2/27,32.6,22.8,0.0,0.0,0.0,2013-02-09,2024-06-17,2012-07-11,2023-11-15,2.0,27.0,2.0,27.0
277912,Trent Alexander Boult,1989-07-22,36y 347d,New Zealand,Bowler,Right hand Bat,Left arm Fast medium,2011 - 2024,2018,IPL 2018,DC,14,1.0,0.0,0.0,0.0,0.0,2.0,0.0,0.0,0.0,0.0,0.0,9,0,18.0,8.84,316.0,2/20,2/20,25.88,17.5,0.0,0.0,0.0,2013-02-09,2024-06-17,2012-07-11,2023-11-15,2.0,20.0,2.0,20.0
277912,Trent Alexander Boult,1989-07-22,36y 347d,New Zealand,Bowler,Right hand Bat,Left arm Fast medium,2011 - 2024,2017,IPL 2017,KKR,6,1.0,1.0,5.0,5.0,,8.0,62.5,0.0,0.0,0.0,0.0,0,0,5.0,9.06,143.0,2/30,2/30,43.2,28.6,0.0,0.0,0.0,2013-02-09,2024-06-17,2012-07-11,2023-11-15,2.0,30.0,2.0,30.0
277912,Trent Alexander Boult,1989-07-22,36y 347d,New Zealand,Bowler,Right hand Bat,Left arm Fast medium,2011 - 2024,2016,IPL 2016,SRH,1,,,,,,,,,,,,1,0,1.0,9.75,24.0,1/39,1/39,39.0,24.0,0.0,0.0,0.0,2013-02-09,2024-06-17,2012-07-11,2023-11-15,1.0,39.0,1.0,39.0
277912,Trent Alexander Boult,1989-07-22,36y 347d,New Zealand,Bowler,Right hand Bat,Left arm Fast medium,2011 - 2024,2015,IPL 2015,SRH,7,,,,,,,,,,,,2,0,9.0,8.42,168.0,3/19,3/19,26.22,18.6,0.0,0.0,0.0,2013-02-09,2024-06-17,2012-07-11,2023-11-15,3.0,19.0,3.0,19.0
1292527,Tripurana Vijay,2001-09-05,24y 302d,India,Bowler,Right hand Bat,Right arm Offbreak,,2026,IPL 2026,DC,1,,,,,,,,,,,,1,0,0.0,14.5,12.0,,,,,0.0,0.0,0.0,,,,,,,,
595978,Tristan Stubbs,2000-08-14,25y 324d,South Africa,Wicketkeeper Batter,Right hand Bat,Right arm Offbreak,2022 - 2026,2026,IPL 2026,DC,14,13.0,5.0,275.0,60.0,34.37,216.0,127.31,0.0,2.0,18.0,9.0,7,0,,,,,,,,,,,2022-06-09,2026-03-04,2023-03-18,2025-09-07,,,,
595978,Tristan Stubbs,2000-08-14,25y 324d,South Africa,Wicketkeeper Batter,Right hand Bat,Right arm Offbreak,2022 - 2026,2025,IPL 2025,DC,14,13.0,7.0,300.0,41.0,50.0,199.0,150.75,0.0,0.0,25.0,11.0,10,1,0.0,20.0,12.0,,,,,0.0,0.0,0.0,2022-06-09,2026-03-04,2023-03-18,2025-09-07,,,,
595978,Tristan Stubbs,2000-08-14,25y 324d,South Africa,Wicketkeeper Batter,Right hand Bat,Right arm Offbreak,2022 - 2026,2024,IPL 2024,DC,14,13.0,6.0,378.0,71.0,54.0,198.0,190.9,0.0,3.0,24.0,26.0,7,0,3.0,7.5,12.0,2/11,2/11,5.0,4.0,0.0,0.0,0.0,2022-06-09,2026-03-04,2023-03-18,2025-09-07,2.0,11.0,2.0,11.0
595978,Tristan Stubbs,2000-08-14,25y 324d,South Africa,Wicketkeeper Batter,Right hand Bat,Right arm Offbreak,2022 - 2026,2023,IPL 2023,MI,2,2.0,0.0,25.0,20.0,12.5,31.0,80.64,0.0,0.0,2.0,0.0,0,0,1.0,7.0,12.0,1/14,1/14,14.0,12.0,0.0,0.0,0.0,2022-06-09,2026-03-04,2023-03-18,2025-09-07,1.0,14.0,1.0,14.0
595978,Tristan Stubbs,2000-08-14,25y 324d,South Africa,Wicketkeeper Batter,Right hand Bat,Right arm Offbreak,2022 - 2026,2022,IPL 2022,MI,2,2.0,0.0,2.0,2.0,1.0,4.0,50.0,0.0,0.0,0.0,0.0,0,0,,,,,,,,,,,2022-06-09,2026-03-04,2023-03-18,2025-09-07,,,,
376116,Umeshkumar Tilak Yadav,1987-10-25,38y 252d,India,Bowler,Right hand Bat,Right arm Fast,2010 - 2023,2024,IPL 2024,GT,7,2.0,1.0,12.0,10.0,12.0,15.0,80.0,0.0,0.0,0.0,1.0,1,0,8.0,10.0,126.0,2/22,2/22,26.25,15.7,0.0,0.0,0.0,2012-08-07,2022-10-04,2010-05-28,2018-10-24,2.0,22.0,2.0,22.0
376116,Umeshkumar Tilak Yadav,1987-10-25,38y 252d,India,Bowler,Right hand Bat,Right arm Fast,2010 - 2023,2023,IPL 2023,KKR,8,5.0,3.0,19.0,6.0,9.5,18.0,105.55,0.0,0.0,1.0,0.0,3,0,1.0,9.94,114.0,1/27,1/27,189.0,114.0,0.0,0.0,0.0,2012-08-07,2022-10-04,2010-05-28,2018-10-24,1.0,27.0,1.0,27.0
376116,Umeshkumar Tilak Yadav,1987-10-25,38y 252d,India,Bowler,Right hand Bat,Right arm Fast,2010 - 2023,2022,IPL 2022,KKR,12,7.0,3.0,55.0,21.0,13.75,40.0,137.5,0.0,0.0,4.0,4.0,5,0,16.0,7.06,288.0,4/23,4/23,21.18,18.0,1.0,0.0,0.0,2012-08-07,2022-10-04,2010-05-28,2018-10-24,4.0,23.0,4.0,23.0
376116,Umeshkumar Tilak Yadav,1987-10-25,38y 252d,India,Bowler,Right hand Bat,Right arm Fast,2010 - 2023,2020/21,IPL 2020/21,RCB,2,1.0,0.0,0.0,0.0,0.0,2.0,0.0,0.0,0.0,0.0,0.0,0,0,0.0,11.85,42.0,,,,,0.0,0.0,0.0,2012-08-07,2022-10-04,2010-05-28,2018-10-24,,,,
376116,Umeshkumar Tilak Yadav,1987-10-25,38y 252d,India,Bowler,Right hand Bat,Right arm Fast,2010 - 2023,2019,IPL 2019,RCB,11,7.0,5.0,25.0,14.0,12.5,25.0,100.0,0.0,0.0,3.0,1.0,4,0,8.0,9.8,227.0,3/36,3/36,46.37,28.3,0.0,0.0,0.0,2012-08-07,2022-10-04,2010-05-28,2018-10-24,3.0,36.0,3.0,36.0
376116,Umeshkumar Tilak Yadav,1987-10-25,38y 252d,India,Bowler,Right hand Bat,Right arm Fast,2010 - 2023,2018,IPL 2018,RCB,14,5.0,1.0,3.0,1.0,0.75,11.0,27.27,0.0,0.0,0.0,0.0,2,0,20.0,7.86,319.0,3/23,3/23,20.9,15.9,0.0,0.0,0.0,2012-08-07,2022-10-04,2010-05-28,2018-10-24,3.0,23.0,3.0,23.0
376116,Umeshkumar Tilak Yadav,1987-10-25,38y 252d,India,Bowler,Right hand Bat,Right arm Fast,2010 - 2023,2017,IPL 2017,KKR,14,4.0,4.0,10.0,4.0,,13.0,76.92,0.0,0.0,0.0,0.0,4,0,17.0,8.45,291.0,4/33,4/33,24.11,17.1,1.0,0.0,0.0,2012-08-07,2022-10-04,2010-05-28,2018-10-24,4.0,33.0,4.0,33.0
376116,Umeshkumar Tilak Yadav,1987-10-25,38y 252d,India,Bowler,Right hand Bat,Right arm Fast,2010 - 2023,2016,IPL 2016,KKR,9,2.0,1.0,9.0,7.0,9.0,5.0,180.0,0.0,0.0,0.0,1.0,1,0,10.0,9.0,156.0,3/28,3/28,23.4,15.6,0.0,0.0,0.0,2012-08-07,2022-10-04,2010-05-28,2018-10-24,3.0,28.0,3.0,28.0
376116,Umeshkumar Tilak Yadav,1987-10-25,38y 252d,India,Bowler,Right hand Bat,Right arm Fast,2010 - 2023,2015,IPL 2015,KKR,12,4.0,3.0,29.0,24.0,29.0,14.0,207.14,0.0,0.0,5.0,1.0,5,0,10.0,9.09,252.0,3/33,3/33,38.2,25.2,0.0,0.0,0.0,2012-08-07,2022-10-04,2010-05-28,2018-10-24,3.0,33.0,3.0,33.0
376116,Umeshkumar Tilak Yadav,1987-10-25,38y 252d,India,Bowler,Right hand Bat,Right arm Fast,2010 - 2023,2014,IPL 2014,KKR,12,1.0,0.0,2.0,2.0,2.0,4.0,50.0,0.0,0.0,0.0,0.0,2,0,11.0,8.15,270.0,3/13,3/13,33.36,24.5,0.0,0.0,0.0,2012-08-07,2022-10-04,2010-05-28,2018-10-24,3.0,13.0,3.0,13.0
376116,Umeshkumar Tilak Yadav,1987-10-25,38y 252d,India,Bowler,Right hand Bat,Right arm Fast,2010 - 2023,2013,IPL 2013,DC,16,8.0,7.0,38.0,12.0,38.0,38.0,100.0,0.0,0.0,3.0,1.0,5,0,16.0,8.78,347.0,4/24,4/24,31.75,21.6,1.0,0.0,0.0,2012-08-07,2022-10-04,2010-05-28,2018-10-24,4.0,24.0,4.0,24.0
376116,Umeshkumar Tilak Yadav,1987-10-25,38y 252d,India,Bowler,Right hand Bat,Right arm Fast,2010 - 2023,2012,IPL 2012,DC,17,3.0,1.0,2.0,1.0,1.0,7.0,28.57,0.0,0.0,0.0,0.0,2,0,19.0,7.42,366.0,3/19,3/19,23.84,19.2,0.0,0.0,0.0,2012-08-07,2022-10-04,2010-05-28,2018-10-24,3.0,19.0,3.0,19.0
376116,Umeshkumar Tilak Yadav,1987-10-25,38y 252d,India,Bowler,Right hand Bat,Right arm Fast,2010 - 2023,2011,IPL 2011,DC,7,2.0,1.0,1.0,1.0,1.0,5.0,20.0,0.0,0.0,0.0,0.0,3,0,2.0,9.38,108.0,2/29,2/29,84.5,54.0,0.0,0.0,0.0,2012-08-07,2022-10-04,2010-05-28,2018-10-24,2.0,29.0,2.0,29.0
376116,Umeshkumar Tilak Yadav,1987-10-25,38y 252d,India,Bowler,Right hand Bat,Right arm Fast,2010 - 2023,2009/10,IPL 2009/10,DC,7,1.0,1.0,3.0,3.0,,4.0,75.0,0.0,0.0,0.0,0.0,1,0,6.0,7.66,144.0,2/24,2/24,30.66,24.0,0.0,0.0,0.0,2012-08-07,2022-10-04,2010-05-28,2018-10-24,2.0,24.0,2.0,24.0
446499,Unmukt Bharat Thakur Chand,1993-03-26,33y 100d,United States of America,Wicketkeeper Batter,Right hand Bat,Right arm Offbreak,,2016,IPL 2016,MI,1,1.0,0.0,0.0,0.0,0.0,4.0,0.0,0.0,0.0,0.0,0.0,0,0,,,,,,,,,,,,,,,,,,
446499,Unmukt Bharat Thakur Chand,1993-03-26,33y 100d,United States of America,Wicketkeeper Batter,Right hand Bat,Right arm Offbreak,,2015,IPL 2015,MI,6,5.0,0.0,102.0,58.0,20.4,83.0,122.89,0.0,1.0,13.0,2.0,3,0,,,,,,,,,,,,,,,,,,
446499,Unmukt Bharat Thakur Chand,1993-03-26,33y 100d,United States of America,Wicketkeeper Batter,Right hand Bat,Right arm Offbreak,,2014,IPL 2014,RR,1,1.0,0.0,2.0,2.0,2.0,9.0,22.22,0.0,0.0,0.0,0.0,0,0,,,,,,,,,,,,,,,,,,
446499,Unmukt Bharat Thakur Chand,1993-03-26,33y 100d,United States of America,Wicketkeeper Batter,Right hand Bat,Right arm Offbreak,,2013,IPL 2013,DC,9,9.0,0.0,158.0,41.0,17.55,158.0,100.0,0.0,0.0,17.0,4.0,4,0,,,,,,,,,,,,,,,,,,
446499,Unmukt Bharat Thakur Chand,1993-03-26,33y 100d,United States of America,Wicketkeeper Batter,Right hand Bat,Right arm Offbreak,,2012,IPL 2012,DC,2,2.0,0.0,36.0,18.0,18.0,34.0,105.88,0.0,0.0,2.0,3.0,1,0,,,,,,,,,,,,,,,,,,
446499,Unmukt Bharat Thakur Chand,1993-03-26,33y 100d,United States of America,Wicketkeeper Batter,Right hand Bat,Right arm Offbreak,,2011,IPL 2011,DC,2,2.0,0.0,2.0,2.0,1.0,12.0,16.66,0.0,0.0,0.0,0.0,0,0,,,,,,,,,,,,,,,,,,
360911,Varun Raymond Aaron,1989-10-29,36y 248d,India,Bowler,Right hand Bat,Right arm Fast,2011 - 2015,2022,IPL 2022,GT,2,,,,,,,,,,,,0,0,2.0,10.4,30.0,2/45,2/45,26.0,15.0,0.0,0.0,0.0,,,2011-10-23,2014-11-02,2.0,45.0,2.0,45.0
360911,Varun Raymond Aaron,1989-10-29,36y 248d,India,Bowler,Right hand Bat,Right arm Fast,2011 - 2015,2020/21,IPL 2020/21,RR,3,2.0,1.0,1.0,1.0,1.0,10.0,10.0,0.0,0.0,0.0,0.0,0,0,0.0,11.75,48.0,,,,,0.0,0.0,0.0,,,2011-10-23,2014-11-02,,,,
360911,Varun Raymond Aaron,1989-10-29,36y 248d,India,Bowler,Right hand Bat,Right arm Fast,2011 - 2015,2019,IPL 2019,RR,5,1.0,1.0,3.0,3.0,,7.0,42.85,0.0,0.0,0.0,0.0,1,0,4.0,9.66,72.0,2/20,2/20,29.0,18.0,0.0,0.0,0.0,,,2011-10-23,2014-11-02,2.0,20.0,2.0,20.0
360911,Varun Raymond Aaron,1989-10-29,36y 248d,India,Bowler,Right hand Bat,Right arm Fast,2011 - 2015,2017,IPL 2017,PBKS,6,2.0,1.0,4.0,4.0,4.0,10.0,40.0,0.0,0.0,0.0,0.0,0,0,7.0,8.15,120.0,2/3,2/3,23.28,17.1,0.0,0.0,0.0,,,2011-10-23,2014-11-02,2.0,3.0,2.0,3.0
360911,Varun Raymond Aaron,1989-10-29,36y 248d,India,Bowler,Right hand Bat,Right arm Fast,2011 - 2015,2016,IPL 2016,RCB,8,1.0,1.0,0.0,0.0,,0.0,,0.0,0.0,0.0,0.0,0,0,2.0,9.59,142.0,2/37,2/37,113.5,71.0,0.0,0.0,0.0,,,2011-10-23,2014-11-02,2.0,37.0,2.0,37.0
360911,Varun Raymond Aaron,1989-10-29,36y 248d,India,Bowler,Right hand Bat,Right arm Fast,2011 - 2015,2015,IPL 2015,RCB,6,1.0,0.0,6.0,6.0,6.0,3.0,200.0,0.0,0.0,0.0,1.0,1,0,3.0,10.21,104.0,2/24,2/24,59.0,34.6,0.0,0.0,0.0,,,2011-10-23,2014-11-02,2.0,24.0,2.0,24.0
360911,Varun Raymond Aaron,1989-10-29,36y 248d,India,Bowler,Right hand Bat,Right arm Fast,2011 - 2015,2014,IPL 2014,RCB,10,3.0,3.0,35.0,17.0,,34.0,102.94,0.0,0.0,2.0,1.0,0,0,16.0,8.15,220.0,3/16,3/16,18.68,13.7,0.0,0.0,0.0,,,2011-10-23,2014-11-02,3.0,16.0,3.0,16.0
360911,Varun Raymond Aaron,1989-10-29,36y 248d,India,Bowler,Right hand Bat,Right arm Fast,2011 - 2015,2012,IPL 2012,DC,8,2.0,0.0,1.0,1.0,0.5,3.0,33.33,0.0,0.0,0.0,0.0,1,0,8.0,8.74,186.0,2/19,2/19,33.87,23.2,0.0,0.0,0.0,,,2011-10-23,2014-11-02,2.0,19.0,2.0,19.0
360911,Varun Raymond Aaron,1989-10-29,36y 248d,India,Bowler,Right hand Bat,Right arm Fast,2011 - 2015,2011,IPL 2011,DC,4,1.0,1.0,0.0,0.0,,5.0,0.0,0.0,0.0,0.0,0.0,0,0,2.0,6.83,72.0,1/20,1/20,41.0,36.0,0.0,0.0,0.0,,,2011-10-23,2014-11-02,1.0,20.0,1.0,20.0
35805,Yalaka Venugopal Rao,1982-02-26,44y 128d,India,Middle order Batter,Right hand Bat,Right arm Offbreak,2005 - 2006,2014,IPL 2014,SRH,7,5.0,2.0,71.0,27.0,23.66,63.0,112.69,0.0,0.0,8.0,0.0,2,0,0.0,8.0,12.0,,,,,0.0,0.0,0.0,,,2005-07-30,2006-05-23,,,,
35805,Yalaka Venugopal Rao,1982-02-26,44y 128d,India,Middle order Batter,Right hand Bat,Right arm Offbreak,2005 - 2006,2013,IPL 2013,DC,1,,,,,,,,,,,,0,0,,,,,,,,,,,,,2005-07-30,2006-05-23,,,,
35805,Yalaka Venugopal Rao,1982-02-26,44y 128d,India,Middle order Batter,Right hand Bat,Right arm Offbreak,2005 - 2006,2012,IPL 2012,DC,10,7.0,1.0,132.0,36.0,22.0,126.0,104.76,0.0,0.0,8.0,5.0,0,0,0.0,13.0,12.0,,,,,0.0,0.0,0.0,,,2005-07-30,2006-05-23,,,,
35805,Yalaka Venugopal Rao,1982-02-26,44y 128d,India,Middle order Batter,Right hand Bat,Right arm Offbreak,2005 - 2006,2011,IPL 2011,DC,14,14.0,2.0,336.0,60.0,28.0,280.0,120.0,0.0,1.0,30.0,13.0,4,0,0.0,13.0,12.0,,,,,0.0,0.0,0.0,,,2005-07-30,2006-05-23,,,,
35805,Yalaka Venugopal Rao,1982-02-26,44y 128d,India,Middle order Batter,Right hand Bat,Right arm Offbreak,2005 - 2006,2009/10,IPL 2009/10,DCH,6,5.0,1.0,34.0,24.0,8.5,43.0,79.06,0.0,0.0,3.0,1.0,0,0,0.0,10.0,6.0,,,,,0.0,0.0,0.0,,,2005-07-30,2006-05-23,,,,
35805,Yalaka Venugopal Rao,1982-02-26,44y 128d,India,Middle order Batter,Right hand Bat,Right arm Offbreak,2005 - 2006,2009,IPL 2009,DCH,16,13.0,2.0,124.0,32.0,11.27,114.0,108.77,0.0,0.0,6.0,3.0,7,0,4.0,8.13,90.0,2/23,2/23,30.5,22.5,0.0,0.0,0.0,,,2005-07-30,2006-05-23,2.0,23.0,2.0,23.0
35805,Yalaka Venugopal Rao,1982-02-26,44y 128d,India,Middle order Batter,Right hand Bat,Right arm Offbreak,2005 - 2006,2007/08,IPL 2007/08,DCH,11,10.0,2.0,288.0,71.0,36.0,210.0,137.14,0.0,2.0,22.0,15.0,0,0,2.0,9.78,84.0,2/25,2/25,68.5,42.0,0.0,0.0,0.0,,,2005-07-30,2006-05-23,2.0,25.0,2.0,25.0
1449074,Vipraj Nigam,2004-07-28,21y 341d,India,Bowler,Right hand Bat,Legbreak,,2026,IPL 2026,DC,5,2.0,1.0,15.0,12.0,15.0,10.0,150.0,0.0,0.0,2.0,0.0,0,0,2.0,12.55,54.0,1/24,1/24,56.5,27.0,0.0,0.0,0.0,,,,,1.0,24.0,1.0,24.0
1449074,Vipraj Nigam,2004-07-28,21y 341d,India,Bowler,Right hand Bat,Legbreak,,2025,IPL 2025,DC,14,8.0,1.0,142.0,39.0,20.28,79.0,179.74,0.0,0.0,15.0,8.0,3,0,11.0,9.12,234.0,2/18,2/18,32.36,21.2,0.0,0.0,0.0,,,,,2.0,18.0,2.0,18.0
35263,Virender Sehwag,1978-10-20,47y 257d,India,Top order Batter,Right hand Bat,Right arm Offbreak,1999 - 2013,2015,IPL 2015,PBKS,8,8.0,0.0,99.0,47.0,12.37,84.0,117.85,0.0,0.0,12.0,3.0,0,0,,,,,,,,,,,2006-12-01,2012-10-02,1999-04-01,2013-01-03,,,,
35263,Virender Sehwag,1978-10-20,47y 257d,India,Top order Batter,Right hand Bat,Right arm Offbreak,1999 - 2013,2014,IPL 2014,PBKS,17,17.0,0.0,455.0,122.0,26.76,315.0,144.44,1.0,1.0,56.0,18.0,5,0,,,,,,,,,,,2006-12-01,2012-10-02,1999-04-01,2013-01-03,,,,
35263,Virender Sehwag,1978-10-20,47y 257d,India,Top order Batter,Right hand Bat,Right arm Offbreak,1999 - 2013,2013,IPL 2013,DC,13,13.0,1.0,295.0,95.0,24.58,233.0,126.6,0.0,1.0,41.0,6.0,5,0,0.0,9.0,6.0,,,,,0.0,0.0,0.0,2006-12-01,2012-10-02,1999-04-01,2013-01-03,,,,
35263,Virender Sehwag,1978-10-20,47y 257d,India,Top order Batter,Right hand Bat,Right arm Offbreak,1999 - 2013,2012,IPL 2012,DC,16,16.0,1.0,495.0,87.0,33.0,307.0,161.23,0.0,5.0,57.0,19.0,7,0,0.0,11.25,24.0,,,,,0.0,0.0,0.0,2006-12-01,2012-10-02,1999-04-01,2013-01-03,,,,
35263,Virender Sehwag,1978-10-20,47y 257d,India,Top order Batter,Right hand Bat,Right arm Offbreak,1999 - 2013,2011,IPL 2011,DC,11,11.0,0.0,424.0,119.0,38.54,240.0,176.66,1.0,2.0,51.0,18.0,9,0,,,,,,,,,,,2006-12-01,2012-10-02,1999-04-01,2013-01-03,,,,
35263,Virender Sehwag,1978-10-20,47y 257d,India,Top order Batter,Right hand Bat,Right arm Offbreak,1999 - 2013,2009/10,IPL 2009/10,DC,14,14.0,0.0,356.0,75.0,25.42,218.0,163.3,0.0,3.0,47.0,14.0,2,0,3.0,4.05,34.0,2/18,2/18,7.66,11.3,0.0,0.0,0.0,2006-12-01,2012-10-02,1999-04-01,2013-01-03,2.0,18.0,2.0,18.0
35263,Virender Sehwag,1978-10-20,47y 257d,India,Top order Batter,Right hand Bat,Right arm Offbreak,1999 - 2013,2009,IPL 2009,DC,11,11.0,1.0,198.0,50.0,19.8,138.0,143.47,0.0,1.0,24.0,7.0,3,0,0.0,25.0,6.0,,,,,0.0,0.0,0.0,2006-12-01,2012-10-02,1999-04-01,2013-01-03,,,,
35263,Virender Sehwag,1978-10-20,47y 257d,India,Top order Batter,Right hand Bat,Right arm Offbreak,1999 - 2013,2007/08,IPL 2007/08,DC,14,14.0,2.0,406.0,94.0,33.83,220.0,184.54,0.0,3.0,46.0,21.0,3,0,3.0,12.09,66.0,1/2,1/2,44.33,22.0,0.0,0.0,0.0,2006-12-01,2012-10-02,1999-04-01,2013-01-03,1.0,2.0,1.0,2.0
265564,Wayne Dillon Parnell,1989-07-30,36y 339d,South Africa,Bowler,Left hand Bat,Left arm Medium fast,2009 - 2023,2023,IPL 2023,RCB,7,1.0,0.0,2.0,2.0,2.0,5.0,40.0,0.0,0.0,0.0,0.0,4,0,9.0,9.37,151.0,3/10,3/10,26.22,16.7,0.0,0.0,0.0,2009-01-13,2023-03-28,2009-01-30,2023-03-21,3.0,10.0,3.0,10.0
265564,Wayne Dillon Parnell,1989-07-30,36y 339d,South Africa,Bowler,Left hand Bat,Left arm Medium fast,2009 - 2023,2014,IPL 2014,DC,8,2.0,1.0,2.0,2.0,2.0,2.0,100.0,0.0,0.0,0.0,0.0,2,0,6.0,7.39,181.0,2/21,2/21,37.16,30.1,0.0,0.0,0.0,2009-01-13,2023-03-28,2009-01-30,2023-03-21,2.0,21.0,2.0,21.0
265564,Wayne Dillon Parnell,1989-07-30,36y 339d,South Africa,Bowler,Left hand Bat,Left arm Medium fast,2009 - 2023,2013,IPL 2013,PWI,4,1.0,0.0,5.0,5.0,5.0,7.0,71.42,0.0,0.0,0.0,0.0,1,0,6.0,9.23,89.0,3/27,3/27,22.83,14.8,0.0,0.0,0.0,2009-01-13,2023-03-28,2009-01-30,2023-03-21,3.0,27.0,3.0,27.0
265564,Wayne Dillon Parnell,1989-07-30,36y 339d,South Africa,Bowler,Left hand Bat,Left arm Medium fast,2009 - 2023,2012,IPL 2012,PWI,6,5.0,1.0,19.0,11.0,4.75,27.0,70.37,0.0,0.0,2.0,0.0,1,0,5.0,6.09,126.0,2/18,2/18,25.6,25.2,0.0,0.0,0.0,2009-01-13,2023-03-28,2009-01-30,2023-03-21,2.0,18.0,2.0,18.0
265564,Wayne Dillon Parnell,1989-07-30,36y 339d,South Africa,Bowler,Left hand Bat,Left arm Medium fast,2009 - 2023,2011,IPL 2011,PWI,8,5.0,2.0,37.0,16.0,12.33,39.0,94.87,0.0,0.0,2.0,1.0,1,0,9.0,7.26,176.0,3/35,3/35,23.66,19.5,0.0,0.0,0.0,2009-01-13,2023-03-28,2009-01-30,2023-03-21,3.0,35.0,3.0,35.0
1292498,Yash Vijay Dhull,2002-11-11,23y 235d,India,Top order Batter,Right hand Bat,Right arm Offbreak,,2023,IPL 2023,DC,4,3.0,0.0,16.0,13.0,5.33,23.0,69.56,0.0,0.0,1.0,0.0,2,0,,,,,,,,,,,,,,,,,,
317786,Yogesh Nagar,1990-01-06,36y 179d,India,Allrounder,Right hand Bat,Right arm Offbreak,,2012,IPL 2012,DC,13,8.0,3.0,153.0,44.0,30.6,133.0,115.03,0.0,0.0,13.0,3.0,4,0,0.0,10.0,6.0,,,,,0.0,0.0,0.0,,,,,,,,
317786,Yogesh Nagar,1990-01-06,36y 179d,India,Allrounder,Right hand Bat,Right arm Offbreak,,2011,IPL 2011,DC,11,10.0,3.0,111.0,23.0,15.85,100.0,111.0,0.0,0.0,6.0,6.0,1,0,1.0,13.4,30.0,1/3,1/3,67.0,30.0,0.0,0.0,0.0,,,,,1.0,3.0,1.0,3.0
317786,Yogesh Nagar,1990-01-06,36y 179d,India,Allrounder,Right hand Bat,Right arm Offbreak,,2009/10,IPL 2009/10,DC,1,1.0,0.0,1.0,1.0,1.0,6.0,16.66,0.0,0.0,0.0,0.0,0,0,1.0,9.33,18.0,1/28,1/28,28.0,18.0,0.0,0.0,0.0,,,,,1.0,28.0,1.0,28.0
317786,Yogesh Nagar,1990-01-06,36y 179d,India,Allrounder,Right hand Bat,Right arm Offbreak,,2009,IPL 2009,DC,1,1.0,0.0,20.0,20.0,20.0,20.0,100.0,0.0,0.0,1.0,0.0,1,0,2.0,10.0,12.0,2/20,2/20,10.0,6.0,0.0,0.0,0.0,,,,,2.0,20.0,2.0,20.0
36084,Yuvraj Singh,1981-12-12,44y 204d,India,Middle order Batter,Left hand Bat,Slow Left arm Orthodox,2000 - 2017,2019,IPL 2019,MI,4,4.0,0.0,98.0,53.0,24.5,75.0,130.66,0.0,1.0,7.0,6.0,0,0,,,,,,,,,,,2007-09-13,2017-02-01,2000-10-03,2017-06-30,,,,
36084,Yuvraj Singh,1981-12-12,44y 204d,India,Middle order Batter,Left hand Bat,Slow Left arm Orthodox,2000 - 2017,2018,IPL 2018,PBKS,8,6.0,0.0,65.0,20.0,10.83,73.0,89.04,0.0,0.0,6.0,2.0,1,0,0.0,11.5,12.0,,,,,0.0,0.0,0.0,2007-09-13,2017-02-01,2000-10-03,2017-06-30,,,,
36084,Yuvraj Singh,1981-12-12,44y 204d,India,Middle order Batter,Left hand Bat,Slow Left arm Orthodox,2000 - 2017,2017,IPL 2017,SRH,12,11.0,2.0,252.0,70.0,28.0,177.0,142.37,0.0,2.0,30.0,8.0,3,0,1.0,11.0,12.0,1/6,1/6,22.0,12.0,0.0,0.0,0.0,2007-09-13,2017-02-01,2000-10-03,2017-06-30,1.0,6.0,1.0,6.0
36084,Yuvraj Singh,1981-12-12,44y 204d,India,Middle order Batter,Left hand Bat,Slow Left arm Orthodox,2000 - 2017,2016,IPL 2016,SRH,10,10.0,1.0,236.0,44.0,26.22,179.0,131.84,0.0,0.0,22.0,13.0,1,0,0.0,8.43,37.0,,,,,0.0,0.0,0.0,2007-09-13,2017-02-01,2000-10-03,2017-06-30,,,,
36084,Yuvraj Singh,1981-12-12,44y 204d,India,Middle order Batter,Left hand Bat,Slow Left arm Orthodox,2000 - 2017,2015,IPL 2015,DC,14,13.0,0.0,248.0,57.0,19.07,210.0,118.09,0.0,2.0,23.0,10.0,2,0,1.0,8.0,54.0,1/14,1/14,72.0,54.0,0.0,0.0,0.0,2007-09-13,2017-02-01,2000-10-03,2017-06-30,1.0,14.0,1.0,14.0
36084,Yuvraj Singh,1981-12-12,44y 204d,India,Middle order Batter,Left hand Bat,Slow Left arm Orthodox,2000 - 2017,2014,IPL 2014,RCB,14,14.0,3.0,376.0,83.0,34.18,278.0,135.25,0.0,3.0,22.0,28.0,4,0,5.0,8.25,136.0,4/35,4/35,37.4,27.2,1.0,0.0,0.0,2007-09-13,2017-02-01,2000-10-03,2017-06-30,4.0,35.0,4.0,35.0
36084,Yuvraj Singh,1981-12-12,44y 204d,India,Middle order Batter,Left hand Bat,Slow Left arm Orthodox,2000 - 2017,2013,IPL 2013,PWI,13,13.0,1.0,238.0,34.0,19.83,190.0,125.26,0.0,0.0,14.0,15.0,1,0,6.0,6.9,132.0,2/27,2/27,25.33,22.0,0.0,0.0,0.0,2007-09-13,2017-02-01,2000-10-03,2017-06-30,2.0,27.0,2.0,27.0
36084,Yuvraj Singh,1981-12-12,44y 204d,India,Middle order Batter,Left hand Bat,Slow Left arm Orthodox,2000 - 2017,2011,IPL 2011,PWI,14,13.0,3.0,343.0,66.0,34.3,261.0,131.41,0.0,2.0,24.0,18.0,5,0,9.0,6.62,174.0,4/29,4/29,21.33,19.3,1.0,0.0,0.0,2007-09-13,2017-02-01,2000-10-03,2017-06-30,4.0,29.0,4.0,29.0
36084,Yuvraj Singh,1981-12-12,44y 204d,India,Middle order Batter,Left hand Bat,Slow Left arm Orthodox,2000 - 2017,2009/10,IPL 2009/10,PBKS,14,14.0,2.0,255.0,43.0,21.25,199.0,128.14,0.0,0.0,20.0,14.0,2,0,5.0,6.6,138.0,2/21,2/21,30.4,27.6,0.0,0.0,0.0,2007-09-13,2017-02-01,2000-10-03,2017-06-30,2.0,21.0,2.0,21.0
36084,Yuvraj Singh,1981-12-12,44y 204d,India,Middle order Batter,Left hand Bat,Slow Left arm Orthodox,2000 - 2017,2009,IPL 2009,PBKS,14,14.0,2.0,340.0,58.0,28.33,294.0,115.64,0.0,2.0,25.0,16.0,5,0,6.0,7.1,120.0,3/13,3/13,23.66,20.0,0.0,0.0,0.0,2007-09-13,2017-02-01,2000-10-03,2017-06-30,3.0,13.0,3.0,13.0
36084,Yuvraj Singh,1981-12-12,44y 204d,India,Middle order Batter,Left hand Bat,Slow Left arm Orthodox,2000 - 2017,2007/08,IPL 2007/08,PBKS,15,14.0,1.0,299.0,57.0,23.0,184.0,162.5,0.0,1.0,24.0,19.0,7,0,3.0,9.22,54.0,2/12,2/12,27.66,18.0,0.0,0.0,0.0,2007-09-13,2017-02-01,2000-10-03,2017-06-30,2.0,12.0,2.0,12.0
30102,Zaheer Khan,1978-10-08,47y 269d,India,Bowler,Right hand Bat,Left arm Fast medium,2000 - 2014,2017,IPL 2017,DC,11,3.0,2.0,4.0,2.0,4.0,13.0,30.76,0.0,0.0,0.0,0.0,4,0,10.0,7.79,241.0,3/20,3/20,31.3,24.1,0.0,0.0,0.0,2006-12-01,2012-10-02,2000-10-03,2012-08-04,3.0,20.0,3.0,20.0
30102,Zaheer Khan,1978-10-08,47y 269d,India,Bowler,Right hand Bat,Left arm Fast medium,2000 - 2014,2016,IPL 2016,DC,12,2.0,0.0,6.0,4.0,3.0,13.0,46.15,0.0,0.0,1.0,0.0,0,0,10.0,7.71,262.0,3/21,3/21,33.7,26.2,0.0,0.0,0.0,2006-12-01,2012-10-02,2000-10-03,2012-08-04,3.0,21.0,3.0,21.0
30102,Zaheer Khan,1978-10-08,47y 269d,India,Bowler,Right hand Bat,Left arm Fast medium,2000 - 2014,2015,IPL 2015,DC,7,,,,,,,,,,,,0,0,7.0,6.45,145.0,2/9,2/9,22.28,20.7,0.0,0.0,0.0,2006-12-01,2012-10-02,2000-10-03,2012-08-04,2.0,9.0,2.0,9.0
30102,Zaheer Khan,1978-10-08,47y 269d,India,Bowler,Right hand Bat,Left arm Fast medium,2000 - 2014,2014,IPL 2014,MI,6,4.0,3.0,8.0,7.0,8.0,7.0,114.28,0.0,0.0,0.0,1.0,0,0,5.0,6.53,134.0,2/21,2/21,29.2,26.8,0.0,0.0,0.0,2006-12-01,2012-10-02,2000-10-03,2012-08-04,2.0,21.0,2.0,21.0
30102,Zaheer Khan,1978-10-08,47y 269d,India,Bowler,Right hand Bat,Left arm Fast medium,2000 - 2014,2013,IPL 2013,RCB,2,,,,,,,,,,,,1,0,5.0,7.83,36.0,4/17,4/17,9.4,7.2,1.0,0.0,0.0,2006-12-01,2012-10-02,2000-10-03,2012-08-04,4.0,17.0,4.0,17.0
30102,Zaheer Khan,1978-10-08,47y 269d,India,Bowler,Right hand Bat,Left arm Fast medium,2000 - 2014,2012,IPL 2012,RCB,16,5.0,3.0,12.0,11.0,6.0,17.0,70.58,0.0,0.0,1.0,0.0,5,0,17.0,7.55,360.0,3/38,3/38,26.64,21.1,0.0,0.0,0.0,2006-12-01,2012-10-02,2000-10-03,2012-08-04,3.0,38.0,3.0,38.0
30102,Zaheer Khan,1978-10-08,47y 269d,India,Bowler,Right hand Bat,Left arm Fast medium,2000 - 2014,2011,IPL 2011,RCB,15,2.0,0.0,21.0,21.0,10.5,24.0,87.5,0.0,0.0,2.0,0.0,4,0,14.0,7.71,354.0,3/32,3/32,32.5,25.2,0.0,0.0,0.0,2006-12-01,2012-10-02,2000-10-03,2012-08-04,3.0,32.0,3.0,32.0
30102,Zaheer Khan,1978-10-08,47y 269d,India,Bowler,Right hand Bat,Left arm Fast medium,2000 - 2014,2009/10,IPL 2009/10,MI,14,4.0,3.0,24.0,23.0,24.0,13.0,184.61,0.0,0.0,3.0,1.0,4,0,15.0,7.77,290.0,3/21,3/21,25.06,19.3,0.0,0.0,0.0,2006-12-01,2012-10-02,2000-10-03,2012-08-04,3.0,21.0,3.0,21.0
30102,Zaheer Khan,1978-10-08,47y 269d,India,Bowler,Right hand Bat,Left arm Fast medium,2000 - 2014,2009,IPL 2009,MI,6,4.0,3.0,8.0,4.0,8.0,11.0,72.72,0.0,0.0,0.0,0.0,2,0,6.0,6.76,126.0,3/31,3/31,23.66,21.0,0.0,0.0,0.0,2006-12-01,2012-10-02,2000-10-03,2012-08-04,3.0,31.0,3.0,31.0
30102,Zaheer Khan,1978-10-08,47y 269d,India,Bowler,Right hand Bat,Left arm Fast medium,2000 - 2014,2007/08,IPL 2007/08,RCB,11,8.0,4.0,34.0,17.0,8.5,43.0,79.06,0.0,0.0,4.0,0.0,1,0,13.0,8.5,252.0,3/38,3/38,27.46,19.3,0.0,0.0,0.0,2006-12-01,2012-10-02,2000-10-03,2012-08-04,3.0,38.0,3.0,38.0
29702,Abhishek Arunkumar Jhunjhunwala,1982-12-01,43y 215d,India,Batter,Right hand Bat,Right arm Offbreak,,2012,IPL 2012,DCH,5,3.0,1.0,24.0,19.0,12.0,26.0,92.3,0.0,0.0,1.0,1.0,2,0,1.0,6.33,36.0,1/13,1/13,38.0,36.0,0.0,0.0,0.0,,,,,1.0,13.0,1.0,13.0
29702,Abhishek Arunkumar Jhunjhunwala,1982-12-01,43y 215d,India,Batter,Right hand Bat,Right arm Offbreak,,2011,IPL 2011,PWI,3,2.0,0.0,10.0,10.0,5.0,18.0,55.55,0.0,0.0,2.0,0.0,4,0,0.0,11.0,12.0,,,,,0.0,0.0,0.0,,,,,,,,
29702,Abhishek Arunkumar Jhunjhunwala,1982-12-01,43y 215d,India,Batter,Right hand Bat,Right arm Offbreak,,2009/10,IPL 2009/10,RR,13,11.0,2.0,183.0,53.0,20.33,166.0,110.24,0.0,1.0,16.0,4.0,4,0,0.0,11.18,37.0,,,,,0.0,0.0,0.0,,,,,,,,
5390,Adam Craig Gilchrist,1971-11-14,54y 232d,Australia,Wicketkeeper Batter,Left hand Bat,Right arm Offbreak,1996 - 2008,2013,IPL 2013,PBKS,13,13.0,1.0,294.0,85.0,24.5,229.0,128.38,0.0,1.0,41.0,6.0,12,0,1.0,0.0,1.0,1/0,1/0,0.0,1.0,0.0,0.0,0.0,2005-02-17,2008-02-01,1996-10-25,2008-03-04,1.0,0.0,1.0,0.0
5390,Adam Craig Gilchrist,1971-11-14,54y 232d,Australia,Wicketkeeper Batter,Left hand Bat,Right arm Offbreak,1996 - 2008,2012,IPL 2012,PBKS,7,7.0,2.0,172.0,64.0,34.4,143.0,120.27,0.0,1.0,21.0,4.0,5,0,,,,,,,,,,,2005-02-17,2008-02-01,1996-10-25,2008-03-04,,,,
5390,Adam Craig Gilchrist,1971-11-14,54y 232d,Australia,Wicketkeeper Batter,Left hand Bat,Right arm Offbreak,1996 - 2008,2011,IPL 2011,PBKS,14,14.0,0.0,383.0,106.0,27.35,295.0,129.83,1.0,2.0,41.0,18.0,9,3,,,,,,,,,,,2005-02-17,2008-02-01,1996-10-25,2008-03-04,,,,
5390,Adam Craig Gilchrist,1971-11-14,54y 232d,Australia,Wicketkeeper Batter,Left hand Bat,Right arm Offbreak,1996 - 2008,2009/10,IPL 2009/10,DCH,16,16.0,0.0,289.0,54.0,18.06,185.0,156.21,0.0,1.0,31.0,16.0,9,4,,,,,,,,,,,2005-02-17,2008-02-01,1996-10-25,2008-03-04,,,,
5390,Adam Craig Gilchrist,1971-11-14,54y 232d,Australia,Wicketkeeper Batter,Left hand Bat,Right arm Offbreak,1996 - 2008,2009,IPL 2009,DCH,16,16.0,0.0,495.0,85.0,30.93,325.0,152.3,0.0,3.0,54.0,29.0,10,8,,,,,,,,,,,2005-02-17,2008-02-01,1996-10-25,2008-03-04,,,,
5390,Adam Craig Gilchrist,1971-11-14,54y 232d,Australia,Wicketkeeper Batter,Left hand Bat,Right arm Offbreak,1996 - 2008,2007/08,IPL 2007/08,DCH,14,14.0,1.0,436.0,109.0,33.53,318.0,137.1,1.0,3.0,51.0,19.0,6,1,,,,,,,,,,,2005-02-17,2008-02-01,1996-10-25,2008-03-04,,,,
376109,Produturi Akshath Reddy,1991-02-11,35y 143d,India,Opening Batter,Right hand Bat,Legbreak,,2013,IPL 2013,SRH,7,7.0,0.0,91.0,27.0,13.0,101.0,90.09,0.0,0.0,9.0,0.0,2,0,,,,,,,,,,,,,,,,,,
376109,Produturi Akshath Reddy,1991-02-11,35y 143d,India,Opening Batter,Right hand Bat,Legbreak,,2012,IPL 2012,DCH,5,4.0,1.0,73.0,42.0,24.33,59.0,123.72,0.0,0.0,6.0,2.0,0,0,,,,,,,,,,,,,,,,,,
26797,Anand Rajan,1987-04-17,39y 78d,India,Bowler,Right hand Bat,Right arm Medium,,2013,IPL 2013,SRH,2,,,,,,,,,,,,1,0,2.0,5.25,48.0,1/20,1/20,21.0,24.0,0.0,0.0,0.0,,,,,1.0,20.0,1.0,20.0
26797,Anand Rajan,1987-04-17,39y 78d,India,Bowler,Right hand Bat,Right arm Medium,,2012,IPL 2012,DCH,4,,,,,,,,,,,,0,0,3.0,9.21,71.0,1/11,1/11,36.33,23.6,0.0,0.0,0.0,,,,,1.0,11.0,1.0,11.0
26797,Anand Rajan,1987-04-17,39y 78d,India,Bowler,Right hand Bat,Right arm Medium,,2011,IPL 2011,DCH,2,,,,,,,,,,,,2,0,3.0,10.0,30.0,3/27,3/27,16.66,10.0,0.0,0.0,0.0,,,,,3.0,27.0,3.0,27.0
7702,Andrew Symonds,1975-06-09,,Australia,Allrounder,Right hand Bat,"Right arm Medium, Right arm Offbreak",1998 - 2009,2011,IPL 2011,MI,11,9.0,5.0,135.0,44.0,33.75,138.0,97.82,0.0,0.0,9.0,3.0,5,0,1.0,10.25,24.0,1/11,1/11,41.0,24.0,0.0,0.0,0.0,2005-02-17,2009-05-07,1998-11-10,2009-05-03,1.0,11.0,1.0,11.0
7702,Andrew Symonds,1975-06-09,,Australia,Allrounder,Right hand Bat,"Right arm Medium, Right arm Offbreak",1998 - 2009,2009/10,IPL 2009/10,DCH,16,16.0,2.0,429.0,54.0,30.64,341.0,125.8,0.0,4.0,35.0,18.0,12,0,12.0,7.01,318.0,3/21,3/21,31.0,26.5,0.0,0.0,0.0,2005-02-17,2009-05-07,1998-11-10,2009-05-03,3.0,21.0,3.0,21.0
7702,Andrew Symonds,1975-06-09,,Australia,Allrounder,Right hand Bat,"Right arm Medium, Right arm Offbreak",1998 - 2009,2009,IPL 2009,DCH,8,8.0,1.0,249.0,60.0,35.57,166.0,150.0,0.0,1.0,15.0,11.0,1,0,7.0,6.66,144.0,2/18,2/18,22.85,20.5,0.0,0.0,0.0,2005-02-17,2009-05-07,1998-11-10,2009-05-03,2.0,18.0,2.0,18.0
7702,Andrew Symonds,1975-06-09,,Australia,Allrounder,Right hand Bat,"Right arm Medium, Right arm Offbreak",1998 - 2009,2007/08,IPL 2007/08,DCH,4,3.0,1.0,161.0,117.0,80.5,105.0,153.33,1.0,0.0,15.0,9.0,3,0,0.0,14.78,41.0,,,,,0.0,0.0,0.0,2005-02-17,2009-05-07,1998-11-10,2009-05-03,,,,
26252,Anirudh Singh,1980-08-02,45y 336d,India,,Left hand Bat,Right arm Medium,,2009/10,IPL 2009/10,DCH,5,4.0,0.0,63.0,40.0,15.75,66.0,95.45,0.0,0.0,6.0,1.0,3,0,,,,,,,,,,,,,,,,,,
422992,Ankit Nagendra Sharma,1991-04-20,35y 75d,India,Bowler,Left hand Bat,Slow Left arm Orthodox,,2018,IPL 2018,RR,1,,,,,,,,,,,,0,0,0.0,11.0,6.0,,,,,0.0,0.0,0.0,,,,,,,,
422992,Ankit Nagendra Sharma,1991-04-20,35y 75d,India,Bowler,Left hand Bat,Slow Left arm Orthodox,,2017,IPL 2017,RPS,1,1.0,0.0,25.0,25.0,25.0,15.0,166.66,0.0,0.0,2.0,1.0,0,0,0.0,16.0,6.0,,,,,0.0,0.0,0.0,,,,,,,,
422992,Ankit Nagendra Sharma,1991-04-20,35y 75d,India,Bowler,Left hand Bat,Slow Left arm Orthodox,,2016,IPL 2016,RPS,3,1.0,1.0,3.0,3.0,,3.0,100.0,0.0,0.0,0.0,0.0,1,0,1.0,7.63,66.0,1/27,1/27,84.0,66.0,0.0,0.0,0.0,,,,,1.0,27.0,1.0,27.0
422992,Ankit Nagendra Sharma,1991-04-20,35y 75d,India,Bowler,Left hand Bat,Slow Left arm Orthodox,,2015,IPL 2015,RR,4,2.0,1.0,7.0,7.0,7.0,6.0,116.66,0.0,0.0,1.0,0.0,2,0,3.0,8.14,84.0,1/26,1/26,38.0,28.0,0.0,0.0,0.0,,,,,1.0,26.0,1.0,26.0
422992,Ankit Nagendra Sharma,1991-04-20,35y 75d,India,Bowler,Left hand Bat,Slow Left arm Orthodox,,2014,IPL 2014,RR,3,2.0,0.0,34.0,30.0,17.0,30.0,113.33,0.0,0.0,4.0,1.0,0,0,4.0,5.37,48.0,2/20,2/20,10.75,12.0,0.0,0.0,0.0,,,,,2.0,20.0,2.0,20.0
422992,Ankit Nagendra Sharma,1991-04-20,35y 75d,India,Bowler,Left hand Bat,Slow Left arm Orthodox,,2013,IPL 2013,SRH,1,,,,,,,,,,,,1,0,0.0,8.5,12.0,,,,,0.0,0.0,0.0,,,,,,,,
422992,Ankit Nagendra Sharma,1991-04-20,35y 75d,India,Bowler,Left hand Bat,Slow Left arm Orthodox,,2012,IPL 2012,DCH,9,4.0,1.0,18.0,15.0,6.0,13.0,138.46,0.0,0.0,0.0,2.0,0,0,4.0,6.82,145.0,1/9,1/9,41.25,36.2,0.0,0.0,0.0,,,,,1.0,9.0,1.0,9.0
36110,Arjun Shivlal Yadav,1981-12-23,44y 193d,India,Batter,Right hand Bat,Right arm Offbreak,,2007/08,IPL 2007/08,DCH,8,6.0,1.0,49.0,16.0,9.8,39.0,125.64,0.0,0.0,5.0,2.0,1,0,,,,,,,,,,,,,,,,,,
389605,Ammana Ashish Reddy,1991-02-24,35y 130d,India,Allrounder,Right hand Bat,Right arm Medium,,2016,IPL 2016,SRH,4,3.0,1.0,47.0,32.0,23.5,29.0,162.06,0.0,0.0,2.0,4.0,1,0,1.0,10.17,23.0,1/14,1/14,39.0,23.0,0.0,0.0,0.0,,,,,1.0,14.0,1.0,14.0
389605,Ammana Ashish Reddy,1991-02-24,35y 130d,India,Allrounder,Right hand Bat,Right arm Medium,,2015,IPL 2015,SRH,6,5.0,2.0,73.0,22.0,24.33,46.0,158.69,0.0,0.0,3.0,5.0,1,0,3.0,8.33,36.0,1/11,1/11,16.66,12.0,0.0,0.0,0.0,,,,,1.0,11.0,1.0,11.0
389605,Ammana Ashish Reddy,1991-02-24,35y 130d,India,Allrounder,Right hand Bat,Right arm Medium,,2013,IPL 2013,SRH,12,10.0,4.0,125.0,36.0,20.83,89.0,140.44,0.0,0.0,9.0,4.0,7,0,3.0,10.5,40.0,1/7,1/7,23.33,13.3,0.0,0.0,0.0,,,,,1.0,7.0,1.0,7.0
389605,Ammana Ashish Reddy,1991-02-24,35y 130d,India,Allrounder,Right hand Bat,Right arm Medium,,2012,IPL 2012,DCH,9,5.0,1.0,35.0,10.0,8.75,29.0,120.68,0.0,0.0,3.0,1.0,0,0,11.0,8.72,163.0,3/25,3/25,21.54,14.8,0.0,0.0,0.0,,,,,3.0,25.0,3.0,25.0
26946,Azharuddin Anjum Bilakhia,1986-05-31,40y 34d,India,,Right hand Bat,Right arm Medium,,2009/10,IPL 2009/10,DCH,1,1.0,0.0,2.0,2.0,2.0,4.0,50.0,0.0,0.0,0.0,0.0,1,0,,,,,,,,,,,,,,,,,,
26946,Azharuddin Anjum Bilakhia,1986-05-31,40y 34d,India,,Right hand Bat,Right arm Medium,,2009,IPL 2009,DCH,6,6.0,2.0,67.0,22.0,16.75,81.0,82.71,0.0,0.0,5.0,0.0,0,0,,,,,,,,,,,,,,,,,,
430125,Biplab Bipin Samantray,1988-12-14,37y 202d,India,Allrounder,Right hand Bat,Right arm Medium,,2013,IPL 2013,SRH,8,7.0,2.0,123.0,55.0,24.6,111.0,110.81,0.0,1.0,13.0,2.0,3,0,,,,,,,,,,,,,,,,,,
430125,Biplab Bipin Samantray,1988-12-14,37y 202d,India,Allrounder,Right hand Bat,Right arm Medium,,2012,IPL 2012,DCH,1,1.0,1.0,2.0,2.0,,2.0,100.0,0.0,0.0,0.0,0.0,0,0,,,,,,,,,,,,,,,,,,
253798,Bodapati Apparao Sumanth,1988-05-10,38y 55d,India,Middle order Batter,Right hand Bat,Right arm Medium fast,,2009/10,IPL 2009/10,DCH,5,4.0,3.0,35.0,16.0,35.0,37.0,94.59,0.0,0.0,3.0,0.0,4,0,,,,,,,,,,,,,,,,,,
8291,Cameron Leon White,1983-08-18,42y 320d,Australia,Middle order Batter,Right hand Bat,Legbreak Googly,2005 - 2018,2013,IPL 2013,SRH,13,13.0,1.0,209.0,52.0,17.41,191.0,109.42,0.0,1.0,18.0,7.0,10,0,1.0,8.0,12.0,1/14,1/14,16.0,12.0,0.0,0.0,0.0,2007-01-09,2014-11-09,2005-10-05,2018-01-26,1.0,14.0,1.0,14.0
8291,Cameron Leon White,1983-08-18,42y 320d,Australia,Middle order Batter,Right hand Bat,Legbreak Googly,2005 - 2018,2012,IPL 2012,DCH,13,13.0,2.0,479.0,78.0,43.54,320.0,149.68,0.0,5.0,41.0,20.0,3,0,0.0,9.0,18.0,,,,,0.0,0.0,0.0,2007-01-09,2014-11-09,2005-10-05,2018-01-26,,,,
8291,Cameron Leon White,1983-08-18,42y 320d,Australia,Middle order Batter,Right hand Bat,Legbreak Googly,2005 - 2018,2011,IPL 2011,DCH,6,6.0,2.0,104.0,31.0,26.0,109.0,95.41,0.0,0.0,6.0,2.0,2,0,,,,,,,,,,,2007-01-09,2014-11-09,2005-10-05,2018-01-26,,,,
8291,Cameron Leon White,1983-08-18,42y 320d,Australia,Middle order Batter,Right hand Bat,Legbreak Googly,2005 - 2018,2009/10,IPL 2009/10,RCB,7,5.0,3.0,48.0,21.0,24.0,33.0,145.45,0.0,0.0,3.0,3.0,4,0,0.0,19.0,6.0,,,,,0.0,0.0,0.0,2007-01-09,2014-11-09,2005-10-05,2018-01-26,,,,
8291,Cameron Leon White,1983-08-18,42y 320d,Australia,Middle order Batter,Right hand Bat,Legbreak Googly,2005 - 2018,2007/08,IPL 2007/08,RCB,8,8.0,1.0,114.0,31.0,16.28,102.0,111.76,0.0,0.0,8.0,4.0,3,0,0.0,24.0,6.0,,,,,0.0,0.0,0.0,2007-01-09,2014-11-09,2005-10-05,2018-01-26,,,,
50431,Lindamlilage Prageeth Chamara Silva,1979-12-14,46y 202d,Sri Lanka,Batter,Right hand Bat,Legbreak,1999 - 2011,2007/08,IPL 2007/08,DCH,3,3.0,1.0,40.0,23.0,20.0,26.0,153.84,0.0,0.0,5.0,1.0,3,0,0.0,21.0,6.0,,,,,0.0,0.0,0.0,2006-12-22,2011-11-25,1999-08-26,2011-11-23,,,,
50804,Warnakulasuriya Patabendige Ushantha Joseph Chaminda Vaas,1974-01-27,52y 158d,Sri Lanka,Bowler,Left hand Bat,Left arm Fast medium,1994 - 2009,2009/10,IPL 2009/10,DCH,6,5.0,1.0,30.0,16.0,7.5,34.0,88.23,0.0,0.0,1.0,1.0,0,0,9.0,6.31,132.0,3/21,3/21,15.44,14.6,0.0,0.0,0.0,2006-12-22,2007-09-20,1994-02-15,2008-08-27,3.0,21.0,3.0,21.0
50804,Warnakulasuriya Patabendige Ushantha Joseph Chaminda Vaas,1974-01-27,52y 158d,Sri Lanka,Bowler,Left hand Bat,Left arm Fast medium,1994 - 2009,2009,IPL 2009,DCH,2,2.0,1.0,30.0,20.0,30.0,21.0,142.85,0.0,0.0,1.0,1.0,0,0,4.0,8.87,48.0,2/19,2/19,17.75,12.0,0.0,0.0,0.0,2006-12-22,2007-09-20,1994-02-15,2008-08-27,2.0,19.0,2.0,19.0
50804,Warnakulasuriya Patabendige Ushantha Joseph Chaminda Vaas,1974-01-27,52y 158d,Sri Lanka,Bowler,Left hand Bat,Left arm Fast medium,1994 - 2009,2007/08,IPL 2007/08,DCH,5,4.0,1.0,21.0,12.0,7.0,18.0,116.66,0.0,0.0,0.0,1.0,0,0,5.0,8.52,102.0,2/9,2/9,29.0,20.4,0.0,0.0,0.0,2006-12-22,2007-09-20,1994-02-15,2008-08-27,2.0,9.0,2.0,9.0
326637,Christopher Austin Lynn,1990-04-10,36y 85d,Australia,Batter,Right hand Bat,Slow Left arm Orthodox,2014 - 2018,2021,IPL 2021,MI,1,1.0,0.0,49.0,49.0,49.0,35.0,140.0,0.0,0.0,4.0,3.0,2,0,,,,,,,,,,,2014-01-29,2018-11-25,2017-01-13,2018-11-11,,,,
326637,Christopher Austin Lynn,1990-04-10,36y 85d,Australia,Batter,Right hand Bat,Slow Left arm Orthodox,2014 - 2018,2019,IPL 2019,KKR,13,13.0,0.0,405.0,82.0,31.15,290.0,139.65,0.0,4.0,41.0,22.0,1,0,,,,,,,,,,,2014-01-29,2018-11-25,2017-01-13,2018-11-11,,,,
326637,Christopher Austin Lynn,1990-04-10,36y 85d,Australia,Batter,Right hand Bat,Slow Left arm Orthodox,2014 - 2018,2018,IPL 2018,KKR,16,16.0,1.0,491.0,74.0,32.73,377.0,130.23,0.0,3.0,56.0,18.0,3,0,,,,,,,,,,,2014-01-29,2018-11-25,2017-01-13,2018-11-11,,,,
326637,Christopher Austin Lynn,1990-04-10,36y 85d,Australia,Batter,Right hand Bat,Slow Left arm Orthodox,2014 - 2018,2017,IPL 2017,KKR,7,7.0,1.0,295.0,93.0,49.16,163.0,180.98,0.0,3.0,25.0,19.0,2,0,,,,,,,,,,,2014-01-29,2018-11-25,2017-01-13,2018-11-11,,,,
326637,Christopher Austin Lynn,1990-04-10,36y 85d,Australia,Batter,Right hand Bat,Slow Left arm Orthodox,2014 - 2018,2016,IPL 2016,KKR,2,2.0,1.0,25.0,15.0,25.0,22.0,113.63,0.0,0.0,0.0,1.0,1,0,,,,,,,,,,,2014-01-29,2018-11-25,2017-01-13,2018-11-11,,,,
326637,Christopher Austin Lynn,1990-04-10,36y 85d,Australia,Batter,Right hand Bat,Slow Left arm Orthodox,2014 - 2018,2014,IPL 2014,KKR,2,2.0,0.0,58.0,45.0,29.0,49.0,118.36,0.0,0.0,5.0,3.0,2,0,,,,,,,,,,,2014-01-29,2018-11-25,2017-01-13,2018-11-11,,,,
326637,Christopher Austin Lynn,1990-04-10,36y 85d,Australia,Batter,Right hand Bat,Slow Left arm Orthodox,2014 - 2018,2012,IPL 2012,DCH,1,1.0,0.0,6.0,6.0,6.0,9.0,66.66,0.0,0.0,1.0,0.0,1,0,,,,,,,,,,,2014-01-29,2018-11-25,2017-01-13,2018-11-11,,,,
47492,Dale Willem Steyn,1983-06-27,43y 7d,South Africa,Bowler,Right hand Bat,Right arm Fast,2004 - 2020,2020/21,IPL 2020/21,RCB,3,1.0,1.0,1.0,1.0,,2.0,50.0,0.0,0.0,0.0,0.0,0,0,1.0,11.4,70.0,1/33,1/33,133.0,70.0,0.0,0.0,0.0,2007-11-23,2020-02-21,2005-08-17,2019-03-13,1.0,33.0,1.0,33.0
47492,Dale Willem Steyn,1983-06-27,43y 7d,South Africa,Bowler,Right hand Bat,Right arm Fast,2004 - 2020,2019,IPL 2019,RCB,2,1.0,1.0,0.0,0.0,,0.0,,0.0,0.0,0.0,0.0,0,0,4.0,8.62,48.0,2/29,2/29,17.25,12.0,0.0,0.0,0.0,2007-11-23,2020-02-21,2005-08-17,2019-03-13,2.0,29.0,2.0,29.0
47492,Dale Willem Steyn,1983-06-27,43y 7d,South Africa,Bowler,Right hand Bat,Right arm Fast,2004 - 2020,2016,IPL 2016,GL,1,1.0,0.0,1.0,1.0,1.0,2.0,50.0,0.0,0.0,0.0,0.0,0,0,0.0,8.5,12.0,,,,,0.0,0.0,0.0,2007-11-23,2020-02-21,2005-08-17,2019-03-13,,,,
47492,Dale Willem Steyn,1983-06-27,43y 7d,South Africa,Bowler,Right hand Bat,Right arm Fast,2004 - 2020,2015,IPL 2015,SRH,6,3.0,2.0,20.0,19.0,20.0,13.0,153.84,0.0,0.0,3.0,0.0,2,0,3.0,8.94,114.0,2/38,2/38,56.66,38.0,0.0,0.0,0.0,2007-11-23,2020-02-21,2005-08-17,2019-03-13,2.0,38.0,2.0,38.0
47492,Dale Willem Steyn,1983-06-27,43y 7d,South Africa,Bowler,Right hand Bat,Right arm Fast,2004 - 2020,2014,IPL 2014,SRH,14,4.0,1.0,22.0,12.0,7.33,26.0,84.61,0.0,0.0,1.0,0.0,7,0,11.0,7.69,336.0,2/20,2/20,39.18,30.5,0.0,0.0,0.0,2007-11-23,2020-02-21,2005-08-17,2019-03-13,2.0,20.0,2.0,20.0
47492,Dale Willem Steyn,1983-06-27,43y 7d,South Africa,Bowler,Right hand Bat,Right arm Fast,2004 - 2020,2013,IPL 2013,SRH,17,8.0,6.0,53.0,18.0,26.5,36.0,147.22,0.0,0.0,5.0,2.0,3,0,19.0,5.66,407.0,3/11,3/11,20.21,21.4,0.0,0.0,0.0,2007-11-23,2020-02-21,2005-08-17,2019-03-13,3.0,11.0,3.0,11.0
47492,Dale Willem Steyn,1983-06-27,43y 7d,South Africa,Bowler,Right hand Bat,Right arm Fast,2004 - 2020,2012,IPL 2012,DCH,12,6.0,1.0,19.0,7.0,3.8,21.0,90.47,0.0,0.0,0.0,1.0,4,0,18.0,6.1,280.0,3/8,3/8,15.83,15.5,0.0,0.0,0.0,2007-11-23,2020-02-21,2005-08-17,2019-03-13,3.0,8.0,3.0,8.0
47492,Dale Willem Steyn,1983-06-27,43y 7d,South Africa,Bowler,Right hand Bat,Right arm Fast,2004 - 2020,2011,IPL 2011,DCH,12,5.0,1.0,36.0,13.0,9.0,35.0,102.85,0.0,0.0,3.0,0.0,1,0,14.0,6.57,273.0,3/16,3/16,21.35,19.5,0.0,0.0,0.0,2007-11-23,2020-02-21,2005-08-17,2019-03-13,3.0,16.0,3.0,16.0
47492,Dale Willem Steyn,1983-06-27,43y 7d,South Africa,Bowler,Right hand Bat,Right arm Fast,2004 - 2020,2009/10,IPL 2009/10,RCB,15,4.0,0.0,13.0,8.0,3.25,17.0,76.47,0.0,0.0,2.0,0.0,1,0,15.0,6.88,354.0,3/18,3/18,27.06,23.6,0.0,0.0,0.0,2007-11-23,2020-02-21,2005-08-17,2019-03-13,3.0,18.0,3.0,18.0
47492,Dale Willem Steyn,1983-06-27,43y 7d,South Africa,Bowler,Right hand Bat,Right arm Fast,2004 - 2020,2009,IPL 2009,RCB,3,2.0,1.0,0.0,0.0,0.0,3.0,0.0,0.0,0.0,0.0,0.0,2,0,2.0,6.88,54.0,1/21,1/21,31.0,27.0,0.0,0.0,0.0,2007-11-23,2020-02-21,2005-08-17,2019-03-13,1.0,21.0,1.0,21.0
47492,Dale Willem Steyn,1983-06-27,43y 7d,South Africa,Bowler,Right hand Bat,Right arm Fast,2004 - 2020,2007/08,IPL 2007/08,RCB,10,2.0,1.0,2.0,1.0,2.0,5.0,40.0,0.0,0.0,0.0,0.0,4,0,10.0,6.63,228.0,3/27,3/27,25.2,22.8,0.0,0.0,0.0,2007-11-23,2020-02-21,2005-08-17,2019-03-13,3.0,27.0,3.0,27.0
5583,Daniel Joseph Harris,1979-12-31,46y 185d,Australia,,Right hand Bat,Right arm Medium,,2012,IPL 2012,DCH,4,4.0,0.0,111.0,47.0,27.75,101.0,109.9,0.0,0.0,11.0,5.0,2,0,0.0,8.66,18.0,,,,,0.0,0.0,0.0,,,,,,,,
30719,Doddapaneni Kalyankrishna,1983-12-16,42y 200d,India,,Right hand Bat,Right arm Medium fast,,2007/08,IPL 2007/08,DCH,3,1.0,0.0,3.0,3.0,3.0,8.0,37.5,0.0,0.0,0.0,0.0,1,0,2.0,10.87,48.0,1/30,1/30,43.5,24.0,0.0,0.0,0.0,,,,,1.0,30.0,1.0,30.0
237701,Dwaraka Bhamidipati Ravi Teja,1987-09-05,38y 302d,India,Batter,Right hand Bat,Legbreak Googly,,2013,IPL 2013,SRH,2,2.0,1.0,14.0,10.0,14.0,17.0,82.35,0.0,0.0,0.0,0.0,0,0,,,,,,,,,,,,,,,,,,
237701,Dwaraka Bhamidipati Ravi Teja,1987-09-05,38y 302d,India,Batter,Right hand Bat,Legbreak Googly,,2012,IPL 2012,DCH,2,2.0,0.0,4.0,4.0,2.0,4.0,100.0,0.0,0.0,1.0,0.0,0,0,,,,,,,,,,,,,,,,,,
237701,Dwaraka Bhamidipati Ravi Teja,1987-09-05,38y 302d,India,Batter,Right hand Bat,Legbreak Googly,,2011,IPL 2011,DCH,12,9.0,2.0,183.0,60.0,26.14,144.0,127.08,0.0,1.0,17.0,4.0,5,0,0.0,9.0,6.0,,,,,0.0,0.0,0.0,,,,,,,,
237701,Dwaraka Bhamidipati Ravi Teja,1987-09-05,38y 302d,India,Batter,Right hand Bat,Legbreak Googly,,2009,IPL 2009,DCH,9,6.0,3.0,65.0,27.0,21.66,70.0,92.85,0.0,0.0,7.0,0.0,4,0,,,,,,,,,,,,,,,,,,
237701,Dwaraka Bhamidipati Ravi Teja,1987-09-05,38y 302d,India,Batter,Right hand Bat,Legbreak Googly,,2007/08,IPL 2007/08,DCH,7,6.0,0.0,109.0,40.0,18.16,82.0,132.92,0.0,0.0,10.0,5.0,2,0,1.0,9.5,12.0,1/19,1/19,19.0,12.0,0.0,0.0,0.0,,,,,1.0,19.0,1.0,19.0
51782,Fidel Henderson Edwards,1982-02-06,44y 148d,West Indies,Bowler,Right hand Bat,Right arm Fast,2003 - 2021,2009,IPL 2009,DCH,6,2.0,1.0,4.0,3.0,4.0,5.0,80.0,0.0,0.0,0.0,0.0,0,0,5.0,6.6,140.0,2/27,2/27,30.8,28.0,0.0,0.0,0.0,2007-09-11,2021-07-10,2003-11-29,2009-05-26,2.0,27.0,2.0,27.0
236810,Halhadar Das,1986-12-10,39y 206d,India,,Right hand Bat,,,2007/08,IPL 2007/08,DCH,1,1.0,0.0,2.0,2.0,2.0,5.0,40.0,0.0,0.0,0.0,0.0,0,0,,,,,,,,,,,,,,,,,,
391128,Harmeet Singh Bansal,1987-10-09,38y 268d,India,Bowler,Right hand Bat,Right arm Medium,,2013,IPL 2013,PBKS,3,1.0,0.0,3.0,3.0,3.0,4.0,75.0,0.0,0.0,0.0,0.0,1,0,5.0,7.67,68.0,3/24,3/24,17.4,13.6,0.0,0.0,0.0,,,,,3.0,24.0,3.0,24.0
391128,Harmeet Singh Bansal,1987-10-09,38y 268d,India,Bowler,Right hand Bat,Right arm Medium,,2012,IPL 2012,PBKS,7,2.0,1.0,15.0,14.0,15.0,7.0,214.28,0.0,0.0,3.0,0.0,1,0,7.0,8.55,134.0,3/24,3/24,27.28,19.1,0.0,0.0,0.0,,,,,3.0,24.0,3.0,24.0
391128,Harmeet Singh Bansal,1987-10-09,38y 268d,India,Bowler,Right hand Bat,Right arm Medium,,2011,IPL 2011,DCH,2,,,,,,,,,,,,0,0,3.0,7.57,42.0,2/27,2/27,17.66,14.0,0.0,0.0,0.0,,,,,2.0,27.0,2.0,27.0
391128,Harmeet Singh Bansal,1987-10-09,38y 268d,India,Bowler,Right hand Bat,Right arm Medium,,2009/10,IPL 2009/10,DCH,8,3.0,1.0,0.0,0.0,0.0,1.0,0.0,0.0,0.0,0.0,0.0,0,0,8.0,7.25,144.0,2/24,2/24,21.75,18.0,0.0,0.0,0.0,,,,,2.0,24.0,2.0,24.0
391128,Harmeet Singh Bansal,1987-10-09,38y 268d,India,Bowler,Right hand Bat,Right arm Medium,,2009,IPL 2009,DCH,7,,,,,,,,,,,,3,0,3.0,8.4,137.0,2/23,2/23,64.0,45.6,0.0,0.0,0.0,,,,,2.0,23.0,2.0,23.0
45224,Herschelle Herman Gibbs,1974-02-23,52y 131d,South Africa,Opening Batter,Right hand Bat,Right arm Bowler,1996 - 2010,2012,IPL 2012,MI,3,3.0,1.0,81.0,66.0,40.5,88.0,92.04,0.0,1.0,8.0,2.0,0,0,,,,,,,,,,,2005-10-21,2010-05-10,1996-10-03,2010-02-27,,,,
45224,Herschelle Herman Gibbs,1974-02-23,52y 131d,South Africa,Opening Batter,Right hand Bat,Right arm Bowler,1996 - 2010,2009/10,IPL 2009/10,DCH,10,10.0,0.0,267.0,50.0,26.7,235.0,113.61,0.0,1.0,26.0,9.0,6,0,,,,,,,,,,,2005-10-21,2010-05-10,1996-10-03,2010-02-27,,,,
45224,Herschelle Herman Gibbs,1974-02-23,52y 131d,South Africa,Opening Batter,Right hand Bat,Right arm Bowler,1996 - 2010,2009,IPL 2009,DCH,14,14.0,3.0,371.0,69.0,33.72,331.0,112.08,0.0,4.0,32.0,12.0,11,0,,,,,,,,,,,2005-10-21,2010-05-10,1996-10-03,2010-02-27,,,,
45224,Herschelle Herman Gibbs,1974-02-23,52y 131d,South Africa,Opening Batter,Right hand Bat,Right arm Bowler,1996 - 2010,2007/08,IPL 2007/08,DCH,9,9.0,0.0,167.0,47.0,18.55,153.0,109.15,0.0,0.0,17.0,8.0,5,0,,,,,,,,,,,2005-10-21,2010-05-10,1996-10-03,2010-02-27,,,,
31088,Ishan Malhotra,1984-05-23,42y 42d,India,Bowler,Right hand Bat,Right arm Medium fast,,2011,IPL 2011,DCH,1,1.0,1.0,7.0,7.0,,4.0,175.0,0.0,0.0,1.0,0.0,0,0,0.0,23.0,6.0,,,,,0.0,0.0,0.0,,,,,,,,
279554,Ishank Rajiv Jaggi,1989-01-27,37y 158d,India,Batter,Right hand Bat,Legbreak Googly,,2017,IPL 2017,KKR,2,2.0,1.0,33.0,28.0,33.0,39.0,84.61,0.0,0.0,3.0,0.0,0,0,,,,,,,,,,,,,,,,,,
279554,Ishank Rajiv Jaggi,1989-01-27,37y 158d,India,Batter,Right hand Bat,Legbreak Googly,,2012,IPL 2012,DCH,3,3.0,1.0,15.0,10.0,7.5,21.0,71.42,0.0,0.0,0.0,0.0,1,0,,,,,,,,,,,,,,,,,,
279554,Ishank Rajiv Jaggi,1989-01-27,37y 158d,India,Batter,Right hand Bat,Legbreak Googly,,2011,IPL 2011,DCH,2,2.0,0.0,28.0,25.0,14.0,37.0,75.67,0.0,0.0,3.0,0.0,1,0,,,,,,,,,,,,,,,,,,
376102,Jaskaran Singh Buttar,1989-09-04,36y 303d,Canada,Bowler,Right hand Bat,Right arm Medium,2025 - 2026,2009/10,IPL 2009/10,DCH,6,4.0,3.0,8.0,4.0,8.0,11.0,72.72,0.0,0.0,0.0,0.0,0,0,6.0,9.92,84.0,2/18,2/18,23.16,14.0,0.0,0.0,0.0,2025-04-19,2026-02-19,2025-08-27,2025-09-02,2.0,18.0,2.0,18.0
376102,Jaskaran Singh Buttar,1989-09-04,36y 303d,Canada,Bowler,Right hand Bat,Right arm Medium,2025 - 2026,2009,IPL 2009,DCH,2,1.0,1.0,0.0,0.0,,0.0,,0.0,0.0,0.0,0.0,0,0,0.0,10.66,18.0,,,,,0.0,0.0,0.0,2025-04-19,2026-02-19,2025-08-27,2025-09-02,,,,
340063,Kedar Hemant Devdhar,1989-12-14,36y 202d,India,Wicketkeeper,Right hand Bat,,,2011,IPL 2011,DCH,1,,,,,,,,,,,,0,1,,,,,,,,,,,,,,,,,,
230553,Kemar Andre Jamal Roach,1988-06-30,38y 4d,West Indies,Bowler,Right hand Bat,Right arm Fast medium,2008 - 2026,2009/10,IPL 2009/10,DCH,2,1.0,0.0,10.0,10.0,10.0,9.0,111.11,0.0,0.0,1.0,0.0,1,0,0.0,10.0,48.0,,,,,0.0,0.0,0.0,2008-06-20,2012-12-10,2008-08-20,2022-02-11,,,,
50710,Kumar Chokshanada Sangakkara,1977-10-27,48y 250d,Sri Lanka,Wicketkeeper Batter,Left hand Bat,Right arm Offbreak,2000 - 2015,2013,IPL 2013,SRH,9,9.0,0.0,120.0,28.0,13.33,136.0,88.23,0.0,0.0,13.0,0.0,3,0,,,,,,,,,,,2006-06-15,2014-04-06,2000-07-05,2015-03-18,,,,
50710,Kumar Chokshanada Sangakkara,1977-10-27,48y 250d,Sri Lanka,Wicketkeeper Batter,Left hand Bat,Right arm Offbreak,2000 - 2015,2012,IPL 2012,DCH,12,12.0,1.0,200.0,82.0,18.18,184.0,108.69,0.0,1.0,21.0,4.0,9,0,,,,,,,,,,,2006-06-15,2014-04-06,2000-07-05,2015-03-18,,,,
50710,Kumar Chokshanada Sangakkara,1977-10-27,48y 250d,Sri Lanka,Wicketkeeper Batter,Left hand Bat,Right arm Offbreak,2000 - 2015,2011,IPL 2011,DCH,13,13.0,0.0,358.0,65.0,27.53,293.0,122.18,0.0,1.0,44.0,5.0,17,2,,,,,,,,,,,2006-06-15,2014-04-06,2000-07-05,2015-03-18,,,,
50710,Kumar Chokshanada Sangakkara,1977-10-27,48y 250d,Sri Lanka,Wicketkeeper Batter,Left hand Bat,Right arm Offbreak,2000 - 2015,2009/10,IPL 2009/10,PBKS,13,12.0,0.0,357.0,56.0,29.75,257.0,138.91,0.0,2.0,47.0,5.0,6,5,,,,,,,,,,,2006-06-15,2014-04-06,2000-07-05,2015-03-18,,,,
50710,Kumar Chokshanada Sangakkara,1977-10-27,48y 250d,Sri Lanka,Wicketkeeper Batter,Left hand Bat,Right arm Offbreak,2000 - 2015,2009,IPL 2009,PBKS,14,13.0,2.0,332.0,60.0,30.18,324.0,102.46,0.0,2.0,29.0,5.0,6,2,,,,,,,,,,,2006-06-15,2014-04-06,2000-07-05,2015-03-18,,,,
50710,Kumar Chokshanada Sangakkara,1977-10-27,48y 250d,Sri Lanka,Wicketkeeper Batter,Left hand Bat,Right arm Offbreak,2000 - 2015,2007/08,IPL 2007/08,PBKS,10,9.0,0.0,320.0,94.0,35.55,198.0,161.61,0.0,4.0,41.0,8.0,4,0,,,,,,,,,,,2006-06-15,2014-04-06,2000-07-05,2015-03-18,,,,
16406,Michael John Lumb,1980-02-12,46y 142d,England,Top order Batter,Left hand Bat,Right arm Medium,2010 - 2014,2011,IPL 2011,DCH,1,1.0,0.0,0.0,0.0,0.0,2.0,0.0,0.0,0.0,0.0,0.0,1,0,,,,,,,,,,,2010-05-03,2014-03-31,2014-02-28,2014-03-05,,,,
16406,Michael John Lumb,1980-02-12,46y 142d,England,Top order Batter,Left hand Bat,Right arm Medium,2010 - 2014,2009/10,IPL 2009/10,RR,11,11.0,0.0,278.0,83.0,25.27,192.0,144.79,0.0,1.0,45.0,6.0,4,0,,,,,,,,,,,2010-05-03,2014-03-31,2014-02-28,2014-03-05,,,,
31028,Mohnish Dinesh Mishra,1984-02-09,42y 145d,India,Batter,Right hand Bat,Right arm Offbreak,,2012,IPL 2012,PWI,1,1.0,0.0,4.0,4.0,4.0,4.0,100.0,0.0,0.0,1.0,0.0,0,0,,,,,,,,,,,,,,,,,,
31028,Mohnish Dinesh Mishra,1984-02-09,42y 145d,India,Batter,Right hand Bat,Right arm Offbreak,,2011,IPL 2011,PWI,6,5.0,1.0,67.0,37.0,16.75,60.0,111.66,0.0,0.0,5.0,2.0,0,0,,,,,,,,,,,,,,,,,,
31028,Mohnish Dinesh Mishra,1984-02-09,42y 145d,India,Batter,Right hand Bat,Right arm Offbreak,,2009/10,IPL 2009/10,DCH,11,11.0,0.0,166.0,41.0,15.09,144.0,115.27,0.0,0.0,18.0,6.0,1,0,,,,,,,,,,,,,,,,,,
51050,Demuni Nuwan Tharanga Zoysa,1978-05-13,48y 52d,Sri Lanka,Bowler,Left hand Bat,Left arm Fast medium,1997 - 2007,2007/08,IPL 2007/08,DCH,3,2.0,1.0,11.0,10.0,11.0,9.0,122.22,0.0,0.0,1.0,0.0,1,0,2.0,9.0,66.0,1/30,1/30,49.5,33.0,0.0,0.0,0.0,,,1997-03-25,2007-02-08,1.0,30.0,1.0,30.0
272949,David Paidikalva Vijaykumar,1986-10-20,39y 257d,India,,Right hand Bat,Right arm Medium,,2007/08,IPL 2007/08,DCH,9,2.0,2.0,1.0,1.0,,1.0,100.0,0.0,0.0,0.0,0.0,0,0,4.0,7.85,152.0,1/17,1/17,49.75,38.0,0.0,0.0,0.0,,,,,1.0,17.0,1.0,17.0
327127,PM Sarvesh Kumar,1989-04-26,37y 69d,India,,Right hand Bat,Right arm Medium,,2007/08,IPL 2007/08,DCH,2,1.0,1.0,1.0,1.0,,2.0,50.0,0.0,0.0,0.0,0.0,0,0,1.0,8.4,30.0,1/18,1/18,42.0,30.0,0.0,0.0,0.0,,,,,1.0,18.0,1.0,18.0
32130,Pragyan Prayash Ojha,1986-09-05,39y 302d,India,Bowler,Left hand Bat,Slow Left arm Orthodox,2008 - 2013,2015,IPL 2015,MI,1,,,,,,,,,,,,0,0,0.0,11.5,12.0,,,,,0.0,0.0,0.0,2009-06-06,2010-06-13,2008-06-28,2012-07-24,,,,
32130,Pragyan Prayash Ojha,1986-09-05,39y 302d,India,Bowler,Left hand Bat,Slow Left arm Orthodox,2008 - 2013,2014,IPL 2014,MI,12,3.0,2.0,4.0,2.0,4.0,8.0,50.0,0.0,0.0,0.0,0.0,0,0,4.0,8.26,276.0,2/30,2/30,95.0,69.0,0.0,0.0,0.0,2009-06-06,2010-06-13,2008-06-28,2012-07-24,2.0,30.0,2.0,30.0
32130,Pragyan Prayash Ojha,1986-09-05,39y 302d,India,Bowler,Left hand Bat,Slow Left arm Orthodox,2008 - 2013,2013,IPL 2013,MI,16,3.0,2.0,2.0,1.0,2.0,4.0,50.0,0.0,0.0,0.0,0.0,2,0,16.0,7.28,314.0,3/11,3/11,23.81,19.6,0.0,0.0,0.0,2009-06-06,2010-06-13,2008-06-28,2012-07-24,3.0,11.0,3.0,11.0
32130,Pragyan Prayash Ojha,1986-09-05,39y 302d,India,Bowler,Left hand Bat,Slow Left arm Orthodox,2008 - 2013,2012,IPL 2012,MI,9,3.0,1.0,4.0,3.0,2.0,14.0,28.57,0.0,0.0,0.0,0.0,1,0,9.0,7.33,180.0,2/17,2/17,24.44,20.0,0.0,0.0,0.0,2009-06-06,2010-06-13,2008-06-28,2012-07-24,2.0,17.0,2.0,17.0
32130,Pragyan Prayash Ojha,1986-09-05,39y 302d,India,Bowler,Left hand Bat,Slow Left arm Orthodox,2008 - 2013,2011,IPL 2011,DCH,10,,,,,,,,,,,,2,0,10.0,7.24,221.0,3/26,3/26,26.7,22.1,0.0,0.0,0.0,2009-06-06,2010-06-13,2008-06-28,2012-07-24,3.0,26.0,3.0,26.0
32130,Pragyan Prayash Ojha,1986-09-05,39y 302d,India,Bowler,Left hand Bat,Slow Left arm Orthodox,2008 - 2013,2009/10,IPL 2009/10,DCH,16,6.0,3.0,3.0,2.0,1.0,8.0,37.5,0.0,0.0,0.0,0.0,4,0,21.0,7.29,353.0,3/26,3/26,20.42,16.8,0.0,0.0,0.0,2009-06-06,2010-06-13,2008-06-28,2012-07-24,3.0,26.0,3.0,26.0
32130,Pragyan Prayash Ojha,1986-09-05,39y 302d,India,Bowler,Left hand Bat,Slow Left arm Orthodox,2008 - 2013,2009,IPL 2009,DCH,15,4.0,1.0,1.0,1.0,0.33,7.0,14.28,0.0,0.0,0.0,0.0,2,0,18.0,6.5,321.0,3/21,3/21,19.33,17.8,0.0,0.0,0.0,2009-06-06,2010-06-13,2008-06-28,2012-07-24,3.0,21.0,3.0,21.0
32130,Pragyan Prayash Ojha,1986-09-05,39y 302d,India,Bowler,Left hand Bat,Slow Left arm Orthodox,2008 - 2013,2007/08,IPL 2007/08,DCH,13,4.0,2.0,2.0,1.0,1.0,4.0,50.0,0.0,0.0,0.0,0.0,3,0,11.0,7.67,222.0,2/18,2/18,25.81,20.1,0.0,0.0,0.0,2009-06-06,2010-06-13,2008-06-28,2012-07-24,2.0,18.0,2.0,18.0
34102,Rohit Gurunath Sharma,1987-04-30,39y 65d,India,Top order Batter,Right hand Bat,Right arm Offbreak,2007 - 2026,2026,IPL 2026,MI,9,9.0,1.0,283.0,84.0,35.37,180.0,157.22,0.0,2.0,21.0,21.0,0,0,,,,,,,,,,,2007-09-19,2024-06-29,2007-06-23,2026-06-20,,,,
34102,Rohit Gurunath Sharma,1987-04-30,39y 65d,India,Top order Batter,Right hand Bat,Right arm Offbreak,2007 - 2026,2025,IPL 2025,MI,15,15.0,1.0,418.0,81.0,29.85,280.0,149.28,0.0,4.0,41.0,22.0,1,0,,,,,,,,,,,2007-09-19,2024-06-29,2007-06-23,2026-06-20,,,,
34102,Rohit Gurunath Sharma,1987-04-30,39y 65d,India,Top order Batter,Right hand Bat,Right arm Offbreak,2007 - 2026,2024,IPL 2024,MI,14,14.0,1.0,417.0,105.0,32.07,278.0,150.0,1.0,1.0,45.0,23.0,3,0,,,,,,,,,,,2007-09-19,2024-06-29,2007-06-23,2026-06-20,,,,
34102,Rohit Gurunath Sharma,1987-04-30,39y 65d,India,Top order Batter,Right hand Bat,Right arm Offbreak,2007 - 2026,2023,IPL 2023,MI,16,16.0,0.0,332.0,65.0,20.75,250.0,132.8,0.0,2.0,35.0,17.0,1,0,,,,,,,,,,,2007-09-19,2024-06-29,2007-06-23,2026-06-20,,,,
34102,Rohit Gurunath Sharma,1987-04-30,39y 65d,India,Top order Batter,Right hand Bat,Right arm Offbreak,2007 - 2026,2022,IPL 2022,MI,14,14.0,0.0,268.0,48.0,19.14,223.0,120.17,0.0,0.0,28.0,13.0,7,0,,,,,,,,,,,2007-09-19,2024-06-29,2007-06-23,2026-06-20,,,,
34102,Rohit Gurunath Sharma,1987-04-30,39y 65d,India,Top order Batter,Right hand Bat,Right arm Offbreak,2007 - 2026,2021,IPL 2021,MI,13,13.0,0.0,381.0,63.0,29.3,299.0,127.42,0.0,1.0,33.0,14.0,1,0,0.0,11.14,7.0,,,,,0.0,0.0,0.0,2007-09-19,2024-06-29,2007-06-23,2026-06-20,,,,
34102,Rohit Gurunath Sharma,1987-04-30,39y 65d,India,Top order Batter,Right hand Bat,Right arm Offbreak,2007 - 2026,2020/21,IPL 2020/21,MI,12,12.0,0.0,332.0,80.0,27.66,260.0,127.69,0.0,3.0,27.0,19.0,6,0,,,,,,,,,,,2007-09-19,2024-06-29,2007-06-23,2026-06-20,,,,
34102,Rohit Gurunath Sharma,1987-04-30,39y 65d,India,Top order Batter,Right hand Bat,Right arm Offbreak,2007 - 2026,2019,IPL 2019,MI,15,15.0,1.0,405.0,67.0,28.92,315.0,128.57,0.0,2.0,52.0,10.0,4,0,,,,,,,,,,,2007-09-19,2024-06-29,2007-06-23,2026-06-20,,,,
34102,Rohit Gurunath Sharma,1987-04-30,39y 65d,India,Top order Batter,Right hand Bat,Right arm Offbreak,2007 - 2026,2018,IPL 2018,MI,14,14.0,2.0,286.0,94.0,23.83,215.0,133.02,0.0,2.0,25.0,12.0,8,0,,,,,,,,,,,2007-09-19,2024-06-29,2007-06-23,2026-06-20,,,,
34102,Rohit Gurunath Sharma,1987-04-30,39y 65d,India,Top order Batter,Right hand Bat,Right arm Offbreak,2007 - 2026,2017,IPL 2017,MI,17,16.0,2.0,333.0,67.0,23.78,273.0,121.97,0.0,3.0,31.0,9.0,10,0,,,,,,,,,,,2007-09-19,2024-06-29,2007-06-23,2026-06-20,,,,
34102,Rohit Gurunath Sharma,1987-04-30,39y 65d,India,Top order Batter,Right hand Bat,Right arm Offbreak,2007 - 2026,2016,IPL 2016,MI,14,14.0,3.0,489.0,85.0,44.45,368.0,132.88,0.0,5.0,49.0,16.0,2,0,,,,,,,,,,,2007-09-19,2024-06-29,2007-06-23,2026-06-20,,,,
34102,Rohit Gurunath Sharma,1987-04-30,39y 65d,India,Top order Batter,Right hand Bat,Right arm Offbreak,2007 - 2026,2015,IPL 2015,MI,16,16.0,2.0,482.0,98.0,34.42,333.0,144.74,0.0,3.0,41.0,21.0,5,0,,,,,,,,,,,2007-09-19,2024-06-29,2007-06-23,2026-06-20,,,,
34102,Rohit Gurunath Sharma,1987-04-30,39y 65d,India,Top order Batter,Right hand Bat,Right arm Offbreak,2007 - 2026,2014,IPL 2014,MI,15,15.0,2.0,390.0,59.0,30.0,302.0,129.13,0.0,3.0,31.0,16.0,5,0,1.0,8.66,18.0,1/20,1/20,26.0,18.0,0.0,0.0,0.0,2007-09-19,2024-06-29,2007-06-23,2026-06-20,1.0,20.0,1.0,20.0
34102,Rohit Gurunath Sharma,1987-04-30,39y 65d,India,Top order Batter,Right hand Bat,Right arm Offbreak,2007 - 2026,2013,IPL 2013,MI,19,19.0,5.0,538.0,79.0,38.42,409.0,131.54,0.0,4.0,35.0,28.0,7,0,0.0,4.5,8.0,,,,,0.0,0.0,0.0,2007-09-19,2024-06-29,2007-06-23,2026-06-20,,,,
34102,Rohit Gurunath Sharma,1987-04-30,39y 65d,India,Top order Batter,Right hand Bat,Right arm Offbreak,2007 - 2026,2012,IPL 2012,MI,17,16.0,2.0,433.0,109.0,30.92,342.0,126.6,1.0,3.0,39.0,18.0,13,0,0.0,16.0,6.0,,,,,0.0,0.0,0.0,2007-09-19,2024-06-29,2007-06-23,2026-06-20,,,,
34102,Rohit Gurunath Sharma,1987-04-30,39y 65d,India,Top order Batter,Right hand Bat,Right arm Offbreak,2007 - 2026,2011,IPL 2011,MI,16,14.0,3.0,372.0,87.0,33.81,297.0,125.25,0.0,3.0,32.0,13.0,7,0,0.0,13.25,24.0,,,,,0.0,0.0,0.0,2007-09-19,2024-06-29,2007-06-23,2026-06-20,,,,
34102,Rohit Gurunath Sharma,1987-04-30,39y 65d,India,Top order Batter,Right hand Bat,Right arm Offbreak,2007 - 2026,2009/10,IPL 2009/10,DCH,16,16.0,2.0,404.0,73.0,28.85,302.0,133.77,0.0,3.0,36.0,14.0,9,0,2.0,8.05,114.0,1/19,1/19,76.5,57.0,0.0,0.0,0.0,2007-09-19,2024-06-29,2007-06-23,2026-06-20,1.0,19.0,1.0,19.0
34102,Rohit Gurunath Sharma,1987-04-30,39y 65d,India,Top order Batter,Right hand Bat,Right arm Offbreak,2007 - 2026,2009,IPL 2009,DCH,16,16.0,3.0,362.0,52.0,27.84,315.0,114.92,0.0,1.0,22.0,18.0,5,0,11.0,7.0,138.0,4/6,4/6,14.63,12.5,1.0,0.0,0.0,2007-09-19,2024-06-29,2007-06-23,2026-06-20,4.0,6.0,4.0,6.0
34102,Rohit Gurunath Sharma,1987-04-30,39y 65d,India,Top order Batter,Right hand Bat,Right arm Offbreak,2007 - 2026,2007/08,IPL 2007/08,DCH,13,12.0,1.0,404.0,76.0,36.72,273.0,147.98,0.0,4.0,38.0,19.0,8,0,1.0,6.25,24.0,1/25,1/25,25.0,24.0,0.0,0.0,0.0,2007-09-19,2024-06-29,2007-06-23,2026-06-20,1.0,25.0,1.0,25.0
35280,Rudra Pratap Singh,1985-12-06,40y 210d,India,Bowler,Right hand Bat,Left arm Fast medium,2005 - 2011,2016,IPL 2016,RPS,4,,,,,,,,,,,,0,0,3.0,9.25,72.0,1/23,1/23,37.0,24.0,0.0,0.0,0.0,2007-09-13,2009-06-16,2005-09-04,2011-09-16,1.0,23.0,1.0,23.0
35280,Rudra Pratap Singh,1985-12-06,40y 210d,India,Bowler,Right hand Bat,Left arm Fast medium,2005 - 2011,2013,IPL 2013,RCB,11,,,,,,,,,,,,4,0,13.0,8.41,239.0,3/13,3/13,25.76,18.3,0.0,0.0,0.0,2007-09-13,2009-06-16,2005-09-04,2011-09-16,3.0,13.0,3.0,13.0
35280,Rudra Pratap Singh,1985-12-06,40y 210d,India,Bowler,Right hand Bat,Left arm Fast medium,2005 - 2011,2012,IPL 2012,MI,11,5.0,3.0,6.0,3.0,3.0,12.0,50.0,0.0,0.0,0.0,0.0,3,0,10.0,7.75,246.0,3/28,3/28,31.8,24.6,0.0,0.0,0.0,2007-09-13,2009-06-16,2005-09-04,2011-09-16,3.0,28.0,3.0,28.0
35280,Rudra Pratap Singh,1985-12-06,40y 210d,India,Bowler,Right hand Bat,Left arm Fast medium,2005 - 2011,2011,IPL 2011,Kochi,14,5.0,2.0,2.0,1.0,0.66,4.0,50.0,0.0,0.0,0.0,0.0,6,0,13.0,6.9,300.0,4/25,4/25,26.53,23.0,1.0,0.0,0.0,2007-09-13,2009-06-16,2005-09-04,2011-09-16,4.0,25.0,4.0,25.0
35280,Rudra Pratap Singh,1985-12-06,40y 210d,India,Bowler,Right hand Bat,Left arm Fast medium,2005 - 2011,2009/10,IPL 2009/10,DCH,12,5.0,3.0,9.0,4.0,4.5,19.0,47.36,0.0,0.0,0.0,0.0,4,0,13.0,8.8,252.0,3/17,3/17,28.46,19.3,0.0,0.0,0.0,2007-09-13,2009-06-16,2005-09-04,2011-09-16,3.0,17.0,3.0,17.0
35280,Rudra Pratap Singh,1985-12-06,40y 210d,India,Bowler,Right hand Bat,Left arm Fast medium,2005 - 2011,2009,IPL 2009,DCH,16,6.0,2.0,8.0,4.0,2.0,17.0,47.05,0.0,0.0,0.0,0.0,7,0,23.0,6.98,358.0,4/22,4/22,18.13,15.5,1.0,0.0,0.0,2007-09-13,2009-06-16,2005-09-04,2011-09-16,4.0,22.0,4.0,22.0
35280,Rudra Pratap Singh,1985-12-06,40y 210d,India,Bowler,Right hand Bat,Left arm Fast medium,2005 - 2011,2007/08,IPL 2007/08,DCH,14,9.0,5.0,27.0,10.0,6.75,24.0,112.5,0.0,0.0,2.0,1.0,5,0,15.0,8.61,308.0,3/35,3/35,29.46,20.5,0.0,0.0,0.0,2007-09-13,2009-06-16,2005-09-04,2011-09-16,3.0,35.0,3.0,35.0
223642,Juan Theron,1985-07-24,40y 345d,United States of America,Bowler,Right hand Bat,Right arm Medium fast,2010 - 2022,2015,IPL 2015,RR,1,1.0,1.0,1.0,1.0,,1.0,100.0,0.0,0.0,0.0,0.0,0,0,1.0,10.0,24.0,1/40,1/40,40.0,24.0,0.0,0.0,0.0,2010-10-08,2022-07-17,2010-10-15,2022-06-12,1.0,40.0,1.0,40.0
223642,Juan Theron,1985-07-24,40y 345d,United States of America,Bowler,Right hand Bat,Right arm Medium fast,2010 - 2022,2012,IPL 2012,DCH,2,1.0,1.0,7.0,7.0,,6.0,116.66,0.0,0.0,1.0,0.0,0,0,2.0,8.25,48.0,2/37,2/37,33.0,24.0,0.0,0.0,0.0,2010-10-08,2022-07-17,2010-10-15,2022-06-12,2.0,37.0,2.0,37.0
223642,Juan Theron,1985-07-24,40y 345d,United States of America,Bowler,Right hand Bat,Right arm Medium fast,2010 - 2022,2009/10,IPL 2009/10,PBKS,7,2.0,0.0,2.0,2.0,1.0,5.0,40.0,0.0,0.0,0.0,0.0,1,0,6.0,7.79,144.0,2/17,2/17,31.16,24.0,0.0,0.0,0.0,2010-10-08,2022-07-17,2010-10-15,2022-06-12,2.0,17.0,2.0,17.0
5779,Ryan James Harris,1979-10-11,46y 266d,Australia,Bowler,Right hand Bat,Right arm Fast,2009 - 2015,2013,IPL 2013,PBKS,3,2.0,1.0,2.0,2.0,2.0,5.0,40.0,0.0,0.0,0.0,0.0,0,0,1.0,6.0,72.0,1/12,1/12,72.0,72.0,0.0,0.0,0.0,2010-02-23,2010-05-05,2009-01-18,2012-02-24,1.0,12.0,1.0,12.0
5779,Ryan James Harris,1979-10-11,46y 266d,Australia,Bowler,Right hand Bat,Right arm Fast,2009 - 2015,2012,IPL 2012,PBKS,5,2.0,1.0,18.0,15.0,18.0,11.0,163.63,0.0,0.0,1.0,1.0,2,0,8.0,7.22,108.0,4/34,4/34,16.25,13.5,1.0,0.0,0.0,2010-02-23,2010-05-05,2009-01-18,2012-02-24,4.0,34.0,4.0,34.0
5779,Ryan James Harris,1979-10-11,46y 266d,Australia,Bowler,Right hand Bat,Right arm Fast,2009 - 2015,2011,IPL 2011,PBKS,13,7.0,2.0,31.0,17.0,6.2,39.0,79.48,0.0,0.0,3.0,0.0,8,0,16.0,8.12,282.0,3/28,3/28,23.87,17.6,0.0,0.0,0.0,2010-02-23,2010-05-05,2009-01-18,2012-02-24,3.0,28.0,3.0,28.0
5779,Ryan James Harris,1979-10-11,46y 266d,Australia,Bowler,Right hand Bat,Right arm Fast,2009 - 2015,2009/10,IPL 2009/10,DCH,8,5.0,1.0,45.0,15.0,11.25,39.0,115.38,0.0,0.0,2.0,2.0,5,0,14.0,7.59,184.0,3/18,3/18,16.64,13.1,0.0,0.0,0.0,2010-02-23,2010-05-05,2009-01-18,2012-02-24,3.0,18.0,3.0,18.0
5779,Ryan James Harris,1979-10-11,46y 266d,Australia,Bowler,Right hand Bat,Right arm Fast,2009 - 2015,2009,IPL 2009,DCH,8,5.0,4.0,21.0,9.0,21.0,18.0,116.66,0.0,0.0,0.0,0.0,5,0,6.0,7.41,186.0,3/27,3/27,38.33,31.0,0.0,0.0,0.0,2010-02-23,2010-05-05,2009-01-18,2012-02-24,3.0,27.0,3.0,27.0
27225,Sanjay Bapusaheb Bangar,1972-10-11,53y 266d,India,,Right hand Bat,Right arm Medium fast,2001 - 2004,2009,IPL 2009,KKR,1,1.0,0.0,2.0,2.0,2.0,9.0,22.22,0.0,0.0,0.0,0.0,0,0,,,,,,,,,,,,,2002-01-25,2004-01-24,,,,
27225,Sanjay Bapusaheb Bangar,1972-10-11,53y 266d,India,,Right hand Bat,Right arm Medium fast,2001 - 2004,2007/08,IPL 2007/08,DCH,11,7.0,1.0,47.0,17.0,7.83,49.0,95.91,0.0,0.0,1.0,3.0,2,0,4.0,8.76,150.0,2/34,2/34,54.75,37.5,0.0,0.0,0.0,,,2002-01-25,2004-01-24,2.0,34.0,2.0,34.0
42639,Sahibzada Mohammad Shahid Khan Afridi,1980-03-01,46y 125d,Pakistan,Allrounder,Right hand Bat,Legbreak Googly,1996 - 2018,2007/08,IPL 2007/08,DCH,10,9.0,1.0,81.0,33.0,10.12,46.0,176.08,0.0,0.0,7.0,6.0,4,0,9.0,7.5,180.0,3/28,3/28,25.0,20.0,0.0,0.0,0.0,2006-08-28,2018-05-31,1996-10-02,2015-03-20,3.0,28.0,3.0,28.0
317709,Syed Mohammad Shoaib Ahmed,1987-11-19,38y 227d,India,,Right hand Bat,Right arm Fast medium,,2009,IPL 2009,DCH,8,3.0,1.0,1.0,1.0,0.5,6.0,16.66,0.0,0.0,0.0,0.0,4,0,5.0,8.94,102.0,2/20,2/20,30.4,20.4,0.0,0.0,0.0,,,,,2.0,20.0,2.0,20.0
228943,Sunny Sohal,1987-11-10,38y 236d,United States of America,Batter,Right hand Bat,Legbreak,2019 - 2019,2011,IPL 2011,DCH,11,10.0,0.0,249.0,62.0,24.9,191.0,130.36,0.0,2.0,25.0,10.0,0,0,,,,,,,,,,,2019-08-22,2019-08-25,,,,,,
228943,Sunny Sohal,1987-11-10,38y 236d,United States of America,Batter,Right hand Bat,Legbreak,2019 - 2019,2009/10,IPL 2009/10,PBKS,1,,,,,,,,,,,,0,0,,,,,,,,,,,2019-08-22,2019-08-25,,,,,,
228943,Sunny Sohal,1987-11-10,38y 236d,United States of America,Batter,Right hand Bat,Legbreak,2019 - 2019,2009,IPL 2009,PBKS,8,8.0,0.0,115.0,43.0,14.37,93.0,123.65,0.0,0.0,9.0,8.0,2,0,,,,,,,,,,,2019-08-22,2019-08-25,,,,,,
228943,Sunny Sohal,1987-11-10,38y 236d,United States of America,Batter,Right hand Bat,Legbreak,2019 - 2019,2007/08,IPL 2007/08,PBKS,2,2.0,0.0,4.0,4.0,2.0,8.0,50.0,0.0,0.0,0.0,0.0,0,0,,,,,,,,,,,2019-08-22,2019-08-25,,,,,,
24790,Tanmay Mishra,1986-12-22,39y 194d,India,Middle order Batter,Right hand Bat,Right arm Fast medium,2006 - 2013,2012,IPL 2012,DCH,1,,,,,,,,,,,,1,0,,,,,,,,,,,2007-09-01,2013-07-05,2006-02-25,2013-07-02,,,,
34281,Tirumalasetti Laxminarayana Suman,1983-12-15,42y 201d,India,Batter,Right hand Bat,Right arm Offbreak,,2013,IPL 2013,PWI,7,5.0,0.0,52.0,23.0,10.4,58.0,89.65,0.0,0.0,8.0,0.0,2,0,1.0,7.5,12.0,1/15,1/15,15.0,12.0,0.0,0.0,0.0,,,,,1.0,15.0,1.0,15.0
34281,Tirumalasetti Laxminarayana Suman,1983-12-15,42y 201d,India,Batter,Right hand Bat,Right arm Offbreak,,2012,IPL 2012,MI,2,2.0,0.0,15.0,10.0,7.5,19.0,78.94,0.0,0.0,1.0,1.0,1,0,,,,,,,,,,,,,,,,,,
34281,Tirumalasetti Laxminarayana Suman,1983-12-15,42y 201d,India,Batter,Right hand Bat,Right arm Offbreak,,2011,IPL 2011,MI,8,7.0,1.0,65.0,36.0,10.83,51.0,127.45,0.0,0.0,5.0,5.0,2,0,0.0,8.33,36.0,,,,,0.0,0.0,0.0,,,,,,,,
34281,Tirumalasetti Laxminarayana Suman,1983-12-15,42y 201d,India,Batter,Right hand Bat,Right arm Offbreak,,2009/10,IPL 2009/10,DCH,14,14.0,5.0,307.0,78.0,34.11,257.0,119.45,0.0,2.0,23.0,12.0,3,0,0.0,12.0,12.0,,,,,0.0,0.0,0.0,,,,,,,,
34281,Tirumalasetti Laxminarayana Suman,1983-12-15,42y 201d,India,Batter,Right hand Bat,Right arm Offbreak,,2009,IPL 2009,DCH,12,12.0,2.0,237.0,41.0,23.7,190.0,124.73,0.0,0.0,18.0,8.0,2,0,5.0,7.2,90.0,2/14,2/14,21.6,18.0,0.0,0.0,0.0,,,,,2.0,14.0,2.0,14.0
34139,Taduri Prakash Chandra Sudhindra,1984-04-24,42y 71d,India,,Left hand Bat,Right arm Fast,,2012,IPL 2012,DCH,3,1.0,1.0,0.0,0.0,,0.0,,0.0,0.0,0.0,0.0,0,0,1.0,11.65,70.0,1/46,1/46,136.0,70.0,0.0,0.0,0.0,,,,,1.0,46.0,1.0,46.0
528967,Veer Pratap Singh,1992-05-03,34y 62d,India,,Right hand Bat,Right arm Medium,,2012,IPL 2012,DCH,9,1.0,0.0,0.0,0.0,0.0,1.0,0.0,0.0,0.0,0.0,0.0,0,0,10.0,8.7,204.0,2/31,2/31,29.6,20.4,0.0,0.0,0.0,,,,,2.0,31.0,2.0,31.0
30750,Vangipurappu Venkata Sai Laxman,1974-11-01,51y 245d,India,Top order Batter,Right hand Bat,Right arm Offbreak,1996 - 2012,2011,IPL 2011,Kochi,3,3.0,0.0,44.0,36.0,14.66,42.0,104.76,0.0,0.0,3.0,2.0,0,0,,,,,,,,,,,,,1998-04-09,2006-12-03,,,,
30750,Vangipurappu Venkata Sai Laxman,1974-11-01,51y 245d,India,Top order Batter,Right hand Bat,Right arm Offbreak,1996 - 2012,2009/10,IPL 2009/10,DCH,6,6.0,1.0,64.0,22.0,12.8,60.0,106.66,0.0,0.0,7.0,1.0,2,0,,,,,,,,,,,,,1998-04-09,2006-12-03,,,,
30750,Vangipurappu Venkata Sai Laxman,1974-11-01,51y 245d,India,Top order Batter,Right hand Bat,Right arm Offbreak,1996 - 2012,2009,IPL 2009,DCH,5,5.0,0.0,19.0,10.0,3.8,33.0,57.57,0.0,0.0,1.0,1.0,1,0,,,,,,,,,,,,,1998-04-09,2006-12-03,,,,
30750,Vangipurappu Venkata Sai Laxman,1974-11-01,51y 245d,India,Top order Batter,Right hand Bat,Right arm Offbreak,1996 - 2012,2007/08,IPL 2007/08,DCH,6,6.0,1.0,155.0,52.0,31.0,132.0,117.42,0.0,1.0,22.0,1.0,1,0,,,,,,,,,,,,,1998-04-09,2006-12-03,,,,
459508,Andrew James Tye,1986-12-12,39y 204d,Australia,Bowler,Right hand Bat,Right arm Medium fast,2016 - 2021,2022,IPL 2022,LSG,3,,,,,,,,,,,,1,0,2.0,9.72,66.0,2/40,2/40,53.5,33.0,0.0,0.0,0.0,2016-01-29,2021-08-07,2018-01-14,2018-06-19,2.0,40.0,2.0,40.0
459508,Andrew James Tye,1986-12-12,39y 204d,Australia,Bowler,Right hand Bat,Right arm Medium fast,2016 - 2021,2020/21,IPL 2020/21,RR,1,1.0,0.0,6.0,6.0,6.0,6.0,100.0,0.0,0.0,0.0,1.0,0,0,1.0,12.5,24.0,1/50,1/50,50.0,24.0,0.0,0.0,0.0,2016-01-29,2021-08-07,2018-01-14,2018-06-19,1.0,50.0,1.0,50.0
459508,Andrew James Tye,1986-12-12,39y 204d,Australia,Bowler,Right hand Bat,Right arm Medium fast,2016 - 2021,2019,IPL 2019,PBKS,6,1.0,1.0,0.0,0.0,,2.0,0.0,0.0,0.0,0.0,0.0,2,0,3.0,10.59,132.0,1/37,1/37,77.66,44.0,0.0,0.0,0.0,2016-01-29,2021-08-07,2018-01-14,2018-06-19,1.0,37.0,1.0,37.0
459508,Andrew James Tye,1986-12-12,39y 204d,Australia,Bowler,Right hand Bat,Right arm Medium fast,2016 - 2021,2018,IPL 2018,PBKS,14,8.0,2.0,32.0,14.0,5.33,38.0,84.21,0.0,0.0,2.0,1.0,5,0,24.0,8.0,336.0,4/16,4/16,18.66,14.0,3.0,0.0,0.0,2016-01-29,2021-08-07,2018-01-14,2018-06-19,4.0,16.0,4.0,16.0
459508,Andrew James Tye,1986-12-12,39y 204d,Australia,Bowler,Right hand Bat,Right arm Medium fast,2016 - 2021,2017,IPL 2017,GL,6,3.0,1.0,53.0,25.0,26.5,30.0,176.66,0.0,0.0,4.0,3.0,0,0,12.0,6.71,126.0,5/17,5/17,11.75,10.5,0.0,1.0,0.0,2016-01-29,2021-08-07,2018-01-14,2018-06-19,5.0,17.0,5.0,17.0
1083128,Ankit Soni,1993-08-02,32y 336d,India,Allrounder,Right hand Bat,Legbreak,,2017,IPL 2017,GL,7,3.0,1.0,7.0,7.0,3.5,9.0,77.77,0.0,0.0,0.0,1.0,1,0,2.0,7.92,109.0,1/16,1/16,72.0,54.5,0.0,0.0,0.0,,,,,1.0,16.0,1.0,16.0
732291,Basil Thampi,1993-09-11,32y 296d,India,Bowler,Right hand Bat,Right arm Fast medium,,2022,IPL 2022,MI,5,,,,,,,,,,,,1,0,5.0,9.5,96.0,3/35,3/35,30.4,19.2,0.0,0.0,0.0,,,,,3.0,35.0,3.0,35.0
732291,Basil Thampi,1993-09-11,32y 296d,India,Bowler,Right hand Bat,Right arm Fast medium,,2020/21,IPL 2020/21,SRH,1,,,,,,,,,,,,0,0,1.0,11.5,24.0,1/46,1/46,46.0,24.0,0.0,0.0,0.0,,,,,1.0,46.0,1.0,46.0
732291,Basil Thampi,1993-09-11,32y 296d,India,Bowler,Right hand Bat,Right arm Fast medium,,2019,IPL 2019,SRH,3,1.0,1.0,1.0,1.0,,1.0,100.0,0.0,0.0,0.0,0.0,0,0,0.0,9.16,72.0,,,,,0.0,0.0,0.0,,,,,,,,
732291,Basil Thampi,1993-09-11,32y 296d,India,Bowler,Right hand Bat,Right arm Fast medium,,2018,IPL 2018,SRH,4,2.0,1.0,3.0,3.0,3.0,6.0,50.0,0.0,0.0,0.0,0.0,2,0,5.0,11.21,61.0,2/4,2/4,22.8,12.2,0.0,0.0,0.0,,,,,2.0,4.0,2.0,4.0
732291,Basil Thampi,1993-09-11,32y 296d,India,Bowler,Right hand Bat,Right arm Fast medium,,2017,IPL 2017,GL,12,5.0,5.0,28.0,13.0,,28.0,100.0,0.0,0.0,1.0,1.0,2,0,11.0,9.49,268.0,3/29,3/29,38.54,24.3,0.0,0.0,0.0,,,,,3.0,29.0,3.0,29.0
277955,Dhawal Sunil Kulkarni,1988-12-10,37y 206d,India,Bowler,Right hand Bat,Right arm Medium,2014 - 2016,2021,IPL 2021,MI,1,1.0,1.0,0.0,0.0,,0.0,,0.0,0.0,0.0,0.0,0,0,0.0,12.0,24.0,,,,,0.0,0.0,0.0,2016-06-20,2016-06-22,2014-09-02,2016-10-26,,,,
277955,Dhawal Sunil Kulkarni,1988-12-10,37y 206d,India,Bowler,Right hand Bat,Right arm Medium,2014 - 2016,2020/21,IPL 2020/21,MI,1,1.0,1.0,3.0,3.0,,2.0,150.0,0.0,0.0,0.0,0.0,0,0,0.0,7.33,18.0,,,,,0.0,0.0,0.0,2016-06-20,2016-06-22,2014-09-02,2016-10-26,,,,
277955,Dhawal Sunil Kulkarni,1988-12-10,37y 206d,India,Bowler,Right hand Bat,Right arm Medium,2014 - 2016,2019,IPL 2019,RR,10,1.0,1.0,5.0,5.0,,3.0,166.66,0.0,0.0,1.0,0.0,5,0,6.0,9.57,210.0,1/14,1/14,55.83,35.0,0.0,0.0,0.0,2016-06-20,2016-06-22,2014-09-02,2016-10-26,1.0,14.0,1.0,14.0
277955,Dhawal Sunil Kulkarni,1988-12-10,37y 206d,India,Bowler,Right hand Bat,Right arm Medium,2014 - 2016,2018,IPL 2018,RR,8,2.0,1.0,6.0,3.0,6.0,7.0,85.71,0.0,0.0,0.0,0.0,1,0,4.0,9.47,119.0,2/32,2/32,47.0,29.7,0.0,0.0,0.0,2016-06-20,2016-06-22,2014-09-02,2016-10-26,2.0,32.0,2.0,32.0
277955,Dhawal Sunil Kulkarni,1988-12-10,37y 206d,India,Bowler,Right hand Bat,Right arm Medium,2014 - 2016,2017,IPL 2017,GL,6,1.0,0.0,1.0,1.0,1.0,2.0,50.0,0.0,0.0,0.0,0.0,1,0,3.0,9.18,113.0,1/24,1/24,57.66,37.6,0.0,0.0,0.0,2016-06-20,2016-06-22,2014-09-02,2016-10-26,1.0,24.0,1.0,24.0
277955,Dhawal Sunil Kulkarni,1988-12-10,37y 206d,India,Bowler,Right hand Bat,Right arm Medium,2014 - 2016,2016,IPL 2016,GL,14,5.0,3.0,27.0,10.0,13.5,16.0,168.75,0.0,0.0,3.0,0.0,2,0,18.0,7.42,294.0,4/14,4/14,20.22,16.3,1.0,0.0,0.0,2016-06-20,2016-06-22,2014-09-02,2016-10-26,4.0,14.0,4.0,14.0
277955,Dhawal Sunil Kulkarni,1988-12-10,37y 206d,India,Bowler,Right hand Bat,Right arm Medium,2014 - 2016,2015,IPL 2015,RR,11,2.0,0.0,4.0,3.0,2.0,11.0,36.36,0.0,0.0,0.0,0.0,5,0,13.0,7.91,210.0,2/9,2/9,21.3,16.1,0.0,0.0,0.0,2016-06-20,2016-06-22,2014-09-02,2016-10-26,2.0,9.0,2.0,9.0
277955,Dhawal Sunil Kulkarni,1988-12-10,37y 206d,India,Bowler,Right hand Bat,Right arm Medium,2014 - 2016,2014,IPL 2014,RR,8,2.0,2.0,35.0,28.0,,25.0,140.0,0.0,0.0,1.0,2.0,2,0,6.0,8.18,162.0,2/23,2/23,36.83,27.0,0.0,0.0,0.0,2016-06-20,2016-06-22,2014-09-02,2016-10-26,2.0,23.0,2.0,23.0
277955,Dhawal Sunil Kulkarni,1988-12-10,37y 206d,India,Bowler,Right hand Bat,Right arm Medium,2014 - 2016,2013,IPL 2013,MI,6,,,,,,,,,,,,0,0,8.0,8.08,112.0,3/19,3/19,18.87,14.0,0.0,0.0,0.0,2016-06-20,2016-06-22,2014-09-02,2016-10-26,3.0,19.0,3.0,19.0
277955,Dhawal Sunil Kulkarni,1988-12-10,37y 206d,India,Bowler,Right hand Bat,Right arm Medium,2014 - 2016,2012,IPL 2012,MI,2,1.0,1.0,10.0,10.0,,5.0,200.0,0.0,0.0,2.0,0.0,2,0,6.0,8.0,48.0,3/18,3/18,10.66,8.0,0.0,0.0,0.0,2016-06-20,2016-06-22,2014-09-02,2016-10-26,3.0,18.0,3.0,18.0
277955,Dhawal Sunil Kulkarni,1988-12-10,37y 206d,India,Bowler,Right hand Bat,Right arm Medium,2014 - 2016,2011,IPL 2011,MI,6,2.0,1.0,2.0,2.0,2.0,4.0,50.0,0.0,0.0,0.0,0.0,1,0,5.0,7.45,120.0,3/26,3/26,29.8,24.0,0.0,0.0,0.0,2016-06-20,2016-06-22,2014-09-02,2016-10-26,3.0,26.0,3.0,26.0
277955,Dhawal Sunil Kulkarni,1988-12-10,37y 206d,India,Bowler,Right hand Bat,Right arm Medium,2014 - 2016,2009/10,IPL 2009/10,MI,1,,,,,,,,,,,,0,0,1.0,10.0,24.0,1/40,1/40,40.0,24.0,0.0,0.0,0.0,2016-06-20,2016-06-22,2014-09-02,2016-10-26,1.0,40.0,1.0,40.0
277955,Dhawal Sunil Kulkarni,1988-12-10,37y 206d,India,Bowler,Right hand Bat,Right arm Medium,2014 - 2016,2009,IPL 2009,MI,8,4.0,2.0,9.0,7.0,4.5,17.0,52.94,0.0,0.0,0.0,0.0,1,0,5.0,7.92,156.0,1/21,1/21,41.2,31.2,0.0,0.0,0.0,2016-06-20,2016-06-22,2014-09-02,2016-10-26,1.0,21.0,1.0,21.0
277955,Dhawal Sunil Kulkarni,1988-12-10,37y 206d,India,Bowler,Right hand Bat,Right arm Medium,2014 - 2016,2007/08,IPL 2007/08,MI,10,1.0,1.0,2.0,2.0,,16.0,12.5,0.0,0.0,0.0,0.0,2,0,11.0,8.0,177.0,3/33,3/33,21.45,16.0,0.0,0.0,0.0,2016-06-20,2016-06-22,2014-09-02,2016-10-26,3.0,33.0,3.0,33.0
340841,Eklavya Rakesh Dwivedi,1988-07-22,37y 347d,India,Wicketkeeper,Right hand Bat,,,2016,IPL 2016,GL,4,2.0,0.0,24.0,19.0,12.0,14.0,171.42,0.0,0.0,2.0,2.0,2,0,,,,,,,,,,,,,,,,,,
720471,Ishan Pranav Kumar Pandey Kishan,1998-07-18,27y 351d,India,Wicketkeeper Batter,Left hand Bat,"Right arm Offbreak, Legbreak",2021 - 2026,2026,IPL 2026,SRH,15,15.0,0.0,602.0,91.0,40.13,330.0,182.42,0.0,6.0,60.0,32.0,9,1,,,,,,,,,,,2021-03-14,2026-07-01,2021-07-18,2026-06-20,,,,
720471,Ishan Pranav Kumar Pandey Kishan,1998-07-18,27y 351d,India,Wicketkeeper Batter,Left hand Bat,"Right arm Offbreak, Legbreak",2021 - 2026,2025,IPL 2025,SRH,14,13.0,3.0,354.0,106.0,35.4,232.0,152.58,1.0,1.0,33.0,15.0,8,0,0.0,24.0,1.0,,,,,0.0,0.0,0.0,2021-03-14,2026-07-01,2021-07-18,2026-06-20,,,,
720471,Ishan Pranav Kumar Pandey Kishan,1998-07-18,27y 351d,India,Wicketkeeper Batter,Left hand Bat,"Right arm Offbreak, Legbreak",2021 - 2026,2024,IPL 2024,MI,14,14.0,0.0,320.0,69.0,22.85,215.0,148.83,0.0,1.0,35.0,16.0,9,0,,,,,,,,,,,2021-03-14,2026-07-01,2021-07-18,2026-06-20,,,,
720471,Ishan Pranav Kumar Pandey Kishan,1998-07-18,27y 351d,India,Wicketkeeper Batter,Left hand Bat,"Right arm Offbreak, Legbreak",2021 - 2026,2023,IPL 2023,MI,16,15.0,0.0,454.0,75.0,30.26,318.0,142.76,0.0,3.0,54.0,18.0,10,3,,,,,,,,,,,2021-03-14,2026-07-01,2021-07-18,2026-06-20,,,,
720471,Ishan Pranav Kumar Pandey Kishan,1998-07-18,27y 351d,India,Wicketkeeper Batter,Left hand Bat,"Right arm Offbreak, Legbreak",2021 - 2026,2022,IPL 2022,MI,14,14.0,1.0,418.0,81.0,32.15,348.0,120.11,0.0,3.0,45.0,11.0,13,0,,,,,,,,,,,2021-03-14,2026-07-01,2021-07-18,2026-06-20,,,,
720471,Ishan Pranav Kumar Pandey Kishan,1998-07-18,27y 351d,India,Wicketkeeper Batter,Left hand Bat,"Right arm Offbreak, Legbreak",2021 - 2026,2021,IPL 2021,MI,10,10.0,1.0,241.0,84.0,26.77,180.0,133.88,0.0,2.0,21.0,10.0,3,0,,,,,,,,,,,2021-03-14,2026-07-01,2021-07-18,2026-06-20,,,,
720471,Ishan Pranav Kumar Pandey Kishan,1998-07-18,27y 351d,India,Wicketkeeper Batter,Left hand Bat,"Right arm Offbreak, Legbreak",2021 - 2026,2020/21,IPL 2020/21,MI,14,13.0,4.0,516.0,99.0,57.33,354.0,145.76,0.0,4.0,36.0,30.0,1,0,,,,,,,,,,,2021-03-14,2026-07-01,2021-07-18,2026-06-20,,,,
720471,Ishan Pranav Kumar Pandey Kishan,1998-07-18,27y 351d,India,Wicketkeeper Batter,Left hand Bat,"Right arm Offbreak, Legbreak",2021 - 2026,2019,IPL 2019,MI,7,6.0,0.0,101.0,28.0,16.83,100.0,101.0,0.0,0.0,8.0,4.0,2,0,,,,,,,,,,,2021-03-14,2026-07-01,2021-07-18,2026-06-20,,,,
720471,Ishan Pranav Kumar Pandey Kishan,1998-07-18,27y 351d,India,Wicketkeeper Batter,Left hand Bat,"Right arm Offbreak, Legbreak",2021 - 2026,2018,IPL 2018,MI,14,12.0,0.0,275.0,62.0,22.91,184.0,149.45,0.0,2.0,22.0,17.0,9,2,,,,,,,,,,,2021-03-14,2026-07-01,2021-07-18,2026-06-20,,,,
720471,Ishan Pranav Kumar Pandey Kishan,1998-07-18,27y 351d,India,Wicketkeeper Batter,Left hand Bat,"Right arm Offbreak, Legbreak",2021 - 2026,2017,IPL 2017,GL,11,10.0,0.0,277.0,61.0,27.7,206.0,134.46,0.0,1.0,29.0,13.0,3,0,,,,,,,,,,,2021-03-14,2026-07-01,2021-07-18,2026-06-20,,,,
720471,Ishan Pranav Kumar Pandey Kishan,1998-07-18,27y 351d,India,Wicketkeeper Batter,Left hand Bat,"Right arm Offbreak, Legbreak",2021 - 2026,2016,IPL 2016,GL,5,5.0,0.0,42.0,27.0,8.4,41.0,102.43,0.0,0.0,5.0,0.0,1,0,,,,,,,,,,,2021-03-14,2026-07-01,2021-07-18,2026-06-20,,,,
270484,James Peter Faulkner,1990-04-29,36y 66d,Australia,Bowling Allrounder,Right hand Bat,Left arm Fast medium,2012 - 2017,2017,IPL 2017,GL,8,6.0,2.0,54.0,21.0,13.5,57.0,94.73,0.0,0.0,4.0,0.0,3,0,6.0,9.79,158.0,2/34,2/34,43.0,26.3,0.0,0.0,0.0,2012-02-01,2017-02-22,2013-02-01,2017-10-01,2.0,34.0,2.0,34.0
270484,James Peter Faulkner,1990-04-29,36y 66d,Australia,Bowling Allrounder,Right hand Bat,Left arm Fast medium,2012 - 2017,2016,IPL 2016,GL,7,5.0,2.0,77.0,32.0,25.66,59.0,130.5,0.0,0.0,7.0,0.0,3,0,2.0,9.82,102.0,1/23,1/23,83.5,51.0,0.0,0.0,0.0,2012-02-01,2017-02-22,2013-02-01,2017-10-01,1.0,23.0,1.0,23.0
270484,James Peter Faulkner,1990-04-29,36y 66d,Australia,Bowling Allrounder,Right hand Bat,Left arm Fast medium,2012 - 2017,2015,IPL 2015,RR,13,11.0,3.0,144.0,46.0,18.0,109.0,132.11,0.0,0.0,12.0,5.0,4,0,8.0,9.46,270.0,3/26,3/26,53.25,33.7,0.0,0.0,0.0,2012-02-01,2017-02-22,2013-02-01,2017-10-01,3.0,26.0,3.0,26.0
270484,James Peter Faulkner,1990-04-29,36y 66d,Australia,Bowling Allrounder,Right hand Bat,Left arm Fast medium,2012 - 2017,2014,IPL 2014,RR,13,12.0,8.0,181.0,41.0,45.25,94.0,192.55,0.0,0.0,8.0,16.0,2,0,11.0,9.74,258.0,3/11,3/11,38.09,23.4,0.0,0.0,0.0,2012-02-01,2017-02-22,2013-02-01,2017-10-01,3.0,11.0,3.0,11.0
270484,James Peter Faulkner,1990-04-29,36y 66d,Australia,Bowling Allrounder,Right hand Bat,Left arm Fast medium,2012 - 2017,2013,IPL 2013,RR,16,9.0,4.0,57.0,19.0,11.4,57.0,100.0,0.0,0.0,5.0,2.0,3,0,28.0,6.75,379.0,5/16,5/16,15.25,13.5,0.0,2.0,0.0,2012-02-01,2017-02-22,2013-02-01,2017-10-01,5.0,16.0,5.0,16.0
270484,James Peter Faulkner,1990-04-29,36y 66d,Australia,Bowling Allrounder,Right hand Bat,Left arm Fast medium,2012 - 2017,2012,IPL 2012,PBKS,2,2.0,1.0,14.0,11.0,14.0,13.0,107.69,0.0,0.0,0.0,0.0,1,0,3.0,9.0,48.0,2/41,2/41,24.0,16.0,0.0,0.0,0.0,2012-02-01,2017-02-22,2013-02-01,2017-10-01,2.0,41.0,2.0,41.0
270484,James Peter Faulkner,1990-04-29,36y 66d,Australia,Bowling Allrounder,Right hand Bat,Left arm Fast medium,2012 - 2017,2011,IPL 2011,PWI,1,,,,,,,,,,,,0,0,1.0,4.5,12.0,1/9,1/9,9.0,12.0,0.0,0.0,0.0,2012-02-01,2017-02-22,2013-02-01,2017-10-01,1.0,9.0,1.0,9.0
32965,Munaf Musa Patel,1983-07-12,42y 357d,India,Bowler,Right hand Bat,Right arm Medium fast,2006 - 2011,2017,IPL 2017,GL,2,1.0,0.0,0.0,0.0,0.0,1.0,0.0,0.0,0.0,0.0,0.0,0,0,1.0,8.14,42.0,1/35,1/35,57.0,42.0,0.0,0.0,0.0,2011-01-09,2011-08-31,2006-04-03,2011-09-16,1.0,35.0,1.0,35.0
32965,Munaf Musa Patel,1983-07-12,42y 357d,India,Bowler,Right hand Bat,Right arm Medium fast,2006 - 2011,2013,IPL 2013,MI,4,1.0,1.0,0.0,0.0,,0.0,,0.0,0.0,0.0,0.0,0,0,3.0,9.13,90.0,3/29,3/29,45.66,30.0,0.0,0.0,0.0,2011-01-09,2011-08-31,2006-04-03,2011-09-16,3.0,29.0,3.0,29.0
32965,Munaf Musa Patel,1983-07-12,42y 357d,India,Bowler,Right hand Bat,Right arm Medium fast,2006 - 2011,2012,IPL 2012,MI,12,3.0,3.0,2.0,1.0,,7.0,28.57,0.0,0.0,0.0,0.0,5,0,15.0,7.86,280.0,4/20,4/20,24.46,18.6,2.0,0.0,0.0,2011-01-09,2011-08-31,2006-04-03,2011-09-16,4.0,20.0,4.0,20.0
32965,Munaf Musa Patel,1983-07-12,42y 357d,India,Bowler,Right hand Bat,Right arm Medium fast,2006 - 2011,2011,IPL 2011,MI,15,1.0,0.0,0.0,0.0,0.0,1.0,0.0,0.0,0.0,0.0,0.0,3,0,22.0,6.58,326.0,5/21,5/21,16.27,14.8,0.0,1.0,0.0,2011-01-09,2011-08-31,2006-04-03,2011-09-16,5.0,21.0,5.0,21.0
32965,Munaf Musa Patel,1983-07-12,42y 357d,India,Bowler,Right hand Bat,Right arm Medium fast,2006 - 2011,2009/10,IPL 2009/10,RR,4,2.0,1.0,4.0,4.0,4.0,5.0,80.0,0.0,0.0,0.0,0.0,1,0,3.0,9.07,78.0,1/20,1/20,39.33,26.0,0.0,0.0,0.0,2011-01-09,2011-08-31,2006-04-03,2011-09-16,1.0,20.0,1.0,20.0
32965,Munaf Musa Patel,1983-07-12,42y 357d,India,Bowler,Right hand Bat,Right arm Medium fast,2006 - 2011,2009,IPL 2009,RR,11,5.0,2.0,33.0,23.0,11.0,26.0,126.92,0.0,0.0,5.0,0.0,4,0,16.0,6.91,209.0,2/14,2/14,15.06,13.0,0.0,0.0,0.0,2011-01-09,2011-08-31,2006-04-03,2011-09-16,2.0,14.0,2.0,14.0
32965,Munaf Musa Patel,1983-07-12,42y 357d,India,Bowler,Right hand Bat,Right arm Medium fast,2006 - 2011,2007/08,IPL 2007/08,RR,15,2.0,2.0,0.0,0.0,,1.0,0.0,0.0,0.0,0.0,0.0,2,0,14.0,7.63,330.0,3/17,3/17,30.0,23.5,0.0,0.0,0.0,2011-01-09,2011-08-31,2006-04-03,2011-09-16,3.0,17.0,3.0,17.0
853259,Nathu Bharat Singh,1995-09-08,30y 299d,India,Bowler,Right hand Bat,Right arm Medium,,2017,IPL 2017,GL,2,,,,,,,,,,,,0,0,1.0,3.75,24.0,1/7,1/7,15.0,24.0,0.0,0.0,0.0,,,,,1.0,7.0,1.0,7.0
30732,Praveenkumar Sakat Singh,1986-10-02,39y 275d,India,Bowler,Right hand Bat,Right arm Medium,2007 - 2012,2017,IPL 2017,GL,6,2.0,1.0,8.0,7.0,8.0,9.0,88.88,0.0,0.0,0.0,0.0,0,0,6.0,9.15,99.0,2/22,2/22,25.16,16.5,0.0,0.0,0.0,2008-02-01,2012-03-30,2007-11-18,2012-03-18,2.0,22.0,2.0,22.0
30732,Praveenkumar Sakat Singh,1986-10-02,39y 275d,India,Bowler,Right hand Bat,Right arm Medium,2007 - 2012,2016,IPL 2016,GL,16,7.0,3.0,24.0,15.0,6.0,26.0,92.3,0.0,0.0,3.0,0.0,2,0,9.0,7.78,309.0,2/19,2/19,44.55,34.3,0.0,0.0,0.0,2008-02-01,2012-03-30,2007-11-18,2012-03-18,2.0,19.0,2.0,19.0
30732,Praveenkumar Sakat Singh,1986-10-02,39y 275d,India,Bowler,Right hand Bat,Right arm Medium,2007 - 2012,2015,IPL 2015,SRH,12,4.0,1.0,17.0,12.0,5.66,25.0,68.0,0.0,0.0,1.0,0.0,3,0,7.0,9.13,216.0,2/35,2/35,47.0,30.8,0.0,0.0,0.0,2008-02-01,2012-03-30,2007-11-18,2012-03-18,2.0,35.0,2.0,35.0
30732,Praveenkumar Sakat Singh,1986-10-02,39y 275d,India,Bowler,Right hand Bat,Right arm Medium,2007 - 2012,2014,IPL 2014,MI,3,1.0,0.0,1.0,1.0,1.0,2.0,50.0,0.0,0.0,0.0,0.0,0,0,3.0,6.5,72.0,2/31,2/31,26.0,24.0,0.0,0.0,0.0,2008-02-01,2012-03-30,2007-11-18,2012-03-18,2.0,31.0,2.0,31.0
30732,Praveenkumar Sakat Singh,1986-10-02,39y 275d,India,Bowler,Right hand Bat,Right arm Medium,2007 - 2012,2013,IPL 2013,PBKS,15,7.0,1.0,47.0,24.0,7.83,39.0,120.51,0.0,0.0,3.0,3.0,1,0,12.0,6.62,338.0,2/10,2/10,31.08,28.1,0.0,0.0,0.0,2008-02-01,2012-03-30,2007-11-18,2012-03-18,2.0,10.0,2.0,10.0
30732,Praveenkumar Sakat Singh,1986-10-02,39y 275d,India,Bowler,Right hand Bat,Right arm Medium,2007 - 2012,2012,IPL 2012,PBKS,16,7.0,4.0,35.0,10.0,11.66,30.0,116.66,0.0,0.0,2.0,1.0,1,0,9.0,6.88,378.0,2/15,2/15,48.22,42.0,0.0,0.0,0.0,2008-02-01,2012-03-30,2007-11-18,2012-03-18,2.0,15.0,2.0,15.0
30732,Praveenkumar Sakat Singh,1986-10-02,39y 275d,India,Bowler,Right hand Bat,Right arm Medium,2007 - 2012,2011,IPL 2011,PBKS,13,7.0,4.0,27.0,15.0,9.0,31.0,87.09,0.0,0.0,2.0,1.0,2,0,10.0,7.5,276.0,2/19,2/19,34.5,27.6,0.0,0.0,0.0,2008-02-01,2012-03-30,2007-11-18,2012-03-18,2.0,19.0,2.0,19.0
30732,Praveenkumar Sakat Singh,1986-10-02,39y 275d,India,Bowler,Right hand Bat,Right arm Medium,2007 - 2012,2009/10,IPL 2009/10,RCB,12,4.0,2.0,4.0,3.0,2.0,8.0,50.0,0.0,0.0,0.0,0.0,1,0,10.0,8.44,270.0,3/18,3/18,38.0,27.0,0.0,0.0,0.0,2008-02-01,2012-03-30,2007-11-18,2012-03-18,3.0,18.0,3.0,18.0
30732,Praveenkumar Sakat Singh,1986-10-02,39y 275d,India,Bowler,Right hand Bat,Right arm Medium,2007 - 2012,2009,IPL 2009,RCB,13,8.0,3.0,65.0,14.0,13.0,46.0,141.3,0.0,0.0,1.0,6.0,1,0,13.0,7.93,298.0,3/30,3/30,30.3,22.9,0.0,0.0,0.0,2008-02-01,2012-03-30,2007-11-18,2012-03-18,3.0,30.0,3.0,30.0
30732,Praveenkumar Sakat Singh,1986-10-02,39y 275d,India,Bowler,Right hand Bat,Right arm Medium,2007 - 2012,2007/08,IPL 2007/08,RCB,13,12.0,2.0,112.0,34.0,11.2,98.0,114.28,0.0,0.0,10.0,6.0,3,0,11.0,8.19,268.0,3/23,3/23,33.27,24.3,0.0,0.0,0.0,2008-02-01,2012-03-30,2007-11-18,2012-03-18,3.0,23.0,3.0,23.0
587152,Pravin Vijay Tambe,1971-10-08,54y 269d,India,Bowler,Right hand Bat,Legbreak,,2016,IPL 2016,GL,7,1.0,1.0,7.0,7.0,,19.0,36.84,0.0,0.0,1.0,0.0,1,0,5.0,8.93,96.0,2/12,2/12,28.6,19.2,0.0,0.0,0.0,,,,,2.0,12.0,2.0,12.0
587152,Pravin Vijay Tambe,1971-10-08,54y 269d,India,Bowler,Right hand Bat,Legbreak,,2015,IPL 2015,RR,10,2.0,2.0,3.0,2.0,,5.0,60.0,0.0,0.0,0.0,0.0,1,0,7.0,7.82,204.0,2/21,2/21,38.0,29.1,0.0,0.0,0.0,,,,,2.0,21.0,2.0,21.0
587152,Pravin Vijay Tambe,1971-10-08,54y 269d,India,Bowler,Right hand Bat,Legbreak,,2014,IPL 2014,RR,13,2.0,0.0,5.0,3.0,2.5,9.0,55.55,0.0,0.0,0.0,0.0,2,0,15.0,7.26,294.0,4/20,4/20,23.73,19.6,1.0,0.0,0.0,,,,,4.0,20.0,4.0,20.0
587152,Pravin Vijay Tambe,1971-10-08,54y 269d,India,Bowler,Right hand Bat,Legbreak,,2013,IPL 2013,RR,3,1.0,1.0,3.0,3.0,,6.0,50.0,0.0,0.0,0.0,0.0,0,0,1.0,8.0,66.0,1/38,1/38,88.0,66.0,0.0,0.0,0.0,,,,,1.0,38.0,1.0,38.0
917213,Shivil Kaushik,1995-09-07,30y 300d,India,Bowler,Right hand Bat,Left arm Wrist spin,,2017,IPL 2017,GL,3,,,,,,,,,,,,0,0,0.0,9.54,66.0,,,,,0.0,0.0,0.0,,,,,,,,
917213,Shivil Kaushik,1995-09-07,30y 300d,India,Bowler,Right hand Bat,Left arm Wrist spin,,2016,IPL 2016,GL,7,2.0,1.0,0.0,0.0,0.0,1.0,0.0,0.0,0.0,0.0,0.0,0,0,6.0,8.34,138.0,3/20,3/20,32.0,23.0,0.0,0.0,0.0,,,,,3.0,20.0,3.0,20.0
1079668,Shubham Sanjay Agarwal,1993-11-21,32y 225d,India,,Right hand Bat,Legbreak Googly,,2017,IPL 2017,GL,1,,,,,,,,,,,,1,0,1.0,10.5,24.0,1/42,1/42,42.0,24.0,0.0,0.0,0.0,,,,,1.0,42.0,1.0,42.0
1082859,Tejas Baroka,1996-02-01,30y 153d,India,Bowler,Right hand Bat,Legbreak Googly,,2017,IPL 2017,GL,1,,,,,,,,,,,,0,0,0.0,9.42,21.0,,,,,0.0,0.0,0.0,,,,,,,,
778963,Abhinav Manohar,1994-09-16,31y 313d,India,Batting Allrounder,Right hand Bat,Legbreak Googly,,2025,IPL 2025,SRH,8,5.0,0.0,61.0,43.0,12.2,61.0,100.0,0.0,0.0,2.0,4.0,7,0,,,,,,,,,,,,,,,,,,
778963,Abhinav Manohar,1994-09-16,31y 313d,India,Batting Allrounder,Right hand Bat,Legbreak Googly,,2024,IPL 2024,GT,2,2.0,0.0,9.0,8.0,4.5,16.0,56.25,0.0,0.0,1.0,0.0,1,0,,,,,,,,,,,,,,,,,,
778963,Abhinav Manohar,1994-09-16,31y 313d,India,Batting Allrounder,Right hand Bat,Legbreak Googly,,2023,IPL 2023,GT,9,6.0,0.0,114.0,42.0,19.0,83.0,137.34,0.0,0.0,6.0,7.0,4,0,,,,,,,,,,,,,,,,,,
778963,Abhinav Manohar,1994-09-16,31y 313d,India,Batting Allrounder,Right hand Bat,Legbreak Googly,,2022,IPL 2022,GT,8,7.0,1.0,108.0,43.0,18.0,75.0,144.0,0.0,0.0,14.0,3.0,4,0,,,,,,,,,,,,,,,,,,
670031,Alzarri Shaheim Joseph,1996-11-20,29y 248d,West Indies,Bowler,Right hand Bat,Right arm Fast,2016 - 2026,2024,IPL 2024,RCB,3,,,,,,,,,,,,0,0,1.0,11.89,58.0,1/43,1/43,115.0,58.0,0.0,0.0,0.0,2022-07-29,2025-07-28,2016-10-02,2026-07-21,1.0,43.0,1.0,43.0
670031,Alzarri Shaheim Joseph,1996-11-20,29y 248d,West Indies,Bowler,Right hand Bat,Right arm Fast,2016 - 2026,2023,IPL 2023,GT,7,2.0,2.0,7.0,7.0,,12.0,58.33,0.0,0.0,1.0,0.0,2,0,7.0,9.37,144.0,2/27,2/27,32.14,20.5,0.0,0.0,0.0,2022-07-29,2025-07-28,2016-10-02,2026-07-21,2.0,27.0,2.0,27.0
670031,Alzarri Shaheim Joseph,1996-11-20,29y 248d,West Indies,Bowler,Right hand Bat,Right arm Fast,2016 - 2026,2022,IPL 2022,GT,9,3.0,2.0,5.0,4.0,5.0,7.0,71.42,0.0,0.0,0.0,0.0,1,0,7.0,8.8,180.0,2/34,2/34,37.71,25.7,0.0,0.0,0.0,2022-07-29,2025-07-28,2016-10-02,2026-07-21,2.0,34.0,2.0,34.0
670031,Alzarri Shaheim Joseph,1996-11-20,29y 248d,West Indies,Bowler,Right hand Bat,Right arm Fast,2016 - 2026,2019,IPL 2019,MI,3,2.0,2.0,15.0,15.0,,13.0,115.38,0.0,0.0,2.0,0.0,1,0,6.0,10.03,52.0,6/12,6/12,14.5,8.6,0.0,1.0,0.0,2022-07-29,2025-07-28,2016-10-02,2026-07-21,6.0,12.0,6.0,12.0
1244751,Mohd Arshad Khan,1997-12-20,28y 218d,India,Bowler,Left hand Bat,Left arm Fast medium,,2026,IPL 2026,GT,8,2.0,1.0,23.0,15.0,23.0,11.0,209.09,0.0,0.0,1.0,2.0,2,0,6.0,9.92,104.0,3/22,3/22,28.66,17.3,0.0,0.0,0.0,,,,,3.0,22.0,3.0,22.0
1244751,Mohd Arshad Khan,1997-12-20,28y 218d,India,Bowler,Left hand Bat,Left arm Fast medium,,2025,IPL 2025,GT,9,5.0,3.0,23.0,20.0,11.5,19.0,121.05,0.0,0.0,0.0,3.0,4,0,6.0,10.33,126.0,1/7,1/7,36.16,21.0,0.0,0.0,0.0,,,,,1.0,7.0,1.0,7.0
1244751,Mohd Arshad Khan,1997-12-20,28y 218d,India,Bowler,Left hand Bat,Left arm Fast medium,,2024,IPL 2024,LSG,4,4.0,2.0,83.0,58.0,41.5,54.0,153.7,0.0,1.0,6.0,5.0,1,0,1.0,11.21,61.0,1/45,1/45,114.0,61.0,0.0,0.0,0.0,,,,,1.0,45.0,1.0,45.0
1244751,Mohd Arshad Khan,1997-12-20,28y 218d,India,Bowler,Left hand Bat,Left arm Fast medium,,2023,IPL 2023,MI,6,3.0,1.0,18.0,15.0,9.0,15.0,120.0,0.0,0.0,0.0,1.0,2,0,5.0,13.41,85.0,3/39,3/39,38.0,17.0,0.0,0.0,0.0,,,,,3.0,39.0,3.0,39.0
1299879,Ashok Sharma,2002-06-17,24y 39d,India,Bowler,Right hand Bat,Right arm Fast,2026 - 2026,2026,IPL 2026,GT,6,2.0,2.0,1.0,1.0,,4.0,25.0,0.0,0.0,0.0,0.0,1,0,6.0,10.85,126.0,2/32,2/32,38.0,21.0,0.0,0.0,0.0,2026-07-23,2025-10-25,,,2.0,32.0,2.0,32.0
819429,Azmatullah Omarzai,2000-03-24,26y 124d,Afghanistan,Allrounder,Right hand Bat,Right arm Medium fast,2021 - 2026,2026,IPL 2026,PBKS,3,2.0,0.0,52.0,38.0,26.0,27.0,192.59,0.0,0.0,3.0,5.0,0,0,3.0,9.36,66.0,2/36,2/36,34.33,22.0,0.0,0.0,0.0,2022-03-03,2026-02-19,2021-01-21,2026-06-20,2.0,36.0,2.0,36.0
819429,Azmatullah Omarzai,2000-03-24,26y 124d,Afghanistan,Allrounder,Right hand Bat,Right arm Medium fast,2021 - 2026,2025,IPL 2025,PBKS,9,5.0,1.0,57.0,21.0,14.25,41.0,139.02,0.0,0.0,6.0,3.0,1,0,8.0,10.33,162.0,2/33,2/33,34.87,20.2,0.0,0.0,0.0,2022-03-03,2026-02-19,2021-01-21,2026-06-20,2.0,33.0,2.0,33.0
819429,Azmatullah Omarzai,2000-03-24,26y 124d,Afghanistan,Allrounder,Right hand Bat,Right arm Medium fast,2021 - 2026,2024,IPL 2024,GT,7,4.0,0.0,42.0,17.0,10.5,33.0,127.27,0.0,0.0,2.0,2.0,0,0,4.0,8.85,126.0,2/27,2/27,46.5,31.5,0.0,0.0,0.0,2022-03-03,2026-02-19,2021-01-21,2026-06-20,2.0,27.0,2.0,27.0
917231,Belur Ravi Sharath,1996-09-28,29y 301d,India,Wicketkeeper Batter,Right hand Bat,,,2024,IPL 2024,GT,1,1.0,0.0,2.0,2.0,2.0,5.0,40.0,0.0,0.0,0.0,0.0,1,0,,,,,,,,,,,,,,,,,,
1111917,Darshan Girish Nalkande,1998-10-04,27y 295d,India,Bowler,Right hand Bat,Right arm Fast medium,,2024,IPL 2024,GT,3,1.0,0.0,12.0,12.0,12.0,11.0,109.09,0.0,0.0,0.0,1.0,2,0,3.0,9.31,29.0,2/21,2/21,15.0,9.6,0.0,0.0,0.0,,,,,2.0,21.0,2.0,21.0
1111917,Darshan Girish Nalkande,1998-10-04,27y 295d,India,Bowler,Right hand Bat,Right arm Fast medium,,2023,IPL 2023,GT,1,1.0,0.0,0.0,0.0,0.0,1.0,0.0,0.0,0.0,0.0,0.0,0,0,1.0,11.0,24.0,1/44,1/44,44.0,24.0,0.0,0.0,0.0,,,,,1.0,44.0,1.0,44.0
1111917,Darshan Girish Nalkande,1998-10-04,27y 295d,India,Bowler,Right hand Bat,Right arm Fast medium,,2022,IPL 2022,GT,2,,,,,,,,,,,,0,0,2.0,11.41,31.0,2/37,2/37,29.5,15.5,0.0,0.0,0.0,,,,,2.0,37.0,2.0,37.0
437316,Madagamagamage Dasun Shanaka,1991-09-09,34y 320d,Sri Lanka,Allrounder,Right hand Bat,Right arm Medium,2015 - 2026,2026,IPL 2026,RR,7,5.0,0.0,63.0,29.0,12.6,46.0,136.95,0.0,0.0,3.0,4.0,2,0,1.0,10.0,36.0,1/29,1/29,60.0,36.0,0.0,0.0,0.0,2015-08-01,2026-06-14,2016-06-16,2024-01-08,1.0,29.0,1.0,29.0
437316,Madagamagamage Dasun Shanaka,1991-09-09,34y 320d,Sri Lanka,Allrounder,Right hand Bat,Right arm Medium,2015 - 2026,2023,IPL 2023,GT,3,3.0,1.0,26.0,17.0,13.0,26.0,100.0,0.0,0.0,2.0,1.0,2,0,,,,,,,,,,,2015-08-01,2026-06-14,2016-06-16,2024-01-08,,,,
596010,Gerald Coetzee,2000-10-02,25y 297d,South Africa,Bowler,Right hand Bat,Right arm Fast,2023 - 2026,2025,IPL 2025,GT,4,2.0,0.0,17.0,12.0,8.5,11.0,154.54,0.0,0.0,2.0,1.0,2,0,2.0,10.91,72.0,1/10,1/10,65.5,36.0,0.0,0.0,0.0,2023-08-30,2026-03-25,2023-03-18,2023-11-16,1.0,10.0,1.0,10.0
596010,Gerald Coetzee,2000-10-02,25y 297d,South Africa,Bowler,Right hand Bat,Right arm Fast,2023 - 2026,2024,IPL 2024,MI,10,5.0,1.0,14.0,8.0,3.5,22.0,63.63,0.0,0.0,0.0,1.0,2,0,13.0,10.17,201.0,4/34,4/34,26.23,15.4,1.0,0.0,0.0,2023-08-30,2026-03-25,2023-03-18,2023-11-16,4.0,34.0,4.0,34.0
823509,Glenn Dominic Phillips,1996-12-06,29y 232d,New Zealand,Allrounder,Right hand Bat,Right arm Offbreak,2017 - 2026,2026,IPL 2026,GT,6,5.0,1.0,67.0,25.0,16.75,54.0,124.07,0.0,0.0,4.0,2.0,8,0,,,,,,,,,,,2017-02-17,2026-03-08,2022-07-10,2026-01-18,,,,
823509,Glenn Dominic Phillips,1996-12-06,29y 232d,New Zealand,Allrounder,Right hand Bat,Right arm Offbreak,2017 - 2026,2023,IPL 2023,SRH,5,5.0,0.0,39.0,25.0,7.8,22.0,177.27,0.0,0.0,2.0,4.0,1,0,1.0,6.66,18.0,1/10,1/10,20.0,18.0,0.0,0.0,0.0,2017-02-17,2026-03-08,2022-07-10,2026-01-18,1.0,10.0,1.0,10.0
823509,Glenn Dominic Phillips,1996-12-06,29y 232d,New Zealand,Allrounder,Right hand Bat,Right arm Offbreak,2017 - 2026,2021,IPL 2021,RR,3,3.0,1.0,26.0,14.0,13.0,33.0,78.78,0.0,0.0,1.0,2.0,1,0,1.0,10.0,12.0,1/17,1/17,20.0,12.0,0.0,0.0,0.0,2017-02-17,2026-03-08,2022-07-10,2026-01-18,1.0,17.0,1.0,17.0
625371,Hardik Himanshu Pandya,1993-10-11,32y 288d,India,Allrounder,Right hand Bat,Right arm Medium fast,2016 - 2026,2026,IPL 2026,MI,10,10.0,1.0,206.0,40.0,22.88,149.0,138.25,0.0,0.0,21.0,7.0,2,0,4.0,11.42,136.0,1/18,1/18,64.75,34.0,0.0,0.0,0.0,2016-01-26,2026-03-08,2016-10-16,2025-03-09,1.0,18.0,1.0,18.0
625371,Hardik Himanshu Pandya,1993-10-11,32y 288d,India,Allrounder,Right hand Bat,Right arm Medium fast,2016 - 2026,2025,IPL 2025,MI,15,12.0,3.0,224.0,48.0,24.88,137.0,163.5,0.0,0.0,18.0,12.0,3,0,14.0,9.77,210.0,5/36,5/36,24.42,15.0,0.0,1.0,0.0,2016-01-26,2026-03-08,2016-10-16,2025-03-09,5.0,36.0,5.0,36.0
625371,Hardik Himanshu Pandya,1993-10-11,32y 288d,India,Allrounder,Right hand Bat,Right arm Medium fast,2016 - 2026,2024,IPL 2024,MI,14,13.0,1.0,216.0,46.0,18.0,151.0,143.04,0.0,0.0,17.0,11.0,4,0,11.0,10.75,216.0,3/31,3/31,35.18,19.6,0.0,0.0,0.0,2016-01-26,2026-03-08,2016-10-16,2025-03-09,3.0,31.0,3.0,31.0
625371,Hardik Himanshu Pandya,1993-10-11,32y 288d,India,Allrounder,Right hand Bat,Right arm Medium fast,2016 - 2026,2023,IPL 2023,GT,16,15.0,4.0,346.0,66.0,31.45,253.0,136.75,0.0,2.0,26.0,15.0,8,0,3.0,9.12,150.0,1/10,1/10,76.0,50.0,0.0,0.0,0.0,2016-01-26,2026-03-08,2016-10-16,2025-03-09,1.0,10.0,1.0,10.0
625371,Hardik Himanshu Pandya,1993-10-11,32y 288d,India,Allrounder,Right hand Bat,Right arm Medium fast,2016 - 2026,2022,IPL 2022,GT,15,15.0,4.0,487.0,87.0,44.27,371.0,131.26,0.0,4.0,49.0,12.0,4,0,8.0,7.27,183.0,3/17,3/17,27.75,22.8,0.0,0.0,0.0,2016-01-26,2026-03-08,2016-10-16,2025-03-09,3.0,17.0,3.0,17.0
625371,Hardik Himanshu Pandya,1993-10-11,32y 288d,India,Allrounder,Right hand Bat,Right arm Medium fast,2016 - 2026,2021,IPL 2021,MI,12,11.0,2.0,127.0,40.0,14.11,112.0,113.39,0.0,0.0,11.0,5.0,4,0,,,,,,,,,,,2016-01-26,2026-03-08,2016-10-16,2025-03-09,,,,
625371,Hardik Himanshu Pandya,1993-10-11,32y 288d,India,Allrounder,Right hand Bat,Right arm Medium fast,2016 - 2026,2020/21,IPL 2020/21,MI,14,13.0,5.0,281.0,60.0,35.12,157.0,178.98,0.0,1.0,14.0,25.0,6,0,,,,,,,,,,,2016-01-26,2026-03-08,2016-10-16,2025-03-09,,,,
625371,Hardik Himanshu Pandya,1993-10-11,32y 288d,India,Allrounder,Right hand Bat,Right arm Medium fast,2016 - 2026,2019,IPL 2019,MI,16,15.0,6.0,402.0,91.0,44.66,210.0,191.42,0.0,1.0,28.0,29.0,11,0,14.0,9.17,255.0,3/20,3/20,27.85,18.2,0.0,0.0,0.0,2016-01-26,2026-03-08,2016-10-16,2025-03-09,3.0,20.0,3.0,20.0
625371,Hardik Himanshu Pandya,1993-10-11,32y 288d,India,Allrounder,Right hand Bat,Right arm Medium fast,2016 - 2026,2018,IPL 2018,MI,13,13.0,4.0,260.0,50.0,28.88,195.0,133.33,0.0,1.0,20.0,11.0,8,0,18.0,8.92,256.0,3/24,3/24,21.16,14.2,0.0,0.0,0.0,2016-01-26,2026-03-08,2016-10-16,2025-03-09,3.0,24.0,3.0,24.0
625371,Hardik Himanshu Pandya,1993-10-11,32y 288d,India,Allrounder,Right hand Bat,Right arm Medium fast,2016 - 2026,2017,IPL 2017,MI,17,16.0,9.0,250.0,35.0,35.71,160.0,156.25,0.0,0.0,11.0,20.0,12,0,6.0,8.19,156.0,2/22,2/22,35.5,26.0,0.0,0.0,0.0,2016-01-26,2026-03-08,2016-10-16,2025-03-09,2.0,22.0,2.0,22.0
625371,Hardik Himanshu Pandya,1993-10-11,32y 288d,India,Allrounder,Right hand Bat,Right arm Medium fast,2016 - 2026,2016,IPL 2016,MI,11,9.0,2.0,44.0,9.0,6.28,63.0,69.84,0.0,0.0,4.0,0.0,6,0,3.0,9.18,100.0,1/7,1/7,51.0,33.3,0.0,0.0,0.0,2016-01-26,2026-03-08,2016-10-16,2025-03-09,1.0,7.0,1.0,7.0
625371,Hardik Himanshu Pandya,1993-10-11,32y 288d,India,Allrounder,Right hand Bat,Right arm Medium fast,2016 - 2026,2015,IPL 2015,MI,9,8.0,3.0,112.0,61.0,22.4,62.0,180.64,0.0,1.0,9.0,8.0,6,0,1.0,10.35,102.0,1/13,1/13,176.0,102.0,0.0,0.0,0.0,2016-01-26,2026-03-08,2016-10-16,2025-03-09,1.0,13.0,1.0,13.0
308967,Joseph Charles Buttler,1990-09-08,35y 321d,England,Wicketkeeper Batter,Right hand Bat,,2011 - 2026,2026,IPL 2026,GT,17,17.0,3.0,526.0,60.0,37.57,345.0,152.46,0.0,4.0,51.0,26.0,25,1,,,,,,,,,,,2011-08-31,2026-07-11,2012-02-21,2026-07-19,,,,
308967,Joseph Charles Buttler,1990-09-08,35y 321d,England,Wicketkeeper Batter,Right hand Bat,,2011 - 2026,2025,IPL 2025,GT,14,13.0,4.0,538.0,97.0,59.77,330.0,163.03,0.0,5.0,52.0,24.0,8,2,,,,,,,,,,,2011-08-31,2026-07-11,2012-02-21,2026-07-19,,,,
308967,Joseph Charles Buttler,1990-09-08,35y 321d,England,Wicketkeeper Batter,Right hand Bat,,2011 - 2026,2024,IPL 2024,RR,11,11.0,2.0,359.0,107.0,39.88,255.0,140.78,2.0,0.0,36.0,12.0,3,0,,,,,,,,,,,2011-08-31,2026-07-11,2012-02-21,2026-07-19,,,,
308967,Joseph Charles Buttler,1990-09-08,35y 321d,England,Wicketkeeper Batter,Right hand Bat,,2011 - 2026,2023,IPL 2023,RR,14,14.0,0.0,392.0,95.0,28.0,282.0,139.0,0.0,4.0,42.0,14.0,9,0,,,,,,,,,,,2011-08-31,2026-07-11,2012-02-21,2026-07-19,,,,
308967,Joseph Charles Buttler,1990-09-08,35y 321d,England,Wicketkeeper Batter,Right hand Bat,,2011 - 2026,2022,IPL 2022,RR,17,17.0,2.0,863.0,116.0,57.53,579.0,149.05,4.0,4.0,83.0,45.0,9,0,,,,,,,,,,,2011-08-31,2026-07-11,2012-02-21,2026-07-19,,,,
308967,Joseph Charles Buttler,1990-09-08,35y 321d,England,Wicketkeeper Batter,Right hand Bat,,2011 - 2026,2021,IPL 2021,RR,7,7.0,0.0,254.0,124.0,36.28,166.0,153.01,1.0,0.0,27.0,13.0,3,0,,,,,,,,,,,2011-08-31,2026-07-11,2012-02-21,2026-07-19,,,,
308967,Joseph Charles Buttler,1990-09-08,35y 321d,England,Wicketkeeper Batter,Right hand Bat,,2011 - 2026,2020/21,IPL 2020/21,RR,13,12.0,2.0,328.0,70.0,32.8,227.0,144.49,0.0,2.0,27.0,16.0,6,0,,,,,,,,,,,2011-08-31,2026-07-11,2012-02-21,2026-07-19,,,,
308967,Joseph Charles Buttler,1990-09-08,35y 321d,England,Wicketkeeper Batter,Right hand Bat,,2011 - 2026,2019,IPL 2019,RR,8,8.0,0.0,311.0,89.0,38.87,205.0,151.7,0.0,3.0,38.0,14.0,8,0,,,,,,,,,,,2011-08-31,2026-07-11,2012-02-21,2026-07-19,,,,
308967,Joseph Charles Buttler,1990-09-08,35y 321d,England,Wicketkeeper Batter,Right hand Bat,,2011 - 2026,2018,IPL 2018,RR,13,13.0,3.0,548.0,95.0,54.8,353.0,155.24,0.0,5.0,52.0,21.0,9,1,,,,,,,,,,,2011-08-31,2026-07-11,2012-02-21,2026-07-19,,,,
308967,Joseph Charles Buttler,1990-09-08,35y 321d,England,Wicketkeeper Batter,Right hand Bat,,2011 - 2026,2017,IPL 2017,MI,10,10.0,0.0,272.0,77.0,27.2,177.0,153.67,0.0,1.0,27.0,15.0,1,0,,,,,,,,,,,2011-08-31,2026-07-11,2012-02-21,2026-07-19,,,,
308967,Joseph Charles Buttler,1990-09-08,35y 321d,England,Wicketkeeper Batter,Right hand Bat,,2011 - 2026,2016,IPL 2016,MI,14,14.0,3.0,255.0,41.0,23.18,184.0,138.58,0.0,0.0,23.0,11.0,7,0,,,,,,,,,,,2011-08-31,2026-07-11,2012-02-21,2026-07-19,,,,
928067,Joshua Brian Little,1999-11-01,26y 267d,Ireland,Bowler,Right hand Bat,Left arm Fast medium,2016 - 2026,2024,IPL 2024,GT,1,,,,,,,,,,,,0,0,4.0,11.25,24.0,4/45,4/45,11.25,6.0,1.0,0.0,0.0,2016-09-05,2026-02-14,2019-05-03,2025-05-25,4.0,45.0,4.0,45.0
928067,Joshua Brian Little,1999-11-01,26y 267d,Ireland,Bowler,Right hand Bat,Left arm Fast medium,2016 - 2026,2023,IPL 2023,GT,10,,,,,,,,,,,,5,0,7.0,8.64,204.0,2/25,2/25,42.0,29.1,0.0,0.0,0.0,2016-09-05,2026-02-14,2019-05-03,2025-05-25,2.0,25.0,2.0,25.0
277906,Kane Stuart Williamson,1990-08-08,35y 352d,New Zealand,Top order Batter,Right hand Bat,Right arm Offbreak,2010 - 2026,2024,IPL 2024,GT,2,2.0,0.0,27.0,26.0,13.5,27.0,100.0,0.0,0.0,4.0,0.0,1,0,,,,,,,,,,,2011-10-15,2024-06-17,2010-08-10,2025-10-29,,,,
277906,Kane Stuart Williamson,1990-08-08,35y 352d,New Zealand,Top order Batter,Right hand Bat,Right arm Offbreak,2010 - 2026,2023,IPL 2023,GT,1,,,,,,,,,,,,0,0,,,,,,,,,,,2011-10-15,2024-06-17,2010-08-10,2025-10-29,,,,
277906,Kane Stuart Williamson,1990-08-08,35y 352d,New Zealand,Top order Batter,Right hand Bat,Right arm Offbreak,2010 - 2026,2022,IPL 2022,SRH,13,13.0,2.0,216.0,57.0,19.63,231.0,93.5,0.0,1.0,16.0,8.0,10,0,,,,,,,,,,,2011-10-15,2024-06-17,2010-08-10,2025-10-29,,,,
277906,Kane Stuart Williamson,1990-08-08,35y 352d,New Zealand,Top order Batter,Right hand Bat,Right arm Offbreak,2010 - 2026,2021,IPL 2021,SRH,10,10.0,4.0,266.0,66.0,44.33,235.0,113.19,0.0,2.0,29.0,2.0,7,0,,,,,,,,,,,2011-10-15,2024-06-17,2010-08-10,2025-10-29,,,,
277906,Kane Stuart Williamson,1990-08-08,35y 352d,New Zealand,Top order Batter,Right hand Bat,Right arm Offbreak,2010 - 2026,2020/21,IPL 2020/21,SRH,12,11.0,4.0,317.0,67.0,45.28,237.0,133.75,0.0,3.0,26.0,10.0,6,0,0.0,12.0,12.0,,,,,0.0,0.0,0.0,2011-10-15,2024-06-17,2010-08-10,2025-10-29,,,,
277906,Kane Stuart Williamson,1990-08-08,35y 352d,New Zealand,Top order Batter,Right hand Bat,Right arm Offbreak,2010 - 2026,2019,IPL 2019,SRH,9,9.0,2.0,156.0,70.0,22.28,130.0,120.0,0.0,1.0,12.0,5.0,2,0,,,,,,,,,,,2011-10-15,2024-06-17,2010-08-10,2025-10-29,,,,
277906,Kane Stuart Williamson,1990-08-08,35y 352d,New Zealand,Top order Batter,Right hand Bat,Right arm Offbreak,2010 - 2026,2018,IPL 2018,SRH,17,17.0,3.0,735.0,84.0,52.5,516.0,142.44,0.0,8.0,63.0,28.0,6,0,,,,,,,,,,,2011-10-15,2024-06-17,2010-08-10,2025-10-29,,,,
277906,Kane Stuart Williamson,1990-08-08,35y 352d,New Zealand,Top order Batter,Right hand Bat,Right arm Offbreak,2010 - 2026,2017,IPL 2017,SRH,7,7.0,1.0,256.0,89.0,42.66,169.0,151.47,0.0,2.0,20.0,10.0,1,0,,,,,,,,,,,2011-10-15,2024-06-17,2010-08-10,2025-10-29,,,,
277906,Kane Stuart Williamson,1990-08-08,35y 352d,New Zealand,Top order Batter,Right hand Bat,Right arm Offbreak,2010 - 2026,2016,IPL 2016,SRH,6,6.0,0.0,124.0,50.0,20.66,122.0,101.63,0.0,1.0,14.0,0.0,5,0,0.0,7.0,6.0,,,,,0.0,0.0,0.0,2011-10-15,2024-06-17,2010-08-10,2025-10-29,,,,
277906,Kane Stuart Williamson,1990-08-08,35y 352d,New Zealand,Top order Batter,Right hand Bat,Right arm Offbreak,2010 - 2026,2015,IPL 2015,SRH,2,2.0,1.0,31.0,26.0,31.0,27.0,114.81,0.0,0.0,1.0,1.0,2,0,,,,,,,,,,,2011-10-15,2024-06-17,2010-08-10,2025-10-29,,,,
793467,Karim Janat,1998-08-11,27y 349d,Afghanistan,Batting Allrounder,Right hand Bat,Right arm Medium,2016 - 2025,2025,IPL 2025,GT,1,,,,,,,,,,,,0,0,0.0,30.0,6.0,,,,,0.0,0.0,0.0,2016-12-14,2025-09-18,2017-02-24,2023-09-05,,,,
1122918,Kartik Tyagi,2000-11-08,25y 260d,India,Bowler,Right hand Bat,Right arm Fast,,2026,IPL 2026,KKR,14,3.0,0.0,11.0,6.0,3.66,10.0,110.0,0.0,0.0,1.0,1.0,4,0,18.0,9.76,306.0,3/22,3/22,27.66,17.0,0.0,0.0,0.0,,,,,3.0,22.0,3.0,22.0
1122918,Kartik Tyagi,2000-11-08,25y 260d,India,Bowler,Right hand Bat,Right arm Fast,,2024,IPL 2024,GT,1,,,,,,,,,,,,0,0,0.0,12.75,24.0,,,,,0.0,0.0,0.0,,,,,,,,
1122918,Kartik Tyagi,2000-11-08,25y 260d,India,Bowler,Right hand Bat,Right arm Fast,,2023,IPL 2023,SRH,3,,,,,,,,,,,,0,0,1.0,14.91,37.0,1/30,1/30,92.0,37.0,0.0,0.0,0.0,,,,,1.0,30.0,1.0,30.0
1122918,Kartik Tyagi,2000-11-08,25y 260d,India,Bowler,Right hand Bat,Right arm Fast,,2022,IPL 2022,SRH,2,2.0,0.0,7.0,7.0,3.5,6.0,116.66,0.0,0.0,1.0,0.0,0,0,1.0,9.87,48.0,1/42,1/42,79.0,48.0,0.0,0.0,0.0,,,,,1.0,42.0,1.0,42.0
1122918,Kartik Tyagi,2000-11-08,25y 260d,India,Bowler,Right hand Bat,Right arm Fast,,2021,IPL 2021,RR,4,2.0,1.0,2.0,1.0,2.0,4.0,50.0,0.0,0.0,0.0,0.0,1,0,4.0,8.85,84.0,2/29,2/29,31.0,21.0,0.0,0.0,0.0,,,,,2.0,29.0,2.0,29.0
1122918,Kartik Tyagi,2000-11-08,25y 260d,India,Bowler,Right hand Bat,Right arm Fast,,2020/21,IPL 2020/21,RR,10,3.0,2.0,4.0,2.0,4.0,6.0,66.66,0.0,0.0,0.0,0.0,2,0,9.0,9.61,229.0,2/36,2/36,40.77,25.4,0.0,0.0,0.0,,,,,2.0,36.0,2.0,36.0
1083033,Kulwant Khejroliya,1992-03-13,34y 135d,India,Bowler,Left hand Bat,Left arm Medium fast,,2026,IPL 2026,GT,1,,,,,,,,,,,,0,0,0.0,15.5,12.0,,,,,0.0,0.0,0.0,,,,,,,,
1083033,Kulwant Khejroliya,1992-03-13,34y 135d,India,Bowler,Left hand Bat,Left arm Medium fast,,2025,IPL 2025,GT,1,,,,,,,,,,,,1,0,1.0,9.66,18.0,1/29,1/29,29.0,18.0,0.0,0.0,0.0,,,,,1.0,29.0,1.0,29.0
1083033,Kulwant Khejroliya,1992-03-13,34y 135d,India,Bowler,Left hand Bat,Left arm Medium fast,,2023,IPL 2023,KKR,2,,,,,,,,,,,,0,0,2.0,14.76,26.0,2/44,2/44,32.0,13.0,0.0,0.0,0.0,,,,,2.0,44.0,2.0,44.0
1083033,Kulwant Khejroliya,1992-03-13,34y 135d,India,Bowler,Left hand Bat,Left arm Medium fast,,2019,IPL 2019,RCB,2,,,,,,,,,,,,0,0,1.0,9.2,30.0,1/29,1/29,46.0,30.0,0.0,0.0,0.0,,,,,1.0,29.0,1.0,29.0
1083033,Kulwant Khejroliya,1992-03-13,34y 135d,India,Bowler,Left hand Bat,Left arm Medium fast,,2018,IPL 2018,RCB,3,,,,,,,,,,,,0,0,2.0,9.87,65.0,2/33,2/33,53.5,32.5,0.0,0.0,0.0,,,,,2.0,33.0,2.0,33.0
629074,Balapuwaduge Kusal Gimhan Mendis,1995-02-02,31y 174d,Sri Lanka,Wicketkeeper Batter,Right hand Bat,Legbreak,2015 - 2026,2025,IPL 2025,GT,1,1.0,0.0,20.0,20.0,20.0,10.0,200.0,0.0,0.0,1.0,2.0,1,0,,,,,,,,,,,2016-07-05,2026-06-14,2016-06-16,2026-06-06,,,,
493773,Lachlan Hammond Ferguson,1991-06-13,35y 43d,New Zealand,Bowler,Right hand Bat,Right arm Fast,2016 - 2026,2026,IPL 2026,PBKS,3,,,,,,,,,,,,0,0,1.0,12.81,66.0,1/41,1/41,141.0,66.0,0.0,0.0,0.0,2017-01-03,2026-03-20,2016-12-04,2023-11-15,1.0,41.0,1.0,41.0
493773,Lachlan Hammond Ferguson,1991-06-13,35y 43d,New Zealand,Bowler,Right hand Bat,Right arm Fast,2016 - 2026,2025,IPL 2025,PBKS,4,1.0,1.0,4.0,4.0,,1.0,400.0,0.0,0.0,1.0,0.0,0,0,5.0,9.17,68.0,2/37,2/37,20.8,13.6,0.0,0.0,0.0,2017-01-03,2026-03-20,2016-12-04,2023-11-15,2.0,37.0,2.0,37.0
493773,Lachlan Hammond Ferguson,1991-06-13,35y 43d,New Zealand,Bowler,Right hand Bat,Right arm Fast,2016 - 2026,2024,IPL 2024,RCB,7,1.0,0.0,1.0,1.0,1.0,1.0,100.0,0.0,0.0,0.0,0.0,4,0,9.0,10.62,144.0,2/23,2/23,28.33,16.0,0.0,0.0,0.0,2017-01-03,2026-03-20,2016-12-04,2023-11-15,2.0,23.0,2.0,23.0
493773,Lachlan Hammond Ferguson,1991-06-13,35y 43d,New Zealand,Bowler,Right hand Bat,Right arm Fast,2016 - 2026,2023,IPL 2023,KKR,3,,,,,,,,,,,,0,0,1.0,12.52,46.0,1/19,1/19,96.0,46.0,0.0,0.0,0.0,2017-01-03,2026-03-20,2016-12-04,2023-11-15,1.0,19.0,1.0,19.0
493773,Lachlan Hammond Ferguson,1991-06-13,35y 43d,New Zealand,Bowler,Right hand Bat,Right arm Fast,2016 - 2026,2022,IPL 2022,GT,13,3.0,1.0,5.0,5.0,2.5,4.0,125.0,0.0,0.0,1.0,0.0,2,0,12.0,8.95,286.0,4/28,4/28,35.58,23.8,1.0,0.0,0.0,2017-01-03,2026-03-20,2016-12-04,2023-11-15,4.0,28.0,4.0,28.0
493773,Lachlan Hammond Ferguson,1991-06-13,35y 43d,New Zealand,Bowler,Right hand Bat,Right arm Fast,2016 - 2026,2021,IPL 2021,KKR,8,3.0,3.0,18.0,18.0,,11.0,163.63,0.0,0.0,1.0,1.0,3,0,13.0,7.46,180.0,3/18,3/18,17.23,13.8,0.0,0.0,0.0,2017-01-03,2026-03-20,2016-12-04,2023-11-15,3.0,18.0,3.0,18.0
493773,Lachlan Hammond Ferguson,1991-06-13,35y 43d,New Zealand,Bowler,Right hand Bat,Right arm Fast,2016 - 2026,2020/21,IPL 2020/21,KKR,5,2.0,2.0,43.0,24.0,,29.0,148.27,0.0,0.0,4.0,1.0,0,0,6.0,7.46,119.0,3/15,3/15,24.66,19.8,0.0,0.0,0.0,2017-01-03,2026-03-20,2016-12-04,2023-11-15,3.0,15.0,3.0,15.0
493773,Lachlan Hammond Ferguson,1991-06-13,35y 43d,New Zealand,Bowler,Right hand Bat,Right arm Fast,2016 - 2026,2019,IPL 2019,KKR,5,,,,,,,,,,,,0,0,2.0,10.76,102.0,1/38,1/38,91.5,51.0,0.0,0.0,0.0,2017-01-03,2026-03-20,2016-12-04,2023-11-15,1.0,38.0,1.0,38.0
493773,Lachlan Hammond Ferguson,1991-06-13,35y 43d,New Zealand,Bowler,Right hand Bat,Right arm Fast,2016 - 2026,2017,IPL 2017,RPS,4,1.0,1.0,1.0,1.0,,1.0,100.0,0.0,0.0,0.0,0.0,0,0,3.0,7.15,78.0,2/7,2/7,31.0,26.0,0.0,0.0,0.0,2017-01-03,2026-03-20,2016-12-04,2023-11-15,2.0,7.0,2.0,7.0
719719,Masood Shahrukh Khan,1995-05-27,31y 60d,India,Batter,Right hand Bat,Right arm Offbreak,,2026,IPL 2026,GT,9,5.0,1.0,43.0,17.0,10.75,33.0,130.3,0.0,0.0,3.0,2.0,3,0,,,,,,,,,,,,,,,,,,
719719,Masood Shahrukh Khan,1995-05-27,31y 60d,India,Batter,Right hand Bat,Right arm Offbreak,,2025,IPL 2025,GT,15,11.0,5.0,179.0,57.0,29.83,100.0,179.0,0.0,1.0,11.0,13.0,5,0,1.0,13.0,6.0,1/13,1/13,13.0,6.0,0.0,0.0,0.0,,,,,1.0,13.0,1.0,13.0
719719,Masood Shahrukh Khan,1995-05-27,31y 60d,India,Batter,Right hand Bat,Right arm Offbreak,,2024,IPL 2024,GT,7,7.0,0.0,127.0,58.0,18.14,75.0,169.33,0.0,1.0,9.0,9.0,6,0,0.0,7.5,12.0,,,,,0.0,0.0,0.0,,,,,,,,
719719,Masood Shahrukh Khan,1995-05-27,31y 60d,India,Batter,Right hand Bat,Right arm Offbreak,,2023,IPL 2023,PBKS,14,13.0,6.0,156.0,41.0,22.28,94.0,165.95,0.0,0.0,13.0,9.0,7,0,,,,,,,,,,,,,,,,,,
719719,Masood Shahrukh Khan,1995-05-27,31y 60d,India,Batter,Right hand Bat,Right arm Offbreak,,2022,IPL 2022,PBKS,8,8.0,1.0,117.0,26.0,16.71,108.0,108.33,0.0,0.0,4.0,9.0,3,0,,,,,,,,,,,,,,,,,,
719719,Masood Shahrukh Khan,1995-05-27,31y 60d,India,Batter,Right hand Bat,Right arm Offbreak,,2021,IPL 2021,PBKS,11,10.0,3.0,153.0,47.0,21.85,114.0,134.21,0.0,0.0,9.0,10.0,4,0,,,,,,,,,,,,,,,,,,
1175426,Manav Jagdusakumar Suthar,2002-08-03,23y 357d,India,Bowling Allrounder,Left hand Bat,Slow Left arm Orthodox,2026 - 2026,2026,IPL 2026,GT,4,,,,,,,,,,,,2,0,2.0,11.33,36.0,1/19,1/19,34.0,18.0,0.0,0.0,0.0,,,,,1.0,19.0,1.0,19.0
1175426,Manav Jagdusakumar Suthar,2002-08-03,23y 357d,India,Bowling Allrounder,Left hand Bat,Slow Left arm Orthodox,2026 - 2026,2024,IPL 2024,GT,1,1.0,0.0,1.0,1.0,1.0,2.0,50.0,0.0,0.0,0.0,0.0,0,0,0.0,13.0,12.0,,,,,0.0,0.0,0.0,,,,,,,,
940973,Mohammed Siraj,1994-03-13,32y 135d,India,Bowler,Right hand Bat,Right arm Fast,2017 - 2026,2026,IPL 2026,GT,17,2.0,0.0,5.0,5.0,2.5,16.0,31.25,0.0,0.0,1.0,0.0,4,0,19.0,9.06,372.0,3/26,3/26,29.57,19.5,0.0,0.0,0.0,2017-11-04,2026-02-07,2019-01-15,2026-01-18,3.0,26.0,3.0,26.0
940973,Mohammed Siraj,1994-03-13,32y 135d,India,Bowler,Right hand Bat,Right arm Fast,2017 - 2026,2025,IPL 2025,GT,15,1.0,1.0,3.0,3.0,,4.0,75.0,0.0,0.0,0.0,0.0,5,0,16.0,9.24,342.0,4/17,4/17,32.93,21.3,1.0,0.0,0.0,2017-11-04,2026-02-07,2019-01-15,2026-01-18,4.0,17.0,4.0,17.0
940973,Mohammed Siraj,1994-03-13,32y 135d,India,Bowler,Right hand Bat,Right arm Fast,2017 - 2026,2024,IPL 2024,RCB,14,3.0,1.0,12.0,12.0,6.0,8.0,150.0,0.0,0.0,0.0,2.0,3,0,15.0,9.18,324.0,3/43,3/43,33.06,21.6,0.0,0.0,0.0,2017-11-04,2026-02-07,2019-01-15,2026-01-18,3.0,43.0,3.0,43.0
940973,Mohammed Siraj,1994-03-13,32y 135d,India,Bowler,Right hand Bat,Right arm Fast,2017 - 2026,2023,IPL 2023,RCB,14,2.0,1.0,1.0,1.0,1.0,2.0,50.0,0.0,0.0,0.0,0.0,4,0,19.0,7.5,300.0,4/21,4/21,19.73,15.7,1.0,0.0,0.0,2017-11-04,2026-02-07,2019-01-15,2026-01-18,4.0,21.0,4.0,21.0
940973,Mohammed Siraj,1994-03-13,32y 135d,India,Bowler,Right hand Bat,Right arm Fast,2017 - 2026,2022,IPL 2022,RCB,15,5.0,3.0,30.0,14.0,15.0,33.0,90.9,0.0,0.0,5.0,0.0,6,0,9.0,10.07,306.0,2/30,2/30,57.11,34.0,0.0,0.0,0.0,2017-11-04,2026-02-07,2019-01-15,2026-01-18,2.0,30.0,2.0,30.0
940973,Mohammed Siraj,1994-03-13,32y 135d,India,Bowler,Right hand Bat,Right arm Fast,2017 - 2026,2021,IPL 2021,RCB,15,4.0,3.0,20.0,12.0,20.0,26.0,76.92,0.0,0.0,1.0,1.0,4,0,11.0,6.78,312.0,3/27,3/27,32.09,28.3,0.0,0.0,0.0,2017-11-04,2026-02-07,2019-01-15,2026-01-18,3.0,27.0,3.0,27.0
940973,Mohammed Siraj,1994-03-13,32y 135d,India,Bowler,Right hand Bat,Right arm Fast,2017 - 2026,2020/21,IPL 2020/21,RCB,9,3.0,2.0,17.0,10.0,17.0,14.0,121.42,0.0,0.0,2.0,0.0,4,0,11.0,8.68,163.0,3/8,3/8,21.45,14.8,0.0,0.0,0.0,2017-11-04,2026-02-07,2019-01-15,2026-01-18,3.0,8.0,3.0,8.0
940973,Mohammed Siraj,1994-03-13,32y 135d,India,Bowler,Right hand Bat,Right arm Fast,2017 - 2026,2019,IPL 2019,RCB,9,4.0,3.0,4.0,3.0,4.0,14.0,28.57,0.0,0.0,0.0,0.0,2,0,7.0,9.55,169.0,2/38,2/38,38.42,24.1,0.0,0.0,0.0,2017-11-04,2026-02-07,2019-01-15,2026-01-18,2.0,38.0,2.0,38.0
940973,Mohammed Siraj,1994-03-13,32y 135d,India,Bowler,Right hand Bat,Right arm Fast,2017 - 2026,2018,IPL 2018,RCB,11,4.0,2.0,25.0,14.0,12.5,22.0,113.63,0.0,0.0,2.0,1.0,5,0,11.0,8.95,246.0,3/25,3/25,33.36,22.3,0.0,0.0,0.0,2017-11-04,2026-02-07,2019-01-15,2026-01-18,3.0,25.0,3.0,25.0
940973,Mohammed Siraj,1994-03-13,32y 135d,India,Bowler,Right hand Bat,Right arm Fast,2017 - 2026,2017,IPL 2017,SRH,6,,,,,,,,,,,,1,0,10.0,9.21,138.0,4/32,4/32,21.2,13.8,1.0,0.0,0.0,2017-11-04,2026-02-07,2019-01-15,2026-01-18,4.0,32.0,4.0,32.0
1292506,Nishant Sindhu,2004-04-09,22y 108d,India,Allrounder,Left hand Bat,Slow Left arm Orthodox,,2026,IPL 2026,GT,8,5.0,0.0,63.0,22.0,12.6,50.0,126.0,0.0,0.0,7.0,2.0,3,0,,,,,,,,,,,,,,,,,,
917159,Muralikrishna Prasidh Krishna,1996-02-19,30y 157d,India,Bowler,Right hand Bat,Right arm Fast medium,2021 - 2026,2026,IPL 2026,GT,12,1.0,1.0,6.0,6.0,,7.0,85.71,0.0,0.0,1.0,0.0,5,0,16.0,10.43,234.0,4/28,4/28,25.43,14.6,1.0,0.0,0.0,2023-08-18,2026-07-11,2021-03-23,2026-07-19,4.0,28.0,4.0,28.0
917159,Muralikrishna Prasidh Krishna,1996-02-19,30y 157d,India,Bowler,Right hand Bat,Right arm Fast medium,2021 - 2026,2025,IPL 2025,GT,15,,,,,,,,,,,,5,0,25.0,8.27,354.0,4/41,4/41,19.52,14.1,1.0,0.0,0.0,2023-08-18,2026-07-11,2021-03-23,2026-07-19,4.0,41.0,4.0,41.0
917159,Muralikrishna Prasidh Krishna,1996-02-19,30y 157d,India,Bowler,Right hand Bat,Right arm Fast medium,2021 - 2026,2022,IPL 2022,RR,17,3.0,2.0,6.0,4.0,6.0,12.0,50.0,0.0,0.0,0.0,0.0,2,0,19.0,8.28,399.0,3/22,3/22,29.0,21.0,0.0,0.0,0.0,2023-08-18,2026-07-11,2021-03-23,2026-07-19,3.0,22.0,3.0,22.0
917159,Muralikrishna Prasidh Krishna,1996-02-19,30y 157d,India,Bowler,Right hand Bat,Right arm Fast medium,2021 - 2026,2021,IPL 2021,KKR,10,2.0,1.0,0.0,0.0,0.0,1.0,0.0,0.0,0.0,0.0,0.0,3,0,12.0,9.11,231.0,3/30,3/30,29.25,19.2,0.0,0.0,0.0,2023-08-18,2026-07-11,2021-03-23,2026-07-19,3.0,30.0,3.0,30.0
917159,Muralikrishna Prasidh Krishna,1996-02-19,30y 157d,India,Bowler,Right hand Bat,Right arm Fast medium,2021 - 2026,2020/21,IPL 2020/21,KKR,6,2.0,2.0,2.0,2.0,,4.0,50.0,0.0,0.0,0.0,0.0,1,0,4.0,9.37,105.0,3/29,3/29,41.0,26.2,0.0,0.0,0.0,2023-08-18,2026-07-11,2021-03-23,2026-07-19,3.0,29.0,3.0,29.0
917159,Muralikrishna Prasidh Krishna,1996-02-19,30y 157d,India,Bowler,Right hand Bat,Right arm Fast medium,2021 - 2026,2019,IPL 2019,KKR,11,1.0,0.0,0.0,0.0,0.0,2.0,0.0,0.0,0.0,0.0,0.0,2,0,4.0,9.34,242.0,1/22,1/22,94.25,60.5,0.0,0.0,0.0,2023-08-18,2026-07-11,2021-03-23,2026-07-19,1.0,22.0,1.0,22.0
917159,Muralikrishna Prasidh Krishna,1996-02-19,30y 157d,India,Bowler,Right hand Bat,Right arm Fast medium,2021 - 2026,2018,IPL 2018,KKR,7,2.0,2.0,1.0,1.0,,5.0,20.0,0.0,0.0,0.0,0.0,1,0,10.0,9.28,168.0,4/30,4/30,26.0,16.8,1.0,0.0,0.0,2023-08-18,2026-07-11,2021-03-23,2026-07-19,4.0,30.0,4.0,30.0
793463,Rashid Khan Arman,1998-09-20,27y 309d,Afghanistan,Bowling Allrounder,Right hand Bat,Legbreak Googly,2015 - 2026,2026,IPL 2026,GT,17,6.0,2.0,50.0,24.0,12.5,41.0,121.95,0.0,0.0,4.0,2.0,4,0,21.0,9.07,341.0,4/33,4/33,24.57,16.2,1.0,0.0,0.0,2015-10-26,2026-02-19,2015-10-18,2026-06-20,4.0,33.0,4.0,33.0
793463,Rashid Khan Arman,1998-09-20,27y 309d,Afghanistan,Bowling Allrounder,Right hand Bat,Legbreak Googly,2015 - 2026,2025,IPL 2025,GT,15,8.0,3.0,40.0,12.0,8.0,28.0,142.85,0.0,0.0,2.0,3.0,6,0,9.0,9.34,330.0,2/25,2/25,57.11,36.6,0.0,0.0,0.0,2015-10-26,2026-02-19,2015-10-18,2026-06-20,2.0,25.0,2.0,25.0
793463,Rashid Khan Arman,1998-09-20,27y 309d,Afghanistan,Bowling Allrounder,Right hand Bat,Legbreak Googly,2015 - 2026,2024,IPL 2024,GT,12,8.0,3.0,102.0,31.0,20.4,71.0,143.66,0.0,0.0,11.0,3.0,6,0,10.0,8.4,262.0,2/38,2/38,36.7,26.2,0.0,0.0,0.0,2015-10-26,2026-02-19,2015-10-18,2026-06-20,2.0,38.0,2.0,38.0
793463,Rashid Khan Arman,1998-09-20,27y 309d,Afghanistan,Bowling Allrounder,Right hand Bat,Legbreak Googly,2015 - 2026,2023,IPL 2023,GT,17,9.0,5.0,130.0,79.0,32.5,60.0,216.66,0.0,1.0,8.0,13.0,10,0,27.0,8.23,402.0,4/30,4/30,20.44,14.8,1.0,0.0,0.0,2015-10-26,2026-02-19,2015-10-18,2026-06-20,4.0,30.0,4.0,30.0
793463,Rashid Khan Arman,1998-09-20,27y 309d,Afghanistan,Bowling Allrounder,Right hand Bat,Legbreak Googly,2015 - 2026,2022,IPL 2022,GT,16,8.0,4.0,91.0,40.0,22.75,44.0,206.81,0.0,0.0,3.0,9.0,7,0,19.0,6.59,383.0,4/24,4/24,22.15,20.1,1.0,0.0,0.0,2015-10-26,2026-02-19,2015-10-18,2026-06-20,4.0,24.0,4.0,24.0
793463,Rashid Khan Arman,1998-09-20,27y 309d,Afghanistan,Bowling Allrounder,Right hand Bat,Legbreak Googly,2015 - 2026,2021,IPL 2021,SRH,14,10.0,2.0,83.0,22.0,10.37,69.0,120.28,0.0,0.0,9.0,2.0,2,0,18.0,6.69,336.0,3/36,3/36,20.83,18.6,0.0,0.0,0.0,2015-10-26,2026-02-19,2015-10-18,2026-06-20,3.0,36.0,3.0,36.0
793463,Rashid Khan Arman,1998-09-20,27y 309d,Afghanistan,Bowling Allrounder,Right hand Bat,Legbreak Googly,2015 - 2026,2020/21,IPL 2020/21,SRH,16,7.0,3.0,35.0,14.0,8.75,30.0,116.66,0.0,0.0,3.0,2.0,3,0,20.0,5.37,384.0,3/7,3/7,17.2,19.2,0.0,0.0,0.0,2015-10-26,2026-02-19,2015-10-18,2026-06-20,3.0,7.0,3.0,7.0
793463,Rashid Khan Arman,1998-09-20,27y 309d,Afghanistan,Bowling Allrounder,Right hand Bat,Legbreak Googly,2015 - 2026,2019,IPL 2019,SRH,15,8.0,3.0,34.0,17.0,6.8,23.0,147.82,0.0,0.0,2.0,2.0,4,0,17.0,6.28,360.0,3/21,3/21,22.17,21.1,0.0,0.0,0.0,2015-10-26,2026-02-19,2015-10-18,2026-06-20,3.0,21.0,3.0,21.0
793463,Rashid Khan Arman,1998-09-20,27y 309d,Afghanistan,Bowling Allrounder,Right hand Bat,Legbreak Googly,2015 - 2026,2018,IPL 2018,SRH,17,7.0,2.0,59.0,34.0,11.8,31.0,190.32,0.0,0.0,3.0,6.0,6,0,21.0,6.73,408.0,3/19,3/19,21.8,19.4,0.0,0.0,0.0,2015-10-26,2026-02-19,2015-10-18,2026-06-20,3.0,19.0,3.0,19.0
793463,Rashid Khan Arman,1998-09-20,27y 309d,Afghanistan,Bowling Allrounder,Right hand Bat,Legbreak Googly,2015 - 2026,2017,IPL 2017,SRH,14,3.0,1.0,11.0,6.0,5.5,9.0,122.22,0.0,0.0,0.0,1.0,5,0,17.0,6.62,324.0,3/19,3/19,21.05,19.0,0.0,0.0,0.0,2015-10-26,2026-02-19,2015-10-18,2026-06-20,3.0,19.0,3.0,19.0
1048739,Ravisrinivasan Sai Kishore,1996-11-06,29y 262d,India,Bowler,Left hand Bat,Slow Left arm Orthodox,2023 - 2023,2026,IPL 2026,GT,3,,,,,,,,,,,,0,0,1.0,11.5,24.0,1/38,1/38,46.0,24.0,0.0,0.0,0.0,2023-10-03,2023-10-07,,,1.0,38.0,1.0,38.0
1048739,Ravisrinivasan Sai Kishore,1996-11-06,29y 262d,India,Bowler,Left hand Bat,Slow Left arm Orthodox,2023 - 2023,2025,IPL 2025,GT,15,3.0,0.0,5.0,3.0,1.66,10.0,50.0,0.0,0.0,0.0,0.0,5,0,19.0,9.24,255.0,3/30,3/30,20.68,13.4,0.0,0.0,0.0,2023-10-03,2023-10-07,,,3.0,30.0,3.0,30.0
1048739,Ravisrinivasan Sai Kishore,1996-11-06,29y 262d,India,Bowler,Left hand Bat,Slow Left arm Orthodox,2023 - 2023,2024,IPL 2024,GT,5,2.0,1.0,13.0,13.0,13.0,6.0,216.66,0.0,0.0,0.0,2.0,2,0,7.0,9.13,90.0,4/33,4/33,19.57,12.8,1.0,0.0,0.0,2023-10-03,2023-10-07,,,4.0,33.0,4.0,33.0
1048739,Ravisrinivasan Sai Kishore,1996-11-06,29y 262d,India,Bowler,Left hand Bat,Slow Left arm Orthodox,2023 - 2023,2022,IPL 2022,GT,5,,,,,,,,,,,,3,0,6.0,7.56,96.0,2/7,2/7,20.16,16.0,0.0,0.0,0.0,2023-10-03,2023-10-07,,,2.0,7.0,2.0,7.0
1151288,Bhardwaj Sai Sudharsan,2001-10-15,24y 284d,India,Top order Batter,Left hand Bat,Legbreak,2023 - 2026,2026,IPL 2026,GT,17,17.0,1.0,722.0,100.0,45.12,457.0,157.98,1.0,8.0,75.0,30.0,4,0,,,,,,,,,,,2025-06-20,2026-06-06,2023-12-17,2023-12-21,,,,
1151288,Bhardwaj Sai Sudharsan,2001-10-15,24y 284d,India,Top order Batter,Left hand Bat,Legbreak,2023 - 2026,2025,IPL 2025,GT,15,15.0,1.0,759.0,108.0,54.21,486.0,156.17,1.0,6.0,88.0,21.0,7,0,,,,,,,,,,,2025-06-20,2026-06-06,2023-12-17,2023-12-21,,,,
1151288,Bhardwaj Sai Sudharsan,2001-10-15,24y 284d,India,Top order Batter,Left hand Bat,Legbreak,2023 - 2026,2024,IPL 2024,GT,12,12.0,1.0,527.0,103.0,47.9,373.0,141.28,1.0,2.0,48.0,16.0,0,0,,,,,,,,,,,2025-06-20,2026-06-06,2023-12-17,2023-12-21,,,,
1151288,Bhardwaj Sai Sudharsan,2001-10-15,24y 284d,India,Top order Batter,Left hand Bat,Legbreak,2023 - 2026,2023,IPL 2023,GT,8,8.0,1.0,362.0,96.0,51.71,256.0,141.4,0.0,3.0,33.0,12.0,2,0,,,,,,,,,,,2025-06-20,2026-06-06,2023-12-17,2023-12-21,,,,
1151288,Bhardwaj Sai Sudharsan,2001-10-15,24y 284d,India,Top order Batter,Left hand Bat,Legbreak,2023 - 2026,2022,IPL 2022,GT,5,5.0,1.0,145.0,65.0,36.25,114.0,127.19,0.0,1.0,14.0,3.0,1,0,,,,,,,,,,,2025-06-20,2026-06-06,2023-12-17,2023-12-21,,,,
592735,Sankarankutty Sandeep Warrier,1991-04-04,35y 113d,India,Bowler,Right hand Bat,Right arm Medium,2021 - 2021,2024,IPL 2024,GT,5,,,,,,,,,,,,0,0,6.0,10.81,66.0,3/15,3/15,19.83,11.0,0.0,0.0,0.0,2021-07-29,2012-11-24,,,3.0,15.0,3.0,15.0
592735,Sankarankutty Sandeep Warrier,1991-04-04,35y 113d,India,Bowler,Right hand Bat,Right arm Medium,2021 - 2021,2021,IPL 2021,KKR,1,,,,,,,,,,,,0,0,0.0,7.5,12.0,,,,,0.0,0.0,0.0,2021-07-29,2012-11-24,,,,,,
592735,Sankarankutty Sandeep Warrier,1991-04-04,35y 113d,India,Bowler,Right hand Bat,Right arm Medium,2021 - 2021,2020/21,IPL 2020/21,KKR,1,,,,,,,,,,,,0,0,0.0,11.33,18.0,,,,,0.0,0.0,0.0,2021-07-29,2012-11-24,,,,,,
592735,Sankarankutty Sandeep Warrier,1991-04-04,35y 113d,India,Bowler,Right hand Bat,Right arm Medium,2021 - 2021,2019,IPL 2019,KKR,3,,,,,,,,,,,,1,0,2.0,7.08,72.0,2/31,2/31,42.5,36.0,0.0,0.0,0.0,2021-07-29,2012-11-24,,,2.0,31.0,2.0,31.0
1070173,Shubman Gill,1999-09-08,26y 321d,India,Top order Batter,Right hand Bat,Right arm Offbreak,2019 - 2026,2026,IPL 2026,GT,16,16.0,0.0,732.0,104.0,45.75,449.0,163.02,1.0,6.0,74.0,33.0,12,0,,,,,,,,,,,2023-01-03,2025-12-14,2019-01-31,2026-07-19,,,,
1070173,Shubman Gill,1999-09-08,26y 321d,India,Top order Batter,Right hand Bat,Right arm Offbreak,2019 - 2026,2025,IPL 2025,GT,15,15.0,2.0,650.0,93.0,50.0,417.0,155.87,0.0,6.0,62.0,24.0,8,0,,,,,,,,,,,2023-01-03,2025-12-14,2019-01-31,2026-07-19,,,,
1070173,Shubman Gill,1999-09-08,26y 321d,India,Top order Batter,Right hand Bat,Right arm Offbreak,2019 - 2026,2024,IPL 2024,GT,12,12.0,1.0,426.0,104.0,38.72,289.0,147.4,1.0,2.0,37.0,15.0,1,0,,,,,,,,,,,2023-01-03,2025-12-14,2019-01-31,2026-07-19,,,,
1070173,Shubman Gill,1999-09-08,26y 321d,India,Top order Batter,Right hand Bat,Right arm Offbreak,2019 - 2026,2023,IPL 2023,GT,17,17.0,2.0,890.0,129.0,59.33,564.0,157.8,3.0,4.0,85.0,33.0,6,0,,,,,,,,,,,2023-01-03,2025-12-14,2019-01-31,2026-07-19,,,,
1070173,Shubman Gill,1999-09-08,26y 321d,India,Top order Batter,Right hand Bat,Right arm Offbreak,2019 - 2026,2022,IPL 2022,GT,16,16.0,2.0,483.0,96.0,34.5,365.0,132.32,0.0,4.0,51.0,11.0,7,0,,,,,,,,,,,2023-01-03,2025-12-14,2019-01-31,2026-07-19,,,,
1070173,Shubman Gill,1999-09-08,26y 321d,India,Top order Batter,Right hand Bat,Right arm Offbreak,2019 - 2026,2021,IPL 2021,KKR,17,17.0,0.0,478.0,57.0,28.11,402.0,118.9,0.0,3.0,50.0,12.0,6,0,,,,,,,,,,,2023-01-03,2025-12-14,2019-01-31,2026-07-19,,,,
1070173,Shubman Gill,1999-09-08,26y 321d,India,Top order Batter,Right hand Bat,Right arm Offbreak,2019 - 2026,2020/21,IPL 2020/21,KKR,14,14.0,1.0,440.0,70.0,33.84,373.0,117.96,0.0,3.0,44.0,9.0,7,0,,,,,,,,,,,2023-01-03,2025-12-14,2019-01-31,2026-07-19,,,,
1070173,Shubman Gill,1999-09-08,26y 321d,India,Top order Batter,Right hand Bat,Right arm Offbreak,2019 - 2026,2019,IPL 2019,KKR,14,13.0,4.0,296.0,76.0,32.88,238.0,124.36,0.0,3.0,21.0,10.0,7,0,,,,,,,,,,,2023-01-03,2025-12-14,2019-01-31,2026-07-19,,,,
1070173,Shubman Gill,1999-09-08,26y 321d,India,Top order Batter,Right hand Bat,Right arm Offbreak,2019 - 2026,2018,IPL 2018,KKR,13,11.0,5.0,203.0,57.0,33.83,139.0,146.04,0.0,1.0,22.0,5.0,3,0,,,,,,,,,,,2023-01-03,2025-12-14,2019-01-31,2026-07-19,,,,
719715,Washington Sundar,1999-10-05,26y 294d,India,Bowling Allrounder,Left hand Bat,Right arm Offbreak,2017 - 2026,2026,IPL 2026,GT,17,16.0,6.0,377.0,55.0,37.7,251.0,150.19,0.0,3.0,40.0,12.0,6,0,1.0,9.16,55.0,1/27,1/27,84.0,55.0,0.0,0.0,0.0,2017-12-24,2026-07-09,2017-12-13,2026-07-16,1.0,27.0,1.0,27.0
719715,Washington Sundar,1999-10-05,26y 294d,India,Bowling Allrounder,Left hand Bat,Right arm Offbreak,2017 - 2026,2025,IPL 2025,GT,6,5.0,0.0,133.0,49.0,26.6,80.0,166.25,0.0,0.0,10.0,7.0,3,0,2.0,10.24,65.0,1/28,1/28,55.5,32.5,0.0,0.0,0.0,2017-12-24,2026-07-09,2017-12-13,2026-07-16,1.0,28.0,1.0,28.0
719715,Washington Sundar,1999-10-05,26y 294d,India,Bowling Allrounder,Left hand Bat,Right arm Offbreak,2017 - 2026,2024,IPL 2024,SRH,2,2.0,1.0,0.0,0.0,0.0,1.0,0.0,0.0,0.0,0.0,0.0,0,0,1.0,14.6,30.0,1/46,1/46,73.0,30.0,0.0,0.0,0.0,2017-12-24,2026-07-09,2017-12-13,2026-07-16,1.0,46.0,1.0,46.0
719715,Washington Sundar,1999-10-05,26y 294d,India,Bowling Allrounder,Left hand Bat,Right arm Offbreak,2017 - 2026,2023,IPL 2023,SRH,7,5.0,1.0,60.0,24.0,15.0,60.0,100.0,0.0,0.0,6.0,0.0,2,0,3.0,8.26,106.0,3/28,3/28,48.66,35.3,0.0,0.0,0.0,2017-12-24,2026-07-09,2017-12-13,2026-07-16,3.0,28.0,3.0,28.0
719715,Washington Sundar,1999-10-05,26y 294d,India,Bowling Allrounder,Left hand Bat,Right arm Offbreak,2017 - 2026,2022,IPL 2022,SRH,9,7.0,0.0,101.0,40.0,14.42,69.0,146.37,0.0,0.0,9.0,3.0,1,0,6.0,8.53,168.0,2/21,2/21,39.83,28.0,0.0,0.0,0.0,2017-12-24,2026-07-09,2017-12-13,2026-07-16,2.0,21.0,2.0,21.0
719715,Washington Sundar,1999-10-05,26y 294d,India,Bowling Allrounder,Left hand Bat,Right arm Offbreak,2017 - 2026,2021,IPL 2021,RCB,6,4.0,0.0,31.0,10.0,7.75,47.0,65.95,0.0,0.0,2.0,0.0,2,0,3.0,7.37,96.0,1/7,1/7,39.33,32.0,0.0,0.0,0.0,2017-12-24,2026-07-09,2017-12-13,2026-07-16,1.0,7.0,1.0,7.0
719715,Washington Sundar,1999-10-05,26y 294d,India,Bowling Allrounder,Left hand Bat,Right arm Offbreak,2017 - 2026,2020/21,IPL 2020/21,RCB,15,9.0,3.0,111.0,30.0,18.5,95.0,116.84,0.0,0.0,10.0,2.0,0,0,8.0,5.96,300.0,2/16,2/16,37.25,37.5,0.0,0.0,0.0,2017-12-24,2026-07-09,2017-12-13,2026-07-16,2.0,16.0,2.0,16.0
719715,Washington Sundar,1999-10-05,26y 294d,India,Bowling Allrounder,Left hand Bat,Right arm Offbreak,2017 - 2026,2019,IPL 2019,RCB,3,2.0,0.0,1.0,1.0,0.5,3.0,33.33,0.0,0.0,0.0,0.0,2,0,4.0,8.22,54.0,3/24,3/24,18.5,13.5,0.0,0.0,0.0,2017-12-24,2026-07-09,2017-12-13,2026-07-16,3.0,24.0,3.0,24.0
719715,Washington Sundar,1999-10-05,26y 294d,India,Bowling Allrounder,Left hand Bat,Right arm Offbreak,2017 - 2026,2018,IPL 2018,RCB,7,6.0,3.0,65.0,35.0,21.66,38.0,171.05,0.0,0.0,5.0,4.0,0,0,4.0,9.6,120.0,2/22,2/22,48.0,30.0,0.0,0.0,0.0,2017-12-24,2026-07-09,2017-12-13,2026-07-16,2.0,22.0,2.0,22.0
719715,Washington Sundar,1999-10-05,26y 294d,India,Bowling Allrounder,Left hand Bat,Right arm Offbreak,2017 - 2026,2017,IPL 2017,RPS,11,5.0,4.0,9.0,5.0,9.0,12.0,75.0,0.0,0.0,0.0,0.0,5,0,8.0,6.16,180.0,3/16,3/16,23.12,22.5,0.0,0.0,0.0,2017-12-24,2026-07-09,2017-12-13,2026-07-16,3.0,16.0,3.0,16.0
1159720,Yash Dayal,1997-12-13,28y 225d,India,Bowler,Right hand Bat,Left arm Medium fast,,2025,IPL 2025,RCB,15,3.0,1.0,4.0,3.0,2.0,8.0,50.0,0.0,0.0,0.0,0.0,3,0,13.0,9.59,294.0,2/18,2/18,36.15,22.6,0.0,0.0,0.0,,,,,2.0,18.0,2.0,18.0
1159720,Yash Dayal,1997-12-13,28y 225d,India,Bowler,Right hand Bat,Left arm Medium fast,,2024,IPL 2024,RCB,14,,,,,,,,,,,,3,0,15.0,9.14,301.0,3/20,3/20,30.6,20.0,0.0,0.0,0.0,,,,,3.0,20.0,3.0,20.0
1159720,Yash Dayal,1997-12-13,28y 225d,India,Bowler,Right hand Bat,Left arm Medium fast,,2023,IPL 2023,GT,5,,,,,,,,,,,,1,0,2.0,11.78,84.0,1/31,1/31,82.5,42.0,0.0,0.0,0.0,,,,,1.0,31.0,1.0,31.0
1159720,Yash Dayal,1997-12-13,28y 225d,India,Bowler,Right hand Bat,Left arm Medium fast,,2022,IPL 2022,GT,9,1.0,0.0,0.0,0.0,0.0,1.0,0.0,0.0,0.0,0.0,0.0,1,0,11.0,9.25,192.0,3/40,3/40,26.9,17.4,0.0,0.0,0.0,,,,,3.0,40.0,3.0,40.0
27639,Aakash Chopra,1977-09-19,48y 289d,India,Batter,Right hand Bat,"Right arm Medium, Right arm Offbreak",2003 - 2004,2009,IPL 2009,KKR,2,1.0,0.0,11.0,11.0,11.0,19.0,57.89,0.0,0.0,2.0,0.0,0,0,,,,,,,,,,,,,,,,,,
27639,Aakash Chopra,1977-09-19,48y 289d,India,Batter,Right hand Bat,"Right arm Medium, Right arm Offbreak",2003 - 2004,2007/08,IPL 2007/08,KKR,5,5.0,0.0,42.0,24.0,8.4,52.0,80.76,0.0,0.0,5.0,0.0,2,0,,,,,,,,,,,,,,,,,,
1081183,Abhijeet Tomar,1995-03-14,31y 113d,India,Opening Batter,Right hand Bat,Right arm Offbreak,,2022,IPL 2022,KKR,1,1.0,0.0,4.0,4.0,4.0,8.0,50.0,0.0,0.0,1.0,0.0,0,0,,,,,,,,,,,,,,,,,,
268739,Balapuwaduge Ajantha Winslow Mendis,1985-03-11,41y 116d,Sri Lanka,Bowler,Right hand Bat,Right arm Offbreak,2008 - 2015,2013,IPL 2013,PWI,3,1.0,0.0,2.0,2.0,2.0,4.0,50.0,0.0,0.0,0.0,0.0,0,0,2.0,6.5,72.0,1/15,1/15,39.0,36.0,0.0,0.0,0.0,2008-10-10,2014-03-27,2008-04-10,2015-12-26,1.0,15.0,1.0,15.0
268739,Balapuwaduge Ajantha Winslow Mendis,1985-03-11,41y 116d,Sri Lanka,Bowler,Right hand Bat,Right arm Offbreak,2008 - 2015,2009/10,IPL 2009/10,KKR,2,1.0,1.0,1.0,1.0,,1.0,100.0,0.0,0.0,0.0,0.0,0,0,2.0,8.25,48.0,2/22,2/22,33.0,24.0,0.0,0.0,0.0,2008-10-10,2014-03-27,2008-04-10,2015-12-26,2.0,22.0,2.0,22.0
268739,Balapuwaduge Ajantha Winslow Mendis,1985-03-11,41y 116d,Sri Lanka,Bowler,Right hand Bat,Right arm Offbreak,2008 - 2015,2009,IPL 2009,KKR,4,1.0,0.0,0.0,0.0,0.0,1.0,0.0,0.0,0.0,0.0,0.0,2,0,3.0,7.31,96.0,2/19,2/19,39.0,32.0,0.0,0.0,0.0,2008-10-10,2014-03-27,2008-04-10,2015-12-26,2.0,19.0,2.0,19.0
268739,Balapuwaduge Ajantha Winslow Mendis,1985-03-11,41y 116d,Sri Lanka,Bowler,Right hand Bat,Right arm Offbreak,2008 - 2015,2007/08,IPL 2007/08,KKR,1,,,,,,,,,,,,0,0,1.0,6.0,24.0,1/24,1/24,24.0,24.0,0.0,0.0,0.0,2008-10-10,2014-03-27,2008-04-10,2015-12-26,1.0,24.0,1.0,24.0
1292495,Angkrish Raghuvanshi,2004-06-05,22y 30d,India,Top order Batter,Right hand Bat,Slow Left arm Orthodox,,2026,IPL 2026,KKR,13,12.0,2.0,422.0,82.0,42.2,288.0,146.52,0.0,5.0,40.0,19.0,5,1,,,,,,,,,,,,,,,,,,
1292495,Angkrish Raghuvanshi,2004-06-05,22y 30d,India,Top order Batter,Right hand Bat,Slow Left arm Orthodox,,2025,IPL 2025,KKR,12,11.0,2.0,300.0,50.0,33.33,215.0,139.53,0.0,1.0,30.0,8.0,2,0,,,,,,,,,,,,,,,,,,
1292495,Angkrish Raghuvanshi,2004-06-05,22y 30d,India,Top order Batter,Right hand Bat,Slow Left arm Orthodox,,2024,IPL 2024,KKR,10,7.0,0.0,163.0,54.0,23.28,105.0,155.23,0.0,1.0,16.0,8.0,4,0,,,,,,,,,,,,,,,,,,
1079839,Anukul Sudhakar Roy,1998-11-30,27y 217d,India,Allrounder,Left hand Bat,Slow Left arm Orthodox,,2026,IPL 2026,KKR,14,7.0,3.0,52.0,29.0,13.0,39.0,133.33,0.0,0.0,3.0,2.0,9,0,9.0,9.6,163.0,2/31,2/31,29.0,18.1,0.0,0.0,0.0,,,,,2.0,31.0,2.0,31.0
1079839,Anukul Sudhakar Roy,1998-11-30,27y 217d,India,Allrounder,Left hand Bat,Slow Left arm Orthodox,,2025,IPL 2025,KKR,1,1.0,0.0,0.0,0.0,0.0,1.0,0.0,0.0,0.0,0.0,0.0,0,0,1.0,6.75,24.0,1/27,1/27,27.0,24.0,0.0,0.0,0.0,,,,,1.0,27.0,1.0,27.0
1079839,Anukul Sudhakar Roy,1998-11-30,27y 217d,India,Allrounder,Left hand Bat,Slow Left arm Orthodox,,2024,IPL 2024,KKR,4,1.0,1.0,3.0,3.0,,3.0,100.0,0.0,0.0,0.0,0.0,0,0,0.0,10.58,34.0,,,,,0.0,0.0,0.0,,,,,,,,
1079839,Anukul Sudhakar Roy,1998-11-30,27y 217d,India,Allrounder,Left hand Bat,Slow Left arm Orthodox,,2023,IPL 2023,KKR,4,4.0,2.0,23.0,13.0,11.5,19.0,121.05,0.0,0.0,3.0,0.0,2,0,3.0,8.12,48.0,2/19,2/19,21.66,16.0,0.0,0.0,0.0,,,,,2.0,19.0,2.0,19.0
1079839,Anukul Sudhakar Roy,1998-11-30,27y 217d,India,Allrounder,Left hand Bat,Slow Left arm Orthodox,,2022,IPL 2022,KKR,2,1.0,0.0,0.0,0.0,0.0,2.0,0.0,0.0,0.0,0.0,0.0,1,0,1.0,7.85,42.0,1/28,1/28,55.0,42.0,0.0,0.0,0.0,,,,,1.0,28.0,1.0,28.0
1079839,Anukul Sudhakar Roy,1998-11-30,27y 217d,India,Allrounder,Left hand Bat,Slow Left arm Orthodox,,2019,IPL 2019,MI,1,,,,,,,,,,,,0,0,1.0,5.5,12.0,1/11,1/11,11.0,12.0,0.0,0.0,0.0,,,,,1.0,11.0,1.0,11.0
376324,Kathuria Anureet Singh,1988-03-02,38y 125d,India,Bowler,Right hand Bat,Right arm Medium,,2018,IPL 2018,RR,3,1.0,1.0,3.0,3.0,,4.0,75.0,0.0,0.0,0.0,0.0,1,0,1.0,10.5,24.0,1/20,1/20,42.0,24.0,0.0,0.0,0.0,,,,,1.0,20.0,1.0,20.0
376324,Kathuria Anureet Singh,1988-03-02,38y 125d,India,Bowler,Right hand Bat,Right arm Medium,,2017,IPL 2017,PBKS,1,1.0,0.0,15.0,15.0,15.0,12.0,125.0,0.0,0.0,2.0,0.0,0,0,0.0,13.0,12.0,,,,,0.0,0.0,0.0,,,,,,,,
376324,Kathuria Anureet Singh,1988-03-02,38y 125d,India,Bowler,Right hand Bat,Right arm Medium,,2016,IPL 2016,PBKS,2,,,,,,,,,,,,0,0,0.0,7.16,36.0,,,,,0.0,0.0,0.0,,,,,,,,
376324,Kathuria Anureet Singh,1988-03-02,38y 125d,India,Bowler,Right hand Bat,Right arm Medium,,2015,IPL 2015,PBKS,14,6.0,3.0,18.0,10.0,6.0,31.0,58.06,0.0,0.0,0.0,1.0,4,0,15.0,9.0,310.0,3/23,3/23,31.0,20.6,0.0,0.0,0.0,,,,,3.0,23.0,3.0,23.0
376324,Kathuria Anureet Singh,1988-03-02,38y 125d,India,Bowler,Right hand Bat,Right arm Medium,,2009,IPL 2009,KKR,3,,,,,,,,,,,,0,0,2.0,9.4,30.0,2/35,2/35,23.5,15.0,0.0,0.0,0.0,,,,,2.0,35.0,2.0,35.0
220435,Arindam Nanigopal Ghosh,1986-10-19,39y 259d,India,Batter,Right hand Bat,Right arm Medium,,2009,IPL 2009,KKR,2,2.0,0.0,7.0,7.0,3.5,8.0,87.5,0.0,0.0,1.0,0.0,1,0,,,,,,,,,,,,,,,,,,
39024,Azhar Mahmood Sagar,1975-02-28,51y 127d,Pakistan,Bowling Allrounder,Right hand Bat,Right arm Fast medium,1996 - 2007,2015,IPL 2015,KKR,1,1.0,0.0,6.0,6.0,6.0,7.0,85.71,0.0,0.0,1.0,0.0,0,0,0.0,13.66,18.0,,,,,0.0,0.0,0.0,,,1996-09-16,2007-03-17,,,,
39024,Azhar Mahmood Sagar,1975-02-28,51y 127d,Pakistan,Bowling Allrounder,Right hand Bat,Right arm Fast medium,1996 - 2007,2013,IPL 2013,PBKS,11,10.0,0.0,196.0,80.0,19.6,154.0,127.27,0.0,2.0,22.0,5.0,1,0,15.0,7.52,263.0,3/21,3/21,22.0,17.5,0.0,0.0,0.0,,,1996-09-16,2007-03-17,3.0,21.0,3.0,21.0
39024,Azhar Mahmood Sagar,1975-02-28,51y 127d,Pakistan,Bowling Allrounder,Right hand Bat,Right arm Fast medium,1996 - 2007,2012,IPL 2012,PBKS,11,10.0,2.0,186.0,36.0,23.25,142.0,130.98,0.0,0.0,16.0,8.0,7,0,14.0,7.71,256.0,3/20,3/20,23.5,18.2,0.0,0.0,0.0,,,1996-09-16,2007-03-17,3.0,20.0,3.0,20.0
477069,Baba Indrajith,1994-07-08,31y 362d,India,Top order Batter,Right hand Bat,Legbreak Googly,,2022,IPL 2022,KKR,3,3.0,0.0,21.0,15.0,7.0,30.0,70.0,0.0,0.0,2.0,0.0,1,0,,,,,,,,,,,,,,,,,,
827051,Blessing Muzarabani,1996-10-02,29y 276d,Zimbabwe,Bowler,Right hand Bat,Right arm Fast medium,2017 - 2026,2026,IPL 2026,KKR,2,,,,,,,,,,,,0,0,4.0,10.71,42.0,4/41,4/41,18.75,10.5,1.0,0.0,0.0,2018-02-05,2026-03-01,2018-01-15,2025-08-31,4.0,41.0,4.0,41.0
5560,Bradley James Haddin,1977-10-23,48y 255d,Australia,Wicketkeeper Batter,Right hand Bat,,2001 - 2015,2011,IPL 2011,KKR,1,1.0,0.0,18.0,18.0,18.0,11.0,163.63,0.0,0.0,2.0,1.0,0,0,,,,,,,,,,,2006-01-09,2014-10-05,2001-01-30,2015-03-29,,,,
5674,Bradley John Hodge,1974-12-29,51y 188d,Australia,Top order Batter,Right hand Bat,Right arm Offbreak,2005 - 2014,2014,IPL 2014,RR,4,4.0,1.0,101.0,40.0,33.66,72.0,140.27,0.0,0.0,4.0,6.0,2,0,,,,,,,,,,,2007-09-12,2014-03-30,2005-12-03,2007-10-17,,,,
5674,Bradley John Hodge,1974-12-29,51y 188d,Australia,Top order Batter,Right hand Bat,Right arm Offbreak,2005 - 2014,2013,IPL 2013,RR,17,14.0,7.0,293.0,54.0,41.85,218.0,134.4,0.0,1.0,27.0,9.0,6,0,0.0,3.0,6.0,,,,,0.0,0.0,0.0,2007-09-12,2014-03-30,2005-12-03,2007-10-17,,,,
5674,Bradley John Hodge,1974-12-29,51y 188d,Australia,Top order Batter,Right hand Bat,Right arm Offbreak,2005 - 2014,2012,IPL 2012,RR,12,12.0,4.0,245.0,48.0,30.62,175.0,140.0,0.0,0.0,18.0,9.0,7,0,1.0,10.5,12.0,1/13,1/13,21.0,12.0,0.0,0.0,0.0,2007-09-12,2014-03-30,2005-12-03,2007-10-17,1.0,13.0,1.0,13.0
5674,Bradley John Hodge,1974-12-29,51y 188d,Australia,Top order Batter,Right hand Bat,Right arm Offbreak,2005 - 2014,2011,IPL 2011,Kochi,14,14.0,6.0,285.0,51.0,35.62,236.0,120.76,0.0,1.0,26.0,9.0,1,0,7.0,7.0,66.0,4/13,4/13,11.0,9.4,1.0,0.0,0.0,2007-09-12,2014-03-30,2005-12-03,2007-10-17,4.0,13.0,4.0,13.0
5674,Bradley John Hodge,1974-12-29,51y 188d,Australia,Top order Batter,Right hand Bat,Right arm Offbreak,2005 - 2014,2009/10,IPL 2009/10,KKR,4,4.0,0.0,99.0,50.0,24.75,90.0,110.0,0.0,1.0,11.0,1.0,3,0,2.0,8.2,30.0,1/4,1/4,20.5,15.0,0.0,0.0,0.0,2007-09-12,2014-03-30,2005-12-03,2007-10-17,1.0,4.0,1.0,4.0
5674,Bradley John Hodge,1974-12-29,51y 188d,Australia,Top order Batter,Right hand Bat,Right arm Offbreak,2005 - 2014,2009,IPL 2009,KKR,12,12.0,3.0,365.0,73.0,40.55,310.0,117.74,0.0,3.0,34.0,9.0,2,0,7.0,8.05,120.0,3/29,3/29,23.0,17.1,0.0,0.0,0.0,2007-09-12,2014-03-30,2005-12-03,2007-10-17,3.0,29.0,3.0,29.0
5674,Bradley John Hodge,1974-12-29,51y 188d,Australia,Top order Batter,Right hand Bat,Right arm Offbreak,2005 - 2014,2007/08,IPL 2007/08,KKR,3,3.0,0.0,12.0,10.0,4.0,17.0,70.58,0.0,0.0,2.0,0.0,1,0,,,,,,,,,,,2007-09-12,2014-03-30,2005-12-03,2007-10-17,,,,
5681,George Bradley Hogg,1971-02-06,55y 149d,Australia,Allrounder,Left hand Bat,Left arm Wrist spin,1996 - 2014,2016,IPL 2016,KKR,5,1.0,1.0,0.0,0.0,,0.0,,0.0,0.0,0.0,0.0,3,0,4.0,8.87,96.0,3/19,3/19,35.5,24.0,0.0,0.0,0.0,2006-02-24,2014-03-23,1996-08-26,2008-03-02,3.0,19.0,3.0,19.0
5681,George Bradley Hogg,1971-02-06,55y 149d,Australia,Allrounder,Left hand Bat,Left arm Wrist spin,1996 - 2014,2015,IPL 2015,KKR,6,2.0,1.0,7.0,5.0,7.0,6.0,116.66,0.0,0.0,0.0,0.0,0,0,9.0,6.85,126.0,4/29,4/29,16.0,14.0,1.0,0.0,0.0,2006-02-24,2014-03-23,1996-08-26,2008-03-02,4.0,29.0,4.0,29.0
5681,George Bradley Hogg,1971-02-06,55y 149d,Australia,Allrounder,Left hand Bat,Left arm Wrist spin,1996 - 2014,2013,IPL 2013,RR,1,,,,,,,,,,,,0,0,0.0,9.3,20.0,,,,,0.0,0.0,0.0,2006-02-24,2014-03-23,1996-08-26,2008-03-02,,,,
5681,George Bradley Hogg,1971-02-06,55y 149d,Australia,Allrounder,Left hand Bat,Left arm Wrist spin,1996 - 2014,2012,IPL 2012,RR,9,3.0,1.0,15.0,13.0,7.5,16.0,93.75,0.0,0.0,1.0,0.0,1,0,10.0,7.02,216.0,2/31,2/31,25.3,21.6,0.0,0.0,0.0,2006-02-24,2014-03-23,1996-08-26,2008-03-02,2.0,31.0,2.0,31.0
6278,Brett Lee,1976-11-08,49y 239d,Australia,Bowler,Right hand Bat,Right arm Fast,1999 - 2012,2013,IPL 2013,KKR,3,2.0,1.0,21.0,16.0,21.0,12.0,175.0,0.0,0.0,1.0,2.0,1,0,4.0,7.16,72.0,2/40,2/40,21.5,18.0,0.0,0.0,0.0,2005-02-17,2012-03-30,2000-01-09,2012-07-07,2.0,40.0,2.0,40.0
6278,Brett Lee,1976-11-08,49y 239d,Australia,Bowler,Right hand Bat,Right arm Fast,1999 - 2012,2012,IPL 2012,KKR,10,3.0,1.0,42.0,25.0,21.0,20.0,210.0,0.0,0.0,2.0,4.0,1,0,7.0,7.86,228.0,2/26,2/26,42.71,32.5,0.0,0.0,0.0,2005-02-17,2012-03-30,2000-01-09,2012-07-07,2.0,26.0,2.0,26.0
6278,Brett Lee,1976-11-08,49y 239d,Australia,Bowler,Right hand Bat,Right arm Fast,1999 - 2012,2011,IPL 2011,KKR,12,4.0,1.0,5.0,2.0,1.66,9.0,55.55,0.0,0.0,0.0,0.0,2,0,5.0,7.45,272.0,1/12,1/12,67.6,54.4,0.0,0.0,0.0,2005-02-17,2012-03-30,2000-01-09,2012-07-07,1.0,12.0,1.0,12.0
6278,Brett Lee,1976-11-08,49y 239d,Australia,Bowler,Right hand Bat,Right arm Fast,1999 - 2012,2009/10,IPL 2009/10,PBKS,4,3.0,2.0,11.0,7.0,11.0,9.0,122.22,0.0,0.0,1.0,0.0,2,0,0.0,10.27,87.0,,,,,0.0,0.0,0.0,2005-02-17,2012-03-30,2000-01-09,2012-07-07,,,,
6278,Brett Lee,1976-11-08,49y 239d,Australia,Bowler,Right hand Bat,Right arm Fast,1999 - 2012,2009,IPL 2009,PBKS,5,4.0,2.0,28.0,14.0,14.0,34.0,82.35,0.0,0.0,2.0,1.0,1,0,5.0,5.55,120.0,3/15,3/15,22.2,24.0,0.0,0.0,0.0,2005-02-17,2012-03-30,2000-01-09,2012-07-07,3.0,15.0,3.0,15.0
6278,Brett Lee,1976-11-08,49y 239d,Australia,Bowler,Right hand Bat,Right arm Fast,1999 - 2012,2007/08,IPL 2007/08,PBKS,4,3.0,2.0,17.0,16.0,17.0,13.0,130.76,0.0,0.0,2.0,1.0,3,0,4.0,7.0,96.0,1/9,1/9,28.0,24.0,0.0,0.0,0.0,2005-02-17,2012-03-30,2000-01-09,2012-07-07,1.0,9.0,1.0,9.0
1076713,Cameron Donald Green,1999-06-03,27y 32d,Australia,Batting Allrounder,Right hand Bat,Right arm Fast medium,2020 - 2026,2026,IPL 2026,KKR,14,14.0,4.0,322.0,79.0,32.2,221.0,145.7,0.0,2.0,22.0,17.0,8,0,7.0,10.63,132.0,2/23,2/23,33.42,18.8,0.0,0.0,0.0,2022-04-05,2026-02-20,2020-12-02,2026-06-14,2.0,23.0,2.0,23.0
1076713,Cameron Donald Green,1999-06-03,27y 32d,Australia,Batting Allrounder,Right hand Bat,Right arm Fast medium,2020 - 2026,2024,IPL 2024,RCB,13,12.0,4.0,255.0,46.0,31.87,178.0,143.25,0.0,0.0,22.0,10.0,5,0,10.0,8.61,211.0,2/12,2/12,30.3,21.1,0.0,0.0,0.0,2022-04-05,2026-02-20,2020-12-02,2026-06-14,2.0,12.0,2.0,12.0
1076713,Cameron Donald Green,1999-06-03,27y 32d,Australia,Batting Allrounder,Right hand Bat,Right arm Fast medium,2020 - 2026,2023,IPL 2023,MI,16,16.0,7.0,452.0,100.0,50.22,282.0,160.28,1.0,2.0,40.0,22.0,5,0,6.0,9.5,228.0,2/41,2/41,60.16,38.0,0.0,0.0,0.0,2022-04-05,2026-02-20,2020-12-02,2026-06-14,2.0,41.0,2.0,41.0
45963,Charl Kenneth Langeveldt,1974-12-17,51y 200d,South Africa,Bowler,Right hand Bat,Right arm Fast medium,2001 - 2010,2011,IPL 2011,RCB,3,1.0,0.0,8.0,8.0,8.0,8.0,100.0,0.0,0.0,0.0,1.0,0,0,5.0,7.63,66.0,2/10,2/10,16.8,13.2,0.0,0.0,0.0,2005-10-21,2010-05-19,2001-10-14,2010-10-31,2.0,10.0,2.0,10.0
45963,Charl Kenneth Langeveldt,1974-12-17,51y 200d,South Africa,Bowler,Right hand Bat,Right arm Fast medium,2001 - 2010,2009/10,IPL 2009/10,KKR,3,1.0,0.0,0.0,0.0,0.0,1.0,0.0,0.0,0.0,0.0,0.0,0,0,5.0,8.0,66.0,2/26,2/26,17.6,13.2,0.0,0.0,0.0,2005-10-21,2010-05-19,2001-10-14,2010-10-31,2.0,26.0,2.0,26.0
45963,Charl Kenneth Langeveldt,1974-12-17,51y 200d,South Africa,Bowler,Right hand Bat,Right arm Fast medium,2001 - 2010,2009,IPL 2009,KKR,1,,,,,,,,,,,,0,0,3.0,3.75,24.0,3/15,3/15,5.0,8.0,0.0,0.0,0.0,2005-10-21,2010-05-19,2001-10-14,2010-10-31,3.0,15.0,3.0,15.0
32540,Cheteshwar Arvind Pujara,1988-01-25,38y 161d,India,Top order Batter,Right hand Bat,Legbreak,2010 - 2023,2014,IPL 2014,PBKS,6,6.0,1.0,125.0,40.0,25.0,124.0,100.8,0.0,0.0,17.0,0.0,0,0,,,,,,,,,,,,,2013-08-01,2014-06-19,,,,
32540,Cheteshwar Arvind Pujara,1988-01-25,38y 161d,India,Top order Batter,Right hand Bat,Legbreak,2010 - 2023,2013,IPL 2013,RCB,4,4.0,0.0,92.0,51.0,23.0,99.0,92.92,0.0,1.0,14.0,0.0,1,0,,,,,,,,,,,,,2013-08-01,2014-06-19,,,,
32540,Cheteshwar Arvind Pujara,1988-01-25,38y 161d,India,Top order Batter,Right hand Bat,Legbreak,2010 - 2023,2012,IPL 2012,RCB,3,3.0,0.0,17.0,11.0,5.66,22.0,77.27,0.0,0.0,1.0,1.0,2,0,,,,,,,,,,,,,2013-08-01,2014-06-19,,,,
32540,Cheteshwar Arvind Pujara,1988-01-25,38y 161d,India,Top order Batter,Right hand Bat,Legbreak,2010 - 2023,2011,IPL 2011,RCB,7,3.0,0.0,34.0,25.0,11.33,31.0,109.67,0.0,0.0,4.0,0.0,1,0,,,,,,,,,,,,,2013-08-01,2014-06-19,,,,
32540,Cheteshwar Arvind Pujara,1988-01-25,38y 161d,India,Top order Batter,Right hand Bat,Legbreak,2010 - 2023,2009/10,IPL 2009/10,KKR,10,6.0,2.0,122.0,45.0,30.5,115.0,106.08,0.0,0.0,14.0,3.0,2,0,,,,,,,,,,,,,2013-08-01,2014-06-19,,,,
51880,Christopher Henry Gayle,1979-09-21,46y 287d,West Indies,Allrounder,Left hand Bat,Right arm Offbreak,1999 - 2021,2021,IPL 2021,PBKS,10,10.0,1.0,193.0,46.0,21.44,154.0,125.32,0.0,0.0,21.0,8.0,3,0,,,,,,,,,,,2006-02-16,2021-11-06,1999-09-11,2019-08-14,,,,
51880,Christopher Henry Gayle,1979-09-21,46y 287d,West Indies,Allrounder,Left hand Bat,Right arm Offbreak,1999 - 2021,2020/21,IPL 2020/21,PBKS,7,7.0,0.0,288.0,99.0,41.14,210.0,137.14,0.0,3.0,15.0,23.0,1,0,0.0,6.0,5.0,,,,,0.0,0.0,0.0,2006-02-16,2021-11-06,1999-09-11,2019-08-14,,,,
51880,Christopher Henry Gayle,1979-09-21,46y 287d,West Indies,Allrounder,Left hand Bat,Right arm Offbreak,1999 - 2021,2019,IPL 2019,PBKS,13,13.0,1.0,490.0,99.0,40.83,319.0,153.6,0.0,4.0,45.0,34.0,0,0,,,,,,,,,,,2006-02-16,2021-11-06,1999-09-11,2019-08-14,,,,
51880,Christopher Henry Gayle,1979-09-21,46y 287d,West Indies,Allrounder,Left hand Bat,Right arm Offbreak,1999 - 2021,2018,IPL 2018,PBKS,11,11.0,2.0,368.0,104.0,40.88,252.0,146.03,1.0,3.0,30.0,27.0,2,0,,,,,,,,,,,2006-02-16,2021-11-06,1999-09-11,2019-08-14,,,,
51880,Christopher Henry Gayle,1979-09-21,46y 287d,West Indies,Allrounder,Left hand Bat,Right arm Offbreak,1999 - 2021,2017,IPL 2017,RCB,9,9.0,0.0,200.0,77.0,22.22,163.0,122.69,0.0,1.0,15.0,14.0,2,0,,,,,,,,,,,2006-02-16,2021-11-06,1999-09-11,2019-08-14,,,,
51880,Christopher Henry Gayle,1979-09-21,46y 287d,West Indies,Allrounder,Left hand Bat,Right arm Offbreak,1999 - 2021,2016,IPL 2016,RCB,10,10.0,0.0,227.0,76.0,22.7,150.0,151.33,0.0,2.0,17.0,21.0,4,0,2.0,6.3,60.0,2/11,2/11,31.5,30.0,0.0,0.0,0.0,2006-02-16,2021-11-06,1999-09-11,2019-08-14,2.0,11.0,2.0,11.0
51880,Christopher Henry Gayle,1979-09-21,46y 287d,West Indies,Allrounder,Left hand Bat,Right arm Offbreak,1999 - 2021,2015,IPL 2015,RCB,14,14.0,2.0,491.0,117.0,40.91,333.0,147.44,1.0,2.0,39.0,38.0,1,0,0.0,7.5,12.0,,,,,0.0,0.0,0.0,2006-02-16,2021-11-06,1999-09-11,2019-08-14,,,,
51880,Christopher Henry Gayle,1979-09-21,46y 287d,West Indies,Allrounder,Left hand Bat,Right arm Offbreak,1999 - 2021,2014,IPL 2014,RCB,9,9.0,0.0,196.0,46.0,21.77,184.0,106.52,0.0,0.0,18.0,12.0,2,0,,,,,,,,,,,2006-02-16,2021-11-06,1999-09-11,2019-08-14,,,,
51880,Christopher Henry Gayle,1979-09-21,46y 287d,West Indies,Allrounder,Left hand Bat,Right arm Offbreak,1999 - 2021,2013,IPL 2013,RCB,16,16.0,4.0,708.0,175.0,59.0,453.0,156.29,1.0,4.0,57.0,51.0,3,0,3.0,10.0,24.0,2/5,2/5,13.33,8.0,0.0,0.0,0.0,2006-02-16,2021-11-06,1999-09-11,2019-08-14,2.0,5.0,2.0,5.0
51880,Christopher Henry Gayle,1979-09-21,46y 287d,West Indies,Allrounder,Left hand Bat,Right arm Offbreak,1999 - 2021,2012,IPL 2012,RCB,15,14.0,2.0,733.0,128.0,61.08,456.0,160.74,1.0,7.0,46.0,59.0,2,0,0.0,14.14,28.0,,,,,0.0,0.0,0.0,2006-02-16,2021-11-06,1999-09-11,2019-08-14,,,,
51880,Christopher Henry Gayle,1979-09-21,46y 287d,West Indies,Allrounder,Left hand Bat,Right arm Offbreak,1999 - 2021,2011,IPL 2011,RCB,12,12.0,3.0,608.0,107.0,67.55,332.0,183.13,2.0,3.0,56.0,44.0,2,0,8.0,6.77,216.0,3/21,3/21,30.5,27.0,0.0,0.0,0.0,2006-02-16,2021-11-06,1999-09-11,2019-08-14,3.0,21.0,3.0,21.0
51880,Christopher Henry Gayle,1979-09-21,46y 287d,West Indies,Allrounder,Left hand Bat,Right arm Offbreak,1999 - 2021,2009/10,IPL 2009/10,KKR,9,9.0,0.0,292.0,88.0,32.44,184.0,158.69,0.0,2.0,30.0,16.0,2,0,4.0,9.5,96.0,1/9,1/9,38.0,24.0,0.0,0.0,0.0,2006-02-16,2021-11-06,1999-09-11,2019-08-14,1.0,9.0,1.0,9.0
51880,Christopher Henry Gayle,1979-09-21,46y 287d,West Indies,Allrounder,Left hand Bat,Right arm Offbreak,1999 - 2021,2009,IPL 2009,KKR,7,7.0,1.0,171.0,44.0,28.5,143.0,119.58,0.0,0.0,15.0,10.0,5,0,1.0,7.64,113.0,1/21,1/21,144.0,113.0,0.0,0.0,0.0,2006-02-16,2021-11-06,1999-09-11,2019-08-14,1.0,21.0,1.0,21.0
787073,Christopher James Green,1993-10-01,32y 277d,Australia,Bowling Allrounder,Right hand Bat,Right arm Offbreak,2023 - 2023,2020/21,IPL 2020/21,KKR,1,,,,,,,,,,,,0,0,0.0,8.47,17.0,,,,,0.0,0.0,0.0,2023-12-01,2022-11-22,,,,,,
55395,Colin de Grandhomme,1986-07-22,39y 348d,New Zealand,Allrounder,Right hand Bat,Right arm Medium fast,2012 - 2022,2019,IPL 2019,RCB,4,4.0,1.0,46.0,37.0,15.33,49.0,93.87,0.0,0.0,4.0,2.0,1,0,0.0,11.0,30.0,,,,,0.0,0.0,0.0,2012-02-11,2021-09-10,2012-03-03,2022-04-04,,,,
55395,Colin de Grandhomme,1986-07-22,39y 348d,New Zealand,Allrounder,Right hand Bat,Right arm Medium fast,2012 - 2022,2018,IPL 2018,RCB,9,8.0,3.0,131.0,40.0,26.2,84.0,155.95,0.0,0.0,4.0,10.0,3,0,2.0,8.6,90.0,1/8,1/8,64.5,45.0,0.0,0.0,0.0,2012-02-11,2021-09-10,2012-03-03,2022-04-04,1.0,8.0,1.0,8.0
55395,Colin de Grandhomme,1986-07-22,39y 348d,New Zealand,Allrounder,Right hand Bat,Right arm Medium fast,2012 - 2022,2017,IPL 2017,KKR,12,9.0,1.0,126.0,36.0,15.75,92.0,136.95,0.0,0.0,10.0,6.0,2,0,4.0,8.43,96.0,3/4,3/4,33.75,24.0,0.0,0.0,0.0,2012-02-11,2021-09-10,2012-03-03,2022-04-04,3.0,4.0,3.0,4.0
277472,Darren Michael Bravo,1989-02-06,37y 149d,West Indies,Top order Batter,Left hand Bat,Right arm Medium,2009 - 2022,2017,IPL 2017,KKR,1,1.0,1.0,6.0,6.0,,5.0,120.0,0.0,0.0,1.0,0.0,0,0,,,,,,,,,,,2010-02-28,2022-01-29,2009-06-26,2022-02-11,,,,
221140,David Wiese,1985-05-18,41y 48d,Namibia,Allrounder,Right hand Bat,Right arm Medium fast,2013 - 2024,2023,IPL 2023,KKR,3,3.0,2.0,21.0,12.0,21.0,11.0,190.9,0.0,0.0,0.0,3.0,2,0,0.0,12.66,18.0,,,,,0.0,0.0,0.0,2013-08-02,2024-06-15,2015-08-19,2022-07-16,,,,
221140,David Wiese,1985-05-18,41y 48d,Namibia,Allrounder,Right hand Bat,Right arm Medium fast,2013 - 2024,2016,IPL 2016,RCB,1,1.0,1.0,5.0,5.0,,4.0,125.0,0.0,0.0,0.0,0.0,1,0,0.0,12.25,24.0,,,,,0.0,0.0,0.0,2013-08-02,2024-06-15,2015-08-19,2022-07-16,,,,
221140,David Wiese,1985-05-18,41y 48d,Namibia,Allrounder,Right hand Bat,Right arm Medium fast,2013 - 2024,2015,IPL 2015,RCB,14,7.0,3.0,122.0,47.0,30.5,86.0,141.86,0.0,0.0,12.0,4.0,5,0,16.0,8.33,254.0,4/33,4/33,22.06,15.8,1.0,0.0,0.0,2013-08-02,2024-06-15,2015-08-19,2022-07-16,4.0,33.0,4.0,33.0
328163,Debabrata Baidya Das,1986-09-22,39y 286d,India,Top order Batter,Right hand Bat,Legbreak Googly,,2013,IPL 2013,KKR,10,6.0,1.0,75.0,23.0,15.0,74.0,101.35,0.0,0.0,5.0,5.0,2,0,,,,,,,,,,,,,,,,,,
328163,Debabrata Baidya Das,1986-09-22,39y 286d,India,Top order Batter,Right hand Bat,Legbreak Googly,,2012,IPL 2012,KKR,15,10.0,7.0,126.0,35.0,42.0,93.0,135.48,0.0,0.0,9.0,6.0,5,0,,,,,,,,,,,,,,,,,,
328163,Debabrata Baidya Das,1986-09-22,39y 286d,India,Top order Batter,Right hand Bat,Legbreak Googly,,2007/08,IPL 2007/08,KKR,6,6.0,0.0,103.0,31.0,17.16,94.0,109.57,0.0,0.0,9.0,5.0,0,0,,,,,,,,,,,,,,,,,,
24598,Eoin Joseph Gerard Morgan,1986-09-10,39y 298d,England,Middle order Batter,Left hand Bat,Right arm Medium,2006 - 2022,2021,IPL 2021,KKR,17,16.0,4.0,133.0,47.0,11.08,139.0,95.68,0.0,0.0,8.0,6.0,9,0,,,,,,,,,,,2009-06-05,2022-01-23,2006-08-05,2022-06-19,,,,
24598,Eoin Joseph Gerard Morgan,1986-09-10,39y 298d,England,Middle order Batter,Left hand Bat,Right arm Medium,2006 - 2022,2020/21,IPL 2020/21,KKR,14,14.0,4.0,418.0,68.0,41.8,302.0,138.41,0.0,1.0,32.0,24.0,3,0,,,,,,,,,,,2009-06-05,2022-01-23,2006-08-05,2022-06-19,,,,
24598,Eoin Joseph Gerard Morgan,1986-09-10,39y 298d,England,Middle order Batter,Left hand Bat,Right arm Medium,2006 - 2022,2017,IPL 2017,PBKS,4,4.0,0.0,65.0,26.0,16.25,62.0,104.83,0.0,0.0,6.0,2.0,3,0,,,,,,,,,,,2009-06-05,2022-01-23,2006-08-05,2022-06-19,,,,
24598,Eoin Joseph Gerard Morgan,1986-09-10,39y 298d,England,Middle order Batter,Left hand Bat,Right arm Medium,2006 - 2022,2016,IPL 2016,SRH,7,6.0,1.0,123.0,51.0,24.6,105.0,117.14,0.0,1.0,8.0,4.0,3,0,,,,,,,,,,,2009-06-05,2022-01-23,2006-08-05,2022-06-19,,,,
24598,Eoin Joseph Gerard Morgan,1986-09-10,39y 298d,England,Middle order Batter,Left hand Bat,Right arm Medium,2006 - 2022,2015,IPL 2015,SRH,9,9.0,1.0,187.0,63.0,23.37,151.0,123.84,0.0,1.0,11.0,11.0,5,0,,,,,,,,,,,2009-06-05,2022-01-23,2006-08-05,2022-06-19,,,,
24598,Eoin Joseph Gerard Morgan,1986-09-10,39y 298d,England,Middle order Batter,Left hand Bat,Right arm Medium,2006 - 2022,2013,IPL 2013,KKR,14,13.0,2.0,307.0,51.0,27.9,240.0,127.91,0.0,1.0,28.0,13.0,6,0,,,,,,,,,,,2009-06-05,2022-01-23,2006-08-05,2022-06-19,,,,
24598,Eoin Joseph Gerard Morgan,1986-09-10,39y 298d,England,Middle order Batter,Left hand Bat,Right arm Medium,2006 - 2022,2011,IPL 2011,KKR,12,9.0,0.0,137.0,66.0,15.22,117.0,117.09,0.0,1.0,17.0,3.0,3,0,,,,,,,,,,,2009-06-05,2022-01-23,2006-08-05,2022-06-19,,,,
24598,Eoin Joseph Gerard Morgan,1986-09-10,39y 298d,England,Middle order Batter,Left hand Bat,Right arm Medium,2006 - 2022,2009/10,IPL 2009/10,RCB,6,4.0,1.0,35.0,17.0,11.66,30.0,116.66,0.0,0.0,2.0,1.0,4,0,,,,,,,,,,,2009-06-05,2022-01-23,2006-08-05,2022-06-19,,,,
959759,Finnley Hugh Allen,1999-04-22,27y 74d,New Zealand,Top order Batter,Right hand Bat,,2021 - 2026,2026,IPL 2026,KKR,11,11.0,1.0,349.0,100.0,34.9,163.0,214.11,1.0,1.0,33.0,28.0,1,0,,,,,,,,,,,2021-03-28,2026-03-08,2022-07-10,2023-09-26,,,,
340854,Harpreet Singh Bhatia,1991-08-11,34y 328d,United Arab Emirates,Batter,Left hand Bat,Right arm Medium,2026 - 2026,2024,IPL 2024,PBKS,2,2.0,0.0,27.0,14.0,13.5,34.0,79.41,0.0,0.0,2.0,0.0,0,0,,,,,,,,,,,2026-04-20,2026-04-21,2026-04-25,2026-05-03,,,,
340854,Harpreet Singh Bhatia,1991-08-11,34y 328d,United Arab Emirates,Batter,Left hand Bat,Right arm Medium,2026 - 2026,2023,IPL 2023,PBKS,3,3.0,0.0,76.0,41.0,25.33,59.0,128.81,0.0,0.0,8.0,3.0,1,0,,,,,,,,,,,2026-04-20,2026-04-21,2026-04-25,2026-05-03,,,,
340854,Harpreet Singh Bhatia,1991-08-11,34y 328d,United Arab Emirates,Batter,Left hand Bat,Right arm Medium,2026 - 2026,2012,IPL 2012,PWI,1,1.0,0.0,6.0,6.0,6.0,6.0,100.0,0.0,0.0,0.0,0.0,0,0,,,,,,,,,,,2026-04-20,2026-04-21,2026-04-25,2026-05-03,,,,
340854,Harpreet Singh Bhatia,1991-08-11,34y 328d,United Arab Emirates,Batter,Left hand Bat,Right arm Medium,2026 - 2026,2011,IPL 2011,PWI,2,2.0,1.0,14.0,13.0,14.0,20.0,70.0,0.0,0.0,0.0,0.0,2,0,,,,,,,,,,,2026-04-20,2026-04-21,2026-04-25,2026-05-03,,,,
340854,Harpreet Singh Bhatia,1991-08-11,34y 328d,United Arab Emirates,Batter,Left hand Bat,Right arm Medium,2026 - 2026,2009/10,IPL 2009/10,KKR,1,,,,,,,,,,,,0,0,,,,,,,,,,,2026-04-20,2026-04-21,2026-04-25,2026-05-03,,,,
244639,Harry Frederick Gurney,1986-10-25,39y 253d,England,Bowler,Right hand Bat,Left arm Fast medium,2014 - 2014,2019,IPL 2019,KKR,8,1.0,1.0,1.0,1.0,,5.0,20.0,0.0,0.0,0.0,0.0,0,0,7.0,8.81,162.0,2/25,2/25,34.0,23.1,0.0,0.0,0.0,2014-05-20,2014-09-07,2014-05-09,2014-12-16,2.0,25.0,2.0,25.0
1312645,Harshit Pradeep Rana,2001-12-22,24y 195d,India,Bowler,Right hand Bat,Right arm Fast,2024 - 2026,2025,IPL 2025,KKR,13,7.0,3.0,57.0,34.0,14.25,53.0,107.54,0.0,0.0,5.0,3.0,6,0,15.0,10.18,264.0,3/25,3/25,29.86,17.6,0.0,0.0,0.0,2025-01-31,2026-07-04,2025-02-06,2026-01-18,3.0,25.0,3.0,25.0
1312645,Harshit Pradeep Rana,2001-12-22,24y 195d,India,Bowler,Right hand Bat,Right arm Fast,2024 - 2026,2024,IPL 2024,KKR,13,,,,,,,,,,,,4,0,19.0,9.08,253.0,3/24,3/24,20.15,13.3,0.0,0.0,0.0,2025-01-31,2026-07-04,2025-02-06,2026-01-18,3.0,24.0,3.0,24.0
1312645,Harshit Pradeep Rana,2001-12-22,24y 195d,India,Bowler,Right hand Bat,Right arm Fast,2024 - 2026,2023,IPL 2023,KKR,6,1.0,0.0,0.0,0.0,0.0,1.0,0.0,0.0,0.0,0.0,0.0,2,0,5.0,8.64,102.0,2/33,2/33,29.4,20.4,0.0,0.0,0.0,2025-01-31,2026-07-04,2025-02-06,2026-01-18,2.0,33.0,2.0,33.0
1312645,Harshit Pradeep Rana,2001-12-22,24y 195d,India,Bowler,Right hand Bat,Right arm Fast,2024 - 2026,2022,IPL 2022,KKR,2,2.0,1.0,2.0,2.0,2.0,2.0,100.0,0.0,0.0,0.0,0.0,0,0,1.0,10.2,30.0,1/24,1/24,51.0,30.0,0.0,0.0,0.0,2025-01-31,2026-07-04,2025-02-06,2026-01-18,1.0,24.0,1.0,24.0
277237,Sayed Iqbal Abdulla,1989-12-02,36y 215d,India,Allrounder,Left hand Bat,Slow Left arm Orthodox,,2017,IPL 2017,RCB,2,1.0,1.0,5.0,5.0,,7.0,71.42,0.0,0.0,0.0,0.0,0,0,2.0,11.0,30.0,2/36,2/36,27.5,15.0,0.0,0.0,0.0,,,,,2.0,36.0,2.0,36.0
277237,Sayed Iqbal Abdulla,1989-12-02,36y 215d,India,Allrounder,Left hand Bat,Slow Left arm Orthodox,,2016,IPL 2016,RCB,8,2.0,2.0,37.0,33.0,,27.0,137.03,0.0,0.0,4.0,1.0,4,0,6.0,8.52,150.0,3/40,3/40,35.5,25.0,0.0,0.0,0.0,,,,,3.0,40.0,3.0,40.0
277237,Sayed Iqbal Abdulla,1989-12-02,36y 215d,India,Allrounder,Left hand Bat,Slow Left arm Orthodox,,2015,IPL 2015,RCB,5,2.0,0.0,20.0,20.0,10.0,18.0,111.11,0.0,0.0,4.0,0.0,1,0,4.0,7.89,114.0,2/36,2/36,37.5,28.5,0.0,0.0,0.0,,,,,2.0,36.0,2.0,36.0
277237,Sayed Iqbal Abdulla,1989-12-02,36y 215d,India,Allrounder,Left hand Bat,Slow Left arm Orthodox,,2014,IPL 2014,RR,1,,,,,,,,,,,,1,0,0.0,8.5,12.0,,,,,0.0,0.0,0.0,,,,,,,,
277237,Sayed Iqbal Abdulla,1989-12-02,36y 215d,India,Allrounder,Left hand Bat,Slow Left arm Orthodox,,2013,IPL 2013,KKR,5,2.0,2.0,8.0,6.0,,14.0,57.14,0.0,0.0,0.0,0.0,0,0,7.0,7.53,113.0,3/29,3/29,20.28,16.1,0.0,0.0,0.0,,,,,3.0,29.0,3.0,29.0
277237,Sayed Iqbal Abdulla,1989-12-02,36y 215d,India,Allrounder,Left hand Bat,Slow Left arm Orthodox,,2012,IPL 2012,KKR,9,2.0,2.0,2.0,1.0,,3.0,66.66,0.0,0.0,0.0,0.0,5,0,4.0,6.54,132.0,1/20,1/20,36.0,33.0,0.0,0.0,0.0,,,,,1.0,20.0,1.0,20.0
277237,Sayed Iqbal Abdulla,1989-12-02,36y 215d,India,Allrounder,Left hand Bat,Slow Left arm Orthodox,,2011,IPL 2011,KKR,15,2.0,2.0,15.0,12.0,,12.0,125.0,0.0,0.0,1.0,0.0,3,0,16.0,6.1,300.0,3/24,3/24,19.06,18.7,0.0,0.0,0.0,,,,,3.0,24.0,3.0,24.0
277237,Sayed Iqbal Abdulla,1989-12-02,36y 215d,India,Allrounder,Left hand Bat,Slow Left arm Orthodox,,2009/10,IPL 2009/10,KKR,3,1.0,1.0,0.0,0.0,,1.0,0.0,0.0,0.0,0.0,0.0,0,0,1.0,7.17,51.0,1/28,1/28,61.0,51.0,0.0,0.0,0.0,,,,,1.0,28.0,1.0,28.0
277237,Sayed Iqbal Abdulla,1989-12-02,36y 215d,India,Allrounder,Left hand Bat,Slow Left arm Orthodox,,2007/08,IPL 2007/08,KKR,1,1.0,1.0,1.0,1.0,,2.0,50.0,0.0,0.0,0.0,0.0,0,0,0.0,7.33,18.0,,,,,0.0,0.0,0.0,,,,,,,,
45789,Jacques Henry Kallis,1975-10-16,50y 262d,South Africa,Allrounder,Right hand Bat,Right arm Fast medium,1995 - 2014,2014,IPL 2014,KKR,8,7.0,1.0,151.0,72.0,25.16,129.0,117.05,0.0,1.0,13.0,4.0,2,0,4.0,8.45,132.0,1/15,1/15,46.5,33.0,0.0,0.0,0.0,2005-10-21,2012-10-02,1996-01-09,2014-07-12,1.0,15.0,1.0,15.0
45789,Jacques Henry Kallis,1975-10-16,50y 262d,South Africa,Allrounder,Right hand Bat,Right arm Fast medium,1995 - 2014,2013,IPL 2013,KKR,16,16.0,1.0,311.0,41.0,20.73,322.0,96.58,0.0,0.0,35.0,3.0,3,0,16.0,7.43,318.0,3/13,3/13,24.62,19.8,0.0,0.0,0.0,2005-10-21,2012-10-02,1996-01-09,2014-07-12,3.0,13.0,3.0,13.0
45789,Jacques Henry Kallis,1975-10-16,50y 262d,South Africa,Allrounder,Right hand Bat,Right arm Fast medium,1995 - 2014,2012,IPL 2012,KKR,17,17.0,1.0,409.0,79.0,25.56,384.0,106.51,0.0,2.0,34.0,10.0,2,0,15.0,7.46,324.0,2/7,2/7,26.86,21.6,0.0,0.0,0.0,2005-10-21,2012-10-02,1996-01-09,2014-07-12,2.0,7.0,2.0,7.0
45789,Jacques Henry Kallis,1975-10-16,50y 262d,South Africa,Allrounder,Right hand Bat,Right arm Fast medium,1995 - 2014,2011,IPL 2011,KKR,15,14.0,2.0,424.0,80.0,35.33,378.0,112.16,0.0,4.0,46.0,6.0,9,0,7.0,7.08,144.0,2/16,2/16,24.28,20.5,0.0,0.0,0.0,2005-10-21,2012-10-02,1996-01-09,2014-07-12,2.0,16.0,2.0,16.0
45789,Jacques Henry Kallis,1975-10-16,50y 262d,South Africa,Allrounder,Right hand Bat,Right arm Fast medium,1995 - 2014,2009/10,IPL 2009/10,RCB,16,16.0,4.0,572.0,89.0,47.66,494.0,115.78,0.0,6.0,67.0,9.0,7,0,13.0,8.35,342.0,2/3,2/3,36.61,26.3,0.0,0.0,0.0,2005-10-21,2012-10-02,1996-01-09,2014-07-12,2.0,3.0,2.0,3.0
45789,Jacques Henry Kallis,1975-10-16,50y 262d,South Africa,Allrounder,Right hand Bat,Right arm Fast medium,1995 - 2014,2009,IPL 2009,RCB,15,15.0,2.0,361.0,69.0,27.76,332.0,108.73,0.0,3.0,37.0,8.0,5,0,6.0,7.67,276.0,2/18,2/18,58.83,46.0,0.0,0.0,0.0,2005-10-21,2012-10-02,1996-01-09,2014-07-12,2.0,18.0,2.0,18.0
45789,Jacques Henry Kallis,1975-10-16,50y 262d,South Africa,Allrounder,Right hand Bat,Right arm Fast medium,1995 - 2014,2007/08,IPL 2007/08,RCB,11,11.0,0.0,199.0,54.0,18.09,183.0,108.74,0.0,1.0,23.0,4.0,3,0,4.0,9.05,206.0,2/39,2/39,77.75,51.5,0.0,0.0,0.0,2005-10-21,2012-10-02,1996-01-09,2014-07-12,2.0,39.0,2.0,39.0
230554,Javon Philip Ramon Scantlebury-Searles,1986-12-21,39y 196d,West Indies,Bowling Allrounder,Right hand Bat,Right arm Fast medium,,2018,IPL 2018,KKR,4,2.0,1.0,8.0,6.0,8.0,6.0,133.33,0.0,0.0,0.0,1.0,4,0,2.0,12.71,42.0,1/24,1/24,44.5,21.0,0.0,0.0,0.0,,,,,1.0,24.0,1.0,24.0
12454,Joseph Liam Denly,1986-03-16,40y 111d,England,Top order Batter,Right hand Bat,Legbreak,2009 - 2020,2019,IPL 2019,KKR,1,1.0,0.0,0.0,0.0,0.0,1.0,0.0,0.0,0.0,0.0,0.0,0,0,,,,,,,,,,,2009-08-30,2020-09-08,2009-08-27,2020-02-09,,,,
777537,Konganda Charamanna Cariappa,1994-04-13,32y 83d,India,Bowler,Right hand Bat,Legbreak,,2019,IPL 2019,KKR,1,1.0,1.0,9.0,9.0,,3.0,300.0,0.0,0.0,0.0,1.0,0,0,0.0,17.0,12.0,,,,,0.0,0.0,0.0,,,,,,,,
777537,Konganda Charamanna Cariappa,1994-04-13,32y 83d,India,Bowler,Right hand Bat,Legbreak,,2017,IPL 2017,PBKS,4,2.0,0.0,2.0,1.0,1.0,7.0,28.57,0.0,0.0,0.0,0.0,1,0,4.0,8.46,90.0,2/24,2/24,31.75,22.5,0.0,0.0,0.0,,,,,2.0,24.0,2.0,24.0
777537,Konganda Charamanna Cariappa,1994-04-13,32y 83d,India,Bowler,Right hand Bat,Legbreak,,2016,IPL 2016,PBKS,5,2.0,1.0,13.0,12.0,13.0,11.0,118.18,0.0,0.0,0.0,1.0,2,0,3.0,9.35,102.0,2/16,2/16,53.0,34.0,0.0,0.0,0.0,,,,,2.0,16.0,2.0,16.0
777537,Konganda Charamanna Cariappa,1994-04-13,32y 83d,India,Bowler,Right hand Bat,Legbreak,,2015,IPL 2015,KKR,1,,,,,,,,,,,,0,0,1.0,14.0,12.0,1/28,1/28,28.0,12.0,0.0,0.0,0.0,,,,,1.0,28.0,1.0,28.0
536936,Litton Kumer Das,1994-10-13,31y 265d,Bangladesh,Wicketkeeper Batter,Right hand Bat,Right arm Offbreak,2015 - 2026,2023,IPL 2023,KKR,1,1.0,0.0,4.0,4.0,4.0,4.0,100.0,0.0,0.0,1.0,0.0,0,0,,,,,,,,,,,2015-07-05,2026-05-02,2015-06-18,2026-06-14,,,,
27280,Manvinder Sultansingh Bisla,1984-12-27,41y 190d,India,Wicketkeeper,Right hand Bat,,,2015,IPL 2015,RCB,2,2.0,0.0,37.0,20.0,18.5,30.0,123.33,0.0,0.0,6.0,1.0,1,0,,,,,,,,,,,,,,,,,,
27280,Manvinder Sultansingh Bisla,1984-12-27,41y 190d,India,Wicketkeeper,Right hand Bat,,,2014,IPL 2014,KKR,1,1.0,0.0,3.0,3.0,3.0,9.0,33.33,0.0,0.0,0.0,0.0,1,0,,,,,,,,,,,,,,,,,,
27280,Manvinder Sultansingh Bisla,1984-12-27,41y 190d,India,Wicketkeeper,Right hand Bat,,,2013,IPL 2013,KKR,14,14.0,1.0,255.0,92.0,19.61,236.0,108.05,0.0,2.0,36.0,6.0,7,3,,,,,,,,,,,,,,,,,,
27280,Manvinder Sultansingh Bisla,1984-12-27,41y 190d,India,Wicketkeeper,Right hand Bat,,,2012,IPL 2012,KKR,7,7.0,0.0,213.0,89.0,30.42,160.0,133.12,0.0,1.0,16.0,10.0,6,2,,,,,,,,,,,,,,,,,,
27280,Manvinder Sultansingh Bisla,1984-12-27,41y 190d,India,Wicketkeeper,Right hand Bat,,,2011,IPL 2011,KKR,5,5.0,0.0,72.0,27.0,14.4,89.0,80.89,0.0,0.0,8.0,0.0,1,2,,,,,,,,,,,,,,,,,,
27280,Manvinder Sultansingh Bisla,1984-12-27,41y 190d,India,Wicketkeeper,Right hand Bat,,,2009/10,IPL 2009/10,PBKS,10,10.0,0.0,218.0,75.0,21.8,178.0,122.47,0.0,1.0,27.0,6.0,4,0,,,,,,,,,,,,,,,,,,
393279,Marchant de Lange,1990-10-13,35y 265d,South Africa,Bowler,Right hand Bat,Right arm Fast,2011 - 2016,2015,IPL 2015,MI,1,,,,,,,,,,,,0,0,0.0,7.5,24.0,,,,,0.0,0.0,0.0,2012-02-19,2015-10-02,2012-03-03,2016-02-03,,,,
393279,Marchant de Lange,1990-10-13,35y 265d,South Africa,Bowler,Right hand Bat,Right arm Fast,2011 - 2016,2014,IPL 2014,MI,1,1.0,0.0,1.0,1.0,1.0,2.0,50.0,0.0,0.0,0.0,0.0,0,0,2.0,8.0,24.0,2/32,2/32,16.0,12.0,0.0,0.0,0.0,2012-02-19,2015-10-02,2012-03-03,2016-02-03,2.0,32.0,2.0,32.0
393279,Marchant de Lange,1990-10-13,35y 265d,South Africa,Bowler,Right hand Bat,Right arm Fast,2011 - 2016,2012,IPL 2012,KKR,3,,,,,,,,,,,,0,0,3.0,10.7,60.0,3/34,3/34,35.66,20.0,0.0,0.0,0.0,2012-02-19,2015-10-02,2012-03-03,2016-02-03,3.0,34.0,3.0,34.0
44111,Mark Verdon Boucher,1976-12-03,49y 214d,South Africa,Wicketkeeper Batter,Right hand Bat,Right arm Medium,1997 - 2012,2011,IPL 2011,KKR,4,3.0,2.0,6.0,5.0,6.0,6.0,100.0,0.0,0.0,0.0,0.0,1,0,,,,,,,,,,,2005-10-21,2010-05-10,1998-01-16,2011-10-28,,,,
44111,Mark Verdon Boucher,1976-12-03,49y 214d,South Africa,Wicketkeeper Batter,Right hand Bat,Right arm Medium,1997 - 2012,2009/10,IPL 2009/10,RCB,5,2.0,1.0,13.0,11.0,13.0,10.0,130.0,0.0,0.0,0.0,1.0,3,2,,,,,,,,,,,2005-10-21,2010-05-10,1998-01-16,2011-10-28,,,,
44111,Mark Verdon Boucher,1976-12-03,49y 214d,South Africa,Wicketkeeper Batter,Right hand Bat,Right arm Medium,1997 - 2012,2009,IPL 2009,RCB,12,9.0,4.0,150.0,48.0,30.0,116.0,129.31,0.0,0.0,8.0,6.0,7,0,,,,,,,,,,,2005-10-21,2010-05-10,1998-01-16,2011-10-28,,,,
44111,Mark Verdon Boucher,1976-12-03,49y 214d,South Africa,Wicketkeeper Batter,Right hand Bat,Right arm Medium,1997 - 2012,2007/08,IPL 2007/08,RCB,10,10.0,3.0,225.0,50.0,32.14,177.0,127.11,0.0,1.0,24.0,6.0,3,1,,,,,,,,,,,2005-10-21,2010-05-10,1998-01-16,2011-10-28,,,,
56007,Mashrafe Bin Mortaza,1983-10-05,42y 273d,Bangladesh,Bowler,Right hand Bat,Right arm Fast medium,2001 - 2020,2009,IPL 2009,KKR,1,1.0,1.0,2.0,2.0,,2.0,100.0,0.0,0.0,0.0,0.0,0,0,0.0,14.5,24.0,,,,,0.0,0.0,0.0,2006-11-28,2017-04-06,2001-11-23,2020-03-06,,,,
6033,Mitchell Guy Johnson,1981-11-02,44y 245d,Australia,Bowler,Left hand Bat,Left arm Fast,2005 - 2015,2018,IPL 2018,KKR,6,2.0,2.0,16.0,12.0,,11.0,145.45,0.0,0.0,2.0,0.0,2,0,2.0,10.28,126.0,1/30,1/30,108.0,63.0,0.0,0.0,0.0,2007-09-12,2013-08-31,2005-12-10,2015-03-29,1.0,30.0,1.0,30.0
6033,Mitchell Guy Johnson,1981-11-02,44y 245d,Australia,Bowler,Left hand Bat,Left arm Fast,2005 - 2015,2017,IPL 2017,MI,5,3.0,3.0,20.0,13.0,,17.0,117.64,0.0,0.0,1.0,1.0,1,0,7.0,7.05,120.0,3/26,3/26,20.14,17.1,0.0,0.0,0.0,2007-09-12,2013-08-31,2005-12-10,2015-03-29,3.0,26.0,3.0,26.0
6033,Mitchell Guy Johnson,1981-11-02,44y 245d,Australia,Bowler,Left hand Bat,Left arm Fast,2005 - 2015,2016,IPL 2016,PBKS,3,3.0,1.0,5.0,4.0,2.5,14.0,35.71,0.0,0.0,0.0,0.0,1,0,2.0,9.63,66.0,1/35,1/35,53.0,33.0,0.0,0.0,0.0,2007-09-12,2013-08-31,2005-12-10,2015-03-29,1.0,35.0,1.0,35.0
6033,Mitchell Guy Johnson,1981-11-02,44y 245d,Australia,Bowler,Left hand Bat,Left arm Fast,2005 - 2015,2015,IPL 2015,PBKS,9,8.0,4.0,31.0,13.0,7.75,36.0,86.11,0.0,0.0,1.0,1.0,0,0,9.0,9.37,215.0,2/23,2/23,37.33,23.8,0.0,0.0,0.0,2007-09-12,2013-08-31,2005-12-10,2015-03-29,2.0,23.0,2.0,23.0
6033,Mitchell Guy Johnson,1981-11-02,44y 245d,Australia,Bowler,Left hand Bat,Left arm Fast,2005 - 2015,2014,IPL 2014,PBKS,14,8.0,5.0,56.0,16.0,18.66,50.0,112.0,0.0,0.0,4.0,3.0,4,0,17.0,8.29,321.0,2/19,2/19,26.11,18.8,0.0,0.0,0.0,2007-09-12,2013-08-31,2005-12-10,2015-03-29,2.0,19.0,2.0,19.0
6033,Mitchell Guy Johnson,1981-11-02,44y 245d,Australia,Bowler,Left hand Bat,Left arm Fast,2005 - 2015,2013,IPL 2013,MI,17,6.0,2.0,39.0,11.0,9.75,36.0,108.33,0.0,0.0,2.0,2.0,7,0,24.0,7.17,384.0,3/27,3/27,19.12,16.0,0.0,0.0,0.0,2007-09-12,2013-08-31,2005-12-10,2015-03-29,3.0,27.0,3.0,27.0
41434,Mohammad Hafeez,1980-10-17,45y 261d,Pakistan,Allrounder,Right hand Bat,Right arm Offbreak,2003 - 2021,2007/08,IPL 2007/08,KKR,8,8.0,1.0,64.0,16.0,9.14,83.0,77.1,0.0,0.0,7.0,2.0,1,0,2.0,6.8,60.0,1/8,1/8,34.0,30.0,0.0,0.0,0.0,2006-08-28,2021-11-11,2003-04-03,2019-07-05,1.0,8.0,1.0,8.0
240734,Mohnish Bipinbhai Parmar,1988-04-12,38y 84d,India,,Right hand Bat,Right arm Offbreak,,2009/10,IPL 2009/10,KKR,1,,,,,,,,,,,,0,0,0.0,11.0,18.0,,,,,0.0,0.0,0.0,,,,,,,,
47711,Morne Nico van Wyk,1979-03-20,47y 107d,South Africa,Wicketkeeper Batter,Right hand Bat,Slow Left arm Orthodox,2003 - 2015,2009,IPL 2009,KKR,5,5.0,2.0,167.0,74.0,55.66,132.0,126.51,0.0,1.0,19.0,1.0,7,0,,,,,,,,,,,2007-02-02,2015-08-16,2003-07-12,2015-08-26,,,,
30049,Murali Kartik,1976-09-11,49y 297d,India,Bowler,Left hand Bat,Slow Left arm Orthodox,2000 - 2007,2014,IPL 2014,PBKS,2,,,,,,,,,,,,1,0,1.0,11.37,48.0,1/51,1/51,91.0,48.0,0.0,0.0,0.0,2000-02-24,2004-11-20,2002-03-16,2007-11-18,1.0,51.0,1.0,51.0
30049,Murali Kartik,1976-09-11,49y 297d,India,Bowler,Left hand Bat,Slow Left arm Orthodox,2000 - 2007,2013,IPL 2013,RCB,11,2.0,1.0,2.0,2.0,2.0,3.0,66.66,0.0,0.0,0.0,0.0,4,0,9.0,7.28,234.0,2/24,2/24,31.55,26.0,0.0,0.0,0.0,2000-02-24,2004-11-20,2002-03-16,2007-11-18,2.0,24.0,2.0,24.0
30049,Murali Kartik,1976-09-11,49y 297d,India,Bowler,Left hand Bat,Slow Left arm Orthodox,2000 - 2007,2012,IPL 2012,PWI,11,4.0,4.0,26.0,14.0,,21.0,123.8,0.0,0.0,1.0,1.0,4,0,4.0,7.38,216.0,2/14,2/14,66.5,54.0,0.0,0.0,0.0,2000-02-24,2004-11-20,2002-03-16,2007-11-18,2.0,14.0,2.0,14.0
30049,Murali Kartik,1976-09-11,49y 297d,India,Bowler,Left hand Bat,Slow Left arm Orthodox,2000 - 2007,2011,IPL 2011,PWI,6,3.0,2.0,12.0,11.0,12.0,15.0,80.0,0.0,0.0,1.0,0.0,1,0,1.0,7.9,126.0,1/27,1/27,166.0,126.0,0.0,0.0,0.0,2000-02-24,2004-11-20,2002-03-16,2007-11-18,1.0,27.0,1.0,27.0
30049,Murali Kartik,1976-09-11,49y 297d,India,Bowler,Left hand Bat,Slow Left arm Orthodox,2000 - 2007,2009/10,IPL 2009/10,KKR,10,2.0,0.0,22.0,21.0,11.0,22.0,100.0,0.0,0.0,2.0,0.0,5,0,9.0,6.48,234.0,2/20,2/20,28.11,26.0,0.0,0.0,0.0,2000-02-24,2004-11-20,2002-03-16,2007-11-18,2.0,20.0,2.0,20.0
30049,Murali Kartik,1976-09-11,49y 297d,India,Bowler,Left hand Bat,Slow Left arm Orthodox,2000 - 2007,2009,IPL 2009,KKR,10,2.0,2.0,21.0,11.0,,20.0,105.0,0.0,0.0,0.0,0.0,1,0,4.0,5.91,204.0,2/28,2/28,50.25,51.0,0.0,0.0,0.0,2000-02-24,2004-11-20,2002-03-16,2007-11-18,2.0,28.0,2.0,28.0
30049,Murali Kartik,1976-09-11,49y 297d,India,Bowler,Left hand Bat,Slow Left arm Orthodox,2000 - 2007,2007/08,IPL 2007/08,KKR,6,3.0,0.0,30.0,17.0,10.0,27.0,111.11,0.0,0.0,3.0,0.0,4,0,3.0,8.65,88.0,3/17,3/17,42.33,29.3,0.0,0.0,0.0,2000-02-24,2004-11-20,2002-03-16,2007-11-18,3.0,17.0,3.0,17.0
700167,Navdeep Amarjeet Saini,1992-11-23,33y 224d,India,Bowler,Right hand Bat,Right arm Fast,2019 - 2021,2026,IPL 2026,KKR,2,,,,,,,,,,,,0,0,0.0,12.33,18.0,,,,,0.0,0.0,0.0,2019-08-03,2021-07-28,2019-12-22,2021-07-23,,,,
700167,Navdeep Amarjeet Saini,1992-11-23,33y 224d,India,Bowler,Right hand Bat,Right arm Fast,2019 - 2021,2023,IPL 2023,RR,2,,,,,,,,,,,,0,0,3.0,12.33,36.0,3/40,3/40,24.66,12.0,0.0,0.0,0.0,2019-08-03,2021-07-28,2019-12-22,2021-07-23,3.0,40.0,3.0,40.0
700167,Navdeep Amarjeet Saini,1992-11-23,33y 224d,India,Bowler,Right hand Bat,Right arm Fast,2019 - 2021,2022,IPL 2022,RR,2,1.0,0.0,2.0,2.0,2.0,2.0,100.0,0.0,0.0,0.0,0.0,2,0,3.0,12.0,36.0,2/36,2/36,24.0,12.0,0.0,0.0,0.0,2019-08-03,2021-07-28,2019-12-22,2021-07-23,2.0,36.0,2.0,36.0
700167,Navdeep Amarjeet Saini,1992-11-23,33y 224d,India,Bowler,Right hand Bat,Right arm Fast,2019 - 2021,2021,IPL 2021,RCB,2,1.0,0.0,2.0,2.0,2.0,4.0,50.0,0.0,0.0,0.0,0.0,1,0,0.0,13.0,24.0,,,,,0.0,0.0,0.0,2019-08-03,2021-07-28,2019-12-22,2021-07-23,,,,
700167,Navdeep Amarjeet Saini,1992-11-23,33y 224d,India,Bowler,Right hand Bat,Right arm Fast,2019 - 2021,2020/21,IPL 2020/21,RCB,13,3.0,2.0,27.0,12.0,27.0,27.0,100.0,0.0,0.0,3.0,0.0,2,0,6.0,8.29,274.0,2/25,2/25,63.16,45.6,0.0,0.0,0.0,2019-08-03,2021-07-28,2019-12-22,2021-07-23,2.0,25.0,2.0,25.0
700167,Navdeep Amarjeet Saini,1992-11-23,33y 224d,India,Bowler,Right hand Bat,Right arm Fast,2019 - 2021,2019,IPL 2019,RCB,13,2.0,1.0,2.0,2.0,2.0,4.0,50.0,0.0,0.0,0.0,0.0,3,0,11.0,8.27,288.0,2/24,2/24,36.09,26.1,0.0,0.0,0.0,2019-08-03,2021-07-28,2019-12-22,2021-07-23,2.0,24.0,2.0,24.0
554700,Nikhil Shankar Naik,1994-11-09,31y 238d,India,Wicketkeeper Batter,Right hand Bat,,,2020/21,IPL 2020/21,KKR,1,1.0,0.0,1.0,1.0,1.0,3.0,33.33,0.0,0.0,0.0,0.0,1,0,,,,,,,,,,,,,,,,,,
554700,Nikhil Shankar Naik,1994-11-09,31y 238d,India,Wicketkeeper Batter,Right hand Bat,,,2019,IPL 2019,KKR,1,1.0,0.0,7.0,7.0,7.0,16.0,43.75,0.0,0.0,1.0,0.0,0,0,,,,,,,,,,,,,,,,,,
554700,Nikhil Shankar Naik,1994-11-09,31y 238d,India,Wicketkeeper Batter,Right hand Bat,,,2016,IPL 2016,PBKS,2,2.0,0.0,23.0,22.0,11.5,31.0,74.19,0.0,0.0,1.0,0.0,2,0,,,,,,,,,,,,,,,,,,
20123,Owais Alam Shah,1978-10-22,47y 256d,England,Batter,Right hand Bat,Right arm Offbreak,2001 - 2009,2013,IPL 2013,RR,2,2.0,0.0,25.0,24.0,12.5,23.0,108.69,0.0,0.0,2.0,0.0,0,0,,,,,,,,,,,2007-06-28,2009-08-30,2001-06-10,2009-10-02,,,,
20123,Owais Alam Shah,1978-10-22,47y 256d,England,Batter,Right hand Bat,Right arm Offbreak,2001 - 2009,2012,IPL 2012,RR,13,13.0,4.0,340.0,76.0,37.77,256.0,132.81,0.0,3.0,24.0,16.0,5,0,,,,,,,,,,,2007-06-28,2009-08-30,2001-06-10,2009-10-02,,,,
20123,Owais Alam Shah,1978-10-22,47y 256d,England,Batter,Right hand Bat,Right arm Offbreak,2001 - 2009,2011,IPL 2011,Kochi,3,2.0,0.0,26.0,23.0,13.0,15.0,173.33,0.0,0.0,1.0,2.0,2,0,,,,,,,,,,,2007-06-28,2009-08-30,2001-06-10,2009-10-02,,,,
20123,Owais Alam Shah,1978-10-22,47y 256d,England,Batter,Right hand Bat,Right arm Offbreak,2001 - 2009,2009/10,IPL 2009/10,KKR,5,5.0,3.0,115.0,58.0,57.5,95.0,121.05,0.0,1.0,7.0,5.0,0,0,,,,,,,,,,,2007-06-28,2009-08-30,2001-06-10,2009-10-02,,,,
28160,Paras Dogra,1984-11-19,41y 228d,India,Batter,Right hand Bat,Legbreak,,2013,IPL 2013,KKR,1,1.0,0.0,5.0,5.0,5.0,8.0,62.5,0.0,0.0,0.0,0.0,1,0,,,,,,,,,,,,,,,,,,
28160,Paras Dogra,1984-11-19,41y 228d,India,Batter,Right hand Bat,Legbreak,,2012,IPL 2012,PBKS,3,3.0,1.0,15.0,6.0,7.5,24.0,62.5,0.0,0.0,0.0,0.0,1,0,,,,,,,,,,,,,,,,,,
28160,Paras Dogra,1984-11-19,41y 228d,India,Batter,Right hand Bat,Legbreak,,2009/10,IPL 2009/10,RR,9,8.0,0.0,107.0,41.0,13.37,106.0,100.94,0.0,0.0,4.0,5.0,2,0,,,,,,,,,,,,,,,,,,
1121579,Prithvi Raj Yarra,1998-02-20,28y 135d,India,Bowler,Left hand Bat,Left arm Medium,,2019,IPL 2019,KKR,2,1.0,1.0,0.0,0.0,,1.0,0.0,0.0,0.0,0.0,0.0,0,0,1.0,11.4,30.0,1/29,1/29,57.0,30.0,0.0,0.0,0.0,,,,,1.0,29.0,1.0,29.0
974087,Rahmanullah Gurbaz,2001-11-28,24y 219d,Afghanistan,Wicketkeeper Batter,Right hand Bat,Right arm Medium,2019 - 2026,2025,IPL 2025,KKR,5,5.0,1.0,74.0,35.0,18.5,53.0,139.62,0.0,0.0,10.0,3.0,2,0,,,,,,,,,,,2019-09-14,2026-02-19,2021-01-21,2026-06-20,,,,
974087,Rahmanullah Gurbaz,2001-11-28,24y 219d,Afghanistan,Wicketkeeper Batter,Right hand Bat,Right arm Medium,2019 - 2026,2024,IPL 2024,KKR,3,2.0,0.0,62.0,39.0,31.0,46.0,134.78,0.0,0.0,7.0,4.0,5,0,,,,,,,,,,,2019-09-14,2026-02-19,2021-01-21,2026-06-20,,,,
974087,Rahmanullah Gurbaz,2001-11-28,24y 219d,Afghanistan,Wicketkeeper Batter,Right hand Bat,Right arm Medium,2019 - 2026,2023,IPL 2023,KKR,11,11.0,0.0,227.0,81.0,20.63,170.0,133.52,0.0,2.0,17.0,15.0,10,0,,,,,,,,,,,2019-09-14,2026-02-19,2021-01-21,2026-06-20,,,,
33870,Rajagopal Sathish,1981-01-14,45y 172d,India,Allrounder,Right hand Bat,Right arm Medium,,2016,IPL 2016,KKR,4,3.0,0.0,24.0,10.0,8.0,24.0,100.0,0.0,0.0,1.0,1.0,0,0,1.0,9.83,36.0,1/20,1/20,59.0,36.0,0.0,0.0,0.0,,,,,1.0,20.0,1.0,20.0
33870,Rajagopal Sathish,1981-01-14,45y 172d,India,Allrounder,Right hand Bat,Right arm Medium,,2013,IPL 2013,PBKS,9,8.0,3.0,109.0,27.0,21.8,77.0,141.55,0.0,0.0,9.0,5.0,0,0,0.0,12.75,24.0,,,,,0.0,0.0,0.0,,,,,,,,
33870,Rajagopal Sathish,1981-01-14,45y 172d,India,Allrounder,Right hand Bat,Right arm Medium,,2011,IPL 2011,MI,9,3.0,1.0,25.0,18.0,12.5,34.0,73.52,0.0,0.0,1.0,0.0,3,0,0.0,7.93,31.0,,,,,0.0,0.0,0.0,,,,,,,,
33870,Rajagopal Sathish,1981-01-14,45y 172d,India,Allrounder,Right hand Bat,Right arm Medium,,2009/10,IPL 2009/10,MI,12,11.0,4.0,112.0,24.0,16.0,96.0,116.66,0.0,0.0,11.0,0.0,3,0,2.0,10.12,48.0,1/11,1/11,40.5,24.0,0.0,0.0,0.0,,,,,1.0,11.0,1.0,11.0
1079470,Ramandeep Singh,1997-04-13,29y 83d,India,Middle order Batter,Right hand Bat,Right arm Medium,2024 - 2024,2026,IPL 2026,KKR,8,6.0,1.0,82.0,35.0,16.4,68.0,120.58,0.0,0.0,8.0,2.0,4,0,1.0,11.62,16.0,1/5,1/5,31.0,16.0,0.0,0.0,0.0,2024-11-13,2024-11-15,,,1.0,5.0,1.0,5.0
1079470,Ramandeep Singh,1997-04-13,29y 83d,India,Middle order Batter,Right hand Bat,Right arm Medium,2024 - 2024,2025,IPL 2025,KKR,11,7.0,2.0,47.0,22.0,9.4,35.0,134.28,0.0,0.0,1.0,4.0,5,0,,,,,,,,,,,2024-11-13,2024-11-15,,,,,,
1079470,Ramandeep Singh,1997-04-13,29y 83d,India,Middle order Batter,Right hand Bat,Right arm Medium,2024 - 2024,2024,IPL 2024,KKR,15,9.0,5.0,125.0,35.0,31.25,62.0,201.61,0.0,0.0,5.0,12.0,8,0,0.0,13.5,4.0,,,,,0.0,0.0,0.0,2024-11-13,2024-11-15,,,,,,
1079470,Ramandeep Singh,1997-04-13,29y 83d,India,Middle order Batter,Right hand Bat,Right arm Medium,2024 - 2024,2022,IPL 2022,MI,5,4.0,2.0,45.0,14.0,22.5,40.0,112.5,0.0,0.0,3.0,1.0,1,0,6.0,9.0,36.0,3/20,3/20,9.0,6.0,0.0,0.0,0.0,2024-11-13,2024-11-15,,,3.0,20.0,3.0,20.0
7133,Ricky Thomas Ponting,1974-12-19,51y 198d,Australia,Top order Batter,Right hand Bat,Right arm Medium,1995 - 2012,2013,IPL 2013,MI,6,5.0,0.0,52.0,28.0,10.4,75.0,69.33,0.0,0.0,3.0,1.0,2,0,,,,,,,,,,,2005-02-17,2009-06-08,1995-02-15,2012-02-19,,,,
7133,Ricky Thomas Ponting,1974-12-19,51y 198d,Australia,Top order Batter,Right hand Bat,Right arm Medium,1995 - 2012,2007/08,IPL 2007/08,KKR,4,4.0,0.0,39.0,20.0,9.75,53.0,73.58,0.0,0.0,2.0,1.0,2,0,,,,,,,,,,,2005-02-17,2009-06-08,1995-02-15,2012-02-19,,,,
723105,Rinku Khanchand Singh,1997-10-12,28y 266d,India,Middle order Batter,Left hand Bat,Right arm Offbreak,2023 - 2026,2026,IPL 2026,KKR,14,11.0,6.0,295.0,83.0,59.0,198.0,148.98,0.0,2.0,27.0,11.0,10,0,,,,,,,,,,,2023-08-18,2026-02-22,2023-12-19,2023-12-21,,,,
723105,Rinku Khanchand Singh,1997-10-12,28y 266d,India,Middle order Batter,Left hand Bat,Right arm Offbreak,2023 - 2026,2025,IPL 2025,KKR,13,11.0,4.0,206.0,38.0,29.42,134.0,153.73,0.0,0.0,20.0,10.0,9,0,,,,,,,,,,,2023-08-18,2026-02-22,2023-12-19,2023-12-21,,,,
723105,Rinku Khanchand Singh,1997-10-12,28y 266d,India,Middle order Batter,Left hand Bat,Right arm Offbreak,2023 - 2026,2024,IPL 2024,KKR,15,11.0,2.0,168.0,26.0,18.66,113.0,148.67,0.0,0.0,13.0,8.0,7,0,,,,,,,,,,,2023-08-18,2026-02-22,2023-12-19,2023-12-21,,,,
723105,Rinku Khanchand Singh,1997-10-12,28y 266d,India,Middle order Batter,Left hand Bat,Right arm Offbreak,2023 - 2026,2023,IPL 2023,KKR,14,14.0,6.0,474.0,67.0,59.25,317.0,149.52,0.0,4.0,31.0,29.0,8,0,,,,,,,,,,,2023-08-18,2026-02-22,2023-12-19,2023-12-21,,,,
723105,Rinku Khanchand Singh,1997-10-12,28y 266d,India,Middle order Batter,Left hand Bat,Right arm Offbreak,2023 - 2026,2022,IPL 2022,KKR,7,7.0,2.0,174.0,42.0,34.8,117.0,148.71,0.0,0.0,17.0,7.0,8,0,,,,,,,,,,,2023-08-18,2026-02-22,2023-12-19,2023-12-21,,,,
723105,Rinku Khanchand Singh,1997-10-12,28y 266d,India,Middle order Batter,Left hand Bat,Right arm Offbreak,2023 - 2026,2020/21,IPL 2020/21,KKR,1,1.0,0.0,11.0,11.0,11.0,11.0,100.0,0.0,0.0,1.0,0.0,1,0,,,,,,,,,,,2023-08-18,2026-02-22,2023-12-19,2023-12-21,,,,
723105,Rinku Khanchand Singh,1997-10-12,28y 266d,India,Middle order Batter,Left hand Bat,Right arm Offbreak,2023 - 2026,2019,IPL 2019,KKR,5,3.0,1.0,37.0,30.0,18.5,34.0,108.82,0.0,0.0,1.0,2.0,1,0,,,,,,,,,,,2023-08-18,2026-02-22,2023-12-19,2023-12-21,,,,
723105,Rinku Khanchand Singh,1997-10-12,28y 266d,India,Middle order Batter,Left hand Bat,Right arm Offbreak,2023 - 2026,2018,IPL 2018,KKR,4,4.0,0.0,29.0,16.0,7.25,31.0,93.54,0.0,0.0,4.0,0.0,4,0,,,,,,,,,,,2023-08-18,2026-02-22,2023-12-19,2023-12-21,,,,
28792,Rohan Sunil Gavaskar,1976-02-20,50y 135d,India,,Left hand Bat,Slow Left arm Orthodox,2004 - 2004,2009/10,IPL 2009/10,KKR,2,1.0,0.0,2.0,2.0,2.0,8.0,25.0,0.0,0.0,0.0,0.0,0,0,0.0,8.0,6.0,,,,,0.0,0.0,0.0,,,2004-01-18,2004-09-19,,,,
46393,Ryan McLaren,1983-02-09,43y 146d,South Africa,Allrounder,Left hand Bat,Right arm Medium fast,2009 - 2014,2013,IPL 2013,KKR,2,2.0,0.0,3.0,2.0,1.5,6.0,50.0,0.0,0.0,0.0,0.0,1,0,3.0,13.42,42.0,2/60,2/60,31.33,14.0,0.0,0.0,0.0,2009-11-13,2014-11-07,2009-11-08,2014-11-23,2.0,60.0,2.0,60.0
46393,Ryan McLaren,1983-02-09,43y 146d,South Africa,Allrounder,Left hand Bat,Right arm Medium fast,2009 - 2014,2011,IPL 2011,PBKS,6,4.0,1.0,90.0,51.0,30.0,96.0,93.75,0.0,1.0,7.0,1.0,2,0,5.0,9.88,108.0,2/33,2/33,35.6,21.6,0.0,0.0,0.0,2009-11-13,2014-11-07,2009-11-08,2014-11-23,2.0,33.0,2.0,33.0
46393,Ryan McLaren,1983-02-09,43y 146d,South Africa,Allrounder,Left hand Bat,Right arm Medium fast,2009 - 2014,2009/10,IPL 2009/10,MI,10,7.0,4.0,66.0,40.0,22.0,69.0,95.65,0.0,0.0,7.0,0.0,2,0,4.0,7.94,204.0,2/28,2/28,67.5,51.0,0.0,0.0,0.0,2009-11-13,2014-11-07,2009-11-08,2014-11-23,2.0,28.0,2.0,28.0
47660,Ryan Neil ten Doeschate,1980-06-30,46y 5d,Netherlands,Allrounder,Right hand Bat,Right arm Medium fast,2006 - 2021,2015,IPL 2015,KKR,6,5.0,2.0,61.0,38.0,20.33,45.0,135.55,0.0,0.0,4.0,3.0,1,0,0.0,4.0,6.0,,,,,0.0,0.0,0.0,2008-08-02,2021-10-20,2006-07-04,2011-03-18,,,,
47660,Ryan Neil ten Doeschate,1980-06-30,46y 5d,Netherlands,Allrounder,Right hand Bat,Right arm Medium fast,2006 - 2021,2014,IPL 2014,KKR,10,7.0,3.0,52.0,25.0,13.0,33.0,157.57,0.0,0.0,3.0,4.0,3,0,1.0,7.0,30.0,1/7,1/7,35.0,30.0,0.0,0.0,0.0,2008-08-02,2021-10-20,2006-07-04,2011-03-18,1.0,7.0,1.0,7.0
47660,Ryan Neil ten Doeschate,1980-06-30,46y 5d,Netherlands,Allrounder,Right hand Bat,Right arm Medium fast,2006 - 2021,2013,IPL 2013,KKR,4,4.0,1.0,85.0,42.0,28.33,63.0,134.92,0.0,0.0,9.0,2.0,1,0,0.0,8.0,18.0,,,,,0.0,0.0,0.0,2008-08-02,2021-10-20,2006-07-04,2011-03-18,,,,
47660,Ryan Neil ten Doeschate,1980-06-30,46y 5d,Netherlands,Allrounder,Right hand Bat,Right arm Medium fast,2006 - 2021,2012,IPL 2012,KKR,3,3.0,1.0,21.0,11.0,10.5,21.0,100.0,0.0,0.0,1.0,1.0,1,0,1.0,8.0,18.0,1/24,1/24,24.0,18.0,0.0,0.0,0.0,2008-08-02,2021-10-20,2006-07-04,2011-03-18,1.0,24.0,1.0,24.0
47660,Ryan Neil ten Doeschate,1980-06-30,46y 5d,Netherlands,Allrounder,Right hand Bat,Right arm Medium fast,2006 - 2021,2011,IPL 2011,KKR,6,3.0,1.0,107.0,70.0,53.5,73.0,146.57,0.0,1.0,9.0,5.0,2,0,0.0,7.0,6.0,,,,,0.0,0.0,0.0,2008-08-02,2021-10-20,2006-07-04,2011-03-18,,,,
273439,Senanayake Mudiyanselage Sachithra Madhushanka Senanayake,1985-02-09,41y 146d,Sri Lanka,Bowler,Right hand Bat,Right arm Offbreak,2012 - 2016,2013,IPL 2013,KKR,8,4.0,3.0,10.0,7.0,10.0,17.0,58.82,0.0,0.0,0.0,0.0,2,0,9.0,6.53,192.0,2/26,2/26,23.22,21.3,0.0,0.0,0.0,2012-06-01,2016-09-09,2012-01-20,2015-12-28,2.0,26.0,2.0,26.0
42683,Salman Butt,1984-10-07,41y 271d,Pakistan,Batter,Left hand Bat,Right arm Offbreak,2003 - 2010,2007/08,IPL 2007/08,KKR,7,7.0,0.0,193.0,73.0,27.57,161.0,119.87,0.0,1.0,30.0,2.0,2,0,,,,,,,,,,,2007-09-02,2010-07-06,2004-09-22,2010-06-19,,,,
1206492,Saurabh Rajendraprasad Dubey,1998-01-23,28y 163d,India,Bowler,Right hand Bat,Left arm Medium fast,,2026,IPL 2026,KKR,4,1.0,1.0,4.0,4.0,,2.0,200.0,0.0,0.0,1.0,0.0,0,0,5.0,8.25,77.0,2/28,2/28,21.2,15.4,0.0,0.0,0.0,,,,,2.0,28.0,2.0,28.0
56143,Shakib Al Hasan,1987-03-24,39y 103d,Bangladesh,Allrounder,Left hand Bat,Slow Left arm Orthodox,2006 - 2024,2021,IPL 2021,KKR,8,6.0,1.0,47.0,26.0,9.4,48.0,97.91,0.0,0.0,3.0,1.0,3,0,4.0,7.19,156.0,1/1,1/1,46.75,39.0,0.0,0.0,0.0,2006-11-28,2024-06-24,2006-08-06,2023-11-06,1.0,1.0,1.0,1.0
56143,Shakib Al Hasan,1987-03-24,39y 103d,Bangladesh,Allrounder,Left hand Bat,Slow Left arm Orthodox,2006 - 2024,2019,IPL 2019,SRH,3,1.0,0.0,9.0,9.0,9.0,10.0,90.0,0.0,0.0,0.0,0.0,0,0,2.0,8.76,65.0,1/26,1/26,47.5,32.5,0.0,0.0,0.0,2006-11-28,2024-06-24,2006-08-06,2023-11-06,1.0,26.0,1.0,26.0
56143,Shakib Al Hasan,1987-03-24,39y 103d,Bangladesh,Allrounder,Left hand Bat,Slow Left arm Orthodox,2006 - 2024,2018,IPL 2018,SRH,17,13.0,2.0,239.0,35.0,21.72,197.0,121.31,0.0,0.0,26.0,5.0,3,0,14.0,8.0,342.0,2/18,2/18,32.57,24.4,0.0,0.0,0.0,2006-11-28,2024-06-24,2006-08-06,2023-11-06,2.0,18.0,2.0,18.0
56143,Shakib Al Hasan,1987-03-24,39y 103d,Bangladesh,Allrounder,Left hand Bat,Slow Left arm Orthodox,2006 - 2024,2017,IPL 2017,KKR,1,1.0,1.0,1.0,1.0,,1.0,100.0,0.0,0.0,0.0,0.0,0,0,0.0,10.33,18.0,,,,,0.0,0.0,0.0,2006-11-28,2024-06-24,2006-08-06,2023-11-06,,,,
56143,Shakib Al Hasan,1987-03-24,39y 103d,Bangladesh,Allrounder,Left hand Bat,Slow Left arm Orthodox,2006 - 2024,2016,IPL 2016,KKR,10,7.0,2.0,114.0,66.0,22.8,106.0,107.54,0.0,1.0,7.0,5.0,4,0,5.0,7.83,186.0,1/14,1/14,48.6,37.2,0.0,0.0,0.0,2006-11-28,2024-06-24,2006-08-06,2023-11-06,1.0,14.0,1.0,14.0
56143,Shakib Al Hasan,1987-03-24,39y 103d,Bangladesh,Allrounder,Left hand Bat,Slow Left arm Orthodox,2006 - 2024,2015,IPL 2015,KKR,4,3.0,0.0,36.0,23.0,12.0,27.0,133.33,0.0,0.0,5.0,0.0,0,0,4.0,8.78,84.0,2/22,2/22,30.75,21.0,0.0,0.0,0.0,2006-11-28,2024-06-24,2006-08-06,2023-11-06,2.0,22.0,2.0,22.0
56143,Shakib Al Hasan,1987-03-24,39y 103d,Bangladesh,Allrounder,Left hand Bat,Slow Left arm Orthodox,2006 - 2024,2014,IPL 2014,KKR,13,11.0,4.0,227.0,60.0,32.42,152.0,149.34,0.0,1.0,22.0,7.0,3,0,11.0,6.68,300.0,2/22,2/22,30.36,27.2,0.0,0.0,0.0,2006-11-28,2024-06-24,2006-08-06,2023-11-06,2.0,22.0,2.0,22.0
56143,Shakib Al Hasan,1987-03-24,39y 103d,Bangladesh,Allrounder,Left hand Bat,Slow Left arm Orthodox,2006 - 2024,2012,IPL 2012,KKR,8,7.0,1.0,91.0,42.0,15.16,74.0,122.97,0.0,0.0,6.0,3.0,1,0,12.0,6.5,180.0,3/17,3/17,16.25,15.0,0.0,0.0,0.0,2006-11-28,2024-06-24,2006-08-06,2023-11-06,3.0,17.0,3.0,17.0
56143,Shakib Al Hasan,1987-03-24,39y 103d,Bangladesh,Allrounder,Left hand Bat,Slow Left arm Orthodox,2006 - 2024,2011,IPL 2011,KKR,7,3.0,1.0,29.0,26.0,14.5,22.0,131.81,0.0,0.0,4.0,0.0,0,0,11.0,6.86,153.0,3/28,3/28,15.9,13.9,0.0,0.0,0.0,2006-11-28,2024-06-24,2006-08-06,2023-11-06,3.0,28.0,3.0,28.0
36326,Shane Edward Bond,1975-06-07,51y 28d,New Zealand,Bowler,Right hand Bat,Right arm Fast,2001 - 2010,2009/10,IPL 2009/10,KKR,8,1.0,0.0,1.0,1.0,1.0,2.0,50.0,0.0,0.0,0.0,0.0,1,0,9.0,7.22,186.0,2/24,2/24,24.88,20.6,0.0,0.0,0.0,2005-10-21,2010-05-10,2002-01-11,2010-03-13,2.0,24.0,2.0,24.0
237696,Sheldon Philip Jackson,1986-09-27,39y 281d,India,Wicketkeeper Batter,Right hand Bat,Right arm Offbreak,,2022,IPL 2022,KKR,5,5.0,1.0,23.0,8.0,5.75,26.0,88.46,0.0,0.0,0.0,1.0,5,2,,,,,,,,,,,,,,,,,,
237696,Sheldon Philip Jackson,1986-09-27,39y 281d,India,Wicketkeeper Batter,Right hand Bat,Right arm Offbreak,,2017,IPL 2017,KKR,4,3.0,1.0,38.0,16.0,19.0,31.0,122.58,0.0,0.0,5.0,0.0,2,0,,,,,,,,,,,,,,,,,,
1079848,Shivam Pankaj Mavi,1998-11-26,27y 221d,India,Bowling Allrounder,Right hand Bat,Right arm Fast medium,2023 - 2023,2022,IPL 2022,KKR,6,3.0,1.0,3.0,2.0,1.5,7.0,42.85,0.0,0.0,0.0,0.0,4,0,5.0,10.31,132.0,1/33,1/33,45.4,26.4,0.0,0.0,0.0,2023-01-03,2023-02-01,,,1.0,33.0,1.0,33.0
1079848,Shivam Pankaj Mavi,1998-11-26,27y 221d,India,Bowling Allrounder,Right hand Bat,Right arm Fast medium,2023 - 2023,2021,IPL 2021,KKR,9,2.0,0.0,25.0,20.0,12.5,20.0,125.0,0.0,0.0,2.0,2.0,5,0,11.0,7.24,193.0,4/21,4/21,21.18,17.5,1.0,0.0,0.0,2023-01-03,2023-02-01,,,4.0,21.0,4.0,21.0
1079848,Shivam Pankaj Mavi,1998-11-26,27y 221d,India,Bowling Allrounder,Right hand Bat,Right arm Fast medium,2023 - 2023,2020/21,IPL 2020/21,KKR,8,3.0,1.0,10.0,9.0,5.0,14.0,71.42,0.0,0.0,1.0,0.0,4,0,9.0,8.15,156.0,2/15,2/15,23.55,17.3,0.0,0.0,0.0,2023-01-03,2023-02-01,,,2.0,15.0,2.0,15.0
1079848,Shivam Pankaj Mavi,1998-11-26,27y 221d,India,Bowling Allrounder,Right hand Bat,Right arm Fast medium,2023 - 2023,2018,IPL 2018,KKR,9,4.0,1.0,13.0,7.0,4.33,15.0,86.66,0.0,0.0,1.0,0.0,3,0,5.0,9.64,168.0,1/14,1/14,54.0,33.6,0.0,0.0,0.0,2023-01-03,2023-02-01,,,1.0,14.0,1.0,14.0
42655,Shoaib Akhtar,1975-08-13,50y 326d,Pakistan,Bowler,Right hand Bat,Right arm Fast,1997 - 2011,2007/08,IPL 2007/08,KKR,3,1.0,0.0,2.0,2.0,2.0,7.0,28.57,0.0,0.0,0.0,0.0,0,0,5.0,7.71,42.0,4/11,4/11,10.8,8.4,1.0,0.0,0.0,2006-08-28,2010-12-28,1998-03-28,2011-03-08,4.0,11.0,4.0,11.0
377437,Shoaib Shabbir Shaikh,1987-01-18,39y 168d,India,,Right hand Bat,Right arm Medium,,2009,IPL 2009,KKR,2,1.0,0.0,6.0,6.0,6.0,7.0,85.71,0.0,0.0,1.0,0.0,2,0,,,,,,,,,,,,,,,,,,
302579,Shreevats Pratyush Goswami,1989-05-18,37y 48d,India,Wicketkeeper Batter,Left hand Bat,,,2020/21,IPL 2020/21,SRH,2,2.0,0.0,0.0,0.0,0.0,4.0,0.0,0.0,0.0,0.0,0.0,1,0,,,,,,,,,,,,,,,,,,
302579,Shreevats Pratyush Goswami,1989-05-18,37y 48d,India,Wicketkeeper Batter,Left hand Bat,,,2018,IPL 2018,SRH,6,3.0,0.0,52.0,35.0,17.33,40.0,130.0,0.0,0.0,6.0,1.0,5,0,,,,,,,,,,,,,,,,,,
302579,Shreevats Pratyush Goswami,1989-05-18,37y 48d,India,Wicketkeeper Batter,Left hand Bat,,,2012,IPL 2012,RR,11,6.0,1.0,69.0,24.0,13.8,67.0,102.98,0.0,0.0,4.0,1.0,4,4,,,,,,,,,,,,,,,,,,
302579,Shreevats Pratyush Goswami,1989-05-18,37y 48d,India,Wicketkeeper Batter,Left hand Bat,,,2011,IPL 2011,KKR,5,4.0,0.0,29.0,22.0,7.25,29.0,100.0,0.0,0.0,5.0,0.0,4,1,,,,,,,,,,,,,,,,,,
302579,Shreevats Pratyush Goswami,1989-05-18,37y 48d,India,Wicketkeeper Batter,Left hand Bat,,,2009/10,IPL 2009/10,RCB,1,1.0,0.0,8.0,8.0,8.0,10.0,80.0,0.0,0.0,2.0,0.0,0,0,,,,,,,,,,,,,,,,,,
302579,Shreevats Pratyush Goswami,1989-05-18,37y 48d,India,Wicketkeeper Batter,Left hand Bat,,,2009,IPL 2009,RCB,2,2.0,0.0,53.0,43.0,26.5,60.0,88.33,0.0,0.0,6.0,0.0,1,0,,,,,,,,,,,,,,,,,,
302579,Shreevats Pratyush Goswami,1989-05-18,37y 48d,India,Wicketkeeper Batter,Left hand Bat,,,2007/08,IPL 2007/08,RCB,4,3.0,0.0,82.0,52.0,27.33,85.0,96.47,0.0,1.0,9.0,1.0,2,2,,,,,,,,,,,,,,,,,,
28779,Sourav Chandidas Ganguly,1972-07-08,53y 362d,India,Batter,Left hand Bat,Right arm Medium,1992 - 2008,2012,IPL 2012,PWI,15,15.0,0.0,268.0,45.0,17.86,271.0,98.89,0.0,0.0,30.0,4.0,6,0,2.0,9.5,60.0,2/27,2/27,47.5,30.0,0.0,0.0,0.0,,,1992-01-11,2007-11-15,2.0,27.0,2.0,27.0
28779,Sourav Chandidas Ganguly,1972-07-08,53y 362d,India,Batter,Left hand Bat,Right arm Medium,1992 - 2008,2011,IPL 2011,PWI,4,3.0,1.0,50.0,32.0,25.0,59.0,84.74,0.0,0.0,3.0,2.0,1,0,,,,,,,,,,,,,1992-01-11,2007-11-15,,,,
28779,Sourav Chandidas Ganguly,1972-07-08,53y 362d,India,Batter,Left hand Bat,Right arm Medium,1992 - 2008,2009/10,IPL 2009/10,KKR,14,14.0,1.0,493.0,88.0,37.92,419.0,117.66,0.0,4.0,58.0,15.0,7,0,0.0,10.75,24.0,,,,,0.0,0.0,0.0,,,1992-01-11,2007-11-15,,,,
28779,Sourav Chandidas Ganguly,1972-07-08,53y 362d,India,Batter,Left hand Bat,Right arm Medium,1992 - 2008,2009,IPL 2009,KKR,13,11.0,0.0,189.0,46.0,17.18,207.0,91.3,0.0,0.0,13.0,6.0,3,0,2.0,8.08,72.0,2/24,2/24,48.5,36.0,0.0,0.0,0.0,,,1992-01-11,2007-11-15,2.0,24.0,2.0,24.0
28779,Sourav Chandidas Ganguly,1972-07-08,53y 362d,India,Batter,Left hand Bat,Right arm Medium,1992 - 2008,2007/08,IPL 2007/08,KKR,13,13.0,1.0,349.0,91.0,29.08,307.0,113.68,0.0,3.0,33.0,15.0,5,0,6.0,6.4,120.0,2/21,2/21,21.33,20.0,0.0,0.0,0.0,,,1992-01-11,2007-11-15,2.0,21.0,2.0,21.0
34402,Sourav Subrata Sarkar,1984-12-15,41y 202d,India,Bowler,Right hand Bat,Right arm Medium,,2009,IPL 2009,KKR,2,,,,,,,,,,,,0,0,1.0,8.16,25.0,1/15,1/15,34.0,25.0,0.0,0.0,0.0,,,,,1.0,15.0,1.0,15.0
32084,Sumit Narwal,1982-04-16,44y 80d,India,Allrounder,Left hand Bat,Right arm Medium,,2013,IPL 2013,KKR,2,1.0,0.0,23.0,23.0,23.0,15.0,153.33,0.0,0.0,4.0,0.0,0,0,0.0,8.5,12.0,,,,,0.0,0.0,0.0,,,,,,,,
32084,Sumit Narwal,1982-04-16,44y 80d,India,Allrounder,Left hand Bat,Right arm Medium,,2009/10,IPL 2009/10,RR,5,3.0,1.0,14.0,12.0,7.0,12.0,116.66,0.0,0.0,2.0,0.0,1,0,5.0,11.8,94.0,3/36,3/36,37.0,18.8,0.0,0.0,0.0,,,,,3.0,36.0,3.0,36.0
230558,Sunil Philip Narine,1988-05-26,38y 40d,West Indies,Bowling Allrounder,Left hand Bat,Right arm Offbreak,2011 - 2019,2026,IPL 2026,KKR,13,4.0,1.0,40.0,24.0,13.33,32.0,125.0,0.0,0.0,2.0,4.0,3,0,15.0,6.64,306.0,2/26,2/26,22.6,20.4,0.0,0.0,0.0,2012-03-27,2019-08-06,2011-12-05,2016-10-05,2.0,26.0,2.0,26.0
230558,Sunil Philip Narine,1988-05-26,38y 40d,West Indies,Bowling Allrounder,Left hand Bat,Right arm Offbreak,2011 - 2019,2025,IPL 2025,KKR,12,12.0,1.0,246.0,44.0,22.36,144.0,170.83,0.0,0.0,25.0,19.0,3,0,12.0,7.8,270.0,3/13,3/13,29.25,22.5,0.0,0.0,0.0,2012-03-27,2019-08-06,2011-12-05,2016-10-05,3.0,13.0,3.0,13.0
230558,Sunil Philip Narine,1988-05-26,38y 40d,West Indies,Bowling Allrounder,Left hand Bat,Right arm Offbreak,2011 - 2019,2024,IPL 2024,KKR,15,14.0,0.0,488.0,109.0,34.85,270.0,180.74,1.0,3.0,50.0,33.0,8,0,17.0,6.69,330.0,2/22,2/22,21.64,19.4,0.0,0.0,0.0,2012-03-27,2019-08-06,2011-12-05,2016-10-05,2.0,22.0,2.0,22.0
230558,Sunil Philip Narine,1988-05-26,38y 40d,West Indies,Bowling Allrounder,Left hand Bat,Right arm Offbreak,2011 - 2019,2023,IPL 2023,KKR,14,10.0,3.0,21.0,7.0,3.0,25.0,84.0,0.0,0.0,2.0,1.0,1,0,11.0,7.97,288.0,3/33,3/33,34.81,26.1,0.0,0.0,0.0,2012-03-27,2019-08-06,2011-12-05,2016-10-05,3.0,33.0,3.0,33.0
230558,Sunil Philip Narine,1988-05-26,38y 40d,West Indies,Bowling Allrounder,Left hand Bat,Right arm Offbreak,2011 - 2019,2022,IPL 2022,KKR,14,10.0,2.0,71.0,22.0,8.87,40.0,177.5,0.0,0.0,6.0,6.0,3,0,9.0,5.57,336.0,2/21,2/21,34.66,37.3,0.0,0.0,0.0,2012-03-27,2019-08-06,2011-12-05,2016-10-05,2.0,21.0,2.0,21.0
230558,Sunil Philip Narine,1988-05-26,38y 40d,West Indies,Bowling Allrounder,Left hand Bat,Right arm Offbreak,2011 - 2019,2021,IPL 2021,KKR,14,10.0,2.0,62.0,26.0,7.75,47.0,131.91,0.0,0.0,3.0,5.0,2,0,16.0,6.44,336.0,4/21,4/21,22.56,21.0,1.0,0.0,0.0,2012-03-27,2019-08-06,2011-12-05,2016-10-05,4.0,21.0,4.0,21.0
230558,Sunil Philip Narine,1988-05-26,38y 40d,West Indies,Bowling Allrounder,Left hand Bat,Right arm Offbreak,2011 - 2019,2020/21,IPL 2020/21,KKR,10,9.0,0.0,121.0,64.0,13.44,85.0,142.35,0.0,1.0,10.0,8.0,2,0,5.0,7.94,228.0,2/28,2/28,60.4,45.6,0.0,0.0,0.0,2012-03-27,2019-08-06,2011-12-05,2016-10-05,2.0,28.0,2.0,28.0
230558,Sunil Philip Narine,1988-05-26,38y 40d,West Indies,Bowling Allrounder,Left hand Bat,Right arm Offbreak,2011 - 2019,2019,IPL 2019,KKR,12,9.0,1.0,143.0,47.0,17.87,86.0,166.27,0.0,0.0,17.0,9.0,0,0,10.0,7.82,266.0,2/19,2/19,34.7,26.6,0.0,0.0,0.0,2012-03-27,2019-08-06,2011-12-05,2016-10-05,2.0,19.0,2.0,19.0
230558,Sunil Philip Narine,1988-05-26,38y 40d,West Indies,Bowling Allrounder,Left hand Bat,Right arm Offbreak,2011 - 2019,2018,IPL 2018,KKR,16,16.0,0.0,357.0,75.0,22.31,188.0,189.89,0.0,2.0,40.0,23.0,1,0,17.0,7.65,366.0,3/18,3/18,27.47,21.5,0.0,0.0,0.0,2012-03-27,2019-08-06,2011-12-05,2016-10-05,3.0,18.0,3.0,18.0
230558,Sunil Philip Narine,1988-05-26,38y 40d,West Indies,Bowling Allrounder,Left hand Bat,Right arm Offbreak,2011 - 2019,2017,IPL 2017,KKR,16,14.0,1.0,224.0,54.0,17.23,130.0,172.3,0.0,1.0,34.0,10.0,4,0,10.0,6.98,354.0,2/29,2/29,41.2,35.4,0.0,0.0,0.0,2012-03-27,2019-08-06,2011-12-05,2016-10-05,2.0,29.0,2.0,29.0
230558,Sunil Philip Narine,1988-05-26,38y 40d,West Indies,Bowling Allrounder,Left hand Bat,Right arm Offbreak,2011 - 2019,2016,IPL 2016,KKR,11,4.0,3.0,7.0,4.0,7.0,13.0,53.84,0.0,0.0,0.0,0.0,2,0,11.0,7.12,256.0,3/26,3/26,27.63,23.2,0.0,0.0,0.0,2012-03-27,2019-08-06,2011-12-05,2016-10-05,3.0,26.0,3.0,26.0
230558,Sunil Philip Narine,1988-05-26,38y 40d,West Indies,Bowling Allrounder,Left hand Bat,Right arm Offbreak,2011 - 2019,2015,IPL 2015,KKR,8,1.0,1.0,0.0,0.0,,1.0,0.0,0.0,0.0,0.0,0.0,1,0,7.0,7.31,192.0,4/19,4/19,33.42,27.4,1.0,0.0,0.0,2012-03-27,2019-08-06,2011-12-05,2016-10-05,4.0,19.0,4.0,19.0
230558,Sunil Philip Narine,1988-05-26,38y 40d,West Indies,Bowling Allrounder,Left hand Bat,Right arm Offbreak,2011 - 2019,2014,IPL 2014,KKR,16,5.0,3.0,10.0,6.0,5.0,14.0,71.42,0.0,0.0,0.0,0.0,2,0,21.0,6.35,384.0,4/20,4/20,19.38,18.2,2.0,0.0,0.0,2012-03-27,2019-08-06,2011-12-05,2016-10-05,4.0,20.0,4.0,20.0
230558,Sunil Philip Narine,1988-05-26,38y 40d,West Indies,Bowling Allrounder,Left hand Bat,Right arm Offbreak,2011 - 2019,2013,IPL 2013,KKR,16,6.0,3.0,21.0,13.0,7.0,19.0,110.52,0.0,0.0,0.0,2.0,6,0,22.0,5.46,384.0,4/13,4/13,15.9,17.4,2.0,0.0,0.0,2012-03-27,2019-08-06,2011-12-05,2016-10-05,4.0,13.0,4.0,13.0
230558,Sunil Philip Narine,1988-05-26,38y 40d,West Indies,Bowling Allrounder,Left hand Bat,Right arm Offbreak,2011 - 2019,2012,IPL 2012,KKR,15,2.0,1.0,9.0,9.0,9.0,7.0,128.57,0.0,0.0,2.0,0.0,1,0,24.0,5.47,355.0,5/19,5/19,13.5,14.7,1.0,1.0,0.0,2012-03-27,2019-08-06,2011-12-05,2016-10-05,5.0,19.0,5.0,19.0
446507,Suryakumar Ashok Yadav,1990-09-14,35y 294d,India,Batter,Right hand Bat,"Right arm Medium, Right arm Offbreak",2021 - 2026,2026,IPL 2026,MI,13,13.0,0.0,270.0,60.0,20.76,183.0,147.54,0.0,2.0,28.0,10.0,3,0,,,,,,,,,,,2021-03-14,2026-03-08,2021-07-18,2023-11-19,,,,
446507,Suryakumar Ashok Yadav,1990-09-14,35y 294d,India,Batter,Right hand Bat,"Right arm Medium, Right arm Offbreak",2021 - 2026,2025,IPL 2025,MI,16,16.0,5.0,717.0,73.0,65.18,427.0,167.91,0.0,5.0,69.0,38.0,6,0,,,,,,,,,,,2021-03-14,2026-03-08,2021-07-18,2023-11-19,,,,
446507,Suryakumar Ashok Yadav,1990-09-14,35y 294d,India,Batter,Right hand Bat,"Right arm Medium, Right arm Offbreak",2021 - 2026,2024,IPL 2024,MI,11,11.0,1.0,345.0,102.0,34.5,206.0,167.47,1.0,3.0,36.0,18.0,4,0,,,,,,,,,,,2021-03-14,2026-03-08,2021-07-18,2023-11-19,,,,
446507,Suryakumar Ashok Yadav,1990-09-14,35y 294d,India,Batter,Right hand Bat,"Right arm Medium, Right arm Offbreak",2021 - 2026,2023,IPL 2023,MI,16,16.0,2.0,605.0,103.0,43.21,334.0,181.13,1.0,5.0,65.0,28.0,6,0,,,,,,,,,,,2021-03-14,2026-03-08,2021-07-18,2023-11-19,,,,
446507,Suryakumar Ashok Yadav,1990-09-14,35y 294d,India,Batter,Right hand Bat,"Right arm Medium, Right arm Offbreak",2021 - 2026,2022,IPL 2022,MI,8,8.0,1.0,303.0,68.0,43.28,208.0,145.67,0.0,3.0,23.0,16.0,3,0,,,,,,,,,,,2021-03-14,2026-03-08,2021-07-18,2023-11-19,,,,
446507,Suryakumar Ashok Yadav,1990-09-14,35y 294d,India,Batter,Right hand Bat,"Right arm Medium, Right arm Offbreak",2021 - 2026,2021,IPL 2021,MI,14,14.0,0.0,317.0,82.0,22.64,221.0,143.43,0.0,2.0,40.0,10.0,5,0,,,,,,,,,,,2021-03-14,2026-03-08,2021-07-18,2023-11-19,,,,
446507,Suryakumar Ashok Yadav,1990-09-14,35y 294d,India,Batter,Right hand Bat,"Right arm Medium, Right arm Offbreak",2021 - 2026,2020/21,IPL 2020/21,MI,16,15.0,3.0,480.0,79.0,40.0,331.0,145.01,0.0,4.0,61.0,11.0,8,0,,,,,,,,,,,2021-03-14,2026-03-08,2021-07-18,2023-11-19,,,,
446507,Suryakumar Ashok Yadav,1990-09-14,35y 294d,India,Batter,Right hand Bat,"Right arm Medium, Right arm Offbreak",2021 - 2026,2019,IPL 2019,MI,16,15.0,2.0,424.0,71.0,32.61,324.0,130.86,0.0,2.0,45.0,10.0,9,0,,,,,,,,,,,2021-03-14,2026-03-08,2021-07-18,2023-11-19,,,,
446507,Suryakumar Ashok Yadav,1990-09-14,35y 294d,India,Batter,Right hand Bat,"Right arm Medium, Right arm Offbreak",2021 - 2026,2018,IPL 2018,MI,14,14.0,0.0,512.0,72.0,36.57,384.0,133.33,0.0,4.0,61.0,16.0,8,0,,,,,,,,,,,2021-03-14,2026-03-08,2021-07-18,2023-11-19,,,,
446507,Suryakumar Ashok Yadav,1990-09-14,35y 294d,India,Batter,Right hand Bat,"Right arm Medium, Right arm Offbreak",2021 - 2026,2017,IPL 2017,KKR,10,7.0,1.0,105.0,31.0,17.5,88.0,119.31,0.0,0.0,8.0,3.0,5,0,,,,,,,,,,,2021-03-14,2026-03-08,2021-07-18,2023-11-19,,,,
446507,Suryakumar Ashok Yadav,1990-09-14,35y 294d,India,Batter,Right hand Bat,"Right arm Medium, Right arm Offbreak",2021 - 2026,2016,IPL 2016,KKR,15,11.0,4.0,182.0,60.0,26.0,143.0,127.27,0.0,1.0,18.0,5.0,6,0,,,,,,,,,,,2021-03-14,2026-03-08,2021-07-18,2023-11-19,,,,
446507,Suryakumar Ashok Yadav,1990-09-14,35y 294d,India,Batter,Right hand Bat,"Right arm Medium, Right arm Offbreak",2021 - 2026,2015,IPL 2015,KKR,13,13.0,4.0,157.0,46.0,17.44,113.0,138.93,0.0,0.0,12.0,8.0,7,0,,,,,,,,,,,2021-03-14,2026-03-08,2021-07-18,2023-11-19,,,,
446507,Suryakumar Ashok Yadav,1990-09-14,35y 294d,India,Batter,Right hand Bat,"Right arm Medium, Right arm Offbreak",2021 - 2026,2014,IPL 2014,KKR,16,10.0,5.0,164.0,34.0,32.8,117.0,140.17,0.0,0.0,16.0,5.0,7,0,0.0,8.0,6.0,,,,,0.0,0.0,0.0,2021-03-14,2026-03-08,2021-07-18,2023-11-19,,,,
446507,Suryakumar Ashok Yadav,1990-09-14,35y 294d,India,Batter,Right hand Bat,"Right arm Medium, Right arm Offbreak",2021 - 2026,2012,IPL 2012,MI,1,1.0,0.0,0.0,0.0,0.0,4.0,0.0,0.0,0.0,0.0,0.0,0,0,,,,,,,,,,,2021-03-14,2026-03-08,2021-07-18,2023-11-19,,,,
1350792,Suyash Sharma,2003-05-15,23y 51d,India,Bowler,Right hand Bat,Legbreak Googly,,2026,IPL 2026,RCB,12,,,,,,,,,,,,0,0,9.0,9.2,245.0,2/47,2/47,41.77,27.2,0.0,0.0,0.0,,,,,2.0,47.0,2.0,47.0
1350792,Suyash Sharma,2003-05-15,23y 51d,India,Bowler,Right hand Bat,Legbreak Googly,,2025,IPL 2025,RCB,14,,,,,,,,,,,,1,0,8.0,8.84,300.0,3/17,3/17,55.25,37.5,0.0,0.0,0.0,,,,,3.0,17.0,3.0,17.0
1350792,Suyash Sharma,2003-05-15,23y 51d,India,Bowler,Right hand Bat,Legbreak Googly,,2024,IPL 2024,KKR,2,,,,,,,,,,,,1,0,0.0,12.75,24.0,,,,,0.0,0.0,0.0,,,,,,,,
1350792,Suyash Sharma,2003-05-15,23y 51d,India,Bowler,Right hand Bat,Legbreak Googly,,2023,IPL 2023,KKR,11,,,,,,,,,,,,0,0,10.0,8.23,234.0,3/30,3/30,32.1,23.4,0.0,0.0,0.0,,,,,3.0,30.0,3.0,30.0
55805,Tatenda Taibu,1983-05-14,43y 52d,Zimbabwe,Wicketkeeper Batter,Right hand Bat,Right arm Medium,2001 - 2012,2007/08,IPL 2007/08,KKR,3,3.0,0.0,31.0,15.0,10.33,26.0,119.23,0.0,0.0,3.0,0.0,1,0,,,,,,,,,,,2007-09-12,2012-02-14,2001-06-23,2012-02-09,,,,
1460372,Tejasvi Dahiya,2002-04-18,24y 78d,India,Wicketkeeper Batter,Right hand Bat,,,2026,IPL 2026,KKR,2,2.0,0.0,12.0,11.0,6.0,15.0,80.0,0.0,0.0,2.0,0.0,1,0,,,,,,,,,,,,,,,,,,
877051,Tom Banton,1998-11-11,27y 236d,England,Wicketkeeper Batter,Right hand Bat,,2019 - 2026,2020/21,IPL 2020/21,KKR,2,2.0,0.0,18.0,10.0,9.0,20.0,90.0,0.0,0.0,1.0,1.0,0,0,,,,,,,,,,,2019-11-05,2026-07-04,2020-02-04,2025-02-12,,,,
43524,Umar Gul,1982-10-15,43y 263d,Pakistan,Bowler,Right hand Bat,Right arm Fast medium,2003 - 2016,2007/08,IPL 2007/08,KKR,6,4.0,1.0,39.0,24.0,13.0,19.0,205.26,0.0,0.0,1.0,5.0,0,0,12.0,8.17,135.0,4/23,4/23,15.33,11.2,1.0,0.0,0.0,2007-09-04,2016-01-17,2003-04-03,2016-09-04,4.0,23.0,4.0,23.0
1209292,Vaibhav Gopal Arora,1997-12-14,28y 203d,India,Bowler,Right hand Bat,Right arm Fast medium,,2026,IPL 2026,KKR,11,2.0,2.0,1.0,1.0,,3.0,33.33,0.0,0.0,0.0,0.0,2,0,11.0,10.26,228.0,2/24,2/24,35.45,20.7,0.0,0.0,0.0,,,,,2.0,24.0,2.0,24.0
1209292,Vaibhav Gopal Arora,1997-12-14,28y 203d,India,Bowler,Right hand Bat,Right arm Fast medium,,2025,IPL 2025,KKR,12,2.0,0.0,0.0,0.0,0.0,8.0,0.0,0.0,0.0,0.0,0.0,4,0,17.0,10.11,255.0,3/29,3/29,25.29,15.0,0.0,0.0,0.0,,,,,3.0,29.0,3.0,29.0
1209292,Vaibhav Gopal Arora,1997-12-14,28y 203d,India,Bowler,Right hand Bat,Right arm Fast medium,,2024,IPL 2024,KKR,10,2.0,2.0,1.0,1.0,,1.0,100.0,0.0,0.0,0.0,0.0,1,0,11.0,9.2,180.0,3/27,3/27,25.09,16.3,0.0,0.0,0.0,,,,,3.0,27.0,3.0,27.0
1209292,Vaibhav Gopal Arora,1997-12-14,28y 203d,India,Bowler,Right hand Bat,Right arm Fast medium,,2023,IPL 2023,KKR,5,2.0,2.0,3.0,2.0,,2.0,150.0,0.0,0.0,0.0,0.0,3,0,5.0,9.12,96.0,2/30,2/30,29.2,19.2,0.0,0.0,0.0,,,,,2.0,30.0,2.0,30.0
1209292,Vaibhav Gopal Arora,1997-12-14,28y 203d,India,Bowler,Right hand Bat,Right arm Fast medium,,2022,IPL 2022,PBKS,5,4.0,2.0,5.0,2.0,2.5,13.0,38.46,0.0,0.0,0.0,0.0,1,0,3.0,9.19,107.0,2/21,2/21,54.66,35.6,0.0,0.0,0.0,,,,,2.0,21.0,2.0,21.0
1108375,Varun Chakravarthy Vinod,1991-08-29,34y 310d,India,Bowler,Right hand Bat,Legbreak Googly,2021 - 2026,2026,IPL 2026,KKR,11,2.0,0.0,5.0,5.0,2.5,6.0,83.33,0.0,0.0,1.0,0.0,2,0,11.0,8.78,246.0,3/14,3/14,32.72,22.3,0.0,0.0,0.0,2021-07-25,2026-07-04,2025-02-09,2025-03-09,3.0,14.0,3.0,14.0
1108375,Varun Chakravarthy Vinod,1991-08-29,34y 310d,India,Bowler,Right hand Bat,Legbreak Googly,2021 - 2026,2025,IPL 2025,KKR,13,1.0,1.0,1.0,1.0,,1.0,100.0,0.0,0.0,0.0,0.0,2,0,17.0,7.66,300.0,3/22,3/22,22.52,17.6,0.0,0.0,0.0,2021-07-25,2026-07-04,2025-02-09,2025-03-09,3.0,22.0,3.0,22.0
1108375,Varun Chakravarthy Vinod,1991-08-29,34y 310d,India,Bowler,Right hand Bat,Legbreak Googly,2021 - 2026,2024,IPL 2024,KKR,15,,,,,,,,,,,,4,0,21.0,8.04,300.0,3/16,3/16,19.14,14.2,0.0,0.0,0.0,2021-07-25,2026-07-04,2025-02-09,2025-03-09,3.0,16.0,3.0,16.0
1108375,Varun Chakravarthy Vinod,1991-08-29,34y 310d,India,Bowler,Right hand Bat,Legbreak Googly,2021 - 2026,2023,IPL 2023,KKR,14,2.0,1.0,1.0,1.0,1.0,9.0,11.11,0.0,0.0,0.0,0.0,4,0,20.0,8.14,316.0,4/15,4/15,21.45,15.8,1.0,0.0,0.0,2021-07-25,2026-07-04,2025-02-09,2025-03-09,4.0,15.0,4.0,15.0
1108375,Varun Chakravarthy Vinod,1991-08-29,34y 310d,India,Bowler,Right hand Bat,Legbreak Googly,2021 - 2026,2022,IPL 2022,KKR,11,4.0,4.0,12.0,10.0,,18.0,66.66,0.0,0.0,2.0,0.0,2,0,6.0,8.51,234.0,1/22,1/22,55.33,39.0,0.0,0.0,0.0,2021-07-25,2026-07-04,2025-02-09,2025-03-09,1.0,22.0,1.0,22.0
1108375,Varun Chakravarthy Vinod,1991-08-29,34y 310d,India,Bowler,Right hand Bat,Legbreak Googly,2021 - 2026,2021,IPL 2021,KKR,17,3.0,2.0,2.0,2.0,2.0,4.0,50.0,0.0,0.0,0.0,0.0,1,0,18.0,6.58,408.0,3/13,3/13,24.88,22.6,0.0,0.0,0.0,2021-07-25,2026-07-04,2025-02-09,2025-03-09,3.0,13.0,3.0,13.0
1108375,Varun Chakravarthy Vinod,1991-08-29,34y 310d,India,Bowler,Right hand Bat,Legbreak Googly,2021 - 2026,2020/21,IPL 2020/21,KKR,13,3.0,1.0,10.0,7.0,5.0,15.0,66.66,0.0,0.0,0.0,0.0,3,0,17.0,6.84,312.0,5/20,5/20,20.94,18.3,0.0,1.0,0.0,2021-07-25,2026-07-04,2025-02-09,2025-03-09,5.0,20.0,5.0,20.0
1108375,Varun Chakravarthy Vinod,1991-08-29,34y 310d,India,Bowler,Right hand Bat,Legbreak Googly,2021 - 2026,2019,IPL 2019,PBKS,1,,,,,,,,,,,,0,0,1.0,11.66,18.0,1/35,1/35,35.0,18.0,0.0,0.0,0.0,2021-07-25,2026-07-04,2025-02-09,2025-03-09,1.0,35.0,1.0,35.0
851403,Venkatesh Rajasekaran Iyer,1994-12-25,31y 192d,India,Allrounder,Left hand Bat,Right arm Medium,2021 - 2022,2026,IPL 2026,RCB,7,6.0,2.0,209.0,73.0,52.25,112.0,186.6,0.0,1.0,21.0,13.0,1,0,,,,,,,,,,,2021-11-17,2022-02-27,2022-01-19,2022-01-21,,,,
851403,Venkatesh Rajasekaran Iyer,1994-12-25,31y 192d,India,Allrounder,Left hand Bat,Right arm Medium,2021 - 2022,2025,IPL 2025,KKR,11,7.0,0.0,142.0,60.0,20.28,102.0,139.21,0.0,1.0,15.0,4.0,4,0,,,,,,,,,,,2021-11-17,2022-02-27,2022-01-19,2022-01-21,,,,
851403,Venkatesh Rajasekaran Iyer,1994-12-25,31y 192d,India,Allrounder,Left hand Bat,Right arm Medium,2021 - 2022,2024,IPL 2024,KKR,15,13.0,5.0,370.0,70.0,46.25,233.0,158.79,0.0,4.0,35.0,19.0,4,0,0.0,28.0,6.0,,,,,0.0,0.0,0.0,2021-11-17,2022-02-27,2022-01-19,2022-01-21,,,,
851403,Venkatesh Rajasekaran Iyer,1994-12-25,31y 192d,India,Allrounder,Left hand Bat,Right arm Medium,2021 - 2022,2023,IPL 2023,KKR,14,14.0,0.0,404.0,104.0,28.85,277.0,145.84,1.0,2.0,32.0,21.0,3,0,,,,,,,,,,,2021-11-17,2022-02-27,2022-01-19,2022-01-21,,,,
851403,Venkatesh Rajasekaran Iyer,1994-12-25,31y 192d,India,Allrounder,Left hand Bat,Right arm Medium,2021 - 2022,2022,IPL 2022,KKR,12,12.0,1.0,182.0,50.0,16.54,169.0,107.69,0.0,1.0,17.0,7.0,4,0,0.0,11.5,24.0,,,,,0.0,0.0,0.0,2021-11-17,2022-02-27,2022-01-19,2022-01-21,,,,
851403,Venkatesh Rajasekaran Iyer,1994-12-25,31y 192d,India,Allrounder,Left hand Bat,Right arm Medium,2021 - 2022,2021,IPL 2021,KKR,10,10.0,1.0,370.0,67.0,41.11,288.0,128.47,0.0,4.0,37.0,14.0,7,0,3.0,8.11,51.0,2/29,2/29,23.0,17.0,0.0,0.0,0.0,2021-11-17,2022-02-27,2022-01-19,2022-01-21,2.0,29.0,2.0,29.0
35731,Ranganath Vinay Kumar,1984-02-12,42y 143d,India,Bowler,Right hand Bat,Right arm Medium,2010 - 2013,2018,IPL 2018,KKR,2,1.0,1.0,6.0,6.0,,3.0,200.0,0.0,0.0,1.0,0.0,2,0,2.0,16.95,23.0,2/30,2/30,32.5,11.5,0.0,0.0,0.0,2010-05-11,2013-10-10,2010-05-28,2013-11-02,2.0,30.0,2.0,30.0
35731,Ranganath Vinay Kumar,1984-02-12,42y 143d,India,Bowler,Right hand Bat,Right arm Medium,2010 - 2013,2017,IPL 2017,MI,1,,,,,,,,,,,,0,0,2.0,10.33,18.0,2/31,2/31,15.5,9.0,0.0,0.0,0.0,2010-05-11,2013-10-10,2010-05-28,2013-11-02,2.0,31.0,2.0,31.0
35731,Ranganath Vinay Kumar,1984-02-12,42y 143d,India,Bowler,Right hand Bat,Right arm Medium,2010 - 2013,2016,IPL 2016,MI,3,2.0,1.0,13.0,12.0,13.0,12.0,108.33,0.0,0.0,0.0,1.0,0,0,3.0,7.11,54.0,2/17,2/17,21.33,18.0,0.0,0.0,0.0,2010-05-11,2013-10-10,2010-05-28,2013-11-02,2.0,17.0,2.0,17.0
35731,Ranganath Vinay Kumar,1984-02-12,42y 143d,India,Bowler,Right hand Bat,Right arm Medium,2010 - 2013,2015,IPL 2015,MI,13,3.0,2.0,0.0,0.0,0.0,2.0,0.0,0.0,0.0,0.0,0.0,6,0,7.0,8.45,261.0,2/26,2/26,52.57,37.2,0.0,0.0,0.0,2010-05-11,2013-10-10,2010-05-28,2013-11-02,2.0,26.0,2.0,26.0
35731,Ranganath Vinay Kumar,1984-02-12,42y 143d,India,Bowler,Right hand Bat,Right arm Medium,2010 - 2013,2014,IPL 2014,KKR,9,4.0,2.0,4.0,4.0,2.0,6.0,66.66,0.0,0.0,0.0,0.0,1,0,7.0,8.78,192.0,2/26,2/26,40.14,27.4,0.0,0.0,0.0,2010-05-11,2013-10-10,2010-05-28,2013-11-02,2.0,26.0,2.0,26.0
35731,Ranganath Vinay Kumar,1984-02-12,42y 143d,India,Bowler,Right hand Bat,Right arm Medium,2010 - 2013,2013,IPL 2013,RCB,16,5.0,4.0,70.0,26.0,70.0,44.0,159.09,0.0,0.0,6.0,3.0,8,0,23.0,8.19,361.0,3/18,3/18,21.43,15.6,0.0,0.0,0.0,2010-05-11,2013-10-10,2010-05-28,2013-11-02,3.0,18.0,3.0,18.0
35731,Ranganath Vinay Kumar,1984-02-12,42y 143d,India,Bowler,Right hand Bat,Right arm Medium,2010 - 2013,2012,IPL 2012,RCB,15,7.0,2.0,68.0,25.0,13.6,62.0,109.67,0.0,0.0,3.0,2.0,6,0,19.0,8.59,335.0,3/22,3/22,25.26,17.6,0.0,0.0,0.0,2010-05-11,2013-10-10,2010-05-28,2013-11-02,3.0,22.0,3.0,22.0
35731,Ranganath Vinay Kumar,1984-02-12,42y 143d,India,Bowler,Right hand Bat,Right arm Medium,2010 - 2013,2011,IPL 2011,Kochi,13,7.0,1.0,50.0,18.0,8.33,47.0,106.38,0.0,0.0,4.0,1.0,4,0,12.0,7.5,268.0,3/25,3/25,27.91,22.3,0.0,0.0,0.0,2010-05-11,2013-10-10,2010-05-28,2013-11-02,3.0,25.0,3.0,25.0
35731,Ranganath Vinay Kumar,1984-02-12,42y 143d,India,Bowler,Right hand Bat,Right arm Medium,2010 - 2013,2009/10,IPL 2009/10,RCB,14,5.0,1.0,27.0,10.0,6.75,32.0,84.37,0.0,0.0,1.0,0.0,3,0,16.0,8.54,278.0,4/40,4/40,24.75,17.3,1.0,0.0,0.0,2010-05-11,2013-10-10,2010-05-28,2013-11-02,4.0,40.0,4.0,40.0
35731,Ranganath Vinay Kumar,1984-02-12,42y 143d,India,Bowler,Right hand Bat,Right arm Medium,2010 - 2013,2009,IPL 2009,RCB,11,8.0,3.0,47.0,12.0,9.4,44.0,106.81,0.0,0.0,4.0,1.0,3,0,9.0,8.38,194.0,2/30,2/30,30.11,21.5,0.0,0.0,0.0,2010-05-11,2013-10-10,2010-05-28,2013-11-02,2.0,30.0,2.0,30.0
35731,Ranganath Vinay Kumar,1984-02-12,42y 143d,India,Bowler,Right hand Bat,Right arm Medium,2010 - 2013,2007/08,IPL 2007/08,RCB,8,4.0,1.0,25.0,23.0,8.33,22.0,113.63,0.0,0.0,2.0,1.0,2,0,5.0,7.91,138.0,3/27,3/27,36.4,27.6,0.0,0.0,0.0,2010-05-11,2013-10-10,2010-05-28,2013-11-02,3.0,27.0,3.0,27.0
36130,Yashpal Singh,1981-11-27,44y 220d,India,Batter,Right hand Bat,Right arm Medium,,2009,IPL 2009,KKR,8,4.0,0.0,47.0,20.0,11.75,66.0,71.21,0.0,0.0,5.0,0.0,3,0,,,,,,,,,,,,,,,,,,
32498,Yusuf Khan Pathan,1982-11-17,43y 230d,India,Allrounder,Right hand Bat,Right arm Offbreak,2007 - 2012,2019,IPL 2019,SRH,10,8.0,5.0,40.0,16.0,13.33,45.0,88.88,0.0,0.0,1.0,1.0,1,0,0.0,8.0,6.0,,,,,0.0,0.0,0.0,2007-09-24,2012-03-30,2008-06-10,2012-03-18,,,,
32498,Yusuf Khan Pathan,1982-11-17,43y 230d,India,Allrounder,Right hand Bat,Right arm Offbreak,2007 - 2012,2018,IPL 2018,SRH,15,13.0,4.0,260.0,45.0,28.88,200.0,130.0,0.0,0.0,22.0,11.0,3,0,1.0,7.0,12.0,1/14,1/14,14.0,12.0,0.0,0.0,0.0,2007-09-24,2012-03-30,2008-06-10,2012-03-18,1.0,14.0,1.0,14.0
32498,Yusuf Khan Pathan,1982-11-17,43y 230d,India,Allrounder,Right hand Bat,Right arm Offbreak,2007 - 2012,2017,IPL 2017,KKR,15,11.0,3.0,143.0,59.0,17.87,115.0,124.34,0.0,1.0,9.0,6.0,2,0,1.0,10.25,24.0,1/2,1/2,41.0,24.0,0.0,0.0,0.0,2007-09-24,2012-03-30,2008-06-10,2012-03-18,1.0,2.0,1.0,2.0
32498,Yusuf Khan Pathan,1982-11-17,43y 230d,India,Allrounder,Right hand Bat,Right arm Offbreak,2007 - 2012,2016,IPL 2016,KKR,15,13.0,8.0,361.0,63.0,72.2,248.0,145.56,0.0,3.0,33.0,13.0,3,0,1.0,5.5,36.0,1/6,1/6,33.0,36.0,0.0,0.0,0.0,2007-09-24,2012-03-30,2008-06-10,2012-03-18,1.0,6.0,1.0,6.0
32498,Yusuf Khan Pathan,1982-11-17,43y 230d,India,Allrounder,Right hand Bat,Right arm Offbreak,2007 - 2012,2015,IPL 2015,KKR,13,12.0,5.0,312.0,52.0,44.57,231.0,135.06,0.0,1.0,29.0,12.0,3,0,2.0,9.7,60.0,2/40,2/40,48.5,30.0,0.0,0.0,0.0,2007-09-24,2012-03-30,2008-06-10,2012-03-18,2.0,40.0,2.0,40.0
32498,Yusuf Khan Pathan,1982-11-17,43y 230d,India,Allrounder,Right hand Bat,Right arm Offbreak,2007 - 2012,2014,IPL 2014,KKR,15,12.0,3.0,268.0,72.0,29.77,165.0,162.42,0.0,1.0,15.0,20.0,5,0,0.0,10.0,6.0,,,,,0.0,0.0,0.0,2007-09-24,2012-03-30,2008-06-10,2012-03-18,,,,
32498,Yusuf Khan Pathan,1982-11-17,43y 230d,India,Allrounder,Right hand Bat,Right arm Offbreak,2007 - 2012,2013,IPL 2013,KKR,16,16.0,5.0,332.0,72.0,30.18,240.0,138.33,0.0,1.0,30.0,14.0,4,0,1.0,8.11,54.0,1/9,1/9,73.0,54.0,0.0,0.0,0.0,2007-09-24,2012-03-30,2008-06-10,2012-03-18,1.0,9.0,1.0,9.0
32498,Yusuf Khan Pathan,1982-11-17,43y 230d,India,Allrounder,Right hand Bat,Right arm Offbreak,2007 - 2012,2012,IPL 2012,KKR,17,16.0,6.0,194.0,40.0,19.4,169.0,114.79,0.0,0.0,10.0,7.0,3,0,3.0,8.27,132.0,2/12,2/12,60.66,44.0,0.0,0.0,0.0,2007-09-24,2012-03-30,2008-06-10,2012-03-18,2.0,12.0,2.0,12.0
32498,Yusuf Khan Pathan,1982-11-17,43y 230d,India,Allrounder,Right hand Bat,Right arm Offbreak,2007 - 2012,2011,IPL 2011,KKR,15,11.0,1.0,283.0,47.0,28.3,201.0,140.79,0.0,0.0,24.0,13.0,5,0,13.0,6.1,234.0,3/20,3/20,18.3,18.0,0.0,0.0,0.0,2007-09-24,2012-03-30,2008-06-10,2012-03-18,3.0,20.0,3.0,20.0
32498,Yusuf Khan Pathan,1982-11-17,43y 230d,India,Allrounder,Right hand Bat,Right arm Offbreak,2007 - 2012,2009/10,IPL 2009/10,RR,14,14.0,2.0,333.0,100.0,27.75,201.0,165.67,1.0,1.0,22.0,24.0,9,0,5.0,7.23,204.0,2/9,2/9,49.2,40.8,0.0,0.0,0.0,2007-09-24,2012-03-30,2008-06-10,2012-03-18,2.0,9.0,2.0,9.0
32498,Yusuf Khan Pathan,1982-11-17,43y 230d,India,Allrounder,Right hand Bat,Right arm Offbreak,2007 - 2012,2009,IPL 2009,RR,13,13.0,1.0,243.0,62.0,20.25,183.0,132.78,0.0,1.0,24.0,12.0,2,0,7.0,6.94,210.0,3/34,3/34,34.71,30.0,0.0,0.0,0.0,2007-09-24,2012-03-30,2008-06-10,2012-03-18,3.0,34.0,3.0,34.0
32498,Yusuf Khan Pathan,1982-11-17,43y 230d,India,Allrounder,Right hand Bat,Right arm Offbreak,2007 - 2012,2007/08,IPL 2007/08,RR,16,15.0,1.0,435.0,68.0,31.07,243.0,179.01,0.0,4.0,43.0,25.0,3,0,8.0,8.16,169.0,3/22,3/22,28.75,21.1,0.0,0.0,0.0,2007-09-24,2012-03-30,2008-06-10,2012-03-18,3.0,22.0,3.0,22.0
26206,Balachandra Akhil,1977-10-07,48y 271d,India,Bowler,Right hand Bat,Right arm Medium fast,,2011,IPL 2011,Kochi,1,1.0,0.0,13.0,13.0,13.0,9.0,144.44,0.0,0.0,0.0,1.0,0,0,0.0,11.0,12.0,,,,,0.0,0.0,0.0,,,,,,,,
26206,Balachandra Akhil,1977-10-07,48y 271d,India,Bowler,Right hand Bat,Right arm Medium fast,,2009/10,IPL 2009/10,RCB,1,,,,,,,,,,,,0,0,0.0,6.0,6.0,,,,,0.0,0.0,0.0,,,,,,,,
26206,Balachandra Akhil,1977-10-07,48y 271d,India,Bowler,Right hand Bat,Right arm Medium fast,,2009,IPL 2009,RCB,6,3.0,1.0,17.0,9.0,8.5,15.0,113.33,0.0,0.0,1.0,1.0,0,0,4.0,7.27,66.0,2/18,2/18,20.0,16.5,0.0,0.0,0.0,,,,,2.0,18.0,2.0,18.0
26206,Balachandra Akhil,1977-10-07,48y 271d,India,Bowler,Right hand Bat,Right arm Medium fast,,2007/08,IPL 2007/08,RCB,7,7.0,4.0,46.0,27.0,15.33,31.0,148.38,0.0,0.0,4.0,3.0,3,0,2.0,7.73,104.0,2/17,2/17,67.0,52.0,0.0,0.0,0.0,,,,,2.0,17.0,2.0,17.0
28830,Yalaka Gnaneswara Rao,1984-08-25,41y 314d,India,Allrounder,Right hand Bat,Right arm Medium,,2011,IPL 2011,Kochi,2,1.0,0.0,19.0,19.0,19.0,17.0,111.76,0.0,0.0,3.0,0.0,2,0,0.0,7.0,6.0,,,,,0.0,0.0,0.0,,,,,,,,
6161,Michael Klinger,1980-07-04,46y 1d,Australia,Batter,Right hand Bat,,2017 - 2017,2011,IPL 2011,Kochi,4,4.0,0.0,73.0,29.0,18.25,77.0,94.8,0.0,0.0,9.0,0.0,0,0,,,,,,,,,,,2017-02-17,2017-02-22,,,,,,
32211,Padmanabhan Prasanth,1985-09-03,40y 305d,India,Allrounder,Left hand Bat,Slow Left arm Orthodox,,2011,IPL 2011,Kochi,1,,,,,,,,,,,,0,0,0.0,18.0,6.0,,,,,0.0,0.0,0.0,,,,,,,,
279562,Prasanth Parameswaran,1985-05-30,41y 36d,India,,Right hand Bat,Left arm Medium,,2012,IPL 2012,RCB,3,1.0,1.0,0.0,0.0,,1.0,0.0,0.0,0.0,0.0,0.0,1,0,5.0,8.7,60.0,3/30,3/30,17.4,12.0,0.0,0.0,0.0,,,,,3.0,30.0,3.0,30.0
279562,Prasanth Parameswaran,1985-05-30,41y 36d,India,,Right hand Bat,Left arm Medium,,2011,IPL 2011,Kochi,5,1.0,1.0,1.0,1.0,,1.0,100.0,0.0,0.0,0.0,0.0,0,0,4.0,8.74,94.0,2/20,2/20,34.25,23.5,0.0,0.0,0.0,,,,,2.0,20.0,2.0,20.0
28846,Raiphi Vincent Gomez,1985-10-16,40y 262d,India,Allrounder,Right hand Bat,Right arm Medium,,2013,IPL 2013,PWI,2,1.0,1.0,4.0,4.0,,1.0,400.0,0.0,0.0,1.0,0.0,2,0,0.0,5.0,6.0,,,,,0.0,0.0,0.0,,,,,,,,
28846,Raiphi Vincent Gomez,1985-10-16,40y 262d,India,Allrounder,Right hand Bat,Right arm Medium,,2011,IPL 2011,Kochi,11,8.0,3.0,46.0,26.0,9.2,50.0,92.0,0.0,0.0,4.0,1.0,1,0,5.0,8.26,90.0,2/14,2/14,24.8,18.0,0.0,0.0,0.0,,,,,2.0,14.0,2.0,14.0
32391,Ramesh Rajaram Powar,1978-05-20,48y 46d,India,Bowler,Right hand Bat,Right arm Offbreak,2004 - 2007,2012,IPL 2012,PBKS,1,,,,,,,,,,,,0,0,0.0,10.66,18.0,,,,,0.0,0.0,0.0,,,2004-03-16,2007-10-02,,,,
32391,Ramesh Rajaram Powar,1978-05-20,48y 46d,India,Bowler,Right hand Bat,Right arm Offbreak,2004 - 2007,2011,IPL 2011,Kochi,5,3.0,2.0,11.0,8.0,11.0,13.0,84.61,0.0,0.0,0.0,0.0,0,0,2.0,9.33,72.0,1/20,1/20,56.0,36.0,0.0,0.0,0.0,,,2004-03-16,2007-10-02,1.0,20.0,1.0,20.0
32391,Ramesh Rajaram Powar,1978-05-20,48y 46d,India,Bowler,Right hand Bat,Right arm Offbreak,2004 - 2007,2009/10,IPL 2009/10,PBKS,7,2.0,1.0,5.0,3.0,5.0,8.0,62.5,0.0,0.0,0.0,0.0,0,0,3.0,6.95,138.0,2/28,2/28,53.33,46.0,0.0,0.0,0.0,,,2004-03-16,2007-10-02,2.0,28.0,2.0,28.0
32391,Ramesh Rajaram Powar,1978-05-20,48y 46d,India,Bowler,Right hand Bat,Right arm Offbreak,2004 - 2007,2009,IPL 2009,PBKS,9,4.0,3.0,23.0,10.0,23.0,22.0,104.54,0.0,0.0,2.0,0.0,3,0,5.0,6.28,126.0,2/11,2/11,26.4,25.2,0.0,0.0,0.0,,,2004-03-16,2007-10-02,2.0,11.0,2.0,11.0
32391,Ramesh Rajaram Powar,1978-05-20,48y 46d,India,Bowler,Right hand Bat,Right arm Offbreak,2004 - 2007,2007/08,IPL 2007/08,PBKS,5,1.0,1.0,28.0,28.0,,21.0,133.33,0.0,0.0,4.0,1.0,2,0,3.0,7.58,72.0,2/22,2/22,30.33,24.0,0.0,0.0,0.0,,,2004-03-16,2007-10-02,2.0,22.0,2.0,22.0
34274,Shanthakumaran Sreesanth,1983-02-06,43y 149d,India,Bowler,Right hand Bat,Right arm Fast medium,2005 - 2011,2013,IPL 2013,RR,7,3.0,2.0,1.0,1.0,1.0,4.0,25.0,0.0,0.0,0.0,0.0,0,0,5.0,7.52,130.0,2/20,2/20,32.6,26.0,0.0,0.0,0.0,2006-12-01,2008-02-01,2005-10-25,2011-04-02,2.0,20.0,2.0,20.0
34274,Shanthakumaran Sreesanth,1983-02-06,43y 149d,India,Bowler,Right hand Bat,Right arm Fast medium,2005 - 2011,2011,IPL 2011,Kochi,9,3.0,1.0,1.0,1.0,0.5,9.0,11.11,0.0,0.0,0.0,0.0,1,0,7.0,6.47,191.0,2/10,2/10,29.42,27.2,0.0,0.0,0.0,2006-12-01,2008-02-01,2005-10-25,2011-04-02,2.0,10.0,2.0,10.0
34274,Shanthakumaran Sreesanth,1983-02-06,43y 149d,India,Bowler,Right hand Bat,Right arm Fast medium,2005 - 2011,2009/10,IPL 2009/10,PBKS,6,3.0,3.0,27.0,15.0,,21.0,128.57,0.0,0.0,5.0,0.0,0,0,3.0,9.84,114.0,2/24,2/24,62.33,38.0,0.0,0.0,0.0,2006-12-01,2008-02-01,2005-10-25,2011-04-02,2.0,24.0,2.0,24.0
34274,Shanthakumaran Sreesanth,1983-02-06,43y 149d,India,Bowler,Right hand Bat,Right arm Fast medium,2005 - 2011,2009,IPL 2009,PBKS,7,2.0,2.0,5.0,4.0,,18.0,27.77,0.0,0.0,1.0,0.0,0,0,6.0,8.34,138.0,2/20,2/20,32.0,23.0,0.0,0.0,0.0,2006-12-01,2008-02-01,2005-10-25,2011-04-02,2.0,20.0,2.0,20.0
34274,Shanthakumaran Sreesanth,1983-02-06,43y 149d,India,Bowler,Right hand Bat,Right arm Fast medium,2005 - 2011,2007/08,IPL 2007/08,PBKS,15,3.0,2.0,0.0,0.0,0.0,3.0,0.0,0.0,0.0,0.0,0.0,2,0,19.0,8.63,307.0,3/29,3/29,23.26,16.1,0.0,0.0,0.0,2006-12-01,2008-02-01,2005-10-25,2011-04-02,3.0,29.0,3.0,29.0
1175485,Abdul Samad Farooq,2001-10-28,24y 250d,India,Batter,Right hand Bat,Legbreak,,2026,IPL 2026,LSG,8,8.0,2.0,116.0,37.0,19.33,88.0,131.81,0.0,0.0,10.0,5.0,2,0,0.0,36.0,1.0,,,,,0.0,0.0,0.0,,,,,,,,
1175485,Abdul Samad Farooq,2001-10-28,24y 250d,India,Batter,Right hand Bat,Legbreak,,2025,IPL 2025,LSG,13,12.0,4.0,164.0,45.0,20.5,93.0,176.34,0.0,0.0,8.0,14.0,4,0,0.0,18.0,2.0,,,,,0.0,0.0,0.0,,,,,,,,
1175485,Abdul Samad Farooq,2001-10-28,24y 250d,India,Batter,Right hand Bat,Legbreak,,2024,IPL 2024,SRH,16,12.0,2.0,182.0,37.0,18.2,108.0,168.51,0.0,0.0,15.0,11.0,9,0,,,,,,,,,,,,,,,,,,
1175485,Abdul Samad Farooq,2001-10-28,24y 250d,India,Batter,Right hand Bat,Legbreak,,2023,IPL 2023,SRH,9,8.0,4.0,169.0,37.0,42.25,128.0,132.03,0.0,0.0,10.0,11.0,4,0,,,,,,,,,,,,,,,,,,
1175485,Abdul Samad Farooq,2001-10-28,24y 250d,India,Batter,Right hand Bat,Legbreak,,2022,IPL 2022,SRH,2,2.0,0.0,4.0,4.0,2.0,7.0,57.14,0.0,0.0,0.0,0.0,1,0,0.0,8.0,6.0,,,,,0.0,0.0,0.0,,,,,,,,
1175485,Abdul Samad Farooq,2001-10-28,24y 250d,India,Batter,Right hand Bat,Legbreak,,2021,IPL 2021,SRH,11,10.0,1.0,111.0,28.0,12.33,87.0,127.58,0.0,0.0,4.0,8.0,8,0,1.0,9.0,6.0,1/9,1/9,9.0,6.0,0.0,0.0,0.0,,,,,1.0,9.0,1.0,9.0
1175485,Abdul Samad Farooq,2001-10-28,24y 250d,India,Batter,Right hand Bat,Legbreak,,2020/21,IPL 2020/21,SRH,12,8.0,3.0,111.0,33.0,22.2,65.0,170.76,0.0,0.0,8.0,6.0,5,0,1.0,13.71,42.0,1/41,1/41,96.0,42.0,0.0,0.0,0.0,,,,,1.0,41.0,1.0,41.0
600498,Aiden Kyle Markram,1994-10-04,31y 274d,South Africa,Middle order Batter,Right hand Bat,Right arm Offbreak,2017 - 2026,2026,IPL 2026,LSG,12,11.0,2.0,231.0,45.0,25.66,167.0,138.32,0.0,0.0,20.0,11.0,8,0,0.0,13.83,36.0,,,,,0.0,0.0,0.0,2019-03-22,2026-03-04,2017-10-22,2025-12-06,,,,
600498,Aiden Kyle Markram,1994-10-04,31y 274d,South Africa,Middle order Batter,Right hand Bat,Right arm Offbreak,2017 - 2026,2025,IPL 2025,LSG,13,13.0,0.0,445.0,66.0,34.23,299.0,148.82,0.0,5.0,38.0,22.0,7,0,4.0,9.27,66.0,2/30,2/30,25.5,16.5,0.0,0.0,0.0,2019-03-22,2026-03-04,2017-10-22,2025-12-06,2.0,30.0,2.0,30.0
600498,Aiden Kyle Markram,1994-10-04,31y 274d,South Africa,Middle order Batter,Right hand Bat,Right arm Offbreak,2017 - 2026,2024,IPL 2024,SRH,11,11.0,2.0,220.0,50.0,24.44,177.0,124.29,0.0,1.0,18.0,4.0,5,0,0.0,7.5,12.0,,,,,0.0,0.0,0.0,2019-03-22,2026-03-04,2017-10-22,2025-12-06,,,,
600498,Aiden Kyle Markram,1994-10-04,31y 274d,South Africa,Middle order Batter,Right hand Bat,Right arm Offbreak,2017 - 2026,2023,IPL 2023,SRH,13,13.0,2.0,248.0,50.0,22.54,197.0,125.88,0.0,1.0,18.0,8.0,11,0,1.0,8.57,49.0,1/24,1/24,70.0,49.0,0.0,0.0,0.0,2019-03-22,2026-03-04,2017-10-22,2025-12-06,1.0,24.0,1.0,24.0
600498,Aiden Kyle Markram,1994-10-04,31y 274d,South Africa,Middle order Batter,Right hand Bat,Right arm Offbreak,2017 - 2026,2022,IPL 2022,SRH,14,12.0,4.0,381.0,68.0,47.62,274.0,139.05,0.0,3.0,25.0,19.0,6,0,1.0,10.66,36.0,1/8,1/8,64.0,36.0,0.0,0.0,0.0,2019-03-22,2026-03-04,2017-10-22,2025-12-06,1.0,8.0,1.0,8.0
600498,Aiden Kyle Markram,1994-10-04,31y 274d,South Africa,Middle order Batter,Right hand Bat,Right arm Offbreak,2017 - 2026,2021,IPL 2021,PBKS,6,6.0,1.0,146.0,42.0,29.2,119.0,122.68,0.0,0.0,12.0,4.0,3,0,0.0,5.75,24.0,,,,,0.0,0.0,0.0,2019-03-22,2026-03-04,2017-10-22,2025-12-06,,,,
1176959,Akash Deep,1996-12-15,29y 202d,India,Bowler,Right hand Bat,Right arm Fast medium,2024 - 2025,2025,IPL 2025,LSG,6,2.0,1.0,6.0,6.0,6.0,2.0,300.0,0.0,0.0,0.0,1.0,0,0,3.0,12.05,114.0,2/55,2/55,76.33,38.0,0.0,0.0,0.0,,,,,2.0,55.0,2.0,55.0
1176959,Akash Deep,1996-12-15,29y 202d,India,Bowler,Right hand Bat,Right arm Fast medium,2024 - 2025,2024,IPL 2024,RCB,1,1.0,1.0,2.0,2.0,,2.0,100.0,0.0,0.0,0.0,0.0,0,0,1.0,15.71,21.0,1/55,1/55,55.0,21.0,0.0,0.0,0.0,,,,,1.0,55.0,1.0,55.0
1176959,Akash Deep,1996-12-15,29y 202d,India,Bowler,Right hand Bat,Right arm Fast medium,2024 - 2025,2023,IPL 2023,RCB,2,1.0,0.0,17.0,17.0,17.0,8.0,212.5,0.0,0.0,2.0,1.0,1,0,1.0,11.8,30.0,1/29,1/29,59.0,30.0,0.0,0.0,0.0,,,,,1.0,29.0,1.0,29.0
1176959,Akash Deep,1996-12-15,29y 202d,India,Bowler,Right hand Bat,Right arm Fast medium,2024 - 2025,2022,IPL 2022,RCB,5,1.0,0.0,0.0,0.0,0.0,2.0,0.0,0.0,0.0,0.0,0.0,2,0,5.0,10.88,113.0,3/45,3/45,41.0,22.6,0.0,0.0,0.0,,,,,3.0,45.0,3.0,45.0
1300795,Akshat Raghuwanshi,2003-09-15,22y 293d,India,Middle order Batter,Right hand Bat,Right arm Offbreak,,2026,IPL 2026,LSG,3,2.0,0.0,29.0,18.0,14.5,25.0,115.99,0.0,0.0,1.0,1.0,1,0,,,,,,,,,,,,,,,,,,
1148776,Arjun Sachin Tendulkar,1999-09-24,26y 284d,India,Bowler,Left hand Bat,Left arm Medium fast,,2026,IPL 2026,LSG,1,1.0,1.0,5.0,5.0,,5.0,100.0,0.0,0.0,0.0,0.0,1,0,1.0,9.0,24.0,1/36,1/36,36.0,24.0,0.0,0.0,0.0,,,,,1.0,36.0,1.0,36.0
1148776,Arjun Sachin Tendulkar,1999-09-24,26y 284d,India,Bowler,Left hand Bat,Left arm Medium fast,,2024,IPL 2024,MI,1,,,,,,,,,,,,0,0,0.0,9.42,14.0,,,,,0.0,0.0,0.0,,,,,,,,
1148776,Arjun Sachin Tendulkar,1999-09-24,26y 284d,India,Bowler,Left hand Bat,Left arm Medium fast,,2023,IPL 2023,MI,4,1.0,0.0,13.0,13.0,13.0,9.0,144.44,0.0,0.0,0.0,1.0,0,0,3.0,9.35,59.0,1/9,1/9,30.66,19.6,0.0,0.0,0.0,,,,,1.0,9.0,1.0,9.0
1403153,Arshin Atul Kulkarni,2005-02-15,21y 140d,India,Allrounder,Right hand Bat,Right arm Medium,,2026,IPL 2026,LSG,2,2.0,0.0,17.0,17.0,8.5,25.0,68.0,0.0,0.0,1.0,0.0,0,0,,,,,,,,,,,,,,,,,,
1403153,Arshin Atul Kulkarni,2005-02-15,21y 140d,India,Allrounder,Right hand Bat,Right arm Medium,,2024,IPL 2024,LSG,2,2.0,0.0,9.0,9.0,4.5,8.0,112.5,0.0,0.0,2.0,0.0,0,0,,,,,,,,,,,,,,,,,,
500268,Ashton James Turner,1993-01-25,33y 161d,Australia,Middle order Batter,Right hand Bat,Right arm Offbreak,2017 - 2023,2024,IPL 2024,LSG,2,2.0,0.0,21.0,16.0,10.5,18.0,116.66,0.0,0.0,0.0,2.0,0,0,,,,,,,,,,,2017-02-17,2023-09-03,2019-03-02,2021-07-26,,,,
500268,Ashton James Turner,1993-01-25,33y 161d,Australia,Middle order Batter,Right hand Bat,Right arm Offbreak,2017 - 2023,2019,IPL 2019,RR,4,4.0,1.0,3.0,3.0,1.0,10.0,30.0,0.0,0.0,0.0,0.0,0,0,,,,,,,,,,,2017-02-17,2023-09-03,2019-03-02,2021-07-26,,,,
1151270,Ayush Badoni,1999-12-03,26y 214d,India,Batter,Right hand Bat,Right arm Offbreak,,2026,IPL 2026,LSG,10,10.0,0.0,215.0,54.0,21.5,141.0,152.48,0.0,1.0,23.0,9.0,1,0,0.0,14.0,6.0,,,,,0.0,0.0,0.0,,,,,,,,
1151270,Ayush Badoni,1999-12-03,26y 214d,India,Batter,Right hand Bat,Right arm Offbreak,,2025,IPL 2025,LSG,14,11.0,1.0,329.0,74.0,32.9,222.0,148.19,0.0,2.0,27.0,14.0,4,0,2.0,7.8,10.0,2/4,2/4,6.5,5.0,0.0,0.0,0.0,,,,,2.0,4.0,2.0,4.0
1151270,Ayush Badoni,1999-12-03,26y 214d,India,Batter,Right hand Bat,Right arm Offbreak,,2024,IPL 2024,LSG,14,12.0,4.0,235.0,55.0,29.37,171.0,137.42,0.0,2.0,22.0,5.0,3,0,0.0,12.5,12.0,,,,,0.0,0.0,0.0,,,,,,,,
1151270,Ayush Badoni,1999-12-03,26y 214d,India,Batter,Right hand Bat,Right arm Offbreak,,2023,IPL 2023,LSG,15,12.0,2.0,238.0,59.0,23.8,172.0,138.37,0.0,1.0,13.0,12.0,2,0,0.0,0.0,1.0,,,,,0.0,0.0,0.0,,,,,,,,
1151270,Ayush Badoni,1999-12-03,26y 214d,India,Batter,Right hand Bat,Right arm Offbreak,,2022,IPL 2022,LSG,13,11.0,3.0,161.0,54.0,20.12,130.0,123.84,0.0,1.0,11.0,7.0,9,0,2.0,5.5,12.0,1/5,1/5,5.5,6.0,0.0,0.0,0.0,,,,,1.0,5.0,1.0,5.0
1119026,Devdutt Padikkal,2000-07-07,25y 363d,India,Top order Batter,Left hand Bat,Right arm Offbreak,2021 - 2024,2026,IPL 2026,RCB,16,15.0,1.0,464.0,61.0,33.14,275.0,168.72,0.0,3.0,49.0,24.0,13,0,,,,,,,,,,,2021-07-28,2021-07-29,,,,,,
1119026,Devdutt Padikkal,2000-07-07,25y 363d,India,Top order Batter,Left hand Bat,Right arm Offbreak,2021 - 2024,2025,IPL 2025,RCB,10,10.0,1.0,247.0,61.0,27.44,164.0,150.6,0.0,2.0,21.0,14.0,1,0,,,,,,,,,,,2021-07-28,2021-07-29,,,,,,
1119026,Devdutt Padikkal,2000-07-07,25y 363d,India,Top order Batter,Left hand Bat,Right arm Offbreak,2021 - 2024,2024,IPL 2024,LSG,7,7.0,0.0,38.0,13.0,5.42,53.0,71.69,0.0,0.0,3.0,0.0,3,0,,,,,,,,,,,2021-07-28,2021-07-29,,,,,,
1119026,Devdutt Padikkal,2000-07-07,25y 363d,India,Top order Batter,Left hand Bat,Right arm Offbreak,2021 - 2024,2023,IPL 2023,RR,11,11.0,1.0,261.0,52.0,26.1,200.0,130.5,0.0,2.0,31.0,6.0,4,0,,,,,,,,,,,2021-07-28,2021-07-29,,,,,,
1119026,Devdutt Padikkal,2000-07-07,25y 363d,India,Top order Batter,Left hand Bat,Right arm Offbreak,2021 - 2024,2022,IPL 2022,RR,17,17.0,0.0,376.0,54.0,22.11,306.0,122.87,0.0,1.0,40.0,14.0,5,0,,,,,,,,,,,2021-07-28,2021-07-29,,,,,,
1119026,Devdutt Padikkal,2000-07-07,25y 363d,India,Top order Batter,Left hand Bat,Right arm Offbreak,2021 - 2024,2021,IPL 2021,RCB,14,14.0,1.0,411.0,101.0,31.61,328.0,125.3,1.0,1.0,44.0,14.0,7,0,,,,,,,,,,,2021-07-28,2021-07-29,,,,,,
1119026,Devdutt Padikkal,2000-07-07,25y 363d,India,Top order Batter,Left hand Bat,Right arm Offbreak,2021 - 2024,2020/21,IPL 2020/21,RCB,15,15.0,0.0,473.0,74.0,31.53,379.0,124.8,0.0,5.0,51.0,8.0,8,0,,,,,,,,,,,2021-07-28,2021-07-29,,,,,,
1460529,Digvesh Singh Rathi,1999-12-15,26y 202d,India,Bowler,Right hand Bat,Legbreak,,2026,IPL 2026,LSG,10,2.0,2.0,2.0,2.0,,5.0,40.0,0.0,0.0,0.0,0.0,4,0,5.0,10.17,234.0,2/45,2/45,79.4,46.8,0.0,0.0,0.0,,,,,2.0,45.0,2.0,45.0
1460529,Digvesh Singh Rathi,1999-12-15,26y 202d,India,Bowler,Right hand Bat,Legbreak,,2025,IPL 2025,LSG,13,2.0,1.0,1.0,1.0,1.0,3.0,33.33,0.0,0.0,0.0,0.0,3,0,14.0,8.25,312.0,2/30,2/30,30.64,22.2,0.0,0.0,0.0,,,,,2.0,30.0,2.0,30.0
431901,Evin Lewis,1991-12-27,34y 190d,West Indies,Opening Batter,Left hand Bat,,2016 - 2026,2022,IPL 2022,LSG,6,5.0,2.0,73.0,55.0,24.33,56.0,130.35,0.0,1.0,8.0,3.0,3,0,,,,,,,,,,,2016-03-27,2026-01-21,2016-10-05,2025-08-12,,,,
431901,Evin Lewis,1991-12-27,34y 190d,West Indies,Opening Batter,Left hand Bat,,2016 - 2026,2021,IPL 2021,RR,5,5.0,0.0,151.0,58.0,30.2,93.0,162.36,0.0,1.0,18.0,7.0,0,0,,,,,,,,,,,2016-03-27,2026-01-21,2016-10-05,2025-08-12,,,,
431901,Evin Lewis,1991-12-27,34y 190d,West Indies,Opening Batter,Left hand Bat,,2016 - 2026,2019,IPL 2019,MI,3,3.0,0.0,48.0,32.0,16.0,52.0,92.3,0.0,0.0,4.0,2.0,3,0,,,,,,,,,,,2016-03-27,2026-01-21,2016-10-05,2025-08-12,,,,
431901,Evin Lewis,1991-12-27,34y 190d,West Indies,Opening Batter,Left hand Bat,,2016 - 2026,2018,IPL 2018,MI,13,13.0,0.0,382.0,65.0,29.38,276.0,138.4,0.0,2.0,32.0,24.0,3,0,,,,,,,,,,,2016-03-27,2026-01-21,2016-10-05,2025-08-12,,,,
481875,George Fredrik Linde,1991-12-04,34y 213d,South Africa,Allrounder,Left hand Bat,Slow Left arm Orthodox,2019 - 2026,2026,IPL 2026,LSG,3,3.0,0.0,31.0,16.0,10.33,21.0,147.61,0.0,0.0,6.0,0.0,0,0,1.0,8.91,37.0,1/18,1/18,55.0,37.0,0.0,0.0,0.0,2020-11-27,2026-03-25,2021-09-04,2025-11-06,1.0,18.0,1.0,18.0
805235,Himmat Singh,1996-11-08,29y 239d,India,Batter,Right hand Bat,Right arm Offbreak,,2026,IPL 2026,LSG,6,5.0,2.0,92.0,40.0,30.66,69.0,133.33,0.0,0.0,5.0,5.0,0,0,,,,,,,,,,,,,,,,,,
805235,Himmat Singh,1996-11-08,29y 239d,India,Batter,Right hand Bat,Right arm Offbreak,,2025,IPL 2025,LSG,3,,,,,,,,,,,,1,0,,,,,,,,,,,,,,,,,,
662235,Joshua Patrick Inglis,1995-03-04,31y 123d,Australia,Wicketkeeper Batter,Right hand Bat,,2022 - 2026,2026,IPL 2026,LSG,5,5.0,0.0,266.0,85.0,53.2,143.0,186.01,0.0,3.0,32.0,12.0,1,0,,,,,,,,,,,2022-02-11,2026-06-21,2022-06-24,2026-06-14,,,,
662235,Joshua Patrick Inglis,1995-03-04,31y 123d,Australia,Wicketkeeper Batter,Right hand Bat,,2022 - 2026,2025,IPL 2025,PBKS,11,11.0,2.0,278.0,73.0,30.88,171.0,162.57,0.0,1.0,26.0,16.0,9,1,,,,,,,,,,,2022-02-11,2026-06-21,2022-06-24,2026-06-14,,,,
1246518,Karan Sunny Sharma,1998-10-31,27y 247d,India,Allrounder,Right hand Bat,Right arm Offbreak,,2023,IPL 2023,LSG,2,2.0,0.0,12.0,9.0,6.0,21.0,57.14,0.0,0.0,0.0,0.0,0,0,,,,,,,,,,,,,,,,,,
1246518,Karan Sunny Sharma,1998-10-31,27y 247d,India,Allrounder,Right hand Bat,Right arm Offbreak,,2022,IPL 2022,LSG,1,1.0,0.0,4.0,4.0,4.0,4.0,100.0,0.0,0.0,1.0,0.0,0,0,,,,,,,,,,,,,,,,,,
424377,Krishnappa Gowtham,1988-10-20,37y 258d,India,Bowling Allrounder,Right hand Bat,Right arm Offbreak,2021 - 2021,2024,IPL 2024,LSG,1,,,,,,,,,,,,0,0,0.0,14.5,12.0,,,,,0.0,0.0,0.0,,,2021-07-23,2012-11-17,,,,
424377,Krishnappa Gowtham,1988-10-20,37y 258d,India,Bowling Allrounder,Right hand Bat,Right arm Offbreak,2021 - 2021,2023,IPL 2023,LSG,7,7.0,3.0,61.0,23.0,15.25,37.0,164.86,0.0,0.0,2.0,5.0,5,0,3.0,7.37,96.0,1/10,1/10,39.33,32.0,0.0,0.0,0.0,,,2021-07-23,2012-11-17,1.0,10.0,1.0,10.0
424377,Krishnappa Gowtham,1988-10-20,37y 258d,India,Bowling Allrounder,Right hand Bat,Right arm Offbreak,2021 - 2021,2022,IPL 2022,LSG,4,1.0,0.0,0.0,0.0,0.0,1.0,0.0,0.0,0.0,0.0,0.0,2,0,5.0,8.25,72.0,2/30,2/30,19.8,14.4,0.0,0.0,0.0,,,2021-07-23,2012-11-17,2.0,30.0,2.0,30.0
424377,Krishnappa Gowtham,1988-10-20,37y 258d,India,Bowling Allrounder,Right hand Bat,Right arm Offbreak,2021 - 2021,2020/21,IPL 2020/21,PBKS,2,2.0,1.0,42.0,22.0,42.0,27.0,155.55,0.0,0.0,3.0,2.0,0,0,1.0,10.5,48.0,1/45,1/45,84.0,48.0,0.0,0.0,0.0,,,2021-07-23,2012-11-17,1.0,45.0,1.0,45.0
424377,Krishnappa Gowtham,1988-10-20,37y 258d,India,Bowling Allrounder,Right hand Bat,Right arm Offbreak,2021 - 2021,2019,IPL 2019,RR,7,4.0,1.0,18.0,9.0,6.0,19.0,94.73,0.0,0.0,1.0,1.0,0,0,1.0,8.3,120.0,1/32,1/32,166.0,120.0,0.0,0.0,0.0,,,2021-07-23,2012-11-17,1.0,32.0,1.0,32.0
424377,Krishnappa Gowtham,1988-10-20,37y 258d,India,Bowling Allrounder,Right hand Bat,Right arm Offbreak,2021 - 2021,2018,IPL 2018,RR,15,13.0,4.0,126.0,33.0,14.0,64.0,196.87,0.0,0.0,9.0,9.0,10,0,11.0,7.8,240.0,2/12,2/12,28.36,21.8,0.0,0.0,0.0,,,2021-07-23,2012-11-17,2.0,12.0,2.0,12.0
471342,Krunal Himanshu Pandya,1991-03-24,35y 103d,India,Allrounder,Left hand Bat,Slow Left arm Orthodox,2018 - 2021,2026,IPL 2026,RCB,16,9.0,3.0,226.0,73.0,37.66,155.0,145.8,0.0,1.0,20.0,11.0,2,0,14.0,8.41,303.0,2/16,2/16,30.35,21.6,0.0,0.0,0.0,2018-11-04,2021-07-25,2021-03-23,2021-07-20,2.0,16.0,2.0,16.0
471342,Krunal Himanshu Pandya,1991-03-24,35y 103d,India,Allrounder,Left hand Bat,Slow Left arm Orthodox,2018 - 2021,2025,IPL 2025,RCB,15,7.0,1.0,109.0,73.0,18.16,86.0,126.74,0.0,1.0,9.0,4.0,6,0,17.0,8.23,276.0,4/45,4/45,22.29,16.2,1.0,0.0,0.0,2018-11-04,2021-07-25,2021-03-23,2021-07-20,4.0,45.0,4.0,45.0
471342,Krunal Himanshu Pandya,1991-03-24,35y 103d,India,Allrounder,Left hand Bat,Slow Left arm Orthodox,2018 - 2021,2024,IPL 2024,LSG,14,12.0,8.0,133.0,43.0,33.25,105.0,126.66,0.0,0.0,8.0,5.0,3,0,6.0,7.72,198.0,3/11,3/11,42.5,33.0,0.0,0.0,0.0,2018-11-04,2021-07-25,2021-03-23,2021-07-20,3.0,11.0,3.0,11.0
471342,Krunal Himanshu Pandya,1991-03-24,35y 103d,India,Allrounder,Left hand Bat,Slow Left arm Orthodox,2018 - 2021,2023,IPL 2023,LSG,15,14.0,4.0,188.0,49.0,18.8,165.0,113.93,0.0,0.0,15.0,6.0,8,0,9.0,7.45,252.0,3/18,3/18,34.77,28.0,0.0,0.0,0.0,2018-11-04,2021-07-25,2021-03-23,2021-07-20,3.0,18.0,3.0,18.0
471342,Krunal Himanshu Pandya,1991-03-24,35y 103d,India,Allrounder,Left hand Bat,Slow Left arm Orthodox,2018 - 2021,2022,IPL 2022,LSG,14,13.0,4.0,183.0,42.0,20.33,145.0,126.2,0.0,0.0,16.0,4.0,7,0,10.0,6.97,228.0,3/19,3/19,26.5,22.8,0.0,0.0,0.0,2018-11-04,2021-07-25,2021-03-23,2021-07-20,3.0,19.0,3.0,19.0
471342,Krunal Himanshu Pandya,1991-03-24,35y 103d,India,Allrounder,Left hand Bat,Slow Left arm Orthodox,2018 - 2021,2021,IPL 2021,MI,13,12.0,2.0,143.0,39.0,14.3,123.0,116.26,0.0,0.0,10.0,6.0,6,0,5.0,7.98,199.0,1/13,1/13,53.0,39.8,0.0,0.0,0.0,2018-11-04,2021-07-25,2021-03-23,2021-07-20,1.0,13.0,1.0,13.0
471342,Krunal Himanshu Pandya,1991-03-24,35y 103d,India,Allrounder,Left hand Bat,Slow Left arm Orthodox,2018 - 2021,2020/21,IPL 2020/21,MI,16,12.0,6.0,109.0,34.0,18.16,92.0,118.47,0.0,0.0,9.0,5.0,4,0,6.0,7.57,301.0,2/26,2/26,63.33,50.1,0.0,0.0,0.0,2018-11-04,2021-07-25,2021-03-23,2021-07-20,2.0,26.0,2.0,26.0
471342,Krunal Himanshu Pandya,1991-03-24,35y 103d,India,Allrounder,Left hand Bat,Slow Left arm Orthodox,2018 - 2021,2019,IPL 2019,MI,16,15.0,4.0,183.0,42.0,16.63,150.0,122.0,0.0,0.0,18.0,5.0,5,0,12.0,7.28,276.0,3/34,3/34,27.91,23.0,0.0,0.0,0.0,2018-11-04,2021-07-25,2021-03-23,2021-07-20,3.0,34.0,3.0,34.0
471342,Krunal Himanshu Pandya,1991-03-24,35y 103d,India,Allrounder,Left hand Bat,Slow Left arm Orthodox,2018 - 2021,2018,IPL 2018,MI,14,13.0,3.0,228.0,41.0,22.8,157.0,145.22,0.0,0.0,22.0,10.0,9,0,12.0,7.07,241.0,3/28,3/28,23.66,20.0,0.0,0.0,0.0,2018-11-04,2021-07-25,2021-03-23,2021-07-20,3.0,28.0,3.0,28.0
471342,Krunal Himanshu Pandya,1991-03-24,35y 103d,India,Allrounder,Left hand Bat,Slow Left arm Orthodox,2018 - 2021,2017,IPL 2017,MI,13,11.0,4.0,243.0,47.0,34.71,179.0,135.75,0.0,0.0,24.0,7.0,2,0,10.0,6.82,240.0,3/14,3/14,27.3,24.0,0.0,0.0,0.0,2018-11-04,2021-07-25,2021-03-23,2021-07-20,3.0,14.0,3.0,14.0
471342,Krunal Himanshu Pandya,1991-03-24,35y 103d,India,Allrounder,Left hand Bat,Slow Left arm Orthodox,2018 - 2021,2016,IPL 2016,MI,12,9.0,3.0,237.0,86.0,39.5,124.0,191.12,0.0,1.0,22.0,13.0,2,0,6.0,7.57,187.0,2/15,2/15,39.33,31.1,0.0,0.0,0.0,2018-11-04,2021-07-25,2021-03-23,2021-07-20,2.0,15.0,2.0,15.0
348056,Kyle Rico Mayers,1992-09-08,33y 300d,West Indies,Batting Allrounder,Left hand Bat,Right arm Medium,2020 - 2025,2023,IPL 2023,LSG,13,13.0,0.0,379.0,73.0,29.15,263.0,144.1,0.0,4.0,38.0,22.0,2,0,0.0,8.42,42.0,,,,,0.0,0.0,0.0,2020-11-29,2025-09-30,2021-01-20,2023-08-01,,,,
532856,Manan Vohra,1993-07-18,32y 352d,India,Opening Batter,Right hand Bat,Right arm Medium,,2023,IPL 2023,LSG,1,1.0,0.0,10.0,10.0,10.0,11.0,90.9,0.0,0.0,1.0,0.0,0,0,,,,,,,,,,,,,,,,,,
532856,Manan Vohra,1993-07-18,32y 352d,India,Opening Batter,Right hand Bat,Right arm Medium,,2022,IPL 2022,LSG,2,1.0,0.0,19.0,19.0,19.0,11.0,172.72,0.0,0.0,1.0,2.0,0,0,,,,,,,,,,,,,,,,,,
532856,Manan Vohra,1993-07-18,32y 352d,India,Opening Batter,Right hand Bat,Right arm Medium,,2021,IPL 2021,RR,4,4.0,0.0,42.0,14.0,10.5,39.0,107.69,0.0,0.0,5.0,2.0,0,0,,,,,,,,,,,,,,,,,,
532856,Manan Vohra,1993-07-18,32y 352d,India,Opening Batter,Right hand Bat,Right arm Medium,,2018,IPL 2018,RCB,4,4.0,0.0,55.0,45.0,13.75,47.0,117.02,0.0,0.0,2.0,4.0,0,0,,,,,,,,,,,,,,,,,,
532856,Manan Vohra,1993-07-18,32y 352d,India,Opening Batter,Right hand Bat,Right arm Medium,,2017,IPL 2017,PBKS,11,9.0,0.0,229.0,95.0,25.44,159.0,144.02,0.0,1.0,23.0,9.0,2,0,,,,,,,,,,,,,,,,,,
532856,Manan Vohra,1993-07-18,32y 352d,India,Opening Batter,Right hand Bat,Right arm Medium,,2016,IPL 2016,PBKS,7,7.0,0.0,161.0,51.0,23.0,131.0,122.9,0.0,1.0,19.0,3.0,3,0,,,,,,,,,,,,,,,,,,
532856,Manan Vohra,1993-07-18,32y 352d,India,Opening Batter,Right hand Bat,Right arm Medium,,2015,IPL 2015,PBKS,7,7.0,0.0,82.0,39.0,11.71,81.0,101.23,0.0,0.0,4.0,5.0,2,0,,,,,,,,,,,,,,,,,,
532856,Manan Vohra,1993-07-18,32y 352d,India,Opening Batter,Right hand Bat,Right arm Medium,,2014,IPL 2014,PBKS,8,8.0,0.0,324.0,67.0,40.5,233.0,139.05,0.0,1.0,27.0,16.0,3,0,,,,,,,,,,,,,,,,,,
532856,Manan Vohra,1993-07-18,32y 352d,India,Opening Batter,Right hand Bat,Right arm Medium,,2013,IPL 2013,PBKS,12,10.0,2.0,161.0,43.0,20.12,117.0,137.6,0.0,0.0,22.0,2.0,3,0,,,,,,,,,,,,,,,,,,
1151286,Manimaran Siddharth,1998-07-03,28y 2d,India,Bowler,Right hand Bat,Slow Left arm Orthodox,,2026,IPL 2026,LSG,4,,,,,,,,,,,,2,0,6.0,9.66,90.0,2/35,2/35,24.16,15.0,0.0,0.0,0.0,,,,,2.0,35.0,2.0,35.0
1151286,Manimaran Siddharth,1998-07-03,28y 2d,India,Bowler,Right hand Bat,Slow Left arm Orthodox,,2025,IPL 2025,LSG,2,,,,,,,,,,,,1,0,2.0,9.57,42.0,2/39,2/39,33.5,21.0,0.0,0.0,0.0,,,,,2.0,39.0,2.0,39.0
1151286,Manimaran Siddharth,1998-07-03,28y 2d,India,Bowler,Right hand Bat,Slow Left arm Orthodox,,2024,IPL 2024,LSG,3,,,,,,,,,,,,0,0,1.0,7.88,54.0,1/21,1/21,71.0,54.0,0.0,0.0,0.0,,,,,1.0,21.0,1.0,21.0
595267,Matthew Paul Breetzke,1998-11-03,27y 244d,South Africa,Batter,Right hand Bat,,2023 - 2025,2025,IPL 2025,LSG,1,1.0,0.0,14.0,14.0,14.0,12.0,116.66,0.0,0.0,1.0,1.0,0,0,,,,,,,,,,,2023-09-03,2025-11-01,2025-02-10,2025-12-06,,,,
1292563,Mayank Prabhu Yadav,2002-06-17,24y 18d,India,Bowler,Right hand Bat,Right arm Fast,2024 - 2024,2026,IPL 2026,LSG,4,1.0,0.0,5.0,5.0,5.0,5.0,100.0,0.0,0.0,1.0,0.0,0,0,0.0,11.37,96.0,,,,,0.0,0.0,0.0,2024-10-06,2024-10-12,,,,,,
1292563,Mayank Prabhu Yadav,2002-06-17,24y 18d,India,Bowler,Right hand Bat,Right arm Fast,2024 - 2024,2025,IPL 2025,LSG,2,,,,,,,,,,,,2,0,2.0,12.5,48.0,2/40,2/40,50.0,24.0,0.0,0.0,0.0,2024-10-06,2024-10-12,,,2.0,40.0,2.0,40.0
1292563,Mayank Prabhu Yadav,2002-06-17,24y 18d,India,Bowler,Right hand Bat,Right arm Fast,2024 - 2024,2024,IPL 2024,LSG,4,,,,,,,,,,,,1,0,7.0,6.98,73.0,3/14,3/14,12.14,10.4,0.0,0.0,0.0,2024-10-06,2024-10-12,,,3.0,14.0,3.0,14.0
1132005,Mohsin Khan,1998-07-15,27y 355d,India,Bowler,Left hand Bat,Left arm Medium fast,,2026,IPL 2026,LSG,7,2.0,0.0,0.0,0.0,0.0,4.0,0.0,0.0,0.0,0.0,0.0,2,0,11.0,8.14,168.0,5/23,5/23,20.72,15.2,0.0,1.0,0.0,,,,,5.0,23.0,5.0,23.0
1132005,Mohsin Khan,1998-07-15,27y 355d,India,Bowler,Left hand Bat,Left arm Medium fast,,2024,IPL 2024,LSG,10,1.0,0.0,2.0,2.0,2.0,1.0,200.0,0.0,0.0,0.0,0.0,1,0,10.0,10.13,228.0,2/29,2/29,38.5,22.8,0.0,0.0,0.0,,,,,2.0,29.0,2.0,29.0
1132005,Mohsin Khan,1998-07-15,27y 355d,India,Bowler,Left hand Bat,Left arm Medium fast,,2023,IPL 2023,LSG,5,1.0,0.0,0.0,0.0,0.0,7.0,0.0,0.0,0.0,0.0,0.0,0,0,3.0,10.7,60.0,1/24,1/24,35.66,20.0,0.0,0.0,0.0,,,,,1.0,24.0,1.0,24.0
1132005,Mohsin Khan,1998-07-15,27y 355d,India,Bowler,Left hand Bat,Left arm Medium fast,,2022,IPL 2022,LSG,9,3.0,2.0,23.0,13.0,23.0,16.0,143.75,0.0,0.0,2.0,1.0,1,0,14.0,5.96,198.0,4/16,4/16,14.07,14.1,1.0,0.0,0.0,,,,,4.0,16.0,4.0,16.0
1354217,Mukul Dalip Choudhary,2004-08-06,21y 333d,India,Wicketkeeper Batter,Right hand Bat,,,2026,IPL 2026,LSG,10,10.0,4.0,170.0,54.0,28.33,120.0,141.66,0.0,1.0,11.0,12.0,3,0,,,,,,,,,,,,,,,,,,
793447,Naveen-ul-Haq Murid,1999-09-23,26y 285d,Afghanistan,Bowler,Right hand Bat,Right arm Medium fast,2016 - 2024,2024,IPL 2024,LSG,10,3.0,3.0,2.0,2.0,,4.0,50.0,0.0,0.0,0.0,0.0,4,0,14.0,10.19,219.0,3/49,3/49,26.57,15.6,0.0,0.0,0.0,2019-09-21,2024-12-14,2016-09-25,2023-11-10,3.0,49.0,3.0,49.0
793447,Naveen-ul-Haq Murid,1999-09-23,26y 285d,Afghanistan,Bowler,Right hand Bat,Right arm Medium fast,2016 - 2024,2023,IPL 2023,LSG,8,3.0,2.0,16.0,13.0,16.0,21.0,76.19,0.0,0.0,2.0,0.0,2,0,11.0,7.82,168.0,4/38,4/38,19.9,15.2,1.0,0.0,0.0,2019-09-21,2024-12-14,2016-09-25,2023-11-10,4.0,38.0,4.0,38.0
604302,Nicholas Pooran,1995-10-02,30y 276d,West Indies,Wicketkeeper Batter,Left hand Bat,Right arm Offbreak,2016 - 2024,2026,IPL 2026,LSG,14,14.0,1.0,234.0,63.0,18.0,183.0,127.86,0.0,1.0,11.0,19.0,5,0,,,,,,,,,,,2016-09-23,2024-12-19,2019-02-20,2023-07-07,,,,
604302,Nicholas Pooran,1995-10-02,30y 276d,West Indies,Wicketkeeper Batter,Left hand Bat,Right arm Offbreak,2016 - 2024,2025,IPL 2025,LSG,14,14.0,2.0,524.0,87.0,43.66,267.0,196.25,0.0,5.0,45.0,40.0,8,0,,,,,,,,,,,2016-09-23,2024-12-19,2019-02-20,2023-07-07,,,,
604302,Nicholas Pooran,1995-10-02,30y 276d,West Indies,Wicketkeeper Batter,Left hand Bat,Right arm Offbreak,2016 - 2024,2024,IPL 2024,LSG,14,14.0,6.0,499.0,75.0,62.37,280.0,178.21,0.0,3.0,35.0,36.0,7,0,,,,,,,,,,,2016-09-23,2024-12-19,2019-02-20,2023-07-07,,,,
604302,Nicholas Pooran,1995-10-02,30y 276d,West Indies,Wicketkeeper Batter,Left hand Bat,Right arm Offbreak,2016 - 2024,2023,IPL 2023,LSG,15,15.0,3.0,358.0,62.0,29.83,207.0,172.94,0.0,2.0,26.0,26.0,6,3,,,,,,,,,,,2016-09-23,2024-12-19,2019-02-20,2023-07-07,,,,
604302,Nicholas Pooran,1995-10-02,30y 276d,West Indies,Wicketkeeper Batter,Left hand Bat,Right arm Offbreak,2016 - 2024,2022,IPL 2022,SRH,14,13.0,5.0,306.0,64.0,38.25,212.0,144.33,0.0,2.0,16.0,21.0,8,1,,,,,,,,,,,2016-09-23,2024-12-19,2019-02-20,2023-07-07,,,,
604302,Nicholas Pooran,1995-10-02,30y 276d,West Indies,Wicketkeeper Batter,Left hand Bat,Right arm Offbreak,2016 - 2024,2021,IPL 2021,PBKS,12,11.0,0.0,85.0,32.0,7.72,76.0,111.84,0.0,0.0,3.0,5.0,3,0,,,,,,,,,,,2016-09-23,2024-12-19,2019-02-20,2023-07-07,,,,
604302,Nicholas Pooran,1995-10-02,30y 276d,West Indies,Wicketkeeper Batter,Left hand Bat,Right arm Offbreak,2016 - 2024,2020/21,IPL 2020/21,PBKS,14,14.0,4.0,353.0,77.0,35.3,208.0,169.71,0.0,2.0,23.0,25.0,7,0,,,,,,,,,,,2016-09-23,2024-12-19,2019-02-20,2023-07-07,,,,
604302,Nicholas Pooran,1995-10-02,30y 276d,West Indies,Wicketkeeper Batter,Left hand Bat,Right arm Offbreak,2016 - 2024,2019,IPL 2019,PBKS,7,6.0,0.0,168.0,48.0,28.0,107.0,157.0,0.0,0.0,9.0,14.0,1,0,,,,,,,,,,,2016-09-23,2024-12-19,2019-02-20,2023-07-07,,,,
956871,Prerak Nileshkumar Mankad,1994-04-23,32y 73d,India,Allrounder,Right hand Bat,Right arm Medium,,2023,IPL 2023,LSG,5,5.0,2.0,93.0,64.0,31.0,72.0,129.16,0.0,1.0,12.0,2.0,2,0,,,,,,,,,,,,,,,,,,
956871,Prerak Nileshkumar Mankad,1994-04-23,32y 73d,India,Allrounder,Right hand Bat,Right arm Medium,,2022,IPL 2022,PBKS,1,1.0,1.0,4.0,4.0,,1.0,400.0,0.0,0.0,1.0,0.0,1,0,,,,,,,,,,,,,,,,,,
1350768,Prince Yadav,2001-12-12,24y 205d,India,Bowler,Right hand Bat,Right arm Fast,2026 - 2026,2026,IPL 2026,LSG,14,1.0,1.0,0.0,0.0,,1.0,0.0,0.0,0.0,0.0,0.0,4,0,16.0,8.82,312.0,3/32,3/32,28.68,19.5,0.0,0.0,0.0,2026-06-17,2026-06-20,2026-06-17,2026-06-20,3.0,32.0,3.0,32.0
1350768,Prince Yadav,2001-12-12,24y 205d,India,Bowler,Right hand Bat,Right arm Fast,2026 - 2026,2025,IPL 2025,LSG,6,2.0,2.0,5.0,4.0,,10.0,50.0,0.0,0.0,0.0,0.0,2,0,3.0,9.85,137.0,1/29,1/29,75.0,45.6,0.0,0.0,0.0,2026-06-17,2026-06-20,2026-06-17,2026-06-20,1.0,29.0,1.0,29.0
1175441,Ravi Bishnoi,2000-09-05,25y 303d,India,Bowler,Right hand Bat,Legbreak Googly,2022 - 2026,2026,IPL 2026,RR,9,2.0,0.0,0.0,0.0,0.0,3.0,0.0,0.0,0.0,0.0,0.0,5,0,11.0,9.88,156.0,4/41,4/41,23.36,14.1,1.0,0.0,0.0,2022-02-16,2026-07-04,2022-10-06,2022-02-16,4.0,41.0,4.0,41.0
1175441,Ravi Bishnoi,2000-09-05,25y 303d,India,Bowler,Right hand Bat,Legbreak Googly,2022 - 2026,2025,IPL 2025,LSG,11,3.0,1.0,13.0,13.0,6.5,16.0,81.25,0.0,0.0,0.0,2.0,4,0,9.0,10.83,222.0,2/18,2/18,44.55,24.6,0.0,0.0,0.0,2022-02-16,2026-07-04,2022-10-06,2022-02-16,2.0,18.0,2.0,18.0
1175441,Ravi Bishnoi,2000-09-05,25y 303d,India,Bowler,Right hand Bat,Legbreak Googly,2022 - 2026,2024,IPL 2024,LSG,14,3.0,0.0,4.0,2.0,1.33,6.0,66.66,0.0,0.0,0.0,0.0,4,0,10.0,8.77,262.0,2/25,2/25,38.3,26.2,0.0,0.0,0.0,2022-02-16,2026-07-04,2022-10-06,2022-02-16,2.0,25.0,2.0,25.0
1175441,Ravi Bishnoi,2000-09-05,25y 303d,India,Bowler,Right hand Bat,Legbreak Googly,2022 - 2026,2023,IPL 2023,LSG,15,7.0,4.0,20.0,5.0,6.66,27.0,74.07,0.0,0.0,1.0,0.0,9,0,16.0,7.74,303.0,3/28,3/28,24.43,18.9,0.0,0.0,0.0,2022-02-16,2026-07-04,2022-10-06,2022-02-16,3.0,28.0,3.0,28.0
1175441,Ravi Bishnoi,2000-09-05,25y 303d,India,Bowler,Right hand Bat,Legbreak Googly,2022 - 2026,2022,IPL 2022,LSG,14,1.0,1.0,0.0,0.0,,1.0,0.0,0.0,0.0,0.0,0.0,3,0,13.0,8.44,324.0,2/22,2/22,35.07,24.9,0.0,0.0,0.0,2022-02-16,2026-07-04,2022-10-06,2022-02-16,2.0,22.0,2.0,22.0
1175441,Ravi Bishnoi,2000-09-05,25y 303d,India,Bowler,Right hand Bat,Legbreak Googly,2022 - 2026,2021,IPL 2021,PBKS,9,1.0,0.0,1.0,1.0,1.0,4.0,25.0,0.0,0.0,0.0,0.0,2,0,12.0,6.38,216.0,3/24,3/24,19.16,18.0,0.0,0.0,0.0,2022-02-16,2026-07-04,2022-10-06,2022-02-16,3.0,24.0,3.0,24.0
1175441,Ravi Bishnoi,2000-09-05,25y 303d,India,Bowler,Right hand Bat,Legbreak Googly,2022 - 2026,2020/21,IPL 2020/21,PBKS,14,3.0,2.0,7.0,6.0,7.0,12.0,58.33,0.0,0.0,1.0,0.0,2,0,12.0,7.37,306.0,3/29,3/29,31.33,25.5,0.0,0.0,0.0,2022-02-16,2026-07-04,2022-10-06,2022-02-16,3.0,29.0,3.0,29.0
677077,Romario Shepherd,1994-11-26,31y 221d,West Indies,Bowling Allrounder,Right hand Bat,Right arm Fast medium,2019 - 2026,2026,IPL 2026,RCB,15,7.0,3.0,83.0,23.0,20.75,66.0,125.75,0.0,0.0,6.0,5.0,3,0,7.0,11.92,150.0,3/54,3/54,42.57,21.4,0.0,0.0,0.0,2020-01-18,2026-06-13,2019-11-06,2025-11-19,3.0,54.0,3.0,54.0
677077,Romario Shepherd,1994-11-26,31y 221d,West Indies,Bowling Allrounder,Right hand Bat,Right arm Fast medium,2019 - 2026,2025,IPL 2025,RCB,8,3.0,1.0,70.0,53.0,35.0,24.0,291.66,0.0,1.0,5.0,7.0,4,0,6.0,10.78,84.0,2/14,2/14,25.16,14.0,0.0,0.0,0.0,2020-01-18,2026-06-13,2019-11-06,2025-11-19,2.0,14.0,2.0,14.0
677077,Romario Shepherd,1994-11-26,31y 221d,West Indies,Bowling Allrounder,Right hand Bat,Right arm Fast medium,2019 - 2026,2024,IPL 2024,MI,6,5.0,3.0,57.0,39.0,28.5,21.0,271.42,0.0,0.0,5.0,5.0,0,0,1.0,13.25,72.0,1/54,1/54,159.0,72.0,0.0,0.0,0.0,2020-01-18,2026-06-13,2019-11-06,2025-11-19,1.0,54.0,1.0,54.0
677077,Romario Shepherd,1994-11-26,31y 221d,West Indies,Bowling Allrounder,Right hand Bat,Right arm Fast medium,2019 - 2026,2023,IPL 2023,LSG,1,1.0,0.0,0.0,0.0,0.0,1.0,0.0,0.0,0.0,0.0,0.0,0,0,,,,,,,,,,,2020-01-18,2026-06-13,2019-11-06,2025-11-19,,,,
677077,Romario Shepherd,1994-11-26,31y 221d,West Indies,Bowling Allrounder,Right hand Bat,Right arm Fast medium,2019 - 2026,2022,IPL 2022,SRH,3,3.0,1.0,58.0,26.0,29.0,41.0,141.46,0.0,0.0,2.0,5.0,0,0,3.0,10.88,54.0,2/42,2/42,32.66,18.0,0.0,0.0,0.0,2020-01-18,2026-06-13,2019-11-06,2025-11-19,2.0,42.0,2.0,42.0
1159711,Shahbaz Ahmed,1994-12-11,31y 206d,India,Allrounder,Left hand Bat,Slow Left arm Orthodox,2022 - 2025,2026,IPL 2026,LSG,5,2.0,2.0,58.0,43.0,,41.0,141.46,0.0,0.0,4.0,3.0,0,0,5.0,11.64,67.0,2/30,2/30,26.0,13.4,0.0,0.0,0.0,2023-10-06,2023-10-07,2022-10-09,2022-12-04,2.0,30.0,2.0,30.0
1159711,Shahbaz Ahmed,1994-12-11,31y 206d,India,Allrounder,Left hand Bat,Slow Left arm Orthodox,2022 - 2025,2025,IPL 2025,LSG,3,1.0,0.0,9.0,9.0,9.0,8.0,112.5,0.0,0.0,1.0,0.0,0,0,1.0,12.0,51.0,1/41,1/41,102.0,51.0,0.0,0.0,0.0,2023-10-06,2023-10-07,2022-10-09,2022-12-04,1.0,41.0,1.0,41.0
1159711,Shahbaz Ahmed,1994-12-11,31y 206d,India,Allrounder,Left hand Bat,Slow Left arm Orthodox,2022 - 2025,2024,IPL 2024,SRH,16,12.0,3.0,215.0,59.0,23.88,166.0,129.51,0.0,1.0,7.0,13.0,3,0,7.0,9.81,165.0,3/23,3/23,38.57,23.5,0.0,0.0,0.0,2023-10-06,2023-10-07,2022-10-09,2022-12-04,3.0,23.0,3.0,23.0
1159711,Shahbaz Ahmed,1994-12-11,31y 206d,India,Allrounder,Left hand Bat,Slow Left arm Orthodox,2022 - 2025,2023,IPL 2023,RCB,10,6.0,2.0,42.0,20.0,10.5,39.0,107.69,0.0,0.0,3.0,1.0,5,0,1.0,13.57,42.0,1/38,1/38,95.0,42.0,0.0,0.0,0.0,2023-10-06,2023-10-07,2022-10-09,2022-12-04,1.0,38.0,1.0,38.0
1159711,Shahbaz Ahmed,1994-12-11,31y 206d,India,Allrounder,Left hand Bat,Slow Left arm Orthodox,2022 - 2025,2022,IPL 2022,RCB,16,11.0,3.0,219.0,45.0,27.37,181.0,120.99,0.0,0.0,14.0,9.0,8,0,4.0,9.6,210.0,2/26,2/26,84.0,52.5,0.0,0.0,0.0,2023-10-06,2023-10-07,2022-10-09,2022-12-04,2.0,26.0,2.0,26.0
1159711,Shahbaz Ahmed,1994-12-11,31y 206d,India,Allrounder,Left hand Bat,Slow Left arm Orthodox,2022 - 2025,2021,IPL 2021,RCB,11,7.0,0.0,59.0,14.0,8.42,53.0,111.32,0.0,0.0,4.0,2.0,4,0,7.0,6.57,84.0,3/7,3/7,13.14,12.0,0.0,0.0,0.0,2023-10-06,2023-10-07,2022-10-09,2022-12-04,3.0,7.0,3.0,7.0
1159711,Shahbaz Ahmed,1994-12-11,31y 206d,India,Allrounder,Left hand Bat,Slow Left arm Orthodox,2022 - 2025,2020/21,IPL 2020/21,RCB,2,1.0,1.0,1.0,1.0,,1.0,100.0,0.0,0.0,0.0,0.0,1,0,2.0,7.33,36.0,2/26,2/26,22.0,18.0,0.0,0.0,0.0,2023-10-06,2023-10-07,2022-10-09,2022-12-04,2.0,26.0,2.0,26.0
1356971,Shamar Joseph,1999-08-31,26y 308d,West Indies,Bowler,Left hand Bat,Right arm Fast,2024 - 2026,2024,IPL 2024,LSG,1,,,,,,,,,,,,0,0,0.0,11.75,24.0,,,,,0.0,0.0,0.0,2024-05-23,2026-06-14,2024-11-02,2026-06-06,,,,
232292,Swapnil Singh,1991-01-22,35y 164d,India,Bowler,Right hand Bat,Slow Left arm Orthodox,,2024,IPL 2024,RCB,7,5.0,3.0,37.0,15.0,18.5,21.0,176.19,0.0,0.0,3.0,3.0,2,0,6.0,8.86,90.0,2/28,2/28,22.16,15.0,0.0,0.0,0.0,,,,,2.0,28.0,2.0,28.0
232292,Swapnil Singh,1991-01-22,35y 164d,India,Bowler,Right hand Bat,Slow Left arm Orthodox,,2023,IPL 2023,LSG,2,1.0,1.0,2.0,2.0,,4.0,50.0,0.0,0.0,0.0,0.0,0,0,0.0,9.0,12.0,,,,,0.0,0.0,0.0,,,,,,,,
232292,Swapnil Singh,1991-01-22,35y 164d,India,Bowler,Right hand Bat,Slow Left arm Orthodox,,2017,IPL 2017,PBKS,4,2.0,0.0,12.0,10.0,6.0,19.0,63.15,0.0,0.0,0.0,0.0,1,0,1.0,8.71,42.0,1/14,1/14,61.0,42.0,0.0,0.0,0.0,,,,,1.0,14.0,1.0,14.0
232292,Swapnil Singh,1991-01-22,35y 164d,India,Bowler,Right hand Bat,Slow Left arm Orthodox,,2016,IPL 2016,PBKS,1,1.0,0.0,0.0,0.0,0.0,1.0,0.0,0.0,0.0,0.0,0.0,0,0,0.0,9.66,18.0,,,,,0.0,0.0,0.0,,,,,,,,
1211825,William Peter O'Rourke,2001-08-06,24y 333d,New Zealand,Bowler,Right hand Bat,Right arm Fast,2023 - 2026,2025,IPL 2025,LSG,3,,,,,,,,,,,,1,0,6.0,12.77,62.0,3/27,3/27,22.0,10.3,0.0,0.0,0.0,2024-04-21,2025-07-24,2023-12-17,2026-04-23,3.0,27.0,3.0,27.0
1070196,Yash Ravisingh Thakur,1998-12-28,27y 189d,India,Bowler,Right hand Bat,Right arm Fast medium,,2026,IPL 2026,PBKS,1,,,,,,,,,,,,0,0,2.0,13.75,24.0,2/55,2/55,27.5,12.0,0.0,0.0,0.0,,,,,2.0,55.0,2.0,55.0
1070196,Yash Ravisingh Thakur,1998-12-28,27y 189d,India,Bowler,Right hand Bat,Right arm Fast medium,,2025,IPL 2025,PBKS,2,,,,,,,,,,,,0,0,1.0,12.15,39.0,1/39,1/39,79.0,39.0,0.0,0.0,0.0,,,,,1.0,39.0,1.0,39.0
1070196,Yash Ravisingh Thakur,1998-12-28,27y 189d,India,Bowler,Right hand Bat,Right arm Fast medium,,2024,IPL 2024,LSG,10,,,,,,,,,,,,1,0,11.0,11.32,213.0,5/30,5/30,36.54,19.3,0.0,1.0,0.0,,,,,5.0,30.0,5.0,30.0
1070196,Yash Ravisingh Thakur,1998-12-28,27y 189d,India,Bowler,Right hand Bat,Right arm Fast medium,,2023,IPL 2023,LSG,9,,,,,,,,,,,,1,0,13.0,9.07,191.0,4/37,4/37,22.23,14.6,1.0,0.0,0.0,,,,,4.0,37.0,4.0,37.0
1206052,Yudhvir Singh Charak,1997-09-13,28y 295d,India,Bowler,Right hand Bat,Right arm Medium fast,,2025,IPL 2025,RR,4,,,,,,,,,,,,0,0,4.0,11.9,66.0,3/47,3/47,32.75,16.5,0.0,0.0,0.0,,,,,3.0,47.0,3.0,47.0
1206052,Yudhvir Singh Charak,1997-09-13,28y 295d,India,Bowler,Right hand Bat,Right arm Medium fast,,2024,IPL 2024,LSG,2,2.0,0.0,21.0,14.0,10.5,14.0,150.0,0.0,0.0,1.0,2.0,0,0,1.0,13.0,24.0,1/24,1/24,52.0,24.0,0.0,0.0,0.0,,,,,1.0,24.0,1.0,24.0
1206052,Yudhvir Singh Charak,1997-09-13,28y 295d,India,Bowler,Right hand Bat,Right arm Medium fast,,2023,IPL 2023,LSG,3,2.0,0.0,1.0,1.0,0.5,2.0,50.0,0.0,0.0,0.0,0.0,0,0,3.0,8.75,48.0,2/19,2/19,23.33,16.0,0.0,0.0,0.0,,,,,2.0,19.0,2.0,19.0
32091,Abhishek Mohan Nayar,1983-10-08,42y 272d,India,Allrounder,Left hand Bat,Right arm Medium,2009 - 2009,2014,IPL 2014,RR,5,4.0,1.0,43.0,23.0,14.33,47.0,91.48,0.0,0.0,5.0,1.0,1,0,,,,,,,,,,,,,2009-07-03,2009-09-30,,,,
32091,Abhishek Mohan Nayar,1983-10-08,42y 272d,India,Allrounder,Left hand Bat,Right arm Medium,2009 - 2009,2013,IPL 2013,PWI,11,9.0,3.0,66.0,25.0,11.0,73.0,90.41,0.0,0.0,5.0,0.0,1,0,2.0,7.37,48.0,1/15,1/15,29.5,24.0,0.0,0.0,0.0,,,2009-07-03,2009-09-30,1.0,15.0,1.0,15.0
32091,Abhishek Mohan Nayar,1983-10-08,42y 272d,India,Allrounder,Left hand Bat,Right arm Medium,2009 - 2009,2012,IPL 2012,PBKS,4,4.0,1.0,45.0,24.0,15.0,49.0,91.83,0.0,0.0,2.0,1.0,0,0,0.0,16.0,6.0,,,,,0.0,0.0,0.0,,,2009-07-03,2009-09-30,,,,
32091,Abhishek Mohan Nayar,1983-10-08,42y 272d,India,Allrounder,Left hand Bat,Right arm Medium,2009 - 2009,2011,IPL 2011,PBKS,10,9.0,2.0,61.0,17.0,8.71,67.0,91.04,0.0,0.0,9.0,0.0,2,0,2.0,9.34,61.0,1/22,1/22,47.5,30.5,0.0,0.0,0.0,,,2009-07-03,2009-09-30,1.0,22.0,1.0,22.0
32091,Abhishek Mohan Nayar,1983-10-08,42y 272d,India,Allrounder,Left hand Bat,Right arm Medium,2009 - 2009,2009/10,IPL 2009/10,MI,3,3.0,1.0,58.0,27.0,29.0,51.0,113.72,0.0,0.0,4.0,2.0,1,0,,,,,,,,,,,,,2009-07-03,2009-09-30,,,,
32091,Abhishek Mohan Nayar,1983-10-08,42y 272d,India,Allrounder,Left hand Bat,Right arm Medium,2009 - 2009,2009,IPL 2009,MI,13,11.0,2.0,193.0,35.0,21.44,152.0,126.97,0.0,0.0,14.0,7.0,4,0,4.0,7.0,72.0,3/13,3/13,21.0,18.0,0.0,0.0,0.0,,,2009-07-03,2009-09-30,3.0,13.0,3.0,13.0
32091,Abhishek Mohan Nayar,1983-10-08,42y 272d,India,Allrounder,Left hand Bat,Right arm Medium,2009 - 2009,2007/08,IPL 2007/08,MI,14,10.0,2.0,206.0,45.0,25.75,138.0,149.27,0.0,0.0,16.0,9.0,4,0,1.0,9.71,42.0,1/18,1/18,68.0,42.0,0.0,0.0,0.0,,,2009-07-03,2009-09-30,1.0,18.0,1.0,18.0
228430,Abu Nechim Ahmed,1988-11-05,37y 243d,India,Bowler,Right hand Bat,Right arm Medium fast,,2015,IPL 2015,RCB,3,3.0,2.0,10.0,5.0,10.0,5.0,200.0,0.0,0.0,2.0,0.0,0,0,1.0,10.66,72.0,1/28,1/28,128.0,72.0,0.0,0.0,0.0,,,,,1.0,28.0,1.0,28.0
228430,Abu Nechim Ahmed,1988-11-05,37y 243d,India,Bowler,Right hand Bat,Right arm Medium fast,,2014,IPL 2014,RCB,4,1.0,1.0,4.0,4.0,,1.0,400.0,0.0,0.0,1.0,0.0,0,0,3.0,7.88,86.0,1/18,1/18,37.66,28.6,0.0,0.0,0.0,,,,,1.0,18.0,1.0,18.0
228430,Abu Nechim Ahmed,1988-11-05,37y 243d,India,Bowler,Right hand Bat,Right arm Medium fast,,2013,IPL 2013,MI,2,,,,,,,,,,,,1,0,3.0,6.42,42.0,2/27,2/27,15.0,14.0,0.0,0.0,0.0,,,,,2.0,27.0,2.0,27.0
228430,Abu Nechim Ahmed,1988-11-05,37y 243d,India,Bowler,Right hand Bat,Right arm Medium fast,,2012,IPL 2012,MI,1,,,,,,,,,,,,0,0,0.0,8.5,12.0,,,,,0.0,0.0,0.0,,,,,,,,
228430,Abu Nechim Ahmed,1988-11-05,37y 243d,India,Bowler,Right hand Bat,Right arm Medium fast,,2011,IPL 2011,MI,6,1.0,1.0,18.0,18.0,,13.0,138.46,0.0,0.0,1.0,1.0,1,0,5.0,8.45,120.0,2/13,2/13,33.8,24.0,0.0,0.0,0.0,,,,,2.0,13.0,2.0,13.0
228430,Abu Nechim Ahmed,1988-11-05,37y 243d,India,Bowler,Right hand Bat,Right arm Medium fast,,2009/10,IPL 2009/10,MI,1,1.0,1.0,4.0,4.0,,7.0,57.14,0.0,0.0,0.0,0.0,0,0,0.0,13.0,12.0,,,,,0.0,0.0,0.0,,,,,,,,
4498,Aiden Craig Blizzard,1984-06-27,42y 9d,Australia,Batter,Left hand Bat,Left arm Medium,,2012,IPL 2012,MI,1,1.0,0.0,0.0,0.0,0.0,3.0,0.0,0.0,0.0,0.0,0.0,0,0,,,,,,,,,,,,,,,,,,
4498,Aiden Craig Blizzard,1984-06-27,42y 9d,Australia,Batter,Left hand Bat,Left arm Medium,,2011,IPL 2011,MI,6,6.0,0.0,120.0,51.0,20.0,87.0,137.93,0.0,1.0,21.0,2.0,4,0,,,,,,,,,,,,,,,,,,
1206039,Akash Madhwal,1993-11-25,32y 224d,India,Bowler,Right hand Bat,Right arm Medium fast,,2025,IPL 2025,RR,4,1.0,1.0,4.0,4.0,,9.0,44.44,0.0,0.0,0.0,0.0,0,0,4.0,11.06,90.0,3/29,3/29,41.5,22.5,0.0,0.0,0.0,,,,,3.0,29.0,3.0,29.0
1206039,Akash Madhwal,1993-11-25,32y 224d,India,Bowler,Right hand Bat,Right arm Medium fast,,2024,IPL 2024,MI,5,1.0,1.0,4.0,4.0,,5.0,80.0,0.0,0.0,0.0,0.0,1,0,5.0,11.28,109.0,3/20,3/20,41.0,21.8,0.0,0.0,0.0,,,,,3.0,20.0,3.0,20.0
1206039,Akash Madhwal,1993-11-25,32y 224d,India,Bowler,Right hand Bat,Right arm Medium fast,,2023,IPL 2023,MI,8,,,,,,,,,,,,0,0,14.0,8.58,153.0,5/5,5/5,15.64,10.9,1.0,1.0,0.0,,,,,5.0,5.0,5.0,5.0
574178,Mahamarakkala Kurukulasooriya Patabendige Akila Dananjaya Perera,1993-10-04,32y 275d,Sri Lanka,Bowling Allrounder,Left hand Bat,"Right arm Offbreak, Legbreak",2012 - 2024,2018,IPL 2018,MI,1,1.0,1.0,4.0,4.0,,5.0,80.0,0.0,0.0,0.0,0.0,0,0,0.0,11.75,24.0,,,,,0.0,0.0,0.0,2012-09-27,2024-03-04,2012-11-12,2024-08-04,,,,
26490,Ali Ghulam Murtaza,1990-01-01,36y 187d,India,Bowler,Left hand Bat,Slow Left arm Orthodox,,2013,IPL 2013,PWI,3,1.0,0.0,5.0,5.0,5.0,4.0,125.0,0.0,0.0,1.0,0.0,1,0,3.0,9.4,60.0,3/15,3/15,31.33,20.0,0.0,0.0,0.0,,,,,3.0,15.0,3.0,15.0
26490,Ali Ghulam Murtaza,1990-01-01,36y 187d,India,Bowler,Left hand Bat,Slow Left arm Orthodox,,2012,IPL 2012,PWI,1,1.0,1.0,3.0,3.0,,5.0,60.0,0.0,0.0,0.0,0.0,0,0,0.0,5.5,12.0,,,,,0.0,0.0,0.0,,,,,,,,
26490,Ali Ghulam Murtaza,1990-01-01,36y 187d,India,Bowler,Left hand Bat,Slow Left arm Orthodox,,2011,IPL 2011,MI,5,1.0,1.0,2.0,2.0,,5.0,40.0,0.0,0.0,0.0,0.0,1,0,3.0,5.85,120.0,2/18,2/18,39.0,40.0,0.0,0.0,0.0,,,,,2.0,18.0,2.0,18.0
26490,Ali Ghulam Murtaza,1990-01-01,36y 187d,India,Bowler,Left hand Bat,Slow Left arm Orthodox,,2009/10,IPL 2009/10,MI,3,,,,,,,,,,,,1,0,3.0,7.58,72.0,2/18,2/18,30.33,24.0,0.0,0.0,0.0,,,,,2.0,18.0,2.0,18.0
1326798,AM Ghazanfar,2006-03-20,20y 108d,Afghanistan,Bowler,Right hand Bat,"Right arm Offbreak, Legbreak",2024 - 2026,2026,IPL 2026,MI,11,1.0,1.0,2.0,2.0,,3.0,66.66,0.0,0.0,0.0,0.0,1,0,15.0,10.01,233.0,2/17,2/17,25.93,15.5,0.0,0.0,0.0,2025-09-02,2025-11-11,2024-03-07,2026-06-20,2.0,17.0,2.0,17.0
46569,Andre Nel,1977-07-15,48y 357d,South Africa,Bowler,Right hand Bat,Right arm Fast medium,2001 - 2008,2007/08,IPL 2007/08,MI,1,1.0,0.0,0.0,0.0,0.0,0.0,,0.0,0.0,0.0,0.0,0,0,1.0,10.33,18.0,1/31,1/31,31.0,18.0,0.0,0.0,0.0,2005-10-21,2007-09-19,2001-05-12,2008-09-03,1.0,31.0,1.0,31.0
851261,Anmolpreet Singh,1998-03-28,28y 100d,India,Batter,Right hand Bat,Right arm Offbreak,,2024,IPL 2024,SRH,2,2.0,0.0,5.0,5.0,2.5,6.0,83.33,0.0,0.0,1.0,0.0,0,0,,,,,,,,,,,,,,,,,,
851261,Anmolpreet Singh,1998-03-28,28y 100d,India,Batter,Right hand Bat,Right arm Offbreak,,2023,IPL 2023,SRH,4,4.0,0.0,105.0,36.0,26.25,82.0,128.04,0.0,0.0,15.0,2.0,1,0,,,,,,,,,,,,,,,,,,
851261,Anmolpreet Singh,1998-03-28,28y 100d,India,Batter,Right hand Bat,Right arm Offbreak,,2022,IPL 2022,MI,2,2.0,0.0,13.0,8.0,6.5,13.0,100.0,0.0,0.0,1.0,0.0,0,0,,,,,,,,,,,,,,,,,,
851261,Anmolpreet Singh,1998-03-28,28y 100d,India,Batter,Right hand Bat,Right arm Offbreak,,2021,IPL 2021,MI,1,1.0,0.0,16.0,16.0,16.0,14.0,114.28,0.0,0.0,2.0,1.0,0,0,,,,,,,,,,,,,,,,,,
1209126,Ashwani Kumar,2001-08-29,24y 311d,India,Bowler,Left hand Bat,Left arm Medium,,2026,IPL 2026,MI,3,1.0,1.0,1.0,1.0,,6.0,16.66,0.0,0.0,0.0,0.0,0,0,6.0,10.2,60.0,4/24,4/24,17.0,10.0,1.0,0.0,0.0,,,,,4.0,24.0,4.0,24.0
1209126,Ashwani Kumar,2001-08-29,24y 311d,India,Bowler,Left hand Bat,Left arm Medium,,2025,IPL 2025,MI,7,,,,,,,,,,,,2,0,11.0,11.31,123.0,4/24,4/24,21.09,11.1,1.0,0.0,0.0,,,,,4.0,24.0,4.0,24.0
537126,Barinder Balbirsingh Sran,1992-12-10,33y 209d,India,Bowler,Left hand Bat,Left arm Medium,2016 - 2016,2019,IPL 2019,MI,2,1.0,1.0,3.0,3.0,,3.0,100.0,0.0,0.0,0.0,0.0,0,0,0.0,12.75,24.0,,,,,0.0,0.0,0.0,2016-06-20,2016-06-22,2016-01-12,2016-06-15,,,,
537126,Barinder Balbirsingh Sran,1992-12-10,33y 209d,India,Bowler,Left hand Bat,Left arm Medium,2016 - 2016,2018,IPL 2018,PBKS,6,4.0,3.0,3.0,2.0,3.0,7.0,42.85,0.0,0.0,0.0,0.0,2,0,4.0,10.4,132.0,2/50,2/50,57.25,33.0,0.0,0.0,0.0,2016-06-20,2016-06-22,2016-01-12,2016-06-15,2.0,50.0,2.0,50.0
537126,Barinder Balbirsingh Sran,1992-12-10,33y 209d,India,Bowler,Left hand Bat,Left arm Medium,2016 - 2016,2017,IPL 2017,SRH,1,,,,,,,,,,,,0,0,0.0,14.5,12.0,,,,,0.0,0.0,0.0,2016-06-20,2016-06-22,2016-01-12,2016-06-15,,,,
537126,Barinder Balbirsingh Sran,1992-12-10,33y 209d,India,Bowler,Left hand Bat,Left arm Medium,2016 - 2016,2016,IPL 2016,SRH,14,4.0,4.0,4.0,2.0,,4.0,100.0,0.0,0.0,0.0,0.0,2,0,14.0,8.34,297.0,3/28,3/28,29.5,21.2,0.0,0.0,0.0,2016-06-20,2016-06-22,2016-01-12,2016-06-15,3.0,28.0,3.0,28.0
537126,Barinder Balbirsingh Sran,1992-12-10,33y 209d,India,Bowler,Left hand Bat,Left arm Medium,2016 - 2016,2015,IPL 2015,RR,1,,,,,,,,,,,,0,0,0.0,11.66,18.0,,,,,0.0,0.0,0.0,2016-06-20,2016-06-22,2016-01-12,2016-06-15,,,,
230371,Benjamin Colin James Cutting,1987-01-30,39y 157d,Australia,Allrounder,Right hand Bat,Right arm Fast medium,2013 - 2017,2019,IPL 2019,MI,3,3.0,1.0,18.0,13.0,9.0,17.0,105.88,0.0,0.0,1.0,1.0,0,0,1.0,13.5,12.0,1/27,1/27,27.0,12.0,0.0,0.0,0.0,2013-01-26,2017-09-15,2013-01-13,2014-08-31,1.0,27.0,1.0,27.0
230371,Benjamin Colin James Cutting,1987-01-30,39y 157d,Australia,Allrounder,Right hand Bat,Right arm Fast medium,2013 - 2017,2018,IPL 2018,MI,9,6.0,2.0,96.0,37.0,24.0,58.0,165.51,0.0,0.0,5.0,8.0,7,0,2.0,9.88,102.0,1/12,1/12,84.0,51.0,0.0,0.0,0.0,2013-01-26,2017-09-15,2013-01-13,2014-08-31,1.0,12.0,1.0,12.0
230371,Benjamin Colin James Cutting,1987-01-30,39y 157d,Australia,Allrounder,Right hand Bat,Right arm Fast medium,2013 - 2017,2017,IPL 2017,SRH,4,3.0,1.0,51.0,20.0,25.5,26.0,196.15,0.0,0.0,5.0,3.0,1,0,1.0,9.71,76.0,1/41,1/41,123.0,76.0,0.0,0.0,0.0,2013-01-26,2017-09-15,2013-01-13,2014-08-31,1.0,41.0,1.0,41.0
230371,Benjamin Colin James Cutting,1987-01-30,39y 157d,Australia,Allrounder,Right hand Bat,Right arm Fast medium,2013 - 2017,2016,IPL 2016,SRH,4,4.0,2.0,65.0,39.0,32.5,34.0,191.17,0.0,0.0,4.0,6.0,1,0,5.0,7.16,67.0,2/20,2/20,16.0,13.4,0.0,0.0,0.0,2013-01-26,2017-09-15,2013-01-13,2014-08-31,2.0,20.0,2.0,20.0
230371,Benjamin Colin James Cutting,1987-01-30,39y 157d,Australia,Allrounder,Right hand Bat,Right arm Fast medium,2013 - 2017,2014,IPL 2014,RR,1,1.0,0.0,8.0,8.0,8.0,6.0,133.33,0.0,0.0,0.0,1.0,1,0,1.0,7.75,24.0,1/31,1/31,31.0,24.0,0.0,0.0,0.0,2013-01-26,2017-09-15,2013-01-13,2014-08-31,1.0,31.0,1.0,31.0
388678,Ben Robert Dunk,1987-03-11,39y 117d,Australia,Wicketkeeper Batter,Left hand Bat,Right arm Offbreak,2014 - 2017,2014,IPL 2014,MI,3,3.0,0.0,40.0,20.0,13.33,35.0,114.28,0.0,0.0,7.0,0.0,3,0,,,,,,,,,,,2014-11-05,2017-02-22,,,,,,
31104,Chandan Madan,1982-10-15,43y 265d,India,Wicketkeeper,Right hand Bat,,,2009/10,IPL 2009/10,MI,1,1.0,0.0,15.0,15.0,15.0,19.0,78.94,0.0,0.0,3.0,0.0,0,0,,,,,,,,,,,,,,,,,,
32093,Chetanya Nanda,1979-03-29,47y 100d,India,,Right hand Bat,Legbreak,,2009,IPL 2009,MI,3,1.0,0.0,0.0,0.0,0.0,1.0,0.0,0.0,0.0,0.0,0.0,0,0,2.0,7.12,48.0,1/4,1/4,28.5,24.0,0.0,0.0,0.0,,,,,1.0,4.0,1.0,4.0
6903,Clinton James McKay,1983-02-20,43y 137d,Australia,Bowler,Right hand Bat,Right arm Fast medium,2009 - 2014,2012,IPL 2012,MI,2,1.0,0.0,8.0,8.0,8.0,15.0,53.33,0.0,0.0,0.0,0.0,0,0,1.0,8.57,42.0,1/36,1/36,60.0,42.0,0.0,0.0,0.0,2010-10-31,2013-10-10,2009-11-05,2014-01-26,1.0,36.0,1.0,36.0
594322,Corbin Bosch,1994-09-10,31y 299d,South Africa,Allrounder,Right hand Bat,Right arm Fast medium,2024 - 2026,2026,IPL 2026,MI,6,4.0,3.0,50.0,32.0,50.0,31.0,161.29,0.0,0.0,5.0,2.0,4,0,12.0,9.66,121.0,4/26,4/26,16.25,10.0,1.0,0.0,0.0,2025-07-14,2026-03-04,2024-12-22,2025-12-06,4.0,26.0,4.0,26.0
594322,Corbin Bosch,1994-09-10,31y 299d,South Africa,Allrounder,Right hand Bat,Right arm Fast medium,2024 - 2026,2025,IPL 2025,MI,3,2.0,0.0,47.0,27.0,23.5,32.0,146.87,0.0,0.0,3.0,3.0,1,0,1.0,7.85,42.0,1/26,1/26,55.0,42.0,0.0,0.0,0.0,2025-07-14,2026-03-04,2024-12-22,2025-12-06,1.0,26.0,1.0,26.0
1421992,Danish Vishnu Malewar,2003-10-08,22y 272d,India,Top order Batter,Right hand Bat,Legbreak,,2026,IPL 2026,MI,2,2.0,0.0,2.0,2.0,1.0,5.0,40.0,0.0,0.0,0.0,0.0,0,0,,,,,,,,,,,,,,,,,,
45782,David Johan Jacobs,1982-11-04,43y 244d,South Africa,Wicketkeeper Batter,Right hand Bat,Right arm Medium,,2012,IPL 2012,MI,1,1.0,0.0,0.0,0.0,0.0,10.0,0.0,0.0,0.0,0.0,0.0,1,0,,,,,,,,,,,,,,,,,,
45782,David Johan Jacobs,1982-11-04,43y 244d,South Africa,Wicketkeeper Batter,Right hand Bat,Right arm Medium,,2011,IPL 2011,MI,6,6.0,0.0,92.0,32.0,15.33,88.0,104.54,0.0,0.0,10.0,4.0,2,2,,,,,,,,,,,,,,,,,,
48835,Congenige Randhi Dilhara Fernando,1979-07-19,46y 352d,Sri Lanka,Bowler,Right hand Bat,Right arm Fast medium,2000 - 2016,2009/10,IPL 2009/10,MI,5,1.0,1.0,2.0,2.0,,2.0,100.0,0.0,0.0,0.0,0.0,1,0,7.0,7.05,114.0,2/23,2/23,19.14,16.2,0.0,0.0,0.0,2006-06-15,2016-02-14,2001-01-09,2012-01-11,2.0,23.0,2.0,23.0
48835,Congenige Randhi Dilhara Fernando,1979-07-19,46y 352d,Sri Lanka,Bowler,Right hand Bat,Right arm Fast medium,2000 - 2016,2007/08,IPL 2007/08,MI,5,1.0,1.0,2.0,2.0,,1.0,200.0,0.0,0.0,0.0,0.0,2,0,10.0,8.0,120.0,4/18,4/18,16.0,12.0,1.0,0.0,0.0,2006-06-15,2016-02-14,2001-01-09,2012-01-11,4.0,18.0,4.0,18.0
8002,Dominic John Thornely,1978-10-01,47y 279d,Australia,Top order Batter,Right hand Bat,"Right arm Medium, Right arm Offbreak",,2007/08,IPL 2007/08,MI,6,4.0,2.0,39.0,30.0,19.5,53.0,73.58,0.0,0.0,2.0,2.0,3,0,3.0,5.71,42.0,2/7,2/7,13.33,14.0,0.0,0.0,0.0,,,,,2.0,7.0,2.0,7.0
595954,Duan Jansen,2000-05-01,26y 66d,South Africa,Bowler,Right hand Bat,Left arm Fast,,2023,IPL 2023,MI,1,,,,,,,,,,,,2,0,1.0,13.25,24.0,1/53,1/53,53.0,24.0,0.0,0.0,0.0,,,,,1.0,53.0,1.0,53.0
670013,Fabian Anthony Allen,1995-05-07,31y 60d,West Indies,Bowling Allrounder,Right hand Bat,Slow Left arm Orthodox,2018 - 2025,2022,IPL 2022,MI,1,1.0,0.0,8.0,8.0,8.0,7.0,114.28,0.0,0.0,1.0,0.0,0,0,1.0,11.5,24.0,1/46,1/46,46.0,24.0,0.0,0.0,0.0,2018-11-04,2025-09-30,2018-10-27,2022-02-11,1.0,46.0,1.0,46.0
670013,Fabian Anthony Allen,1995-05-07,31y 60d,West Indies,Bowling Allrounder,Right hand Bat,Slow Left arm Orthodox,2018 - 2025,2021,IPL 2021,PBKS,4,3.0,2.0,6.0,6.0,6.0,12.0,50.0,0.0,0.0,0.0,0.0,2,0,1.0,8.18,66.0,1/22,1/22,90.0,66.0,0.0,0.0,0.0,2018-11-04,2025-09-30,2018-10-27,2022-02-11,1.0,22.0,1.0,22.0
17991,Graham Richard Napier,1980-01-06,46y 182d,England,Bowling Allrounder,Right hand Bat,Right arm Medium,,2009,IPL 2009,MI,1,1.0,0.0,15.0,15.0,15.0,16.0,93.75,0.0,0.0,1.0,0.0,0,0,1.0,6.75,24.0,1/27,1/27,27.0,24.0,0.0,0.0,0.0,,,,,1.0,27.0,1.0,27.0
1175423,Hrithik Rakesh Shokeen,2000-08-14,25y 327d,India,Bowler,Right hand Bat,Right arm Offbreak,,2023,IPL 2023,MI,8,3.0,2.0,23.0,18.0,23.0,17.0,135.29,0.0,0.0,4.0,0.0,3,0,3.0,9.84,114.0,2/34,2/34,62.33,38.0,0.0,0.0,0.0,,,,,2.0,34.0,2.0,34.0
1175423,Hrithik Rakesh Shokeen,2000-08-14,25y 327d,India,Bowler,Right hand Bat,Right arm Offbreak,,2022,IPL 2022,MI,5,3.0,1.0,43.0,25.0,21.5,48.0,89.58,0.0,0.0,5.0,0.0,2,0,2.0,8.46,90.0,2/47,2/47,63.5,45.0,0.0,0.0,0.0,,,,,2.0,47.0,2.0,47.0
37004,James Edward Charles Franklin,1980-11-07,45y 241d,New Zealand,Allrounder,Left hand Bat,Left arm Medium,2001 - 2013,2012,IPL 2012,MI,12,11.0,2.0,220.0,79.0,24.44,223.0,98.65,0.0,1.0,15.0,6.0,4,0,6.0,8.06,90.0,2/18,2/18,20.16,15.0,0.0,0.0,0.0,2006-02-16,2013-06-27,2001-01-02,2013-06-16,2.0,18.0,2.0,18.0
37004,James Edward Charles Franklin,1980-11-07,45y 241d,New Zealand,Allrounder,Left hand Bat,Left arm Medium,2001 - 2013,2011,IPL 2011,MI,8,5.0,3.0,107.0,45.0,53.5,78.0,137.17,0.0,0.0,10.0,2.0,2,0,3.0,9.73,61.0,2/35,2/35,33.0,20.3,0.0,0.0,0.0,2006-02-16,2013-06-27,2001-01-02,2013-06-16,2.0,35.0,2.0,35.0
272465,James Lee Pattinson,1990-05-03,36y 65d,Australia,Bowler,Left hand Bat,Right arm Fast medium,2011 - 2020,2020/21,IPL 2020/21,MI,10,2.0,1.0,15.0,11.0,15.0,13.0,115.38,0.0,0.0,2.0,0.0,2,0,11.0,9.01,213.0,2/19,2/19,29.09,19.3,0.0,0.0,0.0,2011-10-13,2012-03-30,2011-04-13,2015-09-11,2.0,19.0,2.0,19.0
272477,Jason Paul Behrendorff,1990-04-20,36y 77d,Australia,Bowler,Right hand Bat,Left arm Fast medium,2017 - 2024,2023,IPL 2023,MI,12,2.0,2.0,6.0,3.0,,9.0,66.66,0.0,0.0,0.0,0.0,2,0,14.0,9.21,252.0,3/23,3/23,27.64,18.0,0.0,0.0,0.0,2017-10-07,2024-02-13,2019-01-12,2022-04-02,3.0,23.0,3.0,23.0
272477,Jason Paul Behrendorff,1990-04-20,36y 77d,Australia,Bowler,Right hand Bat,Left arm Fast medium,2017 - 2024,2019,IPL 2019,MI,5,,,,,,,,,,,,0,0,5.0,8.68,114.0,2/22,2/22,33.0,22.8,0.0,0.0,0.0,2017-10-07,2024-02-13,2019-01-12,2022-04-02,2.0,22.0,2.0,22.0
625383,Jasprit Jasbirsingh Bumrah,1993-12-06,32y 212d,India,Bowler,Right hand Bat,Right arm Fast,2016 - 2026,2026,IPL 2026,MI,13,2.0,1.0,7.0,5.0,7.0,7.0,100.0,0.0,0.0,1.0,0.0,1,0,4.0,8.36,294.0,1/15,1/15,102.5,73.5,0.0,0.0,0.0,2016-01-26,2026-03-08,2016-01-23,2023-11-19,1.0,15.0,1.0,15.0
625383,Jasprit Jasbirsingh Bumrah,1993-12-06,32y 212d,India,Bowler,Right hand Bat,Right arm Fast,2016 - 2026,2025,IPL 2025,MI,12,1.0,1.0,0.0,0.0,,1.0,0.0,0.0,0.0,0.0,0.0,2,0,18.0,6.67,284.0,4/22,4/22,17.55,15.7,1.0,0.0,0.0,2016-01-26,2026-03-08,2016-01-23,2023-11-19,4.0,22.0,4.0,22.0
625383,Jasprit Jasbirsingh Bumrah,1993-12-06,32y 212d,India,Bowler,Right hand Bat,Right arm Fast,2016 - 2026,2024,IPL 2024,MI,13,4.0,4.0,12.0,8.0,,12.0,100.0,0.0,0.0,1.0,0.0,1,0,20.0,6.48,311.0,5/21,5/21,16.8,15.5,0.0,1.0,0.0,2016-01-26,2026-03-08,2016-01-23,2023-11-19,5.0,21.0,5.0,21.0
625383,Jasprit Jasbirsingh Bumrah,1993-12-06,32y 212d,India,Bowler,Right hand Bat,Right arm Fast,2016 - 2026,2022,IPL 2022,MI,14,6.0,4.0,0.0,0.0,0.0,8.0,0.0,0.0,0.0,0.0,0.0,2,0,15.0,7.18,320.0,5/10,5/10,25.53,21.3,0.0,1.0,0.0,2016-01-26,2026-03-08,2016-01-23,2023-11-19,5.0,10.0,5.0,10.0
625383,Jasprit Jasbirsingh Bumrah,1993-12-06,32y 212d,India,Bowler,Right hand Bat,Right arm Fast,2016 - 2026,2021,IPL 2021,MI,14,7.0,5.0,16.0,5.0,8.0,17.0,94.11,0.0,0.0,2.0,0.0,4,0,21.0,7.45,330.0,3/36,3/36,19.52,15.7,0.0,0.0,0.0,2016-01-26,2026-03-08,2016-01-23,2023-11-19,3.0,36.0,3.0,36.0
625383,Jasprit Jasbirsingh Bumrah,1993-12-06,32y 212d,India,Bowler,Right hand Bat,Right arm Fast,2016 - 2026,2020/21,IPL 2020/21,MI,15,1.0,1.0,5.0,5.0,,3.0,166.66,0.0,0.0,0.0,0.0,0,0,27.0,6.73,360.0,4/14,4/14,14.96,13.3,2.0,0.0,0.0,2016-01-26,2026-03-08,2016-01-23,2023-11-19,4.0,14.0,4.0,14.0
625383,Jasprit Jasbirsingh Bumrah,1993-12-06,32y 212d,India,Bowler,Right hand Bat,Right arm Fast,2016 - 2026,2019,IPL 2019,MI,16,2.0,2.0,0.0,0.0,,1.0,0.0,0.0,0.0,0.0,0.0,2,0,19.0,6.63,370.0,3/20,3/20,21.52,19.4,0.0,0.0,0.0,2016-01-26,2026-03-08,2016-01-23,2023-11-19,3.0,20.0,3.0,20.0
625383,Jasprit Jasbirsingh Bumrah,1993-12-06,32y 212d,India,Bowler,Right hand Bat,Right arm Fast,2016 - 2026,2018,IPL 2018,MI,14,3.0,2.0,10.0,6.0,10.0,11.0,90.9,0.0,0.0,1.0,0.0,4,0,17.0,6.88,324.0,3/15,3/15,21.88,19.0,0.0,0.0,0.0,2016-01-26,2026-03-08,2016-01-23,2023-11-19,3.0,15.0,3.0,15.0
625383,Jasprit Jasbirsingh Bumrah,1993-12-06,32y 212d,India,Bowler,Right hand Bat,Right arm Fast,2016 - 2026,2017,IPL 2017,MI,16,2.0,1.0,16.0,16.0,16.0,12.0,133.33,0.0,0.0,0.0,1.0,2,0,20.0,7.41,356.0,3/7,3/7,22.0,17.8,0.0,0.0,0.0,2016-01-26,2026-03-08,2016-01-23,2023-11-19,3.0,7.0,3.0,7.0
625383,Jasprit Jasbirsingh Bumrah,1993-12-06,32y 212d,India,Bowler,Right hand Bat,Right arm Fast,2016 - 2026,2016,IPL 2016,MI,14,2.0,1.0,8.0,6.0,8.0,11.0,72.72,0.0,0.0,1.0,0.0,1,0,15.0,7.8,312.0,3/13,3/13,27.06,20.8,0.0,0.0,0.0,2016-01-26,2026-03-08,2016-01-23,2023-11-19,3.0,13.0,3.0,13.0
625383,Jasprit Jasbirsingh Bumrah,1993-12-06,32y 212d,India,Bowler,Right hand Bat,Right arm Fast,2016 - 2026,2015,IPL 2015,MI,4,1.0,1.0,0.0,0.0,,0.0,,0.0,0.0,0.0,0.0,0,0,3.0,12.26,90.0,1/38,1/38,61.33,30.0,0.0,0.0,0.0,2016-01-26,2026-03-08,2016-01-23,2023-11-19,1.0,38.0,1.0,38.0
625383,Jasprit Jasbirsingh Bumrah,1993-12-06,32y 212d,India,Bowler,Right hand Bat,Right arm Fast,2016 - 2026,2014,IPL 2014,MI,11,2.0,2.0,1.0,1.0,,3.0,33.33,0.0,0.0,0.0,0.0,0,0,5.0,7.58,238.0,2/22,2/22,60.2,47.6,0.0,0.0,0.0,2016-01-26,2026-03-08,2016-01-23,2023-11-19,2.0,22.0,2.0,22.0
625383,Jasprit Jasbirsingh Bumrah,1993-12-06,32y 212d,India,Bowler,Right hand Bat,Right arm Fast,2016 - 2026,2013,IPL 2013,MI,2,,,,,,,,,,,,0,0,3.0,10.0,42.0,3/32,3/32,23.33,14.0,0.0,0.0,0.0,2016-01-26,2026-03-08,2016-01-23,2023-11-19,3.0,32.0,3.0,32.0
669855,Jofra Chioke Archer,1995-04-01,31y 96d,England,Bowler,Right hand Bat,Right arm Fast,2019 - 2026,2026,IPL 2026,RR,16,10.0,4.0,64.0,32.0,10.66,47.0,136.17,0.0,0.0,4.0,4.0,8,0,25.0,9.31,360.0,3/17,3/17,22.36,14.4,0.0,0.0,0.0,2019-05-05,2026-07-04,2019-05-03,2025-11-01,3.0,17.0,3.0,17.0
669855,Jofra Chioke Archer,1995-04-01,31y 96d,England,Bowler,Right hand Bat,Right arm Fast,2019 - 2026,2025,IPL 2025,RR,12,7.0,1.0,63.0,30.0,10.5,50.0,126.0,0.0,0.0,3.0,4.0,1,0,11.0,9.47,273.0,3/25,3/25,39.18,24.8,0.0,0.0,0.0,2019-05-05,2026-07-04,2019-05-03,2025-11-01,3.0,25.0,3.0,25.0
669855,Jofra Chioke Archer,1995-04-01,31y 96d,England,Bowler,Right hand Bat,Right arm Fast,2019 - 2026,2023,IPL 2023,MI,5,2.0,2.0,4.0,3.0,,4.0,100.0,0.0,0.0,0.0,0.0,1,0,2.0,9.5,120.0,1/35,1/35,95.0,60.0,0.0,0.0,0.0,2019-05-05,2026-07-04,2019-05-03,2025-11-01,1.0,35.0,1.0,35.0
669855,Jofra Chioke Archer,1995-04-01,31y 96d,England,Bowler,Right hand Bat,Right arm Fast,2019 - 2026,2020/21,IPL 2020/21,RR,14,10.0,4.0,113.0,27.0,18.83,63.0,179.36,0.0,0.0,5.0,10.0,5,0,20.0,6.55,334.0,3/19,3/19,18.25,16.7,0.0,0.0,0.0,2019-05-05,2026-07-04,2019-05-03,2025-11-01,3.0,19.0,3.0,19.0
669855,Jofra Chioke Archer,1995-04-01,31y 96d,England,Bowler,Right hand Bat,Right arm Fast,2019 - 2026,2019,IPL 2019,RR,11,5.0,3.0,67.0,27.0,33.5,40.0,167.5,0.0,0.0,4.0,4.0,3,0,11.0,6.76,258.0,3/15,3/15,26.45,23.4,0.0,0.0,0.0,2019-05-05,2026-07-04,2019-05-03,2025-11-01,3.0,15.0,3.0,15.0
669855,Jofra Chioke Archer,1995-04-01,31y 96d,England,Bowler,Right hand Bat,Right arm Fast,2019 - 2026,2018,IPL 2018,RR,10,8.0,3.0,15.0,8.0,3.0,21.0,71.42,0.0,0.0,2.0,0.0,1,0,15.0,8.36,233.0,3/22,3/22,21.66,15.5,0.0,0.0,0.0,2019-05-05,2026-07-04,2019-05-03,2025-11-01,3.0,22.0,3.0,22.0
297433,Jonathan Marc Bairstow,1989-09-26,36y 283d,England,Wicketkeeper Batter,Right hand Bat,Right arm Medium,2011 - 2024,2025,IPL 2025,MI,2,2.0,0.0,85.0,47.0,42.5,46.0,184.78,0.0,0.0,7.0,5.0,1,0,,,,,,,,,,,2011-09-23,2024-06-27,2011-09-16,2023-11-11,,,,
297433,Jonathan Marc Bairstow,1989-09-26,36y 283d,England,Wicketkeeper Batter,Right hand Bat,Right arm Medium,2011 - 2024,2024,IPL 2024,PBKS,11,11.0,1.0,298.0,108.0,29.8,195.0,152.82,1.0,0.0,33.0,14.0,8,0,,,,,,,,,,,2011-09-23,2024-06-27,2011-09-16,2023-11-11,,,,
297433,Jonathan Marc Bairstow,1989-09-26,36y 283d,England,Wicketkeeper Batter,Right hand Bat,Right arm Medium,2011 - 2024,2022,IPL 2022,PBKS,11,11.0,0.0,253.0,66.0,23.0,175.0,144.57,0.0,2.0,34.0,9.0,2,0,,,,,,,,,,,2011-09-23,2024-06-27,2011-09-16,2023-11-11,,,,
297433,Jonathan Marc Bairstow,1989-09-26,36y 283d,England,Wicketkeeper Batter,Right hand Bat,Right arm Medium,2011 - 2024,2021,IPL 2021,SRH,7,7.0,1.0,248.0,63.0,41.33,175.0,141.71,0.0,2.0,20.0,15.0,2,1,,,,,,,,,,,2011-09-23,2024-06-27,2011-09-16,2023-11-11,,,,
297433,Jonathan Marc Bairstow,1989-09-26,36y 283d,England,Wicketkeeper Batter,Right hand Bat,Right arm Medium,2011 - 2024,2020/21,IPL 2020/21,SRH,11,11.0,0.0,345.0,97.0,31.36,272.0,126.83,0.0,3.0,31.0,13.0,7,1,,,,,,,,,,,2011-09-23,2024-06-27,2011-09-16,2023-11-11,,,,
297433,Jonathan Marc Bairstow,1989-09-26,36y 283d,England,Wicketkeeper Batter,Right hand Bat,Right arm Medium,2011 - 2024,2019,IPL 2019,SRH,10,10.0,2.0,445.0,114.0,55.62,283.0,157.24,1.0,2.0,48.0,18.0,9,2,,,,,,,,,,,2011-09-23,2024-06-27,2011-09-16,2023-11-11,,,,
230559,Kieron Adrian Pollard,1987-05-12,39y 56d,West Indies,Batting Allrounder,Right hand Bat,Right arm Medium,2007 - 2022,2022,IPL 2022,MI,11,11.0,1.0,144.0,25.0,14.4,134.0,107.46,0.0,0.0,6.0,9.0,7,0,4.0,8.92,84.0,2/8,2/8,31.25,21.0,0.0,0.0,0.0,2008-06-20,2022-02-20,2007-04-10,2022-02-06,2.0,8.0,2.0,8.0
230559,Kieron Adrian Pollard,1987-05-12,39y 56d,West Indies,Batting Allrounder,Right hand Bat,Right arm Medium,2007 - 2022,2021,IPL 2021,MI,14,13.0,5.0,245.0,87.0,30.62,165.0,148.48,0.0,1.0,16.0,16.0,6,0,5.0,7.21,79.0,2/8,2/8,19.0,15.8,0.0,0.0,0.0,2008-06-20,2022-02-20,2007-04-10,2022-02-06,2.0,8.0,2.0,8.0
230559,Kieron Adrian Pollard,1987-05-12,39y 56d,West Indies,Batting Allrounder,Right hand Bat,Right arm Medium,2007 - 2022,2020/21,IPL 2020/21,MI,16,12.0,7.0,268.0,60.0,53.6,140.0,191.42,0.0,1.0,15.0,22.0,8,0,4.0,9.04,126.0,1/5,1/5,47.5,31.5,0.0,0.0,0.0,2008-06-20,2022-02-20,2007-04-10,2022-02-06,1.0,5.0,1.0,5.0
230559,Kieron Adrian Pollard,1987-05-12,39y 56d,West Indies,Batting Allrounder,Right hand Bat,Right arm Medium,2007 - 2022,2019,IPL 2019,MI,16,14.0,6.0,279.0,83.0,34.87,178.0,156.74,0.0,1.0,14.0,22.0,8,0,,,,,,,,,,,2008-06-20,2022-02-20,2007-04-10,2022-02-06,,,,
230559,Kieron Adrian Pollard,1987-05-12,39y 56d,West Indies,Batting Allrounder,Right hand Bat,Right arm Medium,2007 - 2022,2018,IPL 2018,MI,9,8.0,1.0,133.0,50.0,19.0,100.0,133.0,0.0,1.0,10.0,7.0,4,0,,,,,,,,,,,2008-06-20,2022-02-20,2007-04-10,2022-02-06,,,,
230559,Kieron Adrian Pollard,1987-05-12,39y 56d,West Indies,Batting Allrounder,Right hand Bat,Right arm Medium,2007 - 2022,2017,IPL 2017,MI,17,16.0,3.0,385.0,70.0,29.61,276.0,139.49,0.0,3.0,26.0,22.0,15,0,0.0,16.36,11.0,,,,,0.0,0.0,0.0,2008-06-20,2022-02-20,2007-04-10,2022-02-06,,,,
230559,Kieron Adrian Pollard,1987-05-12,39y 56d,West Indies,Batting Allrounder,Right hand Bat,Right arm Medium,2007 - 2022,2016,IPL 2016,MI,13,12.0,4.0,207.0,51.0,25.87,144.0,143.75,0.0,1.0,11.0,16.0,5,0,0.0,13.5,36.0,,,,,0.0,0.0,0.0,2008-06-20,2022-02-20,2007-04-10,2022-02-06,,,,
230559,Kieron Adrian Pollard,1987-05-12,39y 56d,West Indies,Batting Allrounder,Right hand Bat,Right arm Medium,2007 - 2022,2015,IPL 2015,MI,16,14.0,3.0,419.0,70.0,38.09,256.0,163.67,0.0,2.0,28.0,28.0,9,0,3.0,9.47,76.0,1/6,1/6,40.0,25.3,0.0,0.0,0.0,2008-06-20,2022-02-20,2007-04-10,2022-02-06,1.0,6.0,1.0,6.0
230559,Kieron Adrian Pollard,1987-05-12,39y 56d,West Indies,Batting Allrounder,Right hand Bat,Right arm Medium,2007 - 2022,2014,IPL 2014,MI,15,15.0,7.0,273.0,78.0,34.12,203.0,134.48,0.0,1.0,15.0,15.0,7,0,2.0,10.48,150.0,1/33,1/33,131.0,75.0,0.0,0.0,0.0,2008-06-20,2022-02-20,2007-04-10,2022-02-06,1.0,33.0,1.0,33.0
230559,Kieron Adrian Pollard,1987-05-12,39y 56d,West Indies,Batting Allrounder,Right hand Bat,Right arm Medium,2007 - 2022,2013,IPL 2013,MI,18,18.0,8.0,420.0,66.0,42.0,281.0,149.46,0.0,3.0,27.0,29.0,12,0,10.0,9.41,186.0,2/6,2/6,29.2,18.6,0.0,0.0,0.0,2008-06-20,2022-02-20,2007-04-10,2022-02-06,2.0,6.0,2.0,6.0
230559,Kieron Adrian Pollard,1987-05-12,39y 56d,West Indies,Batting Allrounder,Right hand Bat,Right arm Medium,2007 - 2022,2012,IPL 2012,MI,14,11.0,2.0,220.0,64.0,24.44,159.0,138.36,0.0,2.0,15.0,14.0,6,0,16.0,7.98,263.0,4/44,4/44,21.87,16.4,1.0,0.0,0.0,2008-06-20,2022-02-20,2007-04-10,2022-02-06,4.0,44.0,4.0,44.0
230559,Kieron Adrian Pollard,1987-05-12,39y 56d,West Indies,Batting Allrounder,Right hand Bat,Right arm Medium,2007 - 2022,2011,IPL 2011,MI,16,13.0,3.0,146.0,28.0,14.6,133.0,109.77,0.0,0.0,12.0,6.0,10,0,10.0,8.49,255.0,2/24,2/24,36.1,25.5,0.0,0.0,0.0,2008-06-20,2022-02-20,2007-04-10,2022-02-06,2.0,24.0,2.0,24.0
230559,Kieron Adrian Pollard,1987-05-12,39y 56d,West Indies,Batting Allrounder,Right hand Bat,Right arm Medium,2007 - 2022,2009/10,IPL 2009/10,MI,14,14.0,2.0,273.0,45.0,22.75,147.0,185.71,0.0,0.0,23.0,17.0,6,0,15.0,7.4,222.0,3/17,3/17,18.26,14.8,0.0,0.0,0.0,2008-06-20,2022-02-20,2007-04-10,2022-02-06,3.0,17.0,3.0,17.0
1454586,Krish Bhagat,2004-11-06,21y 243d,India,Bowler,Right hand Bat,Right arm Medium,,2026,IPL 2026,MI,3,2.0,1.0,10.0,7.0,10.0,21.0,47.61,0.0,0.0,0.0,0.0,1,0,0.0,10.5,36.0,,,,,0.0,0.0,0.0,,,,,,,,
314622,Krishmar Santokie,1984-12-20,41y 199d,West Indies,Bowler,Left hand Bat,Left arm Medium,2011 - 2014,2014,IPL 2014,MI,2,,,,,,,,,,,,1,0,3.0,11.25,48.0,2/50,2/50,30.0,16.0,0.0,0.0,0.0,2011-09-25,2014-08-27,,,2.0,50.0,2.0,50.0
1159843,Kumar Kartikeya Singh,1997-12-26,28y 193d,India,Bowler,Right hand Bat,"Slow Left arm Orthodox, Left arm Wrist spin",,2025,IPL 2025,RR,4,2.0,0.0,3.0,2.0,1.5,5.0,60.0,0.0,0.0,0.0,0.0,0,0,2.0,9.75,48.0,1/21,1/21,39.0,24.0,0.0,0.0,0.0,,,,,1.0,21.0,1.0,21.0
1159843,Kumar Kartikeya Singh,1997-12-26,28y 193d,India,Bowler,Right hand Bat,"Slow Left arm Orthodox, Left arm Wrist spin",,2023,IPL 2023,MI,8,1.0,0.0,6.0,6.0,6.0,7.0,85.71,0.0,0.0,1.0,0.0,1,0,5.0,8.73,156.0,2/37,2/37,45.4,31.2,0.0,0.0,0.0,,,,,2.0,37.0,2.0,37.0
1159843,Kumar Kartikeya Singh,1997-12-26,28y 193d,India,Bowler,Right hand Bat,"Slow Left arm Orthodox, Left arm Wrist spin",,2022,IPL 2022,MI,4,1.0,0.0,3.0,3.0,3.0,5.0,60.0,0.0,0.0,0.0,0.0,0,0,5.0,7.84,78.0,2/22,2/22,20.4,15.6,0.0,0.0,0.0,,,,,2.0,22.0,2.0,22.0
1294342,Kwena Tshegofatso Maphaka,2006-04-08,20y 90d,South Africa,Bowler,Left hand Bat,Left arm Fast,2024 - 2026,2025,IPL 2025,RR,2,1.0,1.0,8.0,8.0,,2.0,400.0,0.0,0.0,2.0,0.0,2,0,1.0,10.8,30.0,1/32,1/32,54.0,30.0,0.0,0.0,0.0,2024-08-23,2026-03-01,2024-12-19,2025-08-24,1.0,32.0,1.0,32.0
1294342,Kwena Tshegofatso Maphaka,2006-04-08,20y 90d,South Africa,Bowler,Left hand Bat,Left arm Fast,2024 - 2026,2024,IPL 2024,MI,2,,,,,,,,,,,,0,0,1.0,14.83,36.0,1/23,1/23,89.0,36.0,0.0,0.0,0.0,2024-08-23,2026-03-01,2024-12-19,2025-08-24,1.0,23.0,1.0,23.0
49758,Separamadu Lasith Malinga,1983-08-28,42y 313d,Sri Lanka,Bowler,Right hand Bat,Right arm Fast,2004 - 2020,2019,IPL 2019,MI,12,,,,,,,,,,,,1,0,16.0,9.76,269.0,4/31,4/31,27.37,16.8,2.0,0.0,0.0,2006-06-15,2020-03-06,2004-07-17,2019-07-26,4.0,31.0,4.0,31.0
49758,Separamadu Lasith Malinga,1983-08-28,42y 313d,Sri Lanka,Bowler,Right hand Bat,Right arm Fast,2004 - 2020,2017,IPL 2017,MI,12,2.0,2.0,7.0,7.0,,3.0,233.33,0.0,0.0,0.0,1.0,1,0,11.0,8.52,269.0,2/5,2/5,34.72,24.4,0.0,0.0,0.0,2006-06-15,2020-03-06,2004-07-17,2019-07-26,2.0,5.0,2.0,5.0
49758,Separamadu Lasith Malinga,1983-08-28,42y 313d,Sri Lanka,Bowler,Right hand Bat,Right arm Fast,2004 - 2020,2015,IPL 2015,MI,15,1.0,1.0,6.0,6.0,,10.0,60.0,0.0,0.0,1.0,0.0,2,0,24.0,7.4,360.0,4/23,4/23,18.5,15.0,1.0,0.0,0.0,2006-06-15,2020-03-06,2004-07-17,2019-07-26,4.0,23.0,4.0,23.0
49758,Separamadu Lasith Malinga,1983-08-28,42y 313d,Sri Lanka,Bowler,Right hand Bat,Right arm Fast,2004 - 2020,2014,IPL 2014,MI,10,1.0,0.0,2.0,2.0,2.0,4.0,50.0,0.0,0.0,0.0,0.0,0,0,16.0,6.45,235.0,4/23,4/23,15.81,14.6,1.0,0.0,0.0,2006-06-15,2020-03-06,2004-07-17,2019-07-26,4.0,23.0,4.0,23.0
49758,Separamadu Lasith Malinga,1983-08-28,42y 313d,Sri Lanka,Bowler,Right hand Bat,Right arm Fast,2004 - 2020,2013,IPL 2013,MI,17,6.0,2.0,9.0,7.0,2.25,18.0,50.0,0.0,0.0,1.0,0.0,3,0,20.0,7.16,392.0,3/39,3/39,23.4,19.6,0.0,0.0,0.0,2006-06-15,2020-03-06,2004-07-17,2019-07-26,3.0,39.0,3.0,39.0
49758,Separamadu Lasith Malinga,1983-08-28,42y 313d,Sri Lanka,Bowler,Right hand Bat,Right arm Fast,2004 - 2020,2012,IPL 2012,MI,14,6.0,0.0,55.0,17.0,9.16,53.0,103.77,0.0,0.0,4.0,3.0,6,0,22.0,6.3,333.0,4/16,4/16,15.9,15.1,1.0,0.0,0.0,2006-06-15,2020-03-06,2004-07-17,2019-07-26,4.0,16.0,4.0,16.0
49758,Separamadu Lasith Malinga,1983-08-28,42y 313d,Sri Lanka,Bowler,Right hand Bat,Right arm Fast,2004 - 2020,2011,IPL 2011,MI,16,4.0,1.0,8.0,7.0,2.66,9.0,88.88,0.0,0.0,0.0,1.0,4,0,28.0,5.95,378.0,5/13,5/13,13.39,13.5,0.0,1.0,0.0,2006-06-15,2020-03-06,2004-07-17,2019-07-26,5.0,13.0,5.0,13.0
49758,Separamadu Lasith Malinga,1983-08-28,42y 313d,Sri Lanka,Bowler,Right hand Bat,Right arm Fast,2004 - 2020,2009/10,IPL 2009/10,MI,13,2.0,2.0,1.0,1.0,,1.0,100.0,0.0,0.0,0.0,0.0,2,0,15.0,7.02,294.0,4/22,4/22,22.93,19.6,1.0,0.0,0.0,2006-06-15,2020-03-06,2004-07-17,2019-07-26,4.0,22.0,4.0,22.0
49758,Separamadu Lasith Malinga,1983-08-28,42y 313d,Sri Lanka,Bowler,Right hand Bat,Right arm Fast,2004 - 2020,2009,IPL 2009,MI,13,3.0,1.0,0.0,0.0,0.0,1.0,0.0,0.0,0.0,0.0,0.0,2,0,18.0,6.28,297.0,3/10,3/10,17.27,16.5,0.0,0.0,0.0,2006-06-15,2020-03-06,2004-07-17,2019-07-26,3.0,10.0,3.0,10.0
53116,Lendl Mark Platter Simmons,1985-01-25,41y 163d,West Indies,Top order Batter,Right hand Bat,Right arm Medium fast,2006 - 2021,2017,IPL 2017,MI,7,7.0,0.0,137.0,66.0,19.57,112.0,122.32,0.0,2.0,10.0,8.0,2,0,,,,,,,,,,,2007-06-29,2021-10-26,2006-12-07,2015-03-21,,,,
53116,Lendl Mark Platter Simmons,1985-01-25,41y 163d,West Indies,Top order Batter,Right hand Bat,Right arm Medium fast,2006 - 2021,2016,IPL 2016,MI,1,1.0,0.0,8.0,8.0,8.0,8.0,100.0,0.0,0.0,0.0,1.0,0,0,,,,,,,,,,,2007-06-29,2021-10-26,2006-12-07,2015-03-21,,,,
53116,Lendl Mark Platter Simmons,1985-01-25,41y 163d,West Indies,Top order Batter,Right hand Bat,Right arm Medium fast,2006 - 2021,2015,IPL 2015,MI,13,13.0,1.0,540.0,71.0,45.0,441.0,122.44,0.0,6.0,56.0,21.0,6,0,,,,,,,,,,,2007-06-29,2021-10-26,2006-12-07,2015-03-21,,,,
53116,Lendl Mark Platter Simmons,1985-01-25,41y 163d,West Indies,Top order Batter,Right hand Bat,Right arm Medium fast,2006 - 2021,2014,IPL 2014,MI,8,8.0,1.0,394.0,100.0,56.28,291.0,135.39,1.0,3.0,43.0,14.0,2,0,1.0,11.33,18.0,1/34,1/34,34.0,18.0,0.0,0.0,0.0,2007-06-29,2021-10-26,2006-12-07,2015-03-21,1.0,34.0,1.0,34.0
7502,Luke Ronchi,1981-04-23,45y 75d,New Zealand,Wicketkeeper Batter,Right hand Bat,,2008 - 2018,2009,IPL 2009,MI,1,1.0,0.0,0.0,0.0,0.0,2.0,0.0,0.0,0.0,0.0,0.0,1,0,,,,,,,,,,,2008-06-20,2018-05-31,2008-06-27,2017-06-09,,,,
7502,Luke Ronchi,1981-04-23,45y 75d,New Zealand,Wicketkeeper Batter,Right hand Bat,,2008 - 2018,2007/08,IPL 2007/08,MI,4,4.0,0.0,34.0,13.0,8.5,32.0,106.25,0.0,0.0,6.0,1.0,3,0,,,,,,,,,,,2008-06-20,2018-05-31,2008-06-27,2017-06-09,,,,
573170,Luke Wood,1995-08-02,30y 339d,England,Bowler,Left hand Bat,Left arm Fast medium,2022 - 2026,2024,IPL 2024,MI,2,1.0,1.0,9.0,9.0,,3.0,300.0,0.0,0.0,0.0,1.0,0,0,1.0,15.5,36.0,1/68,1/68,93.0,36.0,0.0,0.0,0.0,2022-09-20,2026-07-01,2022-11-17,2025-10-26,1.0,68.0,1.0,68.0
696401,Marco Jansen,2000-05-01,26y 66d,South Africa,Bowling Allrounder,Right hand Bat,Left arm Fast,2021 - 2026,2026,IPL 2026,PBKS,13,5.0,1.0,51.0,20.0,12.75,45.0,113.33,0.0,0.0,1.0,3.0,7,0,9.0,10.2,284.0,2/33,2/33,53.66,31.5,0.0,0.0,0.0,2022-06-17,2026-03-04,2022-01-19,2025-12-06,2.0,33.0,2.0,33.0
696401,Marco Jansen,2000-05-01,26y 66d,South Africa,Bowling Allrounder,Right hand Bat,Left arm Fast,2021 - 2026,2025,IPL 2025,PBKS,14,8.0,4.0,75.0,34.0,18.75,63.0,119.04,0.0,0.0,3.0,4.0,8,0,16.0,9.2,283.0,3/17,3/17,27.12,17.6,0.0,0.0,0.0,2022-06-17,2026-03-04,2022-01-19,2025-12-06,3.0,17.0,3.0,17.0
696401,Marco Jansen,2000-05-01,26y 66d,South Africa,Bowling Allrounder,Right hand Bat,Left arm Fast,2021 - 2026,2024,IPL 2024,SRH,3,2.0,1.0,18.0,17.0,18.0,13.0,138.46,0.0,0.0,1.0,1.0,6,0,1.0,12.9,60.0,1/45,1/45,129.0,60.0,0.0,0.0,0.0,2022-06-17,2026-03-04,2022-01-19,2025-12-06,1.0,45.0,1.0,45.0
696401,Marco Jansen,2000-05-01,26y 66d,South Africa,Bowling Allrounder,Right hand Bat,Left arm Fast,2021 - 2026,2023,IPL 2023,SRH,8,6.0,3.0,39.0,17.0,13.0,43.0,90.69,0.0,0.0,4.0,0.0,3,0,10.0,9.88,162.0,2/16,2/16,26.7,16.2,0.0,0.0,0.0,2022-06-17,2026-03-04,2022-01-19,2025-12-06,2.0,16.0,2.0,16.0
696401,Marco Jansen,2000-05-01,26y 66d,South Africa,Bowling Allrounder,Right hand Bat,Left arm Fast,2021 - 2026,2022,IPL 2022,SRH,8,3.0,2.0,9.0,8.0,9.0,7.0,128.57,0.0,0.0,0.0,1.0,3,0,7.0,8.56,192.0,3/25,3/25,39.14,27.4,0.0,0.0,0.0,2022-06-17,2026-03-04,2022-01-19,2025-12-06,3.0,25.0,3.0,25.0
696401,Marco Jansen,2000-05-01,26y 66d,South Africa,Bowling Allrounder,Right hand Bat,Left arm Fast,2021 - 2026,2021,IPL 2021,MI,2,2.0,0.0,0.0,0.0,0.0,3.0,0.0,0.0,0.0,0.0,0.0,1,0,2.0,7.5,36.0,2/28,2/28,22.5,18.0,0.0,0.0,0.0,2022-06-17,2026-03-04,2022-01-19,2025-12-06,2.0,28.0,2.0,28.0
226492,Martin James Guptill,1986-09-30,39y 279d,New Zealand,Opening Batter,Right hand Bat,Right arm Offbreak,2009 - 2022,2019,IPL 2019,SRH,3,3.0,0.0,81.0,36.0,27.0,53.0,152.83,0.0,0.0,4.0,7.0,1,0,,,,,,,,,,,2009-02-15,2022-10-12,2009-01-10,2022-09-08,,,,
226492,Martin James Guptill,1986-09-30,39y 279d,New Zealand,Opening Batter,Right hand Bat,Right arm Offbreak,2009 - 2022,2017,IPL 2017,PBKS,7,7.0,1.0,132.0,50.0,22.0,88.0,150.0,0.0,1.0,17.0,5.0,6,0,,,,,,,,,,,2009-02-15,2022-10-12,2009-01-10,2022-09-08,,,,
226492,Martin James Guptill,1986-09-30,39y 279d,New Zealand,Opening Batter,Right hand Bat,Right arm Offbreak,2009 - 2022,2016,IPL 2016,MI,3,3.0,0.0,57.0,48.0,19.0,55.0,103.63,0.0,0.0,3.0,3.0,0,0,,,,,,,,,,,2009-02-15,2022-10-12,2009-01-10,2022-09-08,,,,
1081442,Mayank Markande,1997-11-11,28y 238d,India,Bowler,Right hand Bat,Legbreak,2019 - 2019,2026,IPL 2026,MI,3,,,,,,,,,,,,1,0,0.0,15.2,30.0,,,,,0.0,0.0,0.0,2019-02-24,2018-11-01,,,,,,
1081442,Mayank Markande,1997-11-11,28y 238d,India,Bowler,Right hand Bat,Legbreak,2019 - 2019,2024,IPL 2024,SRH,7,,,,,,,,,,,,2,0,8.0,11.77,132.0,2/26,2/26,32.37,16.5,0.0,0.0,0.0,2019-02-24,2018-11-01,,,2.0,26.0,2.0,26.0
1081442,Mayank Markande,1997-11-11,28y 238d,India,Bowler,Right hand Bat,Legbreak,2019 - 2019,2023,IPL 2023,SRH,10,3.0,3.0,21.0,18.0,,13.0,161.53,0.0,0.0,2.0,1.0,1,0,12.0,7.89,228.0,4/15,4/15,25.0,19.0,1.0,0.0,0.0,2019-02-24,2018-11-01,,,4.0,15.0,4.0,15.0
1081442,Mayank Markande,1997-11-11,28y 238d,India,Bowler,Right hand Bat,Legbreak,2019 - 2019,2022,IPL 2022,MI,2,,,,,,,,,,,,2,0,1.0,8.14,42.0,1/26,1/26,57.0,42.0,0.0,0.0,0.0,2019-02-24,2018-11-01,,,1.0,26.0,1.0,26.0
1081442,Mayank Markande,1997-11-11,28y 238d,India,Bowler,Right hand Bat,Legbreak,2019 - 2019,2021,IPL 2021,RR,1,,,,,,,,,,,,0,0,0.0,8.66,18.0,,,,,0.0,0.0,0.0,2019-02-24,2018-11-01,,,,,,
1081442,Mayank Markande,1997-11-11,28y 238d,India,Bowler,Right hand Bat,Legbreak,2019 - 2019,2019,IPL 2019,MI,3,2.0,1.0,6.0,6.0,6.0,5.0,120.0,0.0,0.0,1.0,0.0,0,0,1.0,9.83,36.0,1/23,1/23,59.0,36.0,0.0,0.0,0.0,2019-02-24,2018-11-01,,,1.0,23.0,1.0,23.0
1081442,Mayank Markande,1997-11-11,28y 238d,India,Bowler,Right hand Bat,Legbreak,2019 - 2019,2018,IPL 2018,MI,14,6.0,4.0,21.0,7.0,10.5,24.0,87.5,0.0,0.0,2.0,0.0,3,0,15.0,8.36,264.0,4/23,4/23,24.53,17.6,1.0,0.0,0.0,2019-02-24,2018-11-01,,,4.0,23.0,4.0,23.0
1079847,Mayank Ram Rawat,1999-12-04,26y 215d,India,Allrounder,Right hand Bat,Right arm Offbreak,,2026,IPL 2026,MI,1,1.0,1.0,0.0,0.0,,0.0,,0.0,0.0,0.0,0.0,0,0,,,,,,,,,,,,,,,,,,
319439,Mitchell John McClenaghan,1986-06-11,40y 26d,New Zealand,Bowler,Left hand Bat,Left arm Fast medium,2012 - 2018,2019,IPL 2019,MI,5,4.0,1.0,11.0,10.0,3.66,16.0,68.75,0.0,0.0,2.0,0.0,0,0,3.0,7.88,108.0,3/40,3/40,47.33,36.0,0.0,0.0,0.0,2012-12-21,2018-05-31,2013-01-19,2016-01-25,3.0,40.0,3.0,40.0
319439,Mitchell John McClenaghan,1986-06-11,40y 26d,New Zealand,Bowler,Left hand Bat,Left arm Fast medium,2012 - 2018,2018,IPL 2018,MI,11,5.0,3.0,11.0,11.0,5.5,10.0,110.0,0.0,0.0,1.0,1.0,0,0,14.0,8.3,240.0,2/22,2/22,23.71,17.1,0.0,0.0,0.0,2012-12-21,2018-05-31,2013-01-19,2016-01-25,2.0,22.0,2.0,22.0
319439,Mitchell John McClenaghan,1986-06-11,40y 26d,New Zealand,Bowler,Left hand Bat,Left arm Fast medium,2012 - 2018,2017,IPL 2017,MI,14,7.0,3.0,16.0,12.0,4.0,15.0,106.66,0.0,0.0,0.0,1.0,1,0,19.0,9.38,324.0,3/24,3/24,26.68,17.0,0.0,0.0,0.0,2012-12-21,2018-05-31,2013-01-19,2016-01-25,3.0,24.0,3.0,24.0
319439,Mitchell John McClenaghan,1986-06-11,40y 26d,New Zealand,Bowler,Left hand Bat,Left arm Fast medium,2012 - 2018,2016,IPL 2016,MI,14,5.0,2.0,34.0,20.0,11.33,23.0,147.82,0.0,0.0,2.0,3.0,0,0,17.0,8.17,320.0,4/21,4/21,25.64,18.8,1.0,0.0,0.0,2012-12-21,2018-05-31,2013-01-19,2016-01-25,4.0,21.0,4.0,21.0
319439,Mitchell John McClenaghan,1986-06-11,40y 26d,New Zealand,Bowler,Left hand Bat,Left arm Fast medium,2012 - 2018,2015,IPL 2015,MI,12,3.0,2.0,13.0,12.0,13.0,6.0,216.66,0.0,0.0,0.0,2.0,0,0,18.0,8.21,282.0,3/16,3/16,21.44,15.6,0.0,0.0,0.0,2012-12-21,2018-05-31,2013-01-19,2016-01-25,3.0,16.0,3.0,16.0
55988,Mohammad Ashraful,1984-07-07,42y,Bangladesh,Middle order Batter,Right hand Bat,"Right arm Offbreak, Legbreak",2001 - 2013,2009,IPL 2009,MI,1,1.0,0.0,2.0,2.0,2.0,10.0,20.0,0.0,0.0,0.0,0.0,2,0,,,,,,,,,,,2007-09-01,2013-03-31,2001-04-11,2013-05-08,,,,
25913,Mohammad Nabi,1985-01-01,41y 187d,Afghanistan,Allrounder,Right hand Bat,Right arm Offbreak,2009 - 2026,2024,IPL 2024,MI,7,5.0,1.0,35.0,23.0,8.75,31.0,112.9,0.0,0.0,2.0,2.0,7,0,2.0,8.83,74.0,1/16,1/16,54.5,37.0,0.0,0.0,0.0,2010-02-01,2026-02-19,2009-04-19,2026-06-20,1.0,16.0,1.0,16.0
25913,Mohammad Nabi,1985-01-01,41y 187d,Afghanistan,Allrounder,Right hand Bat,Right arm Offbreak,2009 - 2026,2021,IPL 2021,SRH,3,3.0,0.0,34.0,17.0,11.33,20.0,170.0,0.0,0.0,3.0,2.0,5,0,2.0,10.75,48.0,2/32,2/32,43.0,24.0,0.0,0.0,0.0,2010-02-01,2026-02-19,2009-04-19,2026-06-20,2.0,32.0,2.0,32.0
25913,Mohammad Nabi,1985-01-01,41y 187d,Afghanistan,Allrounder,Right hand Bat,Right arm Offbreak,2009 - 2026,2020/21,IPL 2020/21,SRH,1,1.0,1.0,11.0,11.0,,8.0,137.5,0.0,0.0,2.0,0.0,0,0,0.0,5.75,24.0,,,,,0.0,0.0,0.0,2010-02-01,2026-02-19,2009-04-19,2026-06-20,,,,
25913,Mohammad Nabi,1985-01-01,41y 187d,Afghanistan,Allrounder,Right hand Bat,Right arm Offbreak,2009 - 2026,2019,IPL 2019,SRH,8,7.0,1.0,115.0,31.0,19.16,76.0,151.31,0.0,0.0,8.0,7.0,6,0,8.0,6.65,175.0,4/11,4/11,24.25,21.8,1.0,0.0,0.0,2010-02-01,2026-02-19,2009-04-19,2026-06-20,4.0,11.0,4.0,11.0
25913,Mohammad Nabi,1985-01-01,41y 187d,Afghanistan,Allrounder,Right hand Bat,Right arm Offbreak,2009 - 2026,2018,IPL 2018,SRH,2,2.0,0.0,18.0,14.0,9.0,12.0,150.0,0.0,0.0,3.0,0.0,0,0,1.0,9.4,30.0,1/23,1/23,47.0,30.0,0.0,0.0,0.0,2010-02-01,2026-02-19,2009-04-19,2026-06-20,1.0,23.0,1.0,23.0
25913,Mohammad Nabi,1985-01-01,41y 187d,Afghanistan,Allrounder,Right hand Bat,Right arm Offbreak,2009 - 2026,2017,IPL 2017,SRH,3,1.0,0.0,2.0,2.0,2.0,3.0,66.66,0.0,0.0,0.0,0.0,0,0,2.0,5.27,66.0,1/13,1/13,29.0,33.0,0.0,0.0,0.0,2010-02-01,2026-02-19,2009-04-19,2026-06-20,1.0,13.0,1.0,13.0
974109,Mujeeb Ur Rahman,2001-03-28,25y 101d,Afghanistan,Bowler,Right hand Bat,Right arm Offbreak,2017 - 2026,2025,IPL 2025,MI,1,,,,,,,,,,,,0,0,1.0,14.0,12.0,1/28,1/28,28.0,12.0,0.0,0.0,0.0,2018-02-05,2026-02-19,2017-12-05,2023-11-10,1.0,28.0,1.0,28.0
974109,Mujeeb Ur Rahman,2001-03-28,25y 101d,Afghanistan,Bowler,Right hand Bat,Right arm Offbreak,2017 - 2026,2021,IPL 2021,SRH,1,1.0,1.0,1.0,1.0,,1.0,100.0,0.0,0.0,0.0,0.0,0,0,2.0,7.25,24.0,2/29,2/29,14.5,12.0,0.0,0.0,0.0,2018-02-05,2026-02-19,2017-12-05,2023-11-10,2.0,29.0,2.0,29.0
974109,Mujeeb Ur Rahman,2001-03-28,25y 101d,Afghanistan,Bowler,Right hand Bat,Right arm Offbreak,2017 - 2026,2020/21,IPL 2020/21,PBKS,2,1.0,0.0,1.0,1.0,1.0,3.0,33.33,0.0,0.0,0.0,0.0,0,0,0.0,10.37,48.0,,,,,0.0,0.0,0.0,2018-02-05,2026-02-19,2017-12-05,2023-11-10,,,,
974109,Mujeeb Ur Rahman,2001-03-28,25y 101d,Afghanistan,Bowler,Right hand Bat,Right arm Offbreak,2017 - 2026,2019,IPL 2019,PBKS,5,3.0,2.0,0.0,0.0,0.0,4.0,0.0,0.0,0.0,0.0,0.0,1,0,3.0,10.05,114.0,2/31,2/31,63.66,38.0,0.0,0.0,0.0,2018-02-05,2026-02-19,2017-12-05,2023-11-10,2.0,31.0,2.0,31.0
974109,Mujeeb Ur Rahman,2001-03-28,25y 101d,Afghanistan,Bowler,Right hand Bat,Right arm Offbreak,2017 - 2026,2018,IPL 2018,PBKS,11,2.0,1.0,10.0,10.0,10.0,7.0,142.85,0.0,0.0,2.0,0.0,1,0,14.0,6.99,248.0,3/27,3/27,20.64,17.7,0.0,0.0,0.0,2018-02-05,2026-02-19,2017-12-05,2023-11-10,3.0,27.0,3.0,27.0
528067,Murugan Ashwin,1990-09-08,35y 301d,India,Bowler,Right hand Bat,Legbreak Googly,,2023,IPL 2023,RR,2,,,,,,,,,,,,0,0,0.0,13.25,24.0,,,,,0.0,0.0,0.0,,,,,,,,
528067,Murugan Ashwin,1990-09-08,35y 301d,India,Bowler,Right hand Bat,Legbreak Googly,,2022,IPL 2022,MI,8,5.0,2.0,12.0,6.0,4.0,14.0,85.71,0.0,0.0,1.0,1.0,0,0,9.0,7.86,174.0,2/14,2/14,25.33,19.3,0.0,0.0,0.0,,,,,2.0,14.0,2.0,14.0
528067,Murugan Ashwin,1990-09-08,35y 301d,India,Bowler,Right hand Bat,Legbreak Googly,,2021,IPL 2021,PBKS,3,2.0,0.0,15.0,9.0,7.5,24.0,62.5,0.0,0.0,1.0,0.0,0,0,1.0,8.81,66.0,1/32,1/32,97.0,66.0,0.0,0.0,0.0,,,,,1.0,32.0,1.0,32.0
528067,Murugan Ashwin,1990-09-08,35y 301d,India,Bowler,Right hand Bat,Legbreak Googly,,2020/21,IPL 2020/21,PBKS,9,1.0,0.0,4.0,4.0,4.0,4.0,100.0,0.0,0.0,0.0,0.0,4,0,10.0,7.46,189.0,3/21,3/21,23.5,18.9,0.0,0.0,0.0,,,,,3.0,21.0,3.0,21.0
528067,Murugan Ashwin,1990-09-08,35y 301d,India,Bowler,Right hand Bat,Legbreak Googly,,2019,IPL 2019,PBKS,10,3.0,2.0,3.0,1.0,3.0,5.0,60.0,0.0,0.0,0.0,0.0,3,0,5.0,7.5,204.0,2/25,2/25,51.0,40.8,0.0,0.0,0.0,,,,,2.0,25.0,2.0,25.0
528067,Murugan Ashwin,1990-09-08,35y 301d,India,Bowler,Right hand Bat,Legbreak Googly,,2018,IPL 2018,RCB,2,1.0,0.0,1.0,1.0,1.0,2.0,50.0,0.0,0.0,0.0,0.0,0,0,3.0,7.57,42.0,2/36,2/36,17.66,14.0,0.0,0.0,0.0,,,,,2.0,36.0,2.0,36.0
528067,Murugan Ashwin,1990-09-08,35y 301d,India,Bowler,Right hand Bat,Legbreak Googly,,2016,IPL 2016,RPS,10,1.0,0.0,0.0,0.0,0.0,1.0,0.0,0.0,0.0,0.0,0.0,0,0,7.0,8.45,171.0,3/36,3/36,34.42,24.4,0.0,0.0,0.0,,,,,3.0,36.0,3.0,36.0
30220,Musavir Asmat Khote,1980-04-22,46y 76d,India,,Right hand Bat,Right arm Medium,,2007/08,IPL 2007/08,MI,4,3.0,1.0,24.0,9.0,12.0,22.0,109.09,0.0,0.0,2.0,1.0,0,0,2.0,10.2,30.0,2/29,2/29,25.5,15.0,0.0,0.0,0.0,,,,,2.0,29.0,2.0,29.0
1287032,Naman Dhir,1999-12-31,26y 188d,India,Middle order Batter,Right hand Bat,Right arm Offbreak,,2026,IPL 2026,MI,14,14.0,2.0,318.0,57.0,26.5,216.0,147.22,0.0,2.0,31.0,13.0,9,0,,,,,,,,,,,,,,,,,,
1287032,Naman Dhir,1999-12-31,26y 188d,India,Middle order Batter,Right hand Bat,Right arm Offbreak,,2025,IPL 2025,MI,16,12.0,4.0,252.0,46.0,31.5,138.0,182.6,0.0,0.0,24.0,13.0,12,0,0.0,5.25,24.0,,,,,0.0,0.0,0.0,,,,,,,,
1287032,Naman Dhir,1999-12-31,26y 188d,India,Middle order Batter,Right hand Bat,Right arm Offbreak,,2024,IPL 2024,MI,7,7.0,1.0,140.0,62.0,23.33,79.0,177.21,0.0,1.0,12.0,10.0,3,0,0.0,11.78,28.0,,,,,0.0,0.0,0.0,,,,,,,,
1151273,Nehal Wadhera,2000-09-04,25y 306d,India,Top order Batter,Left hand Bat,Legbreak,,2026,IPL 2026,PBKS,8,6.0,0.0,65.0,25.0,10.83,57.0,114.03,0.0,0.0,4.0,4.0,2,0,,,,,,,,,,,,,,,,,,
1151273,Nehal Wadhera,2000-09-04,25y 306d,India,Top order Batter,Left hand Bat,Legbreak,,2025,IPL 2025,PBKS,16,15.0,3.0,369.0,70.0,30.75,253.0,145.84,0.0,2.0,28.0,21.0,6,0,0.0,10.8,5.0,,,,,0.0,0.0,0.0,,,,,,,,
1151273,Nehal Wadhera,2000-09-04,25y 306d,India,Top order Batter,Left hand Bat,Legbreak,,2024,IPL 2024,MI,6,6.0,0.0,109.0,49.0,18.16,84.0,129.76,0.0,0.0,9.0,6.0,2,0,0.0,6.5,12.0,,,,,0.0,0.0,0.0,,,,,,,,
1151273,Nehal Wadhera,2000-09-04,25y 306d,India,Top order Batter,Left hand Bat,Legbreak,,2023,IPL 2023,MI,14,10.0,1.0,241.0,64.0,26.77,166.0,145.18,0.0,2.0,23.0,12.0,4,0,,,,,,,,,,,,,,,,,,
955235,Ilandari Dewage Nuwan Thushara,1994-08-06,31y 335d,Sri Lanka,Bowler,Right hand Bat,Right arm Medium fast,2022 - 2026,2025,IPL 2025,RCB,1,,,,,,,,,,,,0,0,1.0,6.5,24.0,1/26,1/26,26.0,24.0,0.0,0.0,0.0,2022-02-13,2026-01-07,,,1.0,26.0,1.0,26.0
955235,Ilandari Dewage Nuwan Thushara,1994-08-06,31y 335d,Sri Lanka,Bowler,Right hand Bat,Right arm Medium fast,2022 - 2026,2024,IPL 2024,MI,7,,,,,,,,,,,,1,0,8.0,9.88,156.0,3/28,3/28,32.12,19.5,0.0,0.0,0.0,2022-02-13,2026-01-07,,,3.0,28.0,3.0,28.0
431213,Pawan Shakland Suyal,1989-10-15,36y 265d,India,Bowler,Right hand Bat,Left arm Medium,,2015,IPL 2015,MI,3,,,,,,,,,,,,0,0,0.0,9.5,60.0,,,,,0.0,0.0,0.0,,,,,,,,
431213,Pawan Shakland Suyal,1989-10-15,36y 265d,India,Bowler,Right hand Bat,Left arm Medium,,2014,IPL 2014,MI,1,,,,,,,,,,,,0,0,1.0,11.66,18.0,1/35,1/35,35.0,18.0,0.0,0.0,0.0,,,,,1.0,35.0,1.0,35.0
431213,Pawan Shakland Suyal,1989-10-15,36y 265d,India,Bowler,Right hand Bat,Left arm Medium,,2013,IPL 2013,MI,1,,,,,,,,,,,,1,0,1.0,7.0,18.0,1/21,1/21,21.0,18.0,0.0,0.0,0.0,,,,,1.0,21.0,1.0,21.0
34282,Pinal Rohitbhai Shah,1987-11-03,38y 246d,India,Wicketkeeper Batter,Right hand Bat,,,2011,IPL 2011,RR,2,1.0,0.0,5.0,5.0,5.0,5.0,100.0,0.0,0.0,1.0,0.0,0,1,,,,,,,,,,,,,,,,,,
34282,Pinal Rohitbhai Shah,1987-11-03,38y 246d,India,Wicketkeeper Batter,Right hand Bat,,,2009,IPL 2009,MI,9,5.0,2.0,53.0,29.0,17.66,51.0,103.92,0.0,0.0,4.0,2.0,6,2,,,,,,,,,,,,,,,,,,
34282,Pinal Rohitbhai Shah,1987-11-03,38y 246d,India,Wicketkeeper Batter,Right hand Bat,,,2007/08,IPL 2007/08,MI,5,4.0,0.0,34.0,19.0,8.5,35.0,97.14,0.0,0.0,4.0,0.0,4,0,,,,,,,,,,,,,,,,,,
1350770,Raghav Goyal,2001-06-20,25y 16d,India,Bowler,Left hand Bat,Left arm Wrist spin,,2023,IPL 2023,MI,1,,,,,,,,,,,,1,0,0.0,8.25,24.0,,,,,0.0,0.0,0.0,,,,,,,,
1122621,Raghu Shivam Sharma,1993-03-11,33y 118d,India,Bowler,Right hand Bat,Legbreak,,2026,IPL 2026,MI,6,,,,,,,,,,,,1,0,1.0,8.66,90.0,1/36,1/36,130.0,90.0,0.0,0.0,0.0,,,,,1.0,36.0,1.0,36.0
279460,Rahil Akhil Ahmed Shaikh,1985-06-12,41y 25d,India,,Left hand Bat,Left arm Medium,,2009,IPL 2009,MI,1,,,,,,,,,,,,0,0,0.0,11.0,6.0,,,,,0.0,0.0,0.0,,,,,,,,
1292502,Raj Angad Bawa,2002-11-12,23y 236d,India,Allrounder,Left hand Bat,Right arm Medium fast,,2026,IPL 2026,MI,3,1.0,0.0,16.0,16.0,16.0,14.0,114.28,0.0,0.0,1.0,0.0,2,0,2.0,12.5,24.0,1/11,1/11,25.0,12.0,0.0,0.0,0.0,,,,,1.0,11.0,1.0,11.0
1292502,Raj Angad Bawa,2002-11-12,23y 236d,India,Allrounder,Left hand Bat,Right arm Medium fast,,2025,IPL 2025,MI,3,1.0,1.0,8.0,8.0,,4.0,200.0,0.0,0.0,0.0,0.0,1,0,,,,,,,,,,,,,,,,,,
1292502,Raj Angad Bawa,2002-11-12,23y 236d,India,Allrounder,Left hand Bat,Right arm Medium fast,,2022,IPL 2022,PBKS,2,2.0,0.0,11.0,11.0,5.5,14.0,78.57,0.0,0.0,1.0,0.0,0,0,,,,,,,,,,,,,,,,,,
32305,Rajesh Vithal Pawar,1979-09-06,46y 304d,India,Bowler,Left hand Bat,Slow Left arm Orthodox,,2007/08,IPL 2007/08,MI,1,,,,,,,,,,,,0,0,,,,,,,,,,,,,,,,,,
55698,Raymond William Price,1976-06-12,50y 25d,Zimbabwe,Bowler,Right hand Bat,Slow Left arm Orthodox,1999 - 2013,2011,IPL 2011,MI,1,,,,,,,,,,,,0,0,0.0,11.0,18.0,,,,,0.0,0.0,0.0,2008-10-10,2012-09-20,2002-09-14,2012-02-09,,,,
461632,Reece James William Topley,1994-02-21,32y 136d,England,Bowler,Right hand Bat,Left arm Fast medium,2015 - 2024,2025,IPL 2025,MI,1,,,,,,,,,,,,1,0,0.0,13.33,18.0,,,,,0.0,0.0,0.0,2015-08-31,2024-11-09,2015-09-13,2024-11-06,,,,
461632,Reece James William Topley,1994-02-21,32y 136d,England,Bowler,Right hand Bat,Left arm Fast medium,2015 - 2024,2024,IPL 2024,RCB,4,1.0,1.0,3.0,3.0,,6.0,50.0,0.0,0.0,0.0,0.0,1,0,4.0,11.2,90.0,2/27,2/27,42.0,22.5,0.0,0.0,0.0,2015-08-31,2024-11-09,2015-09-13,2024-11-06,2.0,27.0,2.0,27.0
461632,Reece James William Topley,1994-02-21,32y 136d,England,Bowler,Right hand Bat,Left arm Fast medium,2015 - 2024,2023,IPL 2023,RCB,1,,,,,,,,,,,,0,0,1.0,7.0,12.0,1/14,1/14,14.0,12.0,0.0,0.0,0.0,2015-08-31,2024-11-09,2015-09-13,2024-11-06,1.0,14.0,1.0,14.0
46148,Richard Ernst Levi,1988-01-14,38y 174d,South Africa,Opening Batter,Right hand Bat,Right arm Medium,2012 - 2012,2012,IPL 2012,MI,6,6.0,0.0,83.0,50.0,13.83,73.0,113.69,0.0,1.0,10.0,4.0,2,0,,,,,,,,,,,2012-02-17,2012-12-23,,,,,,
961713,Riley Patrick Meredith,1996-06-21,30y 16d,Australia,Bowler,Right hand Bat,Right arm Fast,2021 - 2026,2023,IPL 2023,MI,5,1.0,1.0,0.0,0.0,,2.0,0.0,0.0,0.0,0.0,0.0,1,0,7.0,10.52,118.0,2/33,2/33,29.57,16.8,0.0,0.0,0.0,2021-03-03,2024-09-04,2021-07-22,2026-06-14,2.0,33.0,2.0,33.0
961713,Riley Patrick Meredith,1996-06-21,30y 16d,Australia,Bowler,Right hand Bat,Right arm Fast,2021 - 2026,2022,IPL 2022,MI,8,1.0,1.0,0.0,0.0,,1.0,0.0,0.0,0.0,0.0,0.0,1,0,8.0,8.42,168.0,2/24,2/24,29.5,21.0,0.0,0.0,0.0,2021-03-03,2024-09-04,2021-07-22,2026-06-14,2.0,24.0,2.0,24.0
961713,Riley Patrick Meredith,1996-06-21,30y 16d,Australia,Bowler,Right hand Bat,Right arm Fast,2021 - 2026,2021,IPL 2021,PBKS,5,1.0,1.0,0.0,0.0,,0.0,,0.0,0.0,0.0,0.0,0,0,4.0,9.94,102.0,1/29,1/29,42.25,25.5,0.0,0.0,0.0,2021-03-03,2024-09-04,2021-07-22,2026-06-14,1.0,29.0,1.0,29.0
290727,Rishi Dhawan,1990-02-19,36y 137d,India,Allrounder,Right hand Bat,Right arm Medium fast,2016 - 2016,2024,IPL 2024,PBKS,1,,,,,,,,,,,,0,0,0.0,11.66,18.0,,,,,0.0,0.0,0.0,2016-01-17,2016-01-23,2016-01-17,2016-01-23,,,,
290727,Rishi Dhawan,1990-02-19,36y 137d,India,Allrounder,Right hand Bat,Right arm Medium fast,2016 - 2016,2023,IPL 2023,PBKS,6,3.0,1.0,20.0,19.0,10.0,12.0,166.66,0.0,0.0,1.0,1.0,1,0,1.0,8.57,42.0,1/20,1/20,60.0,42.0,0.0,0.0,0.0,2016-01-17,2016-01-23,2016-01-17,2016-01-23,1.0,20.0,1.0,20.0
290727,Rishi Dhawan,1990-02-19,36y 137d,India,Allrounder,Right hand Bat,Right arm Medium fast,2016 - 2016,2022,IPL 2022,PBKS,6,4.0,2.0,37.0,21.0,18.5,40.0,92.5,0.0,0.0,4.0,2.0,2,0,6.0,8.21,114.0,2/36,2/36,26.0,19.0,0.0,0.0,0.0,2016-01-17,2016-01-23,2016-01-17,2016-01-23,2.0,36.0,2.0,36.0
290727,Rishi Dhawan,1990-02-19,36y 137d,India,Allrounder,Right hand Bat,Right arm Medium fast,2016 - 2016,2016,IPL 2016,PBKS,2,2.0,2.0,14.0,11.0,,6.0,233.33,0.0,0.0,0.0,1.0,0,0,2.0,8.0,42.0,1/21,1/21,28.0,21.0,0.0,0.0,0.0,2016-01-17,2016-01-23,2016-01-17,2016-01-23,1.0,21.0,1.0,21.0
290727,Rishi Dhawan,1990-02-19,36y 137d,India,Allrounder,Right hand Bat,Right arm Medium fast,2016 - 2016,2015,IPL 2015,PBKS,5,5.0,3.0,36.0,25.0,18.0,33.0,109.09,0.0,0.0,2.0,2.0,0,0,1.0,9.16,72.0,1/12,1/12,110.0,72.0,0.0,0.0,0.0,2016-01-17,2016-01-23,2016-01-17,2016-01-23,1.0,12.0,1.0,12.0
290727,Rishi Dhawan,1990-02-19,36y 137d,India,Allrounder,Right hand Bat,Right arm Medium fast,2016 - 2016,2014,IPL 2014,PBKS,13,6.0,4.0,82.0,23.0,41.0,75.0,109.33,0.0,0.0,8.0,1.0,3,0,13.0,7.71,284.0,2/14,2/14,28.07,21.8,0.0,0.0,0.0,2016-01-17,2016-01-23,2016-01-17,2016-01-23,2.0,14.0,2.0,14.0
290727,Rishi Dhawan,1990-02-19,36y 137d,India,Allrounder,Right hand Bat,Right arm Medium fast,2016 - 2016,2013,IPL 2013,MI,6,4.0,1.0,21.0,14.0,7.0,21.0,100.0,0.0,0.0,3.0,0.0,3,0,2.0,7.26,90.0,1/6,1/6,54.5,45.0,0.0,0.0,0.0,2016-01-17,2016-01-23,2016-01-17,2016-01-23,1.0,6.0,1.0,6.0
1350762,Robin Minz,2002-09-13,23y 297d,India,Wicketkeeper Batter,Left hand Bat,Slow Left arm Orthodox,,2026,IPL 2026,MI,2,2.0,1.0,6.0,5.0,6.0,4.0,150.0,0.0,0.0,1.0,0.0,0,0,,,,,,,,,,,,,,,,,,
1350762,Robin Minz,2002-09-13,23y 297d,India,Wicketkeeper Batter,Left hand Bat,Slow Left arm Orthodox,,2025,IPL 2025,MI,2,2.0,0.0,6.0,3.0,3.0,15.0,40.0,0.0,0.0,0.0,0.0,0,0,,,,,,,,,,,,,,,,,,
46750,Robin John Peterson,1979-08-04,46y 337d,South Africa,Bowler,Left hand Bat,Slow Left arm Orthodox,2002 - 2014,2012,IPL 2012,MI,5,5.0,2.0,32.0,16.0,10.66,30.0,106.66,0.0,0.0,3.0,1.0,1,0,3.0,8.75,48.0,3/37,3/37,23.33,16.0,0.0,0.0,0.0,2006-02-24,2014-11-09,2002-09-25,2014-11-23,3.0,37.0,3.0,37.0
290713,Rohan Ravindra Raje,1986-09-03,39y 307d,India,,Right hand Bat,Right arm Fast medium,,2009,IPL 2009,MI,4,2.0,1.0,12.0,11.0,12.0,9.0,133.33,0.0,0.0,0.0,1.0,2,0,1.0,10.53,41.0,1/25,1/25,72.0,41.0,0.0,0.0,0.0,,,,,1.0,25.0,1.0,25.0
290713,Rohan Ravindra Raje,1986-09-03,39y 307d,India,,Right hand Bat,Right arm Fast medium,,2007/08,IPL 2007/08,MI,6,3.0,3.0,8.0,6.0,,9.0,88.88,0.0,0.0,1.0,0.0,1,0,5.0,8.38,98.0,2/16,2/16,27.4,19.6,0.0,0.0,0.0,,,,,2.0,16.0,2.0,16.0
605661,Ryan David Rickelton,1996-07-11,29y 361d,South Africa,Wicketkeeper Batter,Left hand Bat,,2022 - 2026,2026,IPL 2026,MI,12,12.0,1.0,448.0,123.0,40.72,240.0,186.66,1.0,2.0,31.0,38.0,9,0,,,,,,,,,,,2024-05-23,2026-03-04,2023-03-18,2025-12-06,,,,
605661,Ryan David Rickelton,1996-07-11,29y 361d,South Africa,Wicketkeeper Batter,Left hand Bat,,2022 - 2026,2025,IPL 2025,MI,14,14.0,1.0,388.0,62.0,29.84,257.0,150.97,0.0,3.0,47.0,17.0,11,5,,,,,,,,,,,2024-05-23,2026-03-04,2023-03-18,2025-12-06,,,,
35320,Sachin Ramesh Tendulkar,1973-04-24,53y 74d,India,Top order Batter,Right hand Bat,"Right arm Offbreak, Legbreak Googly",1989 - 2013,2013,IPL 2013,MI,14,14.0,1.0,287.0,54.0,22.07,231.0,124.24,0.0,1.0,38.0,5.0,4,0,,,,,,,,,,,1989-11-15,2013-11-14,1989-12-18,2012-03-18,,,,
35320,Sachin Ramesh Tendulkar,1973-04-24,53y 74d,India,Top order Batter,Right hand Bat,"Right arm Offbreak, Legbreak Googly",1989 - 2013,2012,IPL 2012,MI,13,13.0,2.0,324.0,74.0,29.45,283.0,114.48,0.0,2.0,39.0,4.0,0,0,,,,,,,,,,,1989-11-15,2013-11-14,1989-12-18,2012-03-18,,,,
35320,Sachin Ramesh Tendulkar,1973-04-24,53y 74d,India,Top order Batter,Right hand Bat,"Right arm Offbreak, Legbreak Googly",1989 - 2013,2011,IPL 2011,MI,16,16.0,3.0,553.0,100.0,42.53,488.0,113.31,1.0,2.0,67.0,5.0,4,0,,,,,,,,,,,1989-11-15,2013-11-14,1989-12-18,2012-03-18,,,,
35320,Sachin Ramesh Tendulkar,1973-04-24,53y 74d,India,Top order Batter,Right hand Bat,"Right arm Offbreak, Legbreak Googly",1989 - 2013,2009/10,IPL 2009/10,MI,15,15.0,2.0,618.0,89.0,47.53,466.0,132.61,0.0,5.0,86.0,3.0,3,0,,,,,,,,,,,1989-11-15,2013-11-14,1989-12-18,2012-03-18,,,,
35320,Sachin Ramesh Tendulkar,1973-04-24,53y 74d,India,Top order Batter,Right hand Bat,"Right arm Offbreak, Legbreak Googly",1989 - 2013,2009,IPL 2009,MI,13,13.0,2.0,364.0,68.0,33.09,303.0,120.13,0.0,2.0,39.0,10.0,6,0,0.0,9.66,36.0,,,,,0.0,0.0,0.0,1989-11-15,2013-11-14,1989-12-18,2012-03-18,,,,
35320,Sachin Ramesh Tendulkar,1973-04-24,53y 74d,India,Top order Batter,Right hand Bat,"Right arm Offbreak, Legbreak Googly",1989 - 2013,2007/08,IPL 2007/08,MI,7,7.0,1.0,188.0,65.0,31.33,177.0,106.21,0.0,1.0,26.0,2.0,6,0,,,,,,,,,,,1989-11-15,2013-11-14,1989-12-18,2012-03-18,,,,
49209,Sanath Teran Jayasuriya,1969-06-30,57y 6d,Sri Lanka,Allrounder,Left hand Bat,Slow Left arm Orthodox,1989 - 2011,2009/10,IPL 2009/10,MI,4,4.0,0.0,33.0,23.0,8.25,31.0,106.45,0.0,0.0,4.0,1.0,0,0,2.0,7.55,54.0,2/17,2/17,34.0,27.0,0.0,0.0,0.0,2006-06-15,2011-06-25,1989-12-26,2011-06-28,2.0,17.0,2.0,17.0
49209,Sanath Teran Jayasuriya,1969-06-30,57y 6d,Sri Lanka,Allrounder,Left hand Bat,Slow Left arm Orthodox,1989 - 2011,2009,IPL 2009,MI,12,12.0,0.0,221.0,52.0,18.41,192.0,115.1,0.0,2.0,23.0,7.0,2,0,7.0,8.57,114.0,2/3,2/3,23.28,16.2,0.0,0.0,0.0,2006-06-15,2011-06-25,1989-12-26,2011-06-28,2.0,3.0,2.0,3.0
49209,Sanath Teran Jayasuriya,1969-06-30,57y 6d,Sri Lanka,Allrounder,Left hand Bat,Slow Left arm Orthodox,1989 - 2011,2007/08,IPL 2007/08,MI,14,14.0,2.0,514.0,114.0,42.83,309.0,166.34,1.0,2.0,57.0,31.0,2,0,4.0,7.57,126.0,3/14,3/14,39.75,31.5,0.0,0.0,0.0,2006-06-15,2011-06-25,1989-12-26,2011-06-28,3.0,14.0,3.0,14.0
1048841,Ramsingh  Sanjay Yadav,1995-05-10,31y 58d,India,Allrounder,Left hand Bat,Slow Left arm Orthodox,,2022,IPL 2022,MI,1,1.0,0.0,0.0,0.0,0.0,2.0,0.0,0.0,0.0,0.0,0.0,0,0,0.0,11.5,12.0,,,,,0.0,0.0,0.0,,,,,,,,
1392201,Penumatsa Venkata Satyanarayana Raju,1999-07-10,26y 362d,India,Bowler,Right hand Bat,Right arm Medium fast,,2025,IPL 2025,MI,2,1.0,1.0,1.0,1.0,,1.0,100.0,0.0,0.0,0.0,0.0,1,0,1.0,13.25,24.0,1/40,1/40,53.0,24.0,0.0,0.0,0.0,,,,,1.0,40.0,1.0,40.0
1131607,Shams Zakir Mulani,1997-03-13,29y 116d,India,Allrounder,Left hand Bat,Slow Left arm Orthodox,,2024,IPL 2024,MI,2,1.0,1.0,1.0,1.0,,1.0,100.0,0.0,0.0,0.0,0.0,0,0,0.0,11.4,30.0,,,,,0.0,0.0,0.0,,,,,,,,
46774,Shaun Maclean Pollock,1973-07-16,52y 356d,South Africa,Allrounder,Right hand Bat,Right arm Fast medium,1995 - 2008,2007/08,IPL 2007/08,MI,13,8.0,0.0,147.0,33.0,18.37,111.0,132.43,0.0,0.0,12.0,8.0,2,0,11.0,6.54,276.0,3/12,3/12,27.36,25.0,0.0,0.0,0.0,2005-10-21,2008-01-18,1996-01-09,2008-02-03,3.0,12.0,3.0,12.0
344580,Shreyas Gopal,1993-09-04,32y 305d,India,Bowler,Right hand Bat,Legbreak,,2024,IPL 2024,MI,3,,,,,,,,,,,,1,0,3.0,9.57,42.0,1/9,1/9,22.33,14.0,0.0,0.0,0.0,,,,,1.0,9.0,1.0,9.0
344580,Shreyas Gopal,1993-09-04,32y 305d,India,Bowler,Right hand Bat,Legbreak,,2022,IPL 2022,SRH,1,1.0,1.0,9.0,9.0,,7.0,128.57,0.0,0.0,2.0,0.0,0,0,1.0,11.33,18.0,1/34,1/34,34.0,18.0,0.0,0.0,0.0,,,,,1.0,34.0,1.0,34.0
344580,Shreyas Gopal,1993-09-04,32y 305d,India,Bowler,Right hand Bat,Legbreak,,2021,IPL 2021,RR,3,2.0,1.0,7.0,7.0,7.0,5.0,140.0,0.0,0.0,0.0,1.0,0,0,0.0,12.0,42.0,,,,,0.0,0.0,0.0,,,,,,,,
344580,Shreyas Gopal,1993-09-04,32y 305d,India,Bowler,Right hand Bat,Legbreak,,2020/21,IPL 2020/21,RR,14,5.0,1.0,37.0,23.0,9.25,39.0,94.87,0.0,0.0,3.0,0.0,2,0,10.0,8.54,300.0,2/28,2/28,42.7,30.0,0.0,0.0,0.0,,,,,2.0,28.0,2.0,28.0
344580,Shreyas Gopal,1993-09-04,32y 305d,India,Bowler,Right hand Bat,Legbreak,,2019,IPL 2019,RR,14,7.0,3.0,63.0,19.0,15.75,46.0,136.95,0.0,0.0,8.0,1.0,5,0,20.0,7.22,288.0,3/12,3/12,17.35,14.4,0.0,0.0,0.0,,,,,3.0,12.0,3.0,12.0
344580,Shreyas Gopal,1993-09-04,32y 305d,India,Bowler,Right hand Bat,Legbreak,,2018,IPL 2018,RR,11,4.0,1.0,50.0,24.0,16.66,45.0,111.11,0.0,0.0,5.0,0.0,3,0,11.0,7.61,186.0,4/16,4/16,21.45,16.9,1.0,0.0,0.0,,,,,4.0,16.0,4.0,16.0
344580,Shreyas Gopal,1993-09-04,32y 305d,India,Bowler,Right hand Bat,Legbreak,,2016,IPL 2016,MI,1,1.0,0.0,2.0,2.0,2.0,16.0,12.5,0.0,0.0,0.0,0.0,0,0,0.0,6.0,18.0,,,,,0.0,0.0,0.0,,,,,,,,
344580,Shreyas Gopal,1993-09-04,32y 305d,India,Bowler,Right hand Bat,Legbreak,,2015,IPL 2015,MI,1,1.0,1.0,1.0,1.0,,1.0,100.0,0.0,0.0,0.0,0.0,0,0,1.0,10.61,13.0,1/23,1/23,23.0,13.0,0.0,0.0,0.0,,,,,1.0,23.0,1.0,23.0
344580,Shreyas Gopal,1993-09-04,32y 305d,India,Bowler,Right hand Bat,Legbreak,,2014,IPL 2014,MI,4,1.0,0.0,11.0,11.0,11.0,10.0,110.0,0.0,0.0,1.0,0.0,1,0,6.0,8.07,84.0,2/25,2/25,18.83,14.0,0.0,0.0,0.0,,,,,2.0,25.0,2.0,25.0
422342,Siddhesh Dinesh Lad,1992-05-23,34y 45d,India,Middle order Batter,Right hand Bat,Right arm Offbreak,,2019,IPL 2019,MI,1,1.0,0.0,15.0,15.0,15.0,13.0,115.38,0.0,0.0,1.0,1.0,0,0,,,,,,,,,,,,,,,,,,
27223,Stuart Terence Roger Binny,1984-06-03,42y 33d,India,Allrounder,Right hand Bat,Right arm Medium,2014 - 2016,2019,IPL 2019,RR,8,5.0,2.0,70.0,33.0,23.33,40.0,175.0,0.0,0.0,5.0,4.0,0,0,1.0,6.28,42.0,1/19,1/19,44.0,42.0,0.0,0.0,0.0,2015-07-17,2016-08-27,2014-01-28,2015-10-11,1.0,19.0,1.0,19.0
27223,Stuart Terence Roger Binny,1984-06-03,42y 33d,India,Allrounder,Right hand Bat,Right arm Medium,2014 - 2016,2018,IPL 2018,RR,7,5.0,0.0,44.0,22.0,8.8,39.0,112.82,0.0,0.0,2.0,2.0,1,0,0.0,16.5,12.0,,,,,0.0,0.0,0.0,2015-07-17,2016-08-27,2014-01-28,2015-10-11,,,,
27223,Stuart Terence Roger Binny,1984-06-03,42y 33d,India,Allrounder,Right hand Bat,Right arm Medium,2014 - 2016,2017,IPL 2017,RCB,8,7.0,2.0,78.0,18.0,15.6,76.0,102.63,0.0,0.0,6.0,3.0,1,0,4.0,8.33,36.0,1/9,1/9,12.5,9.0,0.0,0.0,0.0,2015-07-17,2016-08-27,2014-01-28,2015-10-11,1.0,9.0,1.0,9.0
27223,Stuart Terence Roger Binny,1984-06-03,42y 33d,India,Allrounder,Right hand Bat,Right arm Medium,2014 - 2016,2016,IPL 2016,RCB,14,6.0,2.0,63.0,21.0,15.75,39.0,161.53,0.0,0.0,5.0,4.0,3,0,1.0,7.88,102.0,1/17,1/17,134.0,102.0,0.0,0.0,0.0,2015-07-17,2016-08-27,2014-01-28,2015-10-11,1.0,17.0,1.0,17.0
27223,Stuart Terence Roger Binny,1984-06-03,42y 33d,India,Allrounder,Right hand Bat,Right arm Medium,2014 - 2016,2015,IPL 2015,RR,13,8.0,4.0,74.0,20.0,18.5,66.0,112.12,0.0,0.0,7.0,1.0,5,0,4.0,7.36,114.0,2/27,2/27,35.0,28.5,0.0,0.0,0.0,2015-07-17,2016-08-27,2014-01-28,2015-10-11,2.0,27.0,2.0,27.0
27223,Stuart Terence Roger Binny,1984-06-03,42y 33d,India,Allrounder,Right hand Bat,Right arm Medium,2014 - 2016,2014,IPL 2014,RR,13,12.0,2.0,123.0,48.0,12.3,121.0,101.65,0.0,0.0,4.0,5.0,3,0,3.0,7.11,54.0,1/1,1/1,21.33,18.0,0.0,0.0,0.0,2015-07-17,2016-08-27,2014-01-28,2015-10-11,1.0,1.0,1.0,1.0
27223,Stuart Terence Roger Binny,1984-06-03,42y 33d,India,Allrounder,Right hand Bat,Right arm Medium,2014 - 2016,2013,IPL 2013,RR,17,16.0,7.0,293.0,41.0,32.55,199.0,147.23,0.0,0.0,25.0,12.0,3,0,6.0,6.75,144.0,2/14,2/14,27.0,24.0,0.0,0.0,0.0,2015-07-17,2016-08-27,2014-01-28,2015-10-11,2.0,14.0,2.0,14.0
27223,Stuart Terence Roger Binny,1984-06-03,42y 33d,India,Allrounder,Right hand Bat,Right arm Medium,2014 - 2016,2012,IPL 2012,RR,8,6.0,2.0,90.0,30.0,22.5,67.0,134.32,0.0,0.0,9.0,3.0,1,0,3.0,7.8,60.0,1/8,1/8,26.0,20.0,0.0,0.0,0.0,2015-07-17,2016-08-27,2014-01-28,2015-10-11,1.0,8.0,1.0,8.0
27223,Stuart Terence Roger Binny,1984-06-03,42y 33d,India,Allrounder,Right hand Bat,Right arm Medium,2014 - 2016,2011,IPL 2011,RR,6,2.0,1.0,37.0,30.0,37.0,31.0,119.35,0.0,0.0,2.0,1.0,2,0,0.0,11.0,24.0,,,,,0.0,0.0,0.0,2015-07-17,2016-08-27,2014-01-28,2015-10-11,,,,
27223,Stuart Terence Roger Binny,1984-06-03,42y 33d,India,Allrounder,Right hand Bat,Right arm Medium,2014 - 2016,2009/10,IPL 2009/10,MI,1,1.0,0.0,8.0,8.0,8.0,5.0,160.0,0.0,0.0,1.0,0.0,0,0,0.0,9.0,6.0,,,,,0.0,0.0,0.0,2015-07-17,2016-08-27,2014-01-28,2015-10-11,,,,
1170265,Namboori Thakur Tilak Varma,2002-11-08,23y 241d,India,Batting Allrounder,Left hand Bat,Right arm Offbreak,2023 - 2026,2026,IPL 2026,MI,14,14.0,2.0,359.0,101.0,29.91,246.0,145.93,1.0,2.0,30.0,17.0,12,0,,,,,,,,,,,2023-08-03,2026-07-04,2023-09-15,2025-12-06,,,,
1170265,Namboori Thakur Tilak Varma,2002-11-08,23y 241d,India,Batting Allrounder,Left hand Bat,Right arm Offbreak,2023 - 2026,2025,IPL 2025,MI,16,13.0,2.0,343.0,59.0,31.18,248.0,138.3,0.0,2.0,23.0,16.0,9,0,,,,,,,,,,,2023-08-03,2026-07-04,2023-09-15,2025-12-06,,,,
1170265,Namboori Thakur Tilak Varma,2002-11-08,23y 241d,India,Batting Allrounder,Left hand Bat,Right arm Offbreak,2023 - 2026,2024,IPL 2024,MI,13,13.0,3.0,416.0,65.0,41.6,278.0,149.64,0.0,3.0,35.0,19.0,9,0,0.0,12.0,4.0,,,,,0.0,0.0,0.0,2023-08-03,2026-07-04,2023-09-15,2025-12-06,,,,
1170265,Namboori Thakur Tilak Varma,2002-11-08,23y 241d,India,Batting Allrounder,Left hand Bat,Right arm Offbreak,2023 - 2026,2023,IPL 2023,MI,11,11.0,3.0,343.0,84.0,42.87,209.0,164.11,0.0,1.0,26.0,23.0,4,0,0.0,7.0,6.0,,,,,0.0,0.0,0.0,2023-08-03,2026-07-04,2023-09-15,2025-12-06,,,,
1170265,Namboori Thakur Tilak Varma,2002-11-08,23y 241d,India,Batting Allrounder,Left hand Bat,Right arm Offbreak,2023 - 2026,2022,IPL 2022,MI,14,14.0,3.0,397.0,61.0,36.09,303.0,131.02,0.0,2.0,29.0,16.0,10,0,0.0,6.5,12.0,,,,,0.0,0.0,0.0,2023-08-03,2026-07-04,2023-09-15,2025-12-06,,,,
892749,Timothy Hays David,1996-03-16,30y 112d,Australia,Middle order Batter,Right hand Bat,Right arm Offbreak,2019 - 2026,2026,IPL 2026,RCB,16,15.0,6.0,305.0,70.0,33.88,162.0,188.27,0.0,1.0,22.0,23.0,3,0,0.0,18.0,6.0,,,,,0.0,0.0,0.0,2019-07-22,2026-06-21,2023-09-09,2023-09-17,,,,
892749,Timothy Hays David,1996-03-16,30y 112d,Australia,Middle order Batter,Right hand Bat,Right arm Offbreak,2019 - 2026,2025,IPL 2025,RCB,12,9.0,6.0,187.0,50.0,62.33,101.0,185.14,0.0,1.0,16.0,14.0,7,0,,,,,,,,,,,2019-07-22,2026-06-21,2023-09-09,2023-09-17,,,,
892749,Timothy Hays David,1996-03-16,30y 112d,Australia,Middle order Batter,Right hand Bat,Right arm Offbreak,2019 - 2026,2024,IPL 2024,MI,13,11.0,3.0,241.0,45.0,30.12,152.0,158.55,0.0,0.0,14.0,15.0,6,0,,,,,,,,,,,2019-07-22,2026-06-21,2023-09-09,2023-09-17,,,,
892749,Timothy Hays David,1996-03-16,30y 112d,Australia,Middle order Batter,Right hand Bat,Right arm Offbreak,2019 - 2026,2023,IPL 2023,MI,16,15.0,6.0,231.0,45.0,25.66,146.0,158.21,0.0,0.0,12.0,15.0,10,0,,,,,,,,,,,2019-07-22,2026-06-21,2023-09-09,2023-09-17,,,,
892749,Timothy Hays David,1996-03-16,30y 112d,Australia,Middle order Batter,Right hand Bat,Right arm Offbreak,2019 - 2026,2022,IPL 2022,MI,8,8.0,3.0,186.0,46.0,37.2,86.0,216.27,0.0,0.0,12.0,16.0,6,0,,,,,,,,,,,2019-07-22,2026-06-21,2023-09-09,2023-09-17,,,,
892749,Timothy Hays David,1996-03-16,30y 112d,Australia,Middle order Batter,Right hand Bat,Right arm Offbreak,2019 - 2026,2021,IPL 2021,RCB,1,1.0,0.0,1.0,1.0,1.0,3.0,33.33,0.0,0.0,0.0,0.0,0,0,,,,,,,,,,,2019-07-22,2026-06-21,2023-09-09,2023-09-17,,,,
459257,Tymal Solomon Mills,1992-08-12,33y 329d,England,Bowler,Right hand Bat,Left arm Fast,2016 - 2023,2022,IPL 2022,MI,5,2.0,1.0,0.0,0.0,0.0,3.0,0.0,0.0,0.0,0.0,0.0,0,0,6.0,11.17,102.0,3/35,3/35,31.66,17.0,0.0,0.0,0.0,2016-07-05,2023-12-16,,,3.0,35.0,3.0,35.0
459257,Tymal Solomon Mills,1992-08-12,33y 329d,England,Bowler,Right hand Bat,Left arm Fast,2016 - 2023,2017,IPL 2017,RCB,5,3.0,0.0,8.0,6.0,2.66,11.0,72.72,0.0,0.0,0.0,1.0,1,0,5.0,8.57,107.0,2/31,2/31,30.6,21.4,0.0,0.0,0.0,2016-07-05,2023-12-16,,,2.0,31.0,2.0,31.0
1460388,Vignesh Puthur,2001-03-02,25y 127d,India,Bowler,Right hand Bat,Left arm Wrist spin,,2025,IPL 2025,MI,5,,,,,,,,,,,,2,0,6.0,9.08,72.0,3/32,3/32,18.16,12.0,0.0,0.0,0.0,,,,,3.0,32.0,3.0,32.0
307448,Vikrant Shyam Yeligati,1985-04-23,41y 75d,India,,Right hand Bat,Right arm Offbreak,,2007/08,IPL 2007/08,MI,2,1.0,0.0,2.0,2.0,2.0,2.0,100.0,0.0,0.0,0.0,0.0,0,0,0.0,11.8,30.0,,,,,0.0,0.0,0.0,,,,,,,,
732293,Vishnu Vinod,1993-12-02,32y 217d,India,Wicketkeeper Batter,Right hand Bat,,,2026,IPL 2026,PBKS,1,1.0,1.0,15.0,15.0,,8.0,187.5,0.0,0.0,1.0,1.0,0,0,,,,,,,,,,,,,,,,,,
732293,Vishnu Vinod,1993-12-02,32y 217d,India,Wicketkeeper Batter,Right hand Bat,,,2023,IPL 2023,MI,3,3.0,0.0,37.0,30.0,12.33,31.0,119.35,0.0,0.0,2.0,2.0,0,0,,,,,,,,,,,,,,,,,,
732293,Vishnu Vinod,1993-12-02,32y 217d,India,Wicketkeeper Batter,Right hand Bat,,,2017,IPL 2017,RCB,3,3.0,0.0,19.0,9.0,6.33,26.0,73.07,0.0,0.0,1.0,1.0,0,2,,,,,,,,,,,,,,,,,,
897549,William George Jacks,1998-11-21,27y 227d,England,Batting Allrounder,Right hand Bat,Right arm Offbreak,2022 - 2026,2026,IPL 2026,MI,7,7.0,2.0,139.0,46.0,27.8,76.0,182.89,0.0,0.0,12.0,9.0,2,0,2.0,10.64,53.0,1/12,1/12,47.0,26.5,0.0,0.0,0.0,2022-09-23,2026-07-04,2023-03-01,2026-01-27,1.0,12.0,1.0,12.0
897549,William George Jacks,1998-11-21,27y 227d,England,Batting Allrounder,Right hand Bat,Right arm Offbreak,2022 - 2026,2025,IPL 2025,MI,13,11.0,1.0,233.0,53.0,23.3,172.0,135.46,0.0,1.0,22.0,11.0,6,0,6.0,8.57,84.0,2/14,2/14,20.0,14.0,0.0,0.0,0.0,2022-09-23,2026-07-04,2023-03-01,2026-01-27,2.0,14.0,2.0,14.0
897549,William George Jacks,1998-11-21,27y 227d,England,Batting Allrounder,Right hand Bat,Right arm Offbreak,2022 - 2026,2024,IPL 2024,RCB,8,8.0,1.0,230.0,100.0,32.85,131.0,175.57,1.0,1.0,16.0,18.0,3,0,2.0,11.11,54.0,1/23,1/23,50.0,27.0,0.0,0.0,0.0,2022-09-23,2026-07-04,2023-03-01,2026-01-27,1.0,23.0,1.0,23.0
35357,Yogesh Vijay Takawale,1984-11-05,41y 244d,India,,Right hand Bat,,,2014,IPL 2014,RCB,5,5.0,0.0,104.0,45.0,20.8,91.0,114.28,0.0,0.0,17.0,1.0,2,1,,,,,,,,,,,,,,,,,,
35357,Yogesh Vijay Takawale,1984-11-05,41y 244d,India,,Right hand Bat,,,2009,IPL 2009,MI,4,1.0,0.0,18.0,18.0,18.0,22.0,81.81,0.0,0.0,2.0,0.0,1,2,,,,,,,,,,,,,,,,,,
35357,Yogesh Vijay Takawale,1984-11-05,41y 244d,India,,Right hand Bat,,,2007/08,IPL 2007/08,MI,7,4.0,2.0,70.0,27.0,35.0,65.0,107.69,0.0,0.0,7.0,2.0,10,1,,,,,,,,,,,,,,,,,,
430246,Yuzvendra Singh Chahal,1990-07-23,35y 348d,India,Bowler,Right hand Bat,Legbreak Googly,2016 - 2024,2026,IPL 2026,PBKS,14,,,,,,,,,,,,3,0,12.0,9.39,246.0,3/36,3/36,32.08,20.5,0.0,0.0,0.0,2016-06-18,2023-08-13,2016-06-11,2023-01-24,3.0,36.0,3.0,36.0
430246,Yuzvendra Singh Chahal,1990-07-23,35y 348d,India,Bowler,Right hand Bat,Legbreak Googly,2016 - 2024,2025,IPL 2025,PBKS,14,,,,,,,,,,,,2,0,16.0,9.55,270.0,4/28,4/28,26.87,16.8,2.0,0.0,0.0,2016-06-18,2023-08-13,2016-06-11,2023-01-24,4.0,28.0,4.0,28.0
430246,Yuzvendra Singh Chahal,1990-07-23,35y 348d,India,Bowler,Right hand Bat,Legbreak Googly,2016 - 2024,2024,IPL 2024,RR,15,,,,,,,,,,,,5,0,18.0,9.41,348.0,3/11,3/11,30.33,19.3,0.0,0.0,0.0,2016-06-18,2023-08-13,2016-06-11,2023-01-24,3.0,11.0,3.0,11.0
430246,Yuzvendra Singh Chahal,1990-07-23,35y 348d,India,Bowler,Right hand Bat,Legbreak Googly,2016 - 2024,2023,IPL 2023,RR,14,,,,,,,,,,,,1,0,21.0,8.17,317.0,4/17,4/17,20.57,15.0,3.0,0.0,0.0,2016-06-18,2023-08-13,2016-06-11,2023-01-24,4.0,17.0,4.0,17.0
430246,Yuzvendra Singh Chahal,1990-07-23,35y 348d,India,Bowler,Right hand Bat,Legbreak Googly,2016 - 2024,2022,IPL 2022,RR,17,2.0,1.0,5.0,5.0,5.0,8.0,62.5,0.0,0.0,0.0,0.0,0,0,27.0,7.75,408.0,5/40,5/40,19.51,15.1,1.0,1.0,0.0,2016-06-18,2023-08-13,2016-06-11,2023-01-24,5.0,40.0,5.0,40.0
430246,Yuzvendra Singh Chahal,1990-07-23,35y 348d,India,Bowler,Right hand Bat,Legbreak Googly,2016 - 2024,2021,IPL 2021,RCB,15,2.0,2.0,10.0,8.0,,27.0,37.03,0.0,0.0,0.0,0.0,4,0,18.0,7.05,318.0,3/11,3/11,20.77,17.6,0.0,0.0,0.0,2016-06-18,2023-08-13,2016-06-11,2023-01-24,3.0,11.0,3.0,11.0
430246,Yuzvendra Singh Chahal,1990-07-23,35y 348d,India,Bowler,Right hand Bat,Legbreak Googly,2016 - 2024,2020/21,IPL 2020/21,RCB,15,2.0,1.0,1.0,1.0,1.0,3.0,33.33,0.0,0.0,0.0,0.0,1,0,21.0,7.08,343.0,3/18,3/18,19.28,16.3,0.0,0.0,0.0,2016-06-18,2023-08-13,2016-06-11,2023-01-24,3.0,18.0,3.0,18.0
430246,Yuzvendra Singh Chahal,1990-07-23,35y 348d,India,Bowler,Right hand Bat,Legbreak Googly,2016 - 2024,2019,IPL 2019,RCB,14,3.0,1.0,6.0,4.0,3.0,16.0,37.5,0.0,0.0,0.0,0.0,3,0,18.0,7.82,296.0,4/38,4/38,21.44,16.4,1.0,0.0,0.0,2016-06-18,2023-08-13,2016-06-11,2023-01-24,4.0,38.0,4.0,38.0
430246,Yuzvendra Singh Chahal,1990-07-23,35y 348d,India,Bowler,Right hand Bat,Legbreak Googly,2016 - 2024,2018,IPL 2018,RCB,14,1.0,1.0,0.0,0.0,,4.0,0.0,0.0,0.0,0.0,0.0,2,0,12.0,7.26,300.0,2/22,2/22,30.25,25.0,0.0,0.0,0.0,2016-06-18,2023-08-13,2016-06-11,2023-01-24,2.0,22.0,2.0,22.0
430246,Yuzvendra Singh Chahal,1990-07-23,35y 348d,India,Bowler,Right hand Bat,Legbreak Googly,2016 - 2024,2017,IPL 2017,RCB,13,6.0,3.0,13.0,4.0,4.33,26.0,50.0,0.0,0.0,0.0,0.0,3,0,14.0,7.65,261.0,3/16,3/16,23.78,18.6,0.0,0.0,0.0,2016-06-18,2023-08-13,2016-06-11,2023-01-24,3.0,16.0,3.0,16.0
430246,Yuzvendra Singh Chahal,1990-07-23,35y 348d,India,Bowler,Right hand Bat,Legbreak Googly,2016 - 2024,2016,IPL 2016,RCB,13,,,,,,,,,,,,4,0,21.0,8.15,295.0,4/25,4/25,19.09,14.0,1.0,0.0,0.0,2016-06-18,2023-08-13,2016-06-11,2023-01-24,4.0,25.0,4.0,25.0
430246,Yuzvendra Singh Chahal,1990-07-23,35y 348d,India,Bowler,Right hand Bat,Legbreak Googly,2016 - 2024,2015,IPL 2015,RCB,15,2.0,2.0,1.0,1.0,,1.0,100.0,0.0,0.0,0.0,0.0,4,0,23.0,8.86,281.0,3/40,3/40,18.04,12.2,0.0,0.0,0.0,2016-06-18,2023-08-13,2016-06-11,2023-01-24,3.0,40.0,3.0,40.0
430246,Yuzvendra Singh Chahal,1990-07-23,35y 348d,India,Bowler,Right hand Bat,Legbreak Googly,2016 - 2024,2014,IPL 2014,RCB,14,2.0,2.0,1.0,1.0,,1.0,100.0,0.0,0.0,0.0,0.0,3,0,12.0,7.01,330.0,2/17,2/17,32.16,27.5,0.0,0.0,0.0,2016-06-18,2023-08-13,2016-06-11,2023-01-24,2.0,17.0,2.0,17.0
430246,Yuzvendra Singh Chahal,1990-07-23,35y 348d,India,Bowler,Right hand Bat,Legbreak Googly,2016 - 2024,2013,IPL 2013,MI,1,,,,,,,,,,,,0,0,0.0,8.5,24.0,,,,,0.0,0.0,0.0,2016-06-18,2023-08-13,2016-06-11,2023-01-24,,,,
244497,Adil Usman Rashid,1988-02-17,38y 138d,England,Bowler,Right hand Bat,Legbreak,2009 - 2026,2023,IPL 2023,SRH,2,2.0,0.0,22.0,18.0,11.0,16.0,137.5,0.0,0.0,2.0,1.0,0,0,2.0,8.0,42.0,2/23,2/23,28.0,21.0,0.0,0.0,0.0,2009-06-05,2026-07-04,2009-08-27,2026-01-27,2.0,23.0,2.0,23.0
244497,Adil Usman Rashid,1988-02-17,38y 138d,England,Bowler,Right hand Bat,Legbreak,2009 - 2026,2021,IPL 2021,PBKS,1,,,,,,,,,,,,0,0,0.0,11.66,18.0,,,,,0.0,0.0,0.0,2009-06-05,2026-07-04,2009-08-27,2026-01-27,,,,
274926,Adrian Boris Barath,1990-04-14,36y 82d,West Indies,Opening Batter,Right hand Bat,Right arm Offbreak,2009 - 2012,2009/10,IPL 2009/10,PBKS,3,3.0,1.0,42.0,33.0,21.0,42.0,100.0,0.0,0.0,5.0,1.0,0,0,,,,,,,,,,,2010-02-28,2011-10-11,2010-03-04,2012-03-25,,,,
500360,Akshdeep Deependra Nath,1993-05-10,33y 56d,United Arab Emirates,Middle order Batter,Right hand Bat,Right arm Medium fast,2026 - 2026,2019,IPL 2019,RCB,8,5.0,0.0,61.0,24.0,12.2,57.0,107.01,0.0,0.0,5.0,2.0,1,0,,,,,,,,,,,2026-04-20,2026-04-21,2026-04-25,2026-05-03,,,,
500360,Akshdeep Deependra Nath,1993-05-10,33y 56d,United Arab Emirates,Middle order Batter,Right hand Bat,Right arm Medium fast,2026 - 2026,2018,IPL 2018,PBKS,1,1.0,0.0,9.0,9.0,9.0,13.0,69.23,0.0,0.0,1.0,0.0,1,0,,,,,,,,,,,2026-04-20,2026-04-21,2026-04-25,2026-05-03,,,,
500360,Akshdeep Deependra Nath,1993-05-10,33y 56d,United Arab Emirates,Middle order Batter,Right hand Bat,Right arm Medium fast,2026 - 2026,2017,IPL 2017,GL,1,1.0,0.0,0.0,0.0,0.0,1.0,0.0,0.0,0.0,0.0,0.0,0,0,,,,,,,,,,,2026-04-20,2026-04-21,2026-04-25,2026-05-03,,,,
500360,Akshdeep Deependra Nath,1993-05-10,33y 56d,United Arab Emirates,Middle order Batter,Right hand Bat,Right arm Medium fast,2026 - 2026,2016,IPL 2016,GL,4,3.0,0.0,20.0,12.0,6.66,27.0,74.07,0.0,0.0,1.0,0.0,0,0,,,,,,,,,,,2026-04-20,2026-04-21,2026-04-25,2026-05-03,,,,
1125976,Arshdeep Singh,1999-02-05,27y 150d,India,Bowler,Left hand Bat,Left arm Medium fast,2022 - 2026,2026,IPL 2026,PBKS,14,1.0,1.0,1.0,1.0,,1.0,100.0,0.0,0.0,0.0,0.0,4,0,14.0,10.2,318.0,3/22,3/22,38.64,22.7,0.0,0.0,0.0,2022-07-07,2026-07-04,2022-11-25,2026-06-17,3.0,22.0,3.0,22.0
1125976,Arshdeep Singh,1999-02-05,27y 150d,India,Bowler,Left hand Bat,Left arm Medium fast,2022 - 2026,2025,IPL 2025,PBKS,17,2.0,1.0,2.0,1.0,2.0,6.0,33.33,0.0,0.0,0.0,0.0,4,0,21.0,8.88,350.0,3/16,3/16,24.66,16.6,0.0,0.0,0.0,2022-07-07,2026-07-04,2022-11-25,2026-06-17,3.0,16.0,3.0,16.0
1125976,Arshdeep Singh,1999-02-05,27y 150d,India,Bowler,Left hand Bat,Left arm Medium fast,2022 - 2026,2024,IPL 2024,PBKS,14,1.0,0.0,4.0,4.0,4.0,3.0,133.33,0.0,0.0,1.0,0.0,1,0,19.0,10.03,302.0,4/29,4/29,26.57,15.8,1.0,0.0,0.0,2022-07-07,2026-07-04,2022-11-25,2026-06-17,4.0,29.0,4.0,29.0
1125976,Arshdeep Singh,1999-02-05,27y 150d,India,Bowler,Left hand Bat,Left arm Medium fast,2022 - 2026,2023,IPL 2023,PBKS,14,2.0,2.0,2.0,2.0,,2.0,100.0,0.0,0.0,0.0,0.0,1,0,17.0,9.69,305.0,4/29,4/29,29.0,17.9,1.0,0.0,0.0,2022-07-07,2026-07-04,2022-11-25,2026-06-17,4.0,29.0,4.0,29.0
1125976,Arshdeep Singh,1999-02-05,27y 150d,India,Bowler,Left hand Bat,Left arm Medium fast,2022 - 2026,2022,IPL 2022,PBKS,14,6.0,3.0,21.0,10.0,7.0,29.0,72.41,0.0,0.0,3.0,0.0,4,0,10.0,7.7,300.0,3/37,3/37,38.5,30.0,0.0,0.0,0.0,2022-07-07,2026-07-04,2022-11-25,2026-06-17,3.0,37.0,3.0,37.0
1125976,Arshdeep Singh,1999-02-05,27y 150d,India,Bowler,Left hand Bat,Left arm Medium fast,2022 - 2026,2021,IPL 2021,PBKS,12,2.0,2.0,2.0,1.0,,3.0,66.66,0.0,0.0,0.0,0.0,4,0,18.0,8.27,248.0,5/32,5/32,19.0,13.7,0.0,1.0,0.0,2022-07-07,2026-07-04,2022-11-25,2026-06-17,5.0,32.0,5.0,32.0
1125976,Arshdeep Singh,1999-02-05,27y 150d,India,Bowler,Left hand Bat,Left arm Medium fast,2022 - 2026,2020/21,IPL 2020/21,PBKS,8,1.0,0.0,0.0,0.0,0.0,3.0,0.0,0.0,0.0,0.0,0.0,2,0,9.0,8.77,149.0,3/23,3/23,24.22,16.5,0.0,0.0,0.0,2022-07-07,2026-07-04,2022-11-25,2026-06-17,3.0,23.0,3.0,23.0
1125976,Arshdeep Singh,1999-02-05,27y 150d,India,Bowler,Left hand Bat,Left arm Medium fast,2022 - 2026,2019,IPL 2019,PBKS,3,,,,,,,,,,,,0,0,3.0,10.9,60.0,2/43,2/43,36.33,20.0,0.0,0.0,0.0,2022-07-07,2026-07-04,2022-11-25,2026-06-17,2.0,43.0,2.0,43.0
1125958,Atharva Taide,2000-04-26,26y 70d,India,Batting Allrounder,Left hand Bat,Slow Left arm Orthodox,,2025,IPL 2025,SRH,1,1.0,0.0,13.0,13.0,13.0,9.0,144.44,0.0,0.0,3.0,0.0,0,0,,,,,,,,,,,,,,,,,,
1125958,Atharva Taide,2000-04-26,26y 70d,India,Batting Allrounder,Left hand Bat,Slow Left arm Orthodox,,2024,IPL 2024,PBKS,2,2.0,0.0,61.0,46.0,30.5,39.0,156.41,0.0,0.0,7.0,2.0,0,0,0.0,24.0,1.0,,,,,0.0,0.0,0.0,,,,,,,,
1125958,Atharva Taide,2000-04-26,26y 70d,India,Batting Allrounder,Left hand Bat,Slow Left arm Orthodox,,2023,IPL 2023,PBKS,7,7.0,0.0,186.0,66.0,26.57,129.0,144.18,0.0,2.0,20.0,6.0,5,0,,,,,,,,,,,,,,,,,,
679567,Benjamin James Dwarshuis,1994-06-23,32y 12d,Australia,Bowler,Left hand Bat,Left arm Fast medium,2022 - 2026,2026,IPL 2026,PBKS,1,,,,,,,,,,,,1,0,1.0,12.75,24.0,1/51,1/51,51.0,24.0,0.0,0.0,0.0,2022-04-05,2026-02-13,2024-09-19,2026-06-14,1.0,51.0,1.0,51.0
379927,Beuran Eric Hendricks,1990-06-08,36y 27d,South Africa,Bowler,Left hand Bat,Left arm Fast medium,2014 - 2023,2015,IPL 2015,PBKS,4,2.0,2.0,1.0,1.0,,2.0,50.0,0.0,0.0,0.0,0.0,2,0,5.0,8.38,78.0,2/40,2/40,21.8,15.6,0.0,0.0,0.0,2014-03-12,2021-07-24,2019-01-25,2023-12-21,2.0,40.0,2.0,40.0
379927,Beuran Eric Hendricks,1990-06-08,36y 27d,South Africa,Bowler,Left hand Bat,Left arm Fast medium,2014 - 2023,2014,IPL 2014,PBKS,3,1.0,0.0,0.0,0.0,0.0,1.0,0.0,0.0,0.0,0.0,0.0,1,0,4.0,10.5,72.0,3/36,3/36,31.5,18.0,0.0,0.0,0.0,2014-03-12,2021-07-24,2019-01-25,2023-12-21,3.0,36.0,3.0,36.0
342619,Pramod Bhanuka Bandara Rajapaksa,1991-10-24,34y 254d,Sri Lanka,Top order Batter,Left hand Bat,Right arm Medium,2019 - 2025,2023,IPL 2023,PBKS,4,4.0,1.0,71.0,50.0,23.66,62.0,114.51,0.0,1.0,6.0,2.0,0,0,,,,,,,,,,,2019-10-05,2025-11-20,2021-07-18,2021-09-04,,,,
342619,Pramod Bhanuka Bandara Rajapaksa,1991-10-24,34y 254d,Sri Lanka,Top order Batter,Left hand Bat,Right arm Medium,2019 - 2025,2022,IPL 2022,PBKS,9,9.0,0.0,206.0,43.0,22.88,129.0,159.68,0.0,0.0,16.0,13.0,4,0,,,,,,,,,,,2019-10-05,2025-11-20,2021-07-18,2021-09-04,,,,
433410,Bhargav Ashok Bhatt,1990-05-13,36y 53d,India,Bowler,Left hand Bat,Slow Left arm Orthodox,,2013,IPL 2013,PBKS,2,,,,,,,,,,,,0,0,1.0,6.4,30.0,1/11,1/11,32.0,30.0,0.0,0.0,0.0,,,,,1.0,11.0,1.0,11.0
433410,Bhargav Ashok Bhatt,1990-05-13,36y 53d,India,Bowler,Left hand Bat,Slow Left arm Orthodox,,2012,IPL 2012,PBKS,5,1.0,1.0,6.0,6.0,,2.0,300.0,0.0,0.0,0.0,1.0,0,0,2.0,8.24,99.0,2/24,2/24,68.0,49.5,0.0,0.0,0.0,,,,,2.0,24.0,2.0,24.0
433410,Bhargav Ashok Bhatt,1990-05-13,36y 53d,India,Bowler,Left hand Bat,Slow Left arm Orthodox,,2011,IPL 2011,PBKS,10,1.0,0.0,0.0,0.0,0.0,5.0,0.0,0.0,0.0,0.0,0.0,1,0,9.0,8.22,167.0,4/22,4/22,25.44,18.5,1.0,0.0,0.0,,,,,4.0,22.0,4.0,22.0
35928,Bipul Sharma,1983-09-28,42y 280d,India,Allrounder,Left hand Bat,Slow Left arm Orthodox,,2017,IPL 2017,SRH,7,3.0,2.0,31.0,21.0,31.0,24.0,129.16,0.0,0.0,2.0,1.0,1,0,3.0,7.89,98.0,1/4,1/4,43.0,32.6,0.0,0.0,0.0,,,,,1.0,4.0,1.0,4.0
35928,Bipul Sharma,1983-09-28,42y 280d,India,Allrounder,Left hand Bat,Slow Left arm Orthodox,,2016,IPL 2016,SRH,7,4.0,2.0,51.0,27.0,25.5,25.0,204.0,0.0,0.0,1.0,5.0,2,0,3.0,8.64,84.0,1/10,1/10,40.33,28.0,0.0,0.0,0.0,,,,,1.0,10.0,1.0,10.0
35928,Bipul Sharma,1983-09-28,42y 280d,India,Allrounder,Left hand Bat,Slow Left arm Orthodox,,2015,IPL 2015,SRH,4,1.0,0.0,1.0,1.0,1.0,2.0,50.0,0.0,0.0,0.0,0.0,0,0,3.0,7.14,42.0,2/13,2/13,16.66,14.0,0.0,0.0,0.0,,,,,2.0,13.0,2.0,13.0
35928,Bipul Sharma,1983-09-28,42y 280d,India,Allrounder,Left hand Bat,Slow Left arm Orthodox,,2013,IPL 2013,PBKS,1,,,,,,,,,,,,0,0,1.0,5.25,24.0,1/21,1/21,21.0,24.0,0.0,0.0,0.0,,,,,1.0,21.0,1.0,21.0
35928,Bipul Sharma,1983-09-28,42y 280d,India,Allrounder,Left hand Bat,Slow Left arm Orthodox,,2012,IPL 2012,PBKS,5,4.0,1.0,72.0,35.0,24.0,47.0,153.19,0.0,0.0,6.0,3.0,1,0,0.0,10.3,46.0,,,,,0.0,0.0,0.0,,,,,,,,
35928,Bipul Sharma,1983-09-28,42y 280d,India,Allrounder,Left hand Bat,Slow Left arm Orthodox,,2011,IPL 2011,PBKS,4,3.0,2.0,23.0,16.0,23.0,18.0,127.77,0.0,0.0,1.0,0.0,1,0,4.0,6.5,72.0,2/32,2/32,19.5,18.0,0.0,0.0,0.0,,,,,2.0,32.0,2.0,32.0
35928,Bipul Sharma,1983-09-28,42y 280d,India,Allrounder,Left hand Bat,Slow Left arm Orthodox,,2009/10,IPL 2009/10,PBKS,5,2.0,2.0,9.0,8.0,,7.0,128.57,0.0,0.0,1.0,0.0,2,0,3.0,9.4,60.0,1/19,1/19,31.33,20.0,0.0,0.0,0.0,,,,,1.0,19.0,1.0,19.0
1210488,Cooper Patrick Leonard Connolly,2003-08-22,22y 317d,Australia,Batting Allrounder,Left hand Bat,Slow Left arm Orthodox,2024 - 2026,2026,IPL 2026,PBKS,14,13.0,2.0,491.0,107.0,44.63,301.0,163.12,1.0,2.0,43.0,32.0,4,0,,,,,,,,,,,2024-09-07,2026-06-21,2024-09-29,2026-06-14,,,,
236489,Dawid Johannes Malan,1987-09-03,38y 305d,England,Top order Batter,Left hand Bat,Legbreak,2017 - 2023,2021,IPL 2021,PBKS,1,1.0,0.0,26.0,26.0,26.0,26.0,100.0,0.0,0.0,1.0,1.0,1,0,,,,,,,,,,,2017-06-25,2023-09-05,2019-05-03,2023-11-11,,,,
16932,Adrian Dimitri Mascarenhas,1977-10-30,48y 248d,England,Allrounder,Right hand Bat,Right arm Fast medium,2007 - 2009,2013,IPL 2013,PBKS,1,1.0,1.0,5.0,5.0,,5.0,100.0,0.0,0.0,0.0,0.0,0,0,0.0,6.25,24.0,,,,,0.0,0.0,0.0,2007-06-28,2009-06-14,2007-07-01,2009-09-17,,,,
16932,Adrian Dimitri Mascarenhas,1977-10-30,48y 248d,England,Allrounder,Right hand Bat,Right arm Fast medium,2007 - 2009,2012,IPL 2012,PBKS,4,3.0,0.0,14.0,9.0,4.66,16.0,87.5,0.0,0.0,1.0,0.0,2,0,7.0,6.56,96.0,5/25,5/25,15.0,13.7,0.0,1.0,0.0,2007-06-28,2009-06-14,2007-07-01,2009-09-17,5.0,25.0,5.0,25.0
16932,Adrian Dimitri Mascarenhas,1977-10-30,48y 248d,England,Allrounder,Right hand Bat,Right arm Fast medium,2007 - 2009,2009/10,IPL 2009/10,RR,2,2.0,1.0,12.0,9.0,12.0,10.0,120.0,0.0,0.0,0.0,0.0,0,0,4.0,8.12,48.0,2/31,2/31,16.25,12.0,0.0,0.0,0.0,2007-06-28,2009-06-14,2007-07-01,2009-09-17,2.0,31.0,2.0,31.0
16932,Adrian Dimitri Mascarenhas,1977-10-30,48y 248d,England,Allrounder,Right hand Bat,Right arm Fast medium,2007 - 2009,2009,IPL 2009,RR,5,4.0,0.0,39.0,27.0,9.75,39.0,100.0,0.0,0.0,4.0,0.0,1,0,6.0,6.82,116.0,3/20,3/20,22.0,19.3,0.0,0.0,0.0,2007-06-28,2009-06-14,2007-07-01,2009-09-17,3.0,20.0,3.0,20.0
16932,Adrian Dimitri Mascarenhas,1977-10-30,48y 248d,England,Allrounder,Right hand Bat,Right arm Fast medium,2007 - 2009,2007/08,IPL 2007/08,RR,1,1.0,0.0,9.0,9.0,9.0,8.0,112.5,0.0,0.0,0.0,1.0,0,0,2.0,7.25,24.0,2/29,2/29,14.5,12.0,0.0,0.0,0.0,2007-06-28,2009-06-14,2007-07-01,2009-09-17,2.0,29.0,2.0,29.0
44410,Farhaan Behardien,1983-10-09,42y 269d,South Africa,Batting Allrounder,Right hand Bat,Right arm Fast medium,2012 - 2018,2016,IPL 2016,PBKS,3,3.0,1.0,14.0,9.0,7.0,13.0,107.69,0.0,0.0,2.0,0.0,1,0,,,,,,,,,,,2012-03-30,2018-11-17,2013-01-22,2018-02-16,,,,
28758,Gagandeep Singh,1981-10-03,44y 275d,India,,Right hand Bat,Right arm Medium fast,,2007/08,IPL 2007/08,PBKS,4,,,,,,,,,,,,0,0,3.0,10.07,84.0,1/33,1/33,47.0,28.0,0.0,0.0,0.0,,,,,1.0,33.0,1.0,33.0
537124,Gurkeerat Rupinder Singh,1990-06-29,36y 6d,India,Middle order Batter,Right hand Bat,Right arm Offbreak,2016 - 2016,2020/21,IPL 2020/21,RCB,8,5.0,5.0,71.0,21.0,,80.0,88.75,0.0,0.0,8.0,0.0,5,0,,,,,,,,,,,,,2016-01-17,2016-01-23,,,,
537124,Gurkeerat Rupinder Singh,1990-06-29,36y 6d,India,Middle order Batter,Right hand Bat,Right arm Offbreak,2016 - 2016,2019,IPL 2019,RCB,3,3.0,0.0,98.0,65.0,32.66,70.0,140.0,0.0,1.0,11.0,2.0,1,0,,,,,,,,,,,,,2016-01-17,2016-01-23,,,,
537124,Gurkeerat Rupinder Singh,1990-06-29,36y 6d,India,Middle order Batter,Right hand Bat,Right arm Offbreak,2016 - 2016,2017,IPL 2017,PBKS,2,,,,,,,,,,,,1,0,,,,,,,,,,,,,2016-01-17,2016-01-23,,,,
537124,Gurkeerat Rupinder Singh,1990-06-29,36y 6d,India,Middle order Batter,Right hand Bat,Right arm Offbreak,2016 - 2016,2016,IPL 2016,PBKS,7,6.0,1.0,113.0,51.0,22.6,86.0,131.39,0.0,1.0,11.0,3.0,5,0,2.0,7.75,24.0,2/15,2/15,15.5,12.0,0.0,0.0,0.0,,,2016-01-17,2016-01-23,2.0,15.0,2.0,15.0
537124,Gurkeerat Rupinder Singh,1990-06-29,36y 6d,India,Middle order Batter,Right hand Bat,Right arm Offbreak,2016 - 2016,2015,IPL 2015,PBKS,5,5.0,0.0,35.0,15.0,7.0,39.0,89.74,0.0,0.0,3.0,1.0,1,0,3.0,7.33,54.0,2/17,2/17,22.0,18.0,0.0,0.0,0.0,,,2016-01-17,2016-01-23,2.0,17.0,2.0,17.0
537124,Gurkeerat Rupinder Singh,1990-06-29,36y 6d,India,Middle order Batter,Right hand Bat,Right arm Offbreak,2016 - 2016,2013,IPL 2013,PBKS,11,9.0,1.0,108.0,31.0,13.5,95.0,113.68,0.0,0.0,10.0,3.0,4,1,,,,,,,,,,,,,2016-01-17,2016-01-23,,,,
537124,Gurkeerat Rupinder Singh,1990-06-29,36y 6d,India,Middle order Batter,Right hand Bat,Right arm Offbreak,2016 - 2016,2012,IPL 2012,PBKS,5,4.0,1.0,86.0,29.0,28.66,52.0,165.38,0.0,0.0,12.0,2.0,2,0,,,,,,,,,,,,,2016-01-17,2016-01-23,,,,
1287033,Gurnoor Brar,2000-05-25,26y 41d,India,Bowler,Left hand Bat,Right arm Fast,2026 - 2026,2023,IPL 2023,PBKS,1,,,,,,,,,,,,0,0,0.0,14.0,18.0,,,,,0.0,0.0,0.0,,,2026-06-13,2026-06-20,,,,
375126,GC Viljoen,1989-03-06,37y 121d,South Africa,Bowler,Right hand Bat,Right arm Fast,2016 - 2016,2019,IPL 2019,PBKS,6,3.0,1.0,3.0,2.0,1.5,7.0,42.85,0.0,0.0,0.0,0.0,0,0,7.0,9.65,138.0,2/39,2/39,31.71,19.7,0.0,0.0,0.0,,,,,2.0,39.0,2.0,39.0
1168641,Harpreet Brar,1995-09-16,30y 292d,India,Bowler,Left hand Bat,Slow Left arm Orthodox,,2026,IPL 2026,PBKS,2,1.0,1.0,5.0,5.0,,3.0,166.66,0.0,0.0,1.0,0.0,1,0,2.0,7.5,48.0,2/35,2/35,30.0,24.0,0.0,0.0,0.0,,,,,2.0,35.0,2.0,35.0
1168641,Harpreet Brar,1995-09-16,30y 292d,India,Bowler,Left hand Bat,Slow Left arm Orthodox,,2025,IPL 2025,PBKS,8,2.0,1.0,11.0,7.0,11.0,13.0,84.61,0.0,0.0,0.0,1.0,0,0,10.0,8.63,132.0,3/22,3/22,19.0,13.2,0.0,0.0,0.0,,,,,3.0,22.0,3.0,22.0
1168641,Harpreet Brar,1995-09-16,30y 292d,India,Bowler,Left hand Bat,Slow Left arm Orthodox,,2024,IPL 2024,PBKS,13,7.0,5.0,75.0,29.0,37.5,54.0,138.88,0.0,0.0,8.0,2.0,7,0,7.0,7.97,228.0,2/13,2/13,43.28,32.5,0.0,0.0,0.0,,,,,2.0,13.0,2.0,13.0
1168641,Harpreet Brar,1995-09-16,30y 292d,India,Bowler,Left hand Bat,Slow Left arm Orthodox,,2023,IPL 2023,PBKS,13,8.0,2.0,52.0,17.0,8.66,41.0,126.82,0.0,0.0,5.0,2.0,2,0,9.0,8.02,163.0,4/30,4/30,24.22,18.1,1.0,0.0,0.0,,,,,4.0,30.0,4.0,30.0
1168641,Harpreet Brar,1995-09-16,30y 292d,India,Bowler,Left hand Bat,Slow Left arm Orthodox,,2022,IPL 2022,PBKS,5,3.0,0.0,22.0,14.0,7.33,25.0,88.0,0.0,0.0,1.0,2.0,3,0,4.0,9.12,96.0,3/26,3/26,36.5,24.0,0.0,0.0,0.0,,,,,3.0,26.0,3.0,26.0
1168641,Harpreet Brar,1995-09-16,30y 292d,India,Bowler,Left hand Bat,Slow Left arm Orthodox,,2021,IPL 2021,PBKS,7,5.0,5.0,64.0,25.0,,58.0,110.34,0.0,0.0,3.0,2.0,2,0,5.0,6.04,138.0,3/19,3/19,27.8,27.6,0.0,0.0,0.0,,,,,3.0,19.0,3.0,19.0
1168641,Harpreet Brar,1995-09-16,30y 292d,India,Bowler,Left hand Bat,Slow Left arm Orthodox,,2020/21,IPL 2020/21,PBKS,1,,,,,,,,,,,,0,0,0.0,10.25,24.0,,,,,0.0,0.0,0.0,,,,,,,,
1168641,Harpreet Brar,1995-09-16,30y 292d,India,Bowler,Left hand Bat,Slow Left arm Orthodox,,2019,IPL 2019,PBKS,2,1.0,1.0,20.0,20.0,,12.0,166.66,0.0,0.0,2.0,1.0,0,0,0.0,9.6,30.0,,,,,0.0,0.0,0.0,,,,,,,,
43906,Hashim Mahomed Amla,1983-03-31,43y 96d,South Africa,Top order Batter,Right hand Bat,"Right arm Medium, Right arm Offbreak",2004 - 2019,2017,IPL 2017,PBKS,10,10.0,3.0,420.0,104.0,60.0,288.0,145.83,2.0,2.0,40.0,17.0,0,0,,,,,,,,,,,2009-01-13,2018-08-14,2008-03-09,2019-06-28,,,,
43906,Hashim Mahomed Amla,1983-03-31,43y 96d,South Africa,Top order Batter,Right hand Bat,"Right arm Medium, Right arm Offbreak",2004 - 2019,2016,IPL 2016,PBKS,6,6.0,0.0,157.0,96.0,26.16,119.0,131.93,0.0,1.0,20.0,4.0,0,0,,,,,,,,,,,2009-01-13,2018-08-14,2008-03-09,2019-06-28,,,,
967603,Ishan Chandranath Porel,1998-09-05,27y 303d,India,Bowler,Right hand Bat,Right arm Medium,,2021,IPL 2021,PBKS,1,,,,,,,,,,,,0,0,1.0,9.75,24.0,1/39,1/39,39.0,24.0,0.0,0.0,0.0,,,,,1.0,39.0,1.0,39.0
237199,Jalaj Sahai Saxena,1986-12-15,39y 202d,India,Allrounder,Right hand Bat,"Right arm Offbreak, Legbreak Googly",,2021,IPL 2021,PBKS,1,,,,,,,,,,,,0,0,0.0,9.0,18.0,,,,,0.0,0.0,0.0,,,,,,,,
721867,Jitesh Mohan Sharma,1993-10-22,32y 256d,India,Wicketkeeper Batter,Right hand Bat,,2023 - 2025,2026,IPL 2026,RCB,16,12.0,3.0,116.0,23.0,12.88,95.0,122.1,0.0,0.0,9.0,6.0,15,2,,,,,,,,,,,2023-10-03,2025-12-19,,,,,,
721867,Jitesh Mohan Sharma,1993-10-22,32y 256d,India,Wicketkeeper Batter,Right hand Bat,,2023 - 2025,2025,IPL 2025,RCB,15,11.0,4.0,261.0,85.0,37.28,148.0,176.35,0.0,1.0,24.0,17.0,19,1,,,,,,,,,,,2023-10-03,2025-12-19,,,,,,
721867,Jitesh Mohan Sharma,1993-10-22,32y 256d,India,Wicketkeeper Batter,Right hand Bat,,2023 - 2025,2024,IPL 2024,PBKS,14,12.0,1.0,187.0,32.0,17.0,142.0,131.69,0.0,0.0,9.0,12.0,13,0,,,,,,,,,,,2023-10-03,2025-12-19,,,,,,
721867,Jitesh Mohan Sharma,1993-10-22,32y 256d,India,Wicketkeeper Batter,Right hand Bat,,2023 - 2025,2023,IPL 2023,PBKS,14,14.0,1.0,309.0,49.0,23.76,198.0,156.06,0.0,0.0,22.0,21.0,3,2,,,,,,,,,,,2023-10-03,2025-12-19,,,,,,
721867,Jitesh Mohan Sharma,1993-10-22,32y 256d,India,Wicketkeeper Batter,Right hand Bat,,2023 - 2025,2022,IPL 2022,PBKS,12,10.0,2.0,234.0,44.0,29.25,143.0,163.63,0.0,0.0,22.0,12.0,9,2,,,,,,,,,,,2023-10-03,2025-12-19,,,,,,
28997,Karan Goel,1986-12-24,39y 193d,India,Opening Batter,Left hand Bat,Right arm Offbreak,,2009/10,IPL 2009/10,PBKS,6,2.0,1.0,18.0,17.0,18.0,20.0,90.0,0.0,0.0,1.0,1.0,2,0,0.0,7.0,6.0,,,,,0.0,0.0,0.0,,,,,,,,
28997,Karan Goel,1986-12-24,39y 193d,India,Opening Batter,Left hand Bat,Right arm Offbreak,,2009,IPL 2009,PBKS,9,9.0,1.0,124.0,38.0,15.5,133.0,93.23,0.0,0.0,9.0,4.0,5,0,0.0,7.62,48.0,,,,,0.0,0.0,0.0,,,,,,,,
28997,Karan Goel,1986-12-24,39y 193d,India,Opening Batter,Left hand Bat,Right arm Offbreak,,2007/08,IPL 2007/08,PBKS,7,6.0,0.0,76.0,26.0,12.66,78.0,97.43,0.0,0.0,7.0,4.0,2,0,0.0,12.5,12.0,,,,,0.0,0.0,0.0,,,,,,,,
322535,Karanveer Singh,1987-11-08,38y 239d,India,,Right hand Bat,Legbreak Googly,,2015,IPL 2015,PBKS,4,3.0,2.0,11.0,5.0,11.0,16.0,68.75,0.0,0.0,1.0,0.0,1,0,1.0,11.21,84.0,1/30,1/30,157.0,84.0,0.0,0.0,0.0,,,,,1.0,30.0,1.0,30.0
322535,Karanveer Singh,1987-11-08,38y 239d,India,,Right hand Bat,Legbreak Googly,,2014,IPL 2014,PBKS,5,1.0,1.0,1.0,1.0,,1.0,100.0,0.0,0.0,0.0,0.0,1,0,11.0,8.2,120.0,4/54,4/54,14.9,10.9,1.0,0.0,0.0,,,,,4.0,54.0,4.0,54.0
297583,Kyle John Abbott,1987-06-18,39y 17d,South Africa,Bowler,Right hand Bat,Right arm Fast medium,2013 - 2017,2016,IPL 2016,PBKS,5,3.0,2.0,13.0,12.0,13.0,8.0,162.5,0.0,0.0,0.0,1.0,0,0,2.0,11.06,96.0,1/38,1/38,88.5,48.0,0.0,0.0,0.0,2013-03-03,2016-03-28,2013-03-10,2016-10-12,1.0,38.0,1.0,38.0
403902,Liam Stephen Livingstone,1993-08-04,32y 335d,England,Batting Allrounder,Right hand Bat,"Right arm Offbreak, Legbreak",2017 - 2025,2026,IPL 2026,SRH,2,2.0,0.0,15.0,14.0,7.5,25.0,60.0,0.0,0.0,0.0,1.0,4,0,,,,,,,,,,,2017-06-23,2025-02-02,2021-03-26,2025-03-01,,,,
403902,Liam Stephen Livingstone,1993-08-04,32y 335d,England,Batting Allrounder,Right hand Bat,"Right arm Offbreak, Legbreak",2017 - 2025,2025,IPL 2025,RCB,10,8.0,1.0,112.0,54.0,16.0,84.0,133.33,0.0,1.0,4.0,9.0,4,0,2.0,8.44,54.0,2/28,2/28,38.0,27.0,0.0,0.0,0.0,2017-06-23,2025-02-02,2021-03-26,2025-03-01,2.0,28.0,2.0,28.0
403902,Liam Stephen Livingstone,1993-08-04,32y 335d,England,Batting Allrounder,Right hand Bat,"Right arm Offbreak, Legbreak",2017 - 2025,2024,IPL 2024,PBKS,7,7.0,2.0,111.0,38.0,22.2,78.0,142.3,0.0,0.0,8.0,7.0,1,0,3.0,7.0,72.0,2/19,2/19,28.0,24.0,0.0,0.0,0.0,2017-06-23,2025-02-02,2021-03-26,2025-03-01,2.0,19.0,2.0,19.0
403902,Liam Stephen Livingstone,1993-08-04,32y 335d,England,Batting Allrounder,Right hand Bat,"Right arm Offbreak, Legbreak",2017 - 2025,2023,IPL 2023,PBKS,9,9.0,1.0,279.0,94.0,34.87,171.0,163.15,0.0,2.0,20.0,19.0,4,0,2.0,13.42,42.0,1/19,1/19,47.0,21.0,0.0,0.0,0.0,2017-06-23,2025-02-02,2021-03-26,2025-03-01,1.0,19.0,1.0,19.0
403902,Liam Stephen Livingstone,1993-08-04,32y 335d,England,Batting Allrounder,Right hand Bat,"Right arm Offbreak, Legbreak",2017 - 2025,2022,IPL 2022,PBKS,14,14.0,2.0,437.0,70.0,36.41,240.0,182.08,0.0,4.0,29.0,34.0,6,0,6.0,8.78,138.0,3/27,3/27,33.66,23.0,0.0,0.0,0.0,2017-06-23,2025-02-02,2021-03-26,2025-03-01,3.0,27.0,3.0,27.0
403902,Liam Stephen Livingstone,1993-08-04,32y 335d,England,Batting Allrounder,Right hand Bat,"Right arm Offbreak, Legbreak",2017 - 2025,2021,IPL 2021,RR,5,5.0,0.0,42.0,25.0,8.4,41.0,102.43,0.0,0.0,3.0,1.0,3,0,,,,,,,,,,,2017-06-23,2025-02-02,2021-03-26,2025-03-01,,,,
403902,Liam Stephen Livingstone,1993-08-04,32y 335d,England,Batting Allrounder,Right hand Bat,"Right arm Offbreak, Legbreak",2017 - 2025,2019,IPL 2019,RR,4,4.0,1.0,70.0,44.0,23.33,48.0,145.83,0.0,0.0,6.0,5.0,4,0,0.0,13.0,6.0,,,,,0.0,0.0,0.0,2017-06-23,2025-02-02,2021-03-26,2025-03-01,,,,
26236,Love Ablish,1982-12-03,43y 214d,India,Bowler,Right hand Bat,Right arm Medium fast,,2011,IPL 2011,PBKS,1,1.0,1.0,0.0,0.0,,2.0,0.0,0.0,0.0,0.0,0.0,0,0,0.0,13.0,18.0,,,,,0.0,0.0,0.0,,,,,,,,
26236,Love Ablish,1982-12-03,43y 214d,India,Bowler,Right hand Bat,Right arm Medium fast,,2009/10,IPL 2009/10,PBKS,2,,,,,,,,,,,,0,0,3.0,9.0,24.0,2/17,2/17,12.0,8.0,0.0,0.0,0.0,,,,,2.0,17.0,2.0,17.0
232284,Luke Anthony Pomersbach,1984-09-28,41y 280d,Australia,Batter,Left hand Bat,Right arm Offbreak,2007 - 2007,2013,IPL 2013,PBKS,3,3.0,1.0,58.0,33.0,29.0,59.0,98.3,0.0,0.0,5.0,1.0,0,0,,,,,,,,,,,2007-12-11,2006-12-19,,,,,,
232284,Luke Anthony Pomersbach,1984-09-28,41y 280d,Australia,Batter,Left hand Bat,Right arm Offbreak,2007 - 2007,2011,IPL 2011,RCB,5,4.0,0.0,51.0,29.0,12.75,39.0,130.76,0.0,0.0,4.0,2.0,5,0,,,,,,,,,,,2007-12-11,2006-12-19,,,,,,
232284,Luke Anthony Pomersbach,1984-09-28,41y 280d,Australia,Batter,Left hand Bat,Right arm Offbreak,2007 - 2007,2009,IPL 2009,PBKS,4,4.0,0.0,41.0,26.0,10.25,49.0,83.67,0.0,0.0,3.0,1.0,1,0,,,,,,,,,,,2007-12-11,2006-12-19,,,,,,
232284,Luke Anthony Pomersbach,1984-09-28,41y 280d,Australia,Batter,Left hand Bat,Right arm Offbreak,2007 - 2007,2007/08,IPL 2007/08,PBKS,5,5.0,4.0,152.0,79.0,152.0,99.0,153.53,0.0,1.0,13.0,9.0,1,0,,,,,,,,,,,2007-12-11,2006-12-19,,,,,,
376169,Michael Gertges Neser,1990-03-29,36y 98d,Australia,Bowling Allrounder,Right hand Bat,Right arm Medium fast,2018 - 2026,2013,IPL 2013,PBKS,1,,,,,,,,,,,,0,0,0.0,15.5,24.0,,,,,0.0,0.0,0.0,,,2018-06-13,2023-09-17,,,,
1213979,Mitchell J Owen,2001-09-16,24y 292d,Australia,Allrounder,Right hand Bat,Right arm Medium,2025 - 2026,2025,IPL 2025,PBKS,1,1.0,0.0,0.0,0.0,0.0,2.0,0.0,0.0,0.0,0.0,0.0,2,0,,,,,,,,,,,2025-07-20,2026-02-01,2025-10-19,2025-10-25,,,,
29990,Mohammad Kaif,1980-12-01,45y 216d,India,Batter,Right hand Bat,Right arm Offbreak,2000 - 2006,2012,IPL 2012,RCB,1,1.0,0.0,14.0,14.0,14.0,16.0,87.5,0.0,0.0,1.0,0.0,0,0,,,,,,,,,,,,,2002-01-28,2006-11-29,,,,
29990,Mohammad Kaif,1980-12-01,45y 216d,India,Batter,Right hand Bat,Right arm Offbreak,2000 - 2006,2011,IPL 2011,RCB,8,4.0,1.0,41.0,15.0,13.66,33.0,124.24,0.0,0.0,5.0,0.0,5,0,,,,,,,,,,,,,2002-01-28,2006-11-29,,,,
29990,Mohammad Kaif,1980-12-01,45y 216d,India,Batter,Right hand Bat,Right arm Offbreak,2000 - 2006,2009/10,IPL 2009/10,PBKS,4,3.0,0.0,28.0,14.0,9.33,30.0,93.33,0.0,0.0,2.0,0.0,2,0,,,,,,,,,,,,,2002-01-28,2006-11-29,,,,
29990,Mohammad Kaif,1980-12-01,45y 216d,India,Batter,Right hand Bat,Right arm Offbreak,2000 - 2006,2007/08,IPL 2007/08,RR,16,14.0,3.0,176.0,34.0,16.0,171.0,102.92,0.0,0.0,14.0,6.0,8,0,,,,,,,,,,,,,2002-01-28,2006-11-29,,,,
1349361,Mohit Rathee,1999-01-13,27y 173d,India,Allrounder,Right hand Bat,Legbreak,,2023,IPL 2023,PBKS,1,1.0,1.0,1.0,1.0,,2.0,50.0,0.0,0.0,0.0,0.0,0,0,0.0,14.5,12.0,,,,,0.0,0.0,0.0,,,,,,,,
1316430,Musheer Khan,2005-02-27,21y 128d,India,Allrounder,Right hand Bat,Slow Left arm Orthodox,,2025,IPL 2025,PBKS,1,1.0,0.0,0.0,0.0,0.0,3.0,0.0,0.0,0.0,0.0,0.0,0,0,1.0,13.5,12.0,1/27,1/27,27.0,12.0,0.0,0.0,0.0,,,,,1.0,27.0,1.0,27.0
7443,Nathan John Rimmington,1982-11-11,43y 236d,Australia,Bowler,Right hand Bat,Right arm Fast medium,,2011,IPL 2011,PBKS,1,1.0,1.0,1.0,1.0,,1.0,100.0,0.0,0.0,0.0,0.0,0,0,0.0,6.33,18.0,,,,,0.0,0.0,0.0,,,,,,,,
274785,Nitin Saini,1988-10-28,37y 250d,India,Wicketkeeper Batter,Right hand Bat,,,2012,IPL 2012,PBKS,10,10.0,0.0,140.0,50.0,14.0,141.0,99.29,0.0,1.0,16.0,0.0,11,2,,,,,,,,,,,,,,,,,,
820691,Odean Fabian Smith,1996-11-01,29y 246d,West Indies,Bowling Allrounder,Right hand Bat,Right arm Fast medium,2018 - 2023,2022,IPL 2022,PBKS,6,6.0,3.0,51.0,25.0,17.0,44.0,115.9,0.0,0.0,1.0,5.0,2,0,6.0,11.86,90.0,4/30,4/30,29.66,15.0,1.0,0.0,0.0,2018-04-02,2023-08-12,2022-01-08,2023-06-06,4.0,30.0,4.0,30.0
28067,Pankaj Dharmani,1974-09-27,51y 281d,India,,Right hand Bat,,1996 - 1997,2007/08,IPL 2007/08,PBKS,1,,,,,,,,,,,,0,0,,,,,,,,,,,,,1996-10-23,,,,,
34155,Pardeep Sahu,1985-08-21,40y 318d,India,Allrounder,Right hand Bat,Legbreak Googly,,2016,IPL 2016,PBKS,5,2.0,1.0,19.0,18.0,19.0,13.0,146.15,0.0,0.0,1.0,1.0,0,0,3.0,8.34,105.0,2/18,2/18,48.66,35.0,0.0,0.0,0.0,,,,,2.0,18.0,2.0,18.0
323131,Parvinder Awana,1986-07-19,39y 351d,India,Bowler,Right hand Bat,Right arm Medium,2012 - 2012,2014,IPL 2014,PBKS,7,,,,,,,,,,,,0,0,7.0,10.42,141.0,2/15,2/15,35.0,20.1,0.0,0.0,0.0,2012-12-20,2012-12-22,,,2.0,15.0,2.0,15.0
323131,Parvinder Awana,1986-07-19,39y 351d,India,Bowler,Right hand Bat,Right arm Medium,2012 - 2012,2013,IPL 2013,PBKS,14,5.0,3.0,1.0,1.0,0.5,9.0,11.11,0.0,0.0,0.0,0.0,1,0,15.0,7.62,324.0,3/39,3/39,27.46,21.6,0.0,0.0,0.0,2012-12-20,2012-12-22,,,3.0,39.0,3.0,39.0
323131,Parvinder Awana,1986-07-19,39y 351d,India,Bowler,Right hand Bat,Right arm Medium,2012 - 2012,2012,IPL 2012,PBKS,12,2.0,2.0,4.0,4.0,,5.0,80.0,0.0,0.0,0.0,0.0,3,0,17.0,7.91,282.0,4/34,4/34,21.88,16.5,1.0,0.0,0.0,2012-12-20,2012-12-22,,,4.0,34.0,4.0,34.0
35630,Paul Chandrashekar Valthaty,1983-12-07,42y 210d,India,Batter,Right hand Bat,Right arm Medium,,2013,IPL 2013,PBKS,1,1.0,0.0,6.0,6.0,6.0,17.0,35.29,0.0,0.0,0.0,0.0,0,0,,,,,,,,,,,,,,,,,,
35630,Paul Chandrashekar Valthaty,1983-12-07,42y 210d,India,Batter,Right hand Bat,Right arm Medium,,2012,IPL 2012,PBKS,6,6.0,0.0,30.0,13.0,5.0,51.0,58.82,0.0,0.0,4.0,0.0,1,0,0.0,16.0,6.0,,,,,0.0,0.0,0.0,,,,,,,,
35630,Paul Chandrashekar Valthaty,1983-12-07,42y 210d,India,Batter,Right hand Bat,Right arm Medium,,2011,IPL 2011,PBKS,14,14.0,1.0,463.0,120.0,35.61,338.0,136.98,1.0,2.0,55.0,20.0,2,0,7.0,7.82,145.0,4/29,4/29,27.0,20.7,1.0,0.0,0.0,,,,,4.0,29.0,4.0,29.0
35630,Paul Chandrashekar Valthaty,1983-12-07,42y 210d,India,Batter,Right hand Bat,Right arm Medium,,2009,IPL 2009,RR,2,2.0,0.0,6.0,5.0,3.0,12.0,50.0,0.0,0.0,1.0,0.0,0,0,,,,,,,,,,,,,,,,,,
1161024,Prabhsimran Singh,2000-08-10,25y 329d,India,Wicketkeeper Batter,Right hand Bat,,,2026,IPL 2026,PBKS,14,13.0,1.0,510.0,80.0,42.5,302.0,168.87,0.0,6.0,55.0,23.0,7,1,,,,,,,,,,,,,,,,,,
1161024,Prabhsimran Singh,2000-08-10,25y 329d,India,Wicketkeeper Batter,Right hand Bat,,,2025,IPL 2025,PBKS,17,17.0,0.0,549.0,91.0,32.29,342.0,160.52,0.0,4.0,56.0,30.0,2,1,,,,,,,,,,,,,,,,,,
1161024,Prabhsimran Singh,2000-08-10,25y 329d,India,Wicketkeeper Batter,Right hand Bat,,,2024,IPL 2024,PBKS,14,14.0,0.0,334.0,71.0,23.85,213.0,156.8,0.0,2.0,34.0,20.0,1,0,,,,,,,,,,,,,,,,,,
1161024,Prabhsimran Singh,2000-08-10,25y 329d,India,Wicketkeeper Batter,Right hand Bat,,,2023,IPL 2023,PBKS,14,14.0,0.0,358.0,103.0,25.57,238.0,150.42,1.0,1.0,38.0,19.0,1,0,,,,,,,,,,,,,,,,,,
1161024,Prabhsimran Singh,2000-08-10,25y 329d,India,Wicketkeeper Batter,Right hand Bat,,,2022,IPL 2022,PBKS,1,1.0,0.0,14.0,14.0,14.0,11.0,127.27,0.0,0.0,2.0,0.0,0,0,,,,,,,,,,,,,,,,,,
1161024,Prabhsimran Singh,2000-08-10,25y 329d,India,Wicketkeeper Batter,Right hand Bat,,,2021,IPL 2021,PBKS,2,2.0,0.0,19.0,12.0,9.5,23.0,82.6,0.0,0.0,1.0,1.0,0,0,,,,,,,,,,,,,,,,,,
1161024,Prabhsimran Singh,2000-08-10,25y 329d,India,Wicketkeeper Batter,Right hand Bat,,,2020/21,IPL 2020/21,PBKS,2,2.0,0.0,15.0,11.0,7.5,15.0,100.0,0.0,0.0,2.0,0.0,1,0,,,,,,,,,,,,,,,,,,
1161024,Prabhsimran Singh,2000-08-10,25y 329d,India,Wicketkeeper Batter,Right hand Bat,,,2019,IPL 2019,PBKS,1,1.0,0.0,16.0,16.0,16.0,17.0,94.11,0.0,0.0,1.0,1.0,1,0,,,,,,,,,,,,,,,,,,
1175456,Priyansh Arya,2001-09-18,24y 290d,India,Opening Batter,Left hand Bat,Right arm Offbreak,,2026,IPL 2026,PBKS,13,13.0,0.0,364.0,93.0,28.0,172.0,211.62,0.0,3.0,27.0,32.0,2,0,,,,,,,,,,,,,,,,,,
1175456,Priyansh Arya,2001-09-18,24y 290d,India,Opening Batter,Left hand Bat,Right arm Offbreak,,2025,IPL 2025,PBKS,17,17.0,0.0,475.0,103.0,27.94,265.0,179.24,1.0,2.0,55.0,25.0,8,0,,,,,,,,,,,,,,,,,,
52969,Ramnaresh Ronnie Sarwan,1980-06-23,46y 12d,West Indies,Batter,Right hand Bat,Legbreak,2000 - 2013,2007/08,IPL 2007/08,PBKS,4,4.0,0.0,73.0,31.0,18.25,75.0,97.33,0.0,0.0,6.0,1.0,1,0,,,,,,,,,,,2007-09-11,2010-05-20,2000-07-20,2013-06-11,,,,
27572,Ranadeb Ranjit Bose,1979-02-27,47y 128d,India,,Right hand Bat,Right arm Fast medium,,2009,IPL 2009,PBKS,1,,,,,,,,,,,,0,0,0.0,12.0,12.0,,,,,0.0,0.0,0.0,,,,,,,,
10582,Ravinder Singh Bopara,1985-05-04,41y 62d,England,Batting Allrounder,Right hand Bat,Right arm Medium,2007 - 2015,2015,IPL 2015,SRH,9,8.0,3.0,145.0,41.0,29.0,120.0,120.83,0.0,0.0,6.0,6.0,2,0,6.0,8.0,120.0,2/18,2/18,26.66,20.0,0.0,0.0,0.0,2008-06-13,2014-09-07,2007-02-02,2015-03-13,2.0,18.0,2.0,18.0
10582,Ravinder Singh Bopara,1985-05-04,41y 62d,England,Batting Allrounder,Right hand Bat,Right arm Medium,2007 - 2015,2009/10,IPL 2009/10,PBKS,10,9.0,1.0,248.0,77.0,31.0,214.0,115.88,0.0,2.0,25.0,3.0,4,0,5.0,9.76,78.0,3/31,3/31,25.4,15.6,0.0,0.0,0.0,2008-06-13,2014-09-07,2007-02-02,2015-03-13,3.0,31.0,3.0,31.0
10582,Ravinder Singh Bopara,1985-05-04,41y 62d,England,Batting Allrounder,Right hand Bat,Right arm Medium,2007 - 2015,2009,IPL 2009,PBKS,5,5.0,0.0,138.0,84.0,27.6,119.0,115.96,0.0,1.0,8.0,7.0,1,0,0.0,3.75,8.0,,,,,0.0,0.0,0.0,2008-06-13,2014-09-07,2007-02-02,2015-03-13,,,,
34078,Reetinder Singh Sodhi,1980-10-18,45y 260d,India,Allrounder,Right hand Bat,Right arm Medium,2000 - 2002,2009/10,IPL 2009/10,PBKS,3,1.0,1.0,4.0,4.0,,2.0,200.0,0.0,0.0,1.0,0.0,2,0,,,,,,,,,,,,,2000-12-02,2002-11-21,,,,
438362,Sandeep Sharma,1993-05-18,33y 48d,India,Bowler,Right hand Bat,Right arm Medium,2015 - 2015,2026,IPL 2026,RR,6,,,,,,,,,,,,3,0,5.0,11.38,118.0,2/26,2/26,44.8,23.6,0.0,0.0,0.0,2015-07-17,2015-07-19,,,2.0,26.0,2.0,26.0
438362,Sandeep Sharma,1993-05-18,33y 48d,India,Bowler,Right hand Bat,Right arm Medium,2015 - 2015,2025,IPL 2025,RR,10,1.0,1.0,6.0,6.0,,5.0,120.0,0.0,0.0,0.0,0.0,1,0,9.0,9.89,219.0,2/21,2/21,40.11,24.3,0.0,0.0,0.0,2015-07-17,2015-07-19,,,2.0,21.0,2.0,21.0
438362,Sandeep Sharma,1993-05-18,33y 48d,India,Bowler,Right hand Bat,Right arm Medium,2015 - 2015,2024,IPL 2024,RR,11,,,,,,,,,,,,3,0,13.0,8.18,228.0,5/18,5/18,23.92,17.5,0.0,1.0,0.0,2015-07-17,2015-07-19,,,5.0,18.0,5.0,18.0
438362,Sandeep Sharma,1993-05-18,33y 48d,India,Bowler,Right hand Bat,Right arm Medium,2015 - 2015,2023,IPL 2023,RR,12,2.0,2.0,2.0,2.0,,6.0,33.33,0.0,0.0,0.0,0.0,4,0,10.0,8.6,276.0,2/25,2/25,39.6,27.6,0.0,0.0,0.0,2015-07-17,2015-07-19,,,2.0,25.0,2.0,25.0
438362,Sandeep Sharma,1993-05-18,33y 48d,India,Bowler,Right hand Bat,Right arm Medium,2015 - 2015,2022,IPL 2022,PBKS,5,,,,,,,,,,,,2,0,2.0,7.65,120.0,1/18,1/18,76.5,60.0,0.0,0.0,0.0,2015-07-17,2015-07-19,,,1.0,18.0,1.0,18.0
438362,Sandeep Sharma,1993-05-18,33y 48d,India,Bowler,Right hand Bat,Right arm Medium,2015 - 2015,2021,IPL 2021,SRH,7,2.0,1.0,8.0,8.0,8.0,7.0,114.28,0.0,0.0,1.0,0.0,1,0,3.0,8.63,141.0,1/20,1/20,67.66,47.0,0.0,0.0,0.0,2015-07-17,2015-07-19,,,1.0,20.0,1.0,20.0
438362,Sandeep Sharma,1993-05-18,33y 48d,India,Bowler,Right hand Bat,Right arm Medium,2015 - 2015,2020/21,IPL 2020/21,SRH,13,5.0,3.0,12.0,9.0,6.0,15.0,80.0,0.0,0.0,1.0,0.0,0,0,14.0,7.19,312.0,3/34,3/34,26.71,22.2,0.0,0.0,0.0,2015-07-17,2015-07-19,,,3.0,34.0,3.0,34.0
438362,Sandeep Sharma,1993-05-18,33y 48d,India,Bowler,Right hand Bat,Right arm Medium,2015 - 2015,2019,IPL 2019,SRH,11,2.0,2.0,6.0,5.0,,3.0,200.0,0.0,0.0,1.0,0.0,1,0,12.0,8.25,256.0,3/19,3/19,29.33,21.3,0.0,0.0,0.0,2015-07-17,2015-07-19,,,3.0,19.0,3.0,19.0
438362,Sandeep Sharma,1993-05-18,33y 48d,India,Bowler,Right hand Bat,Right arm Medium,2015 - 2015,2018,IPL 2018,SRH,12,3.0,1.0,0.0,0.0,0.0,4.0,0.0,0.0,0.0,0.0,0.0,2,0,12.0,7.56,264.0,2/17,2/17,27.75,22.0,0.0,0.0,0.0,2015-07-17,2015-07-19,,,2.0,17.0,2.0,17.0
438362,Sandeep Sharma,1993-05-18,33y 48d,India,Bowler,Right hand Bat,Right arm Medium,2015 - 2015,2017,IPL 2017,PBKS,13,4.0,4.0,7.0,5.0,,6.0,116.66,0.0,0.0,0.0,0.0,3,0,17.0,8.29,288.0,4/20,4/20,23.41,16.9,1.0,0.0,0.0,2015-07-17,2015-07-19,,,4.0,20.0,4.0,20.0
438362,Sandeep Sharma,1993-05-18,33y 48d,India,Bowler,Right hand Bat,Right arm Medium,2015 - 2015,2016,IPL 2016,PBKS,14,4.0,4.0,8.0,5.0,,9.0,88.88,0.0,0.0,0.0,0.0,2,0,15.0,7.32,300.0,2/11,2/11,24.4,20.0,0.0,0.0,0.0,2015-07-17,2015-07-19,,,2.0,11.0,2.0,11.0
438362,Sandeep Sharma,1993-05-18,33y 48d,India,Bowler,Right hand Bat,Right arm Medium,2015 - 2015,2015,IPL 2015,PBKS,14,3.0,2.0,9.0,7.0,9.0,14.0,64.28,0.0,0.0,1.0,0.0,2,0,13.0,7.0,300.0,4/25,4/25,26.92,23.0,1.0,0.0,0.0,2015-07-17,2015-07-19,,,4.0,25.0,4.0,25.0
438362,Sandeep Sharma,1993-05-18,33y 48d,India,Bowler,Right hand Bat,Right arm Medium,2015 - 2015,2014,IPL 2014,PBKS,11,1.0,1.0,2.0,2.0,,5.0,40.0,0.0,0.0,0.0,0.0,1,0,18.0,8.81,241.0,3/15,3/15,19.66,13.3,0.0,0.0,0.0,2015-07-17,2015-07-19,,,3.0,15.0,3.0,15.0
438362,Sandeep Sharma,1993-05-18,33y 48d,India,Bowler,Right hand Bat,Right arm Medium,2015 - 2015,2013,IPL 2013,PBKS,4,1.0,1.0,0.0,0.0,,1.0,0.0,0.0,0.0,0.0,0.0,0,0,8.0,7.43,96.0,3/21,3/21,14.87,12.0,0.0,0.0,0.0,2015-07-17,2015-07-19,,,3.0,21.0,3.0,21.0
34245,Shalabh Jagdishprasad Srivastava,1981-09-22,44y 286d,India,Bowler,Right hand Bat,Left arm Fast medium,,2011,IPL 2011,PBKS,6,2.0,2.0,4.0,3.0,,3.0,133.33,0.0,0.0,0.0,0.0,2,0,8.0,9.3,120.0,2/20,2/20,23.25,15.0,0.0,0.0,0.0,,,,,2.0,20.0,2.0,20.0
34245,Shalabh Jagdishprasad Srivastava,1981-09-22,44y 286d,India,Bowler,Right hand Bat,Left arm Fast medium,,2009/10,IPL 2009/10,PBKS,8,2.0,1.0,1.0,1.0,1.0,2.0,50.0,0.0,0.0,0.0,0.0,1,0,6.0,9.44,162.0,2/23,2/23,42.5,27.0,0.0,0.0,0.0,,,,,2.0,23.0,2.0,23.0
377534,Shashank Singh,1991-11-21,34y 226d,India,Batting Allrounder,Right hand Bat,"Right arm Medium, Right arm Offbreak",,2026,IPL 2026,PBKS,12,9.0,3.0,132.0,56.0,22.0,70.0,188.57,0.0,1.0,11.0,8.0,1,0,4.0,8.8,60.0,2/20,2/20,22.0,15.0,0.0,0.0,0.0,,,,,2.0,20.0,2.0,20.0
377534,Shashank Singh,1991-11-21,34y 226d,India,Batting Allrounder,Right hand Bat,"Right arm Medium, Right arm Offbreak",,2025,IPL 2025,PBKS,17,14.0,7.0,350.0,61.0,50.0,228.0,153.5,0.0,3.0,23.0,18.0,7,0,0.0,13.5,12.0,,,,,0.0,0.0,0.0,,,,,,,,
377534,Shashank Singh,1991-11-21,34y 226d,India,Batting Allrounder,Right hand Bat,"Right arm Medium, Right arm Offbreak",,2024,IPL 2024,PBKS,14,14.0,6.0,354.0,68.0,44.25,215.0,164.65,0.0,2.0,28.0,21.0,7,0,1.0,5.0,6.0,1/5,1/5,5.0,6.0,0.0,0.0,0.0,,,,,1.0,5.0,1.0,5.0
377534,Shashank Singh,1991-11-21,34y 226d,India,Batting Allrounder,Right hand Bat,"Right arm Medium, Right arm Offbreak",,2022,IPL 2022,SRH,10,5.0,1.0,69.0,25.0,17.25,47.0,146.8,0.0,0.0,5.0,4.0,3,0,0.0,10.0,12.0,,,,,0.0,0.0,0.0,,,,,,,,
6683,Shaun Edward Marsh,1983-07-09,42y 361d,Australia,Top order Batter,Left hand Bat,Slow Left arm Orthodox,2008 - 2019,2017,IPL 2017,PBKS,9,8.0,0.0,264.0,84.0,33.0,194.0,136.08,0.0,2.0,36.0,5.0,2,0,,,,,,,,,,,2008-06-20,2016-01-31,2008-06-24,2019-06-15,,,,
6683,Shaun Edward Marsh,1983-07-09,42y 361d,Australia,Top order Batter,Left hand Bat,Slow Left arm Orthodox,2008 - 2019,2016,IPL 2016,PBKS,6,6.0,1.0,159.0,56.0,31.8,134.0,118.65,0.0,1.0,13.0,4.0,1,0,,,,,,,,,,,2008-06-20,2016-01-31,2008-06-24,2019-06-15,,,,
6683,Shaun Edward Marsh,1983-07-09,42y 361d,Australia,Top order Batter,Left hand Bat,Slow Left arm Orthodox,2008 - 2019,2015,IPL 2015,PBKS,4,4.0,0.0,81.0,65.0,20.25,58.0,139.65,0.0,1.0,7.0,3.0,0,0,,,,,,,,,,,2008-06-20,2016-01-31,2008-06-24,2019-06-15,,,,
6683,Shaun Edward Marsh,1983-07-09,42y 361d,Australia,Top order Batter,Left hand Bat,Slow Left arm Orthodox,2008 - 2019,2014,IPL 2014,PBKS,2,2.0,0.0,70.0,40.0,35.0,52.0,134.61,0.0,0.0,7.0,3.0,2,0,,,,,,,,,,,2008-06-20,2016-01-31,2008-06-24,2019-06-15,,,,
6683,Shaun Edward Marsh,1983-07-09,42y 361d,Australia,Top order Batter,Left hand Bat,Slow Left arm Orthodox,2008 - 2019,2013,IPL 2013,PBKS,8,8.0,0.0,300.0,77.0,37.5,249.0,120.48,0.0,3.0,39.0,4.0,3,0,,,,,,,,,,,2008-06-20,2016-01-31,2008-06-24,2019-06-15,,,,
6683,Shaun Edward Marsh,1983-07-09,42y 361d,Australia,Top order Batter,Left hand Bat,Slow Left arm Orthodox,2008 - 2019,2012,IPL 2012,PBKS,13,13.0,2.0,336.0,68.0,30.54,280.0,120.0,0.0,2.0,39.0,7.0,8,0,,,,,,,,,,,2008-06-20,2016-01-31,2008-06-24,2019-06-15,,,,
6683,Shaun Edward Marsh,1983-07-09,42y 361d,Australia,Top order Batter,Left hand Bat,Slow Left arm Orthodox,2008 - 2019,2011,IPL 2011,PBKS,14,13.0,1.0,504.0,95.0,42.0,344.0,146.51,0.0,4.0,52.0,20.0,6,0,,,,,,,,,,,2008-06-20,2016-01-31,2008-06-24,2019-06-15,,,,
6683,Shaun Edward Marsh,1983-07-09,42y 361d,Australia,Top order Batter,Left hand Bat,Slow Left arm Orthodox,2008 - 2019,2009/10,IPL 2009/10,PBKS,4,4.0,1.0,147.0,88.0,49.0,114.0,128.94,0.0,2.0,14.0,6.0,1,0,,,,,,,,,,,2008-06-20,2016-01-31,2008-06-24,2019-06-15,,,,
6683,Shaun Edward Marsh,1983-07-09,42y 361d,Australia,Top order Batter,Left hand Bat,Slow Left arm Orthodox,2008 - 2019,2007/08,IPL 2007/08,PBKS,11,11.0,2.0,616.0,115.0,68.44,441.0,139.68,1.0,5.0,59.0,26.0,3,0,,,,,,,,,,,2008-06-20,2016-01-31,2008-06-24,2019-06-15,,,,
495551,Sheldon Shane Cottrell,1989-08-19,36y 320d,West Indies,Bowler,Right hand Bat,Left arm Fast medium,2013 - 2023,2020/21,IPL 2020/21,PBKS,6,1.0,0.0,0.0,0.0,0.0,2.0,0.0,0.0,0.0,0.0,0.0,0,0,6.0,8.8,120.0,2/17,2/17,29.33,20.0,0.0,0.0,0.0,2014-03-13,2023-03-28,2015-01-25,2021-07-26,2.0,17.0,2.0,17.0
717201,Shivam Sharma,1993-09-09,32y 299d,India,,Right hand Bat,Right arm Offbreak,,2015,IPL 2015,PBKS,1,,,,,,,,,,,,0,0,1.0,14.66,18.0,1/44,1/44,44.0,18.0,0.0,0.0,0.0,,,,,1.0,44.0,1.0,44.0
717201,Shivam Sharma,1993-09-09,32y 299d,India,,Right hand Bat,Right arm Offbreak,,2014,IPL 2014,PBKS,4,2.0,1.0,5.0,4.0,5.0,3.0,166.66,0.0,0.0,1.0,0.0,1,0,3.0,7.56,96.0,2/26,2/26,40.33,32.0,0.0,0.0,0.0,,,,,2.0,26.0,2.0,26.0
1380113,Shivam Singh,1995-11-25,30y 222d,India,Allrounder,Right hand Bat,Right arm Offbreak,,2024,IPL 2024,PBKS,1,1.0,1.0,2.0,2.0,,3.0,66.66,0.0,0.0,0.0,0.0,2,0,,,,,,,,,,,,,,,,,,
337916,Siddharth Dilip Chitnis,1987-05-06,39y 60d,India,Batter,Right hand Bat,Right arm Offbreak,,2012,IPL 2012,PBKS,6,4.0,1.0,66.0,38.0,22.0,62.0,106.45,0.0,0.0,7.0,1.0,1,0,,,,,,,,,,,,,,,,,,
337916,Siddharth Dilip Chitnis,1987-05-06,39y 60d,India,Batter,Right hand Bat,Right arm Offbreak,,2011,IPL 2011,PBKS,1,1.0,0.0,9.0,9.0,9.0,9.0,100.0,0.0,0.0,1.0,0.0,0,0,,,,,,,,,,,,,,,,,,
337916,Siddharth Dilip Chitnis,1987-05-06,39y 60d,India,Batter,Right hand Bat,Right arm Offbreak,,2009,IPL 2009,RR,1,1.0,0.0,6.0,6.0,6.0,8.0,75.0,0.0,0.0,1.0,0.0,0,0,,,,,,,,,,,,,,,,,,
337916,Siddharth Dilip Chitnis,1987-05-06,39y 60d,India,Batter,Right hand Bat,Right arm Offbreak,,2007/08,IPL 2007/08,MI,3,2.0,0.0,18.0,15.0,9.0,10.0,180.0,0.0,0.0,1.0,1.0,1,0,2.0,10.0,36.0,2/40,2/40,30.0,18.0,0.0,0.0,0.0,,,,,2.0,40.0,2.0,40.0
299572,Sikandar Raza Butt,1986-04-24,40y 72d,Zimbabwe,Batting Allrounder,Right hand Bat,"Right arm Offbreak, Legbreak",2013 - 2026,2024,IPL 2024,PBKS,2,2.0,0.0,43.0,28.0,21.5,38.0,113.15,0.0,0.0,2.0,2.0,0,0,0.0,11.0,12.0,,,,,0.0,0.0,0.0,2013-05-11,2026-03-01,2013-05-03,2025-08-31,,,,
299572,Sikandar Raza Butt,1986-04-24,40y 72d,Zimbabwe,Batting Allrounder,Right hand Bat,"Right arm Offbreak, Legbreak",2013 - 2026,2023,IPL 2023,PBKS,7,7.0,2.0,139.0,57.0,27.8,98.0,141.83,0.0,1.0,10.0,6.0,5,0,3.0,9.91,72.0,1/19,1/19,39.66,24.0,0.0,0.0,0.0,2013-05-11,2026-03-01,2013-05-03,2025-08-31,1.0,19.0,1.0,19.0
6128,Simon Mathew Katich,1975-08-21,50y 318d,Australia,Batter,Left hand Bat,Left arm Wrist spin,2001 - 2010,2009,IPL 2009,PBKS,9,9.0,0.0,145.0,50.0,16.11,117.0,123.93,0.0,1.0,14.0,6.0,2,0,,,,,,,,,,,2005-02-17,2006-02-24,2001-01-21,2006-09-24,,,,
6128,Simon Mathew Katich,1975-08-21,50y 318d,Australia,Batter,Left hand Bat,Left arm Wrist spin,2001 - 2010,2007/08,IPL 2007/08,PBKS,2,2.0,1.0,96.0,75.0,96.0,69.0,139.13,0.0,1.0,11.0,2.0,0,0,,,,,,,,,,,2005-02-17,2006-02-24,2001-01-21,2006-09-24,,,,
35282,Sunny Singh,1986-12-18,39y 199d,India,Batter,Right hand Bat,Right arm Medium fast,,2011,IPL 2011,PBKS,6,5.0,1.0,43.0,20.0,10.75,31.0,138.7,0.0,0.0,6.0,1.0,1,0,,,,,,,,,,,,,,,,,,
1339698,Suryansh Shedge,2003-01-29,23y 157d,India,Batting Allrounder,Right hand Bat,Right arm Medium fast,2026 - 2026,2026,IPL 2026,PBKS,7,7.0,3.0,158.0,57.0,39.5,90.0,175.55,0.0,1.0,9.0,12.0,3,0,,,,,,,,,,,2026-06-28,2024-02-02,,,,,,
1339698,Suryansh Shedge,2003-01-29,23y 157d,India,Batting Allrounder,Right hand Bat,Right arm Medium fast,2026 - 2026,2025,IPL 2025,PBKS,5,3.0,0.0,7.0,4.0,2.33,11.0,63.63,0.0,0.0,0.0,0.0,1,0,0.0,13.33,18.0,,,,,0.0,0.0,0.0,2026-06-28,2024-02-02,,,,,,
35401,Tanmay Manoj Srivastava,1989-11-07,36y 240d,India,Top order Batter,Left hand Bat,Right arm Medium,,2009,IPL 2009,PBKS,2,1.0,1.0,0.0,0.0,,1.0,0.0,0.0,0.0,0.0,0.0,0,0,,,,,,,,,,,,,,,,,,
35401,Tanmay Manoj Srivastava,1989-11-07,36y 240d,India,Top order Batter,Left hand Bat,Right arm Medium,,2007/08,IPL 2007/08,PBKS,5,2.0,1.0,8.0,7.0,8.0,10.0,80.0,0.0,0.0,0.0,0.0,2,0,,,,,,,,,,,,,,,,,,
331855,Taruwar Sushil Kohli,1988-12-17,37y 200d,India,Top order Batter,Right hand Bat,Right arm Medium,,2009,IPL 2009,PBKS,2,2.0,1.0,1.0,1.0,1.0,4.0,25.0,0.0,0.0,0.0,0.0,0,0,,,,,,,,,,,,,,,,,,
331855,Taruwar Sushil Kohli,1988-12-17,37y 200d,India,Top order Batter,Right hand Bat,Right arm Medium,,2007/08,IPL 2007/08,RR,2,2.0,0.0,10.0,7.0,5.0,15.0,66.66,0.0,0.0,0.0,1.0,1,0,,,,,,,,,,,,,,,,,,
30235,Uday Kaul,1987-12-02,38y 215d,India,Wicketkeeper,Left hand Bat,,,2007/08,IPL 2007/08,PBKS,5,1.0,1.0,0.0,0.0,,1.0,0.0,0.0,0.0,0.0,0.0,2,0,,,,,,,,,,,,,,,,,,
1155262,Vidwath Kaverappa,1999-02-25,27y 130d,India,Bowler,Right hand Bat,Right arm Fast medium,,2024,IPL 2024,PBKS,1,,,,,,,,,,,,0,0,2.0,9.0,24.0,2/36,2/36,18.0,12.0,0.0,0.0,0.0,,,,,2.0,36.0,2.0,36.0
777815,Vijaykumar Vyshak,1997-01-31,29y 155d,India,Bowler,Right hand Bat,Right arm Medium,,2026,IPL 2026,PBKS,10,2.0,2.0,2.0,1.0,,4.0,50.0,0.0,0.0,0.0,0.0,1,0,9.0,10.64,186.0,3/34,3/34,36.66,20.6,0.0,0.0,0.0,,,,,3.0,34.0,3.0,34.0
777815,Vijaykumar Vyshak,1997-01-31,29y 155d,India,Bowler,Right hand Bat,Right arm Medium,,2025,IPL 2025,PBKS,5,,,,,,,,,,,,1,0,4.0,10.64,102.0,2/44,2/44,45.25,25.5,0.0,0.0,0.0,,,,,2.0,44.0,2.0,44.0
777815,Vijaykumar Vyshak,1997-01-31,29y 155d,India,Bowler,Right hand Bat,Right arm Medium,,2024,IPL 2024,RCB,4,2.0,1.0,1.0,1.0,1.0,3.0,33.33,0.0,0.0,0.0,0.0,3,0,4.0,9.79,87.0,2/23,2/23,35.5,21.7,0.0,0.0,0.0,,,,,2.0,23.0,2.0,23.0
777815,Vijaykumar Vyshak,1997-01-31,29y 155d,India,Bowler,Right hand Bat,Right arm Medium,,2023,IPL 2023,RCB,7,2.0,1.0,13.0,13.0,13.0,9.0,144.44,0.0,0.0,0.0,1.0,1,0,9.0,10.54,144.0,3/20,3/20,28.11,16.0,0.0,0.0,0.0,,,,,3.0,20.0,3.0,20.0
35281,Vikram Raj Vir Singh,1984-09-17,41y 291d,India,,Right hand Bat,Right arm Medium fast,2006 - 2007,2009/10,IPL 2009/10,PBKS,1,,,,,,,,,,,,0,0,0.0,13.33,18.0,,,,,0.0,0.0,0.0,,,2006-04-12,2006-04-15,,,,
35281,Vikram Raj Vir Singh,1984-09-17,41y 291d,India,,Right hand Bat,Right arm Medium fast,2006 - 2007,2009,IPL 2009,PBKS,5,,,,,,,,,,,,2,0,1.0,9.11,54.0,1/22,1/22,82.0,54.0,0.0,0.0,0.0,,,2006-04-12,2006-04-15,1.0,22.0,1.0,22.0
35281,Vikram Raj Vir Singh,1984-09-17,41y 291d,India,,Right hand Bat,Right arm Medium fast,2006 - 2007,2007/08,IPL 2007/08,PBKS,13,2.0,0.0,4.0,4.0,2.0,3.0,133.33,0.0,0.0,1.0,0.0,1,0,11.0,8.75,288.0,3/29,3/29,38.18,26.1,0.0,0.0,0.0,,,2006-04-12,2006-04-15,3.0,29.0,3.0,29.0
31738,Vikramjeet Singh Malik,1983-05-09,43y 57d,India,Bowler,Right hand Bat,Right arm Medium,,2014,IPL 2014,RR,1,1.0,1.0,1.0,1.0,,2.0,50.0,0.0,0.0,0.0,0.0,1,0,1.0,9.66,18.0,1/29,1/29,29.0,18.0,0.0,0.0,0.0,,,,,1.0,29.0,1.0,29.0
31738,Vikramjeet Singh Malik,1983-05-09,43y 57d,India,Bowler,Right hand Bat,Right arm Medium,,2013,IPL 2013,RR,3,,,,,,,,,,,,0,0,2.0,5.9,60.0,2/14,2/14,29.5,30.0,0.0,0.0,0.0,,,,,2.0,14.0,2.0,14.0
31738,Vikramjeet Singh Malik,1983-05-09,43y 57d,India,Bowler,Right hand Bat,Right arm Medium,,2011,IPL 2011,PBKS,1,,,,,,,,,,,,0,0,0.0,6.5,12.0,,,,,0.0,0.0,0.0,,,,,,,,
31738,Vikramjeet Singh Malik,1983-05-09,43y 57d,India,Bowler,Right hand Bat,Right arm Medium,,2009/10,IPL 2009/10,PBKS,3,1.0,0.0,6.0,6.0,6.0,5.0,120.0,0.0,0.0,1.0,0.0,0,0,1.0,8.65,43.0,1/23,1/23,62.0,43.0,0.0,0.0,0.0,,,,,1.0,23.0,1.0,23.0
31738,Vikramjeet Singh Malik,1983-05-09,43y 57d,India,Bowler,Right hand Bat,Right arm Medium,,2009,IPL 2009,PBKS,5,,,,,,,,,,,,1,0,2.0,8.16,72.0,1/12,1/12,49.0,36.0,0.0,0.0,0.0,,,,,1.0,12.0,1.0,12.0
31041,Wilkin Arvind Mota,1981-09-20,44y 288d,India,,Right hand Bat,Right arm Medium,,2009,IPL 2009,PBKS,8,6.0,1.0,30.0,12.0,6.0,48.0,62.5,0.0,0.0,0.0,0.0,3,0,3.0,6.77,54.0,1/6,1/6,20.33,18.0,0.0,0.0,0.0,,,,,1.0,6.0,1.0,6.0
31041,Wilkin Arvind Mota,1981-09-20,44y 288d,India,,Right hand Bat,Right arm Medium,,2007/08,IPL 2007/08,PBKS,4,2.0,1.0,26.0,25.0,26.0,27.0,96.29,0.0,0.0,2.0,0.0,2,0,1.0,12.0,18.0,1/24,1/24,36.0,18.0,0.0,0.0,0.0,,,,,1.0,24.0,1.0,24.0
1050545,Xavier Colin Bartlett,1998-12-17,27y 200d,Australia,Bowler,Right hand Bat,Right arm Fast medium,2024 - 2026,2026,IPL 2026,PBKS,9,3.0,2.0,29.0,18.0,29.0,13.0,223.07,0.0,0.0,2.0,2.0,10,0,5.0,11.58,201.0,2/9,2/9,77.6,40.2,0.0,0.0,0.0,2024-02-13,2026-06-17,2024-02-02,2026-06-14,2.0,9.0,2.0,9.0
1050545,Xavier Colin Bartlett,1998-12-17,27y 200d,Australia,Bowler,Right hand Bat,Right arm Fast medium,2024 - 2026,2025,IPL 2025,PBKS,4,1.0,0.0,11.0,11.0,11.0,15.0,73.33,0.0,0.0,1.0,0.0,5,0,2.0,9.6,60.0,1/26,1/26,48.0,30.0,0.0,0.0,0.0,2024-02-13,2026-06-17,2024-02-02,2026-06-14,1.0,26.0,1.0,26.0
224367,Yusuf Adam Abdulla,1983-01-17,43y 169d,South Africa,Bowler,Left hand Bat,Left arm Fast medium,2009 - 2009,2009/10,IPL 2009/10,PBKS,2,1.0,1.0,0.0,0.0,,1.0,0.0,0.0,0.0,0.0,0.0,0,0,1.0,9.65,41.0,1/30,1/30,66.0,41.0,0.0,0.0,0.0,2009-03-29,2009-11-15,,,1.0,30.0,1.0,30.0
224367,Yusuf Adam Abdulla,1983-01-17,43y 169d,South Africa,Bowler,Left hand Bat,Left arm Fast medium,2009 - 2009,2009,IPL 2009,PBKS,9,,,,,,,,,,,,0,0,14.0,8.6,168.0,4/31,4/31,17.21,12.0,2.0,0.0,0.0,2009-03-29,2009-11-15,,,4.0,31.0,4.0,31.0
47569,Alfonso Clive Thomas,1977-02-09,49y 146d,South Africa,Bowler,Right hand Bat,Right arm Fast medium,2007 - 2007,2012,IPL 2012,PWI,4,2.0,0.0,19.0,12.0,9.5,15.0,126.66,0.0,0.0,1.0,1.0,1,0,3.0,7.78,84.0,3/22,3/22,36.33,28.0,0.0,0.0,0.0,2007-02-02,,,,3.0,22.0,3.0,22.0
47569,Alfonso Clive Thomas,1977-02-09,49y 146d,South Africa,Bowler,Right hand Bat,Right arm Fast medium,2007 - 2007,2011,IPL 2011,PWI,11,2.0,2.0,1.0,1.0,,4.0,25.0,0.0,0.0,0.0,0.0,2,0,11.0,7.71,231.0,2/23,2/23,27.0,21.0,0.0,0.0,0.0,2007-02-02,,,,2.0,23.0,2.0,23.0
31750,Anustup Prabir Majumdar,1984-04-30,42y 66d,India,,Right hand Bat,Legbreak Googly,,2012,IPL 2012,PWI,4,4.0,0.0,87.0,31.0,21.75,76.0,114.47,0.0,0.0,7.0,2.0,0,0,,,,,,,,,,,,,,,,,,
326016,Bhuvneshwar Kumar Singh,1990-02-05,36y 150d,India,Bowler,Right hand Bat,Right arm Medium,2012 - 2022,2026,IPL 2026,RCB,16,4.0,4.0,34.0,15.0,,26.0,130.76,0.0,0.0,3.0,1.0,1,0,28.0,7.95,378.0,4/23,4/23,17.89,13.5,1.0,0.0,0.0,2012-12-25,2022-11-22,2012-12-30,2022-01-21,4.0,23.0,4.0,23.0
326016,Bhuvneshwar Kumar Singh,1990-02-05,36y 150d,India,Bowler,Right hand Bat,Right arm Medium,2012 - 2022,2025,IPL 2025,RCB,14,6.0,3.0,14.0,8.0,4.66,25.0,56.0,0.0,0.0,1.0,0.0,5,0,17.0,9.28,312.0,3/33,3/33,28.41,18.3,0.0,0.0,0.0,2012-12-25,2022-11-22,2012-12-30,2022-01-21,3.0,33.0,3.0,33.0
326016,Bhuvneshwar Kumar Singh,1990-02-05,36y 150d,India,Bowler,Right hand Bat,Right arm Medium,2012 - 2022,2024,IPL 2024,SRH,16,5.0,2.0,23.0,13.0,7.66,29.0,79.31,0.0,0.0,3.0,0.0,1,0,11.0,9.35,342.0,3/41,3/41,48.45,31.0,0.0,0.0,0.0,2012-12-25,2022-11-22,2012-12-30,2022-01-21,3.0,41.0,3.0,41.0
326016,Bhuvneshwar Kumar Singh,1990-02-05,36y 150d,India,Bowler,Right hand Bat,Right arm Medium,2012 - 2022,2023,IPL 2023,SRH,14,6.0,3.0,42.0,27.0,14.0,47.0,89.36,0.0,0.0,4.0,0.0,3,0,16.0,8.33,306.0,5/30,5/30,26.56,19.1,0.0,1.0,0.0,2012-12-25,2022-11-22,2012-12-30,2022-01-21,5.0,30.0,5.0,30.0
326016,Bhuvneshwar Kumar Singh,1990-02-05,36y 150d,India,Bowler,Right hand Bat,Right arm Medium,2012 - 2022,2022,IPL 2022,SRH,14,6.0,3.0,24.0,8.0,8.0,26.0,92.3,0.0,0.0,3.0,0.0,2,0,12.0,7.34,313.0,3/22,3/22,31.91,26.0,0.0,0.0,0.0,2012-12-25,2022-11-22,2012-12-30,2022-01-21,3.0,22.0,3.0,22.0
326016,Bhuvneshwar Kumar Singh,1990-02-05,36y 150d,India,Bowler,Right hand Bat,Right arm Medium,2012 - 2022,2021,IPL 2021,SRH,11,7.0,6.0,34.0,14.0,34.0,30.0,113.33,0.0,0.0,3.0,0.0,0,0,6.0,7.97,252.0,1/16,1/16,55.83,42.0,0.0,0.0,0.0,2012-12-25,2022-11-22,2012-12-30,2022-01-21,1.0,16.0,1.0,16.0
326016,Bhuvneshwar Kumar Singh,1990-02-05,36y 150d,India,Bowler,Right hand Bat,Right arm Medium,2012 - 2022,2020/21,IPL 2020/21,SRH,4,1.0,0.0,0.0,0.0,0.0,2.0,0.0,0.0,0.0,0.0,0.0,0,0,3.0,6.98,85.0,2/25,2/25,33.0,28.3,0.0,0.0,0.0,2012-12-25,2022-11-22,2012-12-30,2022-01-21,2.0,25.0,2.0,25.0
326016,Bhuvneshwar Kumar Singh,1990-02-05,36y 150d,India,Bowler,Right hand Bat,Right arm Medium,2012 - 2022,2019,IPL 2019,SRH,15,5.0,2.0,12.0,7.0,4.0,19.0,63.15,0.0,0.0,1.0,0.0,4,0,13.0,7.81,354.0,2/24,2/24,35.46,27.2,0.0,0.0,0.0,2012-12-25,2022-11-22,2012-12-30,2022-01-21,2.0,24.0,2.0,24.0
326016,Bhuvneshwar Kumar Singh,1990-02-05,36y 150d,India,Bowler,Right hand Bat,Right arm Medium,2012 - 2022,2018,IPL 2018,SRH,12,4.0,2.0,13.0,7.0,6.5,16.0,81.25,0.0,0.0,1.0,0.0,2,0,9.0,7.66,277.0,3/26,3/26,39.33,30.7,0.0,0.0,0.0,2012-12-25,2022-11-22,2012-12-30,2022-01-21,3.0,26.0,3.0,26.0
326016,Bhuvneshwar Kumar Singh,1990-02-05,36y 150d,India,Bowler,Right hand Bat,Right arm Medium,2012 - 2022,2017,IPL 2017,SRH,14,2.0,1.0,4.0,4.0,4.0,4.0,100.0,0.0,0.0,0.0,0.0,4,0,26.0,7.05,314.0,5/19,5/19,14.19,12.0,0.0,1.0,0.0,2012-12-25,2022-11-22,2012-12-30,2022-01-21,5.0,19.0,5.0,19.0
326016,Bhuvneshwar Kumar Singh,1990-02-05,36y 150d,India,Bowler,Right hand Bat,Right arm Medium,2012 - 2022,2016,IPL 2016,SRH,17,8.0,2.0,43.0,21.0,7.16,27.0,159.25,0.0,0.0,6.0,1.0,6,0,23.0,7.42,396.0,4/29,4/29,21.3,17.2,1.0,0.0,0.0,2012-12-25,2022-11-22,2012-12-30,2022-01-21,4.0,29.0,4.0,29.0
326016,Bhuvneshwar Kumar Singh,1990-02-05,36y 150d,India,Bowler,Right hand Bat,Right arm Medium,2012 - 2022,2015,IPL 2015,SRH,14,3.0,2.0,17.0,11.0,17.0,10.0,170.0,0.0,0.0,2.0,1.0,5,0,18.0,7.87,310.0,3/26,3/26,22.61,17.2,0.0,0.0,0.0,2012-12-25,2022-11-22,2012-12-30,2022-01-21,3.0,26.0,3.0,26.0
326016,Bhuvneshwar Kumar Singh,1990-02-05,36y 150d,India,Bowler,Right hand Bat,Right arm Medium,2012 - 2022,2014,IPL 2014,SRH,14,2.0,1.0,1.0,1.0,1.0,4.0,25.0,0.0,0.0,0.0,0.0,2,0,20.0,6.65,319.0,4/14,4/14,17.7,15.9,1.0,0.0,0.0,2012-12-25,2022-11-22,2012-12-30,2022-01-21,4.0,14.0,4.0,14.0
326016,Bhuvneshwar Kumar Singh,1990-02-05,36y 150d,India,Bowler,Right hand Bat,Right arm Medium,2012 - 2022,2013,IPL 2013,PWI,16,9.0,2.0,52.0,24.0,7.42,71.0,73.23,0.0,0.0,3.0,1.0,2,0,13.0,6.5,342.0,3/18,3/18,28.53,26.3,0.0,0.0,0.0,2012-12-25,2022-11-22,2012-12-30,2022-01-21,3.0,18.0,3.0,18.0
326016,Bhuvneshwar Kumar Singh,1990-02-05,36y 150d,India,Bowler,Right hand Bat,Right arm Medium,2012 - 2022,2012,IPL 2012,PWI,11,9.0,6.0,40.0,11.0,13.33,40.0,100.0,0.0,0.0,4.0,0.0,0,0,8.0,7.2,234.0,2/9,2/9,35.12,29.2,0.0,0.0,0.0,2012-12-25,2022-11-22,2012-12-30,2022-01-21,2.0,9.0,2.0,9.0
326016,Bhuvneshwar Kumar Singh,1990-02-05,36y 150d,India,Bowler,Right hand Bat,Right arm Medium,2012 - 2022,2011,IPL 2011,PWI,4,1.0,1.0,1.0,1.0,,1.0,100.0,0.0,0.0,0.0,0.0,2,0,3.0,6.09,66.0,2/14,2/14,22.33,22.0,0.0,0.0,0.0,2012-12-25,2022-11-22,2012-12-30,2022-01-21,2.0,14.0,2.0,14.0
5236,Callum James Ferguson,1984-11-21,41y 226d,Australia,Middle order Batter,Right hand Bat,Right arm Medium,2009 - 2016,2012,IPL 2012,PWI,4,4.0,0.0,50.0,23.0,12.5,63.0,79.36,0.0,0.0,3.0,0.0,1,0,,,,,,,,,,,2009-02-15,2009-05-07,2009-02-06,2011-04-13,,,,
5236,Callum James Ferguson,1984-11-21,41y 226d,Australia,Middle order Batter,Right hand Bat,Right arm Medium,2009 - 2016,2011,IPL 2011,PWI,5,4.0,2.0,48.0,16.0,24.0,54.0,88.88,0.0,0.0,6.0,0.0,1,0,,,,,,,,,,,2009-02-15,2009-05-07,2009-02-06,2011-04-13,,,,
47270,Graeme Craig Smith,1981-02-01,45y 154d,South Africa,Opening Batter,Left hand Bat,Right arm Offbreak,2002 - 2014,2011,IPL 2011,PWI,4,4.0,0.0,42.0,24.0,10.5,51.0,82.35,0.0,0.0,6.0,0.0,1,0,,,,,,,,,,,2005-10-21,2011-10-16,2002-03-30,2013-11-27,,,,
47270,Graeme Craig Smith,1981-02-01,45y 154d,South Africa,Opening Batter,Left hand Bat,Right arm Offbreak,2002 - 2014,2009/10,IPL 2009/10,RR,2,2.0,0.0,44.0,26.0,22.0,39.0,112.82,0.0,0.0,7.0,0.0,2,0,,,,,,,,,,,2005-10-21,2011-10-16,2002-03-30,2013-11-27,,,,
47270,Graeme Craig Smith,1981-02-01,45y 154d,South Africa,Opening Batter,Left hand Bat,Right arm Offbreak,2002 - 2014,2009,IPL 2009,RR,12,12.0,1.0,212.0,77.0,19.27,216.0,98.14,0.0,1.0,27.0,1.0,2,0,,,,,,,,,,,2005-10-21,2011-10-16,2002-03-30,2013-11-27,,,,
47270,Graeme Craig Smith,1981-02-01,45y 154d,South Africa,Opening Batter,Left hand Bat,Right arm Offbreak,2002 - 2014,2007/08,IPL 2007/08,RR,11,11.0,2.0,441.0,91.0,49.0,362.0,121.82,0.0,3.0,54.0,8.0,2,0,,,,,,,,,,,2005-10-21,2011-10-16,2002-03-30,2013-11-27,,,,
53191,Jerome Everton Taylor,1984-06-22,42y 13d,West Indies,Bowler,Right hand Bat,Right arm Fast,2003 - 2018,2011,IPL 2011,PWI,5,2.0,1.0,3.0,2.0,3.0,3.0,100.0,0.0,0.0,0.0,0.0,0,0,6.0,8.05,117.0,3/30,3/30,26.16,19.5,0.0,0.0,0.0,2006-02-16,2018-01-03,2003-06-11,2017-09-29,3.0,30.0,3.0,30.0
38373,Jesse Daniel Ryder,1984-08-06,41y 333d,New Zealand,Allrounder,Left hand Bat,Right arm Medium,2008 - 2014,2012,IPL 2012,PWI,11,11.0,1.0,256.0,86.0,25.6,212.0,120.75,0.0,2.0,23.0,8.0,4,0,1.0,10.0,42.0,1/25,1/25,70.0,42.0,0.0,0.0,0.0,2008-02-05,2014-01-15,2008-02-09,2014-01-31,1.0,25.0,1.0,25.0
38373,Jesse Daniel Ryder,1984-08-06,41y 333d,New Zealand,Allrounder,Left hand Bat,Right arm Medium,2008 - 2014,2011,IPL 2011,PWI,13,13.0,0.0,292.0,60.0,22.46,197.0,148.22,0.0,2.0,37.0,11.0,4,0,4.0,7.69,92.0,1/8,1/8,29.5,23.0,0.0,0.0,0.0,2008-02-05,2014-01-15,2008-02-09,2014-01-31,1.0,8.0,1.0,8.0
38373,Jesse Daniel Ryder,1984-08-06,41y 333d,New Zealand,Allrounder,Left hand Bat,Right arm Medium,2008 - 2014,2009,IPL 2009,RCB,5,5.0,0.0,56.0,32.0,11.2,49.0,114.28,0.0,0.0,9.0,0.0,2,0,3.0,6.76,102.0,2/14,2/14,38.33,34.0,0.0,0.0,0.0,2008-02-05,2014-01-15,2008-02-09,2014-01-31,2.0,14.0,2.0,14.0
391121,Kamran Khan,1991-03-10,35y 117d,India,Bowler,Left hand Bat,Left arm Medium fast,,2011,IPL 2011,PWI,1,,,,,,,,,,,,0,0,0.0,15.66,18.0,,,,,0.0,0.0,0.0,,,,,,,,
391121,Kamran Khan,1991-03-10,35y 117d,India,Bowler,Left hand Bat,Left arm Medium fast,,2009/10,IPL 2009/10,RR,3,1.0,1.0,0.0,0.0,,0.0,,0.0,0.0,0.0,0.0,0,0,3.0,8.83,36.0,2/13,2/13,17.66,12.0,0.0,0.0,0.0,,,,,2.0,13.0,2.0,13.0
391121,Kamran Khan,1991-03-10,35y 117d,India,Bowler,Left hand Bat,Left arm Medium fast,,2009,IPL 2009,RR,5,1.0,0.0,3.0,3.0,3.0,5.0,60.0,0.0,0.0,0.0,0.0,4,0,6.0,7.01,106.0,3/18,3/18,20.66,17.6,0.0,0.0,0.0,,,,,3.0,18.0,3.0,18.0
272262,Kane William Richardson,1991-02-12,35y 143d,Australia,Bowler,Right hand Bat,Right arm Fast medium,2013 - 2023,2021,IPL 2021,RCB,1,,,,,,,,,,,,1,0,1.0,9.66,18.0,1/29,1/29,29.0,18.0,0.0,0.0,0.0,2014-10-05,2023-11-28,2013-01-13,2020-03-07,1.0,29.0,1.0,29.0
272262,Kane William Richardson,1991-02-12,35y 143d,Australia,Bowler,Right hand Bat,Right arm Fast medium,2013 - 2023,2016,IPL 2016,RCB,4,1.0,1.0,1.0,1.0,,1.0,100.0,0.0,0.0,0.0,0.0,2,0,7.0,9.71,84.0,3/13,3/13,19.42,12.0,0.0,0.0,0.0,2014-10-05,2023-11-28,2013-01-13,2020-03-07,3.0,13.0,3.0,13.0
272262,Kane William Richardson,1991-02-12,35y 143d,Australia,Bowler,Right hand Bat,Right arm Fast medium,2013 - 2023,2014,IPL 2014,RR,7,1.0,0.0,1.0,1.0,1.0,2.0,50.0,0.0,0.0,0.0,0.0,3,0,9.0,7.62,162.0,2/18,2/18,22.88,18.0,0.0,0.0,0.0,2014-10-05,2023-11-28,2013-01-13,2020-03-07,2.0,18.0,2.0,18.0
272262,Kane William Richardson,1991-02-12,35y 143d,Australia,Bowler,Right hand Bat,Right arm Fast medium,2013 - 2023,2013,IPL 2013,PWI,3,2.0,0.0,34.0,26.0,17.0,36.0,94.44,0.0,0.0,2.0,1.0,0,0,2.0,8.53,71.0,1/28,1/28,50.5,35.5,0.0,0.0,0.0,2014-10-05,2023-11-28,2013-01-13,2020-03-07,1.0,28.0,1.0,28.0
431876,Krishnakant Upadhyay,1986-06-18,40y 17d,India,,Right hand Bat,Right arm Medium,,2013,IPL 2013,PWI,2,1.0,1.0,1.0,1.0,,1.0,100.0,0.0,0.0,0.0,0.0,1,0,0.0,9.6,30.0,,,,,0.0,0.0,0.0,,,,,,,,
431876,Krishnakant Upadhyay,1986-06-18,40y 17d,India,,Right hand Bat,Right arm Medium,,2012,IPL 2012,PWI,1,1.0,1.0,11.0,11.0,,8.0,137.5,0.0,0.0,0.0,1.0,0,0,0.0,8.25,24.0,,,,,0.0,0.0,0.0,,,,,,,,
23460,Luke James Wright,1985-03-07,41y 120d,England,Top order Batter,Right hand Bat,Right arm Medium,2007 - 2014,2013,IPL 2013,PWI,6,6.0,1.0,106.0,44.0,21.2,60.0,176.66,0.0,0.0,16.0,3.0,2,0,2.0,10.16,59.0,1/12,1/12,50.0,29.5,0.0,0.0,0.0,2007-09-13,2014-03-11,2007-09-05,2014-03-02,1.0,12.0,1.0,12.0
23460,Luke James Wright,1985-03-07,41y 120d,England,Top order Batter,Right hand Bat,Right arm Medium,2007 - 2014,2012,IPL 2012,PWI,1,,,,,,,,,,,,0,0,0.0,12.0,12.0,,,,,0.0,0.0,0.0,2007-09-13,2014-03-11,2007-09-05,2014-03-02,,,,
33440,Mahesh Rawat,1985-10-25,40y 253d,India,Wicketkeeper Batter,Right hand Bat,,,2013,IPL 2013,PWI,2,2.0,1.0,5.0,5.0,5.0,11.0,45.45,0.0,0.0,0.0,0.0,1,1,,,,,,,,,,,,,,,,,,
33440,Mahesh Rawat,1985-10-25,40y 253d,India,Wicketkeeper Batter,Right hand Bat,,,2009,IPL 2009,RR,5,3.0,3.0,16.0,8.0,,19.0,84.21,0.0,0.0,1.0,0.0,6,1,,,,,,,,,,,,,,,,,,
33440,Mahesh Rawat,1985-10-25,40y 253d,India,Wicketkeeper Batter,Right hand Bat,,,2007/08,IPL 2007/08,RR,11,7.0,3.0,34.0,23.0,8.5,39.0,87.17,0.0,0.0,3.0,1.0,9,0,,,,,,,,,,,,,,,,,,
4578,Michael John Clarke,1981-04-02,45y 94d,Australia,Middle order Batter,Right hand Bat,Slow Left arm Orthodox,2003 - 2015,2012,IPL 2012,PWI,6,6.0,0.0,98.0,41.0,16.33,94.0,104.25,0.0,0.0,12.0,0.0,1,0,2.0,6.09,66.0,1/12,1/12,33.5,33.0,0.0,0.0,0.0,2005-02-17,2010-10-31,2003-01-19,2015-03-29,1.0,12.0,1.0,12.0
37749,Nathan Leslie McCullum,1980-09-01,45y 307d,New Zealand,Bowler,Right hand Bat,Right arm Offbreak,2007 - 2016,2011,IPL 2011,PWI,2,2.0,1.0,26.0,15.0,26.0,22.0,118.18,0.0,0.0,0.0,1.0,1,0,0.0,6.8,30.0,,,,,0.0,0.0,0.0,2007-09-19,2016-03-26,2009-09-08,2015-08-19,,,,
378496,Parvez Ghulam Rasool Zargar,1989-02-13,37y 142d,India,Bowling Allrounder,Right hand Bat,Right arm Offbreak,2014 - 2017,2016,IPL 2016,RCB,4,1.0,0.0,10.0,10.0,10.0,9.0,111.11,0.0,0.0,1.0,0.0,2,0,1.0,9.21,84.0,1/31,1/31,129.0,84.0,0.0,0.0,0.0,2014-06-15,2017-01-26,2014-06-15,2017-01-26,1.0,31.0,1.0,31.0
378496,Parvez Ghulam Rasool Zargar,1989-02-13,37y 142d,India,Bowling Allrounder,Right hand Bat,Right arm Offbreak,2014 - 2017,2015,IPL 2015,SRH,2,1.0,1.0,2.0,2.0,,2.0,100.0,0.0,0.0,0.0,0.0,0,0,1.0,6.2,30.0,1/20,1/20,31.0,30.0,0.0,0.0,0.0,2014-06-15,2017-01-26,2014-06-15,2017-01-26,1.0,20.0,1.0,20.0
378496,Parvez Ghulam Rasool Zargar,1989-02-13,37y 142d,India,Bowling Allrounder,Right hand Bat,Right arm Offbreak,2014 - 2017,2014,IPL 2014,SRH,3,1.0,1.0,0.0,0.0,,0.0,,0.0,0.0,0.0,0.0,1,0,1.0,9.22,54.0,1/26,1/26,83.0,54.0,0.0,0.0,0.0,2014-06-15,2017-01-26,2014-06-15,2017-01-26,1.0,26.0,1.0,26.0
378496,Parvez Ghulam Rasool Zargar,1989-02-13,37y 142d,India,Bowling Allrounder,Right hand Bat,Right arm Offbreak,2014 - 2017,2013,IPL 2013,PWI,2,2.0,1.0,5.0,4.0,5.0,9.0,55.55,0.0,0.0,0.0,0.0,0,0,1.0,5.6,30.0,1/23,1/23,28.0,30.0,0.0,0.0,0.0,2014-06-15,2017-01-26,2014-06-15,2017-01-26,1.0,23.0,1.0,23.0
33757,Sachin Rana,1984-09-18,41y 290d,India,Bowler,Right hand Bat,Right arm Medium fast,,2014,IPL 2014,RCB,9,7.0,4.0,73.0,19.0,24.33,65.0,112.3,0.0,0.0,7.0,1.0,3,0,0.0,8.0,12.0,,,,,0.0,0.0,0.0,,,,,,,,
33757,Sachin Rana,1984-09-18,41y 290d,India,Bowler,Right hand Bat,Right arm Medium fast,,2011,IPL 2011,PWI,2,1.0,0.0,18.0,18.0,18.0,16.0,112.5,0.0,0.0,2.0,0.0,0,0,0.0,3.0,4.0,,,,,0.0,0.0,0.0,,,,,,,,
279862,Shrikant Shrihari Mundhe,1988-10-27,37y 251d,India,Allrounder,Right hand Bat,Right arm Medium,,2011,IPL 2011,PWI,1,,,,,,,,,,,,0,0,1.0,6.0,6.0,1/6,1/6,6.0,6.0,0.0,0.0,0.0,,,,,1.0,6.0,1.0,6.0
279552,Shrikant Bhaskar Wagh,1988-10-09,37y 269d,India,Allrounder,Left hand Bat,Left arm Medium fast,,2011,IPL 2011,PWI,7,2.0,0.0,2.0,2.0,1.0,3.0,66.66,0.0,0.0,0.0,0.0,1,0,4.0,7.56,96.0,3/16,3/16,30.25,24.0,0.0,0.0,0.0,,,,,3.0,16.0,3.0,16.0
279552,Shrikant Bhaskar Wagh,1988-10-09,37y 269d,India,Allrounder,Left hand Bat,Left arm Medium fast,,2009/10,IPL 2009/10,RR,1,,,,,,,,,,,,0,0,1.0,16.0,6.0,1/16,1/16,16.0,6.0,0.0,0.0,0.0,,,,,1.0,16.0,1.0,16.0
7252,Timothy David Paine,1984-12-08,41y 209d,Australia,Wicketkeeper Batter,Right hand Bat,Right arm Medium,2009 - 2021,2011,IPL 2011,PWI,2,2.0,0.0,10.0,8.0,5.0,26.0,38.46,0.0,0.0,0.0,0.0,0,0,,,,,,,,,,,2009-08-30,2017-10-10,2009-08-28,2018-06-24,,,,
262533,Udit Alok Birla,1989-11-17,36y 230d,India,,Right hand Bat,Right arm Medium,,2013,IPL 2013,PWI,2,1.0,0.0,7.0,7.0,7.0,14.0,50.0,0.0,0.0,1.0,0.0,1,0,,,,,,,,,,,,,,,,,,
56283,Abdur Razzak,1982-06-15,44y 22d,Bangladesh,Bowler,Left hand Bat,Slow Left arm Orthodox,2004 - 2018,2007/08,IPL 2007/08,RCB,1,1.0,1.0,0.0,0.0,,2.0,0.0,0.0,0.0,0.0,0.0,0,0,0.0,14.5,12.0,,,,,0.0,0.0,0.0,2006-11-28,2014-08-27,2004-07-16,2014-08-25,,,,
310958,Abhimanyu Mithun,1989-10-25,36y 255d,India,Bowler,Right hand Bat,Right arm Medium,2010 - 2011,2013,IPL 2013,RCB,1,1.0,0.0,2.0,2.0,2.0,2.0,100.0,0.0,0.0,0.0,0.0,0,0,1.0,9.25,24.0,1/37,1/37,37.0,24.0,0.0,0.0,0.0,,,2010-02-27,2011-12-11,1.0,37.0,1.0,37.0
310958,Abhimanyu Mithun,1989-10-25,36y 255d,India,Bowler,Right hand Bat,Right arm Medium,2010 - 2011,2012,IPL 2012,RCB,1,,,,,,,,,,,,0,0,0.0,11.0,18.0,,,,,0.0,0.0,0.0,,,2010-02-27,2011-12-11,,,,
310958,Abhimanyu Mithun,1989-10-25,36y 255d,India,Bowler,Right hand Bat,Right arm Medium,2010 - 2011,2011,IPL 2011,RCB,12,6.0,3.0,27.0,11.0,9.0,20.0,135.0,0.0,0.0,3.0,1.0,7,0,5.0,9.44,204.0,2/37,2/37,64.2,40.8,0.0,0.0,0.0,,,2010-02-27,2011-12-11,2.0,37.0,2.0,37.0
310958,Abhimanyu Mithun,1989-10-25,36y 255d,India,Bowler,Right hand Bat,Right arm Medium,2010 - 2011,2009/10,IPL 2009/10,RCB,1,1.0,0.0,5.0,5.0,5.0,4.0,125.0,0.0,0.0,1.0,0.0,0,0,1.0,13.0,18.0,1/39,1/39,39.0,18.0,0.0,0.0,0.0,,,2010-02-27,2011-12-11,1.0,39.0,1.0,39.0
310958,Abhimanyu Mithun,1989-10-25,36y 255d,India,Bowler,Right hand Bat,Right arm Medium,2010 - 2011,2009,IPL 2009,RCB,1,,,,,,,,,,,,0,0,0.0,10.5,24.0,,,,,0.0,0.0,0.0,,,2010-02-27,2011-12-11,,,,
1449085,Abhinandan Singh,1997-03-30,29y 99d,India,Bowler,Right hand Bat,Right arm Medium fast,,2026,IPL 2026,RCB,3,,,,,,,,,,,,2,0,3.0,12.62,58.0,2/30,2/30,40.66,19.3,0.0,0.0,0.0,,,,,2.0,30.0,2.0,30.0
422106,Abrar Anjum Kazi,1989-09-29,36y 281d,India,Bowler,Left hand Bat,Slow Left arm Orthodox,,2011,IPL 2011,RCB,1,,,,,,,,,,,,0,0,0.0,10.5,12.0,,,,,0.0,0.0,0.0,,,,,,,,
379504,Adam Zampa,1992-03-31,34y 99d,Australia,Bowler,Right hand Bat,Legbreak Googly,2016 - 2026,2025,IPL 2025,SRH,2,,,,,,,,,,,,0,0,2.0,11.75,48.0,1/46,1/46,47.0,24.0,0.0,0.0,0.0,2016-03-04,2026-06-21,2016-02-06,2026-06-14,1.0,46.0,1.0,46.0
379504,Adam Zampa,1992-03-31,34y 99d,Australia,Bowler,Right hand Bat,Legbreak Googly,2016 - 2026,2023,IPL 2023,RR,6,3.0,0.0,10.0,7.0,3.33,16.0,62.5,0.0,0.0,0.0,0.0,0,0,8.0,8.54,132.0,3/22,3/22,23.5,16.5,0.0,0.0,0.0,2016-03-04,2026-06-21,2016-02-06,2026-06-14,3.0,22.0,3.0,22.0
379504,Adam Zampa,1992-03-31,34y 99d,Australia,Bowler,Right hand Bat,Legbreak Googly,2016 - 2026,2020/21,IPL 2020/21,RCB,3,,,,,,,,,,,,1,0,2.0,8.36,66.0,1/12,1/12,46.0,33.0,0.0,0.0,0.0,2016-03-04,2026-06-21,2016-02-06,2026-06-14,1.0,12.0,1.0,12.0
379504,Adam Zampa,1992-03-31,34y 99d,Australia,Bowler,Right hand Bat,Legbreak Googly,2016 - 2026,2017,IPL 2017,RPS,6,1.0,0.0,5.0,5.0,5.0,7.0,71.42,0.0,0.0,1.0,0.0,0,0,7.0,8.21,119.0,2/22,2/22,23.28,17.0,0.0,0.0,0.0,2016-03-04,2026-06-21,2016-02-06,2026-06-14,2.0,22.0,2.0,22.0
379504,Adam Zampa,1992-03-31,34y 99d,Australia,Bowler,Right hand Bat,Legbreak Googly,2016 - 2026,2016,IPL 2016,RPS,5,1.0,0.0,0.0,0.0,0.0,1.0,0.0,0.0,0.0,0.0,0.0,0,0,12.0,6.76,102.0,6/19,6/19,9.58,8.5,0.0,1.0,0.0,2016-03-04,2026-06-21,2016-02-06,2026-06-14,6.0,19.0,6.0,19.0
527299,Aniket Vinod Choudhary,1990-01-28,36y 160d,India,Bowler,Right hand Bat,Left arm Medium,,2017,IPL 2017,RCB,5,3.0,2.0,25.0,15.0,25.0,20.0,125.0,0.0,0.0,1.0,1.0,0,0,5.0,8.55,101.0,2/17,2/17,28.8,20.2,0.0,0.0,0.0,,,,,2.0,17.0,2.0,17.0
30176,Anil Kumble,1970-10-17,55y 263d,India,Bowler,Right hand Bat,Legbreak Googly,1990 - 2008,2009/10,IPL 2009/10,RCB,16,5.0,5.0,6.0,2.0,,11.0,54.54,0.0,0.0,0.0,0.0,3,0,17.0,6.42,380.0,4/16,4/16,23.94,22.3,1.0,0.0,0.0,,,1990-04-25,2007-03-19,4.0,16.0,4.0,16.0
30176,Anil Kumble,1970-10-17,55y 263d,India,Bowler,Right hand Bat,Legbreak Googly,1990 - 2008,2009,IPL 2009,RCB,16,7.0,6.0,16.0,7.0,16.0,19.0,84.21,0.0,0.0,2.0,0.0,3,0,21.0,5.86,355.0,5/5,5/5,16.52,16.9,1.0,1.0,0.0,,,1990-04-25,2007-03-19,5.0,5.0,5.0,5.0
30176,Anil Kumble,1970-10-17,55y 263d,India,Bowler,Right hand Bat,Legbreak Googly,1990 - 2008,2007/08,IPL 2007/08,RCB,10,5.0,3.0,13.0,8.0,6.5,17.0,76.47,0.0,0.0,1.0,0.0,4,0,7.0,7.93,230.0,3/14,3/14,43.42,32.8,0.0,0.0,0.0,,,1990-04-25,2007-03-19,3.0,14.0,3.0,14.0
1123073,Anuj Rawat,1999-10-17,26y 263d,India,Wicketkeeper Batter,Left hand Bat,,,2024,IPL 2024,RCB,5,5.0,1.0,98.0,48.0,24.5,77.0,127.27,0.0,0.0,10.0,3.0,5,0,,,,,,,,,,,,,,,,,,
1123073,Anuj Rawat,1999-10-17,26y 263d,India,Wicketkeeper Batter,Left hand Bat,,,2023,IPL 2023,RCB,9,7.0,4.0,91.0,29.0,30.33,71.0,128.16,0.0,0.0,6.0,4.0,3,0,,,,,,,,,,,,,,,,,,
1123073,Anuj Rawat,1999-10-17,26y 263d,India,Wicketkeeper Batter,Left hand Bat,,,2022,IPL 2022,RCB,8,8.0,0.0,129.0,66.0,16.12,118.0,109.32,0.0,1.0,10.0,7.0,5,0,,,,,,,,,,,,,,,,,,
1123073,Anuj Rawat,1999-10-17,26y 263d,India,Wicketkeeper Batter,Left hand Bat,,,2021,IPL 2021,RR,2,1.0,0.0,0.0,0.0,0.0,1.0,0.0,0.0,0.0,0.0,0.0,3,0,,,,,,,,,,,,,,,,,,
430401,Asad Ullah Khan Pathan,1984-06-17,42y 20d,India,Bowler,Right hand Bat,Right arm Medium,,2012,IPL 2012,RCB,2,2.0,1.0,6.0,4.0,6.0,7.0,85.71,0.0,0.0,0.0,0.0,0,0,0.0,14.0,6.0,,,,,0.0,0.0,0.0,,,,,,,,
430401,Asad Ullah Khan Pathan,1984-06-17,42y 20d,India,Bowler,Right hand Bat,Right arm Medium,,2011,IPL 2011,RCB,6,5.0,1.0,33.0,14.0,8.25,16.0,206.25,0.0,0.0,5.0,2.0,2,0,0.0,8.9,33.0,,,,,0.0,0.0,0.0,,,,,,,,
6938,Ashley Allan Noffke,1977-04-30,49y 68d,Australia,Allrounder,Right hand Bat,Right arm Fast medium,2007 - 2008,2007/08,IPL 2007/08,RCB,1,1.0,0.0,9.0,9.0,9.0,10.0,90.0,0.0,0.0,1.0,0.0,0,0,1.0,10.0,24.0,1/40,1/40,40.0,24.0,0.0,0.0,0.0,2007-12-11,2008-02-01,2008-02-03,2007-12-11,1.0,40.0,1.0,40.0
533042,Billy James Stanlake,1994-11-04,31y 246d,Australia,Bowler,Left hand Bat,Right arm Fast,2017 - 2026,2018,IPL 2018,SRH,4,1.0,1.0,5.0,5.0,,2.0,250.0,0.0,0.0,1.0,0.0,0,0,5.0,8.12,96.0,2/21,2/21,26.0,19.2,0.0,0.0,0.0,2017-02-17,2019-11-08,2017-01-13,2026-05-30,2.0,21.0,2.0,21.0
533042,Billy James Stanlake,1994-11-04,31y 246d,Australia,Bowler,Left hand Bat,Right arm Fast,2017 - 2026,2017,IPL 2017,RCB,2,,,,,,,,,,,,1,0,2.0,8.75,48.0,2/29,2/29,35.0,24.0,0.0,0.0,0.0,2017-02-17,2019-11-08,2017-01-13,2026-05-30,2.0,29.0,2.0,29.0
53115,Daren Julius Garvey Sammy,1983-12-20,42y 200d,West Indies,Allrounder,Right hand Bat,Right arm Medium,2004 - 2017,2015,IPL 2015,RCB,2,2.0,0.0,13.0,7.0,6.5,18.0,72.22,0.0,0.0,0.0,0.0,1,0,0.0,8.33,18.0,,,,,0.0,0.0,0.0,2007-06-28,2017-09-15,2004-07-08,2015-03-21,,,,
53115,Daren Julius Garvey Sammy,1983-12-20,42y 200d,West Indies,Allrounder,Right hand Bat,Right arm Medium,2004 - 2017,2014,IPL 2014,SRH,10,9.0,2.0,108.0,29.0,15.42,91.0,118.68,0.0,0.0,4.0,8.0,5,0,3.0,11.21,84.0,1/20,1/20,52.33,28.0,0.0,0.0,0.0,2007-06-28,2017-09-15,2004-07-08,2015-03-21,1.0,20.0,1.0,20.0
53115,Daren Julius Garvey Sammy,1983-12-20,42y 200d,West Indies,Allrounder,Right hand Bat,Right arm Medium,2004 - 2017,2013,IPL 2013,SRH,10,9.0,3.0,174.0,60.0,29.0,132.0,131.81,0.0,1.0,11.0,10.0,3,0,8.0,7.52,134.0,4/22,4/22,21.0,16.7,1.0,0.0,0.0,2007-06-28,2017-09-15,2004-07-08,2015-03-21,4.0,22.0,4.0,22.0
32389,Devraj Thyagaraj Patil,1984-12-06,41y 213d,India,,Right hand Bat,,,2007/08,IPL 2007/08,RCB,2,2.0,0.0,13.0,9.0,6.5,13.0,100.0,0.0,0.0,1.0,0.0,2,0,,,,,,,,,,,,,,,,,,
44938,Dillon du Preez,1981-11-08,44y 241d,South Africa,,Right hand Bat,Right arm Fast medium,,2009,IPL 2009,RCB,2,1.0,0.0,10.0,10.0,10.0,13.0,76.92,0.0,0.0,0.0,0.0,0,0,4.0,8.0,42.0,3/32,3/32,14.0,10.5,0.0,0.0,0.0,,,,,3.0,32.0,3.0,32.0
643433,George Henry Simmons Garton,1997-04-15,29y 83d,England,Bowling Allrounder,Left hand Bat,Left arm Fast,2022 - 2022,2021,IPL 2021,RCB,5,3.0,2.0,2.0,2.0,2.0,4.0,50.0,0.0,0.0,0.0,0.0,1,0,3.0,9.0,90.0,1/27,1/27,45.0,30.0,0.0,0.0,0.0,2022-01-26,2016-04-05,,,1.0,27.0,1.0,27.0
436757,Heinrich Klaasen,1991-07-30,34y 342d,South Africa,Wicketkeeper Batter,Right hand Bat,Right arm Offbreak,2018 - 2025,2026,IPL 2026,SRH,15,15.0,2.0,624.0,69.0,48.0,390.0,160.0,0.0,6.0,48.0,31.0,13,0,,,,,,,,,,,2018-02-18,2024-12-13,2018-02-07,2025-03-05,,,,
436757,Heinrich Klaasen,1991-07-30,34y 342d,South Africa,Wicketkeeper Batter,Right hand Bat,Right arm Offbreak,2018 - 2025,2025,IPL 2025,SRH,14,13.0,2.0,487.0,105.0,44.27,282.0,172.69,1.0,1.0,42.0,25.0,7,0,,,,,,,,,,,2018-02-18,2024-12-13,2018-02-07,2025-03-05,,,,
436757,Heinrich Klaasen,1991-07-30,34y 342d,South Africa,Wicketkeeper Batter,Right hand Bat,Right arm Offbreak,2018 - 2025,2024,IPL 2024,SRH,16,15.0,3.0,479.0,80.0,39.91,280.0,171.07,0.0,4.0,19.0,38.0,8,2,,,,,,,,,,,2018-02-18,2024-12-13,2018-02-07,2025-03-05,,,,
436757,Heinrich Klaasen,1991-07-30,34y 342d,South Africa,Wicketkeeper Batter,Right hand Bat,Right arm Offbreak,2018 - 2025,2023,IPL 2023,SRH,12,11.0,2.0,448.0,104.0,49.77,253.0,177.07,1.0,2.0,32.0,25.0,3,1,,,,,,,,,,,2018-02-18,2024-12-13,2018-02-07,2025-03-05,,,,
436757,Heinrich Klaasen,1991-07-30,34y 342d,South Africa,Wicketkeeper Batter,Right hand Bat,Right arm Offbreak,2018 - 2025,2019,IPL 2019,RCB,3,2.0,0.0,9.0,6.0,4.5,10.0,90.0,0.0,0.0,0.0,0.0,0,0,,,,,,,,,,,2018-02-18,2024-12-13,2018-02-07,2025-03-05,,,,
436757,Heinrich Klaasen,1991-07-30,34y 342d,South Africa,Wicketkeeper Batter,Right hand Bat,Right arm Offbreak,2018 - 2025,2018,IPL 2018,RR,4,4.0,1.0,57.0,32.0,19.0,47.0,121.27,0.0,0.0,5.0,1.0,3,4,,,,,,,,,,,2018-02-18,2024-12-13,2018-02-07,2025-03-05,,,,
1350761,Himanshu Sharma,1998-06-06,28y 32d,India,Bowler,Right hand Bat,Legbreak,,2024,IPL 2024,RCB,1,,,,,,,,,,,,0,0,0.0,14.5,12.0,,,,,0.0,0.0,0.0,,,,,,,,
1350761,Himanshu Sharma,1998-06-06,28y 32d,India,Bowler,Right hand Bat,Legbreak,,2023,IPL 2023,RCB,1,,,,,,,,,,,,0,0,0.0,9.33,18.0,,,,,0.0,0.0,0.0,,,,,,,,
328026,Isuru Udana Tillakaratna,1988-02-17,38y 141d,Sri Lanka,Allrounder,Right hand Bat,Left arm Medium fast,2009 - 2021,2020/21,IPL 2020/21,RCB,10,4.0,1.0,15.0,10.0,5.0,11.0,136.36,0.0,0.0,1.0,1.0,3,0,8.0,9.72,174.0,2/41,2/41,35.25,21.7,0.0,0.0,0.0,2009-06-08,2021-07-28,2012-07-24,2021-07-18,2.0,41.0,2.0,41.0
1194959,Jacob Graham Bethell,2003-10-23,22y 257d,England,Batting Allrounder,Left hand Bat,Slow Left arm Orthodox,2024 - 2026,2026,IPL 2026,RCB,7,7.0,0.0,96.0,27.0,13.71,77.0,124.67,0.0,0.0,12.0,3.0,3,0,,,,,,,,,,,2024-09-11,2026-07-04,2024-09-19,2026-01-27,,,,
1194959,Jacob Graham Bethell,2003-10-23,22y 257d,England,Batting Allrounder,Left hand Bat,Slow Left arm Orthodox,2024 - 2026,2025,IPL 2025,RCB,2,2.0,0.0,67.0,55.0,33.5,39.0,171.79,0.0,1.0,9.0,3.0,1,0,,,,,,,,,,,2024-09-11,2026-07-04,2024-09-19,2026-01-27,,,,
547766,Jacob Andrew Duffy,1994-08-02,31y 339d,New Zealand,Bowler,Right hand Bat,Right arm Fast medium,2020 - 2026,2026,IPL 2026,RCB,6,,,,,,,,,,,,1,0,9.0,10.95,144.0,3/22,3/22,29.22,16.0,0.0,0.0,0.0,2020-12-18,2026-03-08,2022-07-12,2025-11-22,3.0,22.0,3.0,22.0
26291,Jagadeesh Arunkumar,1975-01-18,51y 170d,India,,Right hand Bat,Right arm Offbreak,,2007/08,IPL 2007/08,RCB,3,3.0,0.0,23.0,22.0,7.66,23.0,100.0,0.0,0.0,5.0,0.0,0,0,,,,,,,,,,,,,,,,,,
35261,Jamaluddin Syed Mohammad,1983-06-03,43y 35d,India,Bowler,Left hand Bat,Slow Left arm Orthodox,,2013,IPL 2013,RCB,4,2.0,0.0,10.0,9.0,5.0,13.0,76.92,0.0,0.0,1.0,0.0,0,0,3.0,9.1,60.0,2/15,2/15,30.33,20.0,0.0,0.0,0.0,,,,,2.0,15.0,2.0,15.0
35261,Jamaluddin Syed Mohammad,1983-06-03,43y 35d,India,Bowler,Left hand Bat,Slow Left arm Orthodox,,2012,IPL 2012,RCB,2,1.0,1.0,4.0,4.0,,1.0,400.0,0.0,0.0,1.0,0.0,0,0,0.0,9.28,42.0,,,,,0.0,0.0,0.0,,,,,,,,
35261,Jamaluddin Syed Mohammad,1983-06-03,43y 35d,India,Bowler,Left hand Bat,Slow Left arm Orthodox,,2011,IPL 2011,RCB,5,2.0,2.0,15.0,13.0,,12.0,125.0,0.0,0.0,2.0,0.0,1,0,5.0,8.46,90.0,2/25,2/25,25.4,18.0,0.0,0.0,0.0,,,,,2.0,25.0,2.0,25.0
47693,Johannes Jacobus van der Wath,1978-01-10,48y 179d,South Africa,Allrounder,Right hand Bat,Right arm Medium fast,2006 - 2007,2011,IPL 2011,RCB,3,3.0,1.0,18.0,14.0,9.0,16.0,112.5,0.0,0.0,1.0,1.0,0,0,3.0,10.75,72.0,2/49,2/49,43.0,24.0,0.0,0.0,0.0,2006-02-24,2007-09-20,2006-01-20,2007-08-26,2.0,49.0,2.0,49.0
1124282,Joshua Ryan Philippe,1997-06-01,29y 36d,Australia,Wicketkeeper Batter,Right hand Bat,,2021 - 2026,2020/21,IPL 2020/21,RCB,5,5.0,1.0,78.0,33.0,19.5,77.0,101.29,0.0,0.0,9.0,1.0,0,0,,,,,,,,,,,2021-02-22,2026-02-01,2021-07-20,2025-10-19,,,,
269170,Kotarangada Prabhu Appanna,1988-12-20,37y 199d,India,Bowler,Right hand Bat,Slow Left arm Orthodox,,2012,IPL 2012,RCB,7,,,,,,,,,,,,1,0,6.0,8.7,102.0,4/19,4/19,24.66,17.0,1.0,0.0,0.0,,,,,4.0,19.0,4.0,19.0
269170,Kotarangada Prabhu Appanna,1988-12-20,37y 199d,India,Bowler,Right hand Bat,Slow Left arm Orthodox,,2009/10,IPL 2009/10,RCB,2,2.0,1.0,2.0,1.0,2.0,3.0,66.66,0.0,0.0,0.0,0.0,0,0,1.0,7.28,42.0,1/24,1/24,51.0,42.0,0.0,0.0,0.0,,,,,1.0,24.0,1.0,24.0
269170,Kotarangada Prabhu Appanna,1988-12-20,37y 199d,India,Bowler,Right hand Bat,Slow Left arm Orthodox,,2009,IPL 2009,RCB,5,1.0,1.0,0.0,0.0,,1.0,0.0,0.0,0.0,0.0,0.0,0,0,2.0,7.25,72.0,1/24,1/24,43.5,36.0,0.0,0.0,0.0,,,,,1.0,24.0,1.0,24.0
853265,Mahipal Krishan Lomror,1999-11-16,26y 233d,India,Allrounder,Left hand Bat,Slow Left arm Orthodox,,2024,IPL 2024,RCB,10,10.0,2.0,125.0,33.0,15.62,68.0,183.82,0.0,0.0,9.0,9.0,3,0,0.0,18.0,6.0,,,,,0.0,0.0,0.0,,,,,,,,
853265,Mahipal Krishan Lomror,1999-11-16,26y 233d,India,Allrounder,Left hand Bat,Slow Left arm Orthodox,,2023,IPL 2023,RCB,12,10.0,2.0,135.0,54.0,16.87,97.0,139.17,0.0,1.0,9.0,8.0,4,0,0.0,8.5,12.0,,,,,0.0,0.0,0.0,,,,,,,,
853265,Mahipal Krishan Lomror,1999-11-16,26y 233d,India,Allrounder,Left hand Bat,Slow Left arm Orthodox,,2022,IPL 2022,RCB,7,5.0,0.0,86.0,42.0,17.2,57.0,150.87,0.0,0.0,7.0,4.0,2,0,0.0,9.0,12.0,,,,,0.0,0.0,0.0,,,,,,,,
853265,Mahipal Krishan Lomror,1999-11-16,26y 233d,India,Allrounder,Left hand Bat,Slow Left arm Orthodox,,2021,IPL 2021,RR,4,4.0,1.0,94.0,43.0,31.33,73.0,128.76,0.0,0.0,3.0,6.0,0,0,1.0,6.71,42.0,1/22,1/22,47.0,42.0,0.0,0.0,0.0,,,,,1.0,22.0,1.0,22.0
853265,Mahipal Krishan Lomror,1999-11-16,26y 233d,India,Allrounder,Left hand Bat,Slow Left arm Orthodox,,2020/21,IPL 2020/21,RR,3,3.0,0.0,59.0,47.0,19.66,54.0,109.25,0.0,0.0,2.0,3.0,0,0,,,,,,,,,,,,,,,,,,
853265,Mahipal Krishan Lomror,1999-11-16,26y 233d,India,Allrounder,Left hand Bat,Slow Left arm Orthodox,,2019,IPL 2019,RR,2,1.0,0.0,8.0,8.0,8.0,3.0,266.66,0.0,0.0,2.0,0.0,1,0,,,,,,,,,,,,,,,,,,
853265,Mahipal Krishan Lomror,1999-11-16,26y 233d,India,Allrounder,Left hand Bat,Slow Left arm Orthodox,,2018,IPL 2018,RR,2,2.0,1.0,20.0,11.0,20.0,21.0,95.23,0.0,0.0,1.0,0.0,0,0,0.0,9.0,18.0,,,,,0.0,0.0,0.0,,,,,,,,
1057399,Manoj Shivaramsa Bhandage,1998-10-05,27y 275d,India,Allrounder,Left hand Bat,Right arm Medium fast,,2025,IPL 2025,RCB,1,1.0,0.0,1.0,1.0,1.0,4.0,25.0,0.0,0.0,0.0,0.0,0,0,,,,,,,,,,,,,,,,,,
942367,Mayank J Dagar,1996-11-11,29y 238d,India,Bowler,Right hand Bat,Slow Left arm Orthodox,,2024,IPL 2024,RCB,5,1.0,0.0,0.0,0.0,0.0,1.0,0.0,0.0,0.0,0.0,0.0,3,0,1.0,10.14,71.0,1/23,1/23,120.0,71.0,0.0,0.0,0.0,,,,,1.0,23.0,1.0,23.0
942367,Mayank J Dagar,1996-11-11,29y 238d,India,Bowler,Right hand Bat,Slow Left arm Orthodox,,2023,IPL 2023,SRH,3,,,,,,,,,,,,0,0,1.0,7.54,66.0,1/37,1/37,83.0,66.0,0.0,0.0,0.0,,,,,1.0,37.0,1.0,37.0
326968,Michael Gordon Bracewell,1991-02-14,35y 143d,New Zealand,Batting Allrounder,Left hand Bat,Right arm Offbreak,2022 - 2026,2023,IPL 2023,RCB,5,4.0,2.0,58.0,26.0,29.0,47.0,123.4,0.0,0.0,6.0,1.0,1,0,6.0,8.63,66.0,2/13,2/13,15.83,11.0,0.0,0.0,0.0,2022-07-18,2025-11-13,2022-03-29,2026-01-18,2.0,13.0,2.0,13.0
41378,Misbah-ul-Haq Khan Niazi,1974-05-28,52y 40d,Pakistan,Middle order Batter,Right hand Bat,Legbreak,2001 - 2017,2007/08,IPL 2007/08,RCB,8,8.0,1.0,117.0,47.0,16.71,81.0,144.44,0.0,0.0,10.0,6.0,1,0,,,,,,,,,,,2007-09-02,2012-02-27,2002-04-27,2015-03-20,,,,
12440,Nayan Dilip Doshi,1978-10-06,47y 274d,England,Bowler,Right hand Bat,Slow Left arm Orthodox,,2011,IPL 2011,RR,3,1.0,0.0,0.0,0.0,0.0,13.0,0.0,0.0,0.0,0.0,0.0,0,0,1.0,11.62,32.0,1/15,1/15,62.0,32.0,0.0,0.0,0.0,,,,,1.0,15.0,1.0,15.0
12440,Nayan Dilip Doshi,1978-10-06,47y 274d,England,Bowler,Right hand Bat,Slow Left arm Orthodox,,2009/10,IPL 2009/10,RCB,1,,,,,,,,,,,,0,0,1.0,4.25,24.0,1/17,1/17,17.0,24.0,0.0,0.0,0.0,,,,,1.0,17.0,1.0,17.0
333780,Nicolas James Maddinson,1991-12-21,34y 198d,Australia,Opening Batter,Left hand Bat,Slow Left arm Orthodox,2013 - 2018,2015,IPL 2015,RCB,1,1.0,0.0,4.0,4.0,4.0,7.0,57.14,0.0,0.0,1.0,0.0,0,0,,,,,,,,,,,2013-10-10,2018-07-06,,,,,,
333780,Nicolas James Maddinson,1991-12-21,34y 198d,Australia,Opening Batter,Left hand Bat,Slow Left arm Orthodox,2013 - 2018,2014,IPL 2014,RCB,2,2.0,0.0,16.0,12.0,8.0,14.0,114.28,0.0,0.0,3.0,0.0,1,0,,,,,,,,,,,2013-10-10,2018-07-06,,,,,,
32973,Pankaj Singh,1985-05-06,41y 62d,India,Bowler,Right hand Bat,Right arm Medium fast,2010 - 2014,2012,IPL 2012,RR,6,,,,,,,,,,,,0,0,7.0,8.09,126.0,2/18,2/18,24.28,18.0,0.0,0.0,0.0,,,2014-07-27,2014-08-07,2.0,18.0,2.0,18.0
32973,Pankaj Singh,1985-05-06,41y 62d,India,Bowler,Right hand Bat,Right arm Medium fast,2010 - 2014,2011,IPL 2011,RR,1,,,,,,,,,,,,0,0,0.0,11.5,12.0,,,,,0.0,0.0,0.0,,,2014-07-27,2014-08-07,,,,
32973,Pankaj Singh,1985-05-06,41y 62d,India,Bowler,Right hand Bat,Right arm Medium fast,2010 - 2014,2009/10,IPL 2009/10,RCB,2,1.0,0.0,1.0,1.0,1.0,2.0,50.0,0.0,0.0,0.0,0.0,0,0,2.0,10.12,48.0,2/27,2/27,40.5,24.0,0.0,0.0,0.0,,,2014-07-27,2014-08-07,2.0,27.0,2.0,27.0
32973,Pankaj Singh,1985-05-06,41y 62d,India,Bowler,Right hand Bat,Right arm Medium fast,2010 - 2014,2009,IPL 2009,RCB,3,2.0,1.0,1.0,1.0,1.0,2.0,50.0,0.0,0.0,0.0,0.0,1,0,2.0,9.28,42.0,2/31,2/31,32.5,21.0,0.0,0.0,0.0,,,2014-07-27,2014-08-07,2.0,31.0,2.0,31.0
32973,Pankaj Singh,1985-05-06,41y 62d,India,Bowler,Right hand Bat,Right arm Medium fast,2010 - 2014,2007/08,IPL 2007/08,RR,5,2.0,2.0,5.0,4.0,,8.0,62.5,0.0,0.0,0.0,0.0,1,0,0.0,10.75,72.0,,,,,0.0,0.0,0.0,,,2014-07-27,2014-08-07,,,,
1159712,Prayas Ray Barman,2002-10-25,23y 256d,India,Bowler,Right hand Bat,Legbreak Googly,,2019,IPL 2019,RCB,1,1.0,0.0,19.0,19.0,19.0,24.0,79.16,0.0,0.0,2.0,0.0,0,0,0.0,14.0,24.0,,,,,0.0,0.0,0.0,,,,,,,,
28114,Rahul Sharad Dravid,1973-01-11,53y 177d,India,Top order Batter,Right hand Bat,Right arm Offbreak,1996 - 2012,2013,IPL 2013,RR,18,17.0,1.0,471.0,65.0,29.43,425.0,110.82,0.0,4.0,64.0,5.0,3,0,,,,,,,,,,,1996-06-20,2012-01-24,1996-04-03,2011-09-16,,,,
28114,Rahul Sharad Dravid,1973-01-11,53y 177d,India,Top order Batter,Right hand Bat,Right arm Offbreak,1996 - 2012,2012,IPL 2012,RR,16,16.0,0.0,462.0,58.0,28.87,412.0,112.13,0.0,2.0,63.0,4.0,5,0,,,,,,,,,,,1996-06-20,2012-01-24,1996-04-03,2011-09-16,,,,
28114,Rahul Sharad Dravid,1973-01-11,53y 177d,India,Top order Batter,Right hand Bat,Right arm Offbreak,1996 - 2012,2011,IPL 2011,RR,12,12.0,1.0,343.0,66.0,31.18,314.0,109.23,0.0,1.0,44.0,2.0,2,0,,,,,,,,,,,1996-06-20,2012-01-24,1996-04-03,2011-09-16,,,,
28114,Rahul Sharad Dravid,1973-01-11,53y 177d,India,Top order Batter,Right hand Bat,Right arm Offbreak,1996 - 2012,2009/10,IPL 2009/10,RCB,16,11.0,2.0,256.0,52.0,28.44,199.0,128.64,0.0,1.0,34.0,3.0,4,0,,,,,,,,,,,1996-06-20,2012-01-24,1996-04-03,2011-09-16,,,,
28114,Rahul Sharad Dravid,1973-01-11,53y 177d,India,Top order Batter,Right hand Bat,Right arm Offbreak,1996 - 2012,2009,IPL 2009,RCB,13,12.0,0.0,271.0,66.0,22.58,234.0,115.81,0.0,1.0,28.0,3.0,2,0,,,,,,,,,,,1996-06-20,2012-01-24,1996-04-03,2011-09-16,,,,
28114,Rahul Sharad Dravid,1973-01-11,53y 177d,India,Top order Batter,Right hand Bat,Right arm Offbreak,1996 - 2012,2007/08,IPL 2007/08,RCB,14,14.0,1.0,371.0,75.0,28.53,298.0,124.49,0.0,2.0,35.0,11.0,2,0,,,,,,,,,,,1996-06-20,2012-01-24,1996-04-03,2011-09-16,,,,
823703,Rajat Manohar Patidar,1993-06-01,33y 36d,India,Top order Batter,Right hand Bat,Right arm Offbreak,2023 - 2024,2026,IPL 2026,RCB,15,14.0,2.0,501.0,93.0,41.75,260.0,192.69,0.0,5.0,30.0,42.0,10,0,,,,,,,,,,,,,2024-02-02,2024-02-23,,,,
823703,Rajat Manohar Patidar,1993-06-01,33y 36d,India,Top order Batter,Right hand Bat,Right arm Offbreak,2023 - 2024,2025,IPL 2025,RCB,15,14.0,1.0,312.0,64.0,24.0,217.0,143.77,0.0,2.0,25.0,14.0,2,0,,,,,,,,,,,,,2024-02-02,2024-02-23,,,,
823703,Rajat Manohar Patidar,1993-06-01,33y 36d,India,Top order Batter,Right hand Bat,Right arm Offbreak,2023 - 2024,2024,IPL 2024,RCB,15,13.0,0.0,395.0,55.0,30.38,223.0,177.13,0.0,5.0,21.0,33.0,3,0,,,,,,,,,,,,,2024-02-02,2024-02-23,,,,
823703,Rajat Manohar Patidar,1993-06-01,33y 36d,India,Top order Batter,Right hand Bat,Right arm Offbreak,2023 - 2024,2022,IPL 2022,RCB,8,7.0,1.0,333.0,112.0,55.5,218.0,152.75,1.0,2.0,27.0,18.0,4,0,,,,,,,,,,,,,2024-02-02,2024-02-23,,,,
823703,Rajat Manohar Patidar,1993-06-01,33y 36d,India,Top order Batter,Right hand Bat,Right arm Offbreak,2023 - 2024,2021,IPL 2021,RCB,4,4.0,0.0,71.0,31.0,17.75,62.0,114.51,0.0,0.0,3.0,3.0,1,0,,,,,,,,,,,,,2024-02-02,2024-02-23,,,,
236766,Rajesh Bishnoi,1987-10-08,38y 272d,India,Middle order Batter,Right hand Bat,Right arm Medium fast,,2009,IPL 2009,RCB,3,3.0,0.0,19.0,18.0,6.33,17.0,111.76,0.0,0.0,1.0,2.0,1,0,,,,,,,,,,,,,,,,,,
27150,Raju Ravi Bhatkal,1985-09-01,40y 309d,India,Allrounder,Right hand Bat,Right arm Medium,,2012,IPL 2012,RCB,1,1.0,0.0,0.0,0.0,0.0,2.0,0.0,0.0,0.0,0.0,0.0,1,0,0.0,17.5,12.0,,,,,0.0,0.0,0.0,,,,,,,,
52912,Ravindranath Rampaul,1984-10-15,41y 266d,West Indies,Bowler,Left hand Bat,Right arm Fast medium,2003 - 2021,2014,IPL 2014,RCB,2,1.0,0.0,13.0,13.0,13.0,13.0,100.0,0.0,0.0,0.0,1.0,0,0,1.0,6.16,36.0,1/21,1/21,37.0,36.0,0.0,0.0,0.0,2007-06-28,2021-11-04,2003-11-22,2015-11-07,1.0,21.0,1.0,21.0
52912,Ravindranath Rampaul,1984-10-15,41y 266d,West Indies,Bowler,Left hand Bat,Right arm Fast medium,2003 - 2021,2013,IPL 2013,RCB,10,6.0,2.0,38.0,23.0,9.5,37.0,102.7,0.0,0.0,3.0,1.0,4,0,13.0,6.92,226.0,3/31,3/31,20.07,17.3,0.0,0.0,0.0,2007-06-28,2021-11-04,2003-11-22,2015-11-07,3.0,31.0,3.0,31.0
353669,Ryan Ninan,1985-11-19,40y 230d,India,Allrounder,Right hand Bat,Right arm Offbreak,,2011,IPL 2011,RCB,2,1.0,0.0,3.0,3.0,3.0,6.0,50.0,0.0,0.0,0.0,0.0,1,0,3.0,10.83,36.0,2/31,2/31,21.66,12.0,0.0,0.0,0.0,,,,,2.0,31.0,2.0,31.0
432783,Sachin Baby,1988-12-18,37y 202d,India,Batter,Left hand Bat,Right arm Offbreak,,2025,IPL 2025,SRH,1,,,,,,,,,,,,0,0,,,,,,,,,,,,,,,,,,
432783,Sachin Baby,1988-12-18,37y 202d,India,Batter,Left hand Bat,Right arm Offbreak,,2021,IPL 2021,RCB,1,1.0,0.0,7.0,7.0,7.0,17.0,41.17,0.0,0.0,0.0,0.0,0,0,,,,,,,,,,,,,,,,,,
432783,Sachin Baby,1988-12-18,37y 202d,India,Batter,Left hand Bat,Right arm Offbreak,,2017,IPL 2017,RCB,3,3.0,0.0,15.0,12.0,5.0,15.0,100.0,0.0,0.0,2.0,0.0,2,0,,,,,,,,,,,,,,,,,,
432783,Sachin Baby,1988-12-18,37y 202d,India,Batter,Left hand Bat,Right arm Offbreak,,2016,IPL 2016,RCB,11,6.0,2.0,119.0,33.0,29.75,79.0,150.63,0.0,0.0,9.0,5.0,1,0,2.0,4.8,10.0,2/4,2/4,4.0,5.0,0.0,0.0,0.0,,,,,2.0,4.0,2.0,4.0
432783,Sachin Baby,1988-12-18,37y 202d,India,Batter,Left hand Bat,Right arm Offbreak,,2013,IPL 2013,RR,4,1.0,0.0,3.0,3.0,3.0,7.0,42.85,0.0,0.0,0.0,0.0,2,0,,,,,,,,,,,,,,,,,,
1287369,Saurav Dilipsingh Chauhan,2000-05-27,26y 41d,India,Top order Batter,Left hand Bat,Right arm Offbreak,,2024,IPL 2024,RCB,3,3.0,0.0,18.0,9.0,6.0,15.0,120.0,0.0,0.0,1.0,1.0,0,0,,,,,,,,,,,,,,,,,,
398666,Sean Anthony Abbott,1992-02-29,34y 129d,Australia,Bowling Allrounder,Right hand Bat,Right arm Fast medium,2014 - 2026,2022,IPL 2022,SRH,1,1.0,0.0,7.0,7.0,7.0,5.0,140.0,0.0,0.0,0.0,1.0,1,0,1.0,11.75,24.0,1/47,1/47,47.0,24.0,0.0,0.0,0.0,2014-10-05,2026-01-31,2014-10-07,2025-08-24,1.0,47.0,1.0,47.0
398666,Sean Anthony Abbott,1992-02-29,34y 129d,Australia,Bowling Allrounder,Right hand Bat,Right arm Fast medium,2014 - 2026,2015,IPL 2015,RCB,2,2.0,0.0,15.0,14.0,7.5,13.0,115.38,0.0,0.0,1.0,1.0,0,0,0.0,11.4,30.0,,,,,0.0,0.0,0.0,2014-10-05,2026-01-31,2014-10-07,2025-08-24,,,,
51469,Shivnarine Chanderpaul,1974-08-16,51y 325d,West Indies,Batter,Left hand Bat,Legbreak,1994 - 2015,2007/08,IPL 2007/08,RCB,3,3.0,0.0,25.0,16.0,8.33,31.0,80.64,0.0,0.0,4.0,0.0,0,0,,,,,,,,,,,2006-02-16,2010-05-20,1994-10-17,2011-03-23,,,,
326017,Siddarth Kaul,1990-05-19,36y 49d,India,Bowler,Right hand Bat,Right arm Medium,2018 - 2019,2022,IPL 2022,RCB,1,,,,,,,,,,,,0,0,0.0,10.75,24.0,,,,,0.0,0.0,0.0,2018-06-29,2019-02-27,2018-07-12,2018-09-25,,,,
326017,Siddarth Kaul,1990-05-19,36y 49d,India,Bowler,Right hand Bat,Right arm Medium,2018 - 2019,2021,IPL 2021,SRH,8,2.0,2.0,8.0,7.0,,8.0,100.0,0.0,0.0,1.0,0.0,1,0,7.0,8.23,180.0,2/31,2/31,35.28,25.7,0.0,0.0,0.0,2018-06-29,2019-02-27,2018-07-12,2018-09-25,2.0,31.0,2.0,31.0
326017,Siddarth Kaul,1990-05-19,36y 49d,India,Bowler,Right hand Bat,Right arm Medium,2018 - 2019,2020/21,IPL 2020/21,SRH,1,,,,,,,,,,,,0,0,2.0,16.0,24.0,2/64,2/64,32.0,12.0,0.0,0.0,0.0,2018-06-29,2019-02-27,2018-07-12,2018-09-25,2.0,64.0,2.0,64.0
326017,Siddarth Kaul,1990-05-19,36y 49d,India,Bowler,Right hand Bat,Right arm Medium,2018 - 2019,2019,IPL 2019,SRH,7,2.0,1.0,0.0,0.0,0.0,1.0,0.0,0.0,0.0,0.0,0.0,1,0,6.0,8.96,162.0,2/34,2/34,40.33,27.0,0.0,0.0,0.0,2018-06-29,2019-02-27,2018-07-12,2018-09-25,2.0,34.0,2.0,34.0
326017,Siddarth Kaul,1990-05-19,36y 49d,India,Bowler,Right hand Bat,Right arm Medium,2018 - 2019,2018,IPL 2018,SRH,17,4.0,1.0,3.0,2.0,1.0,14.0,21.42,0.0,0.0,0.0,0.0,2,0,21.0,8.28,396.0,3/23,3/23,26.04,18.8,0.0,0.0,0.0,2018-06-29,2019-02-27,2018-07-12,2018-09-25,3.0,23.0,3.0,23.0
326017,Siddarth Kaul,1990-05-19,36y 49d,India,Bowler,Right hand Bat,Right arm Medium,2018 - 2019,2017,IPL 2017,SRH,10,1.0,1.0,0.0,0.0,,2.0,0.0,0.0,0.0,0.0,0.0,3,0,16.0,8.41,214.0,4/29,4/29,18.75,13.3,1.0,0.0,0.0,2018-06-29,2019-02-27,2018-07-12,2018-09-25,4.0,29.0,4.0,29.0
326017,Siddarth Kaul,1990-05-19,36y 49d,India,Bowler,Right hand Bat,Right arm Medium,2018 - 2019,2014,IPL 2014,DC,5,1.0,1.0,2.0,2.0,,2.0,100.0,0.0,0.0,0.0,0.0,0,0,2.0,9.69,78.0,1/5,1/5,63.0,39.0,0.0,0.0,0.0,2018-06-29,2019-02-27,2018-07-12,2018-09-25,1.0,5.0,1.0,5.0
326017,Siddarth Kaul,1990-05-19,36y 49d,India,Bowler,Right hand Bat,Right arm Medium,2018 - 2019,2013,IPL 2013,DC,6,2.0,2.0,7.0,7.0,,9.0,77.77,0.0,0.0,0.0,0.0,1,0,4.0,7.78,131.0,2/27,2/27,42.5,32.7,0.0,0.0,0.0,2018-06-29,2019-02-27,2018-07-12,2018-09-25,2.0,27.0,2.0,27.0
290632,Sreenath Aravind,1984-04-08,42y 90d,India,Bowler,Left hand Bat,Left arm Medium fast,2015 - 2015,2017,IPL 2017,RCB,10,8.0,4.0,32.0,9.0,8.0,40.0,80.0,0.0,0.0,2.0,0.0,1,0,5.0,9.01,183.0,2/29,2/29,55.0,36.6,0.0,0.0,0.0,2015-10-02,2008-12-26,,,2.0,29.0,2.0,29.0
290632,Sreenath Aravind,1984-04-08,42y 90d,India,Bowler,Left hand Bat,Left arm Medium fast,2015 - 2015,2016,IPL 2016,RCB,9,,,,,,,,,,,,3,0,11.0,7.4,175.0,2/18,2/18,19.63,15.9,0.0,0.0,0.0,2015-10-02,2008-12-26,,,2.0,18.0,2.0,18.0
290632,Sreenath Aravind,1984-04-08,42y 90d,India,Bowler,Left hand Bat,Left arm Medium fast,2015 - 2015,2015,IPL 2015,RCB,5,1.0,1.0,0.0,0.0,,1.0,0.0,0.0,0.0,0.0,0.0,1,0,8.0,7.33,108.0,4/27,4/27,16.5,13.5,1.0,0.0,0.0,2015-10-02,2008-12-26,,,4.0,27.0,4.0,27.0
290632,Sreenath Aravind,1984-04-08,42y 90d,India,Bowler,Left hand Bat,Left arm Medium fast,2015 - 2015,2012,IPL 2012,RCB,1,1.0,1.0,14.0,14.0,,8.0,175.0,0.0,0.0,3.0,0.0,0,0,0.0,16.0,18.0,,,,,0.0,0.0,0.0,2015-10-02,2008-12-26,,,,,,
290632,Sreenath Aravind,1984-04-08,42y 90d,India,Bowler,Left hand Bat,Left arm Medium fast,2015 - 2015,2011,IPL 2011,RCB,13,2.0,2.0,13.0,11.0,,8.0,162.5,0.0,0.0,2.0,0.0,3,0,21.0,8.0,276.0,4/14,4/14,17.52,13.1,1.0,0.0,0.0,2015-10-02,2008-12-26,,,4.0,14.0,4.0,14.0
29725,Sunil Bandacharya Joshi,1970-06-06,56y 31d,India,Allrounder,Left hand Bat,Slow Left arm Orthodox,1996 - 2001,2007/08,IPL 2007/08,RCB,4,2.0,0.0,6.0,3.0,3.0,14.0,42.85,0.0,0.0,0.0,0.0,0,0,1.0,8.94,55.0,1/27,1/27,82.0,55.0,0.0,0.0,0.0,,,1996-09-01,2001-03-28,1.0,27.0,1.0,27.0
1083851,Suyash S Prabhudessai,1997-12-06,28y 214d,India,Batting Allrounder,Right hand Bat,Right arm Medium,,2024,IPL 2024,RCB,1,1.0,0.0,24.0,24.0,24.0,18.0,133.33,0.0,0.0,3.0,0.0,0,0,,,,,,,,,,,,,,,,,,
1083851,Suyash S Prabhudessai,1997-12-06,28y 214d,India,Batting Allrounder,Right hand Bat,Right arm Medium,,2023,IPL 2023,RCB,5,4.0,0.0,35.0,19.0,8.75,29.0,120.68,0.0,0.0,1.0,2.0,3,0,,,,,,,,,,,,,,,,,,
1083851,Suyash S Prabhudessai,1997-12-06,28y 214d,India,Batting Allrounder,Right hand Bat,Right arm Medium,,2022,IPL 2022,RCB,5,5.0,0.0,67.0,34.0,13.4,59.0,113.55,0.0,0.0,7.0,2.0,3,0,,,,,,,,,,,,,,,,,,
379145,Tabraiz Shamsi,1990-02-18,36y 140d,South Africa,Bowler,Right hand Bat,Left arm Wrist spin,2016 - 2025,2021,IPL 2021,RR,1,1.0,1.0,2.0,2.0,,4.0,50.0,0.0,0.0,0.0,0.0,0,0,0.0,8.5,24.0,,,,,0.0,0.0,0.0,2017-06-21,2024-06-29,2016-06-07,2025-02-12,,,,
379145,Tabraiz Shamsi,1990-02-18,36y 140d,South Africa,Bowler,Right hand Bat,Left arm Wrist spin,2016 - 2025,2016,IPL 2016,RCB,4,,,,,,,,,,,,1,0,3.0,9.18,96.0,1/21,1/21,49.0,32.0,0.0,0.0,0.0,2017-06-21,2024-06-29,2016-06-07,2025-02-12,1.0,21.0,1.0,21.0
530011,Travis Michael Head,1993-12-29,32y 190d,Australia,Middle order Batter,Left hand Bat,Right arm Offbreak,2016 - 2026,2026,IPL 2026,SRH,15,15.0,0.0,410.0,76.0,27.33,241.0,170.12,0.0,2.0,46.0,23.0,0,0,1.0,7.0,6.0,1/7,1/7,7.0,6.0,0.0,0.0,0.0,2016-01-26,2026-02-20,2016-06-13,2025-10-25,1.0,7.0,1.0,7.0
530011,Travis Michael Head,1993-12-29,32y 190d,Australia,Middle order Batter,Left hand Bat,Right arm Offbreak,2016 - 2026,2025,IPL 2025,SRH,13,12.0,0.0,374.0,76.0,31.16,230.0,162.6,0.0,3.0,50.0,15.0,3,0,,,,,,,,,,,2016-01-26,2026-02-20,2016-06-13,2025-10-25,,,,
530011,Travis Michael Head,1993-12-29,32y 190d,Australia,Middle order Batter,Left hand Bat,Right arm Offbreak,2016 - 2026,2024,IPL 2024,SRH,15,15.0,1.0,567.0,102.0,40.5,296.0,191.55,1.0,4.0,64.0,32.0,0,0,0.0,19.2,10.0,,,,,0.0,0.0,0.0,2016-01-26,2026-02-20,2016-06-13,2025-10-25,,,,
530011,Travis Michael Head,1993-12-29,32y 190d,Australia,Middle order Batter,Left hand Bat,Right arm Offbreak,2016 - 2026,2017,IPL 2017,RCB,7,7.0,2.0,151.0,75.0,30.2,108.0,139.81,0.0,1.0,9.0,6.0,3,0,2.0,10.12,48.0,2/30,2/30,40.5,24.0,0.0,0.0,0.0,2016-01-26,2026-02-20,2016-06-13,2025-10-25,2.0,30.0,2.0,30.0
530011,Travis Michael Head,1993-12-29,32y 190d,Australia,Middle order Batter,Left hand Bat,Right arm Offbreak,2016 - 2026,2016,IPL 2016,RCB,3,3.0,1.0,54.0,37.0,27.0,40.0,135.0,0.0,0.0,3.0,2.0,0,0,,,,,,,,,,,2016-01-26,2026-02-20,2016-06-13,2025-10-25,,,,
554699,Vijay Hari Zol,1994-11-23,31y 227d,India,,Left hand Bat,Right arm Offbreak,,2014,IPL 2014,RCB,3,2.0,0.0,29.0,16.0,14.5,26.0,111.53,0.0,0.0,3.0,1.0,0,0,,,,,,,,,,,,,,,,,,
253802,Virat Kohli,1988-11-05,37y 244d,India,Top order Batter,Right hand Bat,Right arm Medium,2008 - 2026,2026,IPL 2026,RCB,16,16.0,4.0,675.0,105.0,56.25,407.0,165.84,1.0,5.0,73.0,25.0,9,0,,,,,,,,,,,2010-06-12,2024-06-29,2008-08-18,2026-01-18,,,,
253802,Virat Kohli,1988-11-05,37y 244d,India,Top order Batter,Right hand Bat,Right arm Medium,2008 - 2026,2025,IPL 2025,RCB,15,15.0,3.0,657.0,73.0,54.75,454.0,144.71,0.0,8.0,66.0,19.0,3,0,,,,,,,,,,,2010-06-12,2024-06-29,2008-08-18,2026-01-18,,,,
253802,Virat Kohli,1988-11-05,37y 244d,India,Top order Batter,Right hand Bat,Right arm Medium,2008 - 2026,2024,IPL 2024,RCB,15,15.0,3.0,741.0,113.0,61.75,479.0,154.69,1.0,5.0,62.0,38.0,8,0,,,,,,,,,,,2010-06-12,2024-06-29,2008-08-18,2026-01-18,,,,
253802,Virat Kohli,1988-11-05,37y 244d,India,Top order Batter,Right hand Bat,Right arm Medium,2008 - 2026,2023,IPL 2023,RCB,14,14.0,2.0,639.0,101.0,53.25,457.0,139.82,2.0,6.0,65.0,16.0,13,0,,,,,,,,,,,2010-06-12,2024-06-29,2008-08-18,2026-01-18,,,,
253802,Virat Kohli,1988-11-05,37y 244d,India,Top order Batter,Right hand Bat,Right arm Medium,2008 - 2026,2022,IPL 2022,RCB,16,16.0,1.0,341.0,73.0,22.73,294.0,115.98,0.0,2.0,32.0,8.0,9,0,,,,,,,,,,,2010-06-12,2024-06-29,2008-08-18,2026-01-18,,,,
253802,Virat Kohli,1988-11-05,37y 244d,India,Top order Batter,Right hand Bat,Right arm Medium,2008 - 2026,2021,IPL 2021,RCB,15,15.0,1.0,405.0,72.0,28.92,339.0,119.46,0.0,3.0,43.0,9.0,8,0,,,,,,,,,,,2010-06-12,2024-06-29,2008-08-18,2026-01-18,,,,
253802,Virat Kohli,1988-11-05,37y 244d,India,Top order Batter,Right hand Bat,Right arm Medium,2008 - 2026,2020/21,IPL 2020/21,RCB,15,15.0,4.0,466.0,90.0,42.36,384.0,121.35,0.0,3.0,23.0,11.0,3,0,,,,,,,,,,,2010-06-12,2024-06-29,2008-08-18,2026-01-18,,,,
253802,Virat Kohli,1988-11-05,37y 244d,India,Top order Batter,Right hand Bat,Right arm Medium,2008 - 2026,2019,IPL 2019,RCB,14,14.0,0.0,464.0,100.0,33.14,328.0,141.46,1.0,2.0,46.0,13.0,5,0,,,,,,,,,,,2010-06-12,2024-06-29,2008-08-18,2026-01-18,,,,
253802,Virat Kohli,1988-11-05,37y 244d,India,Top order Batter,Right hand Bat,Right arm Medium,2008 - 2026,2018,IPL 2018,RCB,14,14.0,3.0,530.0,92.0,48.18,381.0,139.1,0.0,4.0,52.0,18.0,8,0,,,,,,,,,,,2010-06-12,2024-06-29,2008-08-18,2026-01-18,,,,
253802,Virat Kohli,1988-11-05,37y 244d,India,Top order Batter,Right hand Bat,Right arm Medium,2008 - 2026,2017,IPL 2017,RCB,10,10.0,0.0,308.0,64.0,30.8,252.0,122.22,0.0,4.0,23.0,11.0,5,0,,,,,,,,,,,2010-06-12,2024-06-29,2008-08-18,2026-01-18,,,,
253802,Virat Kohli,1988-11-05,37y 244d,India,Top order Batter,Right hand Bat,Right arm Medium,2008 - 2026,2016,IPL 2016,RCB,16,16.0,4.0,973.0,113.0,81.08,640.0,152.03,4.0,7.0,83.0,38.0,6,0,0.0,13.0,6.0,,,,,0.0,0.0,0.0,2010-06-12,2024-06-29,2008-08-18,2026-01-18,,,,
253802,Virat Kohli,1988-11-05,37y 244d,India,Top order Batter,Right hand Bat,Right arm Medium,2008 - 2026,2015,IPL 2015,RCB,16,16.0,5.0,505.0,82.0,45.9,386.0,130.82,0.0,3.0,35.0,23.0,7,0,0.0,5.45,11.0,,,,,0.0,0.0,0.0,2010-06-12,2024-06-29,2008-08-18,2026-01-18,,,,
253802,Virat Kohli,1988-11-05,37y 244d,India,Top order Batter,Right hand Bat,Right arm Medium,2008 - 2026,2014,IPL 2014,RCB,14,14.0,1.0,359.0,73.0,27.61,294.0,122.1,0.0,2.0,23.0,16.0,7,0,,,,,,,,,,,2010-06-12,2024-06-29,2008-08-18,2026-01-18,,,,
253802,Virat Kohli,1988-11-05,37y 244d,India,Top order Batter,Right hand Bat,Right arm Medium,2008 - 2026,2013,IPL 2013,RCB,16,16.0,2.0,634.0,99.0,45.28,457.0,138.73,0.0,6.0,64.0,22.0,7,0,,,,,,,,,,,2010-06-12,2024-06-29,2008-08-18,2026-01-18,,,,
253802,Virat Kohli,1988-11-05,37y 244d,India,Top order Batter,Right hand Bat,Right arm Medium,2008 - 2026,2012,IPL 2012,RCB,16,15.0,2.0,364.0,73.0,28.0,326.0,111.65,0.0,2.0,33.0,9.0,7,0,0.0,16.33,18.0,,,,,0.0,0.0,0.0,2010-06-12,2024-06-29,2008-08-18,2026-01-18,,,,
253802,Virat Kohli,1988-11-05,37y 244d,India,Top order Batter,Right hand Bat,Right arm Medium,2008 - 2026,2011,IPL 2011,RCB,16,16.0,4.0,557.0,71.0,46.41,460.0,121.08,0.0,4.0,55.0,16.0,7,0,2.0,8.17,102.0,1/8,1/8,69.5,51.0,0.0,0.0,0.0,2010-06-12,2024-06-29,2008-08-18,2026-01-18,1.0,8.0,1.0,8.0
253802,Virat Kohli,1988-11-05,37y 244d,India,Top order Batter,Right hand Bat,Right arm Medium,2008 - 2026,2009/10,IPL 2009/10,RCB,16,13.0,2.0,307.0,58.0,27.9,212.0,144.81,0.0,1.0,26.0,12.0,3,0,0.0,9.37,32.0,,,,,0.0,0.0,0.0,2010-06-12,2024-06-29,2008-08-18,2026-01-18,,,,
253802,Virat Kohli,1988-11-05,37y 244d,India,Top order Batter,Right hand Bat,Right arm Medium,2008 - 2026,2009,IPL 2009,RCB,16,13.0,2.0,246.0,50.0,22.36,219.0,112.32,0.0,1.0,22.0,8.0,9,0,0.0,7.66,36.0,,,,,0.0,0.0,0.0,2010-06-12,2024-06-29,2008-08-18,2026-01-18,,,,
253802,Virat Kohli,1988-11-05,37y 244d,India,Top order Batter,Right hand Bat,Right arm Medium,2008 - 2026,2007/08,IPL 2007/08,RCB,13,12.0,1.0,165.0,38.0,15.0,157.0,105.09,0.0,0.0,18.0,4.0,2,0,2.0,7.95,46.0,2/25,2/25,30.5,23.0,0.0,0.0,0.0,2010-06-12,2024-06-29,2008-08-18,2026-01-18,2.0,25.0,2.0,25.0
784379,Pinnaduwage Wanindu Hasaranga de Silva,1997-07-29,28y 343d,Sri Lanka,Allrounder,Right hand Bat,Legbreak,2017 - 2026,2025,IPL 2025,RR,11,5.0,0.0,9.0,4.0,1.8,15.0,60.0,0.0,0.0,0.0,0.0,2,0,11.0,9.04,246.0,4/35,4/35,33.72,22.3,1.0,0.0,0.0,2019-09-01,2026-06-14,2017-07-02,2026-06-06,4.0,35.0,4.0,35.0
784379,Pinnaduwage Wanindu Hasaranga de Silva,1997-07-29,28y 343d,Sri Lanka,Allrounder,Right hand Bat,Legbreak,2017 - 2026,2023,IPL 2023,RCB,8,5.0,3.0,33.0,12.0,16.5,28.0,117.85,0.0,0.0,3.0,0.0,0,0,9.0,8.89,174.0,2/24,2/24,28.66,19.3,0.0,0.0,0.0,2019-09-01,2026-06-14,2017-07-02,2026-06-06,2.0,24.0,2.0,24.0
784379,Pinnaduwage Wanindu Hasaranga de Silva,1997-07-29,28y 343d,Sri Lanka,Allrounder,Right hand Bat,Legbreak,2017 - 2026,2022,IPL 2022,RCB,16,7.0,0.0,38.0,18.0,5.42,43.0,88.37,0.0,0.0,4.0,1.0,3,0,26.0,7.54,342.0,5/18,5/18,16.53,13.1,1.0,1.0,0.0,2019-09-01,2026-06-14,2017-07-02,2026-06-06,5.0,18.0,5.0,18.0
784379,Pinnaduwage Wanindu Hasaranga de Silva,1997-07-29,28y 343d,Sri Lanka,Allrounder,Right hand Bat,Legbreak,2017 - 2026,2021,IPL 2021,RCB,2,2.0,1.0,1.0,1.0,1.0,2.0,50.0,0.0,0.0,0.0,0.0,0,0,0.0,10.0,36.0,,,,,0.0,0.0,0.0,2019-09-01,2026-06-14,2017-07-02,2026-06-06,,,,
29646,Wasim Jaffer,1978-02-16,48y 141d,India,Top order Batter,Right hand Bat,Right arm Offbreak,2000 - 2008,2009,IPL 2009,RCB,2,2.0,0.0,15.0,8.0,7.5,17.0,88.23,0.0,0.0,2.0,0.0,1,0,,,,,,,,,,,,,2006-11-22,2006-11-29,,,,
29646,Wasim Jaffer,1978-02-16,48y 141d,India,Top order Batter,Right hand Bat,Right arm Offbreak,2000 - 2008,2007/08,IPL 2007/08,RCB,6,6.0,0.0,115.0,50.0,19.16,104.0,110.57,0.0,1.0,12.0,3.0,3,0,,,,,,,,,,,,,2006-11-22,2006-11-29,,,,
334337,Peter Stephen Patrick Handscomb,1991-04-26,35y 70d,Australia,Batter,Right hand Bat,,2016 - 2023,2016,IPL 2016,RPS,2,1.0,0.0,6.0,6.0,6.0,12.0,50.0,0.0,0.0,0.0,0.0,0,0,,,,,,,,,,,2019-02-24,2019-02-27,2017-01-19,2019-07-11,,,,
446548,Scott Michael Boland,1989-04-11,37y 85d,Australia,Bowler,Right hand Bat,Right arm Fast medium,2016 - 2026,2016,IPL 2016,RPS,2,,,,,,,,,,,,0,0,2.0,7.71,42.0,2/31,2/31,27.0,21.0,0.0,0.0,0.0,2016-01-29,2016-09-06,2016-01-12,2016-10-12,2.0,31.0,2.0,31.0
215155,Usman Tariq Khawaja,1986-12-18,39y 199d,Australia,Top order Batter,Left hand Bat,Right arm Medium,2011 - 2026,2016,IPL 2016,RPS,6,6.0,0.0,127.0,30.0,21.16,100.0,127.0,0.0,0.0,14.0,3.0,1,0,,,,,,,,,,,2016-01-31,2016-09-09,2013-01-11,2019-07-06,,,,
1287067,Pappanayil Abdul Basith,1998-10-09,27y 271d,India,Allrounder,Right hand Bat,Right arm Offbreak,,2023,IPL 2023,RR,1,1.0,1.0,1.0,1.0,,1.0,100.0,0.0,0.0,0.0,0.0,0,0,,,,,,,,,,,,,,,,,,
230593,Abhishek Santosh Raut,1987-03-03,39y 126d,India,Allrounder,Right hand Bat,Legbreak Googly,,2011,IPL 2011,RR,7,4.0,1.0,60.0,25.0,20.0,58.0,103.44,0.0,0.0,5.0,1.0,4,0,0.0,8.0,6.0,,,,,0.0,0.0,0.0,,,,,,,,
230593,Abhishek Santosh Raut,1987-03-03,39y 126d,India,Allrounder,Right hand Bat,Legbreak Googly,,2009/10,IPL 2009/10,RR,6,5.0,3.0,56.0,32.0,28.0,48.0,116.66,0.0,0.0,3.0,3.0,2,0,,,,,,,,,,,,,,,,,,
230593,Abhishek Santosh Raut,1987-03-03,39y 126d,India,Allrounder,Right hand Bat,Legbreak Googly,,2009,IPL 2009,RR,9,7.0,3.0,78.0,36.0,19.5,61.0,127.86,0.0,0.0,5.0,3.0,3,0,0.0,9.0,24.0,,,,,0.0,0.0,0.0,,,,,,,,
8119,Adam Charles Voges,1979-10-04,46y 276d,Australia,Top order Batter,Right hand Bat,Slow Left arm Orthodox,2007 - 2016,2009/10,IPL 2009/10,RR,9,7.0,3.0,181.0,45.0,45.25,143.0,126.57,0.0,0.0,15.0,3.0,1,0,0.0,8.44,54.0,,,,,0.0,0.0,0.0,2007-12-11,2013-02-13,2007-02-20,2013-11-02,,,,
236694,Aditya Pradip Dole,1987-10-09,38y 271d,India,Bowler,Right hand Bat,Right arm Medium fast,,2009/10,IPL 2009/10,RR,3,2.0,0.0,34.0,30.0,17.0,22.0,154.54,0.0,0.0,3.0,1.0,2,0,5.0,10.18,66.0,2/36,2/36,22.4,13.2,0.0,0.0,0.0,,,,,2.0,36.0,2.0,36.0
27783,Ajit  Chandila,1983-12-05,42y 214d,India,Allrounder,Right hand Bat,Right arm Offbreak,,2013,IPL 2013,RR,8,1.0,1.0,4.0,4.0,,6.0,66.66,0.0,0.0,0.0,0.0,4,0,6.0,6.24,150.0,2/6,2/6,26.0,25.0,0.0,0.0,0.0,,,,,2.0,6.0,2.0,6.0
27783,Ajit  Chandila,1983-12-05,42y 214d,India,Allrounder,Right hand Bat,Right arm Offbreak,,2012,IPL 2012,RR,4,1.0,1.0,0.0,0.0,,1.0,0.0,0.0,0.0,0.0,0.0,3,0,5.0,6.14,84.0,4/13,4/13,17.2,16.8,1.0,0.0,0.0,,,,,4.0,13.0,4.0,13.0
324444,Amit Gajanan Paunikar,1988-04-18,38y 80d,India,Wicketkeeper Batter,Right hand Bat,,,2011,IPL 2011,RR,4,4.0,0.0,49.0,20.0,12.25,57.0,85.96,0.0,0.0,9.0,0.0,1,0,,,,,,,,,,,,,,,,,,
324444,Amit Gajanan Paunikar,1988-04-18,38y 80d,India,Wicketkeeper Batter,Right hand Bat,,,2009/10,IPL 2009/10,RR,1,1.0,0.0,0.0,0.0,0.0,1.0,0.0,0.0,0.0,0.0,0.0,0,0,,,,,,,,,,,,,,,,,,
26789,Amit Singh,1981-06-21,45y 16d,India,Bowler,Right hand Bat,Right arm Medium fast,,2012,IPL 2012,RR,9,1.0,0.0,0.0,0.0,0.0,3.0,0.0,0.0,0.0,0.0,0.0,1,0,10.0,9.44,197.0,2/29,2/29,31.0,19.7,0.0,0.0,0.0,,,,,2.0,29.0,2.0,29.0
26789,Amit Singh,1981-06-21,45y 16d,India,Bowler,Right hand Bat,Right arm Medium fast,,2011,IPL 2011,RR,9,2.0,0.0,1.0,1.0,0.5,4.0,25.0,0.0,0.0,0.0,0.0,0,0,9.0,7.54,171.0,3/35,3/35,23.88,19.0,0.0,0.0,0.0,,,,,3.0,35.0,3.0,35.0
26789,Amit Singh,1981-06-21,45y 16d,India,Bowler,Right hand Bat,Right arm Medium fast,,2009,IPL 2009,RR,5,2.0,1.0,1.0,1.0,1.0,3.0,33.33,0.0,0.0,0.0,0.0,0,0,9.0,5.42,105.0,4/19,4/19,10.55,11.6,1.0,0.0,0.0,,,,,4.0,19.0,4.0,19.0
35586,Amit Uniyal,1981-11-21,44y 228d,India,,Left hand Bat,Left arm Medium,,2009/10,IPL 2009/10,RR,2,2.0,1.0,4.0,4.0,4.0,7.0,57.14,0.0,0.0,0.0,0.0,0,0,2.0,11.0,36.0,2/41,2/41,33.0,18.0,0.0,0.0,0.0,,,,,2.0,41.0,2.0,41.0
337913,Ankeet Anil Chavan,1985-10-28,40y 252d,India,Batter,Left hand Bat,Slow Left arm Orthodox,,2013,IPL 2013,RR,3,,,,,,,,,,,,0,0,1.0,7.0,54.0,1/28,1/28,63.0,54.0,0.0,0.0,0.0,,,,,1.0,28.0,1.0,28.0
337913,Ankeet Anil Chavan,1985-10-28,40y 252d,India,Batter,Left hand Bat,Slow Left arm Orthodox,,2012,IPL 2012,RR,8,2.0,1.0,11.0,7.0,11.0,8.0,137.5,0.0,0.0,2.0,0.0,2,0,7.0,8.63,164.0,2/23,2/23,33.71,23.4,0.0,0.0,0.0,,,,,2.0,23.0,2.0,23.0
337913,Ankeet Anil Chavan,1985-10-28,40y 252d,India,Batter,Left hand Bat,Slow Left arm Orthodox,,2011,IPL 2011,RR,2,1.0,0.0,1.0,1.0,1.0,3.0,33.33,0.0,0.0,0.0,0.0,1,0,0.0,5.4,30.0,,,,,0.0,0.0,0.0,,,,,,,,
371150,Ashok Lakshminarayan Menaria,1990-10-29,35y 251d,India,Allrounder,Left hand Bat,Slow Left arm Orthodox,,2013,IPL 2013,RR,1,1.0,0.0,1.0,1.0,1.0,2.0,50.0,0.0,0.0,0.0,0.0,0,0,,,,,,,,,,,,,,,,,,
371150,Ashok Lakshminarayan Menaria,1990-10-29,35y 251d,India,Allrounder,Left hand Bat,Slow Left arm Orthodox,,2012,IPL 2012,RR,15,12.0,1.0,220.0,40.0,20.0,202.0,108.91,0.0,0.0,14.0,8.0,2,0,1.0,6.9,20.0,1/3,1/3,23.0,20.0,0.0,0.0,0.0,,,,,1.0,3.0,1.0,3.0
371150,Ashok Lakshminarayan Menaria,1990-10-29,35y 251d,India,Allrounder,Left hand Bat,Slow Left arm Orthodox,,2011,IPL 2011,RR,13,10.0,1.0,180.0,34.0,20.0,152.0,118.42,0.0,0.0,10.0,10.0,3,0,2.0,8.06,90.0,2/20,2/20,60.5,45.0,0.0,0.0,0.0,,,,,2.0,20.0,2.0,20.0
1515046,Brijesh Sharma,1998-12-16,27y 203d,India,Bowler,Right hand Bat,Right arm Medium,,2026,IPL 2026,RR,13,2.0,2.0,2.0,1.0,,4.0,50.0,0.0,0.0,0.0,0.0,1,0,14.0,9.89,273.0,2/18,2/18,32.14,19.5,0.0,0.0,0.0,,,,,2.0,18.0,2.0,18.0
308798,D'Arcy John Matthew Short,1990-08-09,35y 332d,Australia,Opening Batter,Left hand Bat,Left arm Wrist spin,2018 - 2020,2018,IPL 2018,RR,7,7.0,0.0,115.0,44.0,16.42,99.0,116.16,0.0,0.0,11.0,5.0,2,0,1.0,6.33,18.0,1/10,1/10,19.0,18.0,0.0,0.0,0.0,2018-02-03,2020-12-08,2018-06-16,2020-03-13,1.0,10.0,1.0,10.0
6513,Damien Richard Martyn,1971-10-21,54y 259d,Australia,Top order Batter,Right hand Bat,Right arm Medium,1992 - 2006,2009/10,IPL 2009/10,RR,1,1.0,0.0,19.0,19.0,19.0,24.0,79.16,0.0,0.0,1.0,0.0,0,0,,,,,,,,,,,2005-02-17,2006-02-24,1992-12-08,2006-11-05,,,,
6285,Darren Scott Lehmann,1970-02-05,56y 152d,Australia,Top order Batter,Left hand Bat,Slow Left arm Orthodox,1996 - 2005,2007/08,IPL 2007/08,RR,2,2.0,0.0,18.0,17.0,9.0,18.0,100.0,0.0,0.0,3.0,0.0,0,0,,,,,,,,,,,,,1996-08-30,2005-02-06,,,,
1175488,Dhruv Chand Jurel,2001-01-21,25y 167d,India,Wicketkeeper Batter,Right hand Bat,,2024 - 2026,2026,IPL 2026,RR,16,16.0,2.0,515.0,81.0,36.78,333.0,154.65,0.0,6.0,47.0,24.0,18,1,,,,,,,,,,,2024-07-06,2025-01-28,,,,,,
1175488,Dhruv Chand Jurel,2001-01-21,25y 167d,India,Wicketkeeper Batter,Right hand Bat,,2024 - 2026,2025,IPL 2025,RR,14,13.0,4.0,333.0,70.0,37.0,213.0,156.33,0.0,2.0,22.0,22.0,7,0,,,,,,,,,,,2024-07-06,2025-01-28,,,,,,
1175488,Dhruv Chand Jurel,2001-01-21,25y 167d,India,Wicketkeeper Batter,Right hand Bat,,2024 - 2026,2024,IPL 2024,RR,15,11.0,3.0,195.0,56.0,24.37,141.0,138.29,0.0,2.0,18.0,7.0,11,0,,,,,,,,,,,2024-07-06,2025-01-28,,,,,,
1175488,Dhruv Chand Jurel,2001-01-21,25y 167d,India,Wicketkeeper Batter,Right hand Bat,,2024 - 2026,2023,IPL 2023,RR,13,11.0,4.0,152.0,34.0,21.71,88.0,172.72,0.0,0.0,11.0,9.0,1,0,,,,,,,,,,,2024-07-06,2025-01-28,,,,,,
278482,Dinesh Salunkhe,1982-11-12,43y 237d,India,Bowler,Right hand Bat,Legbreak,,2007/08,IPL 2007/08,RR,6,3.0,1.0,33.0,26.0,16.5,24.0,137.5,0.0,0.0,5.0,0.0,2,0,1.0,9.75,48.0,1/21,1/21,78.0,48.0,0.0,0.0,0.0,,,,,1.0,21.0,1.0,21.0
36071,Dishant Harendra Yagnik,1983-06-22,43y 15d,India,Wicketkeeper,Left hand Bat,,,2014,IPL 2014,RR,1,1.0,1.0,4.0,4.0,,6.0,66.66,0.0,0.0,0.0,0.0,1,0,,,,,,,,,,,,,,,,,,
36071,Dishant Harendra Yagnik,1983-06-22,43y 15d,India,Wicketkeeper,Left hand Bat,,,2013,IPL 2013,RR,12,9.0,1.0,125.0,34.0,15.62,96.0,130.2,0.0,0.0,17.0,2.0,6,1,,,,,,,,,,,,,,,,,,
36071,Dishant Harendra Yagnik,1983-06-22,43y 15d,India,Wicketkeeper,Left hand Bat,,,2012,IPL 2012,RR,5,3.0,2.0,25.0,10.0,25.0,13.0,192.3,0.0,0.0,5.0,0.0,2,0,,,,,,,,,,,,,,,,,,
36071,Dishant Harendra Yagnik,1983-06-22,43y 15d,India,Wicketkeeper,Left hand Bat,,,2011,IPL 2011,RR,7,4.0,3.0,16.0,10.0,16.0,22.0,72.72,0.0,0.0,1.0,0.0,3,4,,,,,,,,,,,,,,,,,,
28671,Faiz Yakub Fazal,1985-09-07,40y 303d,India,Opening Batter,Left hand Bat,Right arm Medium,2016 - 2016,2011,IPL 2011,RR,2,2.0,0.0,19.0,16.0,9.5,19.0,100.0,0.0,0.0,3.0,0.0,0,0,,,,,,,,,,,,,2016-06-15,2003-12-17,,,,
28671,Faiz Yakub Fazal,1985-09-07,40y 303d,India,Opening Batter,Left hand Bat,Right arm Medium,2016 - 2016,2009/10,IPL 2009/10,RR,10,9.0,1.0,164.0,45.0,20.5,154.0,106.49,0.0,0.0,19.0,1.0,6,0,0.0,10.0,12.0,,,,,0.0,0.0,0.0,,,2016-06-15,2003-12-17,,,,
974175,Fazalhaq Farooqi,2000-09-22,25y 288d,Afghanistan,Bowler,Right hand Bat,Left arm Fast medium,2021 - 2026,2025,IPL 2025,RR,5,1.0,1.0,2.0,2.0,,2.0,100.0,0.0,0.0,0.0,0.0,0,0,0.0,12.35,102.0,,,,,0.0,0.0,0.0,2021-03-20,2026-02-11,2022-01-25,2025-02-28,,,,
974175,Fazalhaq Farooqi,2000-09-22,25y 288d,Afghanistan,Bowler,Right hand Bat,Left arm Fast medium,2021 - 2026,2023,IPL 2023,SRH,4,1.0,1.0,1.0,1.0,,5.0,20.0,0.0,0.0,0.0,0.0,1,0,4.0,8.77,80.0,2/41,2/41,29.25,20.0,0.0,0.0,0.0,2021-03-20,2026-02-11,2022-01-25,2025-02-28,2.0,41.0,2.0,41.0
974175,Fazalhaq Farooqi,2000-09-22,25y 288d,Afghanistan,Bowler,Right hand Bat,Left arm Fast medium,2021 - 2026,2022,IPL 2022,SRH,3,1.0,1.0,2.0,2.0,,8.0,25.0,0.0,0.0,0.0,0.0,0,0,2.0,9.16,72.0,2/32,2/32,55.0,36.0,0.0,0.0,0.0,2021-03-20,2026-02-11,2022-01-25,2025-02-28,2.0,32.0,2.0,32.0
422847,Harmeet Singh Baddhan,1992-09-07,33y 303d,United States of America,Bowling Allrounder,Left hand Bat,Slow Left arm Orthodox,2024 - 2026,2013,IPL 2013,RR,1,,,,,,,,,,,,0,0,1.0,8.5,24.0,1/34,1/34,34.0,24.0,0.0,0.0,0.0,2024-04-07,2026-02-15,2024-08-13,2026-06-12,1.0,34.0,1.0,34.0
559066,Inderbir Singh Sodhi,1992-10-31,33y 249d,New Zealand,Bowler,Right hand Bat,Legbreak,2013 - 2026,2019,IPL 2019,RR,2,1.0,0.0,6.0,6.0,6.0,11.0,54.54,0.0,0.0,0.0,0.0,0,0,4.0,9.34,43.0,3/26,3/26,16.75,10.7,0.0,0.0,0.0,2014-07-05,2026-05-02,2015-08-02,2024-11-19,3.0,26.0,3.0,26.0
559066,Inderbir Singh Sodhi,1992-10-31,33y 249d,New Zealand,Bowler,Right hand Bat,Legbreak,2013 - 2026,2018,IPL 2018,RR,6,1.0,0.0,1.0,1.0,1.0,6.0,16.66,0.0,0.0,0.0,0.0,0,0,5.0,5.86,138.0,1/14,1/14,27.0,27.6,0.0,0.0,0.0,2014-07-05,2026-05-02,2015-08-02,2024-11-19,1.0,14.0,1.0,14.0
303669,Joseph Edward Root,1990-12-30,35y 189d,England,Top order Batter,Right hand Bat,Right arm Offbreak,2012 - 2026,2023,IPL 2023,RR,3,1.0,0.0,10.0,10.0,10.0,15.0,66.66,0.0,0.0,1.0,0.0,2,0,0.0,7.0,12.0,,,,,0.0,0.0,0.0,2012-12-22,2019-05-05,2013-01-11,2026-01-27,,,,
41028,Kamran Akmal,1982-01-13,44y 175d,Pakistan,Wicketkeeper Batter,Right hand Bat,,2002 - 2017,2007/08,IPL 2007/08,RR,6,6.0,1.0,128.0,53.0,25.6,78.0,164.1,0.0,1.0,13.0,8.0,5,4,,,,,,,,,,,2006-08-28,2017-04-02,2002-11-23,2017-04-11,,,,
267724,Keshav Athmanand Maharaj,1990-02-07,36y 150d,South Africa,Bowler,Right hand Bat,Slow Left arm Orthodox,2016 - 2026,2024,IPL 2024,RR,2,1.0,0.0,1.0,1.0,1.0,2.0,50.0,0.0,0.0,0.0,0.0,1,0,2.0,6.5,36.0,2/23,2/23,19.5,18.0,0.0,0.0,0.0,2021-09-10,2026-03-25,2017-05-27,2025-12-06,2.0,23.0,2.0,23.0
371814,Kevon Keston Cooper,1989-02-16,37y 141d,West Indies,Allrounder,Right hand Bat,Right arm Medium,,2014,IPL 2014,RR,5,5.0,2.0,39.0,32.0,13.0,26.0,150.0,0.0,0.0,2.0,3.0,2,0,4.0,7.44,108.0,2/38,2/38,33.5,27.0,0.0,0.0,0.0,,,,,2.0,38.0,2.0,38.0
371814,Kevon Keston Cooper,1989-02-16,37y 141d,West Indies,Allrounder,Right hand Bat,Right arm Medium,,2013,IPL 2013,RR,14,5.0,1.0,39.0,26.0,9.75,22.0,177.27,0.0,0.0,4.0,2.0,8,0,19.0,8.31,324.0,3/15,3/15,23.63,17.0,0.0,0.0,0.0,,,,,3.0,15.0,3.0,15.0
371814,Kevon Keston Cooper,1989-02-16,37y 141d,West Indies,Allrounder,Right hand Bat,Right arm Medium,,2012,IPL 2012,RR,6,4.0,2.0,38.0,14.0,19.0,20.0,190.0,0.0,0.0,3.0,3.0,2,0,10.0,7.25,144.0,4/26,4/26,17.4,14.4,1.0,0.0,0.0,,,,,4.0,26.0,4.0,26.0
1163695,Kuldeep Rampal Sen,1996-10-22,29y 258d,India,Bowler,Right hand Bat,Right arm Fast,2022 - 2022,2024,IPL 2024,RR,3,,,,,,,,,,,,1,0,6.0,10.16,72.0,3/41,3/41,20.33,12.0,0.0,0.0,0.0,,,2022-12-04,2018-11-01,3.0,41.0,3.0,41.0
1163695,Kuldeep Rampal Sen,1996-10-22,29y 258d,India,Bowler,Right hand Bat,Right arm Fast,2022 - 2022,2023,IPL 2023,RR,2,,,,,,,,,,,,0,0,0.0,9.33,18.0,,,,,0.0,0.0,0.0,,,2022-12-04,2018-11-01,,,,
1163695,Kuldeep Rampal Sen,1996-10-22,29y 258d,India,Bowler,Right hand Bat,Right arm Fast,2022 - 2022,2022,IPL 2022,RR,7,1.0,1.0,0.0,0.0,,3.0,0.0,0.0,0.0,0.0,0.0,3,0,8.0,9.41,151.0,4/20,4/20,29.62,18.8,1.0,0.0,0.0,,,2022-12-04,2018-11-01,4.0,20.0,4.0,20.0
1206495,Kuldip Yadav,1996-10-15,29y 265d,India,Bowler,Left hand Bat,Left arm Fast medium,,2023,IPL 2023,RR,2,,,,,,,,,,,,0,0,2.0,9.71,42.0,1/18,1/18,34.0,21.0,0.0,0.0,0.0,,,,,1.0,18.0,1.0,18.0
1206495,Kuldip Yadav,1996-10-15,29y 265d,India,Bowler,Left hand Bat,Left arm Fast medium,,2021,IPL 2021,RR,1,1.0,1.0,0.0,0.0,,4.0,0.0,0.0,0.0,0.0,0.0,0,0,0.0,8.0,12.0,,,,,0.0,0.0,0.0,,,,,,,,
1339031,Kunal Singh Rathore,2002-10-09,23y 271d,India,Wicketkeeper Batter,Left hand Bat,,,2025,IPL 2025,RR,1,1.0,0.0,0.0,0.0,0.0,5.0,0.0,0.0,0.0,0.0,0.0,0,0,,,,,,,,,,,,,,,,,,
300631,Mathurage Don Kusal Janith Perera,1990-08-17,35y 324d,Sri Lanka,Wicketkeeper Batter,Left hand Bat,,2013 - 2026,2013,IPL 2013,RR,2,2.0,0.0,14.0,14.0,7.0,13.0,107.69,0.0,0.0,3.0,0.0,0,0,,,,,,,,,,,2013-01-26,2026-02-19,2013-01-13,2023-11-09,,,,
4541,Lee Andrew Carseldine,1975-11-17,50y 232d,Australia,Allrounder,Left hand Bat,Left arm Medium,,2009,IPL 2009,RR,5,5.0,1.0,81.0,39.0,20.25,68.0,119.11,0.0,0.0,11.0,0.0,4,0,1.0,6.0,6.0,1/6,1/6,6.0,6.0,0.0,0.0,0.0,,,,,1.0,6.0,1.0,6.0
1385640,Lhuan-dre Gilbert  Pretorius,2006-03-27,20y 102d,South Africa,Wicketkeeper Batter,Left hand Bat,,2025 - 2026,2026,IPL 2026,RR,2,2.0,0.0,7.0,7.0,3.5,8.0,87.5,0.0,0.0,0.0,0.0,0,0,,,,,,,,,,,2025-07-14,2026-01-27,2025-11-04,2025-11-08,,,,
1385640,Lhuan-dre Gilbert  Pretorius,2006-03-27,20y 102d,South Africa,Wicketkeeper Batter,Left hand Bat,,2025 - 2026,2025,IPL 2025,RR,1,,,,,,,,,,,,0,0,,,,,,,,,,,2025-07-14,2026-01-27,2025-11-04,2025-11-08,,,,
971349,Nandre Burger,1995-08-11,30y 330d,South Africa,Bowler,Left hand Bat,Left arm Fast medium,2023 - 2025,2026,IPL 2026,RR,13,3.0,2.0,14.0,10.0,14.0,9.0,155.55,0.0,0.0,0.0,1.0,4,0,14.0,10.11,261.0,2/21,2/21,31.42,18.6,0.0,0.0,0.0,2023-12-14,2025-10-31,2023-12-17,2025-12-03,2.0,21.0,2.0,21.0
971349,Nandre Burger,1995-08-11,30y 330d,South Africa,Bowler,Left hand Bat,Left arm Fast medium,2023 - 2025,2024,IPL 2024,RR,6,,,,,,,,,,,,2,0,7.0,8.52,102.0,2/29,2/29,20.71,14.5,0.0,0.0,0.0,2023-12-14,2025-10-31,2023-12-17,2025-12-03,2.0,29.0,2.0,29.0
32240,Niraj Kanubhai Patel,1981-03-26,45y 103d,India,Allrounder,Left hand Bat,,,2009,IPL 2009,RR,4,2.0,0.0,18.0,14.0,9.0,38.0,47.36,0.0,0.0,1.0,0.0,4,0,,,,,,,,,,,,,,,,,,
32240,Niraj Kanubhai Patel,1981-03-26,45y 103d,India,Allrounder,Left hand Bat,,,2007/08,IPL 2007/08,RR,5,4.0,2.0,103.0,57.0,51.5,81.0,127.16,0.0,1.0,13.0,1.0,2,0,,,,,,,,,,,,,,,,,,
906783,Obed  Christopher McCoy,1997-01-04,29y 184d,West Indies,Bowler,Left hand Bat,Left arm Fast medium,2018 - 2025,2023,IPL 2023,RR,1,,,,,,,,,,,,0,0,0.0,13.0,6.0,,,,,0.0,0.0,0.0,2019-03-08,2025-09-27,2018-10-24,2018-10-27,,,,
906783,Obed  Christopher McCoy,1997-01-04,29y 184d,West Indies,Bowler,Left hand Bat,Left arm Fast medium,2018 - 2025,2022,IPL 2022,RR,7,1.0,0.0,8.0,8.0,8.0,5.0,160.0,0.0,0.0,0.0,1.0,1,0,11.0,9.17,155.0,3/23,3/23,21.54,14.0,0.0,0.0,0.0,2019-03-08,2025-09-27,2018-10-24,2018-10-27,3.0,23.0,3.0,23.0
914567,Oshane Romaine Thomas,1997-02-18,29y 139d,West Indies,Bowler,Left hand Bat,Right arm Fast,2018 - 2024,2019,IPL 2019,RR,4,,,,,,,,,,,,1,0,5.0,7.9,60.0,2/6,2/6,15.8,12.0,0.0,0.0,0.0,2018-11-04,2023-12-21,2018-10-21,2024-02-06,2.0,6.0,2.0,6.0
500135,Prashant Chopra,1992-10-07,33y 273d,India,Opening Batter,Right hand Bat,Legbreak Googly,,2019,IPL 2019,RR,1,,,,,,,,,,,,0,0,,,,,,,,,,,,,,,,,,
500135,Prashant Chopra,1992-10-07,33y 273d,India,Opening Batter,Right hand Bat,Legbreak Googly,,2018,IPL 2018,RR,1,1.0,0.0,8.0,8.0,8.0,6.0,133.33,0.0,0.0,2.0,0.0,0,0,,,,,,,,,,,,,,,,,,
337790,Hendrik Erasmus van der Dussen,1989-02-07,37y 150d,South Africa,Top order Batter,Right hand Bat,Legbreak,2018 - 2025,2022,IPL 2022,RR,3,3.0,1.0,22.0,12.0,11.0,24.0,91.66,0.0,0.0,2.0,0.0,0,0,,,,,,,,,,,2018-10-09,2025-08-16,2019-01-19,2025-03-05,,,,
1461577,Ravi Singh,2001-05-25,25y 43d,India,Middle order Batter,Left hand Bat,Legbreak,,2026,IPL 2026,RR,1,1.0,0.0,4.0,4.0,4.0,2.0,200.0,0.0,0.0,1.0,0.0,0,0,,,,,,,,,,,,,,,,,,
1079434,Riyan Parag,2001-11-10,24y 239d,India,Top order Batter,Right hand Bat,"Right arm Offbreak, Legbreak",2024 - 2024,2026,IPL 2026,RR,14,14.0,1.0,309.0,90.0,23.76,196.0,157.65,0.0,2.0,24.0,21.0,4,0,2.0,9.5,24.0,1/5,1/5,19.0,12.0,0.0,0.0,0.0,2024-07-06,2024-10-12,2024-08-07,2024-07-06,1.0,5.0,1.0,5.0
1079434,Riyan Parag,2001-11-10,24y 239d,India,Top order Batter,Right hand Bat,"Right arm Offbreak, Legbreak",2024 - 2024,2025,IPL 2025,RR,14,14.0,2.0,393.0,95.0,32.75,236.0,166.52,0.0,1.0,27.0,27.0,8,0,3.0,8.5,120.0,1/12,1/12,56.66,40.0,0.0,0.0,0.0,2024-07-06,2024-10-12,2024-08-07,2024-07-06,1.0,12.0,1.0,12.0
1079434,Riyan Parag,2001-11-10,24y 239d,India,Top order Batter,Right hand Bat,"Right arm Offbreak, Legbreak",2024 - 2024,2024,IPL 2024,RR,16,14.0,3.0,573.0,84.0,52.09,384.0,149.21,0.0,4.0,40.0,33.0,7,0,0.0,9.0,18.0,,,,,0.0,0.0,0.0,2024-07-06,2024-10-12,2024-08-07,2024-07-06,,,,
1079434,Riyan Parag,2001-11-10,24y 239d,India,Top order Batter,Right hand Bat,"Right arm Offbreak, Legbreak",2024 - 2024,2023,IPL 2023,RR,7,7.0,1.0,78.0,20.0,13.0,66.0,118.18,0.0,0.0,4.0,5.0,1,0,,,,,,,,,,,2024-07-06,2024-10-12,2024-08-07,2024-07-06,,,,
1079434,Riyan Parag,2001-11-10,24y 239d,India,Top order Batter,Right hand Bat,"Right arm Offbreak, Legbreak",2024 - 2024,2022,IPL 2022,RR,17,14.0,3.0,183.0,56.0,16.63,132.0,138.63,0.0,1.0,11.0,10.0,17,0,1.0,14.75,24.0,1/12,1/12,59.0,24.0,0.0,0.0,0.0,2024-07-06,2024-10-12,2024-08-07,2024-07-06,1.0,12.0,1.0,12.0
1079434,Riyan Parag,2001-11-10,24y 239d,India,Top order Batter,Right hand Bat,"Right arm Offbreak, Legbreak",2024 - 2024,2021,IPL 2021,RR,11,10.0,2.0,93.0,25.0,11.62,83.0,112.04,0.0,0.0,6.0,4.0,6,0,1.0,11.83,37.0,1/7,1/7,73.0,37.0,0.0,0.0,0.0,2024-07-06,2024-10-12,2024-08-07,2024-07-06,1.0,7.0,1.0,7.0
1079434,Riyan Parag,2001-11-10,24y 239d,India,Top order Batter,Right hand Bat,"Right arm Offbreak, Legbreak",2024 - 2024,2020/21,IPL 2020/21,RR,12,8.0,1.0,86.0,42.0,12.28,77.0,111.68,0.0,0.0,6.0,3.0,1,0,0.0,13.5,12.0,,,,,0.0,0.0,0.0,2024-07-06,2024-10-12,2024-08-07,2024-07-06,,,,
1079434,Riyan Parag,2001-11-10,24y 239d,India,Top order Batter,Right hand Bat,"Right arm Offbreak, Legbreak",2024 - 2024,2019,IPL 2019,RR,7,5.0,0.0,160.0,50.0,32.0,126.0,126.98,0.0,1.0,17.0,5.0,5,0,2.0,8.64,84.0,1/10,1/10,60.5,42.0,0.0,0.0,0.0,2024-07-06,2024-10-12,2024-08-07,2024-07-06,1.0,10.0,1.0,10.0
211854,Robert John Quiney,1982-08-20,43y 321d,Australia,Batter,Left hand Bat,Right arm Medium,2012 - 2012,2009,IPL 2009,RR,7,7.0,0.0,103.0,51.0,14.71,102.0,100.98,0.0,1.0,12.0,3.0,1,0,,,,,,,,,,,,,,,,,,
5605,Shane Michael Harwood,1974-03-01,52y 128d,Australia,Bowler,Right hand Bat,Right arm Fast medium,2007 - 2009,2009,IPL 2009,RR,3,2.0,2.0,9.0,6.0,,14.0,64.28,0.0,0.0,0.0,0.0,2,0,3.0,7.3,60.0,2/25,2/25,24.33,20.0,0.0,0.0,0.0,2007-01-09,2009-03-29,2009-04-13,2007-01-09,2.0,25.0,2.0,25.0
8166,Shane Keith Warne,1969-09-13,,Australia,Bowler,Right hand Bat,Legbreak Googly,1992 - 2007,2011,IPL 2011,RR,13,4.0,2.0,10.0,5.0,5.0,20.0,50.0,0.0,0.0,1.0,0.0,2,0,13.0,6.31,282.0,3/16,3/16,22.84,21.6,0.0,0.0,0.0,,,1993-03-24,2005-01-10,3.0,16.0,3.0,16.0
8166,Shane Keith Warne,1969-09-13,,Australia,Bowler,Right hand Bat,Legbreak Googly,1992 - 2007,2009/10,IPL 2009/10,RR,14,7.0,2.0,10.0,4.0,2.0,19.0,52.63,0.0,0.0,0.0,0.0,2,0,11.0,7.62,300.0,4/21,4/21,34.63,27.2,1.0,0.0,0.0,,,1993-03-24,2005-01-10,4.0,21.0,4.0,21.0
8166,Shane Keith Warne,1969-09-13,,Australia,Bowler,Right hand Bat,Legbreak Googly,1992 - 2007,2009,IPL 2009,RR,13,11.0,3.0,108.0,34.0,13.5,116.0,93.1,0.0,0.0,6.0,4.0,6,0,14.0,7.3,300.0,3/24,3/24,26.07,21.4,0.0,0.0,0.0,,,1993-03-24,2005-01-10,3.0,24.0,3.0,24.0
8166,Shane Keith Warne,1969-09-13,,Australia,Bowler,Right hand Bat,Legbreak Googly,1992 - 2007,2007/08,IPL 2007/08,RR,15,7.0,2.0,70.0,22.0,14.0,59.0,118.64,0.0,0.0,7.0,2.0,6,0,19.0,7.76,312.0,3/19,3/19,21.26,16.4,0.0,0.0,0.0,,,1993-03-24,2005-01-10,3.0,19.0,3.0,19.0
8076,Shaun William Tait,1983-02-22,43y 135d,Australia,Bowler,Right hand Bat,Right arm Fast,2005 - 2016,2013,IPL 2013,RR,3,1.0,0.0,1.0,1.0,1.0,3.0,33.33,0.0,0.0,0.0,0.0,0,0,1.0,9.8,60.0,1/29,1/29,98.0,60.0,0.0,0.0,0.0,2007-12-11,2016-01-31,2007-02-02,2011-03-24,1.0,29.0,1.0,29.0
8076,Shaun William Tait,1983-02-22,43y 135d,Australia,Bowler,Right hand Bat,Right arm Fast,2005 - 2016,2012,IPL 2012,RR,6,,,,,,,,,,,,1,0,6.0,6.61,137.0,3/13,3/13,25.16,22.8,0.0,0.0,0.0,2007-12-11,2016-01-31,2007-02-02,2011-03-24,3.0,13.0,3.0,13.0
8076,Shaun William Tait,1983-02-22,43y 135d,Australia,Bowler,Right hand Bat,Right arm Fast,2005 - 2016,2011,IPL 2011,RR,4,2.0,1.0,10.0,10.0,10.0,10.0,100.0,0.0,0.0,1.0,0.0,3,0,6.0,8.49,89.0,3/22,3/22,21.0,14.8,0.0,0.0,0.0,2007-12-11,2016-01-31,2007-02-02,2011-03-24,3.0,22.0,3.0,22.0
8076,Shaun William Tait,1983-02-22,43y 135d,Australia,Bowler,Right hand Bat,Right arm Fast,2005 - 2016,2009/10,IPL 2009/10,RR,8,2.0,1.0,12.0,11.0,12.0,13.0,92.3,0.0,0.0,0.0,1.0,2,0,10.0,8.34,187.0,3/22,3/22,26.0,18.7,0.0,0.0,0.0,2007-12-11,2016-01-31,2007-02-02,2011-03-24,3.0,22.0,3.0,22.0
1252585,Shubham Badriprasad Dubey,1994-08-27,31y 314d,India,Middle order Batter,Left hand Bat,Right arm Offbreak,,2026,IPL 2026,RR,7,6.0,2.0,81.0,31.0,20.25,58.0,139.65,0.0,0.0,8.0,3.0,0,0,,,,,,,,,,,,,,,,,,
1252585,Shubham Badriprasad Dubey,1994-08-27,31y 314d,India,Middle order Batter,Left hand Bat,Right arm Offbreak,,2025,IPL 2025,RR,9,8.0,4.0,106.0,34.0,26.5,66.0,160.6,0.0,0.0,6.0,8.0,1,0,,,,,,,,,,,,,,,,,,
1252585,Shubham Badriprasad Dubey,1994-08-27,31y 314d,India,Middle order Batter,Left hand Bat,Right arm Offbreak,,2024,IPL 2024,RR,4,3.0,1.0,33.0,25.0,16.5,19.0,173.68,0.0,0.0,3.0,2.0,0,0,,,,,,,,,,,,,,,,,,
35353,Siddharth Kishorkumar Trivedi,1982-09-04,43y 306d,India,Bowler,Right hand Bat,Right arm Medium,,2013,IPL 2013,RR,17,2.0,1.0,3.0,3.0,3.0,7.0,42.85,0.0,0.0,0.0,0.0,4,0,12.0,6.85,359.0,3/23,3/23,34.16,29.9,0.0,0.0,0.0,,,,,3.0,23.0,3.0,23.0
35353,Siddharth Kishorkumar Trivedi,1982-09-04,43y 306d,India,Bowler,Right hand Bat,Right arm Medium,,2012,IPL 2012,RR,14,1.0,1.0,5.0,5.0,,6.0,83.33,0.0,0.0,0.0,0.0,4,0,13.0,7.3,312.0,4/25,4/25,29.23,24.0,1.0,0.0,0.0,,,,,4.0,25.0,4.0,25.0
35353,Siddharth Kishorkumar Trivedi,1982-09-04,43y 306d,India,Bowler,Right hand Bat,Right arm Medium,,2011,IPL 2011,RR,12,2.0,1.0,0.0,0.0,0.0,2.0,0.0,0.0,0.0,0.0,0.0,0,0,10.0,8.49,214.0,3/15,3/15,30.3,21.4,0.0,0.0,0.0,,,,,3.0,15.0,3.0,15.0
35353,Siddharth Kishorkumar Trivedi,1982-09-04,43y 306d,India,Bowler,Right hand Bat,Right arm Medium,,2009/10,IPL 2009/10,RR,11,4.0,2.0,20.0,9.0,10.0,14.0,142.85,0.0,0.0,3.0,1.0,1,0,11.0,7.32,213.0,3/16,3/16,23.63,19.3,0.0,0.0,0.0,,,,,3.0,16.0,3.0,16.0
35353,Siddharth Kishorkumar Trivedi,1982-09-04,43y 306d,India,Bowler,Right hand Bat,Right arm Medium,,2009,IPL 2009,RR,7,3.0,1.0,9.0,6.0,4.5,18.0,50.0,0.0,0.0,0.0,0.0,2,0,6.0,7.6,120.0,2/19,2/19,25.33,20.0,0.0,0.0,0.0,,,,,2.0,19.0,2.0,19.0
35353,Siddharth Kishorkumar Trivedi,1982-09-04,43y 306d,India,Bowler,Right hand Bat,Right arm Medium,,2007/08,IPL 2007/08,RR,15,3.0,2.0,5.0,3.0,5.0,12.0,41.66,0.0,0.0,0.0,0.0,3,0,13.0,8.31,288.0,2/25,2/25,30.69,22.1,0.0,0.0,0.0,,,,,2.0,25.0,2.0,25.0
43265,Sohail Tanvir,1984-12-12,41y 207d,Pakistan,Bowler,Left hand Bat,Left arm Medium fast,2007 - 2017,2007/08,IPL 2007/08,RR,11,5.0,2.0,36.0,13.0,12.0,29.0,124.13,0.0,0.0,3.0,1.0,4,0,22.0,6.46,247.0,6/14,6/14,12.09,11.2,1.0,1.0,0.0,2007-09-14,2017-04-01,2007-10-18,2014-12-17,6.0,14.0,6.0,14.0
1131619,Sudhesan Midhun,1994-10-07,31y 273d,India,Bowler,Right hand Bat,Legbreak Googly,,2019,IPL 2019,RR,1,,,,,,,,,,,,1,0,0.0,13.5,12.0,,,,,0.0,0.0,0.0,,,,,,,,
1175457,Sushant Samirkumar Mishra,2000-12-23,25y 196d,India,Bowler,Left hand Bat,Left arm Medium fast,,2026,IPL 2026,RR,2,1.0,1.0,1.0,1.0,,3.0,33.33,0.0,0.0,0.0,0.0,0,0,2.0,10.57,38.0,2/21,2/21,33.5,19.0,0.0,0.0,0.0,,,,,2.0,21.0,2.0,21.0
26782,Swapnil Ashok Asnodkar,1984-03-29,42y 100d,India,Batter,Right hand Bat,Right arm Offbreak,,2011,IPL 2011,RR,1,1.0,0.0,9.0,9.0,9.0,9.0,100.0,0.0,0.0,1.0,0.0,0,0,,,,,,,,,,,,,,,,,,
26782,Swapnil Ashok Asnodkar,1984-03-29,42y 100d,India,Batter,Right hand Bat,Right arm Offbreak,,2009/10,IPL 2009/10,RR,2,2.0,0.0,5.0,5.0,2.5,4.0,125.0,0.0,0.0,1.0,0.0,0,0,,,,,,,,,,,,,,,,,,
26782,Swapnil Ashok Asnodkar,1984-03-29,42y 100d,India,Batter,Right hand Bat,Right arm Offbreak,,2009,IPL 2009,RR,8,8.0,0.0,98.0,44.0,12.25,93.0,105.37,0.0,0.0,11.0,4.0,1,0,,,,,,,,,,,,,,,,,,
26782,Swapnil Ashok Asnodkar,1984-03-29,42y 100d,India,Batter,Right hand Bat,Right arm Offbreak,,2007/08,IPL 2007/08,RR,9,9.0,0.0,311.0,60.0,34.55,233.0,133.47,0.0,2.0,43.0,6.0,5,0,,,,,,,,,,,,,,,,,,
1125960,Tanush Karunakar Kotian,1998-10-16,27y 264d,India,Bowling Allrounder,Right hand Bat,Right arm Offbreak,,2024,IPL 2024,RR,1,1.0,0.0,24.0,24.0,24.0,31.0,77.41,0.0,0.0,3.0,0.0,0,0,,,,,,,,,,,,,,,,,,
470633,Tom Kohler-Cadmore,1994-08-19,31y 322d,England,Wicketkeeper Batter,Right hand Bat,Right arm Offbreak,,2024,IPL 2024,RR,4,3.0,0.0,48.0,20.0,16.0,54.0,88.88,0.0,0.0,7.0,1.0,1,0,,,,,,,,,,,,,,,,,,
45434,Tyron Henderson,1974-08-01,51y 340d,South Africa,Bowler,Right hand Bat,Right arm Fast medium,2006 - 2006,2009,IPL 2009,RR,2,2.0,0.0,11.0,11.0,5.5,16.0,68.75,0.0,0.0,0.0,1.0,0,0,1.0,6.66,36.0,1/30,1/30,40.0,36.0,0.0,0.0,0.0,2006-12-01,,,,1.0,30.0,1.0,30.0
1408688,Vaibhav Sooryavanshi,2011-03-27,15y 102d,India,Top order Batter,Left hand Bat,Slow Left arm Orthodox,2026 - 2026,2026,IPL 2026,RR,16,16.0,0.0,776.0,103.0,48.5,327.0,237.3,1.0,5.0,63.0,72.0,2,0,,,,,,,,,,,2026-07-04,2024-01-05,,,,,,
1408688,Vaibhav Sooryavanshi,2011-03-27,15y 102d,India,Top order Batter,Left hand Bat,Slow Left arm Orthodox,2026 - 2026,2025,IPL 2025,RR,7,7.0,0.0,252.0,101.0,36.0,122.0,206.55,1.0,1.0,18.0,24.0,0,0,,,,,,,,,,,2026-07-04,2024-01-05,,,,,,
1515186,Yash Raj Punja,2006-06-26,20y 11d,India,Bowler,Right hand Bat,Legbreak Googly,,2026,IPL 2026,RR,8,,,,,,,,,,,,0,0,9.0,9.3,180.0,2/35,2/35,31.0,20.0,0.0,0.0,0.0,,,,,2.0,35.0,2.0,35.0
1151278,Yashasvi Bhupendra Kumar Jaiswal,2001-12-28,24y 191d,India,Opening Batter,Left hand Bat,Legbreak,2023 - 2026,2026,IPL 2026,RR,16,16.0,2.0,427.0,77.0,30.5,280.0,152.5,0.0,3.0,52.0,18.0,4,0,,,,,,,,,,,2023-08-08,2024-07-30,2025-02-06,2026-06-20,,,,
1151278,Yashasvi Bhupendra Kumar Jaiswal,2001-12-28,24y 191d,India,Opening Batter,Left hand Bat,Legbreak,2023 - 2026,2025,IPL 2025,RR,14,14.0,1.0,559.0,75.0,43.0,350.0,159.71,0.0,6.0,60.0,28.0,10,0,,,,,,,,,,,2023-08-08,2024-07-30,2025-02-06,2026-06-20,,,,
1151278,Yashasvi Bhupendra Kumar Jaiswal,2001-12-28,24y 191d,India,Opening Batter,Left hand Bat,Legbreak,2023 - 2026,2024,IPL 2024,RR,16,15.0,1.0,435.0,104.0,31.07,279.0,155.91,1.0,1.0,54.0,16.0,4,0,,,,,,,,,,,2023-08-08,2024-07-30,2025-02-06,2026-06-20,,,,
1151278,Yashasvi Bhupendra Kumar Jaiswal,2001-12-28,24y 191d,India,Opening Batter,Left hand Bat,Legbreak,2023 - 2026,2023,IPL 2023,RR,14,14.0,1.0,625.0,124.0,48.07,382.0,163.61,1.0,5.0,82.0,26.0,8,0,,,,,,,,,,,2023-08-08,2024-07-30,2025-02-06,2026-06-20,,,,
1151278,Yashasvi Bhupendra Kumar Jaiswal,2001-12-28,24y 191d,India,Opening Batter,Left hand Bat,Legbreak,2023 - 2026,2022,IPL 2022,RR,10,10.0,0.0,258.0,68.0,25.8,194.0,132.98,0.0,2.0,28.0,10.0,2,0,0.0,36.0,1.0,,,,,0.0,0.0,0.0,2023-08-08,2024-07-30,2025-02-06,2026-06-20,,,,
1151278,Yashasvi Bhupendra Kumar Jaiswal,2001-12-28,24y 191d,India,Opening Batter,Left hand Bat,Legbreak,2023 - 2026,2021,IPL 2021,RR,10,10.0,0.0,249.0,50.0,24.9,168.0,148.21,0.0,1.0,32.0,10.0,3,0,,,,,,,,,,,2023-08-08,2024-07-30,2025-02-06,2026-06-20,,,,
1151278,Yashasvi Bhupendra Kumar Jaiswal,2001-12-28,24y 191d,India,Opening Batter,Left hand Bat,Legbreak,2023 - 2026,2020/21,IPL 2020/21,RR,3,3.0,0.0,40.0,34.0,13.33,44.0,90.9,0.0,0.0,2.0,2.0,1,0,,,,,,,,,,,2023-08-08,2024-07-30,2025-02-06,2026-06-20,,,,
43652,Mohammad Younis Khan,1977-11-29,48y 220d,Pakistan,Middle order Batter,Right hand Bat,"Right arm Medium, Legbreak",2000 - 2017,2007/08,IPL 2007/08,RR,1,1.0,0.0,3.0,3.0,3.0,7.0,42.85,0.0,0.0,0.0,0.0,1,0,,,,,,,,,,,2006-08-28,2010-12-30,2000-02-13,2015-11-11,,,,
249866,Alexander Daniel Hales,1989-01-03,37y 185d,England,Opening Batter,Right hand Bat,Right arm Medium,2011 - 2022,2018,IPL 2018,SRH,6,6.0,0.0,148.0,45.0,24.66,118.0,125.42,0.0,0.0,13.0,6.0,2,0,,,,,,,,,,,2011-08-31,2022-11-13,2014-08-27,2019-03-02,,,,
1409976,Aniket Umashankar Verma,2002-02-05,24y 152d,India,Batter,Right hand Bat,Right arm Medium fast,,2026,IPL 2026,SRH,10,8.0,2.0,79.0,43.0,13.16,54.0,146.29,0.0,0.0,6.0,5.0,5,0,,,,,,,,,,,,,,,,,,
1409976,Aniket Umashankar Verma,2002-02-05,24y 152d,India,Batter,Right hand Bat,Right arm Medium fast,,2025,IPL 2025,SRH,14,12.0,3.0,236.0,74.0,26.22,142.0,166.19,0.0,1.0,12.0,20.0,6,0,,,,,,,,,,,,,,,,,,
362710,David Alan Payne,1991-02-15,35y 142d,England,Bowler,Right hand Bat,Left arm Fast medium,2022 - 2022,2026,IPL 2026,SRH,2,1.0,1.0,6.0,6.0,,5.0,120.0,0.0,0.0,0.0,0.0,0,0,2.0,14.0,30.0,2/35,2/35,35.0,15.0,0.0,0.0,0.0,,,2022-06-22,2011-04-08,2.0,35.0,2.0,35.0
793007,Lokumarakkalage Dilshan Madushanka,2000-09-18,25y 292d,Sri Lanka,Bowler,Right hand Bat,Left arm Fast medium,2022 - 2026,2026,IPL 2026,SRH,1,,,,,,,,,,,,2,0,1.0,9.0,24.0,1/36,1/36,36.0,24.0,0.0,0.0,0.0,2022-08-27,2026-06-11,2023-01-10,2025-08-31,1.0,36.0,1.0,36.0
1306214,Kiribathgala Kankanamalage Eshan Malinga Dharmasena,2001-02-04,25y 153d,Sri Lanka,Bowler,Left hand Bat,Right arm Fast medium,2025 - 2026,2026,IPL 2026,SRH,15,3.0,2.0,7.0,5.0,7.0,17.0,41.17,0.0,0.0,0.0,0.0,4,0,20.0,9.33,326.0,4/32,4/32,25.35,16.3,1.0,0.0,0.0,2025-11-20,2026-06-14,2025-01-05,2026-06-06,4.0,32.0,4.0,32.0
1306214,Kiribathgala Kankanamalage Eshan Malinga Dharmasena,2001-02-04,25y 153d,Sri Lanka,Bowler,Left hand Bat,Right arm Fast medium,2025 - 2026,2025,IPL 2025,SRH,7,,,,,,,,,,,,4,0,13.0,8.92,160.0,3/31,3/31,18.3,12.3,0.0,0.0,0.0,2025-11-20,2026-06-14,2025-01-05,2026-06-06,3.0,31.0,3.0,31.0
911707,Harry Cherrington Brook,1999-02-22,27y 135d,England,Middle order Batter,Right hand Bat,Right arm Medium,2022 - 2026,2023,IPL 2023,SRH,11,11.0,2.0,190.0,100.0,21.11,154.0,123.37,1.0,0.0,23.0,4.0,3,0,,,,,,,,,,,2022-01-26,2026-07-04,2023-01-27,2026-01-27,,,,
1216159,Harsh Surendra Dubey,2002-07-23,23y 349d,India,Bowling Allrounder,Left hand Bat,Slow Left arm Orthodox,2026 - 2026,2026,IPL 2026,SRH,8,5.0,3.0,13.0,9.0,6.5,9.0,144.44,0.0,0.0,2.0,0.0,4,0,8.0,10.36,132.0,3/12,3/12,28.5,16.5,0.0,0.0,0.0,,,2026-06-13,2026-06-20,3.0,12.0,3.0,12.0
1216159,Harsh Surendra Dubey,2002-07-23,23y 349d,India,Bowling Allrounder,Left hand Bat,Slow Left arm Orthodox,2026 - 2026,2025,IPL 2025,SRH,3,,,,,,,,,,,,0,0,5.0,9.8,60.0,3/34,3/34,19.6,12.0,0.0,0.0,0.0,,,2026-06-13,2026-06-20,3.0,34.0,3.0,34.0
784373,Pasqual Handi Kamindu Dilanka Mendis,1998-09-30,27y 280d,Sri Lanka,Allrounder,Left hand Bat,"Right arm Offbreak, Slow Left arm Orthodox",2018 - 2026,2025,IPL 2025,SRH,5,5.0,2.0,92.0,32.0,30.66,69.0,133.33,0.0,0.0,7.0,2.0,1,0,2.0,8.57,42.0,1/4,1/4,30.0,21.0,0.0,0.0,0.0,2018-10-27,2026-06-14,2019-03-10,2026-06-06,1.0,4.0,1.0,4.0
1175496,Kaki Nitish Kumar Reddy,2003-05-26,23y 42d,India,Batting Allrounder,Right hand Bat,Right arm Medium fast,2024 - 2026,2026,IPL 2026,SRH,14,13.0,3.0,302.0,56.0,30.2,176.0,171.59,0.0,1.0,19.0,21.0,10,0,8.0,10.41,186.0,2/17,2/17,40.37,23.2,0.0,0.0,0.0,2024-10-06,2025-01-22,2025-10-19,2026-06-20,2.0,17.0,2.0,17.0
1175496,Kaki Nitish Kumar Reddy,2003-05-26,23y 42d,India,Batting Allrounder,Right hand Bat,Right arm Medium fast,2024 - 2026,2025,IPL 2025,SRH,13,11.0,3.0,182.0,32.0,22.75,153.0,118.95,0.0,0.0,16.0,4.0,6,0,2.0,9.4,30.0,1/13,1/13,23.5,15.0,0.0,0.0,0.0,2024-10-06,2025-01-22,2025-10-19,2026-06-20,1.0,13.0,1.0,13.0
1175496,Kaki Nitish Kumar Reddy,2003-05-26,23y 42d,India,Batting Allrounder,Right hand Bat,Right arm Medium fast,2024 - 2026,2024,IPL 2024,SRH,13,11.0,2.0,303.0,76.0,33.66,212.0,142.92,0.0,2.0,15.0,21.0,5,0,3.0,11.62,79.0,2/17,2/17,51.0,26.3,0.0,0.0,0.0,2024-10-06,2025-01-22,2025-10-19,2026-06-20,2.0,17.0,2.0,17.0
1175496,Kaki Nitish Kumar Reddy,2003-05-26,23y 42d,India,Batting Allrounder,Right hand Bat,Right arm Medium fast,2024 - 2026,2023,IPL 2023,SRH,2,,,,,,,,,,,,1,0,0.0,10.8,30.0,,,,,0.0,0.0,0.0,2024-10-06,2025-01-22,2025-10-19,2026-06-20,,,,
1216167,Praful Prakash Hinge,2002-01-18,24y 170d,India,Bowler,Right hand Bat,Right arm Medium fast,,2026,IPL 2026,SRH,7,2.0,1.0,3.0,3.0,3.0,9.0,33.33,0.0,0.0,0.0,0.0,3,0,14.0,11.73,156.0,4/34,4/34,21.78,11.1,1.0,0.0,0.0,,,,,4.0,34.0,4.0,34.0
1327722,Ravichandran Smaran,2003-05-05,23y 63d,India,Batter,Left hand Bat,Right arm Offbreak,,2026,IPL 2026,SRH,6,4.0,1.0,19.0,9.0,6.33,25.0,76.0,0.0,0.0,3.0,0.0,4,0,,,,,,,,,,,,,,,,,,
1340422,Sakib Hussain,2004-12-14,21y 205d,India,Bowler,Right hand Bat,Right arm Medium,,2026,IPL 2026,SRH,11,1.0,1.0,5.0,5.0,,7.0,71.42,0.0,0.0,1.0,0.0,1,0,15.0,9.45,252.0,4/24,4/24,26.46,16.8,1.0,0.0,0.0,,,,,4.0,24.0,4.0,24.0
1199281,Salil Arora,2002-11-07,23y 242d,India,Wicketkeeper Batter,Right hand Bat,,,2026,IPL 2026,SRH,14,11.0,4.0,156.0,35.0,22.28,98.0,159.18,0.0,0.0,11.0,11.0,3,0,,,,,,,,,,,,,,,,,,
1132219,Sanvir Singh,1996-10-12,29y 268d,India,Allrounder,Right hand Bat,Right arm Medium,,2024,IPL 2024,SRH,4,3.0,2.0,14.0,8.0,14.0,12.0,116.66,0.0,0.0,1.0,0.0,3,0,,,,,,,,,,,,,,,,,,
1132219,Sanvir Singh,1996-10-12,29y 268d,India,Allrounder,Right hand Bat,Right arm Medium,,2023,IPL 2023,SRH,2,2.0,1.0,11.0,7.0,11.0,9.0,122.22,0.0,0.0,1.0,1.0,0,0,,,,,,,,,,,,,,,,,,
1512089,Shivang Kumar,2002-05-26,24y 42d,India,Bowling Allrounder,Right hand Bat,Left arm Wrist spin,,2026,IPL 2026,SRH,13,6.0,0.0,53.0,27.0,8.83,46.0,115.21,0.0,0.0,6.0,1.0,0,0,9.0,9.61,234.0,3/33,3/33,41.66,26.0,0.0,0.0,0.0,,,,,3.0,33.0,3.0,33.0
319744,Xavier Thalaivan Sargunam,1985-05-15,41y 53d,India,,Right hand Bat,Right arm Offbreak,,2013,IPL 2013,SRH,1,1.0,0.0,10.0,10.0,10.0,17.0,58.82,0.0,0.0,0.0,0.0,0,0,,,,,,,,,,,,,,,,,,
1246528,Umran Malik,1999-11-22,26y 227d,India,Bowler,Right hand Bat,Right arm Fast,2022 - 2023,2024,IPL 2024,SRH,1,,,,,,,,,,,,0,0,0.0,15.0,6.0,,,,,0.0,0.0,0.0,2022-06-26,2023-02-01,2022-11-25,2023-07-29,,,,
1246528,Umran Malik,1999-11-22,26y 227d,India,Bowler,Right hand Bat,Right arm Fast,2022 - 2023,2023,IPL 2023,SRH,8,2.0,1.0,19.0,19.0,19.0,8.0,237.5,0.0,0.0,1.0,2.0,1,0,5.0,10.85,120.0,2/32,2/32,43.4,24.0,0.0,0.0,0.0,2022-06-26,2023-02-01,2022-11-25,2023-07-29,2.0,32.0,2.0,32.0
1246528,Umran Malik,1999-11-22,26y 227d,India,Bowler,Right hand Bat,Right arm Fast,2022 - 2023,2022,IPL 2022,SRH,14,4.0,3.0,4.0,3.0,4.0,8.0,50.0,0.0,0.0,0.0,0.0,5,0,22.0,9.03,295.0,5/25,5/25,20.18,13.4,1.0,1.0,0.0,2022-06-26,2023-02-01,2022-11-25,2023-07-29,5.0,25.0,5.0,25.0
1246528,Umran Malik,1999-11-22,26y 227d,India,Bowler,Right hand Bat,Right arm Fast,2022 - 2023,2021,IPL 2021,SRH,3,,,,,,,,,,,,0,0,2.0,8.0,72.0,1/21,1/21,48.0,36.0,0.0,0.0,0.0,2022-06-26,2023-02-01,2022-11-25,2023-07-29,1.0,21.0,1.0,21.0
1153149,Vijayakanth Viyaskanth,2001-12-05,24y 214d,Sri Lanka,Bowler,Right hand Bat,Legbreak,2023 - 2025,2024,IPL 2024,SRH,3,1.0,1.0,7.0,7.0,,5.0,140.0,0.0,0.0,0.0,0.0,2,0,1.0,8.6,60.0,1/37,1/37,86.0,60.0,0.0,0.0,0.0,2023-10-04,2025-11-22,,,1.0,37.0,1.0,37.0
720465,Virat Binod Singh,1997-12-08,28y 211d,India,Top order Batter,Left hand Bat,Legbreak Googly,,2021,IPL 2021,SRH,3,2.0,0.0,15.0,11.0,7.5,26.0,57.69,0.0,0.0,1.0,0.0,2,0,,,,,,,,,,,,,,,,,,
1252370,Vivrant Sharma,1999-10-30,26y 250d,India,Allrounder,Left hand Bat,Legbreak Googly,,2023,IPL 2023,SRH,3,1.0,0.0,69.0,69.0,69.0,47.0,146.8,0.0,1.0,9.0,2.0,0,0,0.0,12.33,18.0,,,,,0.0,0.0,0.0,,,,,,,,
698189,Pieter Willem Adriaan Mulder,1998-02-19,28y 138d,South Africa,Allrounder,Right hand Bat,Right arm Medium,2017 - 2026,2025,IPL 2025,SRH,1,1.0,0.0,9.0,9.0,9.0,11.0,81.81,0.0,0.0,1.0,0.0,1,0,0.0,16.0,6.0,,,,,0.0,0.0,0.0,2021-04-16,2026-03-25,2017-10-22,2025-09-07,,,,
942371,Zeeshan Ansari,1999-12-16,26y 203d,India,Bowler,Right hand Bat,Legbreak Googly,,2025,IPL 2025,SRH,10,,,,,,,,,,,,4,0,6.0,9.84,203.0,3/42,3/42,55.5,33.8,0.0,0.0,0.0,,,,,3.0,42.0,3.0,42.0
