player_id,player_name,birthdate,age,nationality,player_role,batting_style,bowling_style,international_career,year,tournament,team,matches,innings,no,runs,highestscore,batting_average,bf,strikerate,100s,50s,4s,6s,Ct,St,wickets,economy,balls,bbi,bbm,bowl_ave,sr,4w,5w,10w,t20_start,t20_end,odi_start,odi_end
5334,Aaron James Finch,"November 17, 1986, Colac, Victoria",39y 229d,Australia,Top order Batter,Right hand Bat,Slow Left arm Orthodox,2011 - 2022,2022,IPL 2022,KKR,5,5,0,86,58,17.20,61,140.98,0,1,10,3,1,0,-,-,-,-,-,-,-,-,-,-,"January 12, 2011","October 31, 2022","January 11, 2013","September 11, 2022"
5334,Aaron James Finch,"November 17, 1986, Colac, Victoria",39y 229d,Australia,Top order Batter,Right hand Bat,Slow Left arm Orthodox,2011 - 2022,2020/21,IPL 2020/21,RCB,12,12,0,268,52,22.33,241,111.20,0,1,28,8,3,0,-,-,-,-,-,-,-,-,-,-,"January 12, 2011","October 31, 2022","January 11, 2013","September 11, 2022"
5334,Aaron James Finch,"November 17, 1986, Colac, Victoria",39y 229d,Australia,Top order Batter,Right hand Bat,Slow Left arm Orthodox,2011 - 2022,2018,IPL 2018,PBKS,10,9,1,134,46,16.75,100,134.00,0,0,6,8,4,0,-,-,-,-,-,-,-,-,-,-,"January 12, 2011","October 31, 2022","January 11, 2013","September 11, 2022"
5334,Aaron James Finch,"November 17, 1986, Colac, Victoria",39y 229d,Australia,Top order Batter,Right hand Bat,Slow Left arm Orthodox,2011 - 2022,2017,IPL 2017,GL,13,13,1,299,72,24.91,180,166.11,0,2,25,19,5,0,-,-,-,-,-,-,-,-,-,-,"January 12, 2011","October 31, 2022","January 11, 2013","September 11, 2022"
5334,Aaron James Finch,"November 17, 1986, Colac, Victoria",39y 229d,Australia,Top order Batter,Right hand Bat,Slow Left arm Orthodox,2011 - 2022,2016,IPL 2016,GL,13,12,2,393,74,39.30,299,131.43,0,5,45,11,3,0,-,-,-,-,-,-,-,-,-,-,"January 12, 2011","October 31, 2022","January 11, 2013","September 11, 2022"
5334,Aaron James Finch,"November 17, 1986, Colac, Victoria",39y 229d,Australia,Top order Batter,Right hand Bat,Slow Left arm Orthodox,2011 - 2022,2015,IPL 2015,MI,3,3,1,23,10*,11.50,33,69.69,0,0,4,0,0,0,-,-,-,-,-,-,-,-,-,-,"January 12, 2011","October 31, 2022","January 11, 2013","September 11, 2022"
5334,Aaron James Finch,"November 17, 1986, Colac, Victoria",39y 229d,Australia,Top order Batter,Right hand Bat,Slow Left arm Orthodox,2011 - 2022,2014,IPL 2014,SRH,13,13,2,309,88*,28.09,263,117.49,0,2,31,9,6,0,-,-,-,-,-,-,-,-,-,-,"January 12, 2011","October 31, 2022","January 11, 2013","September 11, 2022"
5334,Aaron James Finch,"November 17, 1986, Colac, Victoria",39y 229d,Australia,Top order Batter,Right hand Bat,Slow Left arm Orthodox,2011 - 2022,2013,IPL 2013,PWI,14,14,0,456,67,32.57,336,135.71,0,4,54,16,2,0,1,12.25,24,1/11,1/11,49.00,24.0,0,0,0,"January 12, 2011","October 31, 2022","January 11, 2013","September 11, 2022"
5334,Aaron James Finch,"November 17, 1986, Colac, Victoria",39y 229d,Australia,Top order Batter,Right hand Bat,Slow Left arm Orthodox,2011 - 2022,2012,IPL 2012,DC,2,2,0,55,30,27.50,51,107.84,0,0,8,0,0,0,-,-,-,-,-,-,-,-,-,-,"January 12, 2011","October 31, 2022","January 11, 2013","September 11, 2022"
5334,Aaron James Finch,"November 17, 1986, Colac, Victoria",39y 229d,Australia,Top order Batter,Right hand Bat,Slow Left arm Orthodox,2011 - 2022,2011,IPL 2011,DC,6,6,0,47,25,7.83,46,102.17,0,0,3,3,4,0,0,6.50,12,-,-,-,-,0,0,0,"January 12, 2011","October 31, 2022","January 11, 2013","September 11, 2022"
5334,Aaron James Finch,"November 17, 1986, Colac, Victoria",39y 229d,Australia,Top order Batter,Right hand Bat,Slow Left arm Orthodox,2011 - 2022,2009/10,IPL 2009/10,RR,1,1,0,21,21,21.00,21,100.00,0,0,0,1,0,0,0,4.28,7,-,-,-,-,0,0,0,"January 12, 2011","October 31, 2022","January 11, 2013","September 11, 2022"
34264,Aavishkar Madhav Salvi,"October 20, 1981, Bombay (now Mumbai), Maharashtra",44y 257d,India,Bowler,Right hand Bat,Right arm Medium,2003 - 2003,2011,IPL 2011,DC,2,-,-,-,-,-,-,-,-,-,-,-,1,0,3,8.25,48,2/40,2/40,22.00,16.0,0,0,0,,,"April 11, 2003","November 18, 2003"
34264,Aavishkar Madhav Salvi,"October 20, 1981, Bombay (now Mumbai), Maharashtra",44y 257d,India,Bowler,Right hand Bat,Right arm Medium,2003 - 2003,2009,IPL 2009,DC,5,-,-,-,-,-,-,-,-,-,-,-,1,0,4,7.88,102,2/19,2/19,33.50,25.5,0,0,0,,,"April 11, 2003","November 18, 2003"
44936,Abraham Benjamin de Villiers,"February 17, 1984, Pretoria",42y 137d,South Africa,Wicketkeeper Batter,Right hand Bat,Right arm Medium,2004 - 2018,2021,IPL 2021,RCB,15,14,4,313,76*,31.30,211,148.34,0,2,23,16,15,0,-,-,-,-,-,-,-,-,-,-,"February 24, 2006","October 29, 2017","February 02, 2005","February 16, 2018"
44936,Abraham Benjamin de Villiers,"February 17, 1984, Pretoria",42y 137d,South Africa,Wicketkeeper Batter,Right hand Bat,Right arm Medium,2004 - 2018,2020/21,IPL 2020/21,RCB,15,14,4,454,73*,45.40,286,158.74,0,5,33,23,10,1,-,-,-,-,-,-,-,-,-,-,"February 24, 2006","October 29, 2017","February 02, 2005","February 16, 2018"
44936,Abraham Benjamin de Villiers,"February 17, 1984, Pretoria",42y 137d,South Africa,Wicketkeeper Batter,Right hand Bat,Right arm Medium,2004 - 2018,2019,IPL 2019,RCB,13,13,3,442,82*,44.20,287,154.00,0,5,31,26,6,0,-,-,-,-,-,-,-,-,-,-,"February 24, 2006","October 29, 2017","February 02, 2005","February 16, 2018"
44936,Abraham Benjamin de Villiers,"February 17, 1984, Pretoria",42y 137d,South Africa,Wicketkeeper Batter,Right hand Bat,Right arm Medium,2004 - 2018,2018,IPL 2018,RCB,12,11,2,480,90*,53.33,275,174.54,0,6,39,30,6,0,-,-,-,-,-,-,-,-,-,-,"February 24, 2006","October 29, 2017","February 02, 2005","February 16, 2018"
44936,Abraham Benjamin de Villiers,"February 17, 1984, Pretoria",42y 137d,South Africa,Wicketkeeper Batter,Right hand Bat,Right arm Medium,2004 - 2018,2017,IPL 2017,RCB,9,9,1,216,89*,27.00,163,132.51,0,1,12,16,6,0,-,-,-,-,-,-,-,-,-,-,"February 24, 2006","October 29, 2017","February 02, 2005","February 16, 2018"
44936,Abraham Benjamin de Villiers,"February 17, 1984, Pretoria",42y 137d,South Africa,Wicketkeeper Batter,Right hand Bat,Right arm Medium,2004 - 2018,2016,IPL 2016,RCB,16,16,3,687,129*,52.84,407,168.79,1,6,57,37,19,0,-,-,-,-,-,-,-,-,-,-,"February 24, 2006","October 29, 2017","February 02, 2005","February 16, 2018"
44936,Abraham Benjamin de Villiers,"February 17, 1984, Pretoria",42y 137d,South Africa,Wicketkeeper Batter,Right hand Bat,Right arm Medium,2004 - 2018,2015,IPL 2015,RCB,16,14,3,513,133*,46.63,293,175.08,1,2,60,22,8,0,-,-,-,-,-,-,-,-,-,-,"February 24, 2006","October 29, 2017","February 02, 2005","February 16, 2018"
44936,Abraham Benjamin de Villiers,"February 17, 1984, Pretoria",42y 137d,South Africa,Wicketkeeper Batter,Right hand Bat,Right arm Medium,2004 - 2018,2014,IPL 2014,RCB,14,13,2,395,89*,35.90,249,158.63,0,3,26,24,7,0,-,-,-,-,-,-,-,-,-,-,"February 24, 2006","October 29, 2017","February 02, 2005","February 16, 2018"
44936,Abraham Benjamin de Villiers,"February 17, 1984, Pretoria",42y 137d,South Africa,Wicketkeeper Batter,Right hand Bat,Right arm Medium,2004 - 2018,2013,IPL 2013,RCB,14,14,4,360,64,36.00,219,164.38,0,2,34,15,8,0,-,-,-,-,-,-,-,-,-,-,"February 24, 2006","October 29, 2017","February 02, 2005","February 16, 2018"
44936,Abraham Benjamin de Villiers,"February 17, 1984, Pretoria",42y 137d,South Africa,Wicketkeeper Batter,Right hand Bat,Right arm Medium,2004 - 2018,2012,IPL 2012,RCB,16,13,5,319,64*,39.87,198,161.11,0,3,26,15,4,5,-,-,-,-,-,-,-,-,-,-,"February 24, 2006","October 29, 2017","February 02, 2005","February 16, 2018"
44936,Abraham Benjamin de Villiers,"February 17, 1984, Pretoria",42y 137d,South Africa,Wicketkeeper Batter,Right hand Bat,Right arm Medium,2004 - 2018,2011,IPL 2011,RCB,16,13,4,312,65,34.66,243,128.39,0,2,21,14,7,2,-,-,-,-,-,-,-,-,-,-,"February 24, 2006","October 29, 2017","February 02, 2005","February 16, 2018"
44936,Abraham Benjamin de Villiers,"February 17, 1984, Pretoria",42y 137d,South Africa,Wicketkeeper Batter,Right hand Bat,Right arm Medium,2004 - 2018,2009/10,IPL 2009/10,DC,7,7,0,111,45,15.85,119,93.27,0,0,7,0,6,0,-,-,-,-,-,-,-,-,-,-,"February 24, 2006","October 29, 2017","February 02, 2005","February 16, 2018"
44936,Abraham Benjamin de Villiers,"February 17, 1984, Pretoria",42y 137d,South Africa,Wicketkeeper Batter,Right hand Bat,Right arm Medium,2004 - 2018,2009,IPL 2009,DC,15,13,4,465,105*,51.66,355,130.98,1,3,39,12,13,0,-,-,-,-,-,-,-,-,-,-,"February 24, 2006","October 29, 2017","February 02, 2005","February 16, 2018"
44936,Abraham Benjamin de Villiers,"February 17, 1984, Pretoria",42y 137d,South Africa,Wicketkeeper Batter,Right hand Bat,Right arm Medium,2004 - 2018,2007/08,IPL 2007/08,DC,6,6,1,95,26*,19.00,98,96.93,0,0,5,1,3,0,-,-,-,-,-,-,-,-,-,-,"February 24, 2006","October 29, 2017","February 02, 2005","February 16, 2018"
1070183,Abhishek Sharma,"September 04, 2000, Amritsar, Punjab",25y 303d,India,Batting Allrounder,Left hand Bat,Slow Left arm Orthodox,2024 - 2026,2026,IPL 2026,SRH,15,15,1,563,135*,40.21,275,204.72,1,4,50,43,10,0,0,10.13,29,-,-,-,-,0,0,0,"July 06, 2024","July 01, 2026",,
1070183,Abhishek Sharma,"September 04, 2000, Amritsar, Punjab",25y 303d,India,Batting Allrounder,Left hand Bat,Slow Left arm Orthodox,2024 - 2026,2025,IPL 2025,SRH,14,13,0,439,141,33.76,227,193.39,1,2,46,28,8,0,0,10.18,66,-,-,-,-,0,0,0,"July 06, 2024","July 01, 2026",,
1070183,Abhishek Sharma,"September 04, 2000, Amritsar, Punjab",25y 303d,India,Batting Allrounder,Left hand Bat,Slow Left arm Orthodox,2024 - 2026,2024,IPL 2024,SRH,16,16,1,484,75*,32.26,237,204.21,0,3,36,42,7,0,2,7.28,42,2/24,2/24,25.50,21.0,0,0,0,"July 06, 2024","July 01, 2026",,
1070183,Abhishek Sharma,"September 04, 2000, Amritsar, Punjab",25y 303d,India,Batting Allrounder,Left hand Bat,Slow Left arm Orthodox,2024 - 2026,2023,IPL 2023,SRH,11,11,0,226,67,20.54,157,143.94,0,2,28,6,4,0,2,10.33,72,1/26,1/26,62.00,36.0,0,0,0,"July 06, 2024","July 01, 2026",,
1070183,Abhishek Sharma,"September 04, 2000, Amritsar, Punjab",25y 303d,India,Batting Allrounder,Left hand Bat,Slow Left arm Orthodox,2024 - 2026,2022,IPL 2022,SRH,14,14,0,426,75,30.42,320,133.12,0,2,47,13,1,0,0,9.50,24,-,-,-,-,0,0,0,"July 06, 2024","July 01, 2026",,
1070183,Abhishek Sharma,"September 04, 2000, Amritsar, Punjab",25y 303d,India,Batting Allrounder,Left hand Bat,Slow Left arm Orthodox,2024 - 2026,2021,IPL 2021,SRH,8,7,1,98,33,16.33,75,130.66,0,0,7,4,2,0,4,6.40,60,2/4,2/4,16.00,15.0,0,0,0,"July 06, 2024","July 01, 2026",,
1070183,Abhishek Sharma,"September 04, 2000, Amritsar, Punjab",25y 303d,India,Batting Allrounder,Left hand Bat,Slow Left arm Orthodox,2024 - 2026,2020/21,IPL 2020/21,SRH,8,7,2,71,31,14.20,56,126.78,0,0,6,3,1,0,2,9.10,60,1/15,1/15,45.50,30.0,0,0,0,"July 06, 2024","July 01, 2026",,
1070183,Abhishek Sharma,"September 04, 2000, Amritsar, Punjab",25y 303d,India,Batting Allrounder,Left hand Bat,Slow Left arm Orthodox,2024 - 2026,2019,IPL 2019,SRH,3,3,1,9,5*,4.50,9,100.00,0,0,1,0,1,0,1,10.50,12,1/10,1/10,21.00,12.0,0,0,0,"July 06, 2024","July 01, 2026",,
1070183,Abhishek Sharma,"September 04, 2000, Amritsar, Punjab",25y 303d,India,Batting Allrounder,Left hand Bat,Slow Left arm Orthodox,2024 - 2026,2018,IPL 2018,DC,3,3,2,63,46*,63.00,33,190.90,0,0,3,5,1,0,-,-,-,-,-,-,-,-,-,-,"July 06, 2024","July 01, 2026",,
1277545,Abishek Porel,"October 17, 2002",23y 260d,India,Wicketkeeper Batter,Left hand Bat,,-,2026,IPL 2026,DC,4,4,0,108,51,27.00,88,122.72,0,1,15,1,0,0,-,-,-,-,-,-,-,-,-,-,,,,
1277545,Abishek Porel,"October 17, 2002",23y 260d,India,Wicketkeeper Batter,Left hand Bat,,-,2025,IPL 2025,DC,13,13,1,301,51,25.08,205,146.82,0,1,28,12,3,0,-,-,-,-,-,-,-,-,-,-,,,,
1277545,Abishek Porel,"October 17, 2002",23y 260d,India,Wicketkeeper Batter,Left hand Bat,,-,2024,IPL 2024,DC,14,12,2,327,65,32.70,205,159.51,0,2,36,13,2,0,-,-,-,-,-,-,-,-,-,-,,,,
1277545,Abishek Porel,"October 17, 2002",23y 260d,India,Wicketkeeper Batter,Left hand Bat,,-,2023,IPL 2023,DC,4,4,0,33,20,8.25,31,106.45,0,0,1,2,4,0,-,-,-,-,-,-,-,-,-,-,,,,
333904,Aditya Prakash Tare,"November 07, 1987, Bombay (now Mumbai), Maharashtra",38y 239d,India,Wicketkeeper,Right hand Bat,,-,2017,IPL 2017,DC,3,3,0,18,18,6.00,23,78.26,0,0,3,0,0,0,-,-,-,-,-,-,-,-,-,-,,,,
333904,Aditya Prakash Tare,"November 07, 1987, Bombay (now Mumbai), Maharashtra",38y 239d,India,Wicketkeeper,Right hand Bat,,-,2016,IPL 2016,SRH,3,2,0,8,8,4.00,15,53.33,0,0,1,0,1,0,-,-,-,-,-,-,-,-,-,-,,,,
333904,Aditya Prakash Tare,"November 07, 1987, Bombay (now Mumbai), Maharashtra",38y 239d,India,Wicketkeeper,Right hand Bat,,-,2015,IPL 2015,MI,2,2,0,14,7,7.00,17,82.35,0,0,1,0,1,0,-,-,-,-,-,-,-,-,-,-,,,,
333904,Aditya Prakash Tare,"November 07, 1987, Bombay (now Mumbai), Maharashtra",38y 239d,India,Wicketkeeper,Right hand Bat,,-,2014,IPL 2014,MI,15,12,4,126,24,15.75,98,128.57,0,0,16,3,0,3,-,-,-,-,-,-,-,-,-,-,,,,
333904,Aditya Prakash Tare,"November 07, 1987, Bombay (now Mumbai), Maharashtra",38y 239d,India,Wicketkeeper,Right hand Bat,,-,2013,IPL 2013,MI,5,5,0,123,59,24.60,84,146.42,0,1,14,5,0,0,-,-,-,-,-,-,-,-,-,-,,,,
333904,Aditya Prakash Tare,"November 07, 1987, Bombay (now Mumbai), Maharashtra",38y 239d,India,Wicketkeeper,Right hand Bat,,-,2009/10,IPL 2009/10,MI,7,4,0,50,23,12.50,36,138.88,0,0,5,3,1,2,-,-,-,-,-,-,-,-,-,-,,,,
277916,Ajinkya Madhukar Rahane,"June 06, 1988, Ashwi-KD, Maharashtra",38y 28d,India,Top order Batter,Right hand Bat,Right arm Medium,2011 - 2023,2026,IPL 2026,KKR,14,14,1,335,67,25.76,248,135.08,0,2,25,18,8,0,-,-,-,-,-,-,-,-,-,-,"August 31, 2011","August 28, 2016","September 03, 2011","February 16, 2018"
277916,Ajinkya Madhukar Rahane,"June 06, 1988, Ashwi-KD, Maharashtra",38y 28d,India,Top order Batter,Right hand Bat,Right arm Medium,2011 - 2023,2025,IPL 2025,KKR,13,12,1,390,61,35.45,264,147.72,0,3,36,20,5,0,-,-,-,-,-,-,-,-,-,-,"August 31, 2011","August 28, 2016","September 03, 2011","February 16, 2018"
277916,Ajinkya Madhukar Rahane,"June 06, 1988, Ashwi-KD, Maharashtra",38y 28d,India,Top order Batter,Right hand Bat,Right arm Medium,2011 - 2023,2024,IPL 2024,CSK,13,12,0,242,45,20.16,196,123.46,0,0,23,7,1,0,-,-,-,-,-,-,-,-,-,-,"August 31, 2011","August 28, 2016","September 03, 2011","February 16, 2018"
277916,Ajinkya Madhukar Rahane,"June 06, 1988, Ashwi-KD, Maharashtra",38y 28d,India,Top order Batter,Right hand Bat,Right arm Medium,2011 - 2023,2023,IPL 2023,CSK,14,11,1,326,71*,32.60,189,172.48,0,2,24,16,8,0,-,-,-,-,-,-,-,-,-,-,"August 31, 2011","August 28, 2016","September 03, 2011","February 16, 2018"
277916,Ajinkya Madhukar Rahane,"June 06, 1988, Ashwi-KD, Maharashtra",38y 28d,India,Top order Batter,Right hand Bat,Right arm Medium,2011 - 2023,2022,IPL 2022,KKR,7,7,0,133,44,19.00,128,103.90,0,0,14,4,3,0,-,-,-,-,-,-,-,-,-,-,"August 31, 2011","August 28, 2016","September 03, 2011","February 16, 2018"
277916,Ajinkya Madhukar Rahane,"June 06, 1988, Ashwi-KD, Maharashtra",38y 28d,India,Top order Batter,Right hand Bat,Right arm Medium,2011 - 2023,2021,IPL 2021,DC,2,1,0,8,8,8.00,8,100.00,0,0,1,0,0,0,-,-,-,-,-,-,-,-,-,-,"August 31, 2011","August 28, 2016","September 03, 2011","February 16, 2018"
277916,Ajinkya Madhukar Rahane,"June 06, 1988, Ashwi-KD, Maharashtra",38y 28d,India,Top order Batter,Right hand Bat,Right arm Medium,2011 - 2023,2020/21,IPL 2020/21,DC,9,8,0,113,60,14.12,107,105.60,0,1,12,2,4,0,-,-,-,-,-,-,-,-,-,-,"August 31, 2011","August 28, 2016","September 03, 2011","February 16, 2018"
277916,Ajinkya Madhukar Rahane,"June 06, 1988, Ashwi-KD, Maharashtra",38y 28d,India,Top order Batter,Right hand Bat,Right arm Medium,2011 - 2023,2019,IPL 2019,RR,14,13,1,393,105*,32.75,285,137.89,1,1,45,9,5,0,-,-,-,-,-,-,-,-,-,-,"August 31, 2011","August 28, 2016","September 03, 2011","February 16, 2018"
277916,Ajinkya Madhukar Rahane,"June 06, 1988, Ashwi-KD, Maharashtra",38y 28d,India,Top order Batter,Right hand Bat,Right arm Medium,2011 - 2023,2018,IPL 2018,RR,15,14,1,370,65*,28.46,313,118.21,0,1,39,5,4,0,-,-,-,-,-,-,-,-,-,-,"August 31, 2011","August 28, 2016","September 03, 2011","February 16, 2018"
277916,Ajinkya Madhukar Rahane,"June 06, 1988, Ashwi-KD, Maharashtra",38y 28d,India,Top order Batter,Right hand Bat,Right arm Medium,2011 - 2023,2017,IPL 2017,RPS,16,16,1,382,60,25.46,323,118.26,0,2,35,9,6,0,-,-,-,-,-,-,-,-,-,-,"August 31, 2011","August 28, 2016","September 03, 2011","February 16, 2018"
277916,Ajinkya Madhukar Rahane,"June 06, 1988, Ashwi-KD, Maharashtra",38y 28d,India,Top order Batter,Right hand Bat,Right arm Medium,2011 - 2023,2016,IPL 2016,RPS,14,14,3,480,74,43.63,379,126.64,0,6,54,9,7,0,-,-,-,-,-,-,-,-,-,-,"August 31, 2011","August 28, 2016","September 03, 2011","February 16, 2018"
277916,Ajinkya Madhukar Rahane,"June 06, 1988, Ashwi-KD, Maharashtra",38y 28d,India,Top order Batter,Right hand Bat,Right arm Medium,2011 - 2023,2015,IPL 2015,RR,14,13,2,540,91*,49.09,413,130.75,0,4,53,13,3,0,-,-,-,-,-,-,-,-,-,-,"August 31, 2011","August 28, 2016","September 03, 2011","February 16, 2018"
277916,Ajinkya Madhukar Rahane,"June 06, 1988, Ashwi-KD, Maharashtra",38y 28d,India,Top order Batter,Right hand Bat,Right arm Medium,2011 - 2023,2014,IPL 2014,RR,13,12,0,339,72,28.25,291,116.49,0,3,38,3,6,0,-,-,-,-,-,-,-,-,-,-,"August 31, 2011","August 28, 2016","September 03, 2011","February 16, 2018"
277916,Ajinkya Madhukar Rahane,"June 06, 1988, Ashwi-KD, Maharashtra",38y 28d,India,Top order Batter,Right hand Bat,Right arm Medium,2011 - 2023,2013,IPL 2013,RR,18,18,4,488,68*,34.85,458,106.55,0,4,42,11,10,0,-,-,-,-,-,-,-,-,-,-,"August 31, 2011","August 28, 2016","September 03, 2011","February 16, 2018"
277916,Ajinkya Madhukar Rahane,"June 06, 1988, Ashwi-KD, Maharashtra",38y 28d,India,Top order Batter,Right hand Bat,Right arm Medium,2011 - 2023,2012,IPL 2012,RR,16,16,2,560,103*,40.00,433,129.33,1,3,73,10,11,0,-,-,-,-,-,-,-,-,-,-,"August 31, 2011","August 28, 2016","September 03, 2011","February 16, 2018"
277916,Ajinkya Madhukar Rahane,"June 06, 1988, Ashwi-KD, Maharashtra",38y 28d,India,Top order Batter,Right hand Bat,Right arm Medium,2011 - 2023,2011,IPL 2011,RR,10,7,1,120,52,20.00,98,122.44,0,1,12,2,1,0,-,-,-,-,-,-,-,-,-,-,"August 31, 2011","August 28, 2016","September 03, 2011","February 16, 2018"
277916,Ajinkya Madhukar Rahane,"June 06, 1988, Ashwi-KD, Maharashtra",38y 28d,India,Top order Batter,Right hand Bat,Right arm Medium,2011 - 2023,2009,IPL 2009,MI,8,7,1,144,62*,24.00,123,117.07,0,2,12,3,1,0,1,5.00,6,1/5,1/5,5.00,6.0,0,0,0,"August 31, 2011","August 28, 2016","September 03, 2011","February 16, 2018"
277916,Ajinkya Madhukar Rahane,"June 06, 1988, Ashwi-KD, Maharashtra",38y 28d,India,Top order Batter,Right hand Bat,Right arm Medium,2011 - 2023,2007/08,IPL 2007/08,MI,2,2,0,4,4,2.00,17,23.52,0,0,1,0,0,0,-,-,-,-,-,-,-,-,-,-,"August 31, 2011","August 28, 2016","September 03, 2011","February 16, 2018"
26184,Ajit Bhalchandra Agarkar,"December 04, 1977, Bombay (now Mumbai), Maharashtra",48y 212d,India,Bowler,Right hand Bat,Right arm Fast,1998 - 2007,2013,IPL 2013,DC,4,2,1,12,9*,12.00,16,75.00,0,0,0,0,1,0,0,9.20,60,-,-,-,-,0,0,0,"December 01, 2006","September 16, 2007","April 01, 1998","September 05, 2007"
26184,Ajit Bhalchandra Agarkar,"December 04, 1977, Bombay (now Mumbai), Maharashtra",48y 212d,India,Bowler,Right hand Bat,Right arm Fast,1998 - 2007,2012,IPL 2012,DC,4,1,1,0,0*,-,0,-,0,0,0,0,2,0,3,9.34,86,2/27,2/27,44.66,28.6,0,0,0,"December 01, 2006","September 16, 2007","April 01, 1998","September 05, 2007"
26184,Ajit Bhalchandra Agarkar,"December 04, 1977, Bombay (now Mumbai), Maharashtra",48y 212d,India,Bowler,Right hand Bat,Right arm Fast,1998 - 2007,2011,IPL 2011,DC,7,2,1,7,7*,7.00,6,116.66,0,0,1,0,0,0,8,8.55,162,2/23,2/23,28.87,20.2,0,0,0,"December 01, 2006","September 16, 2007","April 01, 1998","September 05, 2007"
26184,Ajit Bhalchandra Agarkar,"December 04, 1977, Bombay (now Mumbai), Maharashtra",48y 212d,India,Bowler,Right hand Bat,Right arm Fast,1998 - 2007,2009/10,IPL 2009/10,KKR,7,4,3,40,17,40.00,29,137.93,0,0,4,0,1,0,4,9.22,132,2/32,2/32,50.75,33.0,0,0,0,"December 01, 2006","September 16, 2007","April 01, 1998","September 05, 2007"
26184,Ajit Bhalchandra Agarkar,"December 04, 1977, Bombay (now Mumbai), Maharashtra",48y 212d,India,Bowler,Right hand Bat,Right arm Fast,1998 - 2007,2009,IPL 2009,KKR,11,7,5,66,39,33.00,57,115.78,0,0,3,3,0,0,6,9.16,186,2/15,2/15,47.33,31.0,0,0,0,"December 01, 2006","September 16, 2007","April 01, 1998","September 05, 2007"
26184,Ajit Bhalchandra Agarkar,"December 04, 1977, Bombay (now Mumbai), Maharashtra",48y 212d,India,Bowler,Right hand Bat,Right arm Fast,1998 - 2007,2007/08,IPL 2007/08,KKR,9,6,1,54,20,10.80,46,117.39,0,0,5,2,1,0,8,7.96,156,3/25,3/25,25.87,19.5,0,0,0,"December 01, 2006","September 16, 2007","April 01, 1998","September 05, 2007"
46248,Johannes Albertus Morkel,"June 10, 1981, Vereeniging, Transvaal",45y 24d,South Africa,Bowling Allrounder,Left hand Bat,Right arm Medium fast,2004 - 2015,2016,IPL 2016,RPS,2,1,0,16,16,16.00,9,177.77,0,0,0,2,1,0,2,13.20,30,2/36,2/36,33.00,15.0,0,0,0,"October 21, 2005","October 05, 2015","February 20, 2004","March 03, 2012"
46248,Johannes Albertus Morkel,"June 10, 1981, Vereeniging, Transvaal",45y 24d,South Africa,Bowling Allrounder,Left hand Bat,Right arm Medium fast,2004 - 2015,2015,IPL 2015,DC,4,3,2,86,73*,86.00,65,132.30,0,1,9,2,1,0,3,9.08,72,2/21,2/21,36.33,24.0,0,0,0,"October 21, 2005","October 05, 2015","February 20, 2004","March 03, 2012"
46248,Johannes Albertus Morkel,"June 10, 1981, Vereeniging, Transvaal",45y 24d,South Africa,Bowling Allrounder,Left hand Bat,Right arm Medium fast,2004 - 2015,2014,IPL 2014,RCB,7,5,2,45,16,15.00,41,109.75,0,0,1,3,2,0,4,7.87,96,1/18,1/18,31.50,24.0,0,0,0,"October 21, 2005","October 05, 2015","February 20, 2004","March 03, 2012"
46248,Johannes Albertus Morkel,"June 10, 1981, Vereeniging, Transvaal",45y 24d,South Africa,Bowling Allrounder,Left hand Bat,Right arm Medium fast,2004 - 2015,2013,IPL 2013,CSK,8,3,0,46,23,15.33,37,124.32,0,0,2,3,2,0,7,6.62,144,3/32,3/32,22.71,20.5,0,0,0,"October 21, 2005","October 05, 2015","February 20, 2004","March 03, 2012"
46248,Johannes Albertus Morkel,"June 10, 1981, Vereeniging, Transvaal",45y 24d,South Africa,Bowling Allrounder,Left hand Bat,Right arm Medium fast,2004 - 2015,2012,IPL 2012,CSK,16,12,5,107,28,15.28,68,157.35,0,0,5,6,2,0,13,7.77,297,3/29,3/29,29.61,22.8,0,0,0,"October 21, 2005","October 05, 2015","February 20, 2004","March 03, 2012"
46248,Johannes Albertus Morkel,"June 10, 1981, Vereeniging, Transvaal",45y 24d,South Africa,Bowling Allrounder,Left hand Bat,Right arm Medium fast,2004 - 2015,2011,IPL 2011,CSK,15,13,7,138,30*,23.00,102,135.29,0,0,8,8,4,0,15,8.48,270,3/29,3/29,25.46,18.0,0,0,0,"October 21, 2005","October 05, 2015","February 20, 2004","March 03, 2012"
46248,Johannes Albertus Morkel,"June 10, 1981, Vereeniging, Transvaal",45y 24d,South Africa,Bowling Allrounder,Left hand Bat,Right arm Medium fast,2004 - 2015,2009/10,IPL 2009/10,CSK,14,11,3,198,62,24.75,131,151.14,0,1,10,13,3,0,11,8.49,286,2/23,2/23,36.81,26.0,0,0,0,"October 21, 2005","October 05, 2015","February 20, 2004","March 03, 2012"
46248,Johannes Albertus Morkel,"June 10, 1981, Vereeniging, Transvaal",45y 24d,South Africa,Bowling Allrounder,Left hand Bat,Right arm Medium fast,2004 - 2015,2009,IPL 2009,CSK,12,10,6,97,21*,24.25,70,138.57,0,0,8,4,1,0,13,8.10,240,2/13,2/13,24.92,18.4,0,0,0,"October 21, 2005","October 05, 2015","February 20, 2004","March 03, 2012"
46248,Johannes Albertus Morkel,"June 10, 1981, Vereeniging, Transvaal",45y 24d,South Africa,Bowling Allrounder,Left hand Bat,Right arm Medium fast,2004 - 2015,2007/08,IPL 2007/08,CSK,13,10,3,241,71,34.42,163,147.85,0,1,18,14,3,0,17,8.31,288,4/32,4/32,23.47,16.9,1,0,0,"October 21, 2005","October 05, 2015","February 20, 2004","March 03, 2012"
326434,Alex Tyson Carey,"August 27, 1991, Loxton, South Australia",34y 311d,Australia,Wicketkeeper Batter,Left hand Bat,,2018 - 2026,2020/21,IPL 2020/21,DC,3,3,1,32,14*,16.00,29,110.34,0,0,0,1,2,0,-,-,-,-,-,-,-,-,-,-,"February 03, 2018","October 04, 2025","January 19, 2018","June 14, 2026"
1254269,Aman Khan,"November 23, 1996",29y 223d,India,Allrounder,Right hand Bat,Right arm Medium,-,2023,IPL 2023,DC,11,9,1,110,51,13.75,101,108.91,0,1,7,6,9,0,-,-,-,-,-,-,-,-,-,-,,,,
1254269,Aman Khan,"November 23, 1996",29y 223d,India,Allrounder,Right hand Bat,Right arm Medium,-,2022,IPL 2022,KKR,1,1,0,5,5,5.00,3,166.66,0,0,1,0,0,0,0,13.00,6,-,-,-,-,0,0,0,,,,
31107,Amit Mishra,"November 24, 1982, Delhi",43y 222d,India,Bowler,Right hand Bat,Legbreak,2003 - 2017,2024,IPL 2024,LSG,1,-,-,-,-,-,-,-,-,-,-,-,0,0,1,10.00,12,1/20,1/20,20.00,12.0,0,0,0,"June 13, 2010","February 01, 2017","April 13, 2003","October 29, 2016"
31107,Amit Mishra,"November 24, 1982, Delhi",43y 222d,India,Bowler,Right hand Bat,Legbreak,2003 - 2017,2023,IPL 2023,LSG,7,1,0,19,19,19.00,30,63.33,0,0,2,0,2,0,7,7.84,114,2/21,2/21,21.28,16.2,0,0,0,"June 13, 2010","February 01, 2017","April 13, 2003","October 29, 2016"
31107,Amit Mishra,"November 24, 1982, Delhi",43y 222d,India,Bowler,Right hand Bat,Legbreak,2003 - 2017,2021,IPL 2021,DC,4,-,-,-,-,-,-,-,-,-,-,-,0,0,6,7.78,84,4/24,4/24,18.16,14.0,1,0,0,"June 13, 2010","February 01, 2017","April 13, 2003","October 29, 2016"
31107,Amit Mishra,"November 24, 1982, Delhi",43y 222d,India,Bowler,Right hand Bat,Legbreak,2003 - 2017,2020/21,IPL 2020/21,DC,3,-,-,-,-,-,-,-,-,-,-,-,1,0,3,7.20,60,2/35,2/35,24.00,20.0,0,0,0,"June 13, 2010","February 01, 2017","April 13, 2003","October 29, 2016"
31107,Amit Mishra,"November 24, 1982, Delhi",43y 222d,India,Bowler,Right hand Bat,Legbreak,2003 - 2017,2019,IPL 2019,DC,11,4,2,21,8,10.50,24,87.50,0,0,2,0,1,0,11,6.75,240,3/17,3/17,24.54,21.8,0,0,0,"June 13, 2010","February 01, 2017","April 13, 2003","October 29, 2016"
31107,Amit Mishra,"November 24, 1982, Delhi",43y 222d,India,Bowler,Right hand Bat,Legbreak,2003 - 2017,2018,IPL 2018,DC,10,1,1,1,1*,-,2,50.00,0,0,0,0,0,0,12,7.13,222,3/19,3/19,22.00,18.5,0,0,0,"June 13, 2010","February 01, 2017","April 13, 2003","October 29, 2016"
31107,Amit Mishra,"November 24, 1982, Delhi",43y 222d,India,Bowler,Right hand Bat,Legbreak,2003 - 2017,2017,IPL 2017,DC,14,6,5,49,13*,49.00,52,94.23,0,0,2,2,3,0,10,8.83,233,3/11,3/11,34.30,23.3,0,0,0,"June 13, 2010","February 01, 2017","April 13, 2003","October 29, 2016"
31107,Amit Mishra,"November 24, 1982, Delhi",43y 222d,India,Bowler,Right hand Bat,Legbreak,2003 - 2017,2016,IPL 2016,DC,14,2,0,4,3,2.00,14,28.57,0,0,0,0,3,0,13,7.47,276,4/11,4/11,26.46,21.2,1,0,0,"June 13, 2010","February 01, 2017","April 13, 2003","October 29, 2016"
31107,Amit Mishra,"November 24, 1982, Delhi",43y 222d,India,Bowler,Right hand Bat,Legbreak,2003 - 2017,2015,IPL 2015,DC,12,4,2,8,4,4.00,12,66.66,0,0,0,0,2,0,9,7.71,241,2/32,2/32,34.44,26.7,0,0,0,"June 13, 2010","February 01, 2017","April 13, 2003","October 29, 2016"
31107,Amit Mishra,"November 24, 1982, Delhi",43y 222d,India,Bowler,Right hand Bat,Legbreak,2003 - 2017,2014,IPL 2014,SRH,10,2,1,4,4*,4.00,7,57.14,0,0,0,0,0,0,7,9.06,225,2/23,2/23,48.57,32.1,0,0,0,"June 13, 2010","February 01, 2017","April 13, 2003","October 29, 2016"
31107,Amit Mishra,"November 24, 1982, Delhi",43y 222d,India,Bowler,Right hand Bat,Legbreak,2003 - 2017,2013,IPL 2013,SRH,17,8,2,89,30,14.83,96,92.70,0,0,9,0,2,0,21,6.35,372,4/19,4/19,18.76,17.7,1,0,0,"June 13, 2010","February 01, 2017","April 13, 2003","October 29, 2016"
31107,Amit Mishra,"November 24, 1982, Delhi",43y 222d,India,Bowler,Right hand Bat,Legbreak,2003 - 2017,2012,IPL 2012,DCH,14,5,2,16,8*,5.33,20,80.00,0,0,1,0,1,0,13,8.02,282,3/32,3/32,29.00,21.6,0,0,0,"June 13, 2010","February 01, 2017","April 13, 2003","October 29, 2016"
31107,Amit Mishra,"November 24, 1982, Delhi",43y 222d,India,Bowler,Right hand Bat,Legbreak,2003 - 2017,2011,IPL 2011,DCH,14,9,5,68,25*,17.00,49,138.77,0,0,9,1,2,0,19,6.71,320,4/9,4/9,18.84,16.8,1,0,0,"June 13, 2010","February 01, 2017","April 13, 2003","October 29, 2016"
31107,Amit Mishra,"November 24, 1982, Delhi",43y 222d,India,Bowler,Right hand Bat,Legbreak,2003 - 2017,2009/10,IPL 2009/10,DC,14,7,3,39,12,9.75,51,76.47,0,0,1,0,4,0,17,6.84,318,3/25,3/25,21.35,18.7,0,0,0,"June 13, 2010","February 01, 2017","April 13, 2003","October 29, 2016"
31107,Amit Mishra,"November 24, 1982, Delhi",43y 222d,India,Bowler,Right hand Bat,Legbreak,2003 - 2017,2009,IPL 2009,DC,11,5,2,26,13*,8.66,20,130.00,0,0,2,2,2,0,14,7.00,252,3/14,3/14,21.00,18.0,0,0,0,"June 13, 2010","February 01, 2017","April 13, 2003","October 29, 2016"
31107,Amit Mishra,"November 24, 1982, Delhi",43y 222d,India,Bowler,Right hand Bat,Legbreak,2003 - 2017,2007/08,IPL 2007/08,DC,6,3,0,37,31,12.33,42,88.09,0,0,3,0,0,0,11,6.90,120,5/17,5/17,12.54,10.9,0,1,0,"June 13, 2010","February 01, 2017","April 13, 2003","October 29, 2016"
276298,Andre Dwayne Russell,"April 29, 1988, Jamaica",38y 66d,West Indies,Allrounder,Right hand Bat,Right arm Fast,2010 - 2025,2025,IPL 2025,KKR,13,10,1,167,57*,18.55,102,163.72,0,1,16,14,5,0,8,11.94,109,2/21,2/21,27.12,13.6,0,0,0,"April 21, 2011","July 22, 2025","March 11, 2011","June 17, 2019"
276298,Andre Dwayne Russell,"April 29, 1988, Jamaica",38y 66d,West Indies,Allrounder,Right hand Bat,Right arm Fast,2010 - 2025,2024,IPL 2024,KKR,15,9,2,222,64*,31.71,120,185.00,0,1,20,16,3,0,19,10.05,176,3/19,3/19,15.52,9.2,0,0,0,"April 21, 2011","July 22, 2025","March 11, 2011","June 17, 2019"
276298,Andre Dwayne Russell,"April 29, 1988, Jamaica",38y 66d,West Indies,Allrounder,Right hand Bat,Right arm Fast,2010 - 2025,2023,IPL 2023,KKR,14,14,3,227,42,20.63,156,145.51,0,0,13,18,6,0,7,11.34,91,3/22,3/22,24.57,13.0,0,0,0,"April 21, 2011","July 22, 2025","March 11, 2011","June 17, 2019"
276298,Andre Dwayne Russell,"April 29, 1988, Jamaica",38y 66d,West Indies,Allrounder,Right hand Bat,Right arm Fast,2010 - 2025,2022,IPL 2022,KKR,14,12,3,335,70*,37.22,192,174.47,0,1,18,32,2,0,17,9.86,169,4/5,4/5,16.35,9.9,1,0,0,"April 21, 2011","July 22, 2025","March 11, 2011","June 17, 2019"
276298,Andre Dwayne Russell,"April 29, 1988, Jamaica",38y 66d,West Indies,Allrounder,Right hand Bat,Right arm Fast,2010 - 2025,2021,IPL 2021,KKR,10,9,2,183,54,26.14,120,152.50,0,1,14,14,2,0,11,9.89,114,5/15,5/15,17.09,10.3,0,1,0,"April 21, 2011","July 22, 2025","March 11, 2011","June 17, 2019"
276298,Andre Dwayne Russell,"April 29, 1988, Jamaica",38y 66d,West Indies,Allrounder,Right hand Bat,Right arm Fast,2010 - 2025,2020/21,IPL 2020/21,KKR,10,9,0,117,25,13.00,81,144.44,0,0,9,9,2,0,6,9.72,108,2/29,2/29,29.16,18.0,0,0,0,"April 21, 2011","July 22, 2025","March 11, 2011","June 17, 2019"
276298,Andre Dwayne Russell,"April 29, 1988, Jamaica",38y 66d,West Indies,Allrounder,Right hand Bat,Right arm Fast,2010 - 2025,2019,IPL 2019,KKR,14,13,4,510,80*,56.66,249,204.81,0,4,31,52,4,0,11,9.51,181,2/21,2/21,26.09,16.4,0,0,0,"April 21, 2011","July 22, 2025","March 11, 2011","June 17, 2019"
276298,Andre Dwayne Russell,"April 29, 1988, Jamaica",38y 66d,West Indies,Allrounder,Right hand Bat,Right arm Fast,2010 - 2025,2018,IPL 2018,KKR,16,14,3,316,88*,28.72,171,184.79,0,1,17,31,8,0,13,9.38,227,3/31,3/31,27.30,17.4,0,0,0,"April 21, 2011","July 22, 2025","March 11, 2011","June 17, 2019"
276298,Andre Dwayne Russell,"April 29, 1988, Jamaica",38y 66d,West Indies,Allrounder,Right hand Bat,Right arm Fast,2010 - 2025,2016,IPL 2016,KKR,12,8,1,188,39*,26.85,114,164.91,0,0,10,15,2,0,15,7.97,219,4/20,4/20,19.40,14.6,1,0,0,"April 21, 2011","July 22, 2025","March 11, 2011","June 17, 2019"
276298,Andre Dwayne Russell,"April 29, 1988, Jamaica",38y 66d,West Indies,Allrounder,Right hand Bat,Right arm Fast,2010 - 2025,2015,IPL 2015,KKR,13,11,2,326,66,36.22,169,192.89,0,3,35,19,6,0,14,7.96,244,3/32,3/32,23.14,17.4,0,0,0,"April 21, 2011","July 22, 2025","March 11, 2011","June 17, 2019"
276298,Andre Dwayne Russell,"April 29, 1988, Jamaica",38y 66d,West Indies,Allrounder,Right hand Bat,Right arm Fast,2010 - 2025,2014,IPL 2014,KKR,2,2,0,2,1,1.00,8,25.00,0,0,0,0,0,0,1,10.40,30,1/25,1/25,52.00,30.0,0,0,0,"April 21, 2011","July 22, 2025","March 11, 2011","June 17, 2019"
276298,Andre Dwayne Russell,"April 29, 1988, Jamaica",38y 66d,West Indies,Allrounder,Right hand Bat,Right arm Fast,2010 - 2025,2013,IPL 2013,DC,3,2,0,11,7,5.50,14,78.57,0,0,0,0,1,0,0,9.71,42,-,-,-,-,0,0,0,"April 21, 2011","July 22, 2025","March 11, 2011","June 17, 2019"
276298,Andre Dwayne Russell,"April 29, 1988, Jamaica",38y 66d,West Indies,Allrounder,Right hand Bat,Right arm Fast,2010 - 2025,2012,IPL 2012,DC,4,2,0,47,31,23.50,26,180.76,0,0,3,3,0,0,1,10.06,96,1/51,1/51,161.00,96.0,0,0,0,"April 21, 2011","July 22, 2025","March 11, 2011","June 17, 2019"
6553,Andrew Barry McDonald,"June 05, 1981, Wodonga, Victoria",45y 29d,Australia,Allrounder,Right hand Bat,Right arm Fast medium,2009 - 2009,2013,IPL 2013,RCB,1,1,0,0,0,0.00,2,0.00,0,0,0,0,0,0,1,8.50,12,1/17,1/17,17.00,12.0,0,0,0,,,,
6553,Andrew Barry McDonald,"June 05, 1981, Wodonga, Victoria",45y 29d,Australia,Allrounder,Right hand Bat,Right arm Fast medium,2009 - 2009,2012,IPL 2012,RCB,4,3,1,47,30,23.50,35,134.28,0,0,6,2,0,0,5,6.10,60,2/25,2/25,12.20,12.0,0,0,0,,,,
6553,Andrew Barry McDonald,"June 05, 1981, Wodonga, Victoria",45y 29d,Australia,Allrounder,Right hand Bat,Right arm Fast medium,2009 - 2009,2011,IPL 2011,DC,1,1,0,8,8,8.00,7,114.28,0,0,0,0,0,0,0,11.50,12,-,-,-,-,0,0,0,,,,
6553,Andrew Barry McDonald,"June 05, 1981, Wodonga, Victoria",45y 29d,Australia,Allrounder,Right hand Bat,Right arm Fast medium,2009 - 2009,2009/10,IPL 2009/10,DC,4,3,3,65,33*,-,52,125.00,0,0,3,2,0,0,5,9.85,84,2/37,2/37,27.60,16.8,0,0,0,,,,
6553,Andrew Barry McDonald,"June 05, 1981, Wodonga, Victoria",45y 29d,Australia,Allrounder,Right hand Bat,Right arm Fast medium,2009 - 2009,2009,IPL 2009,DC,1,1,0,3,3,3.00,4,75.00,0,0,0,0,0,0,0,7.33,18,-,-,-,-,0,0,0,,,,
49764,Angelo Davis Mathews,"June 02, 1987, Colombo",39y 32d,Sri Lanka,Allrounder,Right hand Bat,Right arm Medium,2008 - 2025,2017,IPL 2017,DC,3,2,0,32,31,16.00,27,118.51,0,0,2,1,2,0,0,11.20,30,-,-,-,-,0,0,0,"June 08, 2009","June 16, 2024","November 28, 2008","November 09, 2023"
49764,Angelo Davis Mathews,"June 02, 1987, Colombo",39y 32d,Sri Lanka,Allrounder,Right hand Bat,Right arm Medium,2008 - 2025,2015,IPL 2015,DC,11,10,3,144,28,20.57,104,138.46,0,0,12,6,5,0,7,8.20,180,2/15,2/15,35.14,25.7,0,0,0,"June 08, 2009","June 16, 2024","November 28, 2008","November 09, 2023"
49764,Angelo Davis Mathews,"June 02, 1987, Colombo",39y 32d,Sri Lanka,Allrounder,Right hand Bat,Right arm Medium,2008 - 2025,2013,IPL 2013,PWI,11,10,3,172,40,24.57,139,123.74,0,0,5,10,5,0,5,7.74,186,3/14,3/14,48.00,37.2,0,0,0,"June 08, 2009","June 16, 2024","November 28, 2008","November 09, 2023"
49764,Angelo Davis Mathews,"June 02, 1987, Colombo",39y 32d,Sri Lanka,Allrounder,Right hand Bat,Right arm Medium,2008 - 2025,2012,IPL 2012,PWI,9,8,1,127,35,18.14,108,117.59,0,0,5,4,3,0,7,7.38,156,2/17,2/17,27.42,22.2,0,0,0,"June 08, 2009","June 16, 2024","November 28, 2008","November 09, 2023"
49764,Angelo Davis Mathews,"June 02, 1987, Colombo",39y 32d,Sri Lanka,Allrounder,Right hand Bat,Right arm Medium,2008 - 2025,2009/10,IPL 2009/10,KKR,14,11,4,233,65*,33.28,184,126.63,0,1,18,8,3,0,8,8.37,225,4/19,4/19,39.25,28.1,1,0,0,"June 08, 2009","June 16, 2024","November 28, 2008","November 09, 2023"
49764,Angelo Davis Mathews,"June 02, 1987, Colombo",39y 32d,Sri Lanka,Allrounder,Right hand Bat,Right arm Medium,2008 - 2025,2009,IPL 2009,KKR,1,1,0,16,16,16.00,13,123.07,0,0,2,0,1,0,0,13.28,14,-,-,-,-,0,0,0,"June 08, 2009","June 16, 2024","November 28, 2008","November 09, 2023"
327123,Ankit Ramdas Bawne,"December 17, 1992, Paitha, Aurangabad",33y 199d,India,Middle order Batter,Right hand Bat,Right arm Offbreak,-,2017,IPL 2017,DC,1,1,1,12,12*,-,12,100.00,0,0,1,0,0,0,-,-,-,-,-,-,-,-,-,-,,,,
481979,Anrich Arno Nortje,"November 16, 1993",32y 230d,South Africa,Bowler,Right hand Bat,Right arm Fast,2019 - 2026,2026,IPL 2026,LSG,1,1,0,0,0,0.00,1,0.00,0,0,0,0,0,0,0,9.75,24,-,-,-,-,0,0,0,"September 18, 2019","March 01, 2026","March 03, 2019","September 09, 2023"
481979,Anrich Arno Nortje,"November 16, 1993",32y 230d,South Africa,Bowler,Right hand Bat,Right arm Fast,2019 - 2026,2025,IPL 2025,KKR,2,2,2,0,0*,-,0,-,0,0,0,0,1,0,1,11.85,42,1/23,1/23,83.00,42.0,0,0,0,"September 18, 2019","March 01, 2026","March 03, 2019","September 09, 2023"
481979,Anrich Arno Nortje,"November 16, 1993",32y 230d,South Africa,Bowler,Right hand Bat,Right arm Fast,2019 - 2026,2024,IPL 2024,DC,6,2,0,4,4,2.00,8,50.00,0,0,0,0,1,0,7,13.36,132,3/59,3/59,42.00,18.8,0,0,0,"September 18, 2019","March 01, 2026","March 03, 2019","September 09, 2023"
481979,Anrich Arno Nortje,"November 16, 1993",32y 230d,South Africa,Bowler,Right hand Bat,Right arm Fast,2019 - 2026,2023,IPL 2023,DC,10,7,4,37,23*,12.33,29,127.58,0,0,6,0,2,0,10,9.10,240,2/20,2/20,36.40,24.0,0,0,0,"September 18, 2019","March 01, 2026","March 03, 2019","September 09, 2023"
481979,Anrich Arno Nortje,"November 16, 1993",32y 230d,South Africa,Bowler,Right hand Bat,Right arm Fast,2019 - 2026,2022,IPL 2022,DC,6,1,1,1,1*,-,6,16.66,0,0,0,0,2,0,9,9.71,134,3/42,3/42,24.11,14.8,0,0,0,"September 18, 2019","March 01, 2026","March 03, 2019","September 09, 2023"
481979,Anrich Arno Nortje,"November 16, 1993",32y 230d,South Africa,Bowler,Right hand Bat,Right arm Fast,2019 - 2026,2021,IPL 2021,DC,8,-,-,-,-,-,-,-,-,-,-,-,1,0,12,6.16,182,2/12,2/12,15.58,15.1,0,0,0,"September 18, 2019","March 01, 2026","March 03, 2019","September 09, 2023"
481979,Anrich Arno Nortje,"November 16, 1993",32y 230d,South Africa,Bowler,Right hand Bat,Right arm Fast,2019 - 2026,2020/21,IPL 2020/21,DC,16,5,4,7,3*,7.00,6,116.66,0,0,0,0,4,0,22,8.39,366,3/33,3/33,23.27,16.6,0,0,0,"September 18, 2019","March 01, 2026","March 03, 2019","September 09, 2023"
31820,Ashish Nehra,"April 29, 1979, Delhi",47y 66d,India,Bowler,Right hand Bat,Left arm Medium fast,1999 - 2017,2017,IPL 2017,SRH,6,2,2,0,0*,-,0,-,0,0,0,0,1,0,8,9.30,127,3/42,3/42,24.62,15.8,0,0,0,"December 09, 2009","November 01, 2017","June 24, 2001","March 30, 2011"
31820,Ashish Nehra,"April 29, 1979, Delhi",47y 66d,India,Bowler,Right hand Bat,Left arm Medium fast,1999 - 2017,2016,IPL 2016,SRH,8,2,2,1,1*,-,1,100.00,0,0,0,0,1,0,9,7.65,156,3/15,3/15,22.11,17.3,0,0,0,"December 09, 2009","November 01, 2017","June 24, 2001","March 30, 2011"
31820,Ashish Nehra,"April 29, 1979, Delhi",47y 66d,India,Bowler,Right hand Bat,Left arm Medium fast,1999 - 2017,2015,IPL 2015,CSK,16,4,3,1,1*,1.00,7,14.28,0,0,0,0,3,0,22,7.24,372,4/10,4/10,20.40,16.9,1,0,0,"December 09, 2009","November 01, 2017","June 24, 2001","March 30, 2011"
31820,Ashish Nehra,"April 29, 1979, Delhi",47y 66d,India,Bowler,Right hand Bat,Left arm Medium fast,1999 - 2017,2014,IPL 2014,CSK,4,-,-,-,-,-,-,-,-,-,-,-,0,0,8,9.46,90,3/33,3/33,17.75,11.2,0,0,0,"December 09, 2009","November 01, 2017","June 24, 2001","March 30, 2011"
31820,Ashish Nehra,"April 29, 1979, Delhi",47y 66d,India,Bowler,Right hand Bat,Left arm Medium fast,1999 - 2017,2013,IPL 2013,DC,10,4,0,1,1,0.25,8,12.50,0,0,0,0,1,0,11,8.77,216,2/35,2/35,28.72,19.6,0,0,0,"December 09, 2009","November 01, 2017","June 24, 2001","March 30, 2011"
31820,Ashish Nehra,"April 29, 1979, Delhi",47y 66d,India,Bowler,Right hand Bat,Left arm Medium fast,1999 - 2017,2012,IPL 2012,PWI,13,2,2,11,9*,-,12,91.66,0,0,1,0,1,0,11,8.37,288,3/23,3/23,36.54,26.1,0,0,0,"December 09, 2009","November 01, 2017","June 24, 2001","March 30, 2011"
31820,Ashish Nehra,"April 29, 1979, Delhi",47y 66d,India,Bowler,Right hand Bat,Left arm Medium fast,1999 - 2017,2009/10,IPL 2009/10,DC,4,2,1,23,22*,23.00,20,114.99,0,0,2,1,2,0,6,6.85,84,3/26,3/26,16.00,14.0,0,0,0,"December 09, 2009","November 01, 2017","June 24, 2001","March 30, 2011"
31820,Ashish Nehra,"April 29, 1979, Delhi",47y 66d,India,Bowler,Right hand Bat,Left arm Medium fast,1999 - 2017,2009,IPL 2009,DC,13,2,2,1,1*,-,1,100.00,0,0,0,0,3,0,19,6.78,306,3/27,3/27,18.21,16.1,0,0,0,"December 09, 2009","November 01, 2017","June 24, 2001","March 30, 2011"
31820,Ashish Nehra,"April 29, 1979, Delhi",47y 66d,India,Bowler,Right hand Bat,Left arm Medium fast,1999 - 2017,2007/08,IPL 2007/08,MI,14,4,3,3,2*,3.00,13,23.07,0,0,0,0,7,0,12,7.76,269,3/13,3/13,29.00,22.4,0,0,0,"December 09, 2009","November 01, 2017","June 24, 2001","March 30, 2011"
227712,Ashok Bhimchandra Dinda,"March 25, 1984, Medinipur, Calcutta (now Kolkata)",42y 101d,India,Bowler,Right hand Bat,Right arm Medium fast,2009 - 2013,2017,IPL 2017,RPS,3,1,0,7,7,7.00,7,100.00,0,0,1,0,0,0,1,11.90,60,1/26,1/26,119.00,60.0,0,0,0,"December 09, 2009","December 28, 2012","May 28, 2010","January 11, 2013"
227712,Ashok Bhimchandra Dinda,"March 25, 1984, Medinipur, Calcutta (now Kolkata)",42y 101d,India,Bowler,Right hand Bat,Right arm Medium fast,2009 - 2013,2016,IPL 2016,RPS,9,-,-,-,-,-,-,-,-,-,-,-,0,0,11,7.57,183,3/20,3/20,21.00,16.6,0,0,0,"December 09, 2009","December 28, 2012","May 28, 2010","January 11, 2013"
227712,Ashok Bhimchandra Dinda,"March 25, 1984, Medinipur, Calcutta (now Kolkata)",42y 101d,India,Bowler,Right hand Bat,Right arm Medium fast,2009 - 2013,2015,IPL 2015,RCB,2,-,-,-,-,-,-,-,-,-,-,-,1,0,0,12.40,30,-,-,-,-,0,0,0,"December 09, 2009","December 28, 2012","May 28, 2010","January 11, 2013"
227712,Ashok Bhimchandra Dinda,"March 25, 1984, Medinipur, Calcutta (now Kolkata)",42y 101d,India,Bowler,Right hand Bat,Right arm Medium fast,2009 - 2013,2014,IPL 2014,RCB,9,3,2,4,2*,4.00,12,33.33,0,0,0,0,0,0,5,8.70,186,1/14,1/14,54.00,37.2,0,0,0,"December 09, 2009","December 28, 2012","May 28, 2010","January 11, 2013"
227712,Ashok Bhimchandra Dinda,"March 25, 1984, Medinipur, Calcutta (now Kolkata)",42y 101d,India,Bowler,Right hand Bat,Right arm Medium fast,2009 - 2013,2013,IPL 2013,PWI,13,5,3,9,6*,4.50,11,81.81,0,0,1,0,3,0,16,9.48,294,3/31,3/31,29.06,18.3,0,0,0,"December 09, 2009","December 28, 2012","May 28, 2010","January 11, 2013"
227712,Ashok Bhimchandra Dinda,"March 25, 1984, Medinipur, Calcutta (now Kolkata)",42y 101d,India,Bowler,Right hand Bat,Right arm Medium fast,2009 - 2013,2012,IPL 2012,PWI,7,1,0,2,2,2.00,5,40.00,0,0,0,0,1,0,9,7.04,144,4/18,4/18,18.77,16.0,1,0,0,"December 09, 2009","December 28, 2012","May 28, 2010","January 11, 2013"
227712,Ashok Bhimchandra Dinda,"March 25, 1984, Medinipur, Calcutta (now Kolkata)",42y 101d,India,Bowler,Right hand Bat,Right arm Medium fast,2009 - 2013,2011,IPL 2011,DC,6,1,0,0,0,0.00,5,0.00,0,0,0,0,0,0,5,8.94,102,2/42,2/42,30.40,20.4,0,0,0,"December 09, 2009","December 28, 2012","May 28, 2010","January 11, 2013"
227712,Ashok Bhimchandra Dinda,"March 25, 1984, Medinipur, Calcutta (now Kolkata)",42y 101d,India,Bowler,Right hand Bat,Right arm Medium fast,2009 - 2013,2009/10,IPL 2009/10,KKR,7,1,0,0,0,0.00,1,0.00,0,0,0,0,0,0,9,6.56,139,2/15,2/15,16.88,15.4,0,0,0,"December 09, 2009","December 28, 2012","May 28, 2010","January 11, 2013"
227712,Ashok Bhimchandra Dinda,"March 25, 1984, Medinipur, Calcutta (now Kolkata)",42y 101d,India,Bowler,Right hand Bat,Right arm Medium fast,2009 - 2013,2009,IPL 2009,KKR,9,2,0,2,2,1.00,3,66.66,0,0,0,0,1,0,4,8.04,144,1/24,1/24,48.25,36.0,0,0,0,"December 09, 2009","December 28, 2012","May 28, 2010","January 11, 2013"
227712,Ashok Bhimchandra Dinda,"March 25, 1984, Medinipur, Calcutta (now Kolkata)",42y 101d,India,Bowler,Right hand Bat,Right arm Medium fast,2009 - 2013,2007/08,IPL 2007/08,KKR,13,3,2,2,1*,2.00,4,50.00,0,0,0,0,1,0,9,6.66,234,3/33,3/33,28.88,26.0,0,0,0,"December 09, 2009","December 28, 2012","May 28, 2010","January 11, 2013"
1131978,Ashutosh Rambabu Sharma,"September 15, 1998, Ratlam, Madhya Pradesh",27y 292d,India,Batting Allrounder,Right hand Bat,,-,2026,IPL 2026,DC,8,8,3,171,39,34.20,94,181.91,0,0,15,12,2,0,-,-,-,-,-,-,-,-,-,-,,,,
1131978,Ashutosh Rambabu Sharma,"September 15, 1998, Ratlam, Madhya Pradesh",27y 292d,India,Batting Allrounder,Right hand Bat,,-,2025,IPL 2025,DC,13,9,2,204,66*,29.14,127,160.62,0,1,14,13,2,0,-,-,-,-,-,-,-,-,-,-,,,,
1131978,Ashutosh Rambabu Sharma,"September 15, 1998, Ratlam, Madhya Pradesh",27y 292d,India,Batting Allrounder,Right hand Bat,,-,2024,IPL 2024,PBKS,11,9,2,189,61,27.00,113,167.25,0,1,10,15,2,0,-,-,-,-,-,-,-,-,-,-,,,,
1159732,Auqib Nabi,"November 04, 1996",29y 242d,India,Bowler,Right hand Bat,Right arm Medium,-,2026,IPL 2026,DC,5,2,1,14,10*,14.00,4,350.00,0,0,2,1,1,0,0,11.46,78,-,-,-,-,0,0,0,,,,
694211,Avesh Khan,"December 13, 1996, Indore, Madhya Pradesh",29y 203d,India,Bowler,Right hand Bat,Right arm Fast medium,2022 - 2024,2026,IPL 2026,LSG,7,4,3,6,4*,6.00,6,100.00,0,0,1,0,2,0,6,11.06,148,2/23,2/23,45.50,24.6,0,0,0,"February 20, 2022","November 10, 2024","July 24, 2022","December 21, 2023"
694211,Avesh Khan,"December 13, 1996, Indore, Madhya Pradesh",29y 203d,India,Bowler,Right hand Bat,Right arm Fast medium,2022 - 2024,2025,IPL 2025,LSG,13,4,3,21,19*,21.00,12,175.00,0,0,3,1,2,0,13,10.28,284,3/37,3/37,37.46,21.8,0,0,0,"February 20, 2022","November 10, 2024","July 24, 2022","December 21, 2023"
694211,Avesh Khan,"December 13, 1996, Indore, Madhya Pradesh",29y 203d,India,Bowler,Right hand Bat,Right arm Fast medium,2022 - 2024,2024,IPL 2024,RR,16,3,3,10,7*,-,5,200.00,0,0,1,0,2,0,19,9.59,329,3/27,3/27,27.68,17.3,0,0,0,"February 20, 2022","November 10, 2024","July 24, 2022","December 21, 2023"
694211,Avesh Khan,"December 13, 1996, Indore, Madhya Pradesh",29y 203d,India,Bowler,Right hand Bat,Right arm Fast medium,2022 - 2024,2023,IPL 2023,LSG,9,1,1,0,0*,-,1,0.00,0,0,0,0,2,0,8,9.75,174,3/25,3/25,35.37,21.7,0,0,0,"February 20, 2022","November 10, 2024","July 24, 2022","December 21, 2023"
694211,Avesh Khan,"December 13, 1996, Indore, Madhya Pradesh",29y 203d,India,Bowler,Right hand Bat,Right arm Fast medium,2022 - 2024,2022,IPL 2022,LSG,13,4,3,22,12,22.00,13,169.23,0,0,0,3,2,0,18,8.72,286,4/24,4/24,23.11,15.8,1,0,0,"February 20, 2022","November 10, 2024","July 24, 2022","December 21, 2023"
694211,Avesh Khan,"December 13, 1996, Indore, Madhya Pradesh",29y 203d,India,Bowler,Right hand Bat,Right arm Fast medium,2022 - 2024,2021,IPL 2021,DC,16,1,0,5,5,5.00,3,166.66,0,0,1,0,1,0,24,7.37,366,3/13,3/13,18.75,15.2,0,0,0,"February 20, 2022","November 10, 2024","July 24, 2022","December 21, 2023"
694211,Avesh Khan,"December 13, 1996, Indore, Madhya Pradesh",29y 203d,India,Bowler,Right hand Bat,Right arm Fast medium,2022 - 2024,2020/21,IPL 2020/21,DC,1,-,-,-,-,-,-,-,-,-,-,-,0,0,0,10.50,24,-,-,-,-,0,0,0,"February 20, 2022","November 10, 2024","July 24, 2022","December 21, 2023"
694211,Avesh Khan,"December 13, 1996, Indore, Madhya Pradesh",29y 203d,India,Bowler,Right hand Bat,Right arm Fast medium,2022 - 2024,2019,IPL 2019,DC,1,1,1,4,4*,-,3,133.33,0,0,1,0,1,0,0,10.00,18,-,-,-,-,0,0,0,"February 20, 2022","November 10, 2024","July 24, 2022","December 21, 2023"
694211,Avesh Khan,"December 13, 1996, Indore, Madhya Pradesh",29y 203d,India,Bowler,Right hand Bat,Right arm Fast medium,2022 - 2024,2018,IPL 2018,DC,6,-,-,-,-,-,-,-,-,-,-,-,3,0,4,10.73,114,2/29,2/29,51.00,28.5,0,0,0,"February 20, 2022","November 10, 2024","July 24, 2022","December 21, 2023"
694211,Avesh Khan,"December 13, 1996, Indore, Madhya Pradesh",29y 203d,India,Bowler,Right hand Bat,Right arm Fast medium,2022 - 2024,2017,IPL 2017,RCB,1,-,-,-,-,-,-,-,-,-,-,-,0,0,1,5.75,24,1/23,1/23,23.00,24.0,0,0,0,"February 20, 2022","November 10, 2024","July 24, 2022","December 21, 2023"
554691,Axar Rajeshbhai Patel,"January 20, 1994, Anand, Gujarat",32y 165d,India,Allrounder,Left hand Bat,Slow Left arm Orthodox,2014 - 2026,2026,IPL 2026,DC,14,11,2,173,56,19.22,132,131.06,0,1,16,6,7,0,11,8.18,264,2/18,2/18,32.72,24.0,0,0,0,"July 17, 2015","July 01, 2026","June 15, 2014","October 25, 2025"
554691,Axar Rajeshbhai Patel,"January 20, 1994, Anand, Gujarat",32y 165d,India,Allrounder,Left hand Bat,Slow Left arm Orthodox,2014 - 2026,2025,IPL 2025,DC,12,11,1,263,43,26.30,167,157.48,0,0,23,15,4,0,5,8.47,204,2/19,2/19,57.60,40.8,0,0,0,"July 17, 2015","July 01, 2026","June 15, 2014","October 25, 2025"
554691,Axar Rajeshbhai Patel,"January 20, 1994, Anand, Gujarat",32y 165d,India,Allrounder,Left hand Bat,Slow Left arm Orthodox,2014 - 2026,2024,IPL 2024,DC,14,12,4,235,66,29.37,179,131.28,0,2,19,10,13,0,11,7.65,264,2/25,2/25,30.63,24.0,0,0,0,"July 17, 2015","July 01, 2026","June 15, 2014","October 25, 2025"
554691,Axar Rajeshbhai Patel,"January 20, 1994, Anand, Gujarat",32y 165d,India,Allrounder,Left hand Bat,Slow Left arm Orthodox,2014 - 2026,2023,IPL 2023,DC,14,13,3,283,54,28.30,203,139.40,0,1,21,15,7,0,11,7.19,282,2/13,2/13,30.72,25.6,0,0,0,"July 17, 2015","July 01, 2026","June 15, 2014","October 25, 2025"
554691,Axar Rajeshbhai Patel,"January 20, 1994, Anand, Gujarat",32y 165d,India,Allrounder,Left hand Bat,Slow Left arm Orthodox,2014 - 2026,2022,IPL 2022,DC,13,10,6,182,42*,45.50,120,151.66,0,0,12,10,8,0,6,7.46,258,2/10,2/10,53.50,43.0,0,0,0,"July 17, 2015","July 01, 2026","June 15, 2014","October 25, 2025"
554691,Axar Rajeshbhai Patel,"January 20, 1994, Anand, Gujarat",32y 165d,India,Allrounder,Left hand Bat,Slow Left arm Orthodox,2014 - 2026,2021,IPL 2021,DC,12,6,1,40,12,8.00,46,86.95,0,0,2,1,4,0,15,6.65,276,3/21,3/21,20.40,18.4,0,0,0,"July 17, 2015","July 01, 2026","June 15, 2014","October 25, 2025"
554691,Axar Rajeshbhai Patel,"January 20, 1994, Anand, Gujarat",32y 165d,India,Allrounder,Left hand Bat,Slow Left arm Orthodox,2014 - 2026,2020/21,IPL 2020/21,DC,15,9,1,117,42,14.62,85,137.64,0,0,6,8,6,0,9,6.41,306,2/18,2/18,36.33,34.0,0,0,0,"July 17, 2015","July 01, 2026","June 15, 2014","October 25, 2025"
554691,Axar Rajeshbhai Patel,"January 20, 1994, Anand, Gujarat",32y 165d,India,Allrounder,Left hand Bat,Slow Left arm Orthodox,2014 - 2026,2019,IPL 2019,DC,14,12,6,110,26,18.33,88,125.00,0,0,10,3,9,0,10,7.13,306,2/22,2/22,36.40,30.6,0,0,0,"July 17, 2015","July 01, 2026","June 15, 2014","October 25, 2025"
554691,Axar Rajeshbhai Patel,"January 20, 1994, Anand, Gujarat",32y 165d,India,Allrounder,Left hand Bat,Slow Left arm Orthodox,2014 - 2026,2018,IPL 2018,PBKS,9,8,2,80,19,13.33,69,115.94,0,0,3,4,2,0,3,8.38,156,1/21,1/21,72.66,52.0,0,0,0,"July 17, 2015","July 01, 2026","June 15, 2014","October 25, 2025"
554691,Axar Rajeshbhai Patel,"January 20, 1994, Anand, Gujarat",32y 165d,India,Allrounder,Left hand Bat,Slow Left arm Orthodox,2014 - 2026,2017,IPL 2017,PBKS,14,13,5,227,44,28.37,162,140.12,0,0,11,11,7,0,15,7.54,288,3/11,3/11,24.13,19.2,0,0,0,"July 17, 2015","July 01, 2026","June 15, 2014","October 25, 2025"
554691,Axar Rajeshbhai Patel,"January 20, 1994, Anand, Gujarat",32y 165d,India,Allrounder,Left hand Bat,Slow Left arm Orthodox,2014 - 2026,2016,IPL 2016,PBKS,14,10,3,111,36*,15.85,77,144.15,0,0,4,8,2,0,13,8.11,287,4/21,4/21,29.84,22.0,1,0,0,"July 17, 2015","July 01, 2026","June 15, 2014","October 25, 2025"
554691,Axar Rajeshbhai Patel,"January 20, 1994, Anand, Gujarat",32y 165d,India,Allrounder,Left hand Bat,Slow Left arm Orthodox,2014 - 2026,2015,IPL 2015,PBKS,14,12,3,206,40*,22.88,174,118.39,0,0,13,8,7,0,13,8.40,280,2/11,2/11,30.15,21.5,0,0,0,"July 17, 2015","July 01, 2026","June 15, 2014","October 25, 2025"
554691,Axar Rajeshbhai Patel,"January 20, 1994, Anand, Gujarat",32y 165d,India,Allrounder,Left hand Bat,Slow Left arm Orthodox,2014 - 2026,2014,IPL 2014,PBKS,17,8,2,62,42*,10.33,60,103.33,0,0,6,1,7,0,17,6.13,396,3/24,3/24,23.82,23.2,0,0,0,"July 17, 2015","July 01, 2026","June 15, 2014","October 25, 2025"
7547,Ben James Rohrer,"March 26, 1981, Bankstown, New South Wales",45y 100d,Australia,Middle order Batter,Left hand Bat,,2013 - 2013,2013,IPL 2013,DC,8,8,2,193,64*,32.16,140,137.85,0,1,21,5,3,0,0,12.00,6,-,-,-,-,0,0,0,"February 13, 2013","Tasmania vs NSW  at Hobart - March 08 - 11, 2007",,
27685,Bharat Chipli,"January 27, 1983, Sagar, Shivmoga, Karantaka",43y 158d,India,Batter,Right hand Bat,Right arm Medium,-,2013,IPL 2013,DC,1,1,0,16,16,16.00,18,88.88,0,0,1,1,0,0,-,-,-,-,-,-,-,-,-,-,,,,
27685,Bharat Chipli,"January 27, 1983, Sagar, Shivmoga, Karantaka",43y 158d,India,Batter,Right hand Bat,Right arm Medium,-,2012,IPL 2012,DCH,5,4,1,37,25*,12.33,35,105.71,0,0,3,2,1,0,-,-,-,-,-,-,-,-,-,-,,,,
27685,Bharat Chipli,"January 27, 1983, Sagar, Shivmoga, Karantaka",43y 158d,India,Batter,Right hand Bat,Right arm Medium,-,2011,IPL 2011,DCH,14,13,5,207,61*,25.87,170,121.76,0,1,21,4,1,0,0,20.00,6,-,-,-,-,0,0,0,,,,
27685,Bharat Chipli,"January 27, 1983, Sagar, Shivmoga, Karantaka",43y 158d,India,Batter,Right hand Bat,Right arm Medium,-,2007/08,IPL 2007/08,RCB,3,3,0,20,10,6.66,28,71.42,0,0,3,0,1,0,-,-,-,-,-,-,-,-,-,-,,,,
5472,Brett Geeves,"June 13, 1982, Claremont, Tasmania",44y 21d,Australia,Bowler,Right hand Bat,Right arm Fast medium,2008 - 2009,2007/08,IPL 2007/08,DC,2,-,-,-,-,-,-,-,-,-,-,-,3,0,1,11.37,48,1/50,1/50,91.00,48.0,0,0,0,"August 30, 2008","April 09, 2009","August 30, 2008","April 09, 2009"
457249,Carlos Ricardo Brathwaite,"July 18, 1988, Barbados",37y 351d,West Indies,Allrounder,Right hand Bat,Right arm Fast medium,2011 - 2019,2019,IPL 2019,KKR,2,2,0,11,6,5.50,10,110.00,0,0,1,0,0,0,0,9.66,18,-,-,-,-,0,0,0,"October 11, 2011","August 06, 2019","October 18, 2011","August 14, 2019"
457249,Carlos Ricardo Brathwaite,"July 18, 1988, Barbados",37y 351d,West Indies,Allrounder,Right hand Bat,Right arm Fast medium,2011 - 2019,2018,IPL 2018,SRH,4,4,1,75,43*,25.00,48,156.25,0,0,1,8,2,0,5,9.24,61,2/15,2/15,18.80,12.2,0,0,0,"October 11, 2011","August 06, 2019","October 18, 2011","August 14, 2019"
457249,Carlos Ricardo Brathwaite,"July 18, 1988, Barbados",37y 351d,West Indies,Allrounder,Right hand Bat,Right arm Fast medium,2011 - 2019,2017,IPL 2017,DC,2,2,0,12,11,6.00,15,80.00,0,0,2,0,0,0,1,11.16,36,1/38,1/38,67.00,36.0,0,0,0,"October 11, 2011","August 06, 2019","October 18, 2011","August 14, 2019"
457249,Carlos Ricardo Brathwaite,"July 18, 1988, Barbados",37y 351d,West Indies,Allrounder,Right hand Bat,Right arm Fast medium,2011 - 2019,2016,IPL 2016,DC,8,6,0,83,34,13.83,38,218.42,0,0,6,8,3,0,7,8.15,139,3/47,3/47,27.00,19.8,0,0,0,"October 11, 2011","August 06, 2019","October 18, 2011","August 14, 2019"
1131754,Chetan Sakariya,"February 28, 1998, Bhavnagar",28y 126d,India,Bowler,Left hand Bat,Left arm Medium fast,2021 - 2021,2025,IPL 2025,KKR,1,-,-,-,-,-,-,-,-,-,-,-,0,0,0,13.00,18,-,-,-,-,0,0,0,"July 28, 2021","July 29, 2021","July 23, 2021","July 28, 2021"
1131754,Chetan Sakariya,"February 28, 1998, Bhavnagar",28y 126d,India,Bowler,Left hand Bat,Left arm Medium fast,2021 - 2021,2023,IPL 2023,DC,2,2,1,4,4,4.00,6,66.66,0,0,1,0,0,0,3,11.12,48,2/53,2/53,29.66,16.0,0,0,0,"July 28, 2021","July 29, 2021","July 23, 2021","July 28, 2021"
1131754,Chetan Sakariya,"February 28, 1998, Bhavnagar",28y 126d,India,Bowler,Left hand Bat,Left arm Medium fast,2021 - 2021,2022,IPL 2022,DC,3,-,-,-,-,-,-,-,-,-,-,-,2,0,3,7.63,66,2/23,2/23,28.00,22.0,0,0,0,"July 28, 2021","July 29, 2021","July 23, 2021","July 28, 2021"
1131754,Chetan Sakariya,"February 28, 1998, Bhavnagar",28y 126d,India,Bowler,Left hand Bat,Left arm Medium fast,2021 - 2021,2021,IPL 2021,RR,14,6,1,16,7,3.20,25,64.00,0,0,2,0,4,0,14,8.19,312,3/31,3/31,30.42,22.2,0,0,0,"July 28, 2021","July 29, 2021","July 23, 2021","July 28, 2021"
302208,Chidhambaram Muralidharen Gautam,"March 08, 1986, Bangalore, Karnataka",40y 118d,India,Wicketkeeper,Right hand Bat,,-,2015,IPL 2015,DC,1,1,0,4,4,4.00,5,80.00,0,0,0,0,0,1,-,-,-,-,-,-,-,-,-,-,,,,
302208,Chidhambaram Muralidharen Gautam,"March 08, 1986, Bangalore, Karnataka",40y 118d,India,Wicketkeeper,Right hand Bat,,-,2014,IPL 2014,MI,9,9,2,121,33,17.28,111,109.00,0,0,13,5,3,3,-,-,-,-,-,-,-,-,-,-,,,,
302208,Chidhambaram Muralidharen Gautam,"March 08, 1986, Bangalore, Karnataka",40y 118d,India,Wicketkeeper,Right hand Bat,,-,2013,IPL 2013,DC,3,3,1,44,30,22.00,34,129.41,0,0,4,1,0,0,-,-,-,-,-,-,-,-,-,-,,,,
439952,Christopher Henry Morris,"April 30, 1987, Pretoria, Transvaal",39y 65d,South Africa,Bowling Allrounder,Right hand Bat,Right arm Fast medium,2012 - 2019,2021,IPL 2021,RR,11,7,2,67,36*,13.40,49,136.73,0,0,2,5,4,0,15,9.17,246,4/23,4/23,25.06,16.4,1,0,0,"December 21, 2012","March 24, 2019","June 10, 2013","July 06, 2019"
439952,Christopher Henry Morris,"April 30, 1987, Pretoria, Transvaal",39y 65d,South Africa,Bowling Allrounder,Right hand Bat,Right arm Fast medium,2012 - 2019,2020/21,IPL 2020/21,RCB,9,5,1,34,25*,8.50,21,161.90,0,0,2,3,7,0,11,6.63,190,4/26,4/26,19.09,17.2,1,0,0,"December 21, 2012","March 24, 2019","June 10, 2013","July 06, 2019"
439952,Christopher Henry Morris,"April 30, 1987, Pretoria, Transvaal",39y 65d,South Africa,Bowling Allrounder,Right hand Bat,Right arm Fast medium,2012 - 2019,2019,IPL 2019,DC,9,6,0,32,17,5.33,37,86.48,0,0,1,2,4,0,13,9.27,198,3/22,3/22,23.53,15.2,0,0,0,"December 21, 2012","March 24, 2019","June 10, 2013","July 06, 2019"
439952,Christopher Henry Morris,"April 30, 1987, Pretoria, Transvaal",39y 65d,South Africa,Bowling Allrounder,Right hand Bat,Right arm Fast medium,2012 - 2019,2018,IPL 2018,DC,4,4,3,46,27*,46.00,26,176.92,0,0,3,2,2,0,3,10.21,84,2/41,2/41,47.66,28.0,0,0,0,"December 21, 2012","March 24, 2019","June 10, 2013","July 06, 2019"
439952,Christopher Henry Morris,"April 30, 1987, Pretoria, Transvaal",39y 65d,South Africa,Bowling Allrounder,Right hand Bat,Right arm Fast medium,2012 - 2019,2017,IPL 2017,DC,9,9,4,154,52*,30.80,94,163.82,0,1,15,6,5,0,12,7.74,186,4/26,4/26,20.00,15.5,1,0,0,"December 21, 2012","March 24, 2019","June 10, 2013","July 06, 2019"
439952,Christopher Henry Morris,"April 30, 1987, Pretoria, Transvaal",39y 65d,South Africa,Bowling Allrounder,Right hand Bat,Right arm Fast medium,2012 - 2019,2016,IPL 2016,DC,12,7,4,195,82*,65.00,109,178.89,0,1,15,12,8,0,13,7.00,264,2/30,2/30,23.69,20.3,0,0,0,"December 21, 2012","March 24, 2019","June 10, 2013","July 06, 2019"
439952,Christopher Henry Morris,"April 30, 1987, Pretoria, Transvaal",39y 65d,South Africa,Bowling Allrounder,Right hand Bat,Right arm Fast medium,2012 - 2019,2015,IPL 2015,RR,11,7,5,76,34*,38.00,46,165.21,0,0,3,5,3,0,13,7.40,252,4/23,4/23,23.92,19.3,1,0,0,"December 21, 2012","March 24, 2019","June 10, 2013","July 06, 2019"
439952,Christopher Henry Morris,"April 30, 1987, Pretoria, Transvaal",39y 65d,South Africa,Bowling Allrounder,Right hand Bat,Right arm Fast medium,2012 - 2019,2013,IPL 2013,CSK,16,6,4,14,7*,7.00,16,87.50,0,0,0,0,5,0,15,8.02,300,3/40,3/40,26.73,20.0,0,0,0,"December 21, 2012","March 24, 2019","June 10, 2013","July 06, 2019"
247235,Christopher Roger Woakes,"March 02, 1989, Birmingham, Warwickshire",37y 124d,England,Allrounder,Right hand Bat,Right arm Fast medium,2011 - 2025,2021,IPL 2021,DC,3,1,1,15,15*,-,11,136.36,0,0,2,0,0,0,5,7.45,66,2/18,2/18,16.40,13.2,0,0,0,"January 12, 2011","December 21, 2023","January 23, 2011","November 11, 2023"
247235,Christopher Roger Woakes,"March 02, 1989, Birmingham, Warwickshire",37y 124d,England,Allrounder,Right hand Bat,Right arm Fast medium,2011 - 2025,2018,IPL 2018,RCB,5,4,2,17,11,8.50,19,89.47,0,0,1,1,1,0,8,10.36,110,3/36,3/36,23.75,13.7,0,0,0,"January 12, 2011","December 21, 2023","January 23, 2011","November 11, 2023"
247235,Christopher Roger Woakes,"March 02, 1989, Birmingham, Warwickshire",37y 124d,England,Allrounder,Right hand Bat,Right arm Fast medium,2011 - 2025,2017,IPL 2017,KKR,13,7,3,46,18,11.50,47,97.87,0,0,4,1,6,0,17,8.77,264,3/6,3/6,22.70,15.5,0,0,0,"January 12, 2011","December 21, 2023","January 23, 2011","November 11, 2023"
45705,Colin Alexander Ingram,"July 03, 1985, Port Elizabeth",41y 1d,South Africa,Top order Batter,Left hand Bat,Legbreak,2010 - 2013,2019,IPL 2019,DC,12,12,2,184,47,18.40,154,119.48,0,0,20,5,1,0,-,-,-,-,-,-,-,-,-,-,"October 08, 2010","March 30, 2012","October 15, 2010","November 01, 2013"
45705,Colin Alexander Ingram,"July 03, 1985, Port Elizabeth",41y 1d,South Africa,Top order Batter,Left hand Bat,Legbreak,2010 - 2013,2011,IPL 2011,DC,3,3,1,21,13*,10.50,26,80.76,0,0,2,0,0,0,-,-,-,-,-,-,-,-,-,-,"October 08, 2010","March 30, 2012","October 15, 2010","November 01, 2013"
232359,Colin Munro,"March 11, 1987, Durban",39y 115d,New Zealand,Opening Batter,Left hand Bat,Right arm Medium fast,2012 - 2020,2019,IPL 2019,DC,4,4,0,84,40,21.00,70,120.00,0,0,9,4,0,0,-,-,-,-,-,-,-,-,-,-,"December 21, 2012","February 02, 2020","January 22, 2013","June 26, 2019"
232359,Colin Munro,"March 11, 1987, Durban",39y 115d,New Zealand,Opening Batter,Left hand Bat,Right arm Medium fast,2012 - 2020,2018,IPL 2018,DC,5,5,0,63,33,12.60,41,153.65,0,0,7,4,2,0,-,-,-,-,-,-,-,-,-,-,"December 21, 2012","February 02, 2020","January 22, 2013","June 26, 2019"
232359,Colin Munro,"March 11, 1987, Durban",39y 115d,New Zealand,Opening Batter,Left hand Bat,Right arm Medium fast,2012 - 2020,2016,IPL 2016,KKR,4,3,0,30,16,10.00,30,100.00,0,0,3,0,2,0,0,7.50,12,-,-,-,-,0,0,0,"December 21, 2012","February 02, 2020","January 22, 2013","June 26, 2019"
277662,Corey James Anderson,"December 13, 1990, Christchurch, Canterbury",35y 203d,United States of America,Batting Allrounder,Left hand Bat,Left arm Medium fast,2012 - 2024,2018,IPL 2018,RCB,3,3,0,17,15,5.66,22,77.27,0,0,0,1,0,0,3,13.26,52,2/47,2/47,38.33,17.3,0,0,0,"December 21, 2012","June 23, 2024","June 16, 2013","June 09, 2017"
277662,Corey James Anderson,"December 13, 1990, Christchurch, Canterbury",35y 203d,United States of America,Batting Allrounder,Left hand Bat,Left arm Medium fast,2012 - 2024,2017,IPL 2017,DC,11,11,4,142,41*,20.28,123,115.44,0,0,8,9,5,0,3,9.87,113,1/23,1/23,62.00,37.6,0,0,0,"December 21, 2012","June 23, 2024","June 16, 2013","June 09, 2017"
277662,Corey James Anderson,"December 13, 1990, Christchurch, Canterbury",35y 203d,United States of America,Batting Allrounder,Left hand Bat,Left arm Medium fast,2012 - 2024,2015,IPL 2015,MI,4,4,1,114,55*,38.00,97,117.52,0,2,11,6,1,0,1,8.25,24,1/21,1/21,33.00,24.0,0,0,0,"December 21, 2012","June 23, 2024","June 16, 2013","June 09, 2017"
277662,Corey James Anderson,"December 13, 1990, Christchurch, Canterbury",35y 203d,United States of America,Batting Allrounder,Left hand Bat,Left arm Medium fast,2012 - 2024,2014,IPL 2014,MI,12,11,2,265,95*,29.44,181,146.40,0,1,21,15,5,0,4,10.22,108,2/18,2/18,46.00,27.0,0,0,0,"December 21, 2012","June 23, 2024","June 16, 2013","June 09, 2017"
4864,Daniel Trevor Christian,"May 04, 1983, Camperdown, Sydney, New South Wales",43y 61d,Australia,Allrounder,Right hand Bat,Right arm Fast medium,2010 - 2021,2021,IPL 2021,RCB,9,7,1,14,9,2.33,24,58.33,0,0,1,0,9,0,4,9.30,100,2/14,2/14,38.75,25.0,0,0,0,"February 23, 2010","August 09, 2021","February 05, 2012","July 26, 2021"
4864,Daniel Trevor Christian,"May 04, 1983, Camperdown, Sydney, New South Wales",43y 61d,Australia,Allrounder,Right hand Bat,Right arm Fast medium,2010 - 2021,2018,IPL 2018,DC,4,3,1,26,13,13.00,33,78.78,0,0,0,1,0,0,4,8.53,71,2/35,2/35,25.25,17.7,0,0,0,"February 23, 2010","August 09, 2021","February 05, 2012","July 26, 2021"
4864,Daniel Trevor Christian,"May 04, 1983, Camperdown, Sydney, New South Wales",43y 61d,Australia,Allrounder,Right hand Bat,Right arm Fast medium,2010 - 2021,2017,IPL 2017,RPS,13,9,4,79,17*,15.80,49,161.22,0,0,5,5,6,0,11,7.45,240,2/10,2/10,27.09,21.8,0,0,0,"February 23, 2010","August 09, 2021","February 05, 2012","July 26, 2021"
4864,Daniel Trevor Christian,"May 04, 1983, Camperdown, Sydney, New South Wales",43y 61d,Australia,Allrounder,Right hand Bat,Right arm Fast medium,2010 - 2021,2013,IPL 2013,RCB,2,2,0,6,4,3.00,15,40.00,0,0,0,0,0,0,0,9.16,36,-,-,-,-,0,0,0,"February 23, 2010","August 09, 2021","February 05, 2012","July 26, 2021"
4864,Daniel Trevor Christian,"May 04, 1983, Camperdown, Sydney, New South Wales",43y 61d,Australia,Allrounder,Right hand Bat,Right arm Fast medium,2010 - 2021,2012,IPL 2012,DCH,7,7,2,145,39,29.00,118,122.88,0,0,8,6,6,0,8,8.62,162,2/26,2/26,29.12,20.2,0,0,0,"February 23, 2010","August 09, 2021","February 05, 2012","July 26, 2021"
4864,Daniel Trevor Christian,"May 04, 1983, Camperdown, Sydney, New South Wales",43y 61d,Australia,Allrounder,Right hand Bat,Right arm Fast medium,2010 - 2021,2011,IPL 2011,DCH,14,13,2,190,30,17.27,159,119.49,0,0,9,7,7,0,11,7.66,274,2/13,2/13,31.81,24.9,0,0,0,"February 23, 2010","August 09, 2021","February 05, 2012","July 26, 2021"
826901,Daniel Richard Sams,"October 27, 1992, Milperra, New South Wales",33y 250d,Australia,Allrounder,Right hand Bat,Left arm Fast medium,2020 - 2022,2022,IPL 2022,MI,11,10,3,38,15,5.42,36,105.55,0,0,1,3,7,0,13,8.80,252,4/30,4/30,28.46,19.3,1,0,0,"December 06, 2020","October 09, 2022",,
826901,Daniel Richard Sams,"October 27, 1992, Milperra, New South Wales",33y 250d,Australia,Allrounder,Right hand Bat,Left arm Fast medium,2020 - 2022,2021,IPL 2021,RCB,2,2,1,6,3*,6.00,6,100.00,0,0,0,0,0,0,1,6.50,36,1/24,1/24,39.00,36.0,0,0,0,"December 06, 2020","October 09, 2022",,
826901,Daniel Richard Sams,"October 27, 1992, Milperra, New South Wales",33y 250d,Australia,Allrounder,Right hand Bat,Left arm Fast medium,2020 - 2022,2020/21,IPL 2020/21,DC,3,1,0,0,0,0.00,2,0.00,0,0,0,0,3,0,0,9.50,72,-,-,-,-,0,0,0,"December 06, 2020","October 09, 2022",,
38710,Daniel Luca Vettori,"January 27, 1979, Auckland",47y 158d,New Zealand,Allrounder,Left hand Bat,Slow Left arm Orthodox,1997 - 2015,2012,IPL 2012,RCB,9,6,2,31,20,7.75,26,119.23,0,0,3,1,3,0,5,6.74,210,1/20,1/20,47.20,42.0,0,0,0,"September 12, 2007","December 05, 2014","March 25, 1997","March 29, 2015"
38710,Daniel Luca Vettori,"January 27, 1979, Auckland",47y 158d,New Zealand,Allrounder,Left hand Bat,Slow Left arm Orthodox,1997 - 2015,2011,IPL 2011,RCB,13,4,3,23,18*,23.00,28,82.14,0,0,1,1,4,0,12,6.01,310,3/19,3/19,25.91,25.8,0,0,0,"September 12, 2007","December 05, 2014","March 25, 1997","March 29, 2015"
38710,Daniel Luca Vettori,"January 27, 1979, Auckland",47y 158d,New Zealand,Allrounder,Left hand Bat,Slow Left arm Orthodox,1997 - 2015,2009/10,IPL 2009/10,DC,3,3,2,33,19*,33.00,27,122.22,0,0,4,0,0,0,2,8.31,70,1/30,1/30,48.50,35.0,0,0,0,"September 12, 2007","December 05, 2014","March 25, 1997","March 29, 2015"
38710,Daniel Luca Vettori,"January 27, 1979, Auckland",47y 158d,New Zealand,Allrounder,Left hand Bat,Slow Left arm Orthodox,1997 - 2015,2009,IPL 2009,DC,7,4,2,34,29,17.00,32,106.25,0,0,3,0,4,0,7,7.81,139,3/15,3/15,25.85,19.8,0,0,0,"September 12, 2007","December 05, 2014","March 25, 1997","March 29, 2015"
38710,Daniel Luca Vettori,"January 27, 1979, Auckland",47y 158d,New Zealand,Allrounder,Left hand Bat,Slow Left arm Orthodox,1997 - 2015,2007/08,IPL 2007/08,DC,2,-,-,-,-,-,-,-,-,-,-,-,0,0,2,6.75,48,1/19,1/19,27.00,24.0,0,0,0,"September 12, 2007","December 05, 2014","March 25, 1997","March 29, 2015"
321777,David Andrew Miller,"June 10, 1989, Pietermaritzburg, Natal",37y 24d,South Africa,Middle order Batter,Left hand Bat,Right arm Offbreak,2010 - 2026,2026,IPL 2026,DC,11,10,4,211,51,35.16,137,154.01,0,1,15,14,7,0,-,-,-,-,-,-,-,-,-,-,"May 20, 2010","March 04, 2026","May 22, 2010","March 05, 2025"
321777,David Andrew Miller,"June 10, 1989, Pietermaritzburg, Natal",37y 24d,South Africa,Middle order Batter,Left hand Bat,Right arm Offbreak,2010 - 2026,2025,IPL 2025,LSG,11,11,6,153,27*,30.60,120,127.49,0,0,13,4,5,0,-,-,-,-,-,-,-,-,-,-,"May 20, 2010","March 04, 2026","May 22, 2010","March 05, 2025"
321777,David Andrew Miller,"June 10, 1989, Pietermaritzburg, Natal",37y 24d,South Africa,Middle order Batter,Left hand Bat,Right arm Offbreak,2010 - 2026,2024,IPL 2024,GT,9,9,3,210,55,35.00,139,151.07,0,1,20,8,5,0,-,-,-,-,-,-,-,-,-,-,"May 20, 2010","March 04, 2026","May 22, 2010","March 05, 2025"
321777,David Andrew Miller,"June 10, 1989, Pietermaritzburg, Natal",37y 24d,South Africa,Middle order Batter,Left hand Bat,Right arm Offbreak,2010 - 2026,2023,IPL 2023,GT,16,13,5,259,46,32.37,178,145.50,0,0,18,13,11,0,-,-,-,-,-,-,-,-,-,-,"May 20, 2010","March 04, 2026","May 22, 2010","March 05, 2025"
321777,David Andrew Miller,"June 10, 1989, Pietermaritzburg, Natal",37y 24d,South Africa,Middle order Batter,Left hand Bat,Right arm Offbreak,2010 - 2026,2022,IPL 2022,GT,16,16,9,481,94*,68.71,337,142.72,0,2,32,23,6,0,-,-,-,-,-,-,-,-,-,-,"May 20, 2010","March 04, 2026","May 22, 2010","March 05, 2025"
321777,David Andrew Miller,"June 10, 1989, Pietermaritzburg, Natal",37y 24d,South Africa,Middle order Batter,Left hand Bat,Right arm Offbreak,2010 - 2026,2021,IPL 2021,RR,9,8,3,124,62,24.80,113,109.73,0,1,11,3,4,0,-,-,-,-,-,-,-,-,-,-,"May 20, 2010","March 04, 2026","May 22, 2010","March 05, 2025"
321777,David Andrew Miller,"June 10, 1989, Pietermaritzburg, Natal",37y 24d,South Africa,Middle order Batter,Left hand Bat,Right arm Offbreak,2010 - 2026,2020/21,IPL 2020/21,RR,1,1,0,0,0,0.00,0,-,0,0,0,0,0,0,-,-,-,-,-,-,-,-,-,-,"May 20, 2010","March 04, 2026","May 22, 2010","March 05, 2025"
321777,David Andrew Miller,"June 10, 1989, Pietermaritzburg, Natal",37y 24d,South Africa,Middle order Batter,Left hand Bat,Right arm Offbreak,2010 - 2026,2019,IPL 2019,PBKS,10,10,2,213,59*,26.62,164,129.87,0,1,19,7,7,0,-,-,-,-,-,-,-,-,-,-,"May 20, 2010","March 04, 2026","May 22, 2010","March 05, 2025"
321777,David Andrew Miller,"June 10, 1989, Pietermaritzburg, Natal",37y 24d,South Africa,Middle order Batter,Left hand Bat,Right arm Offbreak,2010 - 2026,2018,IPL 2018,PBKS,3,3,1,74,26,37.00,64,115.62,0,0,3,2,0,0,-,-,-,-,-,-,-,-,-,-,"May 20, 2010","March 04, 2026","May 22, 2010","March 05, 2025"
321777,David Andrew Miller,"June 10, 1989, Pietermaritzburg, Natal",37y 24d,South Africa,Middle order Batter,Left hand Bat,Right arm Offbreak,2010 - 2026,2017,IPL 2017,PBKS,5,4,1,83,30*,27.66,80,103.75,0,0,4,4,2,0,-,-,-,-,-,-,-,-,-,-,"May 20, 2010","March 04, 2026","May 22, 2010","March 05, 2025"
321777,David Andrew Miller,"June 10, 1989, Pietermaritzburg, Natal",37y 24d,South Africa,Middle order Batter,Left hand Bat,Right arm Offbreak,2010 - 2026,2016,IPL 2016,PBKS,14,13,3,161,31,16.10,131,122.90,0,0,11,4,10,0,-,-,-,-,-,-,-,-,-,-,"May 20, 2010","March 04, 2026","May 22, 2010","March 05, 2025"
321777,David Andrew Miller,"June 10, 1989, Pietermaritzburg, Natal",37y 24d,South Africa,Middle order Batter,Left hand Bat,Right arm Offbreak,2010 - 2026,2015,IPL 2015,PBKS,13,13,2,357,89*,32.45,266,134.21,0,2,21,21,7,0,-,-,-,-,-,-,-,-,-,-,"May 20, 2010","March 04, 2026","May 22, 2010","March 05, 2025"
321777,David Andrew Miller,"June 10, 1989, Pietermaritzburg, Natal",37y 24d,South Africa,Middle order Batter,Left hand Bat,Right arm Offbreak,2010 - 2026,2014,IPL 2014,PBKS,16,16,6,446,66,44.60,299,149.16,0,3,34,21,14,0,-,-,-,-,-,-,-,-,-,-,"May 20, 2010","March 04, 2026","May 22, 2010","March 05, 2025"
321777,David Andrew Miller,"June 10, 1989, Pietermaritzburg, Natal",37y 24d,South Africa,Middle order Batter,Left hand Bat,Right arm Offbreak,2010 - 2026,2013,IPL 2013,PBKS,12,12,5,418,101*,59.71,254,164.56,1,3,28,24,8,0,-,-,-,-,-,-,-,-,-,-,"May 20, 2010","March 04, 2026","May 22, 2010","March 05, 2025"
321777,David Andrew Miller,"June 10, 1989, Pietermaritzburg, Natal",37y 24d,South Africa,Middle order Batter,Left hand Bat,Right arm Offbreak,2010 - 2026,2012,IPL 2012,PBKS,6,6,3,98,34*,32.66,75,130.66,0,0,6,4,1,0,-,-,-,-,-,-,-,-,-,-,"May 20, 2010","March 04, 2026","May 22, 2010","March 05, 2025"
219889,David Andrew Warner,"October 27, 1986, Paddington, New South Wales",39y 250d,Australia,Opening Batter,Left hand Bat,Legbreak,2009 - 2024,2024,IPL 2024,DC,8,8,0,168,52,21.00,125,134.40,0,1,17,10,5,0,-,-,-,-,-,-,-,-,-,-,"January 11, 2009","June 24, 2024","January 18, 2009","November 19, 2023"
219889,David Andrew Warner,"October 27, 1986, Paddington, New South Wales",39y 250d,Australia,Opening Batter,Left hand Bat,Legbreak,2009 - 2024,2023,IPL 2023,DC,14,14,0,516,86,36.85,392,131.63,0,6,69,10,7,0,-,-,-,-,-,-,-,-,-,-,"January 11, 2009","June 24, 2024","January 18, 2009","November 19, 2023"
219889,David Andrew Warner,"October 27, 1986, Paddington, New South Wales",39y 250d,Australia,Opening Batter,Left hand Bat,Legbreak,2009 - 2024,2022,IPL 2022,DC,12,12,3,432,92*,48.00,287,150.52,0,5,52,15,6,0,-,-,-,-,-,-,-,-,-,-,"January 11, 2009","June 24, 2024","January 18, 2009","November 19, 2023"
219889,David Andrew Warner,"October 27, 1986, Paddington, New South Wales",39y 250d,Australia,Opening Batter,Left hand Bat,Legbreak,2009 - 2024,2021,IPL 2021,SRH,8,8,0,195,57,24.37,181,107.73,0,2,15,6,2,0,-,-,-,-,-,-,-,-,-,-,"January 11, 2009","June 24, 2024","January 18, 2009","November 19, 2023"
219889,David Andrew Warner,"October 27, 1986, Paddington, New South Wales",39y 250d,Australia,Opening Batter,Left hand Bat,Legbreak,2009 - 2024,2020/21,IPL 2020/21,SRH,16,16,2,548,85*,39.14,407,134.64,0,4,52,14,12,0,0,12.00,1,-,-,-,-,0,0,0,"January 11, 2009","June 24, 2024","January 18, 2009","November 19, 2023"
219889,David Andrew Warner,"October 27, 1986, Paddington, New South Wales",39y 250d,Australia,Opening Batter,Left hand Bat,Legbreak,2009 - 2024,2019,IPL 2019,SRH,12,12,2,692,100*,69.20,481,143.86,1,8,57,21,2,0,-,-,-,-,-,-,-,-,-,-,"January 11, 2009","June 24, 2024","January 18, 2009","November 19, 2023"
219889,David Andrew Warner,"October 27, 1986, Paddington, New South Wales",39y 250d,Australia,Opening Batter,Left hand Bat,Legbreak,2009 - 2024,2017,IPL 2017,SRH,14,14,3,641,126,58.27,452,141.81,1,4,63,26,10,0,-,-,-,-,-,-,-,-,-,-,"January 11, 2009","June 24, 2024","January 18, 2009","November 19, 2023"
219889,David Andrew Warner,"October 27, 1986, Paddington, New South Wales",39y 250d,Australia,Opening Batter,Left hand Bat,Legbreak,2009 - 2024,2016,IPL 2016,SRH,17,17,3,848,93*,60.57,560,151.42,0,9,88,31,4,0,-,-,-,-,-,-,-,-,-,-,"January 11, 2009","June 24, 2024","January 18, 2009","November 19, 2023"
219889,David Andrew Warner,"October 27, 1986, Paddington, New South Wales",39y 250d,Australia,Opening Batter,Left hand Bat,Legbreak,2009 - 2024,2015,IPL 2015,SRH,14,14,1,562,91,43.23,359,156.54,0,7,65,21,8,0,-,-,-,-,-,-,-,-,-,-,"January 11, 2009","June 24, 2024","January 18, 2009","November 19, 2023"
219889,David Andrew Warner,"October 27, 1986, Paddington, New South Wales",39y 250d,Australia,Opening Batter,Left hand Bat,Legbreak,2009 - 2024,2014,IPL 2014,SRH,14,14,3,528,90,48.00,375,140.79,0,6,39,24,8,0,-,-,-,-,-,-,-,-,-,-,"January 11, 2009","June 24, 2024","January 18, 2009","November 19, 2023"
219889,David Andrew Warner,"October 27, 1986, Paddington, New South Wales",39y 250d,Australia,Opening Batter,Left hand Bat,Legbreak,2009 - 2024,2013,IPL 2013,DC,16,16,3,410,77,31.53,323,126.93,0,4,41,14,6,0,-,-,-,-,-,-,-,-,-,-,"January 11, 2009","June 24, 2024","January 18, 2009","November 19, 2023"
219889,David Andrew Warner,"October 27, 1986, Paddington, New South Wales",39y 250d,Australia,Opening Batter,Left hand Bat,Legbreak,2009 - 2024,2012,IPL 2012,DC,8,8,1,256,109*,36.57,156,164.10,1,1,28,14,1,0,-,-,-,-,-,-,-,-,-,-,"January 11, 2009","June 24, 2024","January 18, 2009","November 19, 2023"
219889,David Andrew Warner,"October 27, 1986, Paddington, New South Wales",39y 250d,Australia,Opening Batter,Left hand Bat,Legbreak,2009 - 2024,2011,IPL 2011,DC,13,13,0,324,77,24.92,276,117.39,0,3,34,11,4,0,-,-,-,-,-,-,-,-,-,-,"January 11, 2009","June 24, 2024","January 18, 2009","November 19, 2023"
219889,David Andrew Warner,"October 27, 1986, Paddington, New South Wales",39y 250d,Australia,Opening Batter,Left hand Bat,Legbreak,2009 - 2024,2009/10,IPL 2009/10,DC,11,11,1,282,107*,28.20,191,147.64,1,1,27,14,8,0,-,-,-,-,-,-,-,-,-,-,"January 11, 2009","June 24, 2024","January 18, 2009","November 19, 2023"
219889,David Andrew Warner,"October 27, 1986, Paddington, New South Wales",39y 250d,Australia,Opening Batter,Left hand Bat,Legbreak,2009 - 2024,2009,IPL 2009,DC,7,7,0,163,51,23.28,132,123.48,0,1,16,5,3,0,-,-,-,-,-,-,-,-,-,-,"January 11, 2009","June 24, 2024","January 18, 2009","November 19, 2023"
30045,Krishnakumar Dinesh Karthik,"June 01, 1985, Madras (now Chennai), Tamil Nadu",41y 33d,India,Wicketkeeper Batter,Right hand Bat,Right arm Offbreak,2004 - 2022,2024,IPL 2024,RCB,15,13,4,326,83,36.22,174,187.35,0,2,27,22,4,1,-,-,-,-,-,-,-,-,-,-,"December 01, 2006","November 02, 2022","September 05, 2004","India vs New Zealand  at Manchester - July 09 - 10, 2019"
30045,Krishnakumar Dinesh Karthik,"June 01, 1985, Madras (now Chennai), Tamil Nadu",41y 33d,India,Wicketkeeper Batter,Right hand Bat,Right arm Offbreak,2004 - 2022,2023,IPL 2023,RCB,13,13,1,140,30,11.66,104,134.61,0,0,13,5,8,2,-,-,-,-,-,-,-,-,-,-,"December 01, 2006","November 02, 2022","September 05, 2004","India vs New Zealand  at Manchester - July 09 - 10, 2019"
30045,Krishnakumar Dinesh Karthik,"June 01, 1985, Madras (now Chennai), Tamil Nadu",41y 33d,India,Wicketkeeper Batter,Right hand Bat,Right arm Offbreak,2004 - 2022,2022,IPL 2022,RCB,16,16,10,330,66*,55.00,180,183.33,0,1,27,22,10,2,-,-,-,-,-,-,-,-,-,-,"December 01, 2006","November 02, 2022","September 05, 2004","India vs New Zealand  at Manchester - July 09 - 10, 2019"
30045,Krishnakumar Dinesh Karthik,"June 01, 1985, Madras (now Chennai), Tamil Nadu",41y 33d,India,Wicketkeeper Batter,Right hand Bat,Right arm Offbreak,2004 - 2022,2021,IPL 2021,KKR,17,15,5,223,40,22.30,170,131.17,0,0,22,7,5,2,-,-,-,-,-,-,-,-,-,-,"December 01, 2006","November 02, 2022","September 05, 2004","India vs New Zealand  at Manchester - July 09 - 10, 2019"
30045,Krishnakumar Dinesh Karthik,"June 01, 1985, Madras (now Chennai), Tamil Nadu",41y 33d,India,Wicketkeeper Batter,Right hand Bat,Right arm Offbreak,2004 - 2022,2020/21,IPL 2020/21,KKR,14,14,2,169,58,14.08,134,126.11,0,1,20,4,9,0,-,-,-,-,-,-,-,-,-,-,"December 01, 2006","November 02, 2022","September 05, 2004","India vs New Zealand  at Manchester - July 09 - 10, 2019"
30045,Krishnakumar Dinesh Karthik,"June 01, 1985, Madras (now Chennai), Tamil Nadu",41y 33d,India,Wicketkeeper Batter,Right hand Bat,Right arm Offbreak,2004 - 2022,2019,IPL 2019,KKR,14,13,5,253,97*,31.62,173,146.24,0,2,22,14,7,0,-,-,-,-,-,-,-,-,-,-,"December 01, 2006","November 02, 2022","September 05, 2004","India vs New Zealand  at Manchester - July 09 - 10, 2019"
30045,Krishnakumar Dinesh Karthik,"June 01, 1985, Madras (now Chennai), Tamil Nadu",41y 33d,India,Wicketkeeper Batter,Right hand Bat,Right arm Offbreak,2004 - 2022,2018,IPL 2018,KKR,16,16,6,498,52,49.80,337,147.77,0,2,49,16,14,4,-,-,-,-,-,-,-,-,-,-,"December 01, 2006","November 02, 2022","September 05, 2004","India vs New Zealand  at Manchester - July 09 - 10, 2019"
30045,Krishnakumar Dinesh Karthik,"June 01, 1985, Madras (now Chennai), Tamil Nadu",41y 33d,India,Wicketkeeper Batter,Right hand Bat,Right arm Offbreak,2004 - 2022,2017,IPL 2017,GL,14,13,3,361,65,36.10,259,139.38,0,2,30,11,8,0,-,-,-,-,-,-,-,-,-,-,"December 01, 2006","November 02, 2022","September 05, 2004","India vs New Zealand  at Manchester - July 09 - 10, 2019"
30045,Krishnakumar Dinesh Karthik,"June 01, 1985, Madras (now Chennai), Tamil Nadu",41y 33d,India,Wicketkeeper Batter,Right hand Bat,Right arm Offbreak,2004 - 2022,2016,IPL 2016,GL,16,15,2,335,53,25.76,266,125.93,0,3,38,3,11,3,-,-,-,-,-,-,-,-,-,-,"December 01, 2006","November 02, 2022","September 05, 2004","India vs New Zealand  at Manchester - July 09 - 10, 2019"
30045,Krishnakumar Dinesh Karthik,"June 01, 1985, Madras (now Chennai), Tamil Nadu",41y 33d,India,Wicketkeeper Batter,Right hand Bat,Right arm Offbreak,2004 - 2022,2015,IPL 2015,RCB,16,11,0,141,28,12.81,117,120.51,0,0,15,4,14,4,-,-,-,-,-,-,-,-,-,-,"December 01, 2006","November 02, 2022","September 05, 2004","India vs New Zealand  at Manchester - July 09 - 10, 2019"
30045,Krishnakumar Dinesh Karthik,"June 01, 1985, Madras (now Chennai), Tamil Nadu",41y 33d,India,Wicketkeeper Batter,Right hand Bat,Right arm Offbreak,2004 - 2022,2014,IPL 2014,DC,14,14,0,325,69,23.21,258,125.96,0,3,28,11,7,2,-,-,-,-,-,-,-,-,-,-,"December 01, 2006","November 02, 2022","September 05, 2004","India vs New Zealand  at Manchester - July 09 - 10, 2019"
30045,Krishnakumar Dinesh Karthik,"June 01, 1985, Madras (now Chennai), Tamil Nadu",41y 33d,India,Wicketkeeper Batter,Right hand Bat,Right arm Offbreak,2004 - 2022,2013,IPL 2013,MI,19,19,1,510,86,28.33,411,124.08,0,2,54,14,12,2,-,-,-,-,-,-,-,-,-,-,"December 01, 2006","November 02, 2022","September 05, 2004","India vs New Zealand  at Manchester - July 09 - 10, 2019"
30045,Krishnakumar Dinesh Karthik,"June 01, 1985, Madras (now Chennai), Tamil Nadu",41y 33d,India,Wicketkeeper Batter,Right hand Bat,Right arm Offbreak,2004 - 2022,2012,IPL 2012,MI,17,14,1,238,44,18.30,213,111.73,0,0,30,2,5,2,-,-,-,-,-,-,-,-,-,-,"December 01, 2006","November 02, 2022","September 05, 2004","India vs New Zealand  at Manchester - July 09 - 10, 2019"
30045,Krishnakumar Dinesh Karthik,"June 01, 1985, Madras (now Chennai), Tamil Nadu",41y 33d,India,Wicketkeeper Batter,Right hand Bat,Right arm Offbreak,2004 - 2022,2011,IPL 2011,PBKS,14,13,2,282,69,25.63,220,128.18,0,1,32,7,7,0,-,-,-,-,-,-,-,-,-,-,"December 01, 2006","November 02, 2022","September 05, 2004","India vs New Zealand  at Manchester - July 09 - 10, 2019"
30045,Krishnakumar Dinesh Karthik,"June 01, 1985, Madras (now Chennai), Tamil Nadu",41y 33d,India,Wicketkeeper Batter,Right hand Bat,Right arm Offbreak,2004 - 2022,2009/10,IPL 2009/10,DC,14,14,1,278,69,21.38,237,117.29,0,1,26,6,6,6,-,-,-,-,-,-,-,-,-,-,"December 01, 2006","November 02, 2022","September 05, 2004","India vs New Zealand  at Manchester - July 09 - 10, 2019"
30045,Krishnakumar Dinesh Karthik,"June 01, 1985, Madras (now Chennai), Tamil Nadu",41y 33d,India,Wicketkeeper Batter,Right hand Bat,Right arm Offbreak,2004 - 2022,2009,IPL 2009,DC,15,13,5,288,52,36.00,217,132.71,0,1,20,9,12,5,-,-,-,-,-,-,-,-,-,-,"December 01, 2006","November 02, 2022","September 05, 2004","India vs New Zealand  at Manchester - July 09 - 10, 2019"
30045,Krishnakumar Dinesh Karthik,"June 01, 1985, Madras (now Chennai), Tamil Nadu",41y 33d,India,Wicketkeeper Batter,Right hand Bat,Right arm Offbreak,2004 - 2022,2007/08,IPL 2007/08,DC,13,8,2,145,56*,24.16,107,135.51,0,1,13,4,6,2,-,-,-,-,-,-,-,-,-,-,"December 01, 2006","November 02, 2022","September 05, 2004","India vs New Zealand  at Manchester - July 09 - 10, 2019"
6981,Dirk Peter Nannes,"May 16, 1976, Mount Waverley, Melbourne, Victoria",50y 49d,Australia,Bowler,Right hand Bat,Left arm Fast,2009 - 2010,2013,IPL 2013,CSK,5,1,1,0,0*,-,0,-,0,0,0,0,3,0,4,7.96,119,2/17,2/17,39.50,29.7,0,0,0,"June 05, 2009","October 31, 2010","August 28, 2009","June 05, 2009"
6981,Dirk Peter Nannes,"May 16, 1976, Mount Waverley, Melbourne, Victoria",50y 49d,Australia,Bowler,Right hand Bat,Left arm Fast,2009 - 2010,2011,IPL 2011,RCB,2,-,-,-,-,-,-,-,-,-,-,-,1,0,2,7.75,24,1/0,1/0,15.50,12.0,0,0,0,"June 05, 2009","October 31, 2010","August 28, 2009","June 05, 2009"
6981,Dirk Peter Nannes,"May 16, 1976, Mount Waverley, Melbourne, Victoria",50y 49d,Australia,Bowler,Right hand Bat,Left arm Fast,2009 - 2010,2009/10,IPL 2009/10,DC,9,2,1,4,3,4.00,13,30.76,0,0,0,0,0,0,7,6.55,205,2/12,2/12,32.00,29.2,0,0,0,"June 05, 2009","October 31, 2010","August 28, 2009","June 05, 2009"
6981,Dirk Peter Nannes,"May 16, 1976, Mount Waverley, Melbourne, Victoria",50y 49d,Australia,Bowler,Right hand Bat,Left arm Fast,2009 - 2010,2009,IPL 2009,DC,13,-,-,-,-,-,-,-,-,-,-,-,5,0,15,7.51,297,3/27,3/27,24.80,19.8,0,0,0,"June 05, 2009","October 31, 2010","August 28, 2009","June 05, 2009"
528985,Domnic Joseph Muthuswami,"March 09, 1981, Pune, Maharashtra",45y 117d,India,,Right hand Bat,Right arm Medium,-,2015,IPL 2015,DC,6,2,1,1,1,1.00,3,33.33,0,0,0,0,0,0,4,7.21,84,2/18,2/18,25.25,21.0,0,0,0,,,,
698315,Donovan Ferreira,"July 21, 1998, Pretoria",27y 348d,South Africa,Allrounder,Right hand Bat,Right arm Offbreak,2023 - 2025,2026,IPL 2026,RR,15,13,4,317,69,35.22,177,179.09,0,2,25,23,13,0,1,13.66,18,1/14,1/14,41.00,18.0,0,0,0,"September 03, 2023","December 19, 2025","November 04, 2025","November 08, 2025"
698315,Donovan Ferreira,"July 21, 1998, Pretoria",27y 348d,South Africa,Allrounder,Right hand Bat,Right arm Offbreak,2023 - 2025,2025,IPL 2025,DC,1,1,0,1,1,1.00,3,33.33,0,0,0,0,0,0,-,-,-,-,-,-,-,-,-,-,"September 03, 2023","December 19, 2025","November 04, 2025","November 08, 2025"
698315,Donovan Ferreira,"July 21, 1998, Pretoria",27y 348d,South Africa,Allrounder,Right hand Bat,Right arm Offbreak,2023 - 2025,2024,IPL 2024,RR,2,2,0,8,7,4.00,11,72.72,0,0,0,0,1,0,-,-,-,-,-,-,-,-,-,-,"September 03, 2023","December 19, 2025","November 04, 2025","November 08, 2025"
362541,Douglas Andrew John Bracewell,"September 28, 1990, Tauranga, Bay of Plenty",35y 279d,New Zealand,Bowler,Right hand Bat,Right arm Fast medium,2011 - 2023,2012,IPL 2012,DC,1,1,1,12,12*,-,9,133.33,0,0,1,0,1,0,3,8.00,24,3/32,3/32,10.66,8.0,0,0,0,"October 15, 2011","September 03, 2021","October 20, 2011","April 04, 2022"
552152,Pathira Vasan Dushmantha Chameera,"January 11, 1992, Ragama",34y 174d,Sri Lanka,Bowler,Right hand Bat,Right arm Fast,2015 - 2026,2026,IPL 2026,DC,1,1,1,0,0*,-,3,0.00,0,0,0,0,0,0,0,9.00,12,-,-,-,-,0,0,0,"November 09, 2015","June 14, 2026","January 29, 2015","June 06, 2026"
552152,Pathira Vasan Dushmantha Chameera,"January 11, 1992, Ragama",34y 174d,Sri Lanka,Bowler,Right hand Bat,Right arm Fast,2015 - 2026,2025,IPL 2025,DC,6,3,3,10,8*,-,14,71.42,0,0,0,0,1,0,4,11.40,90,1/24,1/24,42.75,22.5,0,0,0,"November 09, 2015","June 14, 2026","January 29, 2015","June 06, 2026"
552152,Pathira Vasan Dushmantha Chameera,"January 11, 1992, Ragama",34y 174d,Sri Lanka,Bowler,Right hand Bat,Right arm Fast,2015 - 2026,2024,IPL 2024,KKR,1,-,-,-,-,-,-,-,-,-,-,-,0,0,0,16.00,18,-,-,-,-,0,0,0,"November 09, 2015","June 14, 2026","January 29, 2015","June 06, 2026"
552152,Pathira Vasan Dushmantha Chameera,"January 11, 1992, Ragama",34y 174d,Sri Lanka,Bowler,Right hand Bat,Right arm Fast,2015 - 2026,2022,IPL 2022,LSG,12,8,4,43,17,10.75,28,153.57,0,0,3,3,2,0,9,8.72,264,2/17,2/17,42.66,29.3,0,0,0,"November 09, 2015","June 14, 2026","January 29, 2015","June 06, 2026"
44828,Francois du Plessis,"July 13, 1984, Pretoria",41y 356d,South Africa,Middle order Batter,Right hand Bat,Legbreak,2011 - 2021,2025,IPL 2025,DC,9,9,0,202,62,22.44,163,123.92,0,2,18,8,4,0,-,-,-,-,-,-,-,-,-,-,"September 08, 2012","December 01, 2020","January 18, 2011","July 06, 2019"
44828,Francois du Plessis,"July 13, 1984, Pretoria",41y 356d,South Africa,Middle order Batter,Right hand Bat,Legbreak,2011 - 2021,2024,IPL 2024,RCB,15,15,0,438,64,29.20,271,161.62,0,4,47,21,8,0,-,-,-,-,-,-,-,-,-,-,"September 08, 2012","December 01, 2020","January 18, 2011","July 06, 2019"
44828,Francois du Plessis,"July 13, 1984, Pretoria",41y 356d,South Africa,Middle order Batter,Right hand Bat,Legbreak,2011 - 2021,2023,IPL 2023,RCB,14,14,1,730,84,56.15,475,153.68,0,8,60,36,3,0,-,-,-,-,-,-,-,-,-,-,"September 08, 2012","December 01, 2020","January 18, 2011","July 06, 2019"
44828,Francois du Plessis,"July 13, 1984, Pretoria",41y 356d,South Africa,Middle order Batter,Right hand Bat,Legbreak,2011 - 2021,2022,IPL 2022,RCB,16,16,1,468,96,31.20,367,127.52,0,3,49,13,4,0,-,-,-,-,-,-,-,-,-,-,"September 08, 2012","December 01, 2020","January 18, 2011","July 06, 2019"
44828,Francois du Plessis,"July 13, 1984, Pretoria",41y 356d,South Africa,Middle order Batter,Right hand Bat,Legbreak,2011 - 2021,2021,IPL 2021,CSK,16,16,2,633,95*,45.21,458,138.20,0,6,60,23,12,0,-,-,-,-,-,-,-,-,-,-,"September 08, 2012","December 01, 2020","January 18, 2011","July 06, 2019"
44828,Francois du Plessis,"July 13, 1984, Pretoria",41y 356d,South Africa,Middle order Batter,Right hand Bat,Legbreak,2011 - 2021,2020/21,IPL 2020/21,CSK,13,13,2,449,87*,40.81,319,140.75,0,4,42,14,12,0,-,-,-,-,-,-,-,-,-,-,"September 08, 2012","December 01, 2020","January 18, 2011","July 06, 2019"
44828,Francois du Plessis,"July 13, 1984, Pretoria",41y 356d,South Africa,Middle order Batter,Right hand Bat,Legbreak,2011 - 2021,2019,IPL 2019,CSK,12,12,1,396,96,36.00,321,123.36,0,3,36,15,12,0,-,-,-,-,-,-,-,-,-,-,"September 08, 2012","December 01, 2020","January 18, 2011","July 06, 2019"
44828,Francois du Plessis,"July 13, 1984, Pretoria",41y 356d,South Africa,Middle order Batter,Right hand Bat,Legbreak,2011 - 2021,2018,IPL 2018,CSK,6,6,1,162,67*,32.40,129,125.58,0,1,17,6,1,0,-,-,-,-,-,-,-,-,-,-,"September 08, 2012","December 01, 2020","January 18, 2011","July 06, 2019"
44828,Francois du Plessis,"July 13, 1984, Pretoria",41y 356d,South Africa,Middle order Batter,Right hand Bat,Legbreak,2011 - 2021,2017,IPL 2017,RPS,2,1,0,8,8,8.00,7,114.28,0,0,1,0,0,0,-,-,-,-,-,-,-,-,-,-,"September 08, 2012","December 01, 2020","January 18, 2011","July 06, 2019"
44828,Francois du Plessis,"July 13, 1984, Pretoria",41y 356d,South Africa,Middle order Batter,Right hand Bat,Legbreak,2011 - 2021,2016,IPL 2016,RPS,6,6,0,206,69,34.33,162,127.16,0,2,17,9,4,0,-,-,-,-,-,-,-,-,-,-,"September 08, 2012","December 01, 2020","January 18, 2011","July 06, 2019"
44828,Francois du Plessis,"July 13, 1984, Pretoria",41y 356d,South Africa,Middle order Batter,Right hand Bat,Legbreak,2011 - 2021,2015,IPL 2015,CSK,17,15,2,380,55,29.23,304,125.00,0,1,37,5,8,0,-,-,-,-,-,-,-,-,-,-,"September 08, 2012","December 01, 2020","January 18, 2011","July 06, 2019"
44828,Francois du Plessis,"July 13, 1984, Pretoria",41y 356d,South Africa,Middle order Batter,Right hand Bat,Legbreak,2011 - 2021,2014,IPL 2014,CSK,15,12,1,303,54*,27.54,235,128.93,0,2,26,7,13,0,-,-,-,-,-,-,-,-,-,-,"September 08, 2012","December 01, 2020","January 18, 2011","July 06, 2019"
44828,Francois du Plessis,"July 13, 1984, Pretoria",41y 356d,South Africa,Middle order Batter,Right hand Bat,Legbreak,2011 - 2021,2012,IPL 2012,CSK,13,12,0,398,73,33.16,304,130.92,0,3,29,17,4,0,0,16.00,6,-,-,-,-,0,0,0,"September 08, 2012","December 01, 2020","January 18, 2011","July 06, 2019"
49638,Mohamed Farveez Maharoof,"September 07, 1984, Colombo",41y 300d,Sri Lanka,Allrounder,Right hand Bat,Right arm Fast medium,2004 - 2016,2009/10,IPL 2009/10,DC,7,4,1,31,28,10.33,23,134.78,0,0,2,2,1,0,8,8.58,144,2/13,2/13,25.75,18.0,0,0,0,"June 15, 2006","July 05, 2016","April 25, 2004","June 29, 2016"
49638,Mohamed Farveez Maharoof,"September 07, 1984, Colombo",41y 300d,Sri Lanka,Allrounder,Right hand Bat,Right arm Fast medium,2004 - 2016,2009,IPL 2009,DC,3,2,1,21,18*,21.00,21,100.00,0,0,0,0,0,0,4,6.50,60,2/27,2/27,16.25,15.0,0,0,0,"June 15, 2006","July 05, 2016","April 25, 2004","June 29, 2016"
49638,Mohamed Farveez Maharoof,"September 07, 1984, Colombo",41y 300d,Sri Lanka,Allrounder,Right hand Bat,Right arm Fast medium,2004 - 2016,2007/08,IPL 2007/08,DC,10,8,2,125,39,20.83,79,158.22,0,0,10,7,3,0,15,6.91,216,3/34,3/34,16.60,14.4,0,0,0,"June 15, 2006","July 05, 2016","April 25, 2004","June 29, 2016"
28763,Gautam Gambhir,"October 14, 1981, Delhi",44y 263d,India,Top order Batter,Left hand Bat,Legbreak,2003 - 2016,2018,IPL 2018,DC,6,5,0,85,55,17.00,88,96.59,0,1,8,1,1,0,-,-,-,-,-,-,-,-,-,-,"September 13, 2007","December 28, 2012","April 11, 2003","January 27, 2013"
28763,Gautam Gambhir,"October 14, 1981, Delhi",44y 263d,India,Top order Batter,Left hand Bat,Legbreak,2003 - 2016,2017,IPL 2017,KKR,16,16,4,498,76*,41.50,389,128.02,0,4,62,7,6,0,-,-,-,-,-,-,-,-,-,-,"September 13, 2007","December 28, 2012","April 11, 2003","January 27, 2013"
28763,Gautam Gambhir,"October 14, 1981, Delhi",44y 263d,India,Top order Batter,Left hand Bat,Legbreak,2003 - 2016,2016,IPL 2016,KKR,15,15,2,501,90*,38.53,411,121.89,0,5,54,6,1,0,-,-,-,-,-,-,-,-,-,-,"September 13, 2007","December 28, 2012","April 11, 2003","January 27, 2013"
28763,Gautam Gambhir,"October 14, 1981, Delhi",44y 263d,India,Top order Batter,Left hand Bat,Legbreak,2003 - 2016,2015,IPL 2015,KKR,13,13,0,327,60,25.15,278,117.62,0,3,41,4,3,0,-,-,-,-,-,-,-,-,-,-,"September 13, 2007","December 28, 2012","April 11, 2003","January 27, 2013"
28763,Gautam Gambhir,"October 14, 1981, Delhi",44y 263d,India,Top order Batter,Left hand Bat,Legbreak,2003 - 2016,2014,IPL 2014,KKR,16,16,1,335,69,22.33,293,114.33,0,3,36,4,3,0,-,-,-,-,-,-,-,-,-,-,"September 13, 2007","December 28, 2012","April 11, 2003","January 27, 2013"
28763,Gautam Gambhir,"October 14, 1981, Delhi",44y 263d,India,Top order Batter,Left hand Bat,Legbreak,2003 - 2016,2013,IPL 2013,KKR,16,16,0,406,60,25.37,343,118.36,0,4,51,5,2,0,-,-,-,-,-,-,-,-,-,-,"September 13, 2007","December 28, 2012","April 11, 2003","January 27, 2013"
28763,Gautam Gambhir,"October 14, 1981, Delhi",44y 263d,India,Top order Batter,Left hand Bat,Legbreak,2003 - 2016,2012,IPL 2012,KKR,17,17,1,590,93,36.87,411,143.55,0,6,64,17,4,0,-,-,-,-,-,-,-,-,-,-,"September 13, 2007","December 28, 2012","April 11, 2003","January 27, 2013"
28763,Gautam Gambhir,"October 14, 1981, Delhi",44y 263d,India,Top order Batter,Left hand Bat,Legbreak,2003 - 2016,2011,IPL 2011,KKR,15,15,4,378,75*,34.36,317,119.24,0,2,44,3,1,0,-,-,-,-,-,-,-,-,-,-,"September 13, 2007","December 28, 2012","April 11, 2003","January 27, 2013"
28763,Gautam Gambhir,"October 14, 1981, Delhi",44y 263d,India,Top order Batter,Left hand Bat,Legbreak,2003 - 2016,2009/10,IPL 2009/10,DC,11,10,1,277,72,30.77,217,127.64,0,2,32,2,3,0,-,-,-,-,-,-,-,-,-,-,"September 13, 2007","December 28, 2012","April 11, 2003","January 27, 2013"
28763,Gautam Gambhir,"October 14, 1981, Delhi",44y 263d,India,Top order Batter,Left hand Bat,Legbreak,2003 - 2016,2009,IPL 2009,DC,15,15,2,286,71*,22.00,278,102.87,0,1,32,2,2,0,-,-,-,-,-,-,-,-,-,-,"September 13, 2007","December 28, 2012","April 11, 2003","January 27, 2013"
28763,Gautam Gambhir,"October 14, 1981, Delhi",44y 263d,India,Top order Batter,Left hand Bat,Legbreak,2003 - 2016,2007/08,IPL 2007/08,DC,14,14,1,534,86,41.07,379,140.89,0,5,68,8,2,0,-,-,-,-,-,-,-,-,-,-,"September 13, 2007","December 28, 2012","April 11, 2003","January 27, 2013"
325026,Glenn James Maxwell,"October 14, 1988, Kew, Melbourne, Victoria",37y 263d,Australia,Batting Allrounder,Right hand Bat,Right arm Offbreak,2012 - 2026,2025,IPL 2025,PBKS,7,6,0,48,30,8.00,49,97.95,0,0,5,1,5,0,4,8.46,78,1/5,1/5,27.50,19.5,0,0,0,"September 05, 2012","February 20, 2026","August 25, 2012","March 04, 2025"
325026,Glenn James Maxwell,"October 14, 1988, Kew, Melbourne, Victoria",37y 263d,Australia,Batting Allrounder,Right hand Bat,Right arm Offbreak,2012 - 2026,2024,IPL 2024,RCB,10,9,0,52,28,5.77,43,120.93,0,0,6,2,3,0,6,8.06,96,2/23,2/23,21.50,16.0,0,0,0,"September 05, 2012","February 20, 2026","August 25, 2012","March 04, 2025"
325026,Glenn James Maxwell,"October 14, 1988, Kew, Melbourne, Victoria",37y 263d,Australia,Batting Allrounder,Right hand Bat,Right arm Offbreak,2012 - 2026,2023,IPL 2023,RCB,14,14,2,400,77,33.33,218,183.48,0,5,29,31,4,0,3,9.09,62,1/3,1/3,31.33,20.6,0,0,0,"September 05, 2012","February 20, 2026","August 25, 2012","March 04, 2025"
325026,Glenn James Maxwell,"October 14, 1988, Kew, Melbourne, Victoria",37y 263d,Australia,Batting Allrounder,Right hand Bat,Right arm Offbreak,2012 - 2026,2022,IPL 2022,RCB,13,13,2,301,55,27.36,178,169.10,0,1,31,15,5,0,6,6.87,144,2/22,2/22,27.50,24.0,0,0,0,"September 05, 2012","February 20, 2026","August 25, 2012","March 04, 2025"
325026,Glenn James Maxwell,"October 14, 1988, Kew, Melbourne, Victoria",37y 263d,Australia,Batting Allrounder,Right hand Bat,Right arm Offbreak,2012 - 2026,2021,IPL 2021,RCB,15,14,2,513,78,42.75,356,144.10,0,6,48,21,5,0,3,8.43,96,2/23,2/23,45.00,32.0,0,0,0,"September 05, 2012","February 20, 2026","August 25, 2012","March 04, 2025"
325026,Glenn James Maxwell,"October 14, 1988, Kew, Melbourne, Victoria",37y 263d,Australia,Batting Allrounder,Right hand Bat,Right arm Offbreak,2012 - 2026,2020/21,IPL 2020/21,PBKS,13,11,4,108,32,15.42,106,101.88,0,0,9,0,4,0,3,8.04,126,1/10,1/10,56.33,42.0,0,0,0,"September 05, 2012","February 20, 2026","August 25, 2012","March 04, 2025"
325026,Glenn James Maxwell,"October 14, 1988, Kew, Melbourne, Victoria",37y 263d,Australia,Batting Allrounder,Right hand Bat,Right arm Offbreak,2012 - 2026,2018,IPL 2018,DC,12,12,0,169,47,14.08,120,140.83,0,0,14,9,4,0,5,8.25,96,2/22,2/22,26.40,19.2,0,0,0,"September 05, 2012","February 20, 2026","August 25, 2012","March 04, 2025"
325026,Glenn James Maxwell,"October 14, 1988, Kew, Melbourne, Victoria",37y 263d,Australia,Batting Allrounder,Right hand Bat,Right arm Offbreak,2012 - 2026,2017,IPL 2017,PBKS,14,13,3,310,47,31.00,179,173.18,0,0,19,26,7,0,7,6.57,114,2/15,2/15,17.85,16.2,0,0,0,"September 05, 2012","February 20, 2026","August 25, 2012","March 04, 2025"
325026,Glenn James Maxwell,"October 14, 1988, Kew, Melbourne, Victoria",37y 263d,Australia,Batting Allrounder,Right hand Bat,Right arm Offbreak,2012 - 2026,2016,IPL 2016,PBKS,11,11,2,179,68,19.88,124,144.35,0,2,14,8,3,0,0,8.88,54,-,-,-,-,0,0,0,"September 05, 2012","February 20, 2026","August 25, 2012","March 04, 2025"
325026,Glenn James Maxwell,"October 14, 1988, Kew, Melbourne, Victoria",37y 263d,Australia,Batting Allrounder,Right hand Bat,Right arm Offbreak,2012 - 2026,2015,IPL 2015,PBKS,11,11,0,145,43,13.18,112,129.46,0,0,13,8,2,0,2,9.70,60,1/5,1/5,48.50,30.0,0,0,0,"September 05, 2012","February 20, 2026","August 25, 2012","March 04, 2025"
325026,Glenn James Maxwell,"October 14, 1988, Kew, Melbourne, Victoria",37y 263d,Australia,Batting Allrounder,Right hand Bat,Right arm Offbreak,2012 - 2026,2014,IPL 2014,PBKS,16,16,0,552,95,34.50,294,187.75,0,4,48,36,9,0,1,12.00,66,1/21,1/21,132.00,66.0,0,0,0,"September 05, 2012","February 20, 2026","August 25, 2012","March 04, 2025"
325026,Glenn James Maxwell,"October 14, 1988, Kew, Melbourne, Victoria",37y 263d,Australia,Batting Allrounder,Right hand Bat,Right arm Offbreak,2012 - 2026,2013,IPL 2013,MI,3,3,1,36,23,18.00,27,133.33,0,0,1,4,1,0,0,11.50,12,-,-,-,-,0,0,0,"September 05, 2012","February 20, 2026","August 25, 2012","March 04, 2025"
325026,Glenn James Maxwell,"October 14, 1988, Kew, Melbourne, Victoria",37y 263d,Australia,Batting Allrounder,Right hand Bat,Right arm Offbreak,2012 - 2026,2012,IPL 2012,DC,2,2,1,6,3*,6.00,11,54.54,0,0,0,0,0,0,1,7.33,18,1/10,1/10,22.00,18.0,0,0,0,"September 05, 2012","February 20, 2026","August 25, 2012","March 04, 2025"
6565,Glenn Donald McGrath,"February 09, 1970, Dubbo, New South Wales",56y 145d,Australia,Bowler,Right hand Bat,Right arm Fast medium,1993 - 2007,2007/08,IPL 2007/08,DC,14,3,2,4,4*,4.00,5,80.00,0,0,1,0,2,0,12,6.61,324,4/29,4/29,29.75,27.0,1,0,0,"February 17, 2005","June 13, 2005","December 09, 1993","April 28, 2007"
352048,Gulbadin Naib,"June 04, 1991, Logar, Afghanistan",35y 30d,Afghanistan,Batting Allrounder,Right hand Bat,Right arm Medium fast,2011 - 2026,2024,IPL 2024,DC,2,1,0,19,19,19.00,15,126.66,0,0,1,1,1,0,0,12.00,6,-,-,-,-,0,0,0,"March 14, 2012","February 19, 2026","August 09, 2011","February 28, 2025"
499660,Gurinder Singh Sandhu,"June 14, 1993, Blacktown, New South Wales",33y 20d,Australia,Bowler,Left hand Bat,Right arm Fast medium,2015 - 2015,2015,IPL 2015,DC,3,-,-,-,-,-,-,-,-,-,-,-,0,0,1,10.25,48,1/33,1/33,82.00,48.0,0,0,0,,,"January 18, 2015","January 23, 2015"
452044,Gade Hanuma Vihari,"October 13, 1993, Kakinada, Andhra Pradesh",32y 264d,India,Batting Allrounder,Right hand Bat,Right arm Offbreak,2018 - 2022,2019,IPL 2019,DC,2,2,0,4,2,2.00,8,50.00,0,0,0,0,0,0,0,9.00,6,-,-,-,-,0,0,0,,,,
452044,Gade Hanuma Vihari,"October 13, 1993, Kakinada, Andhra Pradesh",32y 264d,India,Batting Allrounder,Right hand Bat,Right arm Offbreak,2018 - 2022,2015,IPL 2015,SRH,5,4,0,39,16,9.75,35,111.42,0,0,6,0,2,0,-,-,-,-,-,-,-,-,-,-,,,,
452044,Gade Hanuma Vihari,"October 13, 1993, Kakinada, Andhra Pradesh",32y 264d,India,Batting Allrounder,Right hand Bat,Right arm Offbreak,2018 - 2022,2013,IPL 2013,SRH,17,17,3,241,46,17.21,278,86.69,0,0,17,1,4,0,1,6.33,36,1/5,1/5,38.00,36.0,0,0,0,,,,
390481,Harshal Vikram Patel,"November 23, 1990, Sanand, Gujarat",35y 223d,India,Bowling Allrounder,Right hand Bat,Right arm Medium,2021 - 2023,2026,IPL 2026,SRH,5,3,0,10,6,3.33,9,111.11,0,0,2,0,0,0,0,10.82,82,-,-,-,-,0,0,0,"November 19, 2021","January 03, 2023",,
390481,Harshal Vikram Patel,"November 23, 1990, Sanand, Gujarat",35y 223d,India,Bowling Allrounder,Right hand Bat,Right arm Medium,2021 - 2023,2025,IPL 2025,SRH,13,4,2,21,12*,10.50,26,80.76,0,0,0,0,3,0,16,9.80,263,4/28,4/28,26.87,16.4,2,0,0,"November 19, 2021","January 03, 2023",,
390481,Harshal Vikram Patel,"November 23, 1990, Sanand, Gujarat",35y 223d,India,Bowling Allrounder,Right hand Bat,Right arm Medium,2021 - 2023,2024,IPL 2024,PBKS,14,4,1,13,12,4.33,19,68.42,0,0,1,1,5,0,24,9.73,294,3/15,3/15,19.87,12.2,0,0,0,"November 19, 2021","January 03, 2023",,
390481,Harshal Vikram Patel,"November 23, 1990, Sanand, Gujarat",35y 223d,India,Bowling Allrounder,Right hand Bat,Right arm Medium,2021 - 2023,2023,IPL 2023,RCB,14,2,0,6,6,3.00,6,100.00,0,0,0,1,2,0,14,9.65,282,3/32,3/32,32.42,20.1,0,0,0,"November 19, 2021","January 03, 2023",,
390481,Harshal Vikram Patel,"November 23, 1990, Sanand, Gujarat",35y 223d,India,Bowling Allrounder,Right hand Bat,Right arm Medium,2021 - 2023,2022,IPL 2022,RCB,15,8,3,43,11,8.60,39,110.25,0,0,4,2,3,0,19,7.66,321,4/34,4/34,21.57,16.8,1,0,0,"November 19, 2021","January 03, 2023",,
390481,Harshal Vikram Patel,"November 23, 1990, Sanand, Gujarat",35y 223d,India,Bowling Allrounder,Right hand Bat,Right arm Medium,2021 - 2023,2021,IPL 2021,RCB,15,8,4,59,31,14.75,46,128.26,0,0,6,2,3,0,32,8.14,338,5/27,5/27,14.34,10.5,1,1,0,"November 19, 2021","January 03, 2023",,
390481,Harshal Vikram Patel,"November 23, 1990, Sanand, Gujarat",35y 223d,India,Bowling Allrounder,Right hand Bat,Right arm Medium,2021 - 2023,2020/21,IPL 2020/21,DC,5,2,0,21,16,10.50,24,87.50,0,0,2,0,1,0,3,8.93,90,2/34,2/34,44.66,30.0,0,0,0,"November 19, 2021","January 03, 2023",,
390481,Harshal Vikram Patel,"November 23, 1990, Sanand, Gujarat",35y 223d,India,Bowling Allrounder,Right hand Bat,Right arm Medium,2021 - 2023,2019,IPL 2019,DC,2,2,1,0,0*,0.00,2,0.00,0,0,0,0,0,0,2,9.62,48,2/40,2/40,38.50,24.0,0,0,0,"November 19, 2021","January 03, 2023",,
390481,Harshal Vikram Patel,"November 23, 1990, Sanand, Gujarat",35y 223d,India,Bowling Allrounder,Right hand Bat,Right arm Medium,2021 - 2023,2018,IPL 2018,DC,5,2,1,60,36*,60.00,33,181.81,0,0,1,6,0,0,7,9.54,105,3/28,3/28,23.85,15.0,0,0,0,"November 19, 2021","January 03, 2023",,
390481,Harshal Vikram Patel,"November 23, 1990, Sanand, Gujarat",35y 223d,India,Bowling Allrounder,Right hand Bat,Right arm Medium,2021 - 2023,2017,IPL 2017,RCB,1,-,-,-,-,-,-,-,-,-,-,-,0,0,3,10.75,24,3/43,3/43,14.33,8.0,0,0,0,"November 19, 2021","January 03, 2023",,
390481,Harshal Vikram Patel,"November 23, 1990, Sanand, Gujarat",35y 223d,India,Bowling Allrounder,Right hand Bat,Right arm Medium,2021 - 2023,2016,IPL 2016,RCB,5,1,1,0,0*,-,0,-,0,0,0,0,2,0,1,10.50,84,1/46,1/46,147.00,84.0,0,0,0,"November 19, 2021","January 03, 2023",,
390481,Harshal Vikram Patel,"November 23, 1990, Sanand, Gujarat",35y 223d,India,Bowling Allrounder,Right hand Bat,Right arm Medium,2021 - 2023,2015,IPL 2015,RCB,15,7,2,19,9*,3.80,12,158.33,0,0,0,2,1,0,17,7.48,263,2/12,2/12,19.29,15.4,0,0,0,"November 19, 2021","January 03, 2023",,
390481,Harshal Vikram Patel,"November 23, 1990, Sanand, Gujarat",35y 223d,India,Bowling Allrounder,Right hand Bat,Right arm Medium,2021 - 2023,2014,IPL 2014,RCB,3,3,1,13,6,6.50,7,185.71,0,0,1,1,0,0,4,10.27,66,2/56,2/56,28.25,16.5,0,0,0,"November 19, 2021","January 03, 2023",,
390481,Harshal Vikram Patel,"November 23, 1990, Sanand, Gujarat",35y 223d,India,Bowling Allrounder,Right hand Bat,Right arm Medium,2021 - 2023,2012,IPL 2012,RCB,12,3,1,15,10,7.50,15,100.00,0,0,1,0,8,0,9,8.29,246,2/24,2/24,37.77,27.3,0,0,0,"November 19, 2021","January 03, 2023",,
40618,Mohammad Imran Tahir,"March 27, 1979, Lahore, Punjab",47y 99d,South Africa,Bowler,Right hand Bat,Legbreak Googly,2011 - 2019,2021,IPL 2021,CSK,1,-,-,-,-,-,-,-,-,-,-,-,0,0,2,4.00,24,2/16,2/16,8.00,12.0,0,0,0,"August 02, 2013","March 19, 2019","February 24, 2011","July 06, 2019"
40618,Mohammad Imran Tahir,"March 27, 1979, Lahore, Punjab",47y 99d,South Africa,Bowler,Right hand Bat,Legbreak Googly,2011 - 2019,2020/21,IPL 2020/21,CSK,3,1,1,13,13*,-,10,130.00,0,0,2,0,0,0,1,6.90,66,1/24,1/24,76.00,66.0,0,0,0,"August 02, 2013","March 19, 2019","February 24, 2011","July 06, 2019"
40618,Mohammad Imran Tahir,"March 27, 1979, Lahore, Punjab",47y 99d,South Africa,Bowler,Right hand Bat,Legbreak Googly,2011 - 2019,2019,IPL 2019,CSK,17,1,1,0,0*,-,0,-,0,0,0,0,6,0,26,6.69,386,4/12,4/12,16.57,14.8,2,0,0,"August 02, 2013","March 19, 2019","February 24, 2011","July 06, 2019"
40618,Mohammad Imran Tahir,"March 27, 1979, Lahore, Punjab",47y 99d,South Africa,Bowler,Right hand Bat,Legbreak Googly,2011 - 2019,2018,IPL 2018,CSK,6,1,1,2,2*,-,2,100.00,0,0,0,0,2,0,6,9.09,124,2/34,2/34,31.33,20.6,0,0,0,"August 02, 2013","March 19, 2019","February 24, 2011","July 06, 2019"
40618,Mohammad Imran Tahir,"March 27, 1979, Lahore, Punjab",47y 99d,South Africa,Bowler,Right hand Bat,Legbreak Googly,2011 - 2019,2017,IPL 2017,RPS,12,1,1,0,0*,-,2,0.00,0,0,0,0,2,0,18,7.85,282,3/18,3/18,20.50,15.6,0,0,0,"August 02, 2013","March 19, 2019","February 24, 2011","July 06, 2019"
40618,Mohammad Imran Tahir,"March 27, 1979, Lahore, Punjab",47y 99d,South Africa,Bowler,Right hand Bat,Legbreak Googly,2011 - 2019,2016,IPL 2016,DC,4,1,0,5,5,5.00,7,71.42,0,0,1,0,0,0,5,8.62,96,3/24,3/24,27.60,19.2,0,0,0,"August 02, 2013","March 19, 2019","February 24, 2011","July 06, 2019"
40618,Mohammad Imran Tahir,"March 27, 1979, Lahore, Punjab",47y 99d,South Africa,Bowler,Right hand Bat,Legbreak Googly,2011 - 2019,2015,IPL 2015,DC,10,2,1,5,3*,5.00,6,83.33,0,0,0,0,3,0,15,8.84,213,4/28,4/28,20.93,14.2,1,0,0,"August 02, 2013","March 19, 2019","February 24, 2011","July 06, 2019"
40618,Mohammad Imran Tahir,"March 27, 1979, Lahore, Punjab",47y 99d,South Africa,Bowler,Right hand Bat,Legbreak Googly,2011 - 2019,2014,IPL 2014,DC,6,2,0,8,4,4.00,10,80.00,0,0,2,0,0,0,9,8.20,125,3/22,3/22,19.00,13.8,0,0,0,"August 02, 2013","March 19, 2019","February 24, 2011","July 06, 2019"
32685,Irfan Khan Pathan,"October 27, 1984, Baroda, Gujarat",41y 250d,India,Allrounder,Left hand Bat,Left arm Medium fast,2003 - 2012,2017,IPL 2017,GL,1,1,0,2,2,2.00,3,66.66,0,0,0,0,0,0,0,13.00,12,-,-,-,-,0,0,0,"December 01, 2006","October 02, 2012","January 09, 2004","August 04, 2012"
32685,Irfan Khan Pathan,"October 27, 1984, Baroda, Gujarat",41y 250d,India,Allrounder,Left hand Bat,Left arm Medium fast,2003 - 2012,2016,IPL 2016,RPS,4,3,0,11,7,3.66,13,84.61,0,0,0,0,1,0,0,7.62,48,-,-,-,-,0,0,0,"December 01, 2006","October 02, 2012","January 09, 2004","August 04, 2012"
32685,Irfan Khan Pathan,"October 27, 1984, Baroda, Gujarat",41y 250d,India,Allrounder,Left hand Bat,Left arm Medium fast,2003 - 2012,2014,IPL 2014,SRH,10,6,4,55,23*,27.50,54,101.85,0,0,5,0,2,0,4,8.66,142,2/10,2/10,51.25,35.5,0,0,0,"December 01, 2006","October 02, 2012","January 09, 2004","August 04, 2012"
32685,Irfan Khan Pathan,"October 27, 1984, Baroda, Gujarat",41y 250d,India,Allrounder,Left hand Bat,Left arm Medium fast,2003 - 2012,2013,IPL 2013,DC,15,13,5,142,24,17.75,152,93.42,0,0,9,3,4,0,10,7.44,308,2/29,2/29,38.20,30.8,0,0,0,"December 01, 2006","October 02, 2012","January 09, 2004","August 04, 2012"
32685,Irfan Khan Pathan,"October 27, 1984, Baroda, Gujarat",41y 250d,India,Allrounder,Left hand Bat,Left arm Medium fast,2003 - 2012,2012,IPL 2012,DC,17,12,5,176,42*,25.14,126,139.68,0,0,14,6,8,0,8,7.75,360,2/46,2/46,58.12,45.0,0,0,0,"December 01, 2006","October 02, 2012","January 09, 2004","August 04, 2012"
32685,Irfan Khan Pathan,"October 27, 1984, Baroda, Gujarat",41y 250d,India,Allrounder,Left hand Bat,Left arm Medium fast,2003 - 2012,2011,IPL 2011,DC,14,12,4,150,44*,18.75,138,108.69,0,0,12,6,4,0,11,7.50,275,3/28,3/28,31.27,25.0,0,0,0,"December 01, 2006","October 02, 2012","January 09, 2004","August 04, 2012"
32685,Irfan Khan Pathan,"October 27, 1984, Baroda, Gujarat",41y 250d,India,Allrounder,Left hand Bat,Left arm Medium fast,2003 - 2012,2009/10,IPL 2009/10,PBKS,14,13,5,276,60,34.50,186,148.38,0,1,21,10,4,0,15,9.19,278,3/24,3/24,28.40,18.5,0,0,0,"December 01, 2006","October 02, 2012","January 09, 2004","August 04, 2012"
32685,Irfan Khan Pathan,"October 27, 1984, Baroda, Gujarat",41y 250d,India,Allrounder,Left hand Bat,Left arm Medium fast,2003 - 2012,2009,IPL 2009,PBKS,14,12,2,196,39,19.60,158,124.05,0,0,17,6,4,0,17,7.74,302,3/35,3/35,22.94,17.7,0,0,0,"December 01, 2006","October 02, 2012","January 09, 2004","August 04, 2012"
32685,Irfan Khan Pathan,"October 27, 1984, Baroda, Gujarat",41y 250d,India,Allrounder,Left hand Bat,Left arm Medium fast,2003 - 2012,2007/08,IPL 2007/08,PBKS,14,10,4,131,40,21.83,116,112.93,0,0,9,6,4,0,15,6.60,318,2/18,2/18,23.33,21.2,0,0,0,"December 01, 2006","October 02, 2012","January 09, 2004","August 04, 2012"
236779,Ishant Sharma,"September 02, 1988, Delhi",37y 305d,India,Bowler,Right hand Bat,Right arm Fast medium,2007 - 2021,2025,IPL 2025,GT,7,-,-,-,-,-,-,-,-,-,-,-,2,0,4,11.18,110,1/18,1/18,51.25,27.5,0,0,0,"February 01, 2008","October 10, 2013","June 29, 2007","January 23, 2016"
236779,Ishant Sharma,"September 02, 1988, Delhi",37y 305d,India,Bowler,Right hand Bat,Right arm Fast medium,2007 - 2021,2024,IPL 2024,DC,9,2,2,1,1*,-,7,14.28,0,0,0,0,2,0,10,9.81,162,3/34,3/34,26.50,16.2,0,0,0,"February 01, 2008","October 10, 2013","June 29, 2007","January 23, 2016"
236779,Ishant Sharma,"September 02, 1988, Delhi",37y 305d,India,Bowler,Right hand Bat,Right arm Fast medium,2007 - 2021,2023,IPL 2023,DC,8,1,1,1,1*,-,1,100.00,0,0,0,0,0,0,10,8.24,150,2/19,2/19,20.60,15.0,0,0,0,"February 01, 2008","October 10, 2013","June 29, 2007","January 23, 2016"
236779,Ishant Sharma,"September 02, 1988, Delhi",37y 305d,India,Bowler,Right hand Bat,Right arm Fast medium,2007 - 2021,2021,IPL 2021,DC,3,-,-,-,-,-,-,-,-,-,-,-,0,0,1,8.08,72,1/26,1/26,97.00,72.0,0,0,0,"February 01, 2008","October 10, 2013","June 29, 2007","January 23, 2016"
236779,Ishant Sharma,"September 02, 1988, Delhi",37y 305d,India,Bowler,Right hand Bat,Right arm Fast medium,2007 - 2021,2020/21,IPL 2020/21,DC,1,-,-,-,-,-,-,-,-,-,-,-,0,0,0,8.66,18,-,-,-,-,0,0,0,"February 01, 2008","October 10, 2013","June 29, 2007","January 23, 2016"
236779,Ishant Sharma,"September 02, 1988, Delhi",37y 305d,India,Bowler,Right hand Bat,Right arm Fast medium,2007 - 2021,2019,IPL 2019,DC,13,3,3,10,10*,-,3,333.33,0,0,1,1,1,0,13,7.58,276,3/38,3/38,26.84,21.2,0,0,0,"February 01, 2008","October 10, 2013","June 29, 2007","January 23, 2016"
236779,Ishant Sharma,"September 02, 1988, Delhi",37y 305d,India,Bowler,Right hand Bat,Right arm Fast medium,2007 - 2021,2017,IPL 2017,PBKS,6,3,1,8,5*,4.00,12,66.66,0,0,1,0,0,0,0,9.94,108,-,-,-,-,0,0,0,"February 01, 2008","October 10, 2013","June 29, 2007","January 23, 2016"
236779,Ishant Sharma,"September 02, 1988, Delhi",37y 305d,India,Bowler,Right hand Bat,Right arm Fast medium,2007 - 2021,2016,IPL 2016,RPS,4,1,1,0,0*,-,0,-,0,0,0,0,2,0,3,9.86,90,2/36,2/36,49.33,30.0,0,0,0,"February 01, 2008","October 10, 2013","June 29, 2007","January 23, 2016"
236779,Ishant Sharma,"September 02, 1988, Delhi",37y 305d,India,Bowler,Right hand Bat,Right arm Fast medium,2007 - 2021,2015,IPL 2015,SRH,4,-,-,-,-,-,-,-,-,-,-,-,0,0,1,11.35,84,1/25,1/25,159.00,84.0,0,0,0,"February 01, 2008","October 10, 2013","June 29, 2007","January 23, 2016"
236779,Ishant Sharma,"September 02, 1988, Delhi",37y 305d,India,Bowler,Right hand Bat,Right arm Fast medium,2007 - 2021,2014,IPL 2014,SRH,3,-,-,-,-,-,-,-,-,-,-,-,0,0,3,9.18,66,2/37,2/37,33.66,22.0,0,0,0,"February 01, 2008","October 10, 2013","June 29, 2007","January 23, 2016"
236779,Ishant Sharma,"September 02, 1988, Delhi",37y 305d,India,Bowler,Right hand Bat,Right arm Fast medium,2007 - 2021,2013,IPL 2013,SRH,16,2,2,0,0*,-,0,-,0,0,0,0,6,0,15,7.81,358,3/27,3/27,31.06,23.8,0,0,0,"February 01, 2008","October 10, 2013","June 29, 2007","January 23, 2016"
236779,Ishant Sharma,"September 02, 1988, Delhi",37y 305d,India,Bowler,Right hand Bat,Right arm Fast medium,2007 - 2021,2011,IPL 2011,DCH,12,5,5,4,1*,-,5,80.00,0,0,0,0,3,0,11,7.13,264,5/12,5/12,28.54,24.0,0,1,0,"February 01, 2008","October 10, 2013","June 29, 2007","January 23, 2016"
236779,Ishant Sharma,"September 02, 1988, Delhi",37y 305d,India,Bowler,Right hand Bat,Right arm Fast medium,2007 - 2021,2009/10,IPL 2009/10,KKR,7,2,1,6,6*,6.00,17,35.29,0,0,0,0,1,0,7,9.44,150,2/33,2/33,33.71,21.4,0,0,0,"February 01, 2008","October 10, 2013","June 29, 2007","January 23, 2016"
236779,Ishant Sharma,"September 02, 1988, Delhi",37y 305d,India,Bowler,Right hand Bat,Right arm Fast medium,2007 - 2021,2009,IPL 2009,KKR,11,3,1,16,9,8.00,13,123.07,0,0,1,1,1,0,11,6.90,258,2/15,2/15,27.00,23.4,0,0,0,"February 01, 2008","October 10, 2013","June 29, 2007","January 23, 2016"
236779,Ishant Sharma,"September 02, 1988, Delhi",37y 305d,India,Bowler,Right hand Bat,Right arm Fast medium,2007 - 2021,2007/08,IPL 2007/08,KKR,13,6,5,11,4*,11.00,11,100.00,0,0,1,0,2,0,7,7.80,253,1/7,1/7,47.00,36.1,0,0,0,"February 01, 2008","October 10, 2013","June 29, 2007","January 23, 2016"
527663,Jagadeesha Suchith,"January 16, 1994, Mysore",32y 169d,India,Bowler,Left hand Bat,Slow Left arm Orthodox,-,2022,IPL 2022,SRH,5,2,0,2,2,1.00,8,25.00,0,0,0,0,1,0,7,7.77,108,2/12,2/12,20.00,15.4,0,0,0,,,,
527663,Jagadeesha Suchith,"January 16, 1994, Mysore",32y 169d,India,Bowler,Left hand Bat,Slow Left arm Orthodox,-,2021,IPL 2021,SRH,2,1,1,14,14*,-,6,233.33,0,0,2,1,1,0,0,9.42,42,-,-,-,-,0,0,0,,,,
527663,Jagadeesha Suchith,"January 16, 1994, Mysore",32y 169d,India,Bowler,Left hand Bat,Slow Left arm Orthodox,-,2019,IPL 2019,DC,1,1,0,6,6,6.00,15,40.00,0,0,0,0,0,0,2,7.00,24,2/28,2/28,14.00,12.0,0,0,0,,,,
527663,Jagadeesha Suchith,"January 16, 1994, Mysore",32y 169d,India,Bowler,Left hand Bat,Slow Left arm Orthodox,-,2016,IPL 2016,MI,1,-,-,-,-,-,-,-,-,-,-,-,0,0,0,15.50,12,-,-,-,-,0,0,0,,,,
527663,Jagadeesha Suchith,"January 16, 1994, Mysore",32y 169d,India,Bowler,Left hand Bat,Slow Left arm Orthodox,-,2015,IPL 2015,MI,13,6,5,48,34*,48.00,32,150.00,0,0,4,2,8,0,10,8.64,234,2/14,2/14,33.70,23.4,0,0,0,,,,
1168049,Jake Matthew Fraser-McGurk,"April 11, 2002",24y 84d,Australia,Batter,Right hand Bat,Legbreak Googly,2024 - 2025,2025,IPL 2025,DC,6,6,0,55,38,9.16,52,105.76,0,0,7,2,3,0,-,-,-,-,-,-,-,-,-,-,"September 04, 2024","July 20, 2025","February 04, 2024","February 14, 2025"
1168049,Jake Matthew Fraser-McGurk,"April 11, 2002",24y 84d,Australia,Batter,Right hand Bat,Legbreak Googly,2024 - 2025,2024,IPL 2024,DC,9,9,0,330,84,36.66,141,234.04,0,4,32,28,3,0,-,-,-,-,-,-,-,-,-,-,"September 04, 2024","July 20, 2025","February 04, 2024","February 14, 2025"
5702,James Redfern Hopes,"October 24, 1978, Townsville, Queensland",47y 253d,Australia,Allrounder,Right hand Bat,Right arm Medium,2005 - 2010,2011,IPL 2011,DC,10,8,3,196,55,39.20,158,124.05,0,2,22,3,3,0,7,8.50,192,1/25,1/25,38.85,27.4,0,0,0,"February 17, 2005","July 06, 2010","March 01, 2005","October 20, 2010"
5702,James Redfern Hopes,"October 24, 1978, Townsville, Queensland",47y 253d,Australia,Allrounder,Right hand Bat,Right arm Medium,2005 - 2010,2007/08,IPL 2007/08,PBKS,11,11,0,221,71,20.09,148,149.32,0,2,27,8,3,0,7,9.85,168,2/2,2/2,39.42,24.0,0,0,0,"February 17, 2005","July 06, 2010","March 01, 2005","October 20, 2010"
355269,James Douglas Sheahan Neesham,"September 17, 1990, Auckland",35y 290d,New Zealand,Batting Allrounder,Left hand Bat,Right arm Medium fast,2012 - 2026,2022,IPL 2022,RR,2,2,0,31,17,15.50,27,114.81,0,0,3,0,1,0,0,9.66,18,-,-,-,-,0,0,0,"December 21, 2012","March 25, 2026","January 19, 2013","November 01, 2023"
355269,James Douglas Sheahan Neesham,"September 17, 1990, Auckland",35y 290d,New Zealand,Batting Allrounder,Left hand Bat,Right arm Medium fast,2012 - 2026,2021,IPL 2021,MI,3,2,0,0,0,0.00,2,0.00,0,0,0,0,0,0,5,7.33,54,3/12,3/12,13.20,10.8,0,0,0,"December 21, 2012","March 25, 2026","January 19, 2013","November 01, 2023"
355269,James Douglas Sheahan Neesham,"September 17, 1990, Auckland",35y 290d,New Zealand,Batting Allrounder,Left hand Bat,Right arm Medium fast,2012 - 2026,2020/21,IPL 2020/21,PBKS,5,3,1,19,10*,9.50,18,105.55,0,0,0,1,1,0,2,9.86,90,1/17,1/17,74.00,45.0,0,0,0,"December 21, 2012","March 25, 2026","January 19, 2013","November 01, 2023"
355269,James Douglas Sheahan Neesham,"September 17, 1990, Auckland",35y 290d,New Zealand,Batting Allrounder,Left hand Bat,Right arm Medium fast,2012 - 2026,2014,IPL 2014,DC,4,3,0,42,22,14.00,46,91.30,0,0,3,1,0,0,1,10.11,54,1/29,1/29,91.00,54.0,0,0,0,"December 21, 2012","March 25, 2026","January 19, 2013","November 01, 2023"
298438,Jason Jonathan Roy,"July 21, 1990, Durban, South Africa",35y 348d,England,Opening Batter,Right hand Bat,,2014 - 2023,2023,IPL 2023,KKR,8,8,0,285,61,35.62,188,151.59,0,2,36,12,2,0,-,-,-,-,-,-,-,-,-,-,"September 07, 2014","July 31, 2022","May 08, 2015","March 06, 2023"
298438,Jason Jonathan Roy,"July 21, 1990, Durban, South Africa",35y 348d,England,Opening Batter,Right hand Bat,,2014 - 2023,2021,IPL 2021,SRH,5,5,0,150,60,30.00,121,123.96,0,1,21,1,3,0,-,-,-,-,-,-,-,-,-,-,"September 07, 2014","July 31, 2022","May 08, 2015","March 06, 2023"
298438,Jason Jonathan Roy,"July 21, 1990, Durban, South Africa",35y 348d,England,Opening Batter,Right hand Bat,,2014 - 2023,2018,IPL 2018,DC,5,5,1,120,91*,30.00,94,127.65,0,1,9,7,4,0,-,-,-,-,-,-,-,-,-,-,"September 07, 2014","July 31, 2022","May 08, 2015","March 06, 2023"
298438,Jason Jonathan Roy,"July 21, 1990, Durban, South Africa",35y 348d,England,Opening Batter,Right hand Bat,,2014 - 2023,2017,IPL 2017,GL,3,3,1,59,31,29.50,40,147.50,0,0,9,1,1,0,-,-,-,-,-,-,-,-,-,-,"September 07, 2014","July 31, 2022","May 08, 2015","March 06, 2023"
447587,Jayant Yadav,"January 22, 1990, Delhi",36y 163d,India,Bowler,Right hand Bat,Right arm Offbreak,2016 - 2022,2023,IPL 2023,GT,1,-,-,-,-,-,-,-,-,-,-,-,1,0,0,6.50,24,-,-,-,-,0,0,0,,,"October 29, 2016","January 23, 2022"
447587,Jayant Yadav,"January 22, 1990, Delhi",36y 163d,India,Bowler,Right hand Bat,Right arm Offbreak,2016 - 2022,2021,IPL 2021,MI,5,3,1,34,23,17.00,26,130.76,0,0,2,1,2,0,2,7.64,102,1/25,1/25,65.00,51.0,0,0,0,,,"October 29, 2016","January 23, 2022"
447587,Jayant Yadav,"January 22, 1990, Delhi",36y 163d,India,Bowler,Right hand Bat,Right arm Offbreak,2016 - 2022,2020/21,IPL 2020/21,MI,2,-,-,-,-,-,-,-,-,-,-,-,0,0,1,6.14,42,1/25,1/25,43.00,42.0,0,0,0,,,"October 29, 2016","January 23, 2022"
447587,Jayant Yadav,"January 22, 1990, Delhi",36y 163d,India,Bowler,Right hand Bat,Right arm Offbreak,2016 - 2022,2019,IPL 2019,MI,2,-,-,-,-,-,-,-,-,-,-,-,2,0,1,7.14,42,1/25,1/25,50.00,42.0,0,0,0,,,"October 29, 2016","January 23, 2022"
447587,Jayant Yadav,"January 22, 1990, Delhi",36y 163d,India,Bowler,Right hand Bat,Right arm Offbreak,2016 - 2022,2017,IPL 2017,DC,2,-,-,-,-,-,-,-,-,-,-,-,0,0,0,7.00,36,-,-,-,-,0,0,0,,,"October 29, 2016","January 23, 2022"
447587,Jayant Yadav,"January 22, 1990, Delhi",36y 163d,India,Bowler,Right hand Bat,Right arm Offbreak,2016 - 2022,2016,IPL 2016,DC,5,2,0,6,5,3.00,10,60.00,0,0,0,0,1,0,2,7.35,102,1/23,1/23,62.50,51.0,0,0,0,,,"October 29, 2016","January 23, 2022"
447587,Jayant Yadav,"January 22, 1990, Delhi",36y 163d,India,Bowler,Right hand Bat,Right arm Offbreak,2016 - 2022,2015,IPL 2015,DC,3,-,-,-,-,-,-,-,-,-,-,-,1,0,2,4.14,42,1/8,1/8,14.50,21.0,0,0,0,,,"October 29, 2016","January 23, 2022"
390484,Jaydev Dipakbhai Unadkat,"October 18, 1991, Porbandar",34y 259d,India,Bowler,Right hand Bat,Left arm Medium,2010 - 2023,2026,IPL 2026,SRH,4,1,1,4,4*,-,3,133.33,0,0,0,0,3,0,4,10.90,77,3/21,3/21,35.00,19.2,0,0,0,"June 18, 2016","March 18, 2018","July 24, 2013","August 01, 2023"
390484,Jaydev Dipakbhai Unadkat,"October 18, 1991, Porbandar",34y 259d,India,Bowler,Right hand Bat,Left arm Medium,2010 - 2023,2025,IPL 2025,SRH,7,-,-,-,-,-,-,-,-,-,-,-,2,0,11,7.34,143,3/24,3/24,15.90,13.0,0,0,0,"June 18, 2016","March 18, 2018","July 24, 2013","August 01, 2023"
390484,Jaydev Dipakbhai Unadkat,"October 18, 1991, Porbandar",34y 259d,India,Bowler,Right hand Bat,Left arm Medium,2010 - 2023,2024,IPL 2024,SRH,11,5,2,24,8*,8.00,26,92.30,0,0,2,1,0,0,8,10.23,187,3/30,3/30,39.87,23.3,0,0,0,"June 18, 2016","March 18, 2018","July 24, 2013","August 01, 2023"
390484,Jaydev Dipakbhai Unadkat,"October 18, 1991, Porbandar",34y 259d,India,Bowler,Right hand Bat,Left arm Medium,2010 - 2023,2023,IPL 2023,LSG,3,1,0,9,9,9.00,7,128.57,0,0,1,0,0,0,0,11.50,48,-,-,-,-,0,0,0,"June 18, 2016","March 18, 2018","July 24, 2013","August 01, 2023"
390484,Jaydev Dipakbhai Unadkat,"October 18, 1991, Porbandar",34y 259d,India,Bowler,Right hand Bat,Left arm Medium,2010 - 2023,2022,IPL 2022,MI,5,5,2,59,19*,19.66,37,159.45,0,0,4,3,1,0,6,9.50,120,2/32,2/32,31.66,20.0,0,0,0,"June 18, 2016","March 18, 2018","July 24, 2013","August 01, 2023"
390484,Jaydev Dipakbhai Unadkat,"October 18, 1991, Porbandar",34y 259d,India,Bowler,Right hand Bat,Left arm Medium,2010 - 2023,2021,IPL 2021,RR,6,3,1,41,24,20.50,29,141.37,0,0,3,2,1,0,4,7.63,132,3/15,3/15,42.00,33.0,0,0,0,"June 18, 2016","March 18, 2018","July 24, 2013","August 01, 2023"
390484,Jaydev Dipakbhai Unadkat,"October 18, 1991, Porbandar",34y 259d,India,Bowler,Right hand Bat,Left arm Medium,2010 - 2023,2020/21,IPL 2020/21,RR,7,1,0,9,9,9.00,13,69.23,0,0,0,0,1,0,4,9.91,138,2/32,2/32,57.00,34.5,0,0,0,"June 18, 2016","March 18, 2018","July 24, 2013","August 01, 2023"
390484,Jaydev Dipakbhai Unadkat,"October 18, 1991, Porbandar",34y 259d,India,Bowler,Right hand Bat,Left arm Medium,2010 - 2023,2019,IPL 2019,RR,11,4,3,1,1,1.00,3,33.33,0,0,0,0,3,0,10,10.66,224,2/26,2/26,39.80,22.4,0,0,0,"June 18, 2016","March 18, 2018","July 24, 2013","August 01, 2023"
390484,Jaydev Dipakbhai Unadkat,"October 18, 1991, Porbandar",34y 259d,India,Bowler,Right hand Bat,Left arm Medium,2010 - 2023,2018,IPL 2018,RR,15,7,3,49,26,12.25,38,128.94,0,0,6,1,6,0,11,9.65,302,3/46,3/46,44.18,27.4,0,0,0,"June 18, 2016","March 18, 2018","July 24, 2013","August 01, 2023"
390484,Jaydev Dipakbhai Unadkat,"October 18, 1991, Porbandar",34y 259d,India,Bowler,Right hand Bat,Left arm Medium,2010 - 2023,2017,IPL 2017,RPS,12,2,2,2,2*,-,5,40.00,0,0,0,0,9,0,24,7.02,275,5/30,5/30,13.41,11.4,0,1,0,"June 18, 2016","March 18, 2018","July 24, 2013","August 01, 2023"
390484,Jaydev Dipakbhai Unadkat,"October 18, 1991, Porbandar",34y 259d,India,Bowler,Right hand Bat,Left arm Medium,2010 - 2023,2016,IPL 2016,KKR,1,-,-,-,-,-,-,-,-,-,-,-,0,0,0,16.33,18,-,-,-,-,0,0,0,"June 18, 2016","March 18, 2018","July 24, 2013","August 01, 2023"
390484,Jaydev Dipakbhai Unadkat,"October 18, 1991, Porbandar",34y 259d,India,Bowler,Right hand Bat,Left arm Medium,2010 - 2023,2015,IPL 2015,DC,1,-,-,-,-,-,-,-,-,-,-,-,0,0,0,10.00,18,-,-,-,-,0,0,0,"June 18, 2016","March 18, 2018","July 24, 2013","August 01, 2023"
390484,Jaydev Dipakbhai Unadkat,"October 18, 1991, Porbandar",34y 259d,India,Bowler,Right hand Bat,Left arm Medium,2010 - 2023,2014,IPL 2014,DC,9,2,1,1,1*,1.00,6,16.66,0,0,0,0,0,0,9,8.66,187,3/32,3/32,30.00,20.7,0,0,0,"June 18, 2016","March 18, 2018","July 24, 2013","August 01, 2023"
390484,Jaydev Dipakbhai Unadkat,"October 18, 1991, Porbandar",34y 259d,India,Bowler,Right hand Bat,Left arm Medium,2010 - 2023,2013,IPL 2013,RCB,13,2,2,2,1*,-,2,100.00,0,0,0,0,1,0,13,7.55,294,5/25,5/25,28.46,22.6,0,1,0,"June 18, 2016","March 18, 2018","July 24, 2013","August 01, 2023"
390484,Jaydev Dipakbhai Unadkat,"October 18, 1991, Porbandar",34y 259d,India,Bowler,Right hand Bat,Left arm Medium,2010 - 2023,2012,IPL 2012,KKR,1,-,-,-,-,-,-,-,-,-,-,-,0,0,0,10.66,18,-,-,-,-,0,0,0,"June 18, 2016","March 18, 2018","July 24, 2013","August 01, 2023"
390484,Jaydev Dipakbhai Unadkat,"October 18, 1991, Porbandar",34y 259d,India,Bowler,Right hand Bat,Left arm Medium,2010 - 2023,2011,IPL 2011,KKR,7,-,-,-,-,-,-,-,-,-,-,-,2,0,6,8.33,108,2/25,2/25,25.00,18.0,0,0,0,"June 18, 2016","March 18, 2018","July 24, 2013","August 01, 2023"
390484,Jaydev Dipakbhai Unadkat,"October 18, 1991, Porbandar",34y 259d,India,Bowler,Right hand Bat,Left arm Medium,2010 - 2023,2009/10,IPL 2009/10,KKR,3,-,-,-,-,-,-,-,-,-,-,-,1,0,4,8.22,62,3/26,3/26,21.25,15.5,0,0,0,"June 18, 2016","March 18, 2018","July 24, 2013","August 01, 2023"
44932,Jean-Paul Duminy,"April 14, 1984, Strandfontein, Cape Town, Cape Province",42y 81d,South Africa,Batting Allrounder,Left hand Bat,Right arm Offbreak,2004 - 2019,2018,IPL 2018,MI,6,4,3,36,23,36.00,40,90.00,0,0,3,1,2,0,0,12.00,18,-,-,-,-,0,0,0,"September 15, 2007","March 24, 2019","August 20, 2004","July 06, 2019"
44932,Jean-Paul Duminy,"April 14, 1984, Strandfontein, Cape Town, Cape Province",42y 81d,South Africa,Batting Allrounder,Left hand Bat,Right arm Offbreak,2004 - 2019,2016,IPL 2016,DC,10,8,3,191,49*,38.20,156,122.43,0,0,13,3,3,0,2,7.85,42,1/4,1/4,27.50,21.0,0,0,0,"September 15, 2007","March 24, 2019","August 20, 2004","July 06, 2019"
44932,Jean-Paul Duminy,"April 14, 1984, Strandfontein, Cape Town, Cape Province",42y 81d,South Africa,Batting Allrounder,Left hand Bat,Right arm Offbreak,2004 - 2019,2015,IPL 2015,DC,14,13,3,414,78*,41.40,315,131.42,0,4,27,20,8,0,8,7.41,102,4/17,4/17,15.75,12.7,1,0,0,"September 15, 2007","March 24, 2019","August 20, 2004","July 06, 2019"
44932,Jean-Paul Duminy,"April 14, 1984, Strandfontein, Cape Town, Cape Province",42y 81d,South Africa,Batting Allrounder,Left hand Bat,Right arm Offbreak,2004 - 2019,2014,IPL 2014,DC,14,14,6,410,67*,51.25,305,134.42,0,2,22,20,2,0,3,7.27,198,2/27,2/27,80.00,66.0,0,0,0,"September 15, 2007","March 24, 2019","August 20, 2004","July 06, 2019"
44932,Jean-Paul Duminy,"April 14, 1984, Strandfontein, Cape Town, Cape Province",42y 81d,South Africa,Batting Allrounder,Left hand Bat,Right arm Offbreak,2004 - 2019,2012,IPL 2012,DCH,9,9,6,244,74,81.33,190,128.42,0,2,13,11,6,0,1,8.66,72,1/8,1/8,104.00,72.0,0,0,0,"September 15, 2007","March 24, 2019","August 20, 2004","July 06, 2019"
44932,Jean-Paul Duminy,"April 14, 1984, Strandfontein, Cape Town, Cape Province",42y 81d,South Africa,Batting Allrounder,Left hand Bat,Right arm Offbreak,2004 - 2019,2011,IPL 2011,DCH,10,10,0,205,55,20.50,174,117.81,0,1,9,8,2,0,4,7.94,108,1/3,1/3,35.75,27.0,0,0,0,"September 15, 2007","March 24, 2019","August 20, 2004","July 06, 2019"
44932,Jean-Paul Duminy,"April 14, 1984, Strandfontein, Cape Town, Cape Province",42y 81d,South Africa,Batting Allrounder,Left hand Bat,Right arm Offbreak,2004 - 2019,2009/10,IPL 2009/10,MI,7,7,2,157,42*,31.40,131,119.84,0,0,13,5,3,0,1,6.72,33,1/15,1/15,37.00,33.0,0,0,0,"September 15, 2007","March 24, 2019","August 20, 2004","July 06, 2019"
44932,Jean-Paul Duminy,"April 14, 1984, Strandfontein, Cape Town, Cape Province",42y 81d,South Africa,Batting Allrounder,Left hand Bat,Right arm Offbreak,2004 - 2019,2009,IPL 2009,MI,13,12,3,372,62,41.33,325,114.46,0,5,26,11,4,0,4,5.31,105,2/15,2/15,23.25,26.2,0,0,0,"September 15, 2007","March 24, 2019","August 20, 2004","July 06, 2019"
49700,Balapuwaduge Manukulasuriya Amith Jeevan Mendis,"January 15, 1983, Colombo",43y 170d,Sri Lanka,Allrounder,Left hand Bat,Legbreak,2010 - 2019,2013,IPL 2013,DC,3,3,0,23,12,7.66,27,85.18,0,0,0,0,2,0,1,7.20,30,1/16,1/16,36.00,30.0,0,0,0,"June 25, 2011","March 16, 2018","June 01, 2010","June 28, 2019"
774223,Jhye Avon Richardson,"September 20, 1996, Murdoch, Western Australia",29y 287d,Australia,Bowler,Right hand Bat,Right arm Fast,2017 - 2025,2024,IPL 2024,DC,1,1,0,2,2,2.00,2,100.00,0,0,0,0,0,0,0,10.00,24,-,-,-,-,0,0,0,"February 19, 2017","June 11, 2022","January 19, 2018","June 19, 2022"
774223,Jhye Avon Richardson,"September 20, 1996, Murdoch, Western Australia",29y 287d,Australia,Bowler,Right hand Bat,Right arm Fast,2017 - 2025,2021,IPL 2021,PBKS,3,2,0,15,15,7.50,24,62.50,0,0,2,0,1,0,3,10.63,66,2/41,2/41,39.00,22.0,0,0,0,"February 19, 2017","June 11, 2022","January 19, 2018","June 19, 2022"
44149,Johan Botha,"May 02, 1982, Johannesburg, Transvaal",44y 63d,South Africa,Allrounder,Right hand Bat,Right arm Offbreak,2005 - 2012,2015,IPL 2015,KKR,4,3,0,31,17,10.33,15,206.66,0,0,5,1,4,0,1,8.10,60,1/32,1/32,81.00,60.0,0,0,0,"January 09, 2006","October 02, 2012","November 16, 2005","March 03, 2012"
44149,Johan Botha,"May 02, 1982, Johannesburg, Transvaal",44y 63d,South Africa,Allrounder,Right hand Bat,Right arm Offbreak,2005 - 2012,2013,IPL 2013,DC,6,6,0,43,23,7.16,52,82.69,0,0,5,1,5,0,5,6.54,100,2/11,2/11,21.80,20.0,0,0,0,"January 09, 2006","October 02, 2012","November 16, 2005","March 03, 2012"
44149,Johan Botha,"May 02, 1982, Johannesburg, Transvaal",44y 63d,South Africa,Allrounder,Right hand Bat,Right arm Offbreak,2005 - 2012,2012,IPL 2012,RR,11,7,3,58,14*,14.50,54,107.40,0,0,4,1,3,0,9,7.24,246,2/21,2/21,33.00,27.3,0,0,0,"January 09, 2006","October 02, 2012","November 16, 2005","March 03, 2012"
44149,Johan Botha,"May 02, 1982, Johannesburg, Transvaal",44y 63d,South Africa,Allrounder,Right hand Bat,Right arm Offbreak,2005 - 2012,2011,IPL 2011,RR,10,9,4,230,67*,46.00,198,116.16,0,1,20,2,6,0,7,6.63,216,3/6,3/6,34.14,30.8,0,0,0,"January 09, 2006","October 02, 2012","November 16, 2005","March 03, 2012"
44149,Johan Botha,"May 02, 1982, Johannesburg, Transvaal",44y 63d,South Africa,Allrounder,Right hand Bat,Right arm Offbreak,2005 - 2012,2009,IPL 2009,RR,3,3,1,47,37,23.50,40,117.50,0,0,5,0,0,0,3,6.16,72,2/19,2/19,24.66,24.0,0,0,0,"January 09, 2006","October 02, 2012","November 16, 2005","March 03, 2012"
545467,Carl Junior Dala,"December 29, 1989, Lusaka, Zambia",36y 187d,South Africa,Bowler,Right hand Bat,Right arm Medium,2018 - 2025,2018,IPL 2018,DC,1,-,-,-,-,-,-,-,-,-,-,-,0,0,0,11.33,18,-,-,-,-,0,0,0,"February 18, 2018","February 11, 2021","August 08, 2018","February 10, 2025"
550215,Kagiso Rabada,"May 25, 1995, Johannesburg",31y 40d,South Africa,Bowler,Left hand Bat,Right arm Fast,2014 - 2026,2026,IPL 2026,GT,17,4,2,47,23*,23.50,38,123.68,0,0,5,2,7,0,29,9.68,388,3/25,3/25,21.58,13.3,0,0,0,"November 05, 2014","March 04, 2026","July 10, 2015","March 05, 2025"
550215,Kagiso Rabada,"May 25, 1995, Johannesburg",31y 40d,South Africa,Bowler,Left hand Bat,Right arm Fast,2014 - 2026,2025,IPL 2025,GT,4,2,1,9,7*,9.00,8,112.50,0,0,0,1,0,0,2,11.57,84,1/41,1/41,81.00,42.0,0,0,0,"November 05, 2014","March 04, 2026","July 10, 2015","March 05, 2025"
550215,Kagiso Rabada,"May 25, 1995, Johannesburg",31y 40d,South Africa,Bowler,Left hand Bat,Right arm Fast,2014 - 2026,2024,IPL 2024,PBKS,11,3,2,20,11*,20.00,14,142.85,0,0,0,2,5,0,11,8.85,252,2/18,2/18,33.81,22.9,0,0,0,"November 05, 2014","March 04, 2026","July 10, 2015","March 05, 2025"
550215,Kagiso Rabada,"May 25, 1995, Johannesburg",31y 40d,South Africa,Bowler,Left hand Bat,Right arm Fast,2014 - 2026,2023,IPL 2023,PBKS,6,2,1,0,0*,0.00,2,0.00,0,0,0,0,0,0,7,10.08,138,2/34,2/34,33.14,19.7,0,0,0,"November 05, 2014","March 04, 2026","July 10, 2015","March 05, 2025"
550215,Kagiso Rabada,"May 25, 1995, Johannesburg",31y 40d,South Africa,Bowler,Left hand Bat,Right arm Fast,2014 - 2026,2022,IPL 2022,PBKS,13,8,3,48,25,9.60,43,111.62,0,0,5,2,2,0,23,8.45,288,4/33,4/33,17.65,12.5,2,0,0,"November 05, 2014","March 04, 2026","July 10, 2015","March 05, 2025"
550215,Kagiso Rabada,"May 25, 1995, Johannesburg",31y 40d,South Africa,Bowler,Left hand Bat,Right arm Fast,2014 - 2026,2021,IPL 2021,DC,15,3,3,13,9*,-,6,216.66,0,0,2,0,9,0,15,8.14,336,3/36,3/36,30.40,22.4,0,0,0,"November 05, 2014","March 04, 2026","July 10, 2015","March 05, 2025"
550215,Kagiso Rabada,"May 25, 1995, Johannesburg",31y 40d,South Africa,Bowler,Left hand Bat,Right arm Fast,2014 - 2026,2020/21,IPL 2020/21,DC,17,8,4,56,15*,14.00,49,114.28,0,0,4,2,8,0,30,8.34,394,4/24,4/24,18.26,13.1,2,0,0,"November 05, 2014","March 04, 2026","July 10, 2015","March 05, 2025"
550215,Kagiso Rabada,"May 25, 1995, Johannesburg",31y 40d,South Africa,Bowler,Left hand Bat,Right arm Fast,2014 - 2026,2019,IPL 2019,DC,12,4,1,14,9,4.66,15,93.33,0,0,0,1,6,0,25,7.82,282,4/21,4/21,14.72,11.2,2,0,0,"November 05, 2014","March 04, 2026","July 10, 2015","March 05, 2025"
550215,Kagiso Rabada,"May 25, 1995, Johannesburg",31y 40d,South Africa,Bowler,Left hand Bat,Right arm Fast,2014 - 2026,2017,IPL 2017,DC,6,3,0,55,44,18.33,64,85.93,0,0,5,1,0,0,6,8.81,128,2/20,2/20,31.33,21.3,0,0,0,"November 05, 2014","March 04, 2026","July 10, 2015","March 05, 2025"
1070188,Kamlesh Lachham Nagarkoti,"December 28, 1999, Barmer, Rajasthan",26y 188d,India,Bowler,Right hand Bat,Right arm Fast,-,2022,IPL 2022,DC,1,-,-,-,-,-,-,-,-,-,-,-,0,0,0,14.50,12,-,-,-,-,0,0,0,,,,
1070188,Kamlesh Lachham Nagarkoti,"December 28, 1999, Barmer, Rajasthan",26y 188d,India,Bowler,Right hand Bat,Right arm Fast,-,2021,IPL 2021,KKR,1,1,0,0,0,0.00,2,0.00,0,0,0,0,0,0,0,12.50,12,-,-,-,-,0,0,0,,,,
1070188,Kamlesh Lachham Nagarkoti,"December 28, 1999, Barmer, Rajasthan",26y 188d,India,Bowler,Right hand Bat,Right arm Fast,-,2020/21,IPL 2020/21,KKR,10,6,3,22,8*,7.33,31,70.96,0,0,1,0,4,0,5,8.88,156,2/13,2/13,46.20,31.2,0,0,0,,,,
398439,Karun Nair,"December 06, 1991, Jodhpur, Rajasthan",34y 210d,India,Top order Batter,Right hand Bat,Right arm Offbreak,2016 - 2025,2026,IPL 2026,DC,2,2,0,18,13,9.00,18,100.00,0,0,3,0,0,0,-,-,-,-,-,-,-,-,-,-,,,"June 11, 2016","June 13, 2016"
398439,Karun Nair,"December 06, 1991, Jodhpur, Rajasthan",34y 210d,India,Top order Batter,Right hand Bat,Right arm Offbreak,2016 - 2025,2025,IPL 2025,DC,8,8,0,198,89,24.75,115,172.17,0,1,24,10,2,0,-,-,-,-,-,-,-,-,-,-,,,"June 11, 2016","June 13, 2016"
398439,Karun Nair,"December 06, 1991, Jodhpur, Rajasthan",34y 210d,India,Top order Batter,Right hand Bat,Right arm Offbreak,2016 - 2025,2022,IPL 2022,RR,3,2,0,16,13,8.00,18,88.88,0,0,1,0,1,0,-,-,-,-,-,-,-,-,-,-,,,"June 11, 2016","June 13, 2016"
398439,Karun Nair,"December 06, 1991, Jodhpur, Rajasthan",34y 210d,India,Top order Batter,Right hand Bat,Right arm Offbreak,2016 - 2025,2020/21,IPL 2020/21,PBKS,4,3,1,16,15*,8.00,14,114.28,0,0,2,0,1,0,-,-,-,-,-,-,-,-,-,-,,,"June 11, 2016","June 13, 2016"
398439,Karun Nair,"December 06, 1991, Jodhpur, Rajasthan",34y 210d,India,Top order Batter,Right hand Bat,Right arm Offbreak,2016 - 2025,2019,IPL 2019,PBKS,1,1,0,5,5,5.00,6,83.33,0,0,0,0,0,0,-,-,-,-,-,-,-,-,-,-,,,"June 11, 2016","June 13, 2016"
398439,Karun Nair,"December 06, 1991, Jodhpur, Rajasthan",34y 210d,India,Top order Batter,Right hand Bat,Right arm Offbreak,2016 - 2025,2018,IPL 2018,PBKS,13,12,0,301,54,25.08,221,136.19,0,2,23,13,9,0,-,-,-,-,-,-,-,-,-,-,,,"June 11, 2016","June 13, 2016"
398439,Karun Nair,"December 06, 1991, Jodhpur, Rajasthan",34y 210d,India,Top order Batter,Right hand Bat,Right arm Offbreak,2016 - 2025,2017,IPL 2017,DC,14,13,0,281,64,21.61,226,124.33,0,1,39,6,2,0,-,-,-,-,-,-,-,-,-,-,,,"June 11, 2016","June 13, 2016"
398439,Karun Nair,"December 06, 1991, Jodhpur, Rajasthan",34y 210d,India,Top order Batter,Right hand Bat,Right arm Offbreak,2016 - 2025,2016,IPL 2016,DC,14,12,2,357,83*,35.70,297,120.20,0,3,40,6,3,0,-,-,-,-,-,-,-,-,-,-,,,"June 11, 2016","June 13, 2016"
398439,Karun Nair,"December 06, 1991, Jodhpur, Rajasthan",34y 210d,India,Top order Batter,Right hand Bat,Right arm Offbreak,2016 - 2025,2015,IPL 2015,RR,14,12,1,181,61,16.45,145,124.82,0,1,18,5,3,0,-,-,-,-,-,-,-,-,-,-,,,"June 11, 2016","June 13, 2016"
398439,Karun Nair,"December 06, 1991, Jodhpur, Rajasthan",34y 210d,India,Top order Batter,Right hand Bat,Right arm Offbreak,2016 - 2025,2014,IPL 2014,RR,11,11,1,330,73*,33.00,232,142.24,0,3,38,9,4,0,-,-,-,-,-,-,-,-,-,-,,,"June 11, 2016","June 13, 2016"
398439,Karun Nair,"December 06, 1991, Jodhpur, Rajasthan",34y 210d,India,Top order Batter,Right hand Bat,Right arm Offbreak,2016 - 2025,2013,IPL 2013,RCB,2,2,0,9,9,4.50,12,75.00,0,0,0,0,0,0,-,-,-,-,-,-,-,-,-,-,,,"June 11, 2016","June 13, 2016"
290716,Kedar Mahadav Jadhav,"March 26, 1985, Pune, Maharashtra",41y 100d,India,Batting Allrounder,Right hand Bat,Right arm Offbreak,2014 - 2020,2023,IPL 2023,RCB,2,1,1,12,12*,-,10,120.00,0,0,1,0,1,0,-,-,-,-,-,-,-,-,-,-,"July 17, 2015","October 10, 2017","November 16, 2014","February 08, 2020"
290716,Kedar Mahadav Jadhav,"March 26, 1985, Pune, Maharashtra",41y 100d,India,Batting Allrounder,Right hand Bat,Right arm Offbreak,2014 - 2020,2021,IPL 2021,SRH,6,5,1,55,19,13.75,52,105.76,0,0,2,2,2,0,-,-,-,-,-,-,-,-,-,-,"July 17, 2015","October 10, 2017","November 16, 2014","February 08, 2020"
290716,Kedar Mahadav Jadhav,"March 26, 1985, Pune, Maharashtra",41y 100d,India,Batting Allrounder,Right hand Bat,Right arm Offbreak,2014 - 2020,2020/21,IPL 2020/21,CSK,8,5,2,62,26,20.66,66,93.93,0,0,7,0,1,0,-,-,-,-,-,-,-,-,-,-,"July 17, 2015","October 10, 2017","November 16, 2014","February 08, 2020"
290716,Kedar Mahadav Jadhav,"March 26, 1985, Pune, Maharashtra",41y 100d,India,Batting Allrounder,Right hand Bat,Right arm Offbreak,2014 - 2020,2019,IPL 2019,CSK,14,12,3,162,58,18.00,169,95.85,0,1,19,3,4,0,-,-,-,-,-,-,-,-,-,-,"July 17, 2015","October 10, 2017","November 16, 2014","February 08, 2020"
290716,Kedar Mahadav Jadhav,"March 26, 1985, Pune, Maharashtra",41y 100d,India,Batting Allrounder,Right hand Bat,Right arm Offbreak,2014 - 2020,2018,IPL 2018,CSK,1,1,1,24,24*,-,22,109.09,0,0,1,2,0,0,-,-,-,-,-,-,-,-,-,-,"July 17, 2015","October 10, 2017","November 16, 2014","February 08, 2020"
290716,Kedar Mahadav Jadhav,"March 26, 1985, Pune, Maharashtra",41y 100d,India,Batting Allrounder,Right hand Bat,Right arm Offbreak,2014 - 2020,2017,IPL 2017,RCB,13,13,1,267,69,22.25,186,143.54,0,1,25,10,7,3,-,-,-,-,-,-,-,-,-,-,"July 17, 2015","October 10, 2017","November 16, 2014","February 08, 2020"
290716,Kedar Mahadav Jadhav,"March 26, 1985, Pune, Maharashtra",41y 100d,India,Batting Allrounder,Right hand Bat,Right arm Offbreak,2014 - 2020,2016,IPL 2016,RCB,4,3,3,42,25*,-,32,131.25,0,0,2,2,1,0,-,-,-,-,-,-,-,-,-,-,"July 17, 2015","October 10, 2017","November 16, 2014","February 08, 2020"
290716,Kedar Mahadav Jadhav,"March 26, 1985, Pune, Maharashtra",41y 100d,India,Batting Allrounder,Right hand Bat,Right arm Offbreak,2014 - 2020,2015,IPL 2015,DC,14,12,4,189,63*,23.62,140,135.00,0,1,16,7,6,2,-,-,-,-,-,-,-,-,-,-,"July 17, 2015","October 10, 2017","November 16, 2014","February 08, 2020"
290716,Kedar Mahadav Jadhav,"March 26, 1985, Pune, Maharashtra",41y 100d,India,Batting Allrounder,Right hand Bat,Right arm Offbreak,2014 - 2020,2014,IPL 2014,DC,10,10,5,149,37,29.80,101,147.52,0,0,13,7,3,0,-,-,-,-,-,-,-,-,-,-,"July 17, 2015","October 10, 2017","November 16, 2014","February 08, 2020"
290716,Kedar Mahadav Jadhav,"March 26, 1985, Pune, Maharashtra",41y 100d,India,Batting Allrounder,Right hand Bat,Right arm Offbreak,2014 - 2020,2013,IPL 2013,DC,12,10,3,152,31,21.71,124,122.58,0,0,8,5,4,2,-,-,-,-,-,-,-,-,-,-,"July 17, 2015","October 10, 2017","November 16, 2014","February 08, 2020"
290716,Kedar Mahadav Jadhav,"March 26, 1985, Pune, Maharashtra",41y 100d,India,Batting Allrounder,Right hand Bat,Right arm Offbreak,2014 - 2020,2011,IPL 2011,Kochi,6,4,1,18,12,6.00,23,78.26,0,0,1,0,2,0,-,-,-,-,-,-,-,-,-,-,"July 17, 2015","October 10, 2017","November 16, 2014","February 08, 2020"
290716,Kedar Mahadav Jadhav,"March 26, 1985, Pune, Maharashtra",41y 100d,India,Batting Allrounder,Right hand Bat,Right arm Offbreak,2014 - 2020,2009/10,IPL 2009/10,DC,5,5,2,76,50*,25.33,56,135.71,0,1,7,2,0,0,-,-,-,-,-,-,-,-,-,-,"July 17, 2015","October 10, 2017","November 16, 2014","February 08, 2020"
677081,Keemo Mandela Angus Paul,"February 21, 1998, Guyana",28y 133d,West Indies,Allrounder,Right hand Bat,Right arm Fast medium,2018 - 2023,2019,IPL 2019,DC,8,6,1,18,7,3.60,24,75.00,0,0,1,1,5,0,9,8.72,163,3/17,3/17,26.33,18.1,0,0,0,"April 01, 2018","August 07, 2022","March 15, 2018","July 05, 2023"
19296,Kevin Peter Pietersen,"June 27, 1980, Pietermaritzburg, Natal",46y 7d,England,Top order Batter,Right hand Bat,Right arm Offbreak,2004 - 2014,2016,IPL 2016,RPS,4,4,2,73,37,36.50,61,119.67,0,0,4,3,1,0,-,-,-,-,-,-,-,-,-,-,"June 13, 2005","June 27, 2013","November 28, 2004","September 16, 2013"
19296,Kevin Peter Pietersen,"June 27, 1980, Pietermaritzburg, Natal",46y 7d,England,Top order Batter,Right hand Bat,Right arm Offbreak,2004 - 2014,2014,IPL 2014,DC,11,11,1,294,58,29.40,233,126.18,0,1,34,7,2,0,-,-,-,-,-,-,-,-,-,-,"June 13, 2005","June 27, 2013","November 28, 2004","September 16, 2013"
19296,Kevin Peter Pietersen,"June 27, 1980, Pietermaritzburg, Natal",46y 7d,England,Top order Batter,Right hand Bat,Right arm Offbreak,2004 - 2014,2012,IPL 2012,DC,8,8,3,305,103*,61.00,207,147.34,1,1,22,20,3,0,0,8.83,36,-,-,-,-,0,0,0,"June 13, 2005","June 27, 2013","November 28, 2004","September 16, 2013"
19296,Kevin Peter Pietersen,"June 27, 1980, Pietermaritzburg, Natal",46y 7d,England,Top order Batter,Right hand Bat,Right arm Offbreak,2004 - 2014,2009/10,IPL 2009/10,RCB,7,7,3,236,66*,59.00,157,150.31,0,2,23,8,3,0,3,7.70,60,1/10,1/10,25.66,20.0,0,0,0,"June 13, 2005","June 27, 2013","November 28, 2004","September 16, 2013"
19296,Kevin Peter Pietersen,"June 27, 1980, Pietermaritzburg, Natal",46y 7d,England,Top order Batter,Right hand Bat,Right arm Offbreak,2004 - 2014,2009,IPL 2009,RCB,6,6,0,93,37,15.50,85,109.41,0,0,8,2,3,0,4,6.53,78,2/31,2/31,21.25,19.5,0,0,0,"June 13, 2005","June 27, 2013","November 28, 2004","September 16, 2013"
942645,Khaleel Khursheed Ahmed,"December 05, 1997, Tonk, Rajasthan",28y 211d,India,Bowler,Right hand Bat,Left arm Fast medium,2018 - 2024,2026,IPL 2026,CSK,5,-,-,-,-,-,-,-,-,-,-,-,0,0,2,8.67,101,1/24,1/24,73.00,50.5,0,0,0,"November 04, 2018","July 30, 2024","September 18, 2018","August 14, 2019"
942645,Khaleel Khursheed Ahmed,"December 05, 1997, Tonk, Rajasthan",28y 211d,India,Bowler,Right hand Bat,Left arm Fast medium,2018 - 2024,2025,IPL 2025,CSK,14,2,2,1,1*,-,2,50.00,0,0,0,0,1,0,15,9.57,280,3/29,3/29,29.80,18.6,0,0,0,"November 04, 2018","July 30, 2024","September 18, 2018","August 14, 2019"
942645,Khaleel Khursheed Ahmed,"December 05, 1997, Tonk, Rajasthan",28y 211d,India,Bowler,Right hand Bat,Left arm Fast medium,2018 - 2024,2024,IPL 2024,DC,14,-,-,-,-,-,-,-,-,-,-,-,1,0,17,9.58,300,2/21,2/21,28.17,17.6,0,0,0,"November 04, 2018","July 30, 2024","September 18, 2018","August 14, 2019"
942645,Khaleel Khursheed Ahmed,"December 05, 1997, Tonk, Rajasthan",28y 211d,India,Bowler,Right hand Bat,Left arm Fast medium,2018 - 2024,2023,IPL 2023,DC,9,-,-,-,-,-,-,-,-,-,-,-,2,0,9,9.12,198,2/24,2/24,33.44,22.0,0,0,0,"November 04, 2018","July 30, 2024","September 18, 2018","August 14, 2019"
942645,Khaleel Khursheed Ahmed,"December 05, 1997, Tonk, Rajasthan",28y 211d,India,Bowler,Right hand Bat,Left arm Fast medium,2018 - 2024,2022,IPL 2022,DC,10,2,0,0,0,0.00,2,0.00,0,0,0,0,0,0,16,8.04,235,3/25,3/25,19.68,14.6,0,0,0,"November 04, 2018","July 30, 2024","September 18, 2018","August 14, 2019"
942645,Khaleel Khursheed Ahmed,"December 05, 1997, Tonk, Rajasthan",28y 211d,India,Bowler,Right hand Bat,Left arm Fast medium,2018 - 2024,2021,IPL 2021,SRH,7,1,0,1,1,1.00,2,50.00,0,0,0,0,0,0,5,8.11,162,3/21,3/21,43.80,32.4,0,0,0,"November 04, 2018","July 30, 2024","September 18, 2018","August 14, 2019"
942645,Khaleel Khursheed Ahmed,"December 05, 1997, Tonk, Rajasthan",28y 211d,India,Bowler,Right hand Bat,Left arm Fast medium,2018 - 2024,2020/21,IPL 2020/21,SRH,7,1,0,0,0,0.00,2,0.00,0,0,0,0,1,0,8,9.42,154,2/24,2/24,30.25,19.2,0,0,0,"November 04, 2018","July 30, 2024","September 18, 2018","August 14, 2019"
942645,Khaleel Khursheed Ahmed,"December 05, 1997, Tonk, Rajasthan",28y 211d,India,Bowler,Right hand Bat,Left arm Fast medium,2018 - 2024,2019,IPL 2019,SRH,9,1,0,0,0,0.00,1,0.00,0,0,0,0,0,0,19,8.23,209,3/30,3/30,15.10,11.0,0,0,0,"November 04, 2018","July 30, 2024","September 18, 2018","August 14, 2019"
942645,Khaleel Khursheed Ahmed,"December 05, 1997, Tonk, Rajasthan",28y 211d,India,Bowler,Right hand Bat,Left arm Fast medium,2018 - 2024,2018,IPL 2018,SRH,1,-,-,-,-,-,-,-,-,-,-,-,0,0,0,12.66,18,-,-,-,-,0,0,0,"November 04, 2018","July 30, 2024","September 18, 2018","August 14, 2019"
422108,Kannaur Lokesh Rahul,"April 18, 1992, Bangalore, Karnataka",34y 77d,India,Wicketkeeper Batter,Right hand Bat,,2014 - 2026,2026,IPL 2026,DC,14,14,1,593,152*,45.61,340,174.41,1,5,56,31,2,1,-,-,-,-,-,-,-,-,-,-,"June 18, 2016","November 10, 2022","June 11, 2016","June 17, 2026"
422108,Kannaur Lokesh Rahul,"April 18, 1992, Bangalore, Karnataka",34y 77d,India,Wicketkeeper Batter,Right hand Bat,,2014 - 2026,2025,IPL 2025,DC,13,13,3,539,112*,53.90,360,149.72,1,3,52,21,3,0,-,-,-,-,-,-,-,-,-,-,"June 18, 2016","November 10, 2022","June 11, 2016","June 17, 2026"
422108,Kannaur Lokesh Rahul,"April 18, 1992, Bangalore, Karnataka",34y 77d,India,Wicketkeeper Batter,Right hand Bat,,2014 - 2026,2024,IPL 2024,LSG,14,14,0,520,82,37.14,382,136.12,0,4,45,19,15,2,-,-,-,-,-,-,-,-,-,-,"June 18, 2016","November 10, 2022","June 11, 2016","June 17, 2026"
422108,Kannaur Lokesh Rahul,"April 18, 1992, Bangalore, Karnataka",34y 77d,India,Wicketkeeper Batter,Right hand Bat,,2014 - 2026,2023,IPL 2023,LSG,9,9,1,274,74,34.25,242,113.22,0,2,28,4,4,0,-,-,-,-,-,-,-,-,-,-,"June 18, 2016","November 10, 2022","June 11, 2016","June 17, 2026"
422108,Kannaur Lokesh Rahul,"April 18, 1992, Bangalore, Karnataka",34y 77d,India,Wicketkeeper Batter,Right hand Bat,,2014 - 2026,2022,IPL 2022,LSG,15,15,3,616,103*,51.33,455,135.38,2,4,45,30,9,0,-,-,-,-,-,-,-,-,-,-,"June 18, 2016","November 10, 2022","June 11, 2016","June 17, 2026"
422108,Kannaur Lokesh Rahul,"April 18, 1992, Bangalore, Karnataka",34y 77d,India,Wicketkeeper Batter,Right hand Bat,,2014 - 2026,2021,IPL 2021,PBKS,13,13,3,626,98*,62.60,451,138.80,0,6,48,30,11,0,-,-,-,-,-,-,-,-,-,-,"June 18, 2016","November 10, 2022","June 11, 2016","June 17, 2026"
422108,Kannaur Lokesh Rahul,"April 18, 1992, Bangalore, Karnataka",34y 77d,India,Wicketkeeper Batter,Right hand Bat,,2014 - 2026,2020/21,IPL 2020/21,PBKS,14,14,2,670,132*,55.83,518,129.34,1,5,58,23,10,0,-,-,-,-,-,-,-,-,-,-,"June 18, 2016","November 10, 2022","June 11, 2016","June 17, 2026"
422108,Kannaur Lokesh Rahul,"April 18, 1992, Bangalore, Karnataka",34y 77d,India,Wicketkeeper Batter,Right hand Bat,,2014 - 2026,2019,IPL 2019,PBKS,14,14,3,593,100*,53.90,438,135.38,1,6,49,25,7,0,-,-,-,-,-,-,-,-,-,-,"June 18, 2016","November 10, 2022","June 11, 2016","June 17, 2026"
422108,Kannaur Lokesh Rahul,"April 18, 1992, Bangalore, Karnataka",34y 77d,India,Wicketkeeper Batter,Right hand Bat,,2014 - 2026,2018,IPL 2018,PBKS,14,14,2,659,95*,54.91,416,158.41,0,6,66,32,10,1,-,-,-,-,-,-,-,-,-,-,"June 18, 2016","November 10, 2022","June 11, 2016","June 17, 2026"
422108,Kannaur Lokesh Rahul,"April 18, 1992, Bangalore, Karnataka",34y 77d,India,Wicketkeeper Batter,Right hand Bat,,2014 - 2026,2016,IPL 2016,RCB,14,12,3,397,68*,44.11,271,146.49,0,4,37,16,5,4,-,-,-,-,-,-,-,-,-,-,"June 18, 2016","November 10, 2022","June 11, 2016","June 17, 2026"
422108,Kannaur Lokesh Rahul,"April 18, 1992, Bangalore, Karnataka",34y 77d,India,Wicketkeeper Batter,Right hand Bat,,2014 - 2026,2015,IPL 2015,SRH,9,8,3,142,44*,28.40,126,112.69,0,0,8,5,1,0,-,-,-,-,-,-,-,-,-,-,"June 18, 2016","November 10, 2022","June 11, 2016","June 17, 2026"
422108,Kannaur Lokesh Rahul,"April 18, 1992, Bangalore, Karnataka",34y 77d,India,Wicketkeeper Batter,Right hand Bat,,2014 - 2026,2014,IPL 2014,SRH,11,8,0,166,46,20.75,164,101.21,0,0,12,3,4,0,-,-,-,-,-,-,-,-,-,-,"June 18, 2016","November 10, 2022","June 11, 2016","June 17, 2026"
422108,Kannaur Lokesh Rahul,"April 18, 1992, Bangalore, Karnataka",34y 77d,India,Wicketkeeper Batter,Right hand Bat,,2014 - 2026,2013,IPL 2013,RCB,5,2,0,20,12,10.00,16,125.00,0,0,4,0,2,0,-,-,-,-,-,-,-,-,-,-,"June 18, 2016","November 10, 2022","June 11, 2016","June 17, 2026"
559235,Kuldeep Yadav,"December 14, 1994, Kanpur, Uttar Pradesh",31y 202d,India,Bowler,Left hand Bat,Left arm Wrist spin,2014 - 2026,2026,IPL 2026,DC,12,4,1,9,4,3.00,21,42.85,0,0,0,0,2,0,10,10.29,222,3/29,3/29,38.10,22.2,0,0,0,"July 09, 2017","February 15, 2026","June 23, 2017","June 17, 2026"
559235,Kuldeep Yadav,"December 14, 1994, Kanpur, Uttar Pradesh",31y 202d,India,Bowler,Left hand Bat,Left arm Wrist spin,2014 - 2026,2025,IPL 2025,DC,14,5,2,18,7,6.00,16,112.50,0,0,2,0,0,0,15,7.07,306,3/22,3/22,24.06,20.4,0,0,0,"July 09, 2017","February 15, 2026","June 23, 2017","June 17, 2026"
559235,Kuldeep Yadav,"December 14, 1994, Kanpur, Uttar Pradesh",31y 202d,India,Bowler,Left hand Bat,Left arm Wrist spin,2014 - 2026,2024,IPL 2024,DC,11,5,2,47,35*,15.66,41,114.63,0,0,6,1,2,0,16,8.65,258,4/55,4/55,23.25,16.1,1,0,0,"July 09, 2017","February 15, 2026","June 23, 2017","June 17, 2026"
559235,Kuldeep Yadav,"December 14, 1994, Kanpur, Uttar Pradesh",31y 202d,India,Bowler,Left hand Bat,Left arm Wrist spin,2014 - 2026,2023,IPL 2023,DC,14,10,8,31,10*,15.50,48,64.58,0,0,2,0,2,0,10,7.36,294,2/15,2/15,36.10,29.4,0,0,0,"July 09, 2017","February 15, 2026","June 23, 2017","June 17, 2026"
559235,Kuldeep Yadav,"December 14, 1994, Kanpur, Uttar Pradesh",31y 202d,India,Bowler,Left hand Bat,Left arm Wrist spin,2014 - 2026,2022,IPL 2022,DC,14,7,6,48,16*,48.00,52,92.30,0,0,3,2,5,0,21,8.43,298,4/14,4/14,19.95,14.1,2,0,0,"July 09, 2017","February 15, 2026","June 23, 2017","June 17, 2026"
559235,Kuldeep Yadav,"December 14, 1994, Kanpur, Uttar Pradesh",31y 202d,India,Bowler,Left hand Bat,Left arm Wrist spin,2014 - 2026,2020/21,IPL 2020/21,KKR,5,2,1,13,12,13.00,21,61.90,0,0,1,0,0,0,1,7.66,72,1/20,1/20,92.00,72.0,0,0,0,"July 09, 2017","February 15, 2026","June 23, 2017","June 17, 2026"
559235,Kuldeep Yadav,"December 14, 1994, Kanpur, Uttar Pradesh",31y 202d,India,Bowler,Left hand Bat,Left arm Wrist spin,2014 - 2026,2019,IPL 2019,KKR,9,4,2,12,10*,6.00,8,150.00,0,0,1,0,3,0,4,8.66,198,2/41,2/41,71.50,49.5,0,0,0,"July 09, 2017","February 15, 2026","June 23, 2017","June 17, 2026"
559235,Kuldeep Yadav,"December 14, 1994, Kanpur, Uttar Pradesh",31y 202d,India,Bowler,Left hand Bat,Left arm Wrist spin,2014 - 2026,2018,IPL 2018,KKR,16,3,2,12,7*,12.00,24,50.00,0,0,1,0,6,0,17,8.14,308,4/20,4/20,24.58,18.1,1,0,0,"July 09, 2017","February 15, 2026","June 23, 2017","June 17, 2026"
559235,Kuldeep Yadav,"December 14, 1994, Kanpur, Uttar Pradesh",31y 202d,India,Bowler,Left hand Bat,Left arm Wrist spin,2014 - 2026,2017,IPL 2017,KKR,12,2,0,20,16,10.00,22,90.90,0,0,2,0,1,0,12,8.29,246,2/25,2/25,28.33,20.5,0,0,0,"July 09, 2017","February 15, 2026","June 23, 2017","June 17, 2026"
559235,Kuldeep Yadav,"December 14, 1994, Kanpur, Uttar Pradesh",31y 202d,India,Bowler,Left hand Bat,Left arm Wrist spin,2014 - 2026,2016,IPL 2016,KKR,3,-,-,-,-,-,-,-,-,-,-,-,1,0,6,8.33,72,3/35,3/35,16.66,12.0,0,0,0,"July 09, 2017","February 15, 2026","June 23, 2017","June 17, 2026"
1207295,Kumar Kushagra,"October 23, 2004, Bokaro, Jharkhand",21y 254d,India,Wicketkeeper Batter,Right hand Bat,,-,2026,IPL 2026,GT,1,1,0,18,18,18.00,14,128.57,0,0,3,0,1,0,-,-,-,-,-,-,-,-,-,-,,,,
1207295,Kumar Kushagra,"October 23, 2004, Bokaro, Jharkhand",21y 254d,India,Wicketkeeper Batter,Right hand Bat,,-,2024,IPL 2024,DC,4,3,0,3,2,1.00,7,42.85,0,0,0,0,1,0,-,-,-,-,-,-,-,-,-,-,,,,
625960,Kyle Alex Jamieson,"December 30, 1994, Auckland",31y 186d,New Zealand,Bowler,Right hand Bat,Right arm Fast medium,2020 - 2026,2026,IPL 2026,DC,2,1,0,12,12,12.00,13,92.30,0,0,1,1,0,0,2,12.85,42,1/42,1/42,45.00,21.0,0,0,0,"November 27, 2020","March 25, 2026","February 08, 2020","January 18, 2026"
625960,Kyle Alex Jamieson,"December 30, 1994, Auckland",31y 186d,New Zealand,Bowler,Right hand Bat,Right arm Fast medium,2020 - 2026,2025,IPL 2025,PBKS,4,2,2,0,0*,-,5,0.00,0,0,0,0,0,0,5,9.80,90,3/48,3/48,29.40,18.0,0,0,0,"November 27, 2020","March 25, 2026","February 08, 2020","January 18, 2026"
625960,Kyle Alex Jamieson,"December 30, 1994, Auckland",31y 186d,New Zealand,Bowler,Right hand Bat,Right arm Fast medium,2020 - 2026,2021,IPL 2021,RCB,9,7,3,65,16*,16.25,55,118.18,0,0,5,3,2,0,9,9.60,168,3/41,3/41,29.88,18.6,0,0,0,"November 27, 2020","March 25, 2026","February 08, 2020","January 18, 2026"
930189,Lalit Yadav,"January 03, 1997, Delhi",29y 182d,India,Allrounder,Right hand Bat,Right arm Offbreak,-,2024,IPL 2024,DC,2,2,0,10,7,5.00,12,83.33,0,0,1,0,0,0,0,18.66,18,-,-,-,-,0,0,0,,,,
930189,Lalit Yadav,"January 03, 1997, Delhi",29y 182d,India,Allrounder,Right hand Bat,Right arm Offbreak,-,2023,IPL 2023,DC,6,6,1,66,38,13.20,59,111.86,0,0,8,0,5,0,2,9.07,78,1/29,1/29,59.00,39.0,0,0,0,,,,
930189,Lalit Yadav,"January 03, 1997, Delhi",29y 182d,India,Allrounder,Right hand Bat,Right arm Offbreak,-,2022,IPL 2022,DC,12,8,1,161,48*,23.00,146,110.27,0,0,11,7,6,0,4,8.33,108,2/11,2/11,37.50,27.0,0,0,0,,,,
930189,Lalit Yadav,"January 03, 1997, Delhi",29y 182d,India,Allrounder,Right hand Bat,Right arm Offbreak,-,2021,IPL 2021,DC,7,5,3,68,22*,34.00,73,93.15,0,0,7,0,5,0,4,7.21,84,2/13,2/13,25.25,21.0,0,0,0,,,,
34019,Laxmi Ratan Shukla,"May 06, 1981, Howrah (now Haora), Bengal",45y 59d,India,Allrounder,Right hand Bat,Right arm Medium,1999 - 1999,2014,IPL 2014,DC,5,3,0,31,21,10.33,38,81.57,0,0,2,1,1,0,1,8.89,56,1/31,1/31,83.00,56.0,0,0,0,,,"March 22, 1999","September 05, 1999"
34019,Laxmi Ratan Shukla,"May 06, 1981, Howrah (now Haora), Bengal",45y 59d,India,Allrounder,Right hand Bat,Right arm Medium,1999 - 1999,2013,IPL 2013,KKR,4,2,0,3,2,1.50,12,25.00,0,0,0,0,2,0,1,7.33,18,1/14,1/14,22.00,18.0,0,0,0,,,"March 22, 1999","September 05, 1999"
34019,Laxmi Ratan Shukla,"May 06, 1981, Howrah (now Haora), Bengal",45y 59d,India,Allrounder,Right hand Bat,Right arm Medium,1999 - 1999,2012,IPL 2012,KKR,11,8,2,75,26,12.50,57,131.57,0,0,4,5,6,0,1,6.00,12,1/5,1/5,12.00,12.0,0,0,0,,,"March 22, 1999","September 05, 1999"
34019,Laxmi Ratan Shukla,"May 06, 1981, Howrah (now Haora), Bengal",45y 59d,India,Allrounder,Right hand Bat,Right arm Medium,1999 - 1999,2011,IPL 2011,KKR,1,1,0,14,14,14.00,10,140.00,0,0,2,0,0,0,-,-,-,-,-,-,-,-,-,-,,,"March 22, 1999","September 05, 1999"
34019,Laxmi Ratan Shukla,"May 06, 1981, Howrah (now Haora), Bengal",45y 59d,India,Allrounder,Right hand Bat,Right arm Medium,1999 - 1999,2009/10,IPL 2009/10,KKR,4,2,0,36,19,18.00,26,138.46,0,0,3,2,2,0,3,8.83,72,1/30,1/30,35.33,24.0,0,0,0,,,"March 22, 1999","September 05, 1999"
34019,Laxmi Ratan Shukla,"May 06, 1981, Howrah (now Haora), Bengal",45y 59d,India,Allrounder,Right hand Bat,Right arm Medium,1999 - 1999,2009,IPL 2009,KKR,9,6,1,83,48*,16.60,85,97.64,0,0,5,3,1,0,3,7.14,84,3/25,3/25,33.33,28.0,0,0,0,,,"March 22, 1999","September 05, 1999"
34019,Laxmi Ratan Shukla,"May 06, 1981, Howrah (now Haora), Bengal",45y 59d,India,Allrounder,Right hand Bat,Right arm Medium,1999 - 1999,2007/08,IPL 2007/08,KKR,13,12,4,163,42,20.37,122,133.60,0,0,17,4,2,0,6,10.33,72,3/6,3/6,20.66,12.0,0,0,0,,,"March 22, 1999","September 05, 1999"
19264,Liam Edward Plunkett,"April 06, 1985, Middlesbrough, Yorkshire",41y 89d,England,Bowler,Right hand Bat,Right arm Fast,2005 - 2019,2018,IPL 2018,DC,7,2,1,1,1*,1.00,3,33.33,0,0,0,0,2,0,4,9.00,150,3/17,3/17,56.25,37.5,0,0,0,"June 15, 2006","March 08, 2019","December 10, 2005","July 14, 2019"
379887,Lizaad Buyron Williams,"October 01, 1993, Vredenburg",32y 276d,South Africa,Bowler,Left hand Bat,Right arm Medium fast,2021 - 2025,2024,IPL 2024,DC,2,1,1,1,1*,-,2,50.00,0,0,0,0,1,0,1,12.00,36,1/38,1/38,72.00,36.0,0,0,0,"April 10, 2021","November 01, 2025","July 16, 2021","November 04, 2025"
573930,Lukman Iqbal Meriwala,"December 11, 1991, Makan, Baroda",34y 205d,India,Bowler,Left hand Bat,Left arm Fast medium,-,2021,IPL 2021,DC,1,-,-,-,-,-,-,-,-,-,-,-,0,0,1,10.66,18,1/32,1/32,32.00,18.0,0,0,0,,,,
542023,Lungisani True-man Ngidi,"March 29, 1996, Durban, Natal",30y 97d,South Africa,Bowler,Right hand Bat,Right arm Fast medium,2017 - 2026,2026,IPL 2026,DC,12,3,1,4,3,2.00,7,57.14,0,0,0,0,0,0,13,8.22,248,3/27,3/27,26.15,19.0,0,0,0,"January 20, 2017","March 04, 2026","February 07, 2018","December 06, 2025"
542023,Lungisani True-man Ngidi,"March 29, 1996, Durban, Natal",30y 97d,South Africa,Bowler,Right hand Bat,Right arm Fast medium,2017 - 2026,2025,IPL 2025,RCB,2,1,1,0,0*,-,2,0.00,0,0,0,0,0,0,4,10.12,48,3/30,3/30,20.25,12.0,0,0,0,"January 20, 2017","March 04, 2026","February 07, 2018","December 06, 2025"
542023,Lungisani True-man Ngidi,"March 29, 1996, Durban, Natal",30y 97d,South Africa,Bowler,Right hand Bat,Right arm Fast medium,2017 - 2026,2021,IPL 2021,CSK,3,-,-,-,-,-,-,-,-,-,-,-,1,0,5,10.41,72,3/28,3/28,25.00,14.4,0,0,0,"January 20, 2017","March 04, 2026","February 07, 2018","December 06, 2025"
542023,Lungisani True-man Ngidi,"March 29, 1996, Durban, Natal",30y 97d,South Africa,Bowler,Right hand Bat,Right arm Fast medium,2017 - 2026,2020/21,IPL 2020/21,CSK,4,-,-,-,-,-,-,-,-,-,-,-,0,0,9,10.43,96,3/38,3/38,18.55,10.6,0,0,0,"January 20, 2017","March 04, 2026","February 07, 2018","December 06, 2025"
542023,Lungisani True-man Ngidi,"March 29, 1996, Durban, Natal",30y 97d,South Africa,Bowler,Right hand Bat,Right arm Fast medium,2017 - 2026,2018,IPL 2018,CSK,7,-,-,-,-,-,-,-,-,-,-,-,1,0,11,6.00,156,4/10,4/10,14.18,14.1,1,0,0,"January 20, 2017","March 04, 2026","February 07, 2018","December 06, 2025"
1460385,Madhav Tiwari,"September 28, 2003",22y 279d,India,Allrounder,Right hand Bat,Right arm Medium fast,-,2026,IPL 2026,DC,3,1,1,18,18*,-,8,225.00,0,0,2,1,1,0,4,8.70,60,2/27,2/27,21.75,15.0,0,0,0,,,,
1460385,Madhav Tiwari,"September 28, 2003",22y 279d,India,Allrounder,Right hand Bat,Right arm Medium fast,-,2025,IPL 2025,DC,1,1,0,3,3,3.00,4,75.00,0,0,0,0,1,0,-,-,-,-,-,-,-,-,-,-,,,,
49289,Denagamage Proboth Mahela de Silva Jayawardene,"May 27, 1977, Colombo",49y 38d,Sri Lanka,Batter,Right hand Bat,Right arm Medium,1997 - 2015,2013,IPL 2013,DC,15,15,0,331,66,22.06,313,105.75,0,2,39,6,4,0,-,-,-,-,-,-,-,-,-,-,"June 15, 2006","April 06, 2014","January 24, 1998","March 18, 2015"
49289,Denagamage Proboth Mahela de Silva Jayawardene,"May 27, 1977, Colombo",49y 38d,Sri Lanka,Batter,Right hand Bat,Right arm Medium,1997 - 2015,2012,IPL 2012,DC,16,15,3,335,56*,27.91,298,112.41,0,3,39,3,6,0,-,-,-,-,-,-,-,-,-,-,"June 15, 2006","April 06, 2014","January 24, 1998","March 18, 2015"
49289,Denagamage Proboth Mahela de Silva Jayawardene,"May 27, 1977, Colombo",49y 38d,Sri Lanka,Batter,Right hand Bat,Right arm Medium,1997 - 2015,2011,IPL 2011,Kochi,13,13,0,299,76,23.00,257,116.34,0,3,35,5,6,0,-,-,-,-,-,-,-,-,-,-,"June 15, 2006","April 06, 2014","January 24, 1998","March 18, 2015"
49289,Denagamage Proboth Mahela de Silva Jayawardene,"May 27, 1977, Colombo",49y 38d,Sri Lanka,Batter,Right hand Bat,Right arm Medium,1997 - 2015,2009/10,IPL 2009/10,PBKS,13,13,3,439,110*,43.90,298,147.31,1,1,55,11,5,0,-,-,-,-,-,-,-,-,-,-,"June 15, 2006","April 06, 2014","January 24, 1998","March 18, 2015"
49289,Denagamage Proboth Mahela de Silva Jayawardene,"May 27, 1977, Colombo",49y 38d,Sri Lanka,Batter,Right hand Bat,Right arm Medium,1997 - 2015,2009,IPL 2009,PBKS,10,10,4,219,52*,36.50,165,132.72,0,1,17,7,8,0,-,-,-,-,-,-,-,-,-,-,"June 15, 2006","April 06, 2014","January 24, 1998","March 18, 2015"
49289,Denagamage Proboth Mahela de Silva Jayawardene,"May 27, 1977, Colombo",49y 38d,Sri Lanka,Batter,Right hand Bat,Right arm Medium,1997 - 2015,2007/08,IPL 2007/08,PBKS,13,12,5,179,45*,25.57,131,136.64,0,0,15,7,3,0,-,-,-,-,-,-,-,-,-,-,"June 15, 2006","April 06, 2014","January 24, 1998","March 18, 2015"
398506,Mandeep Singh,"December 18, 1991, Jalandhar, Punjab",34y 198d,India,Allrounder,Right hand Bat,Right arm Medium,2016 - 2016,2023,IPL 2023,KKR,3,3,0,14,12,4.66,16,87.50,0,0,0,1,0,0,-,-,-,-,-,-,-,-,-,-,"June 18, 2016","June 22, 2016",,
398506,Mandeep Singh,"December 18, 1991, Jalandhar, Punjab",34y 198d,India,Allrounder,Right hand Bat,Right arm Medium,2016 - 2016,2022,IPL 2022,DC,3,3,0,18,18,6.00,23,78.26,0,0,4,0,1,0,-,-,-,-,-,-,-,-,-,-,"June 18, 2016","June 22, 2016",,
398506,Mandeep Singh,"December 18, 1991, Jalandhar, Punjab",34y 198d,India,Allrounder,Right hand Bat,Right arm Medium,2016 - 2016,2021,IPL 2021,PBKS,1,1,0,15,15,15.00,14,107.14,0,0,2,0,1,0,-,-,-,-,-,-,-,-,-,-,"June 18, 2016","June 22, 2016",,
398506,Mandeep Singh,"December 18, 1991, Jalandhar, Punjab",34y 198d,India,Allrounder,Right hand Bat,Right arm Medium,2016 - 2016,2020/21,IPL 2020/21,PBKS,7,7,1,130,66*,21.66,109,119.26,0,1,10,4,1,0,-,-,-,-,-,-,-,-,-,-,"June 18, 2016","June 22, 2016",,
398506,Mandeep Singh,"December 18, 1991, Jalandhar, Punjab",34y 198d,India,Allrounder,Right hand Bat,Right arm Medium,2016 - 2016,2019,IPL 2019,PBKS,13,12,8,165,33*,41.25,120,137.50,0,0,10,4,4,0,0,13.00,12,-,-,-,-,0,0,0,"June 18, 2016","June 22, 2016",,
398506,Mandeep Singh,"December 18, 1991, Jalandhar, Punjab",34y 198d,India,Allrounder,Right hand Bat,Right arm Medium,2016 - 2016,2018,IPL 2018,RCB,14,13,3,252,47*,25.20,186,135.48,0,0,16,11,4,0,-,-,-,-,-,-,-,-,-,-,"June 18, 2016","June 22, 2016",,
398506,Mandeep Singh,"December 18, 1991, Jalandhar, Punjab",34y 198d,India,Allrounder,Right hand Bat,Right arm Medium,2016 - 2016,2017,IPL 2017,RCB,11,10,0,188,52,18.80,177,106.21,0,1,21,4,6,0,-,-,-,-,-,-,-,-,-,-,"June 18, 2016","June 22, 2016",,
398506,Mandeep Singh,"December 18, 1991, Jalandhar, Punjab",34y 198d,India,Allrounder,Right hand Bat,Right arm Medium,2016 - 2016,2016,IPL 2016,RCB,1,-,-,-,-,-,-,-,-,-,-,-,1,0,-,-,-,-,-,-,-,-,-,-,"June 18, 2016","June 22, 2016",,
398506,Mandeep Singh,"December 18, 1991, Jalandhar, Punjab",34y 198d,India,Allrounder,Right hand Bat,Right arm Medium,2016 - 2016,2015,IPL 2015,RCB,14,9,2,157,54*,22.42,100,157.00,0,1,17,6,7,0,-,-,-,-,-,-,-,-,-,-,"June 18, 2016","June 22, 2016",,
398506,Mandeep Singh,"December 18, 1991, Jalandhar, Punjab",34y 198d,India,Allrounder,Right hand Bat,Right arm Medium,2016 - 2016,2014,IPL 2014,PBKS,3,3,0,24,21,8.00,26,92.30,0,0,2,0,1,0,-,-,-,-,-,-,-,-,-,-,"June 18, 2016","June 22, 2016",,
398506,Mandeep Singh,"December 18, 1991, Jalandhar, Punjab",34y 198d,India,Allrounder,Right hand Bat,Right arm Medium,2016 - 2016,2013,IPL 2013,PBKS,16,14,1,260,77*,20.00,223,116.59,0,1,36,0,6,0,-,-,-,-,-,-,-,-,-,-,"June 18, 2016","June 22, 2016",,
398506,Mandeep Singh,"December 18, 1991, Jalandhar, Punjab",34y 198d,India,Allrounder,Right hand Bat,Right arm Medium,2016 - 2016,2012,IPL 2012,PBKS,16,16,0,432,75,27.00,342,126.31,0,2,53,7,5,0,-,-,-,-,-,-,-,-,-,-,"June 18, 2016","June 22, 2016",,
398506,Mandeep Singh,"December 18, 1991, Jalandhar, Punjab",34y 198d,India,Allrounder,Right hand Bat,Right arm Medium,2016 - 2016,2011,IPL 2011,PBKS,6,5,1,47,15*,11.75,41,114.63,0,0,4,1,1,0,-,-,-,-,-,-,-,-,-,-,"June 18, 2016","June 22, 2016",,
398506,Mandeep Singh,"December 18, 1991, Jalandhar, Punjab",34y 198d,India,Allrounder,Right hand Bat,Right arm Medium,2016 - 2016,2009/10,IPL 2009/10,KKR,3,2,0,4,4,2.00,11,36.36,0,0,1,0,0,0,-,-,-,-,-,-,-,-,-,-,"June 18, 2016","June 22, 2016",,
290630,Manish Krishnanand Pandey,"September 10, 1989, Nainital, Uttaranchal",36y 297d,India,Top order Batter,Right hand Bat,Right arm Medium,2015 - 2021,2026,IPL 2026,KKR,6,2,0,70,45,35.00,49,142.85,0,0,8,2,3,0,-,-,-,-,-,-,-,-,-,-,"July 17, 2015","December 04, 2020","July 14, 2015","July 23, 2021"
290630,Manish Krishnanand Pandey,"September 10, 1989, Nainital, Uttaranchal",36y 297d,India,Top order Batter,Right hand Bat,Right arm Medium,2015 - 2021,2025,IPL 2025,KKR,3,3,1,92,37,46.00,65,141.53,0,0,5,5,0,0,-,-,-,-,-,-,-,-,-,-,"July 17, 2015","December 04, 2020","July 14, 2015","July 23, 2021"
290630,Manish Krishnanand Pandey,"September 10, 1989, Nainital, Uttaranchal",36y 297d,India,Top order Batter,Right hand Bat,Right arm Medium,2015 - 2021,2024,IPL 2024,KKR,1,1,0,42,42,42.00,31,135.48,0,0,2,2,2,0,-,-,-,-,-,-,-,-,-,-,"July 17, 2015","December 04, 2020","July 14, 2015","July 23, 2021"
290630,Manish Krishnanand Pandey,"September 10, 1989, Nainital, Uttaranchal",36y 297d,India,Top order Batter,Right hand Bat,Right arm Medium,2015 - 2021,2023,IPL 2023,DC,10,9,0,160,50,17.77,146,109.58,0,1,15,3,3,0,-,-,-,-,-,-,-,-,-,-,"July 17, 2015","December 04, 2020","July 14, 2015","July 23, 2021"
290630,Manish Krishnanand Pandey,"September 10, 1989, Nainital, Uttaranchal",36y 297d,India,Top order Batter,Right hand Bat,Right arm Medium,2015 - 2021,2022,IPL 2022,LSG,6,6,0,88,38,14.66,80,110.00,0,0,9,2,3,0,-,-,-,-,-,-,-,-,-,-,"July 17, 2015","December 04, 2020","July 14, 2015","July 23, 2021"
290630,Manish Krishnanand Pandey,"September 10, 1989, Nainital, Uttaranchal",36y 297d,India,Top order Batter,Right hand Bat,Right arm Medium,2015 - 2021,2021,IPL 2021,SRH,8,8,2,292,69*,48.66,236,123.72,0,3,21,10,5,0,-,-,-,-,-,-,-,-,-,-,"July 17, 2015","December 04, 2020","July 14, 2015","July 23, 2021"
290630,Manish Krishnanand Pandey,"September 10, 1989, Nainital, Uttaranchal",36y 297d,India,Top order Batter,Right hand Bat,Right arm Medium,2015 - 2021,2020/21,IPL 2020/21,SRH,16,15,2,425,83*,32.69,333,127.62,0,3,35,18,7,0,-,-,-,-,-,-,-,-,-,-,"July 17, 2015","December 04, 2020","July 14, 2015","July 23, 2021"
290630,Manish Krishnanand Pandey,"September 10, 1989, Nainital, Uttaranchal",36y 297d,India,Top order Batter,Right hand Bat,Right arm Medium,2015 - 2021,2019,IPL 2019,SRH,12,11,3,344,83*,43.00,263,130.79,0,3,34,6,7,0,-,-,-,-,-,-,-,-,-,-,"July 17, 2015","December 04, 2020","July 14, 2015","July 23, 2021"
290630,Manish Krishnanand Pandey,"September 10, 1989, Nainital, Uttaranchal",36y 297d,India,Top order Batter,Right hand Bat,Right arm Medium,2015 - 2021,2018,IPL 2018,SRH,15,13,2,284,62*,25.81,246,115.44,0,3,22,5,9,0,-,-,-,-,-,-,-,-,-,-,"July 17, 2015","December 04, 2020","July 14, 2015","July 23, 2021"
290630,Manish Krishnanand Pandey,"September 10, 1989, Nainital, Uttaranchal",36y 297d,India,Top order Batter,Right hand Bat,Right arm Medium,2015 - 2021,2017,IPL 2017,KKR,14,13,5,396,81*,49.50,308,128.57,0,2,28,12,8,0,-,-,-,-,-,-,-,-,-,-,"July 17, 2015","December 04, 2020","July 14, 2015","July 23, 2021"
290630,Manish Krishnanand Pandey,"September 10, 1989, Nainital, Uttaranchal",36y 297d,India,Top order Batter,Right hand Bat,Right arm Medium,2015 - 2021,2016,IPL 2016,KKR,12,11,3,248,52,31.00,183,135.51,0,2,17,9,7,0,-,-,-,-,-,-,-,-,-,-,"July 17, 2015","December 04, 2020","July 14, 2015","July 23, 2021"
290630,Manish Krishnanand Pandey,"September 10, 1989, Nainital, Uttaranchal",36y 297d,India,Top order Batter,Right hand Bat,Right arm Medium,2015 - 2021,2015,IPL 2015,KKR,13,12,1,225,40,20.45,184,122.28,0,0,22,7,5,0,-,-,-,-,-,-,-,-,-,-,"July 17, 2015","December 04, 2020","July 14, 2015","July 23, 2021"
290630,Manish Krishnanand Pandey,"September 10, 1989, Nainital, Uttaranchal",36y 297d,India,Top order Batter,Right hand Bat,Right arm Medium,2015 - 2021,2014,IPL 2014,KKR,16,16,3,401,94,30.84,340,117.94,0,2,35,10,3,0,-,-,-,-,-,-,-,-,-,-,"July 17, 2015","December 04, 2020","July 14, 2015","July 23, 2021"
290630,Manish Krishnanand Pandey,"September 10, 1989, Nainital, Uttaranchal",36y 297d,India,Top order Batter,Right hand Bat,Right arm Medium,2015 - 2021,2013,IPL 2013,PWI,7,7,1,136,66,22.66,137,99.27,0,1,11,3,6,0,-,-,-,-,-,-,-,-,-,-,"July 17, 2015","December 04, 2020","July 14, 2015","July 23, 2021"
290630,Manish Krishnanand Pandey,"September 10, 1989, Nainital, Uttaranchal",36y 297d,India,Top order Batter,Right hand Bat,Right arm Medium,2015 - 2021,2012,IPL 2012,PWI,10,9,2,143,80*,20.42,112,127.67,0,1,12,6,3,0,-,-,-,-,-,-,-,-,-,-,"July 17, 2015","December 04, 2020","July 14, 2015","July 23, 2021"
290630,Manish Krishnanand Pandey,"September 10, 1989, Nainital, Uttaranchal",36y 297d,India,Top order Batter,Right hand Bat,Right arm Medium,2015 - 2021,2011,IPL 2011,PWI,10,9,0,246,59,27.33,227,108.37,0,1,28,6,5,0,-,-,-,-,-,-,-,-,-,-,"July 17, 2015","December 04, 2020","July 14, 2015","July 23, 2021"
290630,Manish Krishnanand Pandey,"September 10, 1989, Nainital, Uttaranchal",36y 297d,India,Top order Batter,Right hand Bat,Right arm Medium,2015 - 2021,2009/10,IPL 2009/10,RCB,13,13,1,249,42*,20.75,226,110.17,0,0,27,7,6,0,-,-,-,-,-,-,-,-,-,-,"July 17, 2015","December 04, 2020","July 14, 2015","July 23, 2021"
290630,Manish Krishnanand Pandey,"September 10, 1989, Nainital, Uttaranchal",36y 297d,India,Top order Batter,Right hand Bat,Right arm Medium,2015 - 2021,2009,IPL 2009,RCB,5,4,2,168,114*,84.00,118,142.37,1,0,17,4,4,0,-,-,-,-,-,-,-,-,-,-,"July 17, 2015","December 04, 2020","July 14, 2015","July 23, 2021"
290630,Manish Krishnanand Pandey,"September 10, 1989, Nainital, Uttaranchal",36y 297d,India,Top order Batter,Right hand Bat,Right arm Medium,2015 - 2021,2007/08,IPL 2007/08,MI,3,2,0,3,3,1.50,9,33.33,0,0,0,0,0,0,-,-,-,-,-,-,-,-,-,-,"July 17, 2015","December 04, 2020","July 14, 2015","July 23, 2021"
35565,Manoj Kumar Tiwary,"November 14, 1985, Howrah, Bengal",40y 232d,India,Batter,Right hand Bat,Legbreak Googly,2008 - 2015,2018,IPL 2018,PBKS,5,4,1,47,35,15.66,44,106.81,0,0,4,1,4,0,0,10.00,6,-,-,-,-,0,0,0,"October 29, 2011","September 11, 2012","February 03, 2008","July 14, 2015"
35565,Manoj Kumar Tiwary,"November 14, 1985, Howrah, Bengal",40y 232d,India,Batter,Right hand Bat,Legbreak Googly,2008 - 2015,2017,IPL 2017,RPS,15,13,3,324,60,32.40,236,137.28,0,2,31,11,6,0,-,-,-,-,-,-,-,-,-,-,"October 29, 2011","September 11, 2012","February 03, 2008","July 14, 2015"
35565,Manoj Kumar Tiwary,"November 14, 1985, Howrah, Bengal",40y 232d,India,Batter,Right hand Bat,Legbreak Googly,2008 - 2015,2015,IPL 2015,DC,5,3,1,57,32,28.50,56,101.78,0,0,8,1,2,0,-,-,-,-,-,-,-,-,-,-,"October 29, 2011","September 11, 2012","February 03, 2008","July 14, 2015"
35565,Manoj Kumar Tiwary,"November 14, 1985, Howrah, Bengal",40y 232d,India,Batter,Right hand Bat,Legbreak Googly,2008 - 2015,2014,IPL 2014,DC,8,8,3,152,61*,30.40,118,128.81,0,1,14,4,1,0,0,14.00,12,-,-,-,-,0,0,0,"October 29, 2011","September 11, 2012","February 03, 2008","July 14, 2015"
35565,Manoj Kumar Tiwary,"November 14, 1985, Howrah, Bengal",40y 232d,India,Batter,Right hand Bat,Legbreak Googly,2008 - 2015,2013,IPL 2013,KKR,10,9,1,146,33,18.25,140,104.28,0,0,12,1,10,0,-,-,-,-,-,-,-,-,-,-,"October 29, 2011","September 11, 2012","February 03, 2008","July 14, 2015"
35565,Manoj Kumar Tiwary,"November 14, 1985, Howrah, Bengal",40y 232d,India,Batter,Right hand Bat,Legbreak Googly,2008 - 2015,2012,IPL 2012,KKR,16,15,5,260,59,26.00,246,105.69,0,1,21,3,10,0,-,-,-,-,-,-,-,-,-,-,"October 29, 2011","September 11, 2012","February 03, 2008","July 14, 2015"
35565,Manoj Kumar Tiwary,"November 14, 1985, Howrah, Bengal",40y 232d,India,Batter,Right hand Bat,Legbreak Googly,2008 - 2015,2011,IPL 2011,KKR,15,14,7,359,61*,51.28,325,110.46,0,1,26,14,6,0,0,11.50,12,-,-,-,-,0,0,0,"October 29, 2011","September 11, 2012","February 03, 2008","July 14, 2015"
35565,Manoj Kumar Tiwary,"November 14, 1985, Howrah, Bengal",40y 232d,India,Batter,Right hand Bat,Legbreak Googly,2008 - 2015,2009/10,IPL 2009/10,KKR,13,11,2,237,75*,26.33,186,127.41,0,2,23,5,4,0,1,11.00,6,1/11,1/11,11.00,6.0,0,0,0,"October 29, 2011","September 11, 2012","February 03, 2008","July 14, 2015"
35565,Manoj Kumar Tiwary,"November 14, 1985, Howrah, Bengal",40y 232d,India,Batter,Right hand Bat,Legbreak Googly,2008 - 2015,2009,IPL 2009,DC,2,1,0,9,9,9.00,13,69.23,0,0,1,0,0,0,0,11.00,6,-,-,-,-,0,0,0,"October 29, 2011","September 11, 2012","February 03, 2008","July 14, 2015"
35565,Manoj Kumar Tiwary,"November 14, 1985, Howrah, Bengal",40y 232d,India,Batter,Right hand Bat,Legbreak Googly,2008 - 2015,2007/08,IPL 2007/08,DC,9,7,3,104,39,26.00,85,122.35,0,0,16,0,3,0,-,-,-,-,-,-,-,-,-,-,"October 29, 2011","September 11, 2012","February 03, 2008","July 14, 2015"
390480,Manprit Charanjit Juneja,"September 12, 1990, Ahmedabad, Gujarat",35y 295d,India,Top order Batter,Right hand Bat,Right arm Offbreak,-,2013,IPL 2013,DC,7,7,0,125,49,17.85,128,97.65,0,0,11,1,0,0,-,-,-,-,-,-,-,-,-,-,,,,
325012,Marcus Peter Stoinis,"August 16, 1989, Perth",36y 322d,Australia,Batting Allrounder,Right hand Bat,Right arm Medium,2015 - 2026,2026,IPL 2026,PBKS,13,9,3,216,62*,36.00,120,180.00,0,1,23,11,1,0,2,12.51,47,1/26,1/26,49.00,23.5,0,0,0,"August 31, 2015","February 20, 2026","September 11, 2015","November 10, 2024"
325012,Marcus Peter Stoinis,"August 16, 1989, Perth",36y 322d,Australia,Batting Allrounder,Right hand Bat,Right arm Medium,2015 - 2026,2025,IPL 2025,PBKS,13,11,5,160,44*,26.66,86,186.04,0,0,8,15,1,0,1,12.35,85,1/14,1/14,175.00,85.0,0,0,0,"August 31, 2015","February 20, 2026","September 11, 2015","November 10, 2024"
325012,Marcus Peter Stoinis,"August 16, 1989, Perth",36y 322d,Australia,Batting Allrounder,Right hand Bat,Right arm Medium,2015 - 2026,2024,IPL 2024,LSG,14,14,2,388,124*,32.33,263,147.52,1,2,39,16,4,0,4,9.00,84,1/3,1/3,31.50,21.0,0,0,0,"August 31, 2015","February 20, 2026","September 11, 2015","November 10, 2024"
325012,Marcus Peter Stoinis,"August 16, 1989, Perth",36y 322d,Australia,Batting Allrounder,Right hand Bat,Right arm Medium,2015 - 2026,2023,IPL 2023,LSG,15,15,2,408,89*,31.38,272,150.00,0,3,28,27,4,0,5,9.23,65,2/20,2/20,20.00,13.0,0,0,0,"August 31, 2015","February 20, 2026","September 11, 2015","November 10, 2024"
325012,Marcus Peter Stoinis,"August 16, 1989, Perth",36y 322d,Australia,Batting Allrounder,Right hand Bat,Right arm Medium,2015 - 2026,2022,IPL 2022,LSG,11,10,2,156,38*,19.50,106,147.16,0,0,7,13,4,0,4,11.28,42,3/23,3/23,19.75,10.5,0,0,0,"August 31, 2015","February 20, 2026","September 11, 2015","November 10, 2024"
325012,Marcus Peter Stoinis,"August 16, 1989, Perth",36y 322d,Australia,Batting Allrounder,Right hand Bat,Right arm Medium,2015 - 2026,2021,IPL 2021,DC,10,7,3,89,27*,22.25,72,123.61,0,0,11,1,2,0,2,10.47,67,1/7,1/7,58.50,33.5,0,0,0,"August 31, 2015","February 20, 2026","September 11, 2015","November 10, 2024"
325012,Marcus Peter Stoinis,"August 16, 1989, Perth",36y 322d,Australia,Batting Allrounder,Right hand Bat,Right arm Medium,2015 - 2026,2020/21,IPL 2020/21,DC,17,17,3,352,65,25.14,237,148.52,0,3,31,16,3,0,13,9.53,178,3/26,3/26,21.76,13.6,0,0,0,"August 31, 2015","February 20, 2026","September 11, 2015","November 10, 2024"
325012,Marcus Peter Stoinis,"August 16, 1989, Perth",36y 322d,Australia,Batting Allrounder,Right hand Bat,Right arm Medium,2015 - 2026,2019,IPL 2019,RCB,10,10,6,211,46*,52.75,156,135.25,0,0,14,10,2,0,2,8.70,100,1/13,1/13,72.50,50.0,0,0,0,"August 31, 2015","February 20, 2026","September 11, 2015","November 10, 2024"
325012,Marcus Peter Stoinis,"August 16, 1989, Perth",36y 322d,Australia,Batting Allrounder,Right hand Bat,Right arm Medium,2015 - 2026,2018,IPL 2018,PBKS,7,7,3,99,29*,24.75,76,130.26,0,0,6,4,2,0,3,10.90,66,1/15,1/15,40.00,22.0,0,0,0,"August 31, 2015","February 20, 2026","September 11, 2015","November 10, 2024"
325012,Marcus Peter Stoinis,"August 16, 1989, Perth",36y 322d,Australia,Batting Allrounder,Right hand Bat,Right arm Medium,2015 - 2026,2017,IPL 2017,PBKS,5,3,0,17,9,5.66,24,70.83,0,0,1,0,3,0,2,10.47,63,1/28,1/28,55.00,31.5,0,0,0,"August 31, 2015","February 20, 2026","September 11, 2015","November 10, 2024"
325012,Marcus Peter Stoinis,"August 16, 1989, Perth",36y 322d,Australia,Batting Allrounder,Right hand Bat,Right arm Medium,2015 - 2026,2016,IPL 2016,PBKS,7,5,1,146,52,36.50,108,135.18,0,1,13,4,0,0,8,8.43,138,4/15,4/15,24.25,17.2,1,0,0,"August 31, 2015","February 20, 2026","September 11, 2015","November 10, 2024"
52983,Marlon Nathaniel Samuels,"February 05, 1981, Kingston, Jamaica",45y 149d,West Indies,Top order Batter,Right hand Bat,Right arm Offbreak,2000 - 2018,2017,IPL 2017,DC,5,4,0,29,27,7.25,31,93.54,0,0,1,2,1,0,0,11.33,18,-,-,-,-,0,0,0,"June 28, 2007","August 05, 2018","October 04, 2000","December 14, 2018"
52983,Marlon Nathaniel Samuels,"February 05, 1981, Kingston, Jamaica",45y 149d,West Indies,Top order Batter,Right hand Bat,Right arm Offbreak,2000 - 2018,2013,IPL 2013,PWI,2,2,0,8,5,4.00,18,44.44,0,0,1,0,1,0,1,8.50,24,1/34,1/34,34.00,24.0,0,0,0,"June 28, 2007","August 05, 2018","October 04, 2000","December 14, 2018"
52983,Marlon Nathaniel Samuels,"February 05, 1981, Kingston, Jamaica",45y 149d,West Indies,Top order Batter,Right hand Bat,Right arm Offbreak,2000 - 2018,2012,IPL 2012,PWI,8,8,1,124,46,17.71,123,100.81,0,0,7,5,0,0,8,7.53,172,3/39,3/39,27.00,21.5,0,0,0,"June 28, 2007","August 05, 2018","October 04, 2000","December 14, 2018"
230193,Matthew Scott Wade,"December 26, 1987, Hobart, Tasmania",38y 190d,Australia,Wicketkeeper Batter,Left hand Bat,Right arm Medium,2011 - 2024,2024,IPL 2024,GT,2,1,0,4,4,4.00,6,66.66,0,0,0,0,1,0,-,-,-,-,-,-,-,-,-,-,"October 13, 2011","June 24, 2024","February 05, 2012","July 26, 2021"
230193,Matthew Scott Wade,"December 26, 1987, Hobart, Tasmania",38y 190d,Australia,Wicketkeeper Batter,Left hand Bat,Right arm Medium,2011 - 2024,2022,IPL 2022,GT,10,10,0,157,35,15.70,138,113.76,0,0,23,2,7,1,-,-,-,-,-,-,-,-,-,-,"October 13, 2011","June 24, 2024","February 05, 2012","July 26, 2021"
230193,Matthew Scott Wade,"December 26, 1987, Hobart, Tasmania",38y 190d,Australia,Wicketkeeper Batter,Left hand Bat,Right arm Medium,2011 - 2024,2011,IPL 2011,DC,3,3,0,22,11,7.33,33,66.66,0,0,0,0,0,0,-,-,-,-,-,-,-,-,-,-,"October 13, 2011","June 24, 2024","February 05, 2012","July 26, 2021"
398438,Mayank Anurag Agarwal,"February 16, 1991, Bangalore, Karnataka",35y 138d,India,Batter,Right hand Bat,Right arm Offbreak,2018 - 2022,2025,IPL 2025,RCB,4,4,1,95,41*,31.66,64,148.43,0,0,10,2,0,0,-,-,-,-,-,-,-,-,-,-,,,"February 05, 2020","November 29, 2020"
398438,Mayank Anurag Agarwal,"February 16, 1991, Bangalore, Karnataka",35y 138d,India,Batter,Right hand Bat,Right arm Offbreak,2018 - 2022,2024,IPL 2024,SRH,4,4,0,64,32,16.00,57,112.28,0,0,8,1,2,0,-,-,-,-,-,-,-,-,-,-,,,"February 05, 2020","November 29, 2020"
398438,Mayank Anurag Agarwal,"February 16, 1991, Bangalore, Karnataka",35y 138d,India,Batter,Right hand Bat,Right arm Offbreak,2018 - 2022,2023,IPL 2023,SRH,10,10,0,270,83,27.00,210,128.57,0,1,29,6,6,0,-,-,-,-,-,-,-,-,-,-,,,"February 05, 2020","November 29, 2020"
398438,Mayank Anurag Agarwal,"February 16, 1991, Bangalore, Karnataka",35y 138d,India,Batter,Right hand Bat,Right arm Offbreak,2018 - 2022,2022,IPL 2022,PBKS,13,12,0,196,52,16.33,160,122.50,0,1,23,6,10,0,-,-,-,-,-,-,-,-,-,-,,,"February 05, 2020","November 29, 2020"
398438,Mayank Anurag Agarwal,"February 16, 1991, Bangalore, Karnataka",35y 138d,India,Batter,Right hand Bat,Right arm Offbreak,2018 - 2022,2021,IPL 2021,PBKS,12,12,1,441,99*,40.09,314,140.44,0,4,42,18,5,0,-,-,-,-,-,-,-,-,-,-,,,"February 05, 2020","November 29, 2020"
398438,Mayank Anurag Agarwal,"February 16, 1991, Bangalore, Karnataka",35y 138d,India,Batter,Right hand Bat,Right arm Offbreak,2018 - 2022,2020/21,IPL 2020/21,PBKS,11,11,0,424,106,38.54,271,156.45,1,2,44,15,6,0,-,-,-,-,-,-,-,-,-,-,,,"February 05, 2020","November 29, 2020"
398438,Mayank Anurag Agarwal,"February 16, 1991, Bangalore, Karnataka",35y 138d,India,Batter,Right hand Bat,Right arm Offbreak,2018 - 2022,2019,IPL 2019,PBKS,13,13,0,332,58,25.53,234,141.88,0,2,26,14,7,0,-,-,-,-,-,-,-,-,-,-,,,"February 05, 2020","November 29, 2020"
398438,Mayank Anurag Agarwal,"February 16, 1991, Bangalore, Karnataka",35y 138d,India,Batter,Right hand Bat,Right arm Offbreak,2018 - 2022,2018,IPL 2018,PBKS,11,11,1,120,30,12.00,94,127.65,0,0,9,5,2,0,-,-,-,-,-,-,-,-,-,-,,,"February 05, 2020","November 29, 2020"
398438,Mayank Anurag Agarwal,"February 16, 1991, Bangalore, Karnataka",35y 138d,India,Batter,Right hand Bat,Right arm Offbreak,2018 - 2022,2017,IPL 2017,RPS,3,3,0,26,20,8.66,27,96.29,0,0,3,0,1,0,-,-,-,-,-,-,-,-,-,-,,,"February 05, 2020","November 29, 2020"
398438,Mayank Anurag Agarwal,"February 16, 1991, Bangalore, Karnataka",35y 138d,India,Batter,Right hand Bat,Right arm Offbreak,2018 - 2022,2016,IPL 2016,DC,3,3,0,27,10,9.00,25,108.00,0,0,3,1,0,0,-,-,-,-,-,-,-,-,-,-,,,"February 05, 2020","November 29, 2020"
398438,Mayank Anurag Agarwal,"February 16, 1991, Bangalore, Karnataka",35y 138d,India,Batter,Right hand Bat,Right arm Offbreak,2018 - 2022,2015,IPL 2015,DC,10,10,1,213,68,23.66,177,120.33,0,2,23,7,3,0,-,-,-,-,-,-,-,-,-,-,,,"February 05, 2020","November 29, 2020"
398438,Mayank Anurag Agarwal,"February 16, 1991, Bangalore, Karnataka",35y 138d,India,Batter,Right hand Bat,Right arm Offbreak,2018 - 2022,2014,IPL 2014,DC,8,8,0,115,31,14.37,91,126.37,0,0,12,3,1,0,-,-,-,-,-,-,-,-,-,-,,,"February 05, 2020","November 29, 2020"
398438,Mayank Anurag Agarwal,"February 16, 1991, Bangalore, Karnataka",35y 138d,India,Batter,Right hand Bat,Right arm Offbreak,2018 - 2022,2013,IPL 2013,RCB,5,5,0,67,29,13.40,62,108.06,0,0,6,3,3,0,-,-,-,-,-,-,-,-,-,-,,,"February 05, 2020","November 29, 2020"
398438,Mayank Anurag Agarwal,"February 16, 1991, Bangalore, Karnataka",35y 138d,India,Batter,Right hand Bat,Right arm Offbreak,2018 - 2022,2012,IPL 2012,RCB,16,12,1,225,64*,20.45,158,142.40,0,1,19,15,9,0,-,-,-,-,-,-,-,-,-,-,,,"February 05, 2020","November 29, 2020"
398438,Mayank Anurag Agarwal,"February 16, 1991, Bangalore, Karnataka",35y 138d,India,Batter,Right hand Bat,Right arm Offbreak,2018 - 2022,2011,IPL 2011,RCB,8,7,0,141,41,20.14,120,117.50,0,0,16,4,3,0,-,-,-,-,-,-,-,-,-,-,,,"February 05, 2020","November 29, 2020"
272450,Mitchell Ross Marsh,"October 20, 1991, Attadale, Perth",34y 257d,Australia,Allrounder,Right hand Bat,Right arm Medium,2011 - 2026,2026,IPL 2026,LSG,13,13,0,563,111,43.30,345,163.18,1,3,51,36,4,0,-,-,-,-,-,-,-,-,-,-,"October 16, 2011","June 21, 2026","October 19, 2011","October 25, 2025"
272450,Mitchell Ross Marsh,"October 20, 1991, Attadale, Perth",34y 257d,Australia,Allrounder,Right hand Bat,Right arm Medium,2011 - 2026,2025,IPL 2025,LSG,13,13,0,627,117,48.23,383,163.70,1,6,56,37,1,0,-,-,-,-,-,-,-,-,-,-,"October 16, 2011","June 21, 2026","October 19, 2011","October 25, 2025"
272450,Mitchell Ross Marsh,"October 20, 1991, Attadale, Perth",34y 257d,Australia,Allrounder,Right hand Bat,Right arm Medium,2011 - 2026,2024,IPL 2024,DC,4,4,0,61,23,15.25,38,160.52,0,0,9,3,0,0,1,12.87,48,1/37,1/37,103.00,48.0,0,0,0,"October 16, 2011","June 21, 2026","October 19, 2011","October 25, 2025"
272450,Mitchell Ross Marsh,"October 20, 1991, Attadale, Perth",34y 257d,Australia,Allrounder,Right hand Bat,Right arm Medium,2011 - 2026,2023,IPL 2023,DC,9,9,0,128,63,14.22,97,131.95,0,1,11,7,3,0,12,8.42,121,4/27,4/27,14.16,10.0,1,0,0,"October 16, 2011","June 21, 2026","October 19, 2011","October 25, 2025"
272450,Mitchell Ross Marsh,"October 20, 1991, Attadale, Perth",34y 257d,Australia,Allrounder,Right hand Bat,Right arm Medium,2011 - 2026,2022,IPL 2022,DC,8,8,0,251,89,31.37,189,132.80,0,2,19,14,0,0,4,8.50,72,2/25,2/25,25.50,18.0,0,0,0,"October 16, 2011","June 21, 2026","October 19, 2011","October 25, 2025"
272450,Mitchell Ross Marsh,"October 20, 1991, Attadale, Perth",34y 257d,Australia,Allrounder,Right hand Bat,Right arm Medium,2011 - 2026,2020/21,IPL 2020/21,SRH,1,1,0,0,0,0.00,1,0.00,0,0,0,0,0,0,0,9.00,4,-,-,-,-,0,0,0,"October 16, 2011","June 21, 2026","October 19, 2011","October 25, 2025"
272450,Mitchell Ross Marsh,"October 20, 1991, Attadale, Perth",34y 257d,Australia,Allrounder,Right hand Bat,Right arm Medium,2011 - 2026,2016,IPL 2016,RPS,3,1,0,7,7,7.00,11,63.63,0,0,0,0,0,0,4,5.00,54,2/14,2/14,11.25,13.5,0,0,0,"October 16, 2011","June 21, 2026","October 19, 2011","October 25, 2025"
272450,Mitchell Ross Marsh,"October 20, 1991, Attadale, Perth",34y 257d,Australia,Allrounder,Right hand Bat,Right arm Medium,2011 - 2026,2013,IPL 2013,PWI,9,8,1,140,38,20.00,106,132.07,0,0,6,10,7,0,7,9.41,116,2/7,2/7,26.00,16.5,0,0,0,"October 16, 2011","June 21, 2026","October 19, 2011","October 25, 2025"
272450,Mitchell Ross Marsh,"October 20, 1991, Attadale, Perth",34y 257d,Australia,Allrounder,Right hand Bat,Right arm Medium,2011 - 2026,2011,IPL 2011,PWI,5,3,1,50,37,25.00,49,102.04,0,0,2,3,0,0,7,6.98,85,4/25,4/25,14.14,12.1,1,0,0,"October 16, 2011","June 21, 2026","October 19, 2011","October 25, 2025"
272450,Mitchell Ross Marsh,"October 20, 1991, Attadale, Perth",34y 257d,Australia,Allrounder,Right hand Bat,Right arm Medium,2011 - 2026,2009/10,IPL 2009/10,DCH,3,2,0,28,15,14.00,30,93.33,0,0,1,1,0,0,2,8.80,60,1/19,1/19,44.00,30.0,0,0,0,"October 16, 2011","June 21, 2026","October 19, 2011","October 25, 2025"
311592,Mitchell Aaron Starc,"January 30, 1990, Baulkham Hills, Sydney, New South Wales",36y 155d,Australia,Bowler,Left hand Bat,Left arm Fast,2010 - 2026,2026,IPL 2026,DC,6,2,1,0,0*,0.00,2,0.00,0,0,0,0,4,0,11,10.18,132,4/40,4/40,20.36,12.0,1,0,0,"September 07, 2012","June 24, 2024","October 20, 2010","October 25, 2025"
311592,Mitchell Aaron Starc,"January 30, 1990, Baulkham Hills, Sydney, New South Wales",36y 155d,Australia,Bowler,Left hand Bat,Left arm Fast,2010 - 2026,2025,IPL 2025,DC,11,6,4,6,2*,3.00,10,60.00,0,0,0,0,7,0,14,10.16,216,5/35,5/35,26.14,15.4,0,1,0,"September 07, 2012","June 24, 2024","October 20, 2010","October 25, 2025"
311592,Mitchell Aaron Starc,"January 30, 1990, Baulkham Hills, Sydney, New South Wales",36y 155d,Australia,Bowler,Left hand Bat,Left arm Fast,2010 - 2026,2024,IPL 2024,KKR,14,5,3,9,6*,4.50,11,81.81,0,0,1,0,6,0,17,10.61,251,4/33,4/33,26.11,14.7,1,0,0,"September 07, 2012","June 24, 2024","October 20, 2010","October 25, 2025"
311592,Mitchell Aaron Starc,"January 30, 1990, Baulkham Hills, Sydney, New South Wales",36y 155d,Australia,Bowler,Left hand Bat,Left arm Fast,2010 - 2026,2015,IPL 2015,RCB,13,3,2,11,9*,11.00,14,78.57,0,0,1,0,7,0,20,6.76,258,4/15,4/15,14.55,12.9,1,0,0,"September 07, 2012","June 24, 2024","October 20, 2010","October 25, 2025"
311592,Mitchell Aaron Starc,"January 30, 1990, Baulkham Hills, Sydney, New South Wales",36y 155d,Australia,Bowler,Left hand Bat,Left arm Fast,2010 - 2026,2014,IPL 2014,RCB,14,9,3,85,29,14.16,84,101.19,0,0,9,0,9,0,14,7.49,322,2/21,2/21,28.71,23.0,0,0,0,"September 07, 2012","June 24, 2024","October 20, 2010","October 25, 2025"
31001,Mithun Manhas,"September 12, 1977, Jammu",48y 295d,India,Allrounder,Right hand Bat,Right arm Offbreak,-,2014,IPL 2014,CSK,12,5,3,35,13*,17.50,23,152.17,0,0,3,1,3,0,-,-,-,-,-,-,-,-,-,-,,,,
31001,Mithun Manhas,"September 12, 1977, Jammu",48y 295d,India,Allrounder,Right hand Bat,Right arm Offbreak,-,2013,IPL 2013,PWI,3,2,2,13,11*,-,17,76.47,0,0,1,0,2,0,-,-,-,-,-,-,-,-,-,-,,,,
31001,Mithun Manhas,"September 12, 1977, Jammu",48y 295d,India,Allrounder,Right hand Bat,Right arm Offbreak,-,2012,IPL 2012,PWI,10,7,3,120,42*,30.00,96,125.00,0,0,10,4,4,0,-,-,-,-,-,-,-,-,-,-,,,,
31001,Mithun Manhas,"September 12, 1977, Jammu",48y 295d,India,Allrounder,Right hand Bat,Right arm Offbreak,-,2011,IPL 2011,PWI,10,10,0,114,35,11.40,123,92.68,0,0,8,4,3,0,0,6.00,42,-,-,-,-,0,0,0,,,,
31001,Mithun Manhas,"September 12, 1977, Jammu",48y 295d,India,Allrounder,Right hand Bat,Right arm Offbreak,-,2009/10,IPL 2009/10,DC,9,8,4,157,32*,39.25,149,105.36,0,0,14,0,5,0,-,-,-,-,-,-,-,-,-,-,,,,
31001,Mithun Manhas,"September 12, 1977, Jammu",48y 295d,India,Allrounder,Right hand Bat,Right arm Offbreak,-,2009,IPL 2009,DC,10,6,3,75,26,25.00,62,120.96,0,0,7,1,2,0,-,-,-,-,-,-,-,-,-,-,,,,
31001,Mithun Manhas,"September 12, 1977, Jammu",48y 295d,India,Allrounder,Right hand Bat,Right arm Offbreak,-,2007/08,IPL 2007/08,DC,1,-,-,-,-,-,-,-,-,-,-,-,1,0,-,-,-,-,-,-,-,-,-,-,,,,
41411,Mohammad Asif,"December 20, 1982, Sheikhupura, Punjab",43y 196d,Pakistan,Bowler,Left hand Bat,Right arm Fast medium,2005 - 2010,2007/08,IPL 2007/08,DC,8,2,0,3,3,1.50,6,50.00,0,0,0,0,1,0,8,9.25,192,2/19,2/19,37.00,24.0,0,0,0,"August 28, 2006","May 06, 2010","December 21, 2005","June 21, 2010"
481896,Mohammed Shami Ahmed,"September 03, 1990, Amroha, Uttar Pradesh",35y 304d,India,Bowler,Right hand Bat,Right arm Fast,2013 - 2025,2026,IPL 2026,LSG,13,7,2,31,12*,6.20,22,140.90,0,0,2,3,3,0,12,9.00,306,2/9,2/9,38.25,25.5,0,0,0,"March 21, 2014","February 02, 2025","January 06, 2013","March 09, 2025"
481896,Mohammed Shami Ahmed,"September 03, 1990, Amroha, Uttar Pradesh",35y 304d,India,Bowler,Right hand Bat,Right arm Fast,2013 - 2025,2025,IPL 2025,SRH,9,4,3,10,6*,10.00,10,100.00,0,0,1,0,2,0,6,11.23,180,2/28,2/28,56.16,30.0,0,0,0,"March 21, 2014","February 02, 2025","January 06, 2013","March 09, 2025"
481896,Mohammed Shami Ahmed,"September 03, 1990, Amroha, Uttar Pradesh",35y 304d,India,Bowler,Right hand Bat,Right arm Fast,2013 - 2025,2023,IPL 2023,GT,17,2,0,5,5,2.50,6,83.33,0,0,1,0,5,0,28,8.03,390,4/11,4/11,18.64,13.9,2,0,0,"March 21, 2014","February 02, 2025","January 06, 2013","March 09, 2025"
481896,Mohammed Shami Ahmed,"September 03, 1990, Amroha, Uttar Pradesh",35y 304d,India,Bowler,Right hand Bat,Right arm Fast,2013 - 2025,2022,IPL 2022,GT,16,-,-,-,-,-,-,-,-,-,-,-,3,0,20,8.00,366,3/25,3/25,24.40,18.3,0,0,0,"March 21, 2014","February 02, 2025","January 06, 2013","March 09, 2025"
481896,Mohammed Shami Ahmed,"September 03, 1990, Amroha, Uttar Pradesh",35y 304d,India,Bowler,Right hand Bat,Right arm Fast,2013 - 2025,2021,IPL 2021,PBKS,14,4,3,13,9*,13.00,17,76.47,0,0,0,0,1,0,19,7.50,316,3/21,3/21,20.78,16.6,0,0,0,"March 21, 2014","February 02, 2025","January 06, 2013","March 09, 2025"
481896,Mohammed Shami Ahmed,"September 03, 1990, Amroha, Uttar Pradesh",35y 304d,India,Bowler,Right hand Bat,Right arm Fast,2013 - 2025,2020/21,IPL 2020/21,PBKS,14,3,2,2,2*,2.00,3,66.66,0,0,0,0,2,0,20,8.57,322,3/15,3/15,23.00,16.1,0,0,0,"March 21, 2014","February 02, 2025","January 06, 2013","March 09, 2025"
481896,Mohammed Shami Ahmed,"September 03, 1990, Amroha, Uttar Pradesh",35y 304d,India,Bowler,Right hand Bat,Right arm Fast,2013 - 2025,2019,IPL 2019,PBKS,14,2,1,1,1*,1.00,2,50.00,0,0,0,0,5,0,19,8.68,324,3/21,3/21,24.68,17.0,0,0,0,"March 21, 2014","February 02, 2025","January 06, 2013","March 09, 2025"
481896,Mohammed Shami Ahmed,"September 03, 1990, Amroha, Uttar Pradesh",35y 304d,India,Bowler,Right hand Bat,Right arm Fast,2013 - 2025,2018,IPL 2018,DC,4,1,0,7,7,7.00,6,116.66,0,0,1,0,2,0,3,10.40,83,1/29,1/29,48.00,27.6,0,0,0,"March 21, 2014","February 02, 2025","January 06, 2013","March 09, 2025"
481896,Mohammed Shami Ahmed,"September 03, 1990, Amroha, Uttar Pradesh",35y 304d,India,Bowler,Right hand Bat,Right arm Fast,2013 - 2025,2017,IPL 2017,DC,8,6,2,36,21,9.00,24,150.00,0,0,4,2,0,0,5,9.34,156,2/36,2/36,48.60,31.2,0,0,0,"March 21, 2014","February 02, 2025","January 06, 2013","March 09, 2025"
481896,Mohammed Shami Ahmed,"September 03, 1990, Amroha, Uttar Pradesh",35y 304d,India,Bowler,Right hand Bat,Right arm Fast,2013 - 2025,2016,IPL 2016,DC,8,2,2,2,2*,-,4,50.00,0,0,0,0,1,0,5,9.69,151,2/34,2/34,48.80,30.2,0,0,0,"March 21, 2014","February 02, 2025","January 06, 2013","March 09, 2025"
481896,Mohammed Shami Ahmed,"September 03, 1990, Amroha, Uttar Pradesh",35y 304d,India,Bowler,Right hand Bat,Right arm Fast,2013 - 2025,2014,IPL 2014,DC,12,4,2,3,1*,1.50,7,42.85,0,0,0,0,0,0,7,8.38,264,1/22,1/22,52.71,37.7,0,0,0,"March 21, 2014","February 02, 2025","January 06, 2013","March 09, 2025"
481896,Mohammed Shami Ahmed,"September 03, 1990, Amroha, Uttar Pradesh",35y 304d,India,Bowler,Right hand Bat,Right arm Fast,2013 - 2025,2013,IPL 2013,KKR,3,1,0,5,5,5.00,10,50.00,0,0,0,0,0,0,1,8.66,54,1/32,1/32,78.00,54.0,0,0,0,"March 21, 2014","February 02, 2025","January 06, 2013","March 09, 2025"
537119,Mohit Mahipal Sharma,"September 18, 1988, Ballabhgarh, Haryana",37y 289d,India,Bowler,Right hand Bat,Right arm Medium,2013 - 2015,2025,IPL 2025,DC,8,2,1,1,1*,1.00,3,33.33,0,0,0,0,1,0,2,10.28,150,1/10,1/10,128.50,75.0,0,0,0,"March 30, 2014","October 05, 2015","August 01, 2013","October 25, 2015"
537119,Mohit Mahipal Sharma,"September 18, 1988, Ballabhgarh, Haryana",37y 289d,India,Bowler,Right hand Bat,Right arm Medium,2013 - 2015,2024,IPL 2024,GT,12,3,1,2,2,1.00,15,13.33,0,0,0,0,4,0,13,10.89,234,3/25,3/25,32.69,18.0,0,0,0,"March 30, 2014","October 05, 2015","August 01, 2013","October 25, 2015"
537119,Mohit Mahipal Sharma,"September 18, 1988, Ballabhgarh, Haryana",37y 289d,India,Bowler,Right hand Bat,Right arm Medium,2013 - 2015,2023,IPL 2023,GT,14,1,1,0,0*,-,1,0.00,0,0,0,0,6,0,27,8.17,265,5/10,5/10,13.37,9.8,2,1,0,"March 30, 2014","October 05, 2015","August 01, 2013","October 25, 2015"
537119,Mohit Mahipal Sharma,"September 18, 1988, Ballabhgarh, Haryana",37y 289d,India,Bowler,Right hand Bat,Right arm Medium,2013 - 2015,2020/21,IPL 2020/21,DC,1,-,-,-,-,-,-,-,-,-,-,-,0,0,1,11.25,24,1/45,1/45,45.00,24.0,0,0,0,"March 30, 2014","October 05, 2015","August 01, 2013","October 25, 2015"
537119,Mohit Mahipal Sharma,"September 18, 1988, Ballabhgarh, Haryana",37y 289d,India,Bowler,Right hand Bat,Right arm Medium,2013 - 2015,2019,IPL 2019,CSK,1,1,1,0,0*,-,2,0.00,0,0,0,0,0,0,1,9.00,18,1/27,1/27,27.00,18.0,0,0,0,"March 30, 2014","October 05, 2015","August 01, 2013","October 25, 2015"
537119,Mohit Mahipal Sharma,"September 18, 1988, Ballabhgarh, Haryana",37y 289d,India,Bowler,Right hand Bat,Right arm Medium,2013 - 2015,2018,IPL 2018,PBKS,9,4,3,10,4*,10.00,13,76.92,0,0,1,0,2,0,7,10.85,178,2/33,2/33,46.00,25.4,0,0,0,"March 30, 2014","October 05, 2015","August 01, 2013","October 25, 2015"
537119,Mohit Mahipal Sharma,"September 18, 1988, Ballabhgarh, Haryana",37y 289d,India,Bowler,Right hand Bat,Right arm Medium,2013 - 2015,2017,IPL 2017,PBKS,14,7,1,51,13,8.50,50,102.00,0,0,3,1,3,0,13,8.97,274,2/24,2/24,31.53,21.0,0,0,0,"March 30, 2014","October 05, 2015","August 01, 2013","October 25, 2015"
537119,Mohit Mahipal Sharma,"September 18, 1988, Ballabhgarh, Haryana",37y 289d,India,Bowler,Right hand Bat,Right arm Medium,2013 - 2015,2016,IPL 2016,PBKS,14,6,2,32,15,8.00,26,123.07,0,0,3,1,3,0,13,8.39,291,3/23,3/23,31.30,22.3,0,0,0,"March 30, 2014","October 05, 2015","August 01, 2013","October 25, 2015"
537119,Mohit Mahipal Sharma,"September 18, 1988, Ballabhgarh, Haryana",37y 289d,India,Bowler,Right hand Bat,Right arm Medium,2013 - 2015,2015,IPL 2015,CSK,16,6,3,28,21*,9.33,18,155.55,0,0,1,2,5,0,14,8.43,342,3/25,3/25,34.35,24.4,0,0,0,"March 30, 2014","October 05, 2015","August 01, 2013","October 25, 2015"
537119,Mohit Mahipal Sharma,"September 18, 1988, Ballabhgarh, Haryana",37y 289d,India,Bowler,Right hand Bat,Right arm Medium,2013 - 2015,2014,IPL 2014,CSK,16,1,1,1,1*,-,3,33.33,0,0,0,0,3,0,23,8.39,323,4/14,4/14,19.65,14.0,1,0,0,"March 30, 2014","October 05, 2015","August 01, 2013","October 25, 2015"
537119,Mohit Mahipal Sharma,"September 18, 1988, Ballabhgarh, Haryana",37y 289d,India,Bowler,Right hand Bat,Right arm Medium,2013 - 2015,2013,IPL 2013,CSK,15,2,1,0,0*,0.00,5,0.00,0,0,0,0,2,0,20,6.43,304,3/10,3/10,16.30,15.2,0,0,0,"March 30, 2014","October 05, 2015","August 01, 2013","October 25, 2015"
5961,Moises Constantino Henriques,"February 01, 1987, Funchal, Portugal",39y 153d,Australia,Allrounder,Right hand Bat,Right arm Fast medium,2009 - 2021,2021,IPL 2021,PBKS,5,4,2,31,14,15.50,32,96.87,0,0,0,1,1,0,4,4.50,60,3/12,3/12,11.25,15.0,0,0,0,"February 15, 2009","August 09, 2021","October 31, 2009","July 26, 2021"
5961,Moises Constantino Henriques,"February 01, 1987, Funchal, Portugal",39y 153d,Australia,Allrounder,Right hand Bat,Right arm Fast medium,2009 - 2021,2017,IPL 2017,SRH,12,11,5,277,55*,46.16,203,136.45,0,3,28,4,5,0,1,10.33,144,1/6,1/6,248.00,144.0,0,0,0,"February 15, 2009","August 09, 2021","October 31, 2009","July 26, 2021"
5961,Moises Constantino Henriques,"February 01, 1987, Funchal, Portugal",39y 153d,Australia,Allrounder,Right hand Bat,Right arm Fast medium,2009 - 2021,2016,IPL 2016,SRH,17,15,3,182,31*,15.16,158,115.18,0,0,15,6,11,0,12,7.98,312,2/17,2/17,34.58,26.0,0,0,0,"February 15, 2009","August 09, 2021","October 31, 2009","July 26, 2021"
5961,Moises Constantino Henriques,"February 01, 1987, Funchal, Portugal",39y 153d,Australia,Allrounder,Right hand Bat,Right arm Fast medium,2009 - 2021,2015,IPL 2015,SRH,9,9,2,287,74*,41.00,211,136.01,0,2,19,13,1,0,11,6.32,150,3/16,3/16,14.36,13.6,0,0,0,"February 15, 2009","August 09, 2021","October 31, 2009","July 26, 2021"
5961,Moises Constantino Henriques,"February 01, 1987, Funchal, Portugal",39y 153d,Australia,Allrounder,Right hand Bat,Right arm Fast medium,2009 - 2021,2014,IPL 2014,SRH,4,2,0,9,9,4.50,14,64.28,0,0,1,0,1,0,4,9.60,60,2/26,2/26,24.00,15.0,0,0,0,"February 15, 2009","August 09, 2021","October 31, 2009","July 26, 2021"
5961,Moises Constantino Henriques,"February 01, 1987, Funchal, Portugal",39y 153d,Australia,Allrounder,Right hand Bat,Right arm Fast medium,2009 - 2021,2013,IPL 2013,RCB,10,9,5,165,44,41.25,125,132.00,0,0,20,3,5,0,7,8.74,127,2/14,2/14,26.42,18.1,0,0,0,"February 15, 2009","August 09, 2021","October 31, 2009","July 26, 2021"
5961,Moises Constantino Henriques,"February 01, 1987, Funchal, Portugal",39y 153d,Australia,Allrounder,Right hand Bat,Right arm Fast medium,2009 - 2021,2009/10,IPL 2009/10,DC,1,1,0,11,11,11.00,5,220.00,0,0,2,0,1,0,1,8.75,24,1/35,1/35,35.00,24.0,0,0,0,"February 15, 2009","August 09, 2021","October 31, 2009","July 26, 2021"
5961,Moises Constantino Henriques,"February 01, 1987, Funchal, Portugal",39y 153d,Australia,Allrounder,Right hand Bat,Right arm Fast medium,2009 - 2021,2009,IPL 2009,KKR,4,3,1,38,30*,19.00,40,95.00,0,0,2,1,3,0,2,8.79,73,1/32,1/32,53.50,36.5,0,0,0,"February 15, 2009","August 09, 2021","October 31, 2009","July 26, 2021"
46538,Morne Morkel,"October 06, 1984, Vereeniging, Transvaal",41y 271d,South Africa,Bowler,Left hand Bat,Right arm Fast,2006 - 2018,2016,IPL 2016,KKR,10,2,2,1,1*,-,1,100.00,0,0,0,0,0,0,10,8.36,213,2/27,2/27,29.70,21.3,0,0,0,"September 11, 2007","September 15, 2017","June 06, 2007","February 16, 2018"
46538,Morne Morkel,"October 06, 1984, Vereeniging, Transvaal",41y 271d,South Africa,Bowler,Left hand Bat,Right arm Fast,2006 - 2018,2015,IPL 2015,KKR,7,1,1,4,4*,-,3,133.33,0,0,0,0,1,0,10,7.35,168,2/18,2/18,20.60,16.8,0,0,0,"September 11, 2007","September 15, 2017","June 06, 2007","February 16, 2018"
46538,Morne Morkel,"October 06, 1984, Vereeniging, Transvaal",41y 271d,South Africa,Bowler,Left hand Bat,Right arm Fast,2006 - 2018,2014,IPL 2014,KKR,12,2,2,4,4*,-,3,133.33,0,0,0,0,6,0,12,7.64,288,2/20,2/20,30.58,24.0,0,0,0,"September 11, 2007","September 15, 2017","June 06, 2007","February 16, 2018"
46538,Morne Morkel,"October 06, 1984, Vereeniging, Transvaal",41y 271d,South Africa,Bowler,Left hand Bat,Right arm Fast,2006 - 2018,2013,IPL 2013,DC,10,6,1,57,23*,11.40,29,196.55,0,0,6,2,0,0,7,8.37,240,2/27,2/27,47.85,34.2,0,0,0,"September 11, 2007","September 15, 2017","June 06, 2007","February 16, 2018"
46538,Morne Morkel,"October 06, 1984, Vereeniging, Transvaal",41y 271d,South Africa,Bowler,Left hand Bat,Right arm Fast,2006 - 2018,2012,IPL 2012,DC,16,4,2,3,2*,1.50,5,60.00,0,0,0,0,1,0,25,7.19,378,4/20,4/20,18.12,15.1,1,0,0,"September 11, 2007","September 15, 2017","June 06, 2007","February 16, 2018"
46538,Morne Morkel,"October 06, 1984, Vereeniging, Transvaal",41y 271d,South Africa,Bowler,Left hand Bat,Right arm Fast,2006 - 2018,2011,IPL 2011,DC,11,5,3,40,16*,20.00,25,160.00,0,0,3,2,1,0,13,7.55,258,3/18,3/18,25.00,19.8,0,0,0,"September 11, 2007","September 15, 2017","June 06, 2007","February 16, 2018"
46538,Morne Morkel,"October 06, 1984, Vereeniging, Transvaal",41y 271d,South Africa,Bowler,Left hand Bat,Right arm Fast,2006 - 2018,2009/10,IPL 2009/10,RR,2,2,1,9,7*,9.00,16,56.25,0,0,1,0,1,0,0,9.42,42,-,-,-,-,0,0,0,"September 11, 2007","September 15, 2017","June 06, 2007","February 16, 2018"
46538,Morne Morkel,"October 06, 1984, Vereeniging, Transvaal",41y 271d,South Africa,Bowler,Left hand Bat,Right arm Fast,2006 - 2018,2009,IPL 2009,RR,2,1,0,8,8,8.00,8,100.00,0,0,1,0,1,0,0,5.71,42,-,-,-,-,0,0,0,"September 11, 2007","September 15, 2017","June 06, 2007","February 16, 2018"
926851,Mukesh Kumar,"October 12, 1993, Gopalganj, Bihar",32y 265d,India,Bowler,Right hand Bat,Right arm Medium,2023 - 2024,2026,IPL 2026,DC,10,-,-,-,-,-,-,-,-,-,-,-,3,0,6,11.26,188,2/26,2/26,58.83,31.3,0,0,0,"August 03, 2023","July 14, 2024","July 27, 2023","December 21, 2023"
926851,Mukesh Kumar,"October 12, 1993, Gopalganj, Bihar",32y 265d,India,Bowler,Right hand Bat,Right arm Medium,2023 - 2024,2025,IPL 2025,DC,12,-,-,-,-,-,-,-,-,-,-,-,3,0,12,10.32,237,4/33,4/33,34.00,19.7,1,0,0,"August 03, 2023","July 14, 2024","July 27, 2023","December 21, 2023"
926851,Mukesh Kumar,"October 12, 1993, Gopalganj, Bihar",32y 265d,India,Bowler,Right hand Bat,Right arm Medium,2023 - 2024,2024,IPL 2024,DC,10,2,1,3,3,3.00,9,33.33,0,0,0,0,3,0,17,10.36,213,3/14,3/14,21.64,12.5,0,0,0,"August 03, 2023","July 14, 2024","July 27, 2023","December 21, 2023"
926851,Mukesh Kumar,"October 12, 1993, Gopalganj, Bihar",32y 265d,India,Bowler,Right hand Bat,Right arm Medium,2023 - 2024,2023,IPL 2023,DC,10,3,3,7,6*,-,9,77.77,0,0,0,0,3,0,7,10.51,186,2/30,2/30,46.57,26.5,0,0,0,"August 03, 2023","July 14, 2024","July 27, 2023","December 21, 2023"
237095,Murali Vijay,"April 01, 1984, Chennai",42y 94d,India,Opening Batter,Right hand Bat,Right arm Offbreak,2008 - 2018,2020/21,IPL 2020/21,CSK,3,3,0,32,21,10.66,43,74.41,0,0,4,0,0,0,-,-,-,-,-,-,-,-,-,-,"May 01, 2010","July 19, 2015","February 27, 2010","July 14, 2015"
237095,Murali Vijay,"April 01, 1984, Chennai",42y 94d,India,Opening Batter,Right hand Bat,Right arm Offbreak,2008 - 2018,2019,IPL 2019,CSK,2,2,0,64,38,32.00,61,104.91,0,0,6,1,1,0,-,-,-,-,-,-,-,-,-,-,"May 01, 2010","July 19, 2015","February 27, 2010","July 14, 2015"
237095,Murali Vijay,"April 01, 1984, Chennai",42y 94d,India,Opening Batter,Right hand Bat,Right arm Offbreak,2008 - 2018,2018,IPL 2018,CSK,1,1,0,12,12,12.00,10,120.00,0,0,0,1,0,0,-,-,-,-,-,-,-,-,-,-,"May 01, 2010","July 19, 2015","February 27, 2010","July 14, 2015"
237095,Murali Vijay,"April 01, 1984, Chennai",42y 94d,India,Opening Batter,Right hand Bat,Right arm Offbreak,2008 - 2018,2016,IPL 2016,PBKS,14,14,1,453,89,34.84,364,124.45,0,5,50,10,2,0,0,8.00,6,-,-,-,-,0,0,0,"May 01, 2010","July 19, 2015","February 27, 2010","July 14, 2015"
237095,Murali Vijay,"April 01, 1984, Chennai",42y 94d,India,Opening Batter,Right hand Bat,Right arm Offbreak,2008 - 2018,2015,IPL 2015,PBKS,11,11,0,251,39,22.81,228,110.08,0,0,27,8,4,0,0,7.00,24,-,-,-,-,0,0,0,"May 01, 2010","July 19, 2015","February 27, 2010","July 14, 2015"
237095,Murali Vijay,"April 01, 1984, Chennai",42y 94d,India,Opening Batter,Right hand Bat,Right arm Offbreak,2008 - 2018,2014,IPL 2014,DC,11,11,0,207,52,18.81,192,107.81,0,1,20,5,8,0,0,13.00,6,-,-,-,-,0,0,0,"May 01, 2010","July 19, 2015","February 27, 2010","July 14, 2015"
237095,Murali Vijay,"April 01, 1984, Chennai",42y 94d,India,Opening Batter,Right hand Bat,Right arm Offbreak,2008 - 2018,2013,IPL 2013,CSK,15,15,1,312,55,22.28,286,109.09,0,2,27,8,8,0,-,-,-,-,-,-,-,-,-,-,"May 01, 2010","July 19, 2015","February 27, 2010","July 14, 2015"
237095,Murali Vijay,"April 01, 1984, Chennai",42y 94d,India,Opening Batter,Right hand Bat,Right arm Offbreak,2008 - 2018,2012,IPL 2012,CSK,14,14,1,336,113,25.84,267,125.84,1,0,39,10,6,0,-,-,-,-,-,-,-,-,-,-,"May 01, 2010","July 19, 2015","February 27, 2010","July 14, 2015"
237095,Murali Vijay,"April 01, 1984, Chennai",42y 94d,India,Opening Batter,Right hand Bat,Right arm Offbreak,2008 - 2018,2011,IPL 2011,CSK,16,16,0,434,95,27.12,339,128.02,0,3,34,20,5,0,-,-,-,-,-,-,-,-,-,-,"May 01, 2010","July 19, 2015","February 27, 2010","July 14, 2015"
237095,Murali Vijay,"April 01, 1984, Chennai",42y 94d,India,Opening Batter,Right hand Bat,Right arm Offbreak,2008 - 2018,2009/10,IPL 2009/10,CSK,15,15,2,458,127,35.23,292,156.84,1,2,36,26,11,0,-,-,-,-,-,-,-,-,-,-,"May 01, 2010","July 19, 2015","February 27, 2010","July 14, 2015"
237095,Murali Vijay,"April 01, 1984, Chennai",42y 94d,India,Opening Batter,Right hand Bat,Right arm Offbreak,2008 - 2018,2009,IPL 2009,CSK,4,4,0,60,31,15.00,67,89.55,0,0,4,2,2,0,-,-,-,-,-,-,-,-,-,-,"May 01, 2010","July 19, 2015","February 27, 2010","July 14, 2015"
330902,Mustafizur Rahman,"September 06, 1995, Satkhira",30y 301d,Bangladesh,Bowler,Left hand Bat,Left arm Fast medium,2015 - 2026,2025,IPL 2025,DC,3,1,0,0,0,0.00,1,0.00,0,0,0,0,0,0,4,7.90,66,3/33,3/33,21.75,16.5,0,0,0,"April 24, 2015","June 19, 2026","June 18, 2015","June 14, 2026"
330902,Mustafizur Rahman,"September 06, 1995, Satkhira",30y 301d,Bangladesh,Bowler,Left hand Bat,Left arm Fast medium,2015 - 2026,2024,IPL 2024,CSK,9,-,-,-,-,-,-,-,-,-,-,-,1,0,14,9.26,206,4/29,4/29,22.71,14.7,1,0,0,"April 24, 2015","June 19, 2026","June 18, 2015","June 14, 2026"
330902,Mustafizur Rahman,"September 06, 1995, Satkhira",30y 301d,Bangladesh,Bowler,Left hand Bat,Left arm Fast medium,2015 - 2026,2023,IPL 2023,DC,2,1,1,1,1*,-,1,100.00,0,0,0,0,0,0,1,11.28,42,1/38,1/38,79.00,42.0,0,0,0,"April 24, 2015","June 19, 2026","June 18, 2015","June 14, 2026"
330902,Mustafizur Rahman,"September 06, 1995, Satkhira",30y 301d,Bangladesh,Bowler,Left hand Bat,Left arm Fast medium,2015 - 2026,2022,IPL 2022,DC,8,1,1,3,3*,-,5,60.00,0,0,0,0,1,0,8,7.62,192,3/18,3/18,30.50,24.0,0,0,0,"April 24, 2015","June 19, 2026","June 18, 2015","June 14, 2026"
330902,Mustafizur Rahman,"September 06, 1995, Satkhira",30y 301d,Bangladesh,Bowler,Left hand Bat,Left arm Fast medium,2015 - 2026,2021,IPL 2021,RR,14,5,5,8,8*,-,14,57.14,0,0,0,1,1,0,14,8.41,311,3/20,3/20,31.14,22.2,0,0,0,"April 24, 2015","June 19, 2026","June 18, 2015","June 14, 2026"
330902,Mustafizur Rahman,"September 06, 1995, Satkhira",30y 301d,Bangladesh,Bowler,Left hand Bat,Left arm Fast medium,2015 - 2026,2018,IPL 2018,MI,7,2,1,1,1,1.00,3,33.33,0,0,0,0,2,0,7,8.36,165,3/24,3/24,32.85,23.5,0,0,0,"April 24, 2015","June 19, 2026","June 18, 2015","June 14, 2026"
330902,Mustafizur Rahman,"September 06, 1995, Satkhira",30y 301d,Bangladesh,Bowler,Left hand Bat,Left arm Fast medium,2015 - 2026,2017,IPL 2017,SRH,1,-,-,-,-,-,-,-,-,-,-,-,0,0,0,12.75,16,-,-,-,-,0,0,0,"April 24, 2015","June 19, 2026","June 18, 2015","June 14, 2026"
330902,Mustafizur Rahman,"September 06, 1995, Satkhira",30y 301d,Bangladesh,Bowler,Left hand Bat,Left arm Fast medium,2015 - 2026,2016,IPL 2016,SRH,16,-,-,-,-,-,-,-,-,-,-,-,2,0,17,6.90,366,3/16,3/16,24.76,21.5,0,0,0,"April 24, 2015","June 19, 2026","June 18, 2015","June 14, 2026"
32102,Naman Vinaykumar Ojha,"July 20, 1983, Ujjain, Madhya Pradesh",42y 349d,India,Wicketkeeper Batter,Right hand Bat,,2010 - 2015,2018,IPL 2018,DC,1,1,0,1,1,1.00,4,25.00,0,0,0,0,0,0,-,-,-,-,-,-,-,-,-,-,"June 12, 2010","June 13, 2010","September 01, 2015","June 05, 2010"
32102,Naman Vinaykumar Ojha,"July 20, 1983, Ujjain, Madhya Pradesh",42y 349d,India,Wicketkeeper Batter,Right hand Bat,,2010 - 2015,2017,IPL 2017,SRH,14,5,1,79,34,19.75,65,121.53,0,0,2,3,6,0,-,-,-,-,-,-,-,-,-,-,"June 12, 2010","June 13, 2010","September 01, 2015","June 05, 2010"
32102,Naman Vinaykumar Ojha,"July 20, 1983, Ujjain, Madhya Pradesh",42y 349d,India,Wicketkeeper Batter,Right hand Bat,,2010 - 2015,2016,IPL 2016,SRH,17,13,3,136,37,13.60,138,98.55,0,0,7,5,18,0,-,-,-,-,-,-,-,-,-,-,"June 12, 2010","June 13, 2010","September 01, 2015","June 05, 2010"
32102,Naman Vinaykumar Ojha,"July 20, 1983, Ujjain, Madhya Pradesh",42y 349d,India,Wicketkeeper Batter,Right hand Bat,,2010 - 2015,2015,IPL 2015,SRH,14,11,1,137,28,13.70,121,113.22,0,0,12,4,6,1,-,-,-,-,-,-,-,-,-,-,"June 12, 2010","June 13, 2010","September 01, 2015","June 05, 2010"
32102,Naman Vinaykumar Ojha,"July 20, 1983, Ujjain, Madhya Pradesh",42y 349d,India,Wicketkeeper Batter,Right hand Bat,,2010 - 2015,2014,IPL 2014,SRH,11,10,4,232,79*,38.66,161,144.09,0,1,14,17,6,1,-,-,-,-,-,-,-,-,-,-,"June 12, 2010","June 13, 2010","September 01, 2015","June 05, 2010"
32102,Naman Vinaykumar Ojha,"July 20, 1983, Ujjain, Madhya Pradesh",42y 349d,India,Wicketkeeper Batter,Right hand Bat,,2010 - 2015,2013,IPL 2013,DC,2,2,1,9,9,9.00,10,90.00,0,0,1,0,1,0,-,-,-,-,-,-,-,-,-,-,"June 12, 2010","June 13, 2010","September 01, 2015","June 05, 2010"
32102,Naman Vinaykumar Ojha,"July 20, 1983, Ujjain, Madhya Pradesh",42y 349d,India,Wicketkeeper Batter,Right hand Bat,,2010 - 2015,2012,IPL 2012,DC,18,16,5,255,64*,23.18,224,113.83,0,1,21,13,14,2,-,-,-,-,-,-,-,-,-,-,"June 12, 2010","June 13, 2010","September 01, 2015","June 05, 2010"
32102,Naman Vinaykumar Ojha,"July 20, 1983, Ujjain, Madhya Pradesh",42y 349d,India,Wicketkeeper Batter,Right hand Bat,,2010 - 2015,2011,IPL 2011,DC,14,14,1,160,29,12.30,161,99.37,0,0,11,11,8,0,-,-,-,-,-,-,-,-,-,-,"June 12, 2010","June 13, 2010","September 01, 2015","June 05, 2010"
32102,Naman Vinaykumar Ojha,"July 20, 1983, Ujjain, Madhya Pradesh",42y 349d,India,Wicketkeeper Batter,Right hand Bat,,2010 - 2015,2009/10,IPL 2009/10,RR,14,14,2,377,94*,31.41,285,132.28,0,2,42,15,4,2,-,-,-,-,-,-,-,-,-,-,"June 12, 2010","June 13, 2010","September 01, 2015","June 05, 2010"
32102,Naman Vinaykumar Ojha,"July 20, 1983, Ujjain, Madhya Pradesh",42y 349d,India,Wicketkeeper Batter,Right hand Bat,,2010 - 2015,2009,IPL 2009,RR,8,8,1,168,68,24.00,144,116.66,0,2,11,11,2,4,-,-,-,-,-,-,-,-,-,-,"June 12, 2010","June 13, 2010","September 01, 2015","June 05, 2010"
261354,Nathan Mitchell Coulter-Nile,"October 11, 1987, Osborne Park, Western Australia",38y 266d,Australia,Bowling Allrounder,Right hand Bat,Right arm Fast,2013 - 2019,2022,IPL 2022,RR,1,1,1,1,1*,-,2,50.00,0,0,0,0,0,0,0,16.00,18,-,-,-,-,0,0,0,"February 13, 2013","February 27, 2019","September 14, 2013","June 20, 2019"
261354,Nathan Mitchell Coulter-Nile,"October 11, 1987, Osborne Park, Western Australia",38y 266d,Australia,Bowling Allrounder,Right hand Bat,Right arm Fast,2013 - 2019,2021,IPL 2021,MI,5,2,0,4,3,2.00,5,80.00,0,0,0,0,2,0,7,6.35,120,4/14,4/14,18.14,17.1,1,0,0,"February 13, 2013","February 27, 2019","September 14, 2013","June 20, 2019"
261354,Nathan Mitchell Coulter-Nile,"October 11, 1987, Osborne Park, Western Australia",38y 266d,Australia,Bowling Allrounder,Right hand Bat,Right arm Fast,2013 - 2019,2020/21,IPL 2020/21,MI,7,2,1,25,24*,25.00,15,166.66,0,0,4,0,2,0,5,7.92,156,2/29,2/29,41.20,31.2,0,0,0,"February 13, 2013","February 27, 2019","September 14, 2013","June 20, 2019"
261354,Nathan Mitchell Coulter-Nile,"October 11, 1987, Osborne Park, Western Australia",38y 266d,Australia,Bowling Allrounder,Right hand Bat,Right arm Fast,2013 - 2019,2017,IPL 2017,KKR,8,3,0,14,6,4.66,12,116.66,0,0,0,2,2,0,15,8.04,170,3/20,3/20,15.20,11.3,0,0,0,"February 13, 2013","February 27, 2019","September 14, 2013","June 20, 2019"
261354,Nathan Mitchell Coulter-Nile,"October 11, 1987, Osborne Park, Western Australia",38y 266d,Australia,Bowling Allrounder,Right hand Bat,Right arm Fast,2013 - 2019,2016,IPL 2016,DC,4,2,2,9,7*,-,14,64.28,0,0,1,0,0,0,3,7.60,90,2/25,2/25,38.00,30.0,0,0,0,"February 13, 2013","February 27, 2019","September 14, 2013","June 20, 2019"
261354,Nathan Mitchell Coulter-Nile,"October 11, 1987, Osborne Park, Western Australia",38y 266d,Australia,Bowling Allrounder,Right hand Bat,Right arm Fast,2013 - 2019,2015,IPL 2015,DC,11,5,1,20,6,5.00,18,111.11,0,0,2,1,5,0,15,7.55,255,4/20,4/20,21.40,17.0,1,0,0,"February 13, 2013","February 27, 2019","September 14, 2013","June 20, 2019"
261354,Nathan Mitchell Coulter-Nile,"October 11, 1987, Osborne Park, Western Australia",38y 266d,Australia,Bowling Allrounder,Right hand Bat,Right arm Fast,2013 - 2019,2014,IPL 2014,DC,2,1,1,0,0*,-,0,-,0,0,0,0,0,0,2,6.75,24,2/27,2/27,13.50,12.0,0,0,0,"February 13, 2013","February 27, 2019","September 14, 2013","June 20, 2019"
261354,Nathan Mitchell Coulter-Nile,"October 11, 1987, Osborne Park, Western Australia",38y 266d,Australia,Bowling Allrounder,Right hand Bat,Right arm Fast,2013 - 2019,2013,IPL 2013,MI,1,1,0,9,9,9.00,6,150.00,0,0,0,1,1,0,1,7.25,24,1/29,1/29,29.00,24.0,0,0,0,"February 13, 2013","February 27, 2019","September 14, 2013","June 20, 2019"
604527,Nitish Rana,"December 27, 1993, Delhi",32y 189d,India,Middle order Batter,Left hand Bat,"Right arm Medium, Right arm Offbreak, Legbreak",2021 - 2021,2026,IPL 2026,DC,9,9,0,225,91,25.00,149,151.00,0,2,27,10,3,0,0,13.75,24,-,-,-,-,0,0,0,"July 28, 2021","July 29, 2021","July 23, 2021","July 28, 2021"
604527,Nitish Rana,"December 27, 1993, Delhi",32y 189d,India,Middle order Batter,Left hand Bat,"Right arm Medium, Right arm Offbreak, Legbreak",2021 - 2021,2025,IPL 2025,RR,11,11,1,217,81,21.70,134,161.94,0,2,27,9,2,0,0,9.00,12,-,-,-,-,0,0,0,"July 28, 2021","July 29, 2021","July 23, 2021","July 28, 2021"
604527,Nitish Rana,"December 27, 1993, Delhi",32y 189d,India,Middle order Batter,Left hand Bat,"Right arm Medium, Right arm Offbreak, Legbreak",2021 - 2021,2024,IPL 2024,KKR,2,2,0,42,33,21.00,34,123.52,0,0,5,1,0,0,-,-,-,-,-,-,-,-,-,-,"July 28, 2021","July 29, 2021","July 23, 2021","July 28, 2021"
604527,Nitish Rana,"December 27, 1993, Delhi",32y 189d,India,Middle order Batter,Left hand Bat,"Right arm Medium, Right arm Offbreak, Legbreak",2021 - 2021,2023,IPL 2023,KKR,14,14,1,413,75,31.76,293,140.95,0,3,39,20,3,0,3,8.49,53,2/17,2/17,25.00,17.6,0,0,0,"July 28, 2021","July 29, 2021","July 23, 2021","July 28, 2021"
604527,Nitish Rana,"December 27, 1993, Delhi",32y 189d,India,Middle order Batter,Left hand Bat,"Right arm Medium, Right arm Offbreak, Legbreak",2021 - 2021,2022,IPL 2022,KKR,14,14,1,361,57,27.76,251,143.82,0,2,29,22,6,0,0,11.50,12,-,-,-,-,0,0,0,"July 28, 2021","July 29, 2021","July 23, 2021","July 28, 2021"
604527,Nitish Rana,"December 27, 1993, Delhi",32y 189d,India,Middle order Batter,Left hand Bat,"Right arm Medium, Right arm Offbreak, Legbreak",2021 - 2021,2021,IPL 2021,KKR,17,16,3,383,80,29.46,314,121.97,0,2,34,17,4,0,0,6.00,12,-,-,-,-,0,0,0,"July 28, 2021","July 29, 2021","July 23, 2021","July 28, 2021"
604527,Nitish Rana,"December 27, 1993, Delhi",32y 189d,India,Middle order Batter,Left hand Bat,"Right arm Medium, Right arm Offbreak, Legbreak",2021 - 2021,2020/21,IPL 2020/21,KKR,14,14,0,352,87,25.14,254,138.58,0,3,43,12,2,0,0,11.50,12,-,-,-,-,0,0,0,"July 28, 2021","July 29, 2021","July 23, 2021","July 28, 2021"
604527,Nitish Rana,"December 27, 1993, Delhi",32y 189d,India,Middle order Batter,Left hand Bat,"Right arm Medium, Right arm Offbreak, Legbreak",2021 - 2021,2019,IPL 2019,KKR,14,11,1,344,85*,34.40,235,146.38,0,3,27,21,3,0,3,9.00,48,1/8,1/8,24.00,16.0,0,0,0,"July 28, 2021","July 29, 2021","July 23, 2021","July 28, 2021"
604527,Nitish Rana,"December 27, 1993, Delhi",32y 189d,India,Middle order Batter,Left hand Bat,"Right arm Medium, Right arm Offbreak, Legbreak",2021 - 2021,2018,IPL 2018,KKR,15,15,2,304,59,23.38,232,131.03,0,1,26,14,2,0,4,7.13,37,2/11,2/11,11.00,9.2,0,0,0,"July 28, 2021","July 29, 2021","July 23, 2021","July 28, 2021"
604527,Nitish Rana,"December 27, 1993, Delhi",32y 189d,India,Middle order Batter,Left hand Bat,"Right arm Medium, Right arm Offbreak, Legbreak",2021 - 2021,2017,IPL 2017,MI,13,12,1,333,62*,30.27,264,126.13,0,3,24,17,4,0,-,-,-,-,-,-,-,-,-,-,"July 28, 2021","July 29, 2021","July 23, 2021","July 28, 2021"
604527,Nitish Rana,"December 27, 1993, Delhi",32y 189d,India,Middle order Batter,Left hand Bat,"Right arm Medium, Right arm Offbreak, Legbreak",2021 - 2021,2016,IPL 2016,MI,4,3,0,104,70,34.66,75,138.66,0,1,7,8,0,0,0,3.00,6,-,-,-,-,0,0,0,"July 28, 2021","July 29, 2021","July 23, 2021","July 28, 2021"
489889,Patrick James Cummins,"May 08, 1993, Westmead, Sydney",33y 57d,Australia,Bowler,Right hand Bat,Right arm Fast,2011 - 2025,2026,IPL 2026,SRH,8,3,0,30,19,10.00,19,157.89,0,0,1,3,2,0,8,9.59,192,3/28,3/28,38.37,24.0,0,0,0,"October 13, 2011","June 24, 2024","October 19, 2011","November 08, 2024"
489889,Patrick James Cummins,"May 08, 1993, Westmead, Sydney",33y 57d,Australia,Bowler,Right hand Bat,Right arm Fast,2011 - 2025,2025,IPL 2025,SRH,14,9,5,97,22*,24.25,58,167.24,0,0,6,7,5,0,16,9.06,298,3/19,3/19,28.12,18.6,0,0,0,"October 13, 2011","June 24, 2024","October 19, 2011","November 08, 2024"
489889,Patrick James Cummins,"May 08, 1993, Westmead, Sydney",33y 57d,Australia,Bowler,Right hand Bat,Right arm Fast,2011 - 2025,2024,IPL 2024,SRH,16,10,4,136,35*,22.66,95,143.15,0,0,9,8,7,0,18,9.27,366,3/43,3/43,31.44,20.3,0,0,0,"October 13, 2011","June 24, 2024","October 19, 2011","November 08, 2024"
489889,Patrick James Cummins,"May 08, 1993, Westmead, Sydney",33y 57d,Australia,Bowler,Right hand Bat,Right arm Fast,2011 - 2025,2022,IPL 2022,KKR,5,5,1,63,56*,15.75,24,262.50,0,1,5,6,1,0,7,10.68,119,3/22,3/22,30.28,17.0,0,0,0,"October 13, 2011","June 24, 2024","October 19, 2011","November 08, 2024"
489889,Patrick James Cummins,"May 08, 1993, Westmead, Sydney",33y 57d,Australia,Bowler,Right hand Bat,Right arm Fast,2011 - 2025,2021,IPL 2021,KKR,7,5,2,93,66*,31.00,56,166.07,0,1,5,8,2,0,9,8.83,161,3/24,3/24,26.33,17.8,0,0,0,"October 13, 2011","June 24, 2024","October 19, 2011","November 08, 2024"
489889,Patrick James Cummins,"May 08, 1993, Westmead, Sydney",33y 57d,Australia,Bowler,Right hand Bat,Right arm Fast,2011 - 2025,2020/21,IPL 2020/21,KKR,14,11,4,146,53*,20.85,114,128.07,0,1,9,8,3,0,12,7.86,312,4/34,4/34,34.08,26.0,1,0,0,"October 13, 2011","June 24, 2024","October 19, 2011","November 08, 2024"
489889,Patrick James Cummins,"May 08, 1993, Westmead, Sydney",33y 57d,Australia,Bowler,Right hand Bat,Right arm Fast,2011 - 2025,2017,IPL 2017,DC,12,9,4,77,24,15.40,53,145.28,0,0,5,4,1,0,15,8.07,277,2/20,2/20,24.86,18.4,0,0,0,"October 13, 2011","June 24, 2024","October 19, 2011","November 08, 2024"
489889,Patrick James Cummins,"May 08, 1993, Westmead, Sydney",33y 57d,Australia,Bowler,Right hand Bat,Right arm Fast,2011 - 2025,2015,IPL 2015,KKR,3,1,0,0,0,0.00,2,0.00,0,0,0,0,1,0,1,9.70,60,1/54,1/54,97.00,60.0,0,0,0,"October 13, 2011","June 24, 2024","October 19, 2011","November 08, 2024"
489889,Patrick James Cummins,"May 08, 1993, Westmead, Sydney",33y 57d,Australia,Bowler,Right hand Bat,Right arm Fast,2011 - 2025,2014,IPL 2014,KKR,1,-,-,-,-,-,-,-,-,-,-,-,0,0,1,7.25,24,1/29,1/29,29.00,24.0,0,0,0,"October 13, 2011","June 24, 2024","October 19, 2011","November 08, 2024"
1028655,Pathum Nissanka Silva,"May 18, 1998, Galle",28y 47d,Sri Lanka,Top order Batter,Right hand Bat,,2021 - 2026,2026,IPL 2026,DC,10,10,0,278,62,27.80,175,158.85,0,2,33,12,2,0,-,-,-,-,-,-,-,-,-,-,"March 03, 2021","June 14, 2026","March 10, 2021","June 06, 2026"
10772,Paul David Collingwood,"May 26, 1976, Shotley Bridge, Co Durham",50y 39d,England,Allrounder,Right hand Bat,Right arm Medium,2001 - 2017,2009/10,IPL 2009/10,DC,8,7,2,203,75*,40.60,156,130.12,0,3,9,13,4,0,5,6.80,89,2/19,2/19,20.20,17.8,0,0,0,"June 13, 2005","September 13, 2017","June 07, 2001","March 11, 2011"
530773,Pawan Negi,"January 06, 1993, Delhi",33y 179d,India,Bowler,Left hand Bat,Slow Left arm Orthodox,2016 - 2016,2019,IPL 2019,RCB,7,4,0,9,5,2.25,12,75.00,0,0,1,0,3,0,3,9.13,67,2/21,2/21,34.00,22.3,0,0,0,"March 03, 2016","Delhi vs Haryana  at Delhi - November 03 - 06, 2011",,
530773,Pawan Negi,"January 06, 1993, Delhi",33y 179d,India,Bowler,Left hand Bat,Slow Left arm Orthodox,2016 - 2016,2018,IPL 2018,RCB,2,2,0,3,3,1.50,5,60.00,0,0,0,0,0,0,1,12.25,24,1/36,1/36,49.00,24.0,0,0,0,"March 03, 2016","Delhi vs Haryana  at Delhi - November 03 - 06, 2011",,
530773,Pawan Negi,"January 06, 1993, Delhi",33y 179d,India,Bowler,Left hand Bat,Slow Left arm Orthodox,2016 - 2016,2017,IPL 2017,RCB,12,10,2,144,35,18.00,111,129.72,0,0,10,7,3,0,16,6.12,193,3/10,3/10,12.31,12.0,0,0,0,"March 03, 2016","Delhi vs Haryana  at Delhi - November 03 - 06, 2011",,
530773,Pawan Negi,"January 06, 1993, Delhi",33y 179d,India,Bowler,Left hand Bat,Slow Left arm Orthodox,2016 - 2016,2016,IPL 2016,DC,8,6,4,57,19*,28.50,59,96.61,0,0,2,3,2,0,1,9.33,54,1/19,1/19,84.00,54.0,0,0,0,"March 03, 2016","Delhi vs Haryana  at Delhi - November 03 - 06, 2011",,
530773,Pawan Negi,"January 06, 1993, Delhi",33y 179d,India,Bowler,Left hand Bat,Slow Left arm Orthodox,2016 - 2016,2015,IPL 2015,CSK,10,9,1,116,36,14.50,73,158.90,0,0,10,5,4,0,6,8.40,180,2/25,2/25,42.00,30.0,0,0,0,"March 03, 2016","Delhi vs Haryana  at Delhi - November 03 - 06, 2011",,
530773,Pawan Negi,"January 06, 1993, Delhi",33y 179d,India,Bowler,Left hand Bat,Slow Left arm Orthodox,2016 - 2016,2014,IPL 2014,CSK,2,-,-,-,-,-,-,-,-,-,-,-,1,0,0,10.71,42,-,-,-,-,0,0,0,"March 03, 2016","Delhi vs Haryana  at Delhi - November 03 - 06, 2011",,
530773,Pawan Negi,"January 06, 1993, Delhi",33y 179d,India,Bowler,Left hand Bat,Slow Left arm Orthodox,2016 - 2016,2013,IPL 2013,DC,1,-,-,-,-,-,-,-,-,-,-,-,0,0,0,7.00,24,-,-,-,-,0,0,0,"March 03, 2016","Delhi vs Haryana  at Delhi - November 03 - 06, 2011",,
530773,Pawan Negi,"January 06, 1993, Delhi",33y 179d,India,Bowler,Left hand Bat,Slow Left arm Orthodox,2016 - 2016,2012,IPL 2012,DC,8,4,2,36,14,18.00,29,124.13,0,0,4,1,2,0,7,6.90,132,4/18,4/18,21.71,18.8,1,0,0,"March 03, 2016","Delhi vs Haryana  at Delhi - November 03 - 06, 2011",,
669365,Philip Dean Salt,"August 28, 1996, Bodelwyddan, North Wales",29y 310d,England,Wicketkeeper Batter,Right hand Bat,Right arm Offbreak,2021 - 2026,2026,IPL 2026,RCB,6,6,0,202,78,33.66,120,168.33,0,2,16,11,6,0,-,-,-,-,-,-,-,-,-,-,"January 26, 2022","July 01, 2026","July 08, 2021","March 01, 2025"
669365,Philip Dean Salt,"August 28, 1996, Bodelwyddan, North Wales",29y 310d,England,Wicketkeeper Batter,Right hand Bat,Right arm Offbreak,2021 - 2026,2025,IPL 2025,RCB,13,13,1,403,65,33.58,229,175.98,0,4,48,22,9,0,-,-,-,-,-,-,-,-,-,-,"January 26, 2022","July 01, 2026","July 08, 2021","March 01, 2025"
669365,Philip Dean Salt,"August 28, 1996, Bodelwyddan, North Wales",29y 310d,England,Wicketkeeper Batter,Right hand Bat,Right arm Offbreak,2021 - 2026,2024,IPL 2024,KKR,12,12,1,435,89*,39.54,239,182.00,0,4,50,24,12,0,-,-,-,-,-,-,-,-,-,-,"January 26, 2022","July 01, 2026","July 08, 2021","March 01, 2025"
669365,Philip Dean Salt,"August 28, 1996, Bodelwyddan, North Wales",29y 310d,England,Wicketkeeper Batter,Right hand Bat,Right arm Offbreak,2021 - 2026,2023,IPL 2023,DC,9,9,1,218,87,27.25,133,163.90,0,2,24,10,5,0,-,-,-,-,-,-,-,-,-,-,"January 26, 2022","July 01, 2026","July 08, 2021","March 01, 2025"
279545,Pradeep Jaibeer Sangwan,"November 05, 1990, Rasiwas, Delhi",35y 241d,India,Bowler,Right hand Bat,Left arm Medium,-,2022,IPL 2022,GT,3,1,0,2,2,2.00,5,40.00,0,0,0,0,1,0,3,7.22,54,2/19,2/19,21.66,18.0,0,0,0,,,,
279545,Pradeep Jaibeer Sangwan,"November 05, 1990, Rasiwas, Delhi",35y 241d,India,Bowler,Right hand Bat,Left arm Medium,-,2018,IPL 2018,MI,1,1,0,0,0,0.00,4,0.00,0,0,0,0,0,0,0,9.50,12,-,-,-,-,0,0,0,,,,
279545,Pradeep Jaibeer Sangwan,"November 05, 1990, Rasiwas, Delhi",35y 241d,India,Bowler,Right hand Bat,Left arm Medium,-,2017,IPL 2017,GL,5,3,1,2,1*,1.00,4,50.00,0,0,0,0,0,0,5,10.05,108,2/38,2/38,36.20,21.6,0,0,0,,,,
279545,Pradeep Jaibeer Sangwan,"November 05, 1990, Rasiwas, Delhi",35y 241d,India,Bowler,Right hand Bat,Left arm Medium,-,2016,IPL 2016,GL,2,-,-,-,-,-,-,-,-,-,-,-,1,0,0,12.25,24,-,-,-,-,0,0,0,,,,
279545,Pradeep Jaibeer Sangwan,"November 05, 1990, Rasiwas, Delhi",35y 241d,India,Bowler,Right hand Bat,Left arm Medium,-,2013,IPL 2013,KKR,2,1,1,4,4*,-,2,200.00,0,0,1,0,0,0,0,12.75,24,-,-,-,-,0,0,0,,,,
279545,Pradeep Jaibeer Sangwan,"November 05, 1990, Rasiwas, Delhi",35y 241d,India,Bowler,Right hand Bat,Left arm Medium,-,2012,IPL 2012,KKR,1,-,-,-,-,-,-,-,-,-,-,-,0,0,1,10.50,24,1/42,1/42,42.00,24.0,0,0,0,,,,
279545,Pradeep Jaibeer Sangwan,"November 05, 1990, Rasiwas, Delhi",35y 241d,India,Bowler,Right hand Bat,Left arm Medium,-,2009/10,IPL 2009/10,DC,8,2,1,10,6*,10.00,14,71.42,0,0,0,0,1,0,9,8.32,186,3/22,3/22,28.66,20.6,0,0,0,,,,
279545,Pradeep Jaibeer Sangwan,"November 05, 1990, Rasiwas, Delhi",35y 241d,India,Bowler,Right hand Bat,Left arm Medium,-,2009,IPL 2009,DC,13,5,4,6,5*,6.00,10,60.00,0,0,0,0,3,0,15,7.71,280,3/18,3/18,24.00,18.6,0,0,0,,,,
279545,Pradeep Jaibeer Sangwan,"November 05, 1990, Rasiwas, Delhi",35y 241d,India,Bowler,Right hand Bat,Left arm Medium,-,2007/08,IPL 2007/08,DC,7,2,0,2,2,1.00,5,40.00,0,0,0,0,1,0,5,8.95,144,2/29,2/29,43.00,28.8,0,0,0,,,,
777515,Praveen Dubey,"July 01, 1993, Azamgarh, Uttar Pradesh",33y 3d,India,Bowler,Right hand Bat,Legbreak Googly,-,2025,IPL 2025,PBKS,1,-,-,-,-,-,-,-,-,-,-,-,0,0,1,10.00,12,1/20,1/20,20.00,12.0,0,0,0,,,,
777515,Praveen Dubey,"July 01, 1993, Azamgarh, Uttar Pradesh",33y 3d,India,Bowler,Right hand Bat,Legbreak Googly,-,2023,IPL 2023,DC,1,1,0,16,16,16.00,20,80.00,0,0,2,0,0,0,1,6.33,18,1/19,1/19,19.00,18.0,0,0,0,,,,
777515,Praveen Dubey,"July 01, 1993, Azamgarh, Uttar Pradesh",33y 3d,India,Bowler,Right hand Bat,Legbreak Googly,-,2020/21,IPL 2020/21,DC,3,1,1,7,7*,-,13,53.84,0,0,0,0,1,0,0,9.00,48,-,-,-,-,0,0,0,,,,
1070168,Prithvi Pankaj Shaw,"November 09, 1999, Thane, Maharashtra",26y 237d,India,Opening Batter,Right hand Bat,Right arm Offbreak,2018 - 2021,2024,IPL 2024,DC,8,8,0,198,66,24.75,121,163.63,0,1,30,5,2,0,-,-,-,-,-,-,-,-,-,-,"India vs West Indies  at Rajkot - October 04 - 06, 2018","Australia vs India  at Adelaide - December 17 - 19, 2020","February 05, 2020","July 23, 2021"
1070168,Prithvi Pankaj Shaw,"November 09, 1999, Thane, Maharashtra",26y 237d,India,Opening Batter,Right hand Bat,Right arm Offbreak,2018 - 2021,2023,IPL 2023,DC,8,8,0,106,54,13.25,85,124.70,0,1,16,1,1,0,-,-,-,-,-,-,-,-,-,-,"India vs West Indies  at Rajkot - October 04 - 06, 2018","Australia vs India  at Adelaide - December 17 - 19, 2020","February 05, 2020","July 23, 2021"
1070168,Prithvi Pankaj Shaw,"November 09, 1999, Thane, Maharashtra",26y 237d,India,Opening Batter,Right hand Bat,Right arm Offbreak,2018 - 2021,2022,IPL 2022,DC,10,10,0,283,61,28.30,185,152.97,0,2,37,10,4,0,-,-,-,-,-,-,-,-,-,-,"India vs West Indies  at Rajkot - October 04 - 06, 2018","Australia vs India  at Adelaide - December 17 - 19, 2020","February 05, 2020","July 23, 2021"
1070168,Prithvi Pankaj Shaw,"November 09, 1999, Thane, Maharashtra",26y 237d,India,Opening Batter,Right hand Bat,Right arm Offbreak,2018 - 2021,2021,IPL 2021,DC,15,15,0,479,82,31.93,301,159.13,0,4,56,18,1,0,-,-,-,-,-,-,-,-,-,-,"India vs West Indies  at Rajkot - October 04 - 06, 2018","Australia vs India  at Adelaide - December 17 - 19, 2020","February 05, 2020","July 23, 2021"
1070168,Prithvi Pankaj Shaw,"November 09, 1999, Thane, Maharashtra",26y 237d,India,Opening Batter,Right hand Bat,Right arm Offbreak,2018 - 2021,2020/21,IPL 2020/21,DC,13,13,0,228,66,17.53,167,136.52,0,2,27,8,4,0,-,-,-,-,-,-,-,-,-,-,"India vs West Indies  at Rajkot - October 04 - 06, 2018","Australia vs India  at Adelaide - December 17 - 19, 2020","February 05, 2020","July 23, 2021"
1070168,Prithvi Pankaj Shaw,"November 09, 1999, Thane, Maharashtra",26y 237d,India,Opening Batter,Right hand Bat,Right arm Offbreak,2018 - 2021,2019,IPL 2019,DC,16,16,0,353,99,22.06,264,133.71,0,2,45,9,2,0,-,-,-,-,-,-,-,-,-,-,"India vs West Indies  at Rajkot - October 04 - 06, 2018","Australia vs India  at Adelaide - December 17 - 19, 2020","February 05, 2020","July 23, 2021"
1070168,Prithvi Pankaj Shaw,"November 09, 1999, Thane, Maharashtra",26y 237d,India,Opening Batter,Right hand Bat,Right arm Offbreak,2018 - 2021,2018,IPL 2018,DC,9,9,0,245,65,27.22,160,153.12,0,2,27,10,4,0,-,-,-,-,-,-,-,-,-,-,"India vs West Indies  at Rajkot - October 04 - 06, 2018","Australia vs India  at Adelaide - December 17 - 19, 2020","February 05, 2020","July 23, 2021"
1070180,Priyam K Garg,"November 30, 2000, Meerut, Uttar Pradesh",25y 216d,India,Top order Batter,Right hand Bat,Right arm Medium,-,2023,IPL 2023,DC,2,2,0,22,12,11.00,23,95.65,0,0,1,0,0,0,-,-,-,-,-,-,-,-,-,-,,,,
1070180,Priyam K Garg,"November 30, 2000, Meerut, Uttar Pradesh",25y 216d,India,Top order Batter,Right hand Bat,Right arm Medium,-,2022,IPL 2022,SRH,2,2,0,46,42,23.00,33,139.39,0,0,4,2,3,0,-,-,-,-,-,-,-,-,-,-,,,,
1070180,Priyam K Garg,"November 30, 2000, Meerut, Uttar Pradesh",25y 216d,India,Top order Batter,Right hand Bat,Right arm Medium,-,2021,IPL 2021,SRH,5,5,0,72,29,14.40,74,97.29,0,0,2,3,0,0,-,-,-,-,-,-,-,-,-,-,,,,
1070180,Priyam K Garg,"November 30, 2000, Meerut, Uttar Pradesh",25y 216d,India,Top order Batter,Right hand Bat,Right arm Medium,-,2020/21,IPL 2020/21,SRH,14,10,1,133,51*,14.77,111,119.81,0,1,9,4,6,0,-,-,-,-,-,-,-,-,-,-,,,,
379143,Quinton de Kock,"December 17, 1992, Johannesburg, Gauteng",33y 199d,South Africa,Wicketkeeper Batter,Left hand Bat,,2012 - 2026,2026,IPL 2026,MI,3,3,1,132,112*,66.00,81,162.96,1,0,9,9,2,1,-,-,-,-,-,-,-,-,-,-,"December 21, 2012","March 04, 2026","January 19, 2013","December 06, 2025"
379143,Quinton de Kock,"December 17, 1992, Johannesburg, Gauteng",33y 199d,South Africa,Wicketkeeper Batter,Left hand Bat,,2012 - 2026,2025,IPL 2025,KKR,8,8,1,152,97*,21.71,117,129.91,0,1,9,11,3,0,-,-,-,-,-,-,-,-,-,-,"December 21, 2012","March 04, 2026","January 19, 2013","December 06, 2025"
379143,Quinton de Kock,"December 17, 1992, Johannesburg, Gauteng",33y 199d,South Africa,Wicketkeeper Batter,Left hand Bat,,2012 - 2026,2024,IPL 2024,LSG,11,11,0,250,81,22.72,186,134.40,0,3,29,9,3,0,-,-,-,-,-,-,-,-,-,-,"December 21, 2012","March 04, 2026","January 19, 2013","December 06, 2025"
379143,Quinton de Kock,"December 17, 1992, Johannesburg, Gauteng",33y 199d,South Africa,Wicketkeeper Batter,Left hand Bat,,2012 - 2026,2023,IPL 2023,LSG,4,4,0,143,70,35.75,102,140.19,0,1,10,8,2,1,-,-,-,-,-,-,-,-,-,-,"December 21, 2012","March 04, 2026","January 19, 2013","December 06, 2025"
379143,Quinton de Kock,"December 17, 1992, Johannesburg, Gauteng",33y 199d,South Africa,Wicketkeeper Batter,Left hand Bat,,2012 - 2026,2022,IPL 2022,LSG,15,15,1,508,140*,36.28,341,148.97,1,3,47,23,12,1,-,-,-,-,-,-,-,-,-,-,"December 21, 2012","March 04, 2026","January 19, 2013","December 06, 2025"
379143,Quinton de Kock,"December 17, 1992, Johannesburg, Gauteng",33y 199d,South Africa,Wicketkeeper Batter,Left hand Bat,,2012 - 2026,2021,IPL 2021,MI,11,11,1,297,70*,29.70,256,116.01,0,2,29,7,4,2,-,-,-,-,-,-,-,-,-,-,"December 21, 2012","March 04, 2026","January 19, 2013","December 06, 2025"
379143,Quinton de Kock,"December 17, 1992, Johannesburg, Gauteng",33y 199d,South Africa,Wicketkeeper Batter,Left hand Bat,,2012 - 2026,2020/21,IPL 2020/21,MI,16,16,2,503,78*,35.92,358,140.50,0,4,46,22,18,4,-,-,-,-,-,-,-,-,-,-,"December 21, 2012","March 04, 2026","January 19, 2013","December 06, 2025"
379143,Quinton de Kock,"December 17, 1992, Johannesburg, Gauteng",33y 199d,South Africa,Wicketkeeper Batter,Left hand Bat,,2012 - 2026,2019,IPL 2019,MI,16,16,1,529,81,35.26,398,132.91,0,4,45,25,17,2,-,-,-,-,-,-,-,-,-,-,"December 21, 2012","March 04, 2026","January 19, 2013","December 06, 2025"
379143,Quinton de Kock,"December 17, 1992, Johannesburg, Gauteng",33y 199d,South Africa,Wicketkeeper Batter,Left hand Bat,,2012 - 2026,2018,IPL 2018,RCB,8,8,0,201,53,25.12,162,124.07,0,1,20,8,7,3,-,-,-,-,-,-,-,-,-,-,"December 21, 2012","March 04, 2026","January 19, 2013","December 06, 2025"
379143,Quinton de Kock,"December 17, 1992, Johannesburg, Gauteng",33y 199d,South Africa,Wicketkeeper Batter,Left hand Bat,,2012 - 2026,2016,IPL 2016,DC,13,13,1,445,108,37.08,327,136.08,1,3,52,13,2,2,-,-,-,-,-,-,-,-,-,-,"December 21, 2012","March 04, 2026","January 19, 2013","December 06, 2025"
379143,Quinton de Kock,"December 17, 1992, Johannesburg, Gauteng",33y 199d,South Africa,Wicketkeeper Batter,Left hand Bat,,2012 - 2026,2015,IPL 2015,DC,3,3,0,122,69,40.66,77,158.44,0,2,18,4,0,0,-,-,-,-,-,-,-,-,-,-,"December 21, 2012","March 04, 2026","January 19, 2013","December 06, 2025"
379143,Quinton de Kock,"December 17, 1992, Johannesburg, Gauteng",33y 199d,South Africa,Wicketkeeper Batter,Left hand Bat,,2012 - 2026,2014,IPL 2014,DC,7,7,0,153,48,21.85,130,117.69,0,0,19,4,2,0,-,-,-,-,-,-,-,-,-,-,"December 21, 2012","March 04, 2026","January 19, 2013","December 06, 2025"
379143,Quinton de Kock,"December 17, 1992, Johannesburg, Gauteng",33y 199d,South Africa,Wicketkeeper Batter,Left hand Bat,,2012 - 2026,2013,IPL 2013,SRH,3,3,0,6,4,2.00,15,40.00,0,0,1,0,3,1,-,-,-,-,-,-,-,-,-,-,"December 21, 2012","March 04, 2026","January 19, 2013","December 06, 2025"
272994,Rahul Sharma,"November 30, 1986, Jalandhar",39y 216d,India,Bowler,Right hand Bat,Legbreak Googly,2011 - 2012,2014,IPL 2014,DC,2,-,-,-,-,-,-,-,-,-,-,-,0,0,1,10.83,36,1/33,1/33,65.00,36.0,0,0,0,"February 01, 2012","February 03, 2012","December 08, 2011","July 28, 2012"
272994,Rahul Sharma,"November 30, 1986, Jalandhar",39y 216d,India,Bowler,Right hand Bat,Legbreak Googly,2011 - 2012,2013,IPL 2013,PWI,11,6,2,11,10*,2.75,17,64.70,0,0,1,0,2,0,9,6.85,246,2/16,2/16,31.22,27.3,0,0,0,"February 01, 2012","February 03, 2012","December 08, 2011","July 28, 2012"
272994,Rahul Sharma,"November 30, 1986, Jalandhar",39y 216d,India,Bowler,Right hand Bat,Legbreak Googly,2011 - 2012,2012,IPL 2012,PWI,11,5,1,2,2,0.50,11,18.18,0,0,0,0,2,0,9,8.10,222,2/16,2/16,33.33,24.6,0,0,0,"February 01, 2012","February 03, 2012","December 08, 2011","July 28, 2012"
272994,Rahul Sharma,"November 30, 1986, Jalandhar",39y 216d,India,Bowler,Right hand Bat,Legbreak Googly,2011 - 2012,2011,IPL 2011,PWI,14,5,2,24,13,8.00,21,114.28,0,0,1,2,7,0,16,5.46,300,3/13,3/13,17.06,18.7,0,0,0,"February 01, 2012","February 03, 2012","December 08, 2011","July 28, 2012"
272994,Rahul Sharma,"November 30, 1986, Jalandhar",39y 216d,India,Bowler,Right hand Bat,Legbreak Googly,2011 - 2012,2009/10,IPL 2009/10,DCH,6,4,1,29,14*,9.66,26,111.53,0,0,3,1,1,0,5,8.08,124,2/42,2/42,33.40,24.8,0,0,0,"February 01, 2012","February 03, 2012","December 08, 2011","July 28, 2012"
390547,Rahul Shukla,"August 28, 1990, Jharkhand",35y 310d,India,Bowler,Right hand Bat,Right arm Medium,-,2014,IPL 2014,DC,3,3,2,18,14,18.00,21,85.71,0,0,2,0,1,0,2,10.88,54,1/13,1/13,49.00,27.0,0,0,0,,,,
390547,Rahul Shukla,"August 28, 1990, Jharkhand",35y 310d,India,Bowler,Right hand Bat,Right arm Medium,-,2013,IPL 2013,RR,3,1,1,1,1*,-,2,50.00,0,0,0,0,2,0,3,9.87,48,2/28,2/28,26.33,16.0,0,0,0,,,,
390547,Rahul Shukla,"August 28, 1990, Jharkhand",35y 310d,India,Bowler,Right hand Bat,Right arm Medium,-,2012,IPL 2012,MI,1,-,-,-,-,-,-,-,-,-,-,-,0,0,0,10.33,18,-,-,-,-,0,0,0,,,,
423838,Rahul Tewatia,"May 20, 1993, Sihi, Haryana",33y 45d,India,Bowling Allrounder,Left hand Bat,Legbreak,-,2026,IPL 2026,GT,16,15,8,190,68,27.14,132,143.93,0,1,20,8,2,0,-,-,-,-,-,-,-,-,-,-,,,,
423838,Rahul Tewatia,"May 20, 1993, Sihi, Haryana",33y 45d,India,Bowling Allrounder,Left hand Bat,Legbreak,-,2025,IPL 2025,GT,15,12,4,99,24*,12.37,59,167.79,0,0,6,7,4,0,-,-,-,-,-,-,-,-,-,-,,,,
423838,Rahul Tewatia,"May 20, 1993, Sihi, Haryana",33y 45d,India,Bowling Allrounder,Left hand Bat,Legbreak,-,2024,IPL 2024,GT,12,9,2,188,36*,26.85,129,145.73,0,0,24,5,6,0,-,-,-,-,-,-,-,-,-,-,,,,
423838,Rahul Tewatia,"May 20, 1993, Sihi, Haryana",33y 45d,India,Bowling Allrounder,Left hand Bat,Legbreak,-,2023,IPL 2023,GT,17,10,6,87,20*,21.75,57,152.63,0,0,3,7,8,0,0,6.92,13,-,-,-,-,0,0,0,,,,
423838,Rahul Tewatia,"May 20, 1993, Sihi, Haryana",33y 45d,India,Bowling Allrounder,Left hand Bat,Legbreak,-,2022,IPL 2022,GT,16,12,5,217,43*,31.00,147,147.61,0,0,22,9,5,0,0,12.66,36,-,-,-,-,0,0,0,,,,
423838,Rahul Tewatia,"May 20, 1993, Sihi, Haryana",33y 45d,India,Bowling Allrounder,Left hand Bat,Legbreak,-,2021,IPL 2021,RR,14,11,1,155,44,15.50,147,105.44,0,0,11,6,2,0,8,9.18,222,3/39,3/39,42.50,27.7,0,0,0,,,,
423838,Rahul Tewatia,"May 20, 1993, Sihi, Haryana",33y 45d,India,Bowling Allrounder,Left hand Bat,Legbreak,-,2020/21,IPL 2020/21,RR,14,11,5,255,53,42.50,183,139.34,0,1,13,17,9,0,10,7.08,276,3/25,3/25,32.60,27.6,0,0,0,,,,
423838,Rahul Tewatia,"May 20, 1993, Sihi, Haryana",33y 45d,India,Bowling Allrounder,Left hand Bat,Legbreak,-,2019,IPL 2019,DC,5,4,3,26,11*,26.00,22,118.18,0,0,2,1,6,0,2,6.63,38,1/10,1/10,21.00,19.0,0,0,0,,,,
423838,Rahul Tewatia,"May 20, 1993, Sihi, Haryana",33y 45d,India,Bowling Allrounder,Left hand Bat,Legbreak,-,2018,IPL 2018,DC,8,5,2,50,24,16.66,43,116.27,0,0,5,1,2,0,6,7.86,132,3/18,3/18,28.83,22.0,0,0,0,,,,
423838,Rahul Tewatia,"May 20, 1993, Sihi, Haryana",33y 45d,India,Bowling Allrounder,Left hand Bat,Legbreak,-,2017,IPL 2017,PBKS,3,2,1,19,15*,19.00,11,172.72,0,0,4,0,0,0,3,5.44,54,2/18,2/18,16.33,18.0,0,0,0,,,,
423838,Rahul Tewatia,"May 20, 1993, Sihi, Haryana",33y 45d,India,Bowling Allrounder,Left hand Bat,Legbreak,-,2015,IPL 2015,RR,1,-,-,-,-,-,-,-,-,-,-,-,0,0,1,10.33,18,1/31,1/31,31.00,18.0,0,0,0,,,,
423838,Rahul Tewatia,"May 20, 1993, Sihi, Haryana",33y 45d,India,Bowling Allrounder,Left hand Bat,Legbreak,-,2014,IPL 2014,RR,3,1,0,16,16,16.00,13,123.07,0,0,0,1,0,0,2,6.55,54,1/17,1/17,29.50,27.0,0,0,0,,,,
26907,Rajat Bhatia,"October 22, 1979, Delhi",46y 255d,India,Allrounder,Right hand Bat,Right arm Medium fast,-,2017,IPL 2017,RPS,3,2,1,16,16,16.00,17,94.11,0,0,0,1,2,0,2,7.85,42,2/14,2/14,27.50,21.0,0,0,0,,,,
26907,Rajat Bhatia,"October 22, 1979, Delhi",46y 255d,India,Allrounder,Right hand Bat,Right arm Medium fast,-,2016,IPL 2016,RPS,10,6,5,34,21,34.00,20,170.00,0,0,1,2,2,0,6,7.17,204,2/19,2/19,40.66,34.0,0,0,0,,,,
26907,Rajat Bhatia,"October 22, 1979, Delhi",46y 255d,India,Allrounder,Right hand Bat,Right arm Medium fast,-,2015,IPL 2015,RR,2,1,0,0,0,0.00,1,0.00,0,0,0,0,0,0,0,9.20,30,-,-,-,-,0,0,0,,,,
26907,Rajat Bhatia,"October 22, 1979, Delhi",46y 255d,India,Allrounder,Right hand Bat,Right arm Medium fast,-,2014,IPL 2014,RR,12,7,2,67,23,13.40,53,126.41,0,0,4,3,5,0,12,7.44,228,3/23,3/23,23.58,19.0,0,0,0,,,,
26907,Rajat Bhatia,"October 22, 1979, Delhi",46y 255d,India,Allrounder,Right hand Bat,Right arm Medium fast,-,2013,IPL 2013,KKR,15,10,4,99,26*,16.50,80,123.75,0,0,8,3,0,0,11,7.57,263,2/23,2/23,30.18,23.9,0,0,0,,,,
26907,Rajat Bhatia,"October 22, 1979, Delhi",46y 255d,India,Allrounder,Right hand Bat,Right arm Medium fast,-,2012,IPL 2012,KKR,17,6,3,35,12,11.66,28,125.00,0,0,4,0,6,0,13,7.31,319,2/14,2/14,29.92,24.5,0,0,0,,,,
26907,Rajat Bhatia,"October 22, 1979, Delhi",46y 255d,India,Allrounder,Right hand Bat,Right arm Medium fast,-,2011,IPL 2011,KKR,14,6,3,25,11,8.33,22,113.63,0,0,3,0,4,0,8,6.56,192,3/22,3/22,26.25,24.0,0,0,0,,,,
26907,Rajat Bhatia,"October 22, 1979, Delhi",46y 255d,India,Allrounder,Right hand Bat,Right arm Medium fast,-,2009/10,IPL 2009/10,DC,5,3,0,24,21,8.00,17,141.17,0,0,1,2,1,0,3,8.25,96,1/24,1/24,44.00,32.0,0,0,0,,,,
26907,Rajat Bhatia,"October 22, 1979, Delhi",46y 255d,India,Allrounder,Right hand Bat,Right arm Medium fast,-,2009,IPL 2009,DC,8,5,0,8,4,1.60,18,44.44,0,0,1,0,4,0,10,6.73,130,4/15,4/15,14.60,13.0,1,0,0,,,,
26907,Rajat Bhatia,"October 22, 1979, Delhi",46y 255d,India,Allrounder,Right hand Bat,Right arm Medium fast,-,2007/08,IPL 2007/08,DC,9,3,1,34,17,17.00,28,121.42,0,0,2,2,1,0,6,8.31,132,2/17,2/17,30.50,22.0,0,0,0,,,,
1161489,Rasikh Salam Dar,"April 05, 2000",26y 90d,India,Bowler,Right hand Bat,Right arm Fast medium,-,2026,IPL 2026,RCB,12,2,2,3,3*,-,2,150.00,0,0,0,0,3,0,19,9.45,257,4/24,4/24,21.31,13.5,1,0,0,,,,
1161489,Rasikh Salam Dar,"April 05, 2000",26y 90d,India,Bowler,Right hand Bat,Right arm Fast medium,-,2025,IPL 2025,RCB,2,-,-,-,-,-,-,-,-,-,-,-,1,0,1,11.66,36,1/35,1/35,70.00,36.0,0,0,0,,,,
1161489,Rasikh Salam Dar,"April 05, 2000",26y 90d,India,Bowler,Right hand Bat,Right arm Fast medium,-,2024,IPL 2024,DC,8,4,0,28,10,7.00,30,93.33,0,0,4,0,1,0,9,10.97,147,3/34,3/34,29.88,16.3,0,0,0,,,,
1161489,Rasikh Salam Dar,"April 05, 2000",26y 90d,India,Bowler,Right hand Bat,Right arm Fast medium,-,2022,IPL 2022,KKR,2,1,0,7,7,7.00,6,116.66,0,0,1,0,0,0,0,7.00,24,-,-,-,-,0,0,0,,,,
1161489,Rasikh Salam Dar,"April 05, 2000",26y 90d,India,Bowler,Right hand Bat,Right arm Fast medium,-,2019,IPL 2019,MI,1,1,1,5,5*,-,4,125.00,0,0,0,0,1,0,0,10.50,24,-,-,-,-,0,0,0,,,,
26421,Ravichandran Ashwin,"September 17, 1986, Madras (now Chennai), Tamil Nadu",39y 290d,India,Bowling Allrounder,Right hand Bat,Right arm Offbreak,2010 - 2024,2025,IPL 2025,CSK,9,4,0,33,13,8.25,30,110.00,0,0,3,1,4,0,7,9.12,186,2/41,2/41,40.42,26.5,0,0,0,"June 12, 2010","November 10, 2022","June 05, 2010","October 08, 2023"
26421,Ravichandran Ashwin,"September 17, 1986, Madras (now Chennai), Tamil Nadu",39y 290d,India,Bowling Allrounder,Right hand Bat,Right arm Offbreak,2010 - 2024,2024,IPL 2024,RR,15,9,3,86,29,14.33,74,116.21,0,0,5,4,5,0,9,8.49,330,3/24,3/24,51.88,36.6,0,0,0,"June 12, 2010","November 10, 2022","June 05, 2010","October 08, 2023"
26421,Ravichandran Ashwin,"September 17, 1986, Madras (now Chennai), Tamil Nadu",39y 290d,India,Bowling Allrounder,Right hand Bat,Right arm Offbreak,2010 - 2024,2023,IPL 2023,RR,13,10,4,67,30,11.16,51,131.37,0,0,5,3,1,0,14,7.51,294,2/23,2/23,26.28,21.0,0,0,0,"June 12, 2010","November 10, 2022","June 05, 2010","October 08, 2023"
26421,Ravichandran Ashwin,"September 17, 1986, Madras (now Chennai), Tamil Nadu",39y 290d,India,Bowling Allrounder,Right hand Bat,Right arm Offbreak,2010 - 2024,2022,IPL 2022,RR,17,12,5,191,50,27.28,135,141.48,0,1,14,9,5,0,12,7.50,402,3/17,3/17,41.91,33.5,0,0,0,"June 12, 2010","November 10, 2022","June 05, 2010","October 08, 2023"
26421,Ravichandran Ashwin,"September 17, 1986, Madras (now Chennai), Tamil Nadu",39y 290d,India,Bowling Allrounder,Right hand Bat,Right arm Offbreak,2010 - 2024,2021,IPL 2021,DC,13,5,2,44,20*,14.66,42,104.76,0,0,2,1,3,0,7,7.41,268,2/27,2/27,47.28,38.2,0,0,0,"June 12, 2010","November 10, 2022","June 05, 2010","October 08, 2023"
26421,Ravichandran Ashwin,"September 17, 1986, Madras (now Chennai), Tamil Nadu",39y 290d,India,Bowling Allrounder,Right hand Bat,Right arm Offbreak,2010 - 2024,2020/21,IPL 2020/21,DC,15,6,3,37,14*,12.33,34,108.82,0,0,3,1,2,0,13,7.66,306,3/29,3/29,30.07,23.5,0,0,0,"June 12, 2010","November 10, 2022","June 05, 2010","October 08, 2023"
26421,Ravichandran Ashwin,"September 17, 1986, Madras (now Chennai), Tamil Nadu",39y 290d,India,Bowling Allrounder,Right hand Bat,Right arm Offbreak,2010 - 2024,2019,IPL 2019,PBKS,14,6,1,42,17*,8.40,28,150.00,0,0,3,3,4,0,15,7.27,330,3/23,3/23,26.66,22.0,0,0,0,"June 12, 2010","November 10, 2022","June 05, 2010","October 08, 2023"
26421,Ravichandran Ashwin,"September 17, 1986, Madras (now Chennai), Tamil Nadu",39y 290d,India,Bowling Allrounder,Right hand Bat,Right arm Offbreak,2010 - 2024,2018,IPL 2018,PBKS,14,9,1,102,45,12.75,71,143.66,0,0,7,5,5,0,10,8.09,304,2/18,2/18,41.00,30.4,0,0,0,"June 12, 2010","November 10, 2022","June 05, 2010","October 08, 2023"
26421,Ravichandran Ashwin,"September 17, 1986, Madras (now Chennai), Tamil Nadu",39y 290d,India,Bowling Allrounder,Right hand Bat,Right arm Offbreak,2010 - 2024,2016,IPL 2016,RPS,14,6,4,41,29,20.50,38,107.89,0,0,3,1,3,0,10,7.25,264,4/34,4/34,31.90,26.4,1,0,0,"June 12, 2010","November 10, 2022","June 05, 2010","October 08, 2023"
26421,Ravichandran Ashwin,"September 17, 1986, Madras (now Chennai), Tamil Nadu",39y 290d,India,Bowling Allrounder,Right hand Bat,Right arm Offbreak,2010 - 2024,2015,IPL 2015,CSK,14,6,3,52,23,17.33,32,162.50,0,0,6,1,3,0,10,5.84,234,2/5,2/5,22.80,23.4,0,0,0,"June 12, 2010","November 10, 2022","June 05, 2010","October 08, 2023"
26421,Ravichandran Ashwin,"September 17, 1986, Madras (now Chennai), Tamil Nadu",39y 290d,India,Bowling Allrounder,Right hand Bat,Right arm Offbreak,2010 - 2024,2014,IPL 2014,CSK,16,6,3,45,14,15.00,45,100.00,0,0,4,0,1,0,16,7.30,359,3/30,3/30,27.31,22.4,0,0,0,"June 12, 2010","November 10, 2022","June 05, 2010","October 08, 2023"
26421,Ravichandran Ashwin,"September 17, 1986, Madras (now Chennai), Tamil Nadu",39y 290d,India,Bowling Allrounder,Right hand Bat,Right arm Offbreak,2010 - 2024,2013,IPL 2013,CSK,18,5,1,35,11*,8.75,49,71.42,0,0,4,0,4,0,15,6.72,348,2/18,2/18,26.00,23.2,0,0,0,"June 12, 2010","November 10, 2022","June 05, 2010","October 08, 2023"
26421,Ravichandran Ashwin,"September 17, 1986, Madras (now Chennai), Tamil Nadu",39y 290d,India,Bowling Allrounder,Right hand Bat,Right arm Offbreak,2010 - 2024,2012,IPL 2012,CSK,19,5,2,18,8,6.00,15,120.00,0,0,2,0,5,0,14,6.54,395,3/23,3/23,30.78,28.2,0,0,0,"June 12, 2010","November 10, 2022","June 05, 2010","October 08, 2023"
26421,Ravichandran Ashwin,"September 17, 1986, Madras (now Chennai), Tamil Nadu",39y 290d,India,Bowling Allrounder,Right hand Bat,Right arm Offbreak,2010 - 2024,2011,IPL 2011,CSK,16,2,0,2,2,1.00,6,33.33,0,0,0,0,4,0,20,6.15,378,3/16,3/16,19.40,18.9,0,0,0,"June 12, 2010","November 10, 2022","June 05, 2010","October 08, 2023"
26421,Ravichandran Ashwin,"September 17, 1986, Madras (now Chennai), Tamil Nadu",39y 290d,India,Bowling Allrounder,Right hand Bat,Right arm Offbreak,2010 - 2024,2009/10,IPL 2009/10,CSK,12,6,2,30,11*,7.50,40,75.00,0,0,2,0,1,0,13,6.10,288,3/16,3/16,22.53,22.1,0,0,0,"June 12, 2010","November 10, 2022","June 05, 2010","October 08, 2023"
26421,Ravichandran Ashwin,"September 17, 1986, Madras (now Chennai), Tamil Nadu",39y 290d,India,Bowling Allrounder,Right hand Bat,Right arm Offbreak,2010 - 2024,2009,IPL 2009,CSK,2,1,0,8,8,8.00,15,53.33,0,0,1,0,2,0,2,3.25,24,2/13,2/13,6.50,12.0,0,0,0,"June 12, 2010","November 10, 2022","June 05, 2010","October 08, 2023"
642531,Ricky Kannakumar Bhui,"September 29, 1996, Bhopal, Madhya Pradesh",29y 278d,India,Top order Batter,Right hand Bat,Legbreak Googly,-,2024,IPL 2024,DC,2,2,0,3,3,1.50,9,33.33,0,0,0,0,0,0,-,-,-,-,-,-,-,-,-,-,,,,
642531,Ricky Kannakumar Bhui,"September 29, 1996, Bhopal, Madhya Pradesh",29y 278d,India,Top order Batter,Right hand Bat,Legbreak Googly,-,2019,IPL 2019,SRH,1,1,0,7,7,7.00,12,58.33,0,0,0,0,0,0,-,-,-,-,-,-,-,-,-,-,,,,
642531,Ricky Kannakumar Bhui,"September 29, 1996, Bhopal, Madhya Pradesh",29y 278d,India,Top order Batter,Right hand Bat,Legbreak Googly,-,2018,IPL 2018,SRH,1,1,0,0,0,0.00,5,0.00,0,0,0,0,0,0,-,-,-,-,-,-,-,-,-,-,,,,
318845,Rilee Roscoe Rossouw,"October 09, 1989, Bloemfontein, Orange Free State",36y 268d,South Africa,Top order Batter,Left hand Bat,Right arm Offbreak,2014 - 2023,2024,IPL 2024,PBKS,8,8,0,211,61,26.37,116,181.89,0,1,25,11,4,0,-,-,-,-,-,-,-,-,-,-,"November 05, 2014","March 28, 2023","August 21, 2014","October 12, 2016"
318845,Rilee Roscoe Rossouw,"October 09, 1989, Bloemfontein, Orange Free State",36y 268d,South Africa,Top order Batter,Left hand Bat,Right arm Offbreak,2014 - 2023,2023,IPL 2023,DC,9,9,2,209,82*,29.85,141,148.22,0,1,17,11,3,0,-,-,-,-,-,-,-,-,-,-,"November 05, 2014","March 28, 2023","August 21, 2014","October 12, 2016"
318845,Rilee Roscoe Rossouw,"October 09, 1989, Bloemfontein, Orange Free State",36y 268d,South Africa,Top order Batter,Left hand Bat,Right arm Offbreak,2014 - 2023,2015,IPL 2015,RCB,2,2,0,14,14,7.00,10,140.00,0,0,1,1,2,0,-,-,-,-,-,-,-,-,-,-,"November 05, 2014","March 28, 2023","August 21, 2014","October 12, 2016"
318845,Rilee Roscoe Rossouw,"October 09, 1989, Bloemfontein, Orange Free State",36y 268d,South Africa,Top order Batter,Left hand Bat,Right arm Offbreak,2014 - 2023,2014,IPL 2014,RCB,3,3,0,39,24,13.00,41,95.12,0,0,2,2,0,0,-,-,-,-,-,-,-,-,-,-,"November 05, 2014","March 28, 2023","August 21, 2014","October 12, 2016"
1201520,Ripal Vinubhai Patel,"September 28, 1995, Nadiad",30y 279d,India,Middle order Batter,Right hand Bat,Right arm Medium fast,-,2023,IPL 2023,DC,5,4,1,49,23,16.33,43,113.95,0,0,3,1,1,0,-,-,-,-,-,-,-,-,-,-,,,,
1201520,Ripal Vinubhai Patel,"September 28, 1995, Nadiad",30y 279d,India,Middle order Batter,Right hand Bat,Right arm Medium fast,-,2022,IPL 2022,DC,2,1,0,6,6,6.00,3,200.00,0,0,0,1,1,0,-,-,-,-,-,-,-,-,-,-,,,,
1201520,Ripal Vinubhai Patel,"September 28, 1995, Nadiad",30y 279d,India,Middle order Batter,Right hand Bat,Right arm Medium fast,-,2021,IPL 2021,DC,2,2,1,25,18,25.00,27,92.59,0,0,3,0,0,0,0,7.33,18,-,-,-,-,0,0,0,,,,
931581,Rishabh Rajendra Pant,"October 04, 1997, Haridwar, Uttarakhand",28y 273d,India,Wicketkeeper Batter,Left hand Bat,,2017 - 2026,2026,IPL 2026,LSG,14,13,2,312,68*,28.36,226,138.05,0,1,30,11,10,0,-,-,-,-,-,-,-,-,-,-,"February 01, 2017","July 28, 2024","October 21, 2018","August 07, 2024"
931581,Rishabh Rajendra Pant,"October 04, 1997, Haridwar, Uttarakhand",28y 273d,India,Wicketkeeper Batter,Left hand Bat,,2017 - 2026,2025,IPL 2025,LSG,14,13,2,269,118*,24.45,202,133.16,1,1,23,16,5,1,-,-,-,-,-,-,-,-,-,-,"February 01, 2017","July 28, 2024","October 21, 2018","August 07, 2024"
931581,Rishabh Rajendra Pant,"October 04, 1997, Haridwar, Uttarakhand",28y 273d,India,Wicketkeeper Batter,Left hand Bat,,2017 - 2026,2024,IPL 2024,DC,13,13,2,446,88*,40.54,287,155.40,0,3,36,25,11,5,-,-,-,-,-,-,-,-,-,-,"February 01, 2017","July 28, 2024","October 21, 2018","August 07, 2024"
931581,Rishabh Rajendra Pant,"October 04, 1997, Haridwar, Uttarakhand",28y 273d,India,Wicketkeeper Batter,Left hand Bat,,2017 - 2026,2022,IPL 2022,DC,14,13,2,340,44,30.90,224,151.78,0,0,35,16,8,4,-,-,-,-,-,-,-,-,-,-,"February 01, 2017","July 28, 2024","October 21, 2018","August 07, 2024"
931581,Rishabh Rajendra Pant,"October 04, 1997, Haridwar, Uttarakhand",28y 273d,India,Wicketkeeper Batter,Left hand Bat,,2017 - 2026,2021,IPL 2021,DC,16,16,4,419,58*,34.91,326,128.52,0,3,42,10,10,3,-,-,-,-,-,-,-,-,-,-,"February 01, 2017","July 28, 2024","October 21, 2018","August 07, 2024"
931581,Rishabh Rajendra Pant,"October 04, 1997, Haridwar, Uttarakhand",28y 273d,India,Wicketkeeper Batter,Left hand Bat,,2017 - 2026,2020/21,IPL 2020/21,DC,14,14,3,343,56,31.18,301,113.95,0,1,31,9,13,0,-,-,-,-,-,-,-,-,-,-,"February 01, 2017","July 28, 2024","October 21, 2018","August 07, 2024"
931581,Rishabh Rajendra Pant,"October 04, 1997, Haridwar, Uttarakhand",28y 273d,India,Wicketkeeper Batter,Left hand Bat,,2017 - 2026,2019,IPL 2019,DC,16,16,3,488,78*,37.53,300,162.66,0,3,37,27,18,6,-,-,-,-,-,-,-,-,-,-,"February 01, 2017","July 28, 2024","October 21, 2018","August 07, 2024"
931581,Rishabh Rajendra Pant,"October 04, 1997, Haridwar, Uttarakhand",28y 273d,India,Wicketkeeper Batter,Left hand Bat,,2017 - 2026,2018,IPL 2018,DC,14,14,1,684,128*,52.61,394,173.60,1,5,68,37,4,2,-,-,-,-,-,-,-,-,-,-,"February 01, 2017","July 28, 2024","October 21, 2018","August 07, 2024"
931581,Rishabh Rajendra Pant,"October 04, 1997, Haridwar, Uttarakhand",28y 273d,India,Wicketkeeper Batter,Left hand Bat,,2017 - 2026,2017,IPL 2017,DC,14,14,0,366,97,26.14,221,165.61,0,2,28,24,8,3,-,-,-,-,-,-,-,-,-,-,"February 01, 2017","July 28, 2024","October 21, 2018","August 07, 2024"
931581,Rishabh Rajendra Pant,"October 04, 1997, Haridwar, Uttarakhand",28y 273d,India,Wicketkeeper Batter,Left hand Bat,,2017 - 2026,2016,IPL 2016,DC,10,10,2,198,69,24.75,152,130.26,0,1,19,6,3,0,-,-,-,-,-,-,-,-,-,-,"February 01, 2017","July 28, 2024","October 21, 2018","August 07, 2024"
47850,Roelof Erasmus van der Merwe,"December 31, 1984, Johannesburg, Transvaal (now Gauteng)",41y 185d,Netherlands,Bowling Allrounder,Right hand Bat,Slow Left arm Orthodox,2009 - 2026,2013,IPL 2013,DC,3,2,0,22,14,11.00,25,88.00,0,0,2,0,0,0,3,6.45,66,1/17,1/17,23.66,22.0,0,0,0,"March 29, 2009","February 18, 2026","April 05, 2009","June 16, 2026"
47850,Roelof Erasmus van der Merwe,"December 31, 1984, Johannesburg, Transvaal (now Gauteng)",41y 185d,Netherlands,Bowling Allrounder,Right hand Bat,Slow Left arm Orthodox,2009 - 2026,2012,IPL 2012,DC,3,-,-,-,-,-,-,-,-,-,-,-,1,0,2,6.00,60,2/28,2/28,30.00,30.0,0,0,0,"March 29, 2009","February 18, 2026","April 05, 2009","June 16, 2026"
47850,Roelof Erasmus van der Merwe,"December 31, 1984, Johannesburg, Transvaal (now Gauteng)",41y 185d,Netherlands,Bowling Allrounder,Right hand Bat,Slow Left arm Orthodox,2009 - 2026,2011,IPL 2011,DC,4,4,4,14,8*,-,16,87.50,0,0,1,0,2,0,5,6.20,89,3/20,3/20,18.40,17.8,0,0,0,"March 29, 2009","February 18, 2026","April 05, 2009","June 16, 2026"
47850,Roelof Erasmus van der Merwe,"December 31, 1984, Johannesburg, Transvaal (now Gauteng)",41y 185d,Netherlands,Bowling Allrounder,Right hand Bat,Slow Left arm Orthodox,2009 - 2026,2009/10,IPL 2009/10,RCB,1,1,0,1,1,1.00,2,50.00,0,0,0,0,1,0,2,6.75,24,2/27,2/27,13.50,12.0,0,0,0,"March 29, 2009","February 18, 2026","April 05, 2009","June 16, 2026"
47850,Roelof Erasmus van der Merwe,"December 31, 1984, Johannesburg, Transvaal (now Gauteng)",41y 185d,Netherlands,Bowling Allrounder,Right hand Bat,Slow Left arm Orthodox,2009 - 2026,2009,IPL 2009,RCB,10,8,0,122,35,15.25,98,124.48,0,0,8,8,4,0,9,7.29,204,2/22,2/22,27.55,22.6,0,0,0,"March 29, 2009","February 18, 2026","April 05, 2009","June 16, 2026"
38699,Luteru Ross Poutoa Lote Taylor,"March 08, 1984, Lower Hutt, Wellington",42y 118d,Samoa,Middle order Batter,Right hand Bat,Right arm Offbreak,2006 - 2025,2014,IPL 2014,DC,4,4,1,59,43*,19.66,59,100.00,0,0,6,0,2,0,-,-,-,-,-,-,-,-,-,-,"December 22, 2006","October 15, 2025","March 01, 2006","April 04, 2022"
38699,Luteru Ross Poutoa Lote Taylor,"March 08, 1984, Lower Hutt, Wellington",42y 118d,Samoa,Middle order Batter,Right hand Bat,Right arm Offbreak,2006 - 2025,2013,IPL 2013,PWI,5,5,0,63,19,12.60,76,82.89,0,0,2,1,2,0,-,-,-,-,-,-,-,-,-,-,"December 22, 2006","October 15, 2025","March 01, 2006","April 04, 2022"
38699,Luteru Ross Poutoa Lote Taylor,"March 08, 1984, Lower Hutt, Wellington",42y 118d,Samoa,Middle order Batter,Right hand Bat,Right arm Offbreak,2006 - 2025,2012,IPL 2012,DC,12,12,2,197,55,19.70,171,115.20,0,1,12,7,3,0,-,-,-,-,-,-,-,-,-,-,"December 22, 2006","October 15, 2025","March 01, 2006","April 04, 2022"
38699,Luteru Ross Poutoa Lote Taylor,"March 08, 1984, Lower Hutt, Wellington",42y 118d,Samoa,Middle order Batter,Right hand Bat,Right arm Offbreak,2006 - 2025,2011,IPL 2011,RR,12,11,6,181,47*,36.20,152,119.07,0,0,11,7,4,0,0,11.00,6,-,-,-,-,0,0,0,"December 22, 2006","October 15, 2025","March 01, 2006","April 04, 2022"
38699,Luteru Ross Poutoa Lote Taylor,"March 08, 1984, Lower Hutt, Wellington",42y 118d,Samoa,Middle order Batter,Right hand Bat,Right arm Offbreak,2006 - 2025,2009/10,IPL 2009/10,RCB,7,7,3,88,31*,22.00,75,117.33,0,0,2,6,4,0,-,-,-,-,-,-,-,-,-,-,"December 22, 2006","October 15, 2025","March 01, 2006","April 04, 2022"
38699,Luteru Ross Poutoa Lote Taylor,"March 08, 1984, Lower Hutt, Wellington",42y 118d,Samoa,Middle order Batter,Right hand Bat,Right arm Offbreak,2006 - 2025,2009,IPL 2009,RCB,11,11,2,280,81*,31.11,208,134.61,0,1,20,15,3,0,0,13.00,6,-,-,-,-,0,0,0,"December 22, 2006","October 15, 2025","March 01, 2006","April 04, 2022"
38699,Luteru Ross Poutoa Lote Taylor,"March 08, 1984, Lower Hutt, Wellington",42y 118d,Samoa,Middle order Batter,Right hand Bat,Right arm Offbreak,2006 - 2025,2007/08,IPL 2007/08,RCB,4,4,0,149,53,37.25,81,183.95,0,1,13,10,0,0,-,-,-,-,-,-,-,-,-,-,"December 22, 2006","October 15, 2025","March 01, 2006","April 04, 2022"
820351,Rovman Powell,"July 23, 1993, Jamaica",32y 346d,West Indies,Middle order Batter,Right hand Bat,Right arm Medium fast,2016 - 2026,2026,IPL 2026,KKR,11,7,2,190,40,38.00,141,134.75,0,0,16,10,6,0,-,-,-,-,-,-,-,-,-,-,"March 26, 2017","June 14, 2026","November 16, 2016","July 27, 2023"
820351,Rovman Powell,"July 23, 1993, Jamaica",32y 346d,West Indies,Middle order Batter,Right hand Bat,Right arm Medium fast,2016 - 2026,2025,IPL 2025,KKR,2,1,0,5,5,5.00,5,100.00,0,0,1,0,1,0,-,-,-,-,-,-,-,-,-,-,"March 26, 2017","June 14, 2026","November 16, 2016","July 27, 2023"
820351,Rovman Powell,"July 23, 1993, Jamaica",32y 346d,West Indies,Middle order Batter,Right hand Bat,Right arm Medium fast,2016 - 2026,2024,IPL 2024,RR,10,7,1,103,27,17.16,68,151.47,0,0,10,6,7,0,-,-,-,-,-,-,-,-,-,-,"March 26, 2017","June 14, 2026","November 16, 2016","July 27, 2023"
820351,Rovman Powell,"July 23, 1993, Jamaica",32y 346d,West Indies,Middle order Batter,Right hand Bat,Right arm Medium fast,2016 - 2026,2023,IPL 2023,DC,3,3,0,7,4,2.33,9,77.77,0,0,1,0,0,0,1,9.00,12,1/18,1/18,18.00,12.0,0,0,0,"March 26, 2017","June 14, 2026","November 16, 2016","July 27, 2023"
820351,Rovman Powell,"July 23, 1993, Jamaica",32y 346d,West Indies,Middle order Batter,Right hand Bat,Right arm Medium fast,2016 - 2026,2022,IPL 2022,DC,14,12,2,250,67*,25.00,167,149.70,0,1,10,22,10,0,0,17.00,6,-,-,-,-,0,0,0,"March 26, 2017","June 14, 2026","November 16, 2016","July 27, 2023"
1451028,Sahil Ulhas Parakh,"June 07, 2007, Nashik, Maharashtra",19y 27d,India,Top order Batter,Left hand Bat,Legbreak,-,2026,IPL 2026,DC,4,4,0,46,24,11.50,33,139.39,0,0,5,2,1,0,-,-,-,-,-,-,-,-,-,-,,,,
297628,Samuel William Billings,"June 15, 1991, Pembury, Kent",35y 19d,England,Wicketkeeper Batter,Right hand Bat,,2015 - 2022,2022,IPL 2022,KKR,8,8,1,169,36,24.14,138,122.46,0,0,9,10,6,1,-,-,-,-,-,-,-,-,-,-,"June 23, 2015","January 30, 2022","June 09, 2015","November 22, 2022"
297628,Samuel William Billings,"June 15, 1991, Pembury, Kent",35y 19d,England,Wicketkeeper Batter,Right hand Bat,,2015 - 2022,2019,IPL 2019,CSK,1,1,0,0,0,0.00,4,0.00,0,0,0,0,1,0,-,-,-,-,-,-,-,-,-,-,"June 23, 2015","January 30, 2022","June 09, 2015","November 22, 2022"
297628,Samuel William Billings,"June 15, 1991, Pembury, Kent",35y 19d,England,Wicketkeeper Batter,Right hand Bat,,2015 - 2022,2018,IPL 2018,CSK,10,8,0,108,56,13.50,78,138.46,0,1,8,5,5,0,-,-,-,-,-,-,-,-,-,-,"June 23, 2015","January 30, 2022","June 09, 2015","November 22, 2022"
297628,Samuel William Billings,"June 15, 1991, Pembury, Kent",35y 19d,England,Wicketkeeper Batter,Right hand Bat,,2015 - 2022,2017,IPL 2017,DC,6,6,0,138,55,23.00,104,132.69,0,1,19,1,4,0,-,-,-,-,-,-,-,-,-,-,"June 23, 2015","January 30, 2022","June 09, 2015","November 22, 2022"
297628,Samuel William Billings,"June 15, 1991, Pembury, Kent",35y 19d,England,Wicketkeeper Batter,Right hand Bat,,2015 - 2022,2016,IPL 2016,DC,5,4,0,88,54,22.00,64,137.50,0,1,4,4,3,0,-,-,-,-,-,-,-,-,-,-,"June 23, 2015","January 30, 2022","June 09, 2015","November 22, 2022"
1175489,Sameer Rizvi,"December 06, 2003, Meerut, Uttar Pradesh",22y 210d,India,Allrounder,Right hand Bat,Right arm Offbreak,-,2026,IPL 2026,DC,11,9,2,252,90,36.00,171,147.36,0,2,15,17,3,0,-,-,-,-,-,-,-,-,-,-,,,,
1175489,Sameer Rizvi,"December 06, 2003, Meerut, Uttar Pradesh",22y 210d,India,Allrounder,Right hand Bat,Right arm Offbreak,-,2025,IPL 2025,DC,5,4,1,121,58*,40.33,79,153.16,0,1,11,7,2,0,-,-,-,-,-,-,-,-,-,-,,,,
1175489,Sameer Rizvi,"December 06, 2003, Meerut, Uttar Pradesh",22y 210d,India,Allrounder,Right hand Bat,Right arm Offbreak,-,2024,IPL 2024,CSK,8,5,1,51,21,12.75,43,118.60,0,0,4,2,1,0,-,-,-,-,-,-,-,-,-,-,,,,
960361,Sandeep Lamichhane,"August 02, 2000, Syangja",25y 336d,Nepal,Bowler,Right hand Bat,Legbreak Googly,2018 - 2026,2019,IPL 2019,DC,6,1,0,0,0,0.00,1,0.00,0,0,0,0,2,0,8,9.13,138,3/40,3/40,26.25,17.2,0,0,0,"May 31, 2018","June 08, 2026","August 01, 2018","May 22, 2026"
960361,Sandeep Lamichhane,"August 02, 2000, Syangja",25y 336d,Nepal,Bowler,Right hand Bat,Legbreak Googly,2018 - 2026,2018,IPL 2018,DC,3,-,-,-,-,-,-,-,-,-,-,-,0,0,5,6.83,72,3/36,3/36,16.40,14.4,0,0,0,"May 31, 2018","June 08, 2026","August 01, 2018","May 22, 2026"
425943,Sanju Viswanath Samson,"November 11, 1994, Pulluvila, Vizhinjam, Trivandrum",31y 235d,India,Wicketkeeper Batter,Right hand Bat,,2014 - 2026,2026,IPL 2026,CSK,14,14,3,477,115*,43.36,288,165.62,2,1,53,24,4,2,-,-,-,-,-,-,-,-,-,-,"July 19, 2015","July 01, 2026","July 23, 2021","December 21, 2023"
425943,Sanju Viswanath Samson,"November 11, 1994, Pulluvila, Vizhinjam, Trivandrum",31y 235d,India,Wicketkeeper Batter,Right hand Bat,,2014 - 2026,2025,IPL 2025,RR,9,9,1,285,66,35.62,203,140.39,0,1,27,13,4,1,-,-,-,-,-,-,-,-,-,-,"July 19, 2015","July 01, 2026","July 23, 2021","December 21, 2023"
425943,Sanju Viswanath Samson,"November 11, 1994, Pulluvila, Vizhinjam, Trivandrum",31y 235d,India,Wicketkeeper Batter,Right hand Bat,,2014 - 2026,2024,IPL 2024,RR,16,15,4,531,86,48.27,346,153.46,0,5,48,24,6,1,-,-,-,-,-,-,-,-,-,-,"July 19, 2015","July 01, 2026","July 23, 2021","December 21, 2023"
425943,Sanju Viswanath Samson,"November 11, 1994, Pulluvila, Vizhinjam, Trivandrum",31y 235d,India,Wicketkeeper Batter,Right hand Bat,,2014 - 2026,2023,IPL 2023,RR,14,14,2,362,66*,30.16,236,153.38,0,3,25,24,3,3,-,-,-,-,-,-,-,-,-,-,"July 19, 2015","July 01, 2026","July 23, 2021","December 21, 2023"
425943,Sanju Viswanath Samson,"November 11, 1994, Pulluvila, Vizhinjam, Trivandrum",31y 235d,India,Wicketkeeper Batter,Right hand Bat,,2014 - 2026,2022,IPL 2022,RR,17,17,1,458,55,28.62,312,146.79,0,2,43,26,14,2,-,-,-,-,-,-,-,-,-,-,"July 19, 2015","July 01, 2026","July 23, 2021","December 21, 2023"
425943,Sanju Viswanath Samson,"November 11, 1994, Pulluvila, Vizhinjam, Trivandrum",31y 235d,India,Wicketkeeper Batter,Right hand Bat,,2014 - 2026,2021,IPL 2021,RR,14,14,2,484,119,40.33,354,136.72,1,2,45,17,7,4,-,-,-,-,-,-,-,-,-,-,"July 19, 2015","July 01, 2026","July 23, 2021","December 21, 2023"
425943,Sanju Viswanath Samson,"November 11, 1994, Pulluvila, Vizhinjam, Trivandrum",31y 235d,India,Wicketkeeper Batter,Right hand Bat,,2014 - 2026,2020/21,IPL 2020/21,RR,14,14,1,375,85,28.84,236,158.89,0,3,21,26,9,2,-,-,-,-,-,-,-,-,-,-,"July 19, 2015","July 01, 2026","July 23, 2021","December 21, 2023"
425943,Sanju Viswanath Samson,"November 11, 1994, Pulluvila, Vizhinjam, Trivandrum",31y 235d,India,Wicketkeeper Batter,Right hand Bat,,2014 - 2026,2019,IPL 2019,RR,12,12,2,342,102*,34.20,230,148.69,1,0,28,13,4,1,-,-,-,-,-,-,-,-,-,-,"July 19, 2015","July 01, 2026","July 23, 2021","December 21, 2023"
425943,Sanju Viswanath Samson,"November 11, 1994, Pulluvila, Vizhinjam, Trivandrum",31y 235d,India,Wicketkeeper Batter,Right hand Bat,,2014 - 2026,2018,IPL 2018,RR,15,15,1,441,92*,31.50,320,137.81,0,3,30,19,5,0,-,-,-,-,-,-,-,-,-,-,"July 19, 2015","July 01, 2026","July 23, 2021","December 21, 2023"
425943,Sanju Viswanath Samson,"November 11, 1994, Pulluvila, Vizhinjam, Trivandrum",31y 235d,India,Wicketkeeper Batter,Right hand Bat,,2014 - 2026,2017,IPL 2017,DC,14,14,0,386,102,27.57,273,141.39,1,2,32,19,4,0,-,-,-,-,-,-,-,-,-,-,"July 19, 2015","July 01, 2026","July 23, 2021","December 21, 2023"
425943,Sanju Viswanath Samson,"November 11, 1994, Pulluvila, Vizhinjam, Trivandrum",31y 235d,India,Wicketkeeper Batter,Right hand Bat,,2014 - 2026,2016,IPL 2016,DC,14,14,3,291,60,26.45,259,112.35,0,1,20,8,3,1,-,-,-,-,-,-,-,-,-,-,"July 19, 2015","July 01, 2026","July 23, 2021","December 21, 2023"
425943,Sanju Viswanath Samson,"November 11, 1994, Pulluvila, Vizhinjam, Trivandrum",31y 235d,India,Wicketkeeper Batter,Right hand Bat,,2014 - 2026,2015,IPL 2015,RR,14,11,1,204,76,20.40,163,125.15,0,1,16,8,9,0,-,-,-,-,-,-,-,-,-,-,"July 19, 2015","July 01, 2026","July 23, 2021","December 21, 2023"
425943,Sanju Viswanath Samson,"November 11, 1994, Pulluvila, Vizhinjam, Trivandrum",31y 235d,India,Wicketkeeper Batter,Right hand Bat,,2014 - 2026,2014,IPL 2014,RR,13,13,0,339,74,26.07,273,124.17,0,2,25,17,5,2,-,-,-,-,-,-,-,-,-,-,"July 19, 2015","July 01, 2026","July 23, 2021","December 21, 2023"
425943,Sanju Viswanath Samson,"November 11, 1994, Pulluvila, Vizhinjam, Trivandrum",31y 235d,India,Wicketkeeper Batter,Right hand Bat,,2014 - 2026,2013,IPL 2013,RR,11,10,2,206,63,25.75,178,115.73,0,1,19,5,13,0,-,-,-,-,-,-,-,-,-,-,"July 19, 2015","July 01, 2026","July 23, 2021","December 21, 2023"
317292,Sarabjit Ladda,"July 10, 1986, Patiala",39y 359d,India,Bowler,Right hand Bat,Legbreak,-,2016,IPL 2016,GL,1,-,-,-,-,-,-,-,-,-,-,-,0,0,0,10.50,12,-,-,-,-,0,0,0,,,,
317292,Sarabjit Ladda,"July 10, 1986, Patiala",39y 359d,India,Bowler,Right hand Bat,Legbreak,-,2013,IPL 2013,KKR,1,-,-,-,-,-,-,-,-,-,-,-,0,0,1,9.00,12,1/18,1/18,18.00,12.0,0,0,0,,,,
317292,Sarabjit Ladda,"July 10, 1986, Patiala",39y 359d,India,Bowler,Right hand Bat,Legbreak,-,2011,IPL 2011,KKR,2,-,-,-,-,-,-,-,-,-,-,-,1,0,0,10.50,24,-,-,-,-,0,0,0,,,,
317292,Sarabjit Ladda,"July 10, 1986, Patiala",39y 359d,India,Bowler,Right hand Bat,Legbreak,-,2009/10,IPL 2009/10,DC,5,2,1,0,0*,0.00,9,0.00,0,0,0,0,0,0,4,9.53,90,2/44,2/44,35.75,22.5,0,0,0,,,,
35390,Saurabh Sunil Tiwary,"December 30, 1989, Jamshedpur, Bihar",36y 186d,India,Top order Batter,Left hand Bat,,2010 - 2010,2021,IPL 2021,MI,5,4,2,115,50*,57.50,97,118.55,0,1,10,2,1,0,-,-,-,-,-,-,-,-,-,-,,,"October 20, 2010","December 10, 2010"
35390,Saurabh Sunil Tiwary,"December 30, 1989, Jamshedpur, Bihar",36y 186d,India,Top order Batter,Left hand Bat,,2010 - 2010,2020/21,IPL 2020/21,MI,7,5,0,103,42,20.60,80,128.75,0,0,8,3,1,0,-,-,-,-,-,-,-,-,-,-,,,"October 20, 2010","December 10, 2010"
35390,Saurabh Sunil Tiwary,"December 30, 1989, Jamshedpur, Bihar",36y 186d,India,Top order Batter,Left hand Bat,,2010 - 2010,2017,IPL 2017,MI,1,1,0,52,52,52.00,43,120.93,0,1,9,0,0,0,-,-,-,-,-,-,-,-,-,-,,,"October 20, 2010","December 10, 2010"
35390,Saurabh Sunil Tiwary,"December 30, 1989, Jamshedpur, Bihar",36y 186d,India,Top order Batter,Left hand Bat,,2010 - 2010,2016,IPL 2016,RPS,10,8,1,170,57,24.28,141,120.56,0,2,17,4,4,0,-,-,-,-,-,-,-,-,-,-,,,"October 20, 2010","December 10, 2010"
35390,Saurabh Sunil Tiwary,"December 30, 1989, Jamshedpur, Bihar",36y 186d,India,Top order Batter,Left hand Bat,,2010 - 2010,2015,IPL 2015,DC,7,6,6,109,28*,-,78,139.74,0,0,9,5,5,0,-,-,-,-,-,-,-,-,-,-,,,"October 20, 2010","December 10, 2010"
35390,Saurabh Sunil Tiwary,"December 30, 1989, Jamshedpur, Bihar",36y 186d,India,Top order Batter,Left hand Bat,,2010 - 2010,2013,IPL 2013,RCB,9,6,2,109,52,27.25,106,102.83,0,1,4,4,2,0,-,-,-,-,-,-,-,-,-,-,,,"October 20, 2010","December 10, 2010"
35390,Saurabh Sunil Tiwary,"December 30, 1989, Jamshedpur, Bihar",36y 186d,India,Top order Batter,Left hand Bat,,2010 - 2010,2012,IPL 2012,RCB,15,11,3,191,36*,23.87,170,112.35,0,0,9,8,3,0,-,-,-,-,-,-,-,-,-,-,,,"October 20, 2010","December 10, 2010"
35390,Saurabh Sunil Tiwary,"December 30, 1989, Jamshedpur, Bihar",36y 186d,India,Top order Batter,Left hand Bat,,2010 - 2010,2011,IPL 2011,RCB,16,13,5,187,42*,23.37,188,99.46,0,0,13,5,5,0,-,-,-,-,-,-,-,-,-,-,,,"October 20, 2010","December 10, 2010"
35390,Saurabh Sunil Tiwary,"December 30, 1989, Jamshedpur, Bihar",36y 186d,India,Top order Batter,Left hand Bat,,2010 - 2010,2009/10,IPL 2009/10,MI,16,15,1,419,61,29.92,309,135.59,0,3,29,18,3,0,-,-,-,-,-,-,-,-,-,-,,,"October 20, 2010","December 10, 2010"
35390,Saurabh Sunil Tiwary,"December 30, 1989, Jamshedpur, Bihar",36y 186d,India,Top order Batter,Left hand Bat,,2010 - 2010,2009,IPL 2009,MI,4,3,2,13,6*,13.00,12,108.33,0,0,0,0,0,0,-,-,-,-,-,-,-,-,-,-,,,"October 20, 2010","December 10, 2010"
35390,Saurabh Sunil Tiwary,"December 30, 1989, Jamshedpur, Bihar",36y 186d,India,Top order Batter,Left hand Bat,,2010 - 2010,2007/08,IPL 2007/08,MI,3,2,0,26,17,13.00,20,130.00,0,0,3,1,1,0,-,-,-,-,-,-,-,-,-,-,,,"October 20, 2010","December 10, 2010"
1161050,Sediqullah Atal,"August 12, 2001",24y 326d,Afghanistan,Opening Batter,Left hand Bat,,2023 - 2026,2025,IPL 2025,DC,1,1,0,22,22,22.00,16,137.50,0,0,0,2,0,0,-,-,-,-,-,-,-,-,-,-,"March 27, 2023","February 19, 2026","November 06, 2024","June 17, 2026"
31872,Shahbaz Nadeem,"August 12, 1989, Bokaro, Bihar",36y 326d,India,Bowler,Right hand Bat,Slow Left arm Orthodox,2019 - 2021,2021,IPL 2021,SRH,1,1,0,0,0,0.00,1,0.00,0,0,0,0,1,0,1,9.00,24,1/36,1/36,36.00,24.0,0,0,0,,,,
31872,Shahbaz Nadeem,"August 12, 1989, Bokaro, Bihar",36y 326d,India,Bowler,Right hand Bat,Slow Left arm Orthodox,2019 - 2021,2020/21,IPL 2020/21,SRH,7,2,1,7,5,7.00,8,87.50,0,0,1,0,1,0,5,8.09,132,2/19,2/19,35.60,26.4,0,0,0,,,,
31872,Shahbaz Nadeem,"August 12, 1989, Bokaro, Bihar",36y 326d,India,Bowler,Right hand Bat,Slow Left arm Orthodox,2019 - 2021,2019,IPL 2019,SRH,3,-,-,-,-,-,-,-,-,-,-,-,0,0,2,10.00,54,1/24,1/24,45.00,27.0,0,0,0,,,,
31872,Shahbaz Nadeem,"August 12, 1989, Bokaro, Bihar",36y 326d,India,Bowler,Right hand Bat,Slow Left arm Orthodox,2019 - 2021,2018,IPL 2018,DC,6,1,1,6,6*,-,8,75.00,0,0,0,0,1,0,3,10.73,90,2/34,2/34,53.66,30.0,0,0,0,,,,
31872,Shahbaz Nadeem,"August 12, 1989, Bokaro, Bihar",36y 326d,India,Bowler,Right hand Bat,Slow Left arm Orthodox,2019 - 2021,2017,IPL 2017,DC,7,4,1,2,2,0.66,9,22.22,0,0,0,0,2,0,6,6.67,107,2/13,2/13,19.83,17.8,0,0,0,,,,
31872,Shahbaz Nadeem,"August 12, 1989, Bokaro, Bihar",36y 326d,India,Bowler,Right hand Bat,Slow Left arm Orthodox,2019 - 2021,2016,IPL 2016,DC,4,1,1,1,1*,-,5,20.00,0,0,0,0,0,0,2,8.46,90,2/23,2/23,63.50,45.0,0,0,0,,,,
31872,Shahbaz Nadeem,"August 12, 1989, Bokaro, Bihar",36y 326d,India,Bowler,Right hand Bat,Slow Left arm Orthodox,2019 - 2021,2015,IPL 2015,DC,4,1,0,2,2,2.00,7,28.57,0,0,0,0,3,0,0,6.14,42,-,-,-,-,0,0,0,,,,
31872,Shahbaz Nadeem,"August 12, 1989, Bokaro, Bihar",36y 326d,India,Bowler,Right hand Bat,Slow Left arm Orthodox,2019 - 2021,2014,IPL 2014,DC,11,3,1,7,3*,3.50,19,36.84,0,0,0,0,0,0,8,8.18,228,2/35,2/35,38.87,28.5,0,0,0,,,,
31872,Shahbaz Nadeem,"August 12, 1989, Bokaro, Bihar",36y 326d,India,Bowler,Right hand Bat,Slow Left arm Orthodox,2019 - 2021,2013,IPL 2013,DC,12,6,1,14,6,2.80,27,51.85,0,0,1,0,5,0,9,5.88,264,2/17,2/17,28.77,29.3,0,0,0,,,,
31872,Shahbaz Nadeem,"August 12, 1989, Bokaro, Bihar",36y 326d,India,Bowler,Right hand Bat,Slow Left arm Orthodox,2019 - 2021,2012,IPL 2012,DC,12,1,1,0,0*,-,2,0.00,0,0,0,0,3,0,8,7.06,270,3/16,3/16,39.75,33.7,0,0,0,,,,
31872,Shahbaz Nadeem,"August 12, 1989, Bokaro, Bihar",36y 326d,India,Bowler,Right hand Bat,Slow Left arm Orthodox,2019 - 2021,2011,IPL 2011,DC,5,2,1,0,0*,0.00,1,0.00,0,0,0,0,0,0,4,7.47,114,2/39,2/39,35.50,28.5,0,0,0,,,,
581379,Shai Diego Hope,"November 10, 1993, Barbados",32y 236d,West Indies,Wicketkeeper Batter,Right hand Bat,,2015 - 2026,2024,IPL 2024,DC,9,9,1,183,41,22.87,122,150.00,0,0,12,12,6,0,-,-,-,-,-,-,-,-,-,-,"December 29, 2017","June 14, 2026","November 16, 2016","June 06, 2026"
475281,Shardul Narendra Thakur,"October 16, 1991, Palghar, Maharashtra",34y 261d,India,Bowling Allrounder,Right hand Bat,Right arm Medium,2017 - 2025,2026,IPL 2026,MI,9,3,1,24,10*,12.00,30,80.00,0,0,2,0,0,0,12,12.27,132,4/39,4/39,22.50,11.0,1,0,0,"February 21, 2018","February 20, 2022","August 31, 2017","October 19, 2023"
475281,Shardul Narendra Thakur,"October 16, 1991, Palghar, Maharashtra",34y 261d,India,Bowling Allrounder,Right hand Bat,Right arm Medium,2017 - 2025,2025,IPL 2025,LSG,10,5,2,18,6,6.00,12,150.00,0,0,3,0,4,0,13,11.02,204,4/34,4/34,28.84,15.6,1,0,0,"February 21, 2018","February 20, 2022","August 31, 2017","October 19, 2023"
475281,Shardul Narendra Thakur,"October 16, 1991, Palghar, Maharashtra",34y 261d,India,Bowling Allrounder,Right hand Bat,Right arm Medium,2017 - 2025,2024,IPL 2024,CSK,9,3,2,21,17,21.00,17,123.52,0,0,2,1,4,0,5,9.75,190,2/61,2/61,61.80,38.0,0,0,0,"February 21, 2018","February 20, 2022","August 31, 2017","October 19, 2023"
475281,Shardul Narendra Thakur,"October 16, 1991, Palghar, Maharashtra",34y 261d,India,Bowling Allrounder,Right hand Bat,Right arm Medium,2017 - 2025,2023,IPL 2023,KKR,11,10,2,113,68,14.12,70,161.42,0,1,13,4,4,0,7,10.47,126,2/23,2/23,31.42,18.0,0,0,0,"February 21, 2018","February 20, 2022","August 31, 2017","October 19, 2023"
475281,Shardul Narendra Thakur,"October 16, 1991, Palghar, Maharashtra",34y 261d,India,Bowling Allrounder,Right hand Bat,Right arm Medium,2017 - 2025,2022,IPL 2022,DC,14,10,2,120,29*,15.00,87,137.93,0,0,7,7,7,0,15,9.78,290,4/36,4/36,31.53,19.3,1,0,0,"February 21, 2018","February 20, 2022","August 31, 2017","October 19, 2023"
475281,Shardul Narendra Thakur,"October 16, 1991, Palghar, Maharashtra",34y 261d,India,Bowling Allrounder,Right hand Bat,Right arm Medium,2017 - 2025,2021,IPL 2021,CSK,16,4,2,5,3*,2.50,5,100.00,0,0,0,0,2,0,21,8.80,359,3/28,3/28,25.09,17.0,0,0,0,"February 21, 2018","February 20, 2022","August 31, 2017","October 19, 2023"
475281,Shardul Narendra Thakur,"October 16, 1991, Palghar, Maharashtra",34y 261d,India,Bowling Allrounder,Right hand Bat,Right arm Medium,2017 - 2025,2020/21,IPL 2020/21,CSK,9,2,1,12,11,12.00,21,57.14,0,0,0,0,2,0,10,8.50,194,2/28,2/28,27.50,19.4,0,0,0,"February 21, 2018","February 20, 2022","August 31, 2017","October 19, 2023"
475281,Shardul Narendra Thakur,"October 16, 1991, Palghar, Maharashtra",34y 261d,India,Bowling Allrounder,Right hand Bat,Right arm Medium,2017 - 2025,2019,IPL 2019,CSK,10,3,1,14,12*,7.00,7,200.00,0,0,1,1,5,0,8,9.36,180,2/18,2/18,35.12,22.5,0,0,0,"February 21, 2018","February 20, 2022","August 31, 2017","October 19, 2023"
475281,Shardul Narendra Thakur,"October 16, 1991, Palghar, Maharashtra",34y 261d,India,Bowling Allrounder,Right hand Bat,Right arm Medium,2017 - 2025,2018,IPL 2018,CSK,13,1,1,15,15*,-,5,300.00,0,0,3,0,4,0,16,9.23,280,2/18,2/18,26.93,17.5,0,0,0,"February 21, 2018","February 20, 2022","August 31, 2017","October 19, 2023"
475281,Shardul Narendra Thakur,"October 16, 1991, Palghar, Maharashtra",34y 261d,India,Bowling Allrounder,Right hand Bat,Right arm Medium,2017 - 2025,2017,IPL 2017,RPS,12,3,0,0,0,0.00,3,0.00,0,0,0,0,4,0,11,8.25,229,3/19,3/19,28.63,20.8,0,0,0,"February 21, 2018","February 20, 2022","August 31, 2017","October 19, 2023"
475281,Shardul Narendra Thakur,"October 16, 1991, Palghar, Maharashtra",34y 261d,India,Bowling Allrounder,Right hand Bat,Right arm Medium,2017 - 2025,2015,IPL 2015,PBKS,1,1,1,7,7*,-,6,116.66,0,0,1,0,0,0,1,12.66,18,1/38,1/38,38.00,18.0,0,0,0,"February 21, 2018","February 20, 2022","August 31, 2017","October 19, 2023"
914541,Sherfane Eviston Rutherford,"August 15, 1998",27y 323d,West Indies,Middle order Batter,Left hand Bat,Right arm Fast medium,2018 - 2026,2026,IPL 2026,MI,8,7,2,123,71*,24.60,75,164.00,0,1,5,12,1,0,-,-,-,-,-,-,-,-,-,-,"December 22, 2018","June 14, 2026","December 03, 2023","June 06, 2026"
914541,Sherfane Eviston Rutherford,"August 15, 1998",27y 323d,West Indies,Middle order Batter,Left hand Bat,Right arm Fast medium,2018 - 2026,2025,IPL 2025,GT,13,11,2,291,46,32.33,185,157.29,0,0,22,18,1,0,-,-,-,-,-,-,-,-,-,-,"December 22, 2018","June 14, 2026","December 03, 2023","June 06, 2026"
914541,Sherfane Eviston Rutherford,"August 15, 1998",27y 323d,West Indies,Middle order Batter,Left hand Bat,Right arm Fast medium,2018 - 2026,2022,IPL 2022,RCB,3,2,0,33,28,16.50,50,66.00,0,0,1,1,0,0,-,-,-,-,-,-,-,-,-,-,"December 22, 2018","June 14, 2026","December 03, 2023","June 06, 2026"
914541,Sherfane Eviston Rutherford,"August 15, 1998",27y 323d,West Indies,Middle order Batter,Left hand Bat,Right arm Fast medium,2018 - 2026,2019,IPL 2019,DC,7,7,2,73,28*,14.60,54,135.18,0,0,2,7,5,0,1,8.63,41,1/6,1/6,59.00,41.0,0,0,0,"December 22, 2018","June 14, 2026","December 03, 2023","June 06, 2026"
28235,Shikhar Dhawan,"December 05, 1985, Delhi",40y 211d,India,Opening Batter,Left hand Bat,Right arm Offbreak,2010 - 2022,2024,IPL 2024,PBKS,5,5,0,152,70,30.40,121,125.61,0,1,18,4,3,0,-,-,-,-,-,-,-,-,-,-,"June 04, 2011","July 29, 2021","October 20, 2010","December 10, 2022"
28235,Shikhar Dhawan,"December 05, 1985, Delhi",40y 211d,India,Opening Batter,Left hand Bat,Right arm Offbreak,2010 - 2022,2023,IPL 2023,PBKS,11,11,2,373,99*,41.44,261,142.91,0,3,49,12,4,0,-,-,-,-,-,-,-,-,-,-,"June 04, 2011","July 29, 2021","October 20, 2010","December 10, 2022"
28235,Shikhar Dhawan,"December 05, 1985, Delhi",40y 211d,India,Opening Batter,Left hand Bat,Right arm Offbreak,2010 - 2022,2022,IPL 2022,PBKS,14,14,2,460,88*,38.33,375,122.66,0,3,47,12,10,0,-,-,-,-,-,-,-,-,-,-,"June 04, 2011","July 29, 2021","October 20, 2010","December 10, 2022"
28235,Shikhar Dhawan,"December 05, 1985, Delhi",40y 211d,India,Opening Batter,Left hand Bat,Right arm Offbreak,2010 - 2022,2021,IPL 2021,DC,16,16,1,587,92,39.13,471,124.62,0,3,63,16,9,0,-,-,-,-,-,-,-,-,-,-,"June 04, 2011","July 29, 2021","October 20, 2010","December 10, 2022"
28235,Shikhar Dhawan,"December 05, 1985, Delhi",40y 211d,India,Opening Batter,Left hand Bat,Right arm Offbreak,2010 - 2022,2020/21,IPL 2020/21,DC,17,17,3,618,106*,44.14,427,144.73,2,4,67,12,5,0,-,-,-,-,-,-,-,-,-,-,"June 04, 2011","July 29, 2021","October 20, 2010","December 10, 2022"
28235,Shikhar Dhawan,"December 05, 1985, Delhi",40y 211d,India,Opening Batter,Left hand Bat,Right arm Offbreak,2010 - 2022,2019,IPL 2019,DC,16,16,1,521,97*,34.73,384,135.67,0,5,64,11,5,0,-,-,-,-,-,-,-,-,-,-,"June 04, 2011","July 29, 2021","October 20, 2010","December 10, 2022"
28235,Shikhar Dhawan,"December 05, 1985, Delhi",40y 211d,India,Opening Batter,Left hand Bat,Right arm Offbreak,2010 - 2022,2018,IPL 2018,SRH,16,16,3,497,92*,38.23,363,136.91,0,4,59,14,12,0,-,-,-,-,-,-,-,-,-,-,"June 04, 2011","July 29, 2021","October 20, 2010","December 10, 2022"
28235,Shikhar Dhawan,"December 05, 1985, Delhi",40y 211d,India,Opening Batter,Left hand Bat,Right arm Offbreak,2010 - 2022,2017,IPL 2017,SRH,14,14,1,479,77,36.84,376,127.39,0,3,53,9,7,0,-,-,-,-,-,-,-,-,-,-,"June 04, 2011","July 29, 2021","October 20, 2010","December 10, 2022"
28235,Shikhar Dhawan,"December 05, 1985, Delhi",40y 211d,India,Opening Batter,Left hand Bat,Right arm Offbreak,2010 - 2022,2016,IPL 2016,SRH,17,17,4,501,82*,38.53,429,116.78,0,4,51,8,5,0,-,-,-,-,-,-,-,-,-,-,"June 04, 2011","July 29, 2021","October 20, 2010","December 10, 2022"
28235,Shikhar Dhawan,"December 05, 1985, Delhi",40y 211d,India,Opening Batter,Left hand Bat,Right arm Offbreak,2010 - 2022,2015,IPL 2015,SRH,14,14,1,353,54,27.15,286,123.42,0,3,45,6,6,0,-,-,-,-,-,-,-,-,-,-,"June 04, 2011","July 29, 2021","October 20, 2010","December 10, 2022"
28235,Shikhar Dhawan,"December 05, 1985, Delhi",40y 211d,India,Opening Batter,Left hand Bat,Right arm Offbreak,2010 - 2022,2014,IPL 2014,SRH,14,14,1,377,64*,29.00,319,118.18,0,2,49,7,5,0,-,-,-,-,-,-,-,-,-,-,"June 04, 2011","July 29, 2021","October 20, 2010","December 10, 2022"
28235,Shikhar Dhawan,"December 05, 1985, Delhi",40y 211d,India,Opening Batter,Left hand Bat,Right arm Offbreak,2010 - 2022,2013,IPL 2013,SRH,10,10,2,311,73*,38.87,253,122.92,0,3,37,5,3,0,-,-,-,-,-,-,-,-,-,-,"June 04, 2011","July 29, 2021","October 20, 2010","December 10, 2022"
28235,Shikhar Dhawan,"December 05, 1985, Delhi",40y 211d,India,Opening Batter,Left hand Bat,Right arm Offbreak,2010 - 2022,2012,IPL 2012,DCH,15,15,1,569,84,40.64,439,129.61,0,5,58,18,5,0,3,9.16,36,1/8,1/8,18.33,12.0,0,0,0,"June 04, 2011","July 29, 2021","October 20, 2010","December 10, 2022"
28235,Shikhar Dhawan,"December 05, 1985, Delhi",40y 211d,India,Opening Batter,Left hand Bat,Right arm Offbreak,2010 - 2022,2011,IPL 2011,DCH,14,14,2,400,95*,33.33,310,129.03,0,2,47,7,6,0,1,5.50,12,1/7,1/7,11.00,12.0,0,0,0,"June 04, 2011","July 29, 2021","October 20, 2010","December 10, 2022"
28235,Shikhar Dhawan,"December 05, 1985, Delhi",40y 211d,India,Opening Batter,Left hand Bat,Right arm Offbreak,2010 - 2022,2009/10,IPL 2009/10,MI,10,10,0,191,56,19.10,170,112.35,0,2,23,3,4,0,-,-,-,-,-,-,-,-,-,-,"June 04, 2011","July 29, 2021","October 20, 2010","December 10, 2022"
28235,Shikhar Dhawan,"December 05, 1985, Delhi",40y 211d,India,Opening Batter,Left hand Bat,Right arm Offbreak,2010 - 2022,2009,IPL 2009,MI,5,4,0,40,22,10.00,45,88.88,0,0,3,0,2,0,-,-,-,-,-,-,-,-,-,-,"June 04, 2011","July 29, 2021","October 20, 2010","December 10, 2022"
28235,Shikhar Dhawan,"December 05, 1985, Delhi",40y 211d,India,Opening Batter,Left hand Bat,Right arm Offbreak,2010 - 2022,2007/08,IPL 2007/08,DC,14,14,5,340,68*,37.77,295,115.25,0,4,35,8,8,0,-,-,-,-,-,-,-,-,-,-,"June 04, 2011","July 29, 2021","October 20, 2010","December 10, 2022"
670025,Shimron Odilon Hetmyer,"December 26, 1996, Cumberland, Berbice, Guyana",29y 190d,West Indies,Middle order Batter,Left hand Bat,,2017 - 2026,2026,IPL 2026,RR,8,7,1,78,22,13.00,69,113.04,0,0,5,3,5,0,-,-,-,-,-,-,-,-,-,-,"January 01, 2018","June 14, 2026","December 20, 2017","June 01, 2025"
670025,Shimron Odilon Hetmyer,"December 26, 1996, Cumberland, Berbice, Guyana",29y 190d,West Indies,Middle order Batter,Left hand Bat,,2017 - 2026,2025,IPL 2025,RR,14,13,2,239,52,21.72,164,145.73,0,1,17,11,13,0,-,-,-,-,-,-,-,-,-,-,"January 01, 2018","June 14, 2026","December 20, 2017","June 01, 2025"
670025,Shimron Odilon Hetmyer,"December 26, 1996, Cumberland, Berbice, Guyana",29y 190d,West Indies,Middle order Batter,Left hand Bat,,2017 - 2026,2024,IPL 2024,RR,12,9,4,113,27*,22.60,69,163.76,0,0,9,7,4,0,-,-,-,-,-,-,-,-,-,-,"January 01, 2018","June 14, 2026","December 20, 2017","June 01, 2025"
670025,Shimron Odilon Hetmyer,"December 26, 1996, Cumberland, Berbice, Guyana",29y 190d,West Indies,Middle order Batter,Left hand Bat,,2017 - 2026,2023,IPL 2023,RR,14,13,5,299,56*,37.37,197,151.77,0,1,12,23,11,0,-,-,-,-,-,-,-,-,-,-,"January 01, 2018","June 14, 2026","December 20, 2017","June 01, 2025"
670025,Shimron Odilon Hetmyer,"December 26, 1996, Cumberland, Berbice, Guyana",29y 190d,West Indies,Middle order Batter,Left hand Bat,,2017 - 2026,2022,IPL 2022,RR,15,15,8,314,59*,44.85,204,153.92,0,1,21,21,3,0,-,-,-,-,-,-,-,-,-,-,"January 01, 2018","June 14, 2026","December 20, 2017","June 01, 2025"
670025,Shimron Odilon Hetmyer,"December 26, 1996, Cumberland, Berbice, Guyana",29y 190d,West Indies,Middle order Batter,Left hand Bat,,2017 - 2026,2021,IPL 2021,DC,14,13,6,242,53*,34.57,144,168.05,0,1,19,12,4,0,-,-,-,-,-,-,-,-,-,-,"January 01, 2018","June 14, 2026","December 20, 2017","June 01, 2025"
670025,Shimron Odilon Hetmyer,"December 26, 1996, Cumberland, Berbice, Guyana",29y 190d,West Indies,Middle order Batter,Left hand Bat,,2017 - 2026,2020/21,IPL 2020/21,DC,12,11,3,185,45,23.12,125,148.00,0,0,11,12,7,0,-,-,-,-,-,-,-,-,-,-,"January 01, 2018","June 14, 2026","December 20, 2017","June 01, 2025"
670025,Shimron Odilon Hetmyer,"December 26, 1996, Cumberland, Berbice, Guyana",29y 190d,West Indies,Middle order Batter,Left hand Bat,,2017 - 2026,2019,IPL 2019,RCB,5,5,0,90,75,18.00,73,123.28,0,1,4,7,3,0,-,-,-,-,-,-,-,-,-,-,"January 01, 2018","June 14, 2026","December 20, 2017","June 01, 2025"
42657,Shoaib Malik,"February 01, 1982, Sialkot, Punjab",44y 153d,Pakistan,Allrounder,Right hand Bat,Right arm Offbreak,1999 - 2021,2007/08,IPL 2007/08,DC,7,5,1,52,24,13.00,47,110.63,0,0,5,0,5,0,2,10.00,51,1/6,1/6,42.50,25.5,0,0,0,"August 28, 2006","November 20, 2021","October 14, 1999","June 16, 2019"
642519,Shreyas Santosh Iyer,"December 06, 1994, Mumbai",31y 210d,India,Top order Batter,Right hand Bat,"Right arm Offbreak, Legbreak Googly",2017 - 2026,2026,IPL 2026,PBKS,14,13,4,498,101*,55.33,295,168.81,1,5,39,30,8,0,-,-,-,-,-,-,-,-,-,-,"November 01, 2017","July 01, 2026","December 10, 2017","June 20, 2026"
642519,Shreyas Santosh Iyer,"December 06, 1994, Mumbai",31y 210d,India,Top order Batter,Right hand Bat,"Right arm Offbreak, Legbreak Googly",2017 - 2026,2025,IPL 2025,PBKS,17,17,5,604,97*,50.33,345,175.07,0,6,43,39,7,0,-,-,-,-,-,-,-,-,-,-,"November 01, 2017","July 01, 2026","December 10, 2017","June 20, 2026"
642519,Shreyas Santosh Iyer,"December 06, 1994, Mumbai",31y 210d,India,Top order Batter,Right hand Bat,"Right arm Offbreak, Legbreak Googly",2017 - 2026,2024,IPL 2024,KKR,15,14,5,351,58*,39.00,239,146.86,0,2,34,14,10,0,-,-,-,-,-,-,-,-,-,-,"November 01, 2017","July 01, 2026","December 10, 2017","June 20, 2026"
642519,Shreyas Santosh Iyer,"December 06, 1994, Mumbai",31y 210d,India,Top order Batter,Right hand Bat,"Right arm Offbreak, Legbreak Googly",2017 - 2026,2022,IPL 2022,KKR,14,14,1,401,85,30.84,298,134.56,0,3,41,11,5,0,0,7.00,6,-,-,-,-,0,0,0,"November 01, 2017","July 01, 2026","December 10, 2017","June 20, 2026"
642519,Shreyas Santosh Iyer,"December 06, 1994, Mumbai",31y 210d,India,Top order Batter,Right hand Bat,"Right arm Offbreak, Legbreak Googly",2017 - 2026,2021,IPL 2021,DC,8,8,3,175,47*,35.00,171,102.33,0,0,7,5,6,0,-,-,-,-,-,-,-,-,-,-,"November 01, 2017","July 01, 2026","December 10, 2017","June 20, 2026"
642519,Shreyas Santosh Iyer,"December 06, 1994, Mumbai",31y 210d,India,Top order Batter,Right hand Bat,"Right arm Offbreak, Legbreak Googly",2017 - 2026,2020/21,IPL 2020/21,DC,17,17,2,519,88*,34.60,421,123.27,0,3,40,16,6,0,-,-,-,-,-,-,-,-,-,-,"November 01, 2017","July 01, 2026","December 10, 2017","June 20, 2026"
642519,Shreyas Santosh Iyer,"December 06, 1994, Mumbai",31y 210d,India,Top order Batter,Right hand Bat,"Right arm Offbreak, Legbreak Googly",2017 - 2026,2019,IPL 2019,DC,16,16,1,463,67,30.86,386,119.94,0,3,41,14,8,0,-,-,-,-,-,-,-,-,-,-,"November 01, 2017","July 01, 2026","December 10, 2017","June 20, 2026"
642519,Shreyas Santosh Iyer,"December 06, 1994, Mumbai",31y 210d,India,Top order Batter,Right hand Bat,"Right arm Offbreak, Legbreak Googly",2017 - 2026,2018,IPL 2018,DC,14,14,3,411,93*,37.36,310,132.58,0,4,29,21,5,0,-,-,-,-,-,-,-,-,-,-,"November 01, 2017","July 01, 2026","December 10, 2017","June 20, 2026"
642519,Shreyas Santosh Iyer,"December 06, 1994, Mumbai",31y 210d,India,Top order Batter,Right hand Bat,"Right arm Offbreak, Legbreak Googly",2017 - 2026,2017,IPL 2017,DC,12,12,2,338,96,33.80,243,139.09,0,2,36,10,3,0,-,-,-,-,-,-,-,-,-,-,"November 01, 2017","July 01, 2026","December 10, 2017","June 20, 2026"
642519,Shreyas Santosh Iyer,"December 06, 1994, Mumbai",31y 210d,India,Top order Batter,Right hand Bat,"Right arm Offbreak, Legbreak Googly",2017 - 2026,2016,IPL 2016,DC,6,6,0,30,19,5.00,43,69.76,0,0,2,1,4,0,-,-,-,-,-,-,-,-,-,-,"November 01, 2017","July 01, 2026","December 10, 2017","June 20, 2026"
642519,Shreyas Santosh Iyer,"December 06, 1994, Mumbai",31y 210d,India,Top order Batter,Right hand Bat,"Right arm Offbreak, Legbreak Googly",2017 - 2026,2015,IPL 2015,DC,14,14,1,439,83,33.76,342,128.36,0,4,41,21,2,0,-,-,-,-,-,-,-,-,-,-,"November 01, 2017","July 01, 2026","December 10, 2017","June 20, 2026"
34118,Sridharan Sriram,"February 21, 1976, Madras (now Chennai), Tamil Nadu",50y 133d,India,Middle order Batter,Left hand Bat,Slow Left arm Orthodox,2000 - 2004,2011,IPL 2011,DC,1,1,0,4,4,4.00,7,57.14,0,0,0,0,0,0,0,25.00,6,-,-,-,-,0,0,0,,,"March 19, 2000","December 26, 2004"
34118,Sridharan Sriram,"February 21, 1976, Madras (now Chennai), Tamil Nadu",50y 133d,India,Middle order Batter,Left hand Bat,Slow Left arm Orthodox,2000 - 2004,2009/10,IPL 2009/10,RCB,1,1,0,27,27,27.00,29,93.10,0,0,3,0,0,0,0,12.00,12,-,-,-,-,0,0,0,,,"March 19, 2000","December 26, 2004"
529436,Kona Srikar Bharat,"October 03, 1993, Visakhapatnam, Andhra Pradesh",32y 274d,India,Wicketkeeper Batter,Right hand Bat,,2023 - 2024,2022,IPL 2022,DC,2,2,0,8,8,4.00,7,114.28,0,0,2,0,0,0,-,-,-,-,-,-,-,-,-,-,,,,
529436,Kona Srikar Bharat,"October 03, 1993, Visakhapatnam, Andhra Pradesh",32y 274d,India,Wicketkeeper Batter,Right hand Bat,,2023 - 2024,2021,IPL 2021,RCB,8,7,2,191,78*,38.20,156,122.43,0,1,10,8,4,1,-,-,-,-,-,-,-,-,-,-,,,,
267192,Steven Peter Devereux Smith,"June 02, 1989, Sydney, New South Wales",37y 32d,Australia,Top order Batter,Right hand Bat,Legbreak Googly,2010 - 2026,2021,IPL 2021,DC,8,7,1,152,39,25.33,135,112.59,0,0,13,2,9,0,-,-,-,-,-,-,-,-,-,-,"February 05, 2010","February 25, 2024","February 19, 2010","March 04, 2025"
267192,Steven Peter Devereux Smith,"June 02, 1989, Sydney, New South Wales",37y 32d,Australia,Top order Batter,Right hand Bat,Legbreak Googly,2010 - 2026,2020/21,IPL 2020/21,RR,14,14,2,311,69,25.91,237,131.22,0,3,32,9,2,0,-,-,-,-,-,-,-,-,-,-,"February 05, 2010","February 25, 2024","February 19, 2010","March 04, 2025"
267192,Steven Peter Devereux Smith,"June 02, 1989, Sydney, New South Wales",37y 32d,Australia,Top order Batter,Right hand Bat,Legbreak Googly,2010 - 2026,2019,IPL 2019,RR,12,10,2,319,73*,39.87,275,115.99,0,3,30,4,3,0,-,-,-,-,-,-,-,-,-,-,"February 05, 2010","February 25, 2024","February 19, 2010","March 04, 2025"
267192,Steven Peter Devereux Smith,"June 02, 1989, Sydney, New South Wales",37y 32d,Australia,Top order Batter,Right hand Bat,Legbreak Googly,2010 - 2026,2017,IPL 2017,RPS,15,15,3,472,84*,39.33,387,121.96,0,3,38,12,7,0,-,-,-,-,-,-,-,-,-,-,"February 05, 2010","February 25, 2024","February 19, 2010","March 04, 2025"
267192,Steven Peter Devereux Smith,"June 02, 1989, Sydney, New South Wales",37y 32d,Australia,Top order Batter,Right hand Bat,Legbreak Googly,2010 - 2026,2016,IPL 2016,RPS,8,7,1,270,101,45.00,176,153.40,1,0,27,8,2,0,-,-,-,-,-,-,-,-,-,-,"February 05, 2010","February 25, 2024","February 19, 2010","March 04, 2025"
267192,Steven Peter Devereux Smith,"June 02, 1989, Sydney, New South Wales",37y 32d,Australia,Top order Batter,Right hand Bat,Legbreak Googly,2010 - 2026,2015,IPL 2015,RR,14,12,1,293,79*,26.63,221,132.57,0,2,33,3,7,0,-,-,-,-,-,-,-,-,-,-,"February 05, 2010","February 25, 2024","February 19, 2010","March 04, 2025"
267192,Steven Peter Devereux Smith,"June 02, 1989, Sydney, New South Wales",37y 32d,Australia,Top order Batter,Right hand Bat,Legbreak Googly,2010 - 2026,2014,IPL 2014,RR,10,7,3,147,48*,36.75,110,133.63,0,0,13,4,9,0,-,-,-,-,-,-,-,-,-,-,"February 05, 2010","February 25, 2024","February 19, 2010","March 04, 2025"
267192,Steven Peter Devereux Smith,"June 02, 1989, Sydney, New South Wales",37y 32d,Australia,Top order Batter,Right hand Bat,Legbreak Googly,2010 - 2026,2013,IPL 2013,PWI,7,7,3,159,41,39.75,132,120.45,0,0,15,4,4,0,-,-,-,-,-,-,-,-,-,-,"February 05, 2010","February 25, 2024","February 19, 2010","March 04, 2025"
267192,Steven Peter Devereux Smith,"June 02, 1989, Sydney, New South Wales",37y 32d,Australia,Top order Batter,Right hand Bat,Legbreak Googly,2010 - 2026,2012,IPL 2012,PWI,15,14,5,362,47*,40.22,267,135.58,0,0,24,14,10,0,0,15.00,2,-,-,-,-,0,0,0,"February 05, 2010","February 25, 2024","February 19, 2010","March 04, 2025"
1159734,Sumit Kumar,"December 12, 1995, Gurgaon",30y 204d,India,Allrounder,Right hand Bat,Right arm Medium fast,-,2024,IPL 2024,DC,4,3,1,18,9*,9.00,24,75.00,0,0,2,1,1,0,0,11.40,20,-,-,-,-,0,0,0,,,,
271315,Sunny Gupta,"September 27, 1988, Jamshedpur, Bihar",37y 280d,India,,Right hand Bat,Right arm Offbreak,-,2012,IPL 2012,DC,1,1,0,0,0,0.00,1,0.00,0,0,0,0,0,0,0,15.66,18,-,-,-,-,0,0,0,,,,
802575,Thangarasu Natarajan,"April 04, 1991, Salem",35y 91d,India,Bowler,Left hand Bat,Left arm Medium,2020 - 2021,2026,IPL 2026,DC,10,1,1,1,1*,-,2,50.00,0,0,0,0,2,0,5,11.18,191,3/29,3/29,71.20,38.2,0,0,0,"December 04, 2020","March 20, 2021","December 02, 2020","March 28, 2021"
802575,Thangarasu Natarajan,"April 04, 1991, Salem",35y 91d,India,Bowler,Left hand Bat,Left arm Medium,2020 - 2021,2025,IPL 2025,DC,2,-,-,-,-,-,-,-,-,-,-,-,0,0,0,16.33,18,-,-,-,-,0,0,0,"December 04, 2020","March 20, 2021","December 02, 2020","March 28, 2021"
802575,Thangarasu Natarajan,"April 04, 1991, Salem",35y 91d,India,Bowler,Left hand Bat,Left arm Medium,2020 - 2021,2024,IPL 2024,SRH,14,-,-,-,-,-,-,-,-,-,-,-,2,0,19,9.05,308,4/19,4/19,24.47,16.2,1,0,0,"December 04, 2020","March 20, 2021","December 02, 2020","March 28, 2021"
802575,Thangarasu Natarajan,"April 04, 1991, Salem",35y 91d,India,Bowler,Left hand Bat,Left arm Medium,2020 - 2021,2023,IPL 2023,SRH,12,-,-,-,-,-,-,-,-,-,-,-,3,0,10,9.11,270,2/23,2/23,41.00,27.0,0,0,0,"December 04, 2020","March 20, 2021","December 02, 2020","March 28, 2021"
802575,Thangarasu Natarajan,"April 04, 1991, Salem",35y 91d,India,Bowler,Left hand Bat,Left arm Medium,2020 - 2021,2022,IPL 2022,SRH,11,-,-,-,-,-,-,-,-,-,-,-,1,0,18,9.44,258,3/10,3/10,22.55,14.3,0,0,0,"December 04, 2020","March 20, 2021","December 02, 2020","March 28, 2021"
802575,Thangarasu Natarajan,"April 04, 1991, Salem",35y 91d,India,Bowler,Left hand Bat,Left arm Medium,2020 - 2021,2021,IPL 2021,SRH,2,1,1,0,0*,-,0,-,0,0,0,0,0,0,2,8.62,48,1/32,1/32,34.50,24.0,0,0,0,"December 04, 2020","March 20, 2021","December 02, 2020","March 28, 2021"
802575,Thangarasu Natarajan,"April 04, 1991, Salem",35y 91d,India,Bowler,Left hand Bat,Left arm Medium,2020 - 2021,2020/21,IPL 2020/21,SRH,16,3,3,3,3*,-,5,60.00,0,0,0,0,3,0,16,8.02,377,2/24,2/24,31.50,23.5,0,0,0,"December 04, 2020","March 20, 2021","December 02, 2020","March 28, 2021"
802575,Thangarasu Natarajan,"April 04, 1991, Salem",35y 91d,India,Bowler,Left hand Bat,Left arm Medium,2020 - 2021,2017,IPL 2017,PBKS,6,-,-,-,-,-,-,-,-,-,-,-,0,0,2,9.07,76,1/26,1/26,57.50,38.0,0,0,0,"December 04, 2020","March 20, 2021","December 02, 2020","March 28, 2021"
48472,Tillakaratne Mudiyanselage Dilshan,"October 14, 1976, Kalutara",49y 263d,Sri Lanka,Allrounder,Right hand Bat,Right arm Offbreak,1999 - 2016,2013,IPL 2013,RCB,5,5,0,76,33,15.20,93,81.72,0,0,12,0,2,0,0,10.00,6,-,-,-,-,0,0,0,"June 15, 2006","September 09, 2016","December 11, 1999","August 28, 2016"
48472,Tillakaratne Mudiyanselage Dilshan,"October 14, 1976, Kalutara",49y 263d,Sri Lanka,Allrounder,Right hand Bat,Right arm Offbreak,1999 - 2016,2012,IPL 2012,RCB,10,9,1,285,76*,35.62,261,109.19,0,3,33,5,4,0,0,11.00,42,-,-,-,-,0,0,0,"June 15, 2006","September 09, 2016","December 11, 1999","August 28, 2016"
48472,Tillakaratne Mudiyanselage Dilshan,"October 14, 1976, Kalutara",49y 263d,Sri Lanka,Allrounder,Right hand Bat,Right arm Offbreak,1999 - 2016,2011,IPL 2011,RCB,10,10,2,226,59*,28.25,180,125.55,0,2,33,3,1,0,1,9.00,72,1/30,1/30,108.00,72.0,0,0,0,"June 15, 2006","September 09, 2016","December 11, 1999","August 28, 2016"
48472,Tillakaratne Mudiyanselage Dilshan,"October 14, 1976, Kalutara",49y 263d,Sri Lanka,Allrounder,Right hand Bat,Right arm Offbreak,1999 - 2016,2009/10,IPL 2009/10,DC,6,6,0,44,17,7.33,53,83.01,0,0,6,0,4,0,3,8.57,49,1/7,1/7,23.33,16.3,0,0,0,"June 15, 2006","September 09, 2016","December 11, 1999","August 28, 2016"
48472,Tillakaratne Mudiyanselage Dilshan,"October 14, 1976, Kalutara",49y 263d,Sri Lanka,Allrounder,Right hand Bat,Right arm Offbreak,1999 - 2016,2009,IPL 2009,DC,14,13,3,418,67*,41.80,341,122.58,0,4,42,13,4,0,0,6.12,96,-,-,-,-,0,0,0,"June 15, 2006","September 09, 2016","December 11, 1999","August 28, 2016"
48472,Tillakaratne Mudiyanselage Dilshan,"October 14, 1976, Kalutara",49y 263d,Sri Lanka,Allrounder,Right hand Bat,Right arm Offbreak,1999 - 2016,2007/08,IPL 2007/08,DC,7,7,1,104,33,17.33,79,131.64,0,0,14,3,5,0,1,3.00,6,1/3,1/3,3.00,6.0,0,0,0,"June 15, 2006","September 09, 2016","December 11, 1999","August 28, 2016"
625964,Tim Louis Seifert,"December 14, 1994, Wanganui",31y 202d,New Zealand,Wicketkeeper Batter,Right hand Bat,,2018 - 2026,2026,IPL 2026,KKR,3,3,0,19,19,6.33,18,105.55,0,0,2,1,2,1,-,-,-,-,-,-,-,-,-,-,"February 13, 2018","March 08, 2026","January 03, 2019","April 05, 2025"
625964,Tim Louis Seifert,"December 14, 1994, Wanganui",31y 202d,New Zealand,Wicketkeeper Batter,Right hand Bat,,2018 - 2026,2022,IPL 2022,DC,2,2,0,24,21,12.00,19,126.31,0,0,4,0,1,0,-,-,-,-,-,-,-,-,-,-,"February 13, 2018","March 08, 2026","January 03, 2019","April 05, 2025"
625964,Tim Louis Seifert,"December 14, 1994, Wanganui",31y 202d,New Zealand,Wicketkeeper Batter,Right hand Bat,,2018 - 2026,2021,IPL 2021,KKR,1,1,0,2,2,2.00,4,50.00,0,0,0,0,0,0,-,-,-,-,-,-,-,-,-,-,"February 13, 2018","March 08, 2026","January 03, 2019","April 05, 2025"
550235,Thomas Kevin Curran,"March 12, 1995, Cape Town, Cape Province",31y 114d,England,Allrounder,Right hand Bat,Right arm Fast medium,2017 - 2021,2021,IPL 2021,DC,3,2,1,21,21,21.00,17,123.52,0,0,2,0,0,0,4,9.17,68,3/29,3/29,26.00,17.0,0,0,0,"June 23, 2017","July 18, 2021","September 29, 2017","July 04, 2021"
550235,Thomas Kevin Curran,"March 12, 1995, Cape Town, Cape Province",31y 114d,England,Allrounder,Right hand Bat,Right arm Fast medium,2017 - 2021,2020/21,IPL 2020/21,RR,5,4,3,83,54*,83.00,62,133.87,0,1,5,3,1,0,3,11.44,109,1/37,1/37,69.33,36.3,0,0,0,"June 23, 2017","July 18, 2021","September 29, 2017","July 04, 2021"
550235,Thomas Kevin Curran,"March 12, 1995, Cape Town, Cape Province",31y 114d,England,Allrounder,Right hand Bat,Right arm Fast medium,2017 - 2021,2018,IPL 2018,KKR,5,4,1,23,18,7.66,28,82.14,0,0,3,0,1,0,6,11.60,61,2/19,2/19,19.66,10.1,0,0,0,"June 23, 2017","July 18, 2021","September 29, 2017","July 04, 2021"
4292,Travis Rodney Birt,"December 09, 1981, Sale, Victoria",44y 207d,Australia,Middle order Batter,Left hand Bat,Right arm Medium,2010 - 2012,2011,IPL 2011,DC,5,5,0,75,27,15.00,58,129.31,0,0,9,2,0,0,-,-,-,-,-,-,-,-,-,-,"February 05, 2010","February 01, 2012",,
277912,Trent Alexander Boult,"July 22, 1989, Rotorua",36y 347d,New Zealand,Bowler,Right hand Bat,Left arm Fast medium,2011 - 2024,2026,IPL 2026,MI,5,2,1,8,7*,8.00,4,200.00,0,0,0,1,1,0,2,11.62,97,1/41,1/41,94.00,48.5,0,0,0,"February 09, 2013","June 17, 2024","July 11, 2012","November 15, 2023"
277912,Trent Alexander Boult,"July 22, 1989, Rotorua",36y 347d,New Zealand,Bowler,Right hand Bat,Left arm Fast medium,2011 - 2024,2025,IPL 2025,MI,16,2,1,2,1*,2.00,3,66.66,0,0,0,0,1,0,22,8.96,346,4/26,4/26,23.50,15.7,1,0,0,"February 09, 2013","June 17, 2024","July 11, 2012","November 15, 2023"
277912,Trent Alexander Boult,"July 22, 1989, Rotorua",36y 347d,New Zealand,Bowler,Right hand Bat,Left arm Fast medium,2011 - 2024,2024,IPL 2024,RR,16,5,3,14,12,7.00,16,87.50,0,0,2,0,4,0,16,8.30,320,3/22,3/22,27.68,20.0,0,0,0,"February 09, 2013","June 17, 2024","July 11, 2012","November 15, 2023"
277912,Trent Alexander Boult,"July 22, 1989, Rotorua",36y 347d,New Zealand,Bowler,Right hand Bat,Left arm Fast medium,2011 - 2024,2023,IPL 2023,RR,10,4,3,16,15,16.00,14,114.28,0,0,1,1,5,0,13,8.21,228,3/29,3/29,24.00,17.5,0,0,0,"February 09, 2013","June 17, 2024","July 11, 2012","November 15, 2023"
277912,Trent Alexander Boult,"July 22, 1989, Rotorua",36y 347d,New Zealand,Bowler,Right hand Bat,Left arm Fast medium,2011 - 2024,2022,IPL 2022,RR,16,8,6,40,17*,20.00,29,137.93,0,0,2,1,2,0,16,7.93,372,2/18,2/18,30.75,23.2,0,0,0,"February 09, 2013","June 17, 2024","July 11, 2012","November 15, 2023"
277912,Trent Alexander Boult,"July 22, 1989, Rotorua",36y 347d,New Zealand,Bowler,Right hand Bat,Left arm Fast medium,2011 - 2024,2021,IPL 2021,MI,14,4,4,1,1*,-,4,25.00,0,0,0,0,5,0,13,7.90,308,3/28,3/28,31.23,23.6,0,0,0,"February 09, 2013","June 17, 2024","July 11, 2012","November 15, 2023"
277912,Trent Alexander Boult,"July 22, 1989, Rotorua",36y 347d,New Zealand,Bowler,Right hand Bat,Left arm Fast medium,2011 - 2024,2020/21,IPL 2020/21,MI,15,1,0,0,0,0.00,1,0.00,0,0,0,0,4,0,25,7.97,344,4/18,4/18,18.28,13.7,1,0,0,"February 09, 2013","June 17, 2024","July 11, 2012","November 15, 2023"
277912,Trent Alexander Boult,"July 22, 1989, Rotorua",36y 347d,New Zealand,Bowler,Right hand Bat,Left arm Fast medium,2011 - 2024,2019,IPL 2019,DC,5,3,2,7,6,7.00,4,175.00,0,0,0,1,2,0,5,8.57,114,2/27,2/27,32.60,22.8,0,0,0,"February 09, 2013","June 17, 2024","July 11, 2012","November 15, 2023"
277912,Trent Alexander Boult,"July 22, 1989, Rotorua",36y 347d,New Zealand,Bowler,Right hand Bat,Left arm Fast medium,2011 - 2024,2018,IPL 2018,DC,14,1,0,0,0,0.00,2,0.00,0,0,0,0,9,0,18,8.84,316,2/20,2/20,25.88,17.5,0,0,0,"February 09, 2013","June 17, 2024","July 11, 2012","November 15, 2023"
277912,Trent Alexander Boult,"July 22, 1989, Rotorua",36y 347d,New Zealand,Bowler,Right hand Bat,Left arm Fast medium,2011 - 2024,2017,IPL 2017,KKR,6,1,1,5,5*,-,8,62.50,0,0,0,0,0,0,5,9.06,143,2/30,2/30,43.20,28.6,0,0,0,"February 09, 2013","June 17, 2024","July 11, 2012","November 15, 2023"
277912,Trent Alexander Boult,"July 22, 1989, Rotorua",36y 347d,New Zealand,Bowler,Right hand Bat,Left arm Fast medium,2011 - 2024,2016,IPL 2016,SRH,1,-,-,-,-,-,-,-,-,-,-,-,1,0,1,9.75,24,1/39,1/39,39.00,24.0,0,0,0,"February 09, 2013","June 17, 2024","July 11, 2012","November 15, 2023"
277912,Trent Alexander Boult,"July 22, 1989, Rotorua",36y 347d,New Zealand,Bowler,Right hand Bat,Left arm Fast medium,2011 - 2024,2015,IPL 2015,SRH,7,-,-,-,-,-,-,-,-,-,-,-,2,0,9,8.42,168,3/19,3/19,26.22,18.6,0,0,0,"February 09, 2013","June 17, 2024","July 11, 2012","November 15, 2023"
1292527,Tripurana Vijay,"September 05, 2001, Tekkali, Andra Pradesh",24y 302d,India,Bowler,Right hand Bat,Right arm Offbreak,-,2026,IPL 2026,DC,1,-,-,-,-,-,-,-,-,-,-,-,1,0,0,14.50,12,-,-,-,-,0,0,0,,,,
595978,Tristan Stubbs,"August 14, 2000",25y 324d,South Africa,Wicketkeeper Batter,Right hand Bat,Right arm Offbreak,2022 - 2026,2026,IPL 2026,DC,14,13,5,275,60*,34.37,216,127.31,0,2,18,9,7,0,-,-,-,-,-,-,-,-,-,-,"June 09, 2022","March 04, 2026","March 18, 2023","September 07, 2025"
595978,Tristan Stubbs,"August 14, 2000",25y 324d,South Africa,Wicketkeeper Batter,Right hand Bat,Right arm Offbreak,2022 - 2026,2025,IPL 2025,DC,14,13,7,300,41*,50.00,199,150.75,0,0,25,11,10,1,0,20.00,12,-,-,-,-,0,0,0,"June 09, 2022","March 04, 2026","March 18, 2023","September 07, 2025"
595978,Tristan Stubbs,"August 14, 2000",25y 324d,South Africa,Wicketkeeper Batter,Right hand Bat,Right arm Offbreak,2022 - 2026,2024,IPL 2024,DC,14,13,6,378,71*,54.00,198,190.90,0,3,24,26,7,0,3,7.50,12,2/11,2/11,5.00,4.0,0,0,0,"June 09, 2022","March 04, 2026","March 18, 2023","September 07, 2025"
595978,Tristan Stubbs,"August 14, 2000",25y 324d,South Africa,Wicketkeeper Batter,Right hand Bat,Right arm Offbreak,2022 - 2026,2023,IPL 2023,MI,2,2,0,25,20,12.50,31,80.64,0,0,2,0,0,0,1,7.00,12,1/14,1/14,14.00,12.0,0,0,0,"June 09, 2022","March 04, 2026","March 18, 2023","September 07, 2025"
595978,Tristan Stubbs,"August 14, 2000",25y 324d,South Africa,Wicketkeeper Batter,Right hand Bat,Right arm Offbreak,2022 - 2026,2022,IPL 2022,MI,2,2,0,2,2,1.00,4,50.00,0,0,0,0,0,0,-,-,-,-,-,-,-,-,-,-,"June 09, 2022","March 04, 2026","March 18, 2023","September 07, 2025"
822553,Tushar Uday Deshpande,"May 15, 1995, Mumbai",31y 50d,India,Bowler,Left hand Bat,Right arm Medium fast,2024 - 2024,2026,IPL 2026,RR,7,2,0,26,25,13.00,14,185.71,0,0,0,3,2,0,4,11.95,138,1/24,1/24,68.75,34.5,0,0,0,"July 13, 2024","July 14, 2024",,
822553,Tushar Uday Deshpande,"May 15, 1995, Mumbai",31y 50d,India,Bowler,Left hand Bat,Right arm Medium fast,2024 - 2024,2025,IPL 2025,RR,10,4,3,7,3,7.00,8,87.50,0,0,0,0,2,0,9,10.62,192,3/44,3/44,37.77,21.3,0,0,0,"July 13, 2024","July 14, 2024",,
822553,Tushar Uday Deshpande,"May 15, 1995, Mumbai",31y 50d,India,Bowler,Left hand Bat,Right arm Medium fast,2024 - 2024,2024,IPL 2024,CSK,13,1,1,0,0*,-,1,0.00,0,0,0,0,2,0,17,8.83,288,4/27,4/27,24.94,16.9,1,0,0,"July 13, 2024","July 14, 2024",,
822553,Tushar Uday Deshpande,"May 15, 1995, Mumbai",31y 50d,India,Bowler,Left hand Bat,Right arm Medium fast,2024 - 2024,2023,IPL 2023,CSK,16,1,1,0,0*,-,1,0.00,0,0,0,0,2,0,21,9.92,341,3/45,3/45,26.85,16.2,0,0,0,"July 13, 2024","July 14, 2024",,
822553,Tushar Uday Deshpande,"May 15, 1995, Mumbai",31y 50d,India,Bowler,Left hand Bat,Right arm Medium fast,2024 - 2024,2022,IPL 2022,CSK,2,-,-,-,-,-,-,-,-,-,-,-,1,0,1,9.00,42,1/40,1/40,63.00,42.0,0,0,0,"July 13, 2024","July 14, 2024",,
822553,Tushar Uday Deshpande,"May 15, 1995, Mumbai",31y 50d,India,Bowler,Left hand Bat,Right arm Medium fast,2024 - 2024,2020/21,IPL 2020/21,DC,5,2,1,21,20*,21.00,12,175.00,0,0,2,1,1,0,3,11.29,102,2/37,2/37,64.00,34.0,0,0,0,"July 13, 2024","July 14, 2024",,
376116,Umeshkumar Tilak Yadav,"October 25, 1987, Nagpur, Maharashtra",38y 252d,India,Bowler,Right hand Bat,Right arm Fast,2010 - 2023,2024,IPL 2024,GT,7,2,1,12,10*,12.00,15,80.00,0,0,0,1,1,0,8,10.00,126,2/22,2/22,26.25,15.7,0,0,0,"August 07, 2012","October 04, 2022","May 28, 2010","October 24, 2018"
376116,Umeshkumar Tilak Yadav,"October 25, 1987, Nagpur, Maharashtra",38y 252d,India,Bowler,Right hand Bat,Right arm Fast,2010 - 2023,2023,IPL 2023,KKR,8,5,3,19,6*,9.50,18,105.55,0,0,1,0,3,0,1,9.94,114,1/27,1/27,189.00,114.0,0,0,0,"August 07, 2012","October 04, 2022","May 28, 2010","October 24, 2018"
376116,Umeshkumar Tilak Yadav,"October 25, 1987, Nagpur, Maharashtra",38y 252d,India,Bowler,Right hand Bat,Right arm Fast,2010 - 2023,2022,IPL 2022,KKR,12,7,3,55,21,13.75,40,137.50,0,0,4,4,5,0,16,7.06,288,4/23,4/23,21.18,18.0,1,0,0,"August 07, 2012","October 04, 2022","May 28, 2010","October 24, 2018"
376116,Umeshkumar Tilak Yadav,"October 25, 1987, Nagpur, Maharashtra",38y 252d,India,Bowler,Right hand Bat,Right arm Fast,2010 - 2023,2020/21,IPL 2020/21,RCB,2,1,0,0,0,0.00,2,0.00,0,0,0,0,0,0,0,11.85,42,-,-,-,-,0,0,0,"August 07, 2012","October 04, 2022","May 28, 2010","October 24, 2018"
376116,Umeshkumar Tilak Yadav,"October 25, 1987, Nagpur, Maharashtra",38y 252d,India,Bowler,Right hand Bat,Right arm Fast,2010 - 2023,2019,IPL 2019,RCB,11,7,5,25,14,12.50,25,100.00,0,0,3,1,4,0,8,9.80,227,3/36,3/36,46.37,28.3,0,0,0,"August 07, 2012","October 04, 2022","May 28, 2010","October 24, 2018"
376116,Umeshkumar Tilak Yadav,"October 25, 1987, Nagpur, Maharashtra",38y 252d,India,Bowler,Right hand Bat,Right arm Fast,2010 - 2023,2018,IPL 2018,RCB,14,5,1,3,1*,0.75,11,27.27,0,0,0,0,2,0,20,7.86,319,3/23,3/23,20.90,15.9,0,0,0,"August 07, 2012","October 04, 2022","May 28, 2010","October 24, 2018"
376116,Umeshkumar Tilak Yadav,"October 25, 1987, Nagpur, Maharashtra",38y 252d,India,Bowler,Right hand Bat,Right arm Fast,2010 - 2023,2017,IPL 2017,KKR,14,4,4,10,4*,-,13,76.92,0,0,0,0,4,0,17,8.45,291,4/33,4/33,24.11,17.1,1,0,0,"August 07, 2012","October 04, 2022","May 28, 2010","October 24, 2018"
376116,Umeshkumar Tilak Yadav,"October 25, 1987, Nagpur, Maharashtra",38y 252d,India,Bowler,Right hand Bat,Right arm Fast,2010 - 2023,2016,IPL 2016,KKR,9,2,1,9,7*,9.00,5,180.00,0,0,0,1,1,0,10,9.00,156,3/28,3/28,23.40,15.6,0,0,0,"August 07, 2012","October 04, 2022","May 28, 2010","October 24, 2018"
376116,Umeshkumar Tilak Yadav,"October 25, 1987, Nagpur, Maharashtra",38y 252d,India,Bowler,Right hand Bat,Right arm Fast,2010 - 2023,2015,IPL 2015,KKR,12,4,3,29,24*,29.00,14,207.14,0,0,5,1,5,0,10,9.09,252,3/33,3/33,38.20,25.2,0,0,0,"August 07, 2012","October 04, 2022","May 28, 2010","October 24, 2018"
376116,Umeshkumar Tilak Yadav,"October 25, 1987, Nagpur, Maharashtra",38y 252d,India,Bowler,Right hand Bat,Right arm Fast,2010 - 2023,2014,IPL 2014,KKR,12,1,0,2,2,2.00,4,50.00,0,0,0,0,2,0,11,8.15,270,3/13,3/13,33.36,24.5,0,0,0,"August 07, 2012","October 04, 2022","May 28, 2010","October 24, 2018"
376116,Umeshkumar Tilak Yadav,"October 25, 1987, Nagpur, Maharashtra",38y 252d,India,Bowler,Right hand Bat,Right arm Fast,2010 - 2023,2013,IPL 2013,DC,16,8,7,38,12*,38.00,38,100.00,0,0,3,1,5,0,16,8.78,347,4/24,4/24,31.75,21.6,1,0,0,"August 07, 2012","October 04, 2022","May 28, 2010","October 24, 2018"
376116,Umeshkumar Tilak Yadav,"October 25, 1987, Nagpur, Maharashtra",38y 252d,India,Bowler,Right hand Bat,Right arm Fast,2010 - 2023,2012,IPL 2012,DC,17,3,1,2,1*,1.00,7,28.57,0,0,0,0,2,0,19,7.42,366,3/19,3/19,23.84,19.2,0,0,0,"August 07, 2012","October 04, 2022","May 28, 2010","October 24, 2018"
376116,Umeshkumar Tilak Yadav,"October 25, 1987, Nagpur, Maharashtra",38y 252d,India,Bowler,Right hand Bat,Right arm Fast,2010 - 2023,2011,IPL 2011,DC,7,2,1,1,1*,1.00,5,20.00,0,0,0,0,3,0,2,9.38,108,2/29,2/29,84.50,54.0,0,0,0,"August 07, 2012","October 04, 2022","May 28, 2010","October 24, 2018"
376116,Umeshkumar Tilak Yadav,"October 25, 1987, Nagpur, Maharashtra",38y 252d,India,Bowler,Right hand Bat,Right arm Fast,2010 - 2023,2009/10,IPL 2009/10,DC,7,1,1,3,3*,-,4,75.00,0,0,0,0,1,0,6,7.66,144,2/24,2/24,30.66,24.0,0,0,0,"August 07, 2012","October 04, 2022","May 28, 2010","October 24, 2018"
446499,Unmukt Bharat Thakur Chand,"March 26, 1993, Delhi",33y 100d,United States of America,Wicketkeeper Batter,Right hand Bat,Right arm Offbreak,-,2016,IPL 2016,MI,1,1,0,0,0,0.00,4,0.00,0,0,0,0,0,0,-,-,-,-,-,-,-,-,-,-,,,,
446499,Unmukt Bharat Thakur Chand,"March 26, 1993, Delhi",33y 100d,United States of America,Wicketkeeper Batter,Right hand Bat,Right arm Offbreak,-,2015,IPL 2015,MI,6,5,0,102,58,20.40,83,122.89,0,1,13,2,3,0,-,-,-,-,-,-,-,-,-,-,,,,
446499,Unmukt Bharat Thakur Chand,"March 26, 1993, Delhi",33y 100d,United States of America,Wicketkeeper Batter,Right hand Bat,Right arm Offbreak,-,2014,IPL 2014,RR,1,1,0,2,2,2.00,9,22.22,0,0,0,0,0,0,-,-,-,-,-,-,-,-,-,-,,,,
446499,Unmukt Bharat Thakur Chand,"March 26, 1993, Delhi",33y 100d,United States of America,Wicketkeeper Batter,Right hand Bat,Right arm Offbreak,-,2013,IPL 2013,DC,9,9,0,158,41,17.55,158,100.00,0,0,17,4,4,0,-,-,-,-,-,-,-,-,-,-,,,,
446499,Unmukt Bharat Thakur Chand,"March 26, 1993, Delhi",33y 100d,United States of America,Wicketkeeper Batter,Right hand Bat,Right arm Offbreak,-,2012,IPL 2012,DC,2,2,0,36,18,18.00,34,105.88,0,0,2,3,1,0,-,-,-,-,-,-,-,-,-,-,,,,
446499,Unmukt Bharat Thakur Chand,"March 26, 1993, Delhi",33y 100d,United States of America,Wicketkeeper Batter,Right hand Bat,Right arm Offbreak,-,2011,IPL 2011,DC,2,2,0,2,2,1.00,12,16.66,0,0,0,0,0,0,-,-,-,-,-,-,-,-,-,-,,,,
360911,Varun Raymond Aaron,"October 29, 1989, Singhbhum, Bihar (now Jharkhand)",36y 248d,India,Bowler,Right hand Bat,Right arm Fast,2011 - 2015,2022,IPL 2022,GT,2,-,-,-,-,-,-,-,-,-,-,-,0,0,2,10.40,30,2/45,2/45,26.00,15.0,0,0,0,,,"October 23, 2011","November 02, 2014"
360911,Varun Raymond Aaron,"October 29, 1989, Singhbhum, Bihar (now Jharkhand)",36y 248d,India,Bowler,Right hand Bat,Right arm Fast,2011 - 2015,2020/21,IPL 2020/21,RR,3,2,1,1,1,1.00,10,10.00,0,0,0,0,0,0,0,11.75,48,-,-,-,-,0,0,0,,,"October 23, 2011","November 02, 2014"
360911,Varun Raymond Aaron,"October 29, 1989, Singhbhum, Bihar (now Jharkhand)",36y 248d,India,Bowler,Right hand Bat,Right arm Fast,2011 - 2015,2019,IPL 2019,RR,5,1,1,3,3*,-,7,42.85,0,0,0,0,1,0,4,9.66,72,2/20,2/20,29.00,18.0,0,0,0,,,"October 23, 2011","November 02, 2014"
360911,Varun Raymond Aaron,"October 29, 1989, Singhbhum, Bihar (now Jharkhand)",36y 248d,India,Bowler,Right hand Bat,Right arm Fast,2011 - 2015,2017,IPL 2017,PBKS,6,2,1,4,4,4.00,10,40.00,0,0,0,0,0,0,7,8.15,120,2/3,2/3,23.28,17.1,0,0,0,,,"October 23, 2011","November 02, 2014"
360911,Varun Raymond Aaron,"October 29, 1989, Singhbhum, Bihar (now Jharkhand)",36y 248d,India,Bowler,Right hand Bat,Right arm Fast,2011 - 2015,2016,IPL 2016,RCB,8,1,1,0,0*,-,0,-,0,0,0,0,0,0,2,9.59,142,2/37,2/37,113.50,71.0,0,0,0,,,"October 23, 2011","November 02, 2014"
360911,Varun Raymond Aaron,"October 29, 1989, Singhbhum, Bihar (now Jharkhand)",36y 248d,India,Bowler,Right hand Bat,Right arm Fast,2011 - 2015,2015,IPL 2015,RCB,6,1,0,6,6,6.00,3,200.00,0,0,0,1,1,0,3,10.21,104,2/24,2/24,59.00,34.6,0,0,0,,,"October 23, 2011","November 02, 2014"
360911,Varun Raymond Aaron,"October 29, 1989, Singhbhum, Bihar (now Jharkhand)",36y 248d,India,Bowler,Right hand Bat,Right arm Fast,2011 - 2015,2014,IPL 2014,RCB,10,3,3,35,17*,-,34,102.94,0,0,2,1,0,0,16,8.15,220,3/16,3/16,18.68,13.7,0,0,0,,,"October 23, 2011","November 02, 2014"
360911,Varun Raymond Aaron,"October 29, 1989, Singhbhum, Bihar (now Jharkhand)",36y 248d,India,Bowler,Right hand Bat,Right arm Fast,2011 - 2015,2012,IPL 2012,DC,8,2,0,1,1,0.50,3,33.33,0,0,0,0,1,0,8,8.74,186,2/19,2/19,33.87,23.2,0,0,0,,,"October 23, 2011","November 02, 2014"
360911,Varun Raymond Aaron,"October 29, 1989, Singhbhum, Bihar (now Jharkhand)",36y 248d,India,Bowler,Right hand Bat,Right arm Fast,2011 - 2015,2011,IPL 2011,DC,4,1,1,0,0*,-,5,0.00,0,0,0,0,0,0,2,6.83,72,1/20,1/20,41.00,36.0,0,0,0,,,"October 23, 2011","November 02, 2014"
35805,Yalaka Venugopal Rao,"February 26, 1982, Visakhapatnam, Andhra Pradesh",44y 128d,India,Middle order Batter,Right hand Bat,Right arm Offbreak,2005 - 2006,2014,IPL 2014,SRH,7,5,2,71,27,23.66,63,112.69,0,0,8,0,2,0,0,8.00,12,-,-,-,-,0,0,0,,,"July 30, 2005","May 23, 2006"
35805,Yalaka Venugopal Rao,"February 26, 1982, Visakhapatnam, Andhra Pradesh",44y 128d,India,Middle order Batter,Right hand Bat,Right arm Offbreak,2005 - 2006,2013,IPL 2013,DC,1,-,-,-,-,-,-,-,-,-,-,-,0,0,-,-,-,-,-,-,-,-,-,-,,,"July 30, 2005","May 23, 2006"
35805,Yalaka Venugopal Rao,"February 26, 1982, Visakhapatnam, Andhra Pradesh",44y 128d,India,Middle order Batter,Right hand Bat,Right arm Offbreak,2005 - 2006,2012,IPL 2012,DC,10,7,1,132,36,22.00,126,104.76,0,0,8,5,0,0,0,13.00,12,-,-,-,-,0,0,0,,,"July 30, 2005","May 23, 2006"
35805,Yalaka Venugopal Rao,"February 26, 1982, Visakhapatnam, Andhra Pradesh",44y 128d,India,Middle order Batter,Right hand Bat,Right arm Offbreak,2005 - 2006,2011,IPL 2011,DC,14,14,2,336,60,28.00,280,120.00,0,1,30,13,4,0,0,13.00,12,-,-,-,-,0,0,0,,,"July 30, 2005","May 23, 2006"
35805,Yalaka Venugopal Rao,"February 26, 1982, Visakhapatnam, Andhra Pradesh",44y 128d,India,Middle order Batter,Right hand Bat,Right arm Offbreak,2005 - 2006,2009/10,IPL 2009/10,DCH,6,5,1,34,24,8.50,43,79.06,0,0,3,1,0,0,0,10.00,6,-,-,-,-,0,0,0,,,"July 30, 2005","May 23, 2006"
35805,Yalaka Venugopal Rao,"February 26, 1982, Visakhapatnam, Andhra Pradesh",44y 128d,India,Middle order Batter,Right hand Bat,Right arm Offbreak,2005 - 2006,2009,IPL 2009,DCH,16,13,2,124,32,11.27,114,108.77,0,0,6,3,7,0,4,8.13,90,2/23,2/23,30.50,22.5,0,0,0,,,"July 30, 2005","May 23, 2006"
35805,Yalaka Venugopal Rao,"February 26, 1982, Visakhapatnam, Andhra Pradesh",44y 128d,India,Middle order Batter,Right hand Bat,Right arm Offbreak,2005 - 2006,2007/08,IPL 2007/08,DCH,11,10,2,288,71*,36.00,210,137.14,0,2,22,15,0,0,2,9.78,84,2/25,2/25,68.50,42.0,0,0,0,,,"July 30, 2005","May 23, 2006"
477021,Vijay Shankar,"January 26, 1991, Tirunelveli, Tamil Nadu",35y 159d,India,Allrounder,Right hand Bat,Right arm Medium,2018 - 2019,2025,IPL 2025,CSK,6,5,2,118,69*,39.33,91,129.67,0,1,8,3,2,0,-,-,-,-,-,-,-,-,-,-,"March 06, 2018","February 27, 2019","January 18, 2019","June 27, 2019"
477021,Vijay Shankar,"January 26, 1991, Tirunelveli, Tamil Nadu",35y 159d,India,Allrounder,Right hand Bat,Right arm Medium,2018 - 2019,2024,IPL 2024,GT,7,7,2,83,17,16.60,72,115.27,0,0,7,2,3,0,-,-,-,-,-,-,-,-,-,-,"March 06, 2018","February 27, 2019","January 18, 2019","June 27, 2019"
477021,Vijay Shankar,"January 26, 1991, Tirunelveli, Tamil Nadu",35y 159d,India,Allrounder,Right hand Bat,Right arm Medium,2018 - 2019,2023,IPL 2023,GT,14,10,2,301,63*,37.62,188,160.10,0,3,27,15,2,0,-,-,-,-,-,-,-,-,-,-,"March 06, 2018","February 27, 2019","January 18, 2019","June 27, 2019"
477021,Vijay Shankar,"January 26, 1991, Tirunelveli, Tamil Nadu",35y 159d,India,Allrounder,Right hand Bat,Right arm Medium,2018 - 2019,2022,IPL 2022,GT,4,4,0,19,13,4.75,35,54.28,0,0,1,0,3,0,0,10.00,9,-,-,-,-,0,0,0,"March 06, 2018","February 27, 2019","January 18, 2019","June 27, 2019"
477021,Vijay Shankar,"January 26, 1991, Tirunelveli, Tamil Nadu",35y 159d,India,Allrounder,Right hand Bat,Right arm Medium,2018 - 2019,2021,IPL 2021,SRH,7,5,0,58,28,11.60,52,111.53,0,0,1,3,3,0,3,9.09,66,2/19,2/19,33.33,22.0,0,0,0,"March 06, 2018","February 27, 2019","January 18, 2019","June 27, 2019"
477021,Vijay Shankar,"January 26, 1991, Tirunelveli, Tamil Nadu",35y 159d,India,Allrounder,Right hand Bat,Right arm Medium,2018 - 2019,2020/21,IPL 2020/21,SRH,7,5,1,97,52*,24.25,96,101.04,0,1,10,1,1,0,4,6.22,79,1/11,1/11,20.50,19.7,0,0,0,"March 06, 2018","February 27, 2019","January 18, 2019","June 27, 2019"
477021,Vijay Shankar,"January 26, 1991, Tirunelveli, Tamil Nadu",35y 159d,India,Allrounder,Right hand Bat,Right arm Medium,2018 - 2019,2019,IPL 2019,SRH,15,14,2,244,40*,20.33,193,126.42,0,0,11,12,10,0,1,8.75,48,1/11,1/11,70.00,48.0,0,0,0,"March 06, 2018","February 27, 2019","January 18, 2019","June 27, 2019"
477021,Vijay Shankar,"January 26, 1991, Tirunelveli, Tamil Nadu",35y 159d,India,Allrounder,Right hand Bat,Right arm Medium,2018 - 2019,2018,IPL 2018,DC,13,11,7,212,54*,53.00,148,143.24,0,1,11,11,6,0,1,11.60,30,1/22,1/22,58.00,30.0,0,0,0,"March 06, 2018","February 27, 2019","January 18, 2019","June 27, 2019"
477021,Vijay Shankar,"January 26, 1991, Tirunelveli, Tamil Nadu",35y 159d,India,Allrounder,Right hand Bat,Right arm Medium,2018 - 2019,2017,IPL 2017,SRH,4,4,2,101,63*,50.50,75,134.66,0,1,12,1,1,0,-,-,-,-,-,-,-,-,-,-,"March 06, 2018","February 27, 2019","January 18, 2019","June 27, 2019"
477021,Vijay Shankar,"January 26, 1991, Tirunelveli, Tamil Nadu",35y 159d,India,Allrounder,Right hand Bat,Right arm Medium,2018 - 2019,2014,IPL 2014,CSK,1,-,-,-,-,-,-,-,-,-,-,-,0,0,0,19.00,6,-,-,-,-,0,0,0,"March 06, 2018","February 27, 2019","January 18, 2019","June 27, 2019"
1449074,Vipraj Nigam,"July 28, 2004",21y 341d,India,Bowler,Right hand Bat,Legbreak,-,2026,IPL 2026,DC,5,2,1,15,12,15.00,10,150.00,0,0,2,0,0,0,2,12.55,54,1/24,1/24,56.50,27.0,0,0,0,,,,
1449074,Vipraj Nigam,"July 28, 2004",21y 341d,India,Bowler,Right hand Bat,Legbreak,-,2025,IPL 2025,DC,14,8,1,142,39,20.28,79,179.74,0,0,15,8,3,0,11,9.12,234,2/18,2/18,32.36,21.2,0,0,0,,,,
35263,Virender Sehwag,"October 20, 1978, Delhi",47y 257d,India,Top order Batter,Right hand Bat,Right arm Offbreak,1999 - 2013,2015,IPL 2015,PBKS,8,8,0,99,47,12.37,84,117.85,0,0,12,3,0,0,-,-,-,-,-,-,-,-,-,-,"December 01, 2006","October 02, 2012","April 01, 1999","January 03, 2013"
35263,Virender Sehwag,"October 20, 1978, Delhi",47y 257d,India,Top order Batter,Right hand Bat,Right arm Offbreak,1999 - 2013,2014,IPL 2014,PBKS,17,17,0,455,122,26.76,315,144.44,1,1,56,18,5,0,-,-,-,-,-,-,-,-,-,-,"December 01, 2006","October 02, 2012","April 01, 1999","January 03, 2013"
35263,Virender Sehwag,"October 20, 1978, Delhi",47y 257d,India,Top order Batter,Right hand Bat,Right arm Offbreak,1999 - 2013,2013,IPL 2013,DC,13,13,1,295,95*,24.58,233,126.60,0,1,41,6,5,0,0,9.00,6,-,-,-,-,0,0,0,"December 01, 2006","October 02, 2012","April 01, 1999","January 03, 2013"
35263,Virender Sehwag,"October 20, 1978, Delhi",47y 257d,India,Top order Batter,Right hand Bat,Right arm Offbreak,1999 - 2013,2012,IPL 2012,DC,16,16,1,495,87*,33.00,307,161.23,0,5,57,19,7,0,0,11.25,24,-,-,-,-,0,0,0,"December 01, 2006","October 02, 2012","April 01, 1999","January 03, 2013"
35263,Virender Sehwag,"October 20, 1978, Delhi",47y 257d,India,Top order Batter,Right hand Bat,Right arm Offbreak,1999 - 2013,2011,IPL 2011,DC,11,11,0,424,119,38.54,240,176.66,1,2,51,18,9,0,-,-,-,-,-,-,-,-,-,-,"December 01, 2006","October 02, 2012","April 01, 1999","January 03, 2013"
35263,Virender Sehwag,"October 20, 1978, Delhi",47y 257d,India,Top order Batter,Right hand Bat,Right arm Offbreak,1999 - 2013,2009/10,IPL 2009/10,DC,14,14,0,356,75,25.42,218,163.30,0,3,47,14,2,0,3,4.05,34,2/18,2/18,7.66,11.3,0,0,0,"December 01, 2006","October 02, 2012","April 01, 1999","January 03, 2013"
35263,Virender Sehwag,"October 20, 1978, Delhi",47y 257d,India,Top order Batter,Right hand Bat,Right arm Offbreak,1999 - 2013,2009,IPL 2009,DC,11,11,1,198,50,19.80,138,143.47,0,1,24,7,3,0,0,25.00,6,-,-,-,-,0,0,0,"December 01, 2006","October 02, 2012","April 01, 1999","January 03, 2013"
35263,Virender Sehwag,"October 20, 1978, Delhi",47y 257d,India,Top order Batter,Right hand Bat,Right arm Offbreak,1999 - 2013,2007/08,IPL 2007/08,DC,14,14,2,406,94*,33.83,220,184.54,0,3,46,21,3,0,3,12.09,66,1/2,1/2,44.33,22.0,0,0,0,"December 01, 2006","October 02, 2012","April 01, 1999","January 03, 2013"
265564,Wayne Dillon Parnell,"July 30, 1989, Port Elizabeth, Cape Province",36y 339d,South Africa,Bowler,Left hand Bat,Left arm Medium fast,2009 - 2023,2023,IPL 2023,RCB,7,1,0,2,2,2.00,5,40.00,0,0,0,0,4,0,9,9.37,151,3/10,3/10,26.22,16.7,0,0,0,"January 13, 2009","March 28, 2023","January 30, 2009","March 21, 2023"
265564,Wayne Dillon Parnell,"July 30, 1989, Port Elizabeth, Cape Province",36y 339d,South Africa,Bowler,Left hand Bat,Left arm Medium fast,2009 - 2023,2014,IPL 2014,DC,8,2,1,2,2,2.00,2,100.00,0,0,0,0,2,0,6,7.39,181,2/21,2/21,37.16,30.1,0,0,0,"January 13, 2009","March 28, 2023","January 30, 2009","March 21, 2023"
265564,Wayne Dillon Parnell,"July 30, 1989, Port Elizabeth, Cape Province",36y 339d,South Africa,Bowler,Left hand Bat,Left arm Medium fast,2009 - 2023,2013,IPL 2013,PWI,4,1,0,5,5,5.00,7,71.42,0,0,0,0,1,0,6,9.23,89,3/27,3/27,22.83,14.8,0,0,0,"January 13, 2009","March 28, 2023","January 30, 2009","March 21, 2023"
265564,Wayne Dillon Parnell,"July 30, 1989, Port Elizabeth, Cape Province",36y 339d,South Africa,Bowler,Left hand Bat,Left arm Medium fast,2009 - 2023,2012,IPL 2012,PWI,6,5,1,19,11,4.75,27,70.37,0,0,2,0,1,0,5,6.09,126,2/18,2/18,25.60,25.2,0,0,0,"January 13, 2009","March 28, 2023","January 30, 2009","March 21, 2023"
265564,Wayne Dillon Parnell,"July 30, 1989, Port Elizabeth, Cape Province",36y 339d,South Africa,Bowler,Left hand Bat,Left arm Medium fast,2009 - 2023,2011,IPL 2011,PWI,8,5,2,37,16,12.33,39,94.87,0,0,2,1,1,0,9,7.26,176,3/35,3/35,23.66,19.5,0,0,0,"January 13, 2009","March 28, 2023","January 30, 2009","March 21, 2023"
1292498,Yash Vijay Dhull,"November 11, 2002, New Delhi",23y 235d,India,Top order Batter,Right hand Bat,Right arm Offbreak,-,2023,IPL 2023,DC,4,3,0,16,13,5.33,23,69.56,0,0,1,0,2,0,-,-,-,-,-,-,-,-,-,-,,,,
31732,Vijaykumar Yo Mahesh,"December 21, 1987, Madras (now Chennai), Tamil Nadu",38y 195d,India,Allrounder,Right hand Bat,Right arm Medium fast,-,2012,IPL 2012,CSK,5,-,-,-,-,-,-,-,-,-,-,-,1,0,3,8.67,56,2/21,2/21,27.00,18.6,0,0,0,,,,
31732,Vijaykumar Yo Mahesh,"December 21, 1987, Madras (now Chennai), Tamil Nadu",38y 195d,India,Allrounder,Right hand Bat,Right arm Medium fast,-,2009/10,IPL 2009/10,DC,1,-,-,-,-,-,-,-,-,-,-,-,0,0,1,7.66,18,1/23,1/23,23.00,18.0,0,0,0,,,,
31732,Vijaykumar Yo Mahesh,"December 21, 1987, Madras (now Chennai), Tamil Nadu",38y 195d,India,Allrounder,Right hand Bat,Right arm Medium fast,-,2009,IPL 2009,DC,1,-,-,-,-,-,-,-,-,-,-,-,0,0,1,12.50,12,1/25,1/25,25.00,12.0,0,0,0,,,,
31732,Vijaykumar Yo Mahesh,"December 21, 1987, Madras (now Chennai), Tamil Nadu",38y 195d,India,Allrounder,Right hand Bat,Right arm Medium fast,-,2007/08,IPL 2007/08,DC,11,5,3,15,6*,7.50,27,55.55,0,0,0,0,5,0,16,8.77,253,4/36,4/36,23.12,15.8,1,0,0,,,,
317786,Yogesh Nagar,"January 06, 1990, Wazirabad, Delhi",36y 179d,India,Allrounder,Right hand Bat,Right arm Offbreak,-,2012,IPL 2012,DC,13,8,3,153,44*,30.60,133,115.03,0,0,13,3,4,0,0,10.00,6,-,-,-,-,0,0,0,,,,
317786,Yogesh Nagar,"January 06, 1990, Wazirabad, Delhi",36y 179d,India,Allrounder,Right hand Bat,Right arm Offbreak,-,2011,IPL 2011,DC,11,10,3,111,23,15.85,100,111.00,0,0,6,6,1,0,1,13.40,30,1/3,1/3,67.00,30.0,0,0,0,,,,
317786,Yogesh Nagar,"January 06, 1990, Wazirabad, Delhi",36y 179d,India,Allrounder,Right hand Bat,Right arm Offbreak,-,2009/10,IPL 2009/10,DC,1,1,0,1,1,1.00,6,16.66,0,0,0,0,0,0,1,9.33,18,1/28,1/28,28.00,18.0,0,0,0,,,,
317786,Yogesh Nagar,"January 06, 1990, Wazirabad, Delhi",36y 179d,India,Allrounder,Right hand Bat,Right arm Offbreak,-,2009,IPL 2009,DC,1,1,0,20,20,20.00,20,100.00,0,0,1,0,1,0,2,10.00,12,2/20,2/20,10.00,6.0,0,0,0,,,,
36084,Yuvraj Singh,"December 12, 1981, Chandigarh",44y 204d,India,Middle order Batter,Left hand Bat,Slow Left arm Orthodox,2000 - 2017,2019,IPL 2019,MI,4,4,0,98,53,24.50,75,130.66,0,1,7,6,0,0,-,-,-,-,-,-,-,-,-,-,"September 13, 2007","February 01, 2017","October 03, 2000","June 30, 2017"
36084,Yuvraj Singh,"December 12, 1981, Chandigarh",44y 204d,India,Middle order Batter,Left hand Bat,Slow Left arm Orthodox,2000 - 2017,2018,IPL 2018,PBKS,8,6,0,65,20,10.83,73,89.04,0,0,6,2,1,0,0,11.50,12,-,-,-,-,0,0,0,"September 13, 2007","February 01, 2017","October 03, 2000","June 30, 2017"
36084,Yuvraj Singh,"December 12, 1981, Chandigarh",44y 204d,India,Middle order Batter,Left hand Bat,Slow Left arm Orthodox,2000 - 2017,2017,IPL 2017,SRH,12,11,2,252,70*,28.00,177,142.37,0,2,30,8,3,0,1,11.00,12,1/6,1/6,22.00,12.0,0,0,0,"September 13, 2007","February 01, 2017","October 03, 2000","June 30, 2017"
36084,Yuvraj Singh,"December 12, 1981, Chandigarh",44y 204d,India,Middle order Batter,Left hand Bat,Slow Left arm Orthodox,2000 - 2017,2016,IPL 2016,SRH,10,10,1,236,44,26.22,179,131.84,0,0,22,13,1,0,0,8.43,37,-,-,-,-,0,0,0,"September 13, 2007","February 01, 2017","October 03, 2000","June 30, 2017"
36084,Yuvraj Singh,"December 12, 1981, Chandigarh",44y 204d,India,Middle order Batter,Left hand Bat,Slow Left arm Orthodox,2000 - 2017,2015,IPL 2015,DC,14,13,0,248,57,19.07,210,118.09,0,2,23,10,2,0,1,8.00,54,1/14,1/14,72.00,54.0,0,0,0,"September 13, 2007","February 01, 2017","October 03, 2000","June 30, 2017"
36084,Yuvraj Singh,"December 12, 1981, Chandigarh",44y 204d,India,Middle order Batter,Left hand Bat,Slow Left arm Orthodox,2000 - 2017,2014,IPL 2014,RCB,14,14,3,376,83,34.18,278,135.25,0,3,22,28,4,0,5,8.25,136,4/35,4/35,37.40,27.2,1,0,0,"September 13, 2007","February 01, 2017","October 03, 2000","June 30, 2017"
36084,Yuvraj Singh,"December 12, 1981, Chandigarh",44y 204d,India,Middle order Batter,Left hand Bat,Slow Left arm Orthodox,2000 - 2017,2013,IPL 2013,PWI,13,13,1,238,34,19.83,190,125.26,0,0,14,15,1,0,6,6.90,132,2/27,2/27,25.33,22.0,0,0,0,"September 13, 2007","February 01, 2017","October 03, 2000","June 30, 2017"
36084,Yuvraj Singh,"December 12, 1981, Chandigarh",44y 204d,India,Middle order Batter,Left hand Bat,Slow Left arm Orthodox,2000 - 2017,2011,IPL 2011,PWI,14,13,3,343,66*,34.30,261,131.41,0,2,24,18,5,0,9,6.62,174,4/29,4/29,21.33,19.3,1,0,0,"September 13, 2007","February 01, 2017","October 03, 2000","June 30, 2017"
36084,Yuvraj Singh,"December 12, 1981, Chandigarh",44y 204d,India,Middle order Batter,Left hand Bat,Slow Left arm Orthodox,2000 - 2017,2009/10,IPL 2009/10,PBKS,14,14,2,255,43,21.25,199,128.14,0,0,20,14,2,0,5,6.60,138,2/21,2/21,30.40,27.6,0,0,0,"September 13, 2007","February 01, 2017","October 03, 2000","June 30, 2017"
36084,Yuvraj Singh,"December 12, 1981, Chandigarh",44y 204d,India,Middle order Batter,Left hand Bat,Slow Left arm Orthodox,2000 - 2017,2009,IPL 2009,PBKS,14,14,2,340,58*,28.33,294,115.64,0,2,25,16,5,0,6,7.10,120,3/13,3/13,23.66,20.0,0,0,0,"September 13, 2007","February 01, 2017","October 03, 2000","June 30, 2017"
36084,Yuvraj Singh,"December 12, 1981, Chandigarh",44y 204d,India,Middle order Batter,Left hand Bat,Slow Left arm Orthodox,2000 - 2017,2007/08,IPL 2007/08,PBKS,15,14,1,299,57,23.00,184,162.50,0,1,24,19,7,0,3,9.22,54,2/12,2/12,27.66,18.0,0,0,0,"September 13, 2007","February 01, 2017","October 03, 2000","June 30, 2017"
30102,Zaheer Khan,"October 08, 1978, Shrirampur, Maharashtra",47y 269d,India,Bowler,Right hand Bat,Left arm Fast medium,2000 - 2014,2017,IPL 2017,DC,11,3,2,4,2,4.00,13,30.76,0,0,0,0,4,0,10,7.79,241,3/20,3/20,31.30,24.1,0,0,0,"December 01, 2006","October 02, 2012","October 03, 2000","August 04, 2012"
30102,Zaheer Khan,"October 08, 1978, Shrirampur, Maharashtra",47y 269d,India,Bowler,Right hand Bat,Left arm Fast medium,2000 - 2014,2016,IPL 2016,DC,12,2,0,6,4,3.00,13,46.15,0,0,1,0,0,0,10,7.71,262,3/21,3/21,33.70,26.2,0,0,0,"December 01, 2006","October 02, 2012","October 03, 2000","August 04, 2012"
30102,Zaheer Khan,"October 08, 1978, Shrirampur, Maharashtra",47y 269d,India,Bowler,Right hand Bat,Left arm Fast medium,2000 - 2014,2015,IPL 2015,DC,7,-,-,-,-,-,-,-,-,-,-,-,0,0,7,6.45,145,2/9,2/9,22.28,20.7,0,0,0,"December 01, 2006","October 02, 2012","October 03, 2000","August 04, 2012"
30102,Zaheer Khan,"October 08, 1978, Shrirampur, Maharashtra",47y 269d,India,Bowler,Right hand Bat,Left arm Fast medium,2000 - 2014,2014,IPL 2014,MI,6,4,3,8,7*,8.00,7,114.28,0,0,0,1,0,0,5,6.53,134,2/21,2/21,29.20,26.8,0,0,0,"December 01, 2006","October 02, 2012","October 03, 2000","August 04, 2012"
30102,Zaheer Khan,"October 08, 1978, Shrirampur, Maharashtra",47y 269d,India,Bowler,Right hand Bat,Left arm Fast medium,2000 - 2014,2013,IPL 2013,RCB,2,-,-,-,-,-,-,-,-,-,-,-,1,0,5,7.83,36,4/17,4/17,9.40,7.2,1,0,0,"December 01, 2006","October 02, 2012","October 03, 2000","August 04, 2012"
30102,Zaheer Khan,"October 08, 1978, Shrirampur, Maharashtra",47y 269d,India,Bowler,Right hand Bat,Left arm Fast medium,2000 - 2014,2012,IPL 2012,RCB,16,5,3,12,11*,6.00,17,70.58,0,0,1,0,5,0,17,7.55,360,3/38,3/38,26.64,21.1,0,0,0,"December 01, 2006","October 02, 2012","October 03, 2000","August 04, 2012"
30102,Zaheer Khan,"October 08, 1978, Shrirampur, Maharashtra",47y 269d,India,Bowler,Right hand Bat,Left arm Fast medium,2000 - 2014,2011,IPL 2011,RCB,15,2,0,21,21,10.50,24,87.50,0,0,2,0,4,0,14,7.71,354,3/32,3/32,32.50,25.2,0,0,0,"December 01, 2006","October 02, 2012","October 03, 2000","August 04, 2012"
30102,Zaheer Khan,"October 08, 1978, Shrirampur, Maharashtra",47y 269d,India,Bowler,Right hand Bat,Left arm Fast medium,2000 - 2014,2009/10,IPL 2009/10,MI,14,4,3,24,23*,24.00,13,184.61,0,0,3,1,4,0,15,7.77,290,3/21,3/21,25.06,19.3,0,0,0,"December 01, 2006","October 02, 2012","October 03, 2000","August 04, 2012"
30102,Zaheer Khan,"October 08, 1978, Shrirampur, Maharashtra",47y 269d,India,Bowler,Right hand Bat,Left arm Fast medium,2000 - 2014,2009,IPL 2009,MI,6,4,3,8,4*,8.00,11,72.72,0,0,0,0,2,0,6,6.76,126,3/31,3/31,23.66,21.0,0,0,0,"December 01, 2006","October 02, 2012","October 03, 2000","August 04, 2012"
30102,Zaheer Khan,"October 08, 1978, Shrirampur, Maharashtra",47y 269d,India,Bowler,Right hand Bat,Left arm Fast medium,2000 - 2014,2007/08,IPL 2007/08,RCB,11,8,4,34,17*,8.50,43,79.06,0,0,4,0,1,0,13,8.50,252,3/38,3/38,27.46,19.3,0,0,0,"December 01, 2006","October 02, 2012","October 03, 2000","August 04, 2012"
