player_id,player_name,birthdate,age,nationality,player_role,international_career,year,tournament,team,matches,innings,no,runs,highestscore,batting_average,bf,strikerate,100s,50s,4s,6s,Ct,St,wickets,economy,balls,bbi,bbm,bowl_ave,sr,4w,5w,10w,t20_start,t20_end,odi_start,odi_end
27639,Aakash Chopra,"September 19, 1977, Agra, Uttar Pradesh",48y 289d,India,Batter,2003 - 2004,2009,IPL 2009,KKR,2,1,0,11,11,11.00,19,57.89,0,0,2,0,0,0,-,-,-,-,-,-,-,-,-,-,,,,
27639,Aakash Chopra,"September 19, 1977, Agra, Uttar Pradesh",48y 289d,India,Batter,2003 - 2004,2007/08,IPL 2007/08,KKR,5,5,0,42,24,8.40,52,80.76,0,0,5,0,2,0,-,-,-,-,-,-,-,-,-,-,,,,
5334,Aaron James Finch,"November 17, 1986, Colac, Victoria",39y 230d,Australia,Top order Batter,2011 - 2022,2022,IPL 2022,KKR,5,5,0,86,58,17.20,61,140.98,0,1,10,3,1,0,-,-,-,-,-,-,-,-,-,-,"January 12, 2011","October 31, 2022","January 11, 2013","September 11, 2022"
5334,Aaron James Finch,"November 17, 1986, Colac, Victoria",39y 230d,Australia,Top order Batter,2011 - 2022,2020/21,IPL 2020/21,RCB,12,12,0,268,52,22.33,241,111.20,0,1,28,8,3,0,-,-,-,-,-,-,-,-,-,-,"January 12, 2011","October 31, 2022","January 11, 2013","September 11, 2022"
5334,Aaron James Finch,"November 17, 1986, Colac, Victoria",39y 230d,Australia,Top order Batter,2011 - 2022,2018,IPL 2018,PBKS,10,9,1,134,46,16.75,100,134.00,0,0,6,8,4,0,-,-,-,-,-,-,-,-,-,-,"January 12, 2011","October 31, 2022","January 11, 2013","September 11, 2022"
5334,Aaron James Finch,"November 17, 1986, Colac, Victoria",39y 230d,Australia,Top order Batter,2011 - 2022,2017,IPL 2017,GL,13,13,1,299,72,24.91,180,166.11,0,2,25,19,5,0,-,-,-,-,-,-,-,-,-,-,"January 12, 2011","October 31, 2022","January 11, 2013","September 11, 2022"
5334,Aaron James Finch,"November 17, 1986, Colac, Victoria",39y 230d,Australia,Top order Batter,2011 - 2022,2016,IPL 2016,GL,13,12,2,393,74,39.30,299,131.43,0,5,45,11,3,0,-,-,-,-,-,-,-,-,-,-,"January 12, 2011","October 31, 2022","January 11, 2013","September 11, 2022"
5334,Aaron James Finch,"November 17, 1986, Colac, Victoria",39y 230d,Australia,Top order Batter,2011 - 2022,2015,IPL 2015,MI,3,3,1,23,10*,11.50,33,69.69,0,0,4,0,0,0,-,-,-,-,-,-,-,-,-,-,"January 12, 2011","October 31, 2022","January 11, 2013","September 11, 2022"
5334,Aaron James Finch,"November 17, 1986, Colac, Victoria",39y 230d,Australia,Top order Batter,2011 - 2022,2014,IPL 2014,SRH,13,13,2,309,88*,28.09,263,117.49,0,2,31,9,6,0,-,-,-,-,-,-,-,-,-,-,"January 12, 2011","October 31, 2022","January 11, 2013","September 11, 2022"
5334,Aaron James Finch,"November 17, 1986, Colac, Victoria",39y 230d,Australia,Top order Batter,2011 - 2022,2013,IPL 2013,PWI,14,14,0,456,67,32.57,336,135.71,0,4,54,16,2,0,1,12.25,24,1/11,1/11,49.00,24.0,0,0,0,"January 12, 2011","October 31, 2022","January 11, 2013","September 11, 2022"
5334,Aaron James Finch,"November 17, 1986, Colac, Victoria",39y 230d,Australia,Top order Batter,2011 - 2022,2012,IPL 2012,DC,2,2,0,55,30,27.50,51,107.84,0,0,8,0,0,0,-,-,-,-,-,-,-,-,-,-,"January 12, 2011","October 31, 2022","January 11, 2013","September 11, 2022"
5334,Aaron James Finch,"November 17, 1986, Colac, Victoria",39y 230d,Australia,Top order Batter,2011 - 2022,2011,IPL 2011,DC,6,6,0,47,25,7.83,46,102.17,0,0,3,3,4,0,0,6.50,12,-,-,-,-,0,0,0,"January 12, 2011","October 31, 2022","January 11, 2013","September 11, 2022"
5334,Aaron James Finch,"November 17, 1986, Colac, Victoria",39y 230d,Australia,Top order Batter,2011 - 2022,2009/10,IPL 2009/10,RR,1,1,0,21,21,21.00,21,100.00,0,0,0,1,0,0,0,4.28,7,-,-,-,-,0,0,0,"January 12, 2011","October 31, 2022","January 11, 2013","September 11, 2022"
1081183,Abhijeet Tomar,"March 14, 1995, Jaipur, Rajasthan",31y 113d,India,Opening Batter,-,2022,IPL 2022,KKR,1,1,0,4,4,4.00,8,50.00,0,0,1,0,0,0,-,-,-,-,-,-,-,-,-,-,,,,
268739,Balapuwaduge Ajantha Winslow Mendis,"March 11, 1985, Moratuwa",41y 116d,Sri Lanka,Bowler,2008 - 2015,2013,IPL 2013,PWI,3,1,0,2,2,2.00,4,50.00,0,0,0,0,0,0,2,6.50,72,1/15,1/15,39.00,36.0,0,0,0,"October 10, 2008","March 27, 2014","April 10, 2008","December 26, 2015"
268739,Balapuwaduge Ajantha Winslow Mendis,"March 11, 1985, Moratuwa",41y 116d,Sri Lanka,Bowler,2008 - 2015,2009/10,IPL 2009/10,KKR,2,1,1,1,1*,-,1,100.00,0,0,0,0,0,0,2,8.25,48,2/22,2/22,33.00,24.0,0,0,0,"October 10, 2008","March 27, 2014","April 10, 2008","December 26, 2015"
268739,Balapuwaduge Ajantha Winslow Mendis,"March 11, 1985, Moratuwa",41y 116d,Sri Lanka,Bowler,2008 - 2015,2009,IPL 2009,KKR,4,1,0,0,0,0.00,1,0.00,0,0,0,0,2,0,3,7.31,96,2/19,2/19,39.00,32.0,0,0,0,"October 10, 2008","March 27, 2014","April 10, 2008","December 26, 2015"
268739,Balapuwaduge Ajantha Winslow Mendis,"March 11, 1985, Moratuwa",41y 116d,Sri Lanka,Bowler,2008 - 2015,2007/08,IPL 2007/08,KKR,1,-,-,-,-,-,-,-,-,-,-,-,0,0,1,6.00,24,1/24,1/24,24.00,24.0,0,0,0,"October 10, 2008","March 27, 2014","April 10, 2008","December 26, 2015"
277916,Ajinkya Madhukar Rahane,"June 06, 1988, Ashwi-KD, Maharashtra",38y 29d,India,Top order Batter,2011 - 2023,2026,IPL 2026,KKR,14,14,1,335,67,25.76,248,135.08,0,2,25,18,8,0,-,-,-,-,-,-,-,-,-,-,"August 31, 2011","August 28, 2016","September 03, 2011","February 16, 2018"
277916,Ajinkya Madhukar Rahane,"June 06, 1988, Ashwi-KD, Maharashtra",38y 29d,India,Top order Batter,2011 - 2023,2025,IPL 2025,KKR,13,12,1,390,61,35.45,264,147.72,0,3,36,20,5,0,-,-,-,-,-,-,-,-,-,-,"August 31, 2011","August 28, 2016","September 03, 2011","February 16, 2018"
277916,Ajinkya Madhukar Rahane,"June 06, 1988, Ashwi-KD, Maharashtra",38y 29d,India,Top order Batter,2011 - 2023,2024,IPL 2024,CSK,13,12,0,242,45,20.16,196,123.46,0,0,23,7,1,0,-,-,-,-,-,-,-,-,-,-,"August 31, 2011","August 28, 2016","September 03, 2011","February 16, 2018"
277916,Ajinkya Madhukar Rahane,"June 06, 1988, Ashwi-KD, Maharashtra",38y 29d,India,Top order Batter,2011 - 2023,2023,IPL 2023,CSK,14,11,1,326,71*,32.60,189,172.48,0,2,24,16,8,0,-,-,-,-,-,-,-,-,-,-,"August 31, 2011","August 28, 2016","September 03, 2011","February 16, 2018"
277916,Ajinkya Madhukar Rahane,"June 06, 1988, Ashwi-KD, Maharashtra",38y 29d,India,Top order Batter,2011 - 2023,2022,IPL 2022,KKR,7,7,0,133,44,19.00,128,103.90,0,0,14,4,3,0,-,-,-,-,-,-,-,-,-,-,"August 31, 2011","August 28, 2016","September 03, 2011","February 16, 2018"
277916,Ajinkya Madhukar Rahane,"June 06, 1988, Ashwi-KD, Maharashtra",38y 29d,India,Top order Batter,2011 - 2023,2021,IPL 2021,DC,2,1,0,8,8,8.00,8,100.00,0,0,1,0,0,0,-,-,-,-,-,-,-,-,-,-,"August 31, 2011","August 28, 2016","September 03, 2011","February 16, 2018"
277916,Ajinkya Madhukar Rahane,"June 06, 1988, Ashwi-KD, Maharashtra",38y 29d,India,Top order Batter,2011 - 2023,2020/21,IPL 2020/21,DC,9,8,0,113,60,14.12,107,105.60,0,1,12,2,4,0,-,-,-,-,-,-,-,-,-,-,"August 31, 2011","August 28, 2016","September 03, 2011","February 16, 2018"
277916,Ajinkya Madhukar Rahane,"June 06, 1988, Ashwi-KD, Maharashtra",38y 29d,India,Top order Batter,2011 - 2023,2019,IPL 2019,RR,14,13,1,393,105*,32.75,285,137.89,1,1,45,9,5,0,-,-,-,-,-,-,-,-,-,-,"August 31, 2011","August 28, 2016","September 03, 2011","February 16, 2018"
277916,Ajinkya Madhukar Rahane,"June 06, 1988, Ashwi-KD, Maharashtra",38y 29d,India,Top order Batter,2011 - 2023,2018,IPL 2018,RR,15,14,1,370,65*,28.46,313,118.21,0,1,39,5,4,0,-,-,-,-,-,-,-,-,-,-,"August 31, 2011","August 28, 2016","September 03, 2011","February 16, 2018"
277916,Ajinkya Madhukar Rahane,"June 06, 1988, Ashwi-KD, Maharashtra",38y 29d,India,Top order Batter,2011 - 2023,2017,IPL 2017,RPS,16,16,1,382,60,25.46,323,118.26,0,2,35,9,6,0,-,-,-,-,-,-,-,-,-,-,"August 31, 2011","August 28, 2016","September 03, 2011","February 16, 2018"
277916,Ajinkya Madhukar Rahane,"June 06, 1988, Ashwi-KD, Maharashtra",38y 29d,India,Top order Batter,2011 - 2023,2016,IPL 2016,RPS,14,14,3,480,74,43.63,379,126.64,0,6,54,9,7,0,-,-,-,-,-,-,-,-,-,-,"August 31, 2011","August 28, 2016","September 03, 2011","February 16, 2018"
277916,Ajinkya Madhukar Rahane,"June 06, 1988, Ashwi-KD, Maharashtra",38y 29d,India,Top order Batter,2011 - 2023,2015,IPL 2015,RR,14,13,2,540,91*,49.09,413,130.75,0,4,53,13,3,0,-,-,-,-,-,-,-,-,-,-,"August 31, 2011","August 28, 2016","September 03, 2011","February 16, 2018"
277916,Ajinkya Madhukar Rahane,"June 06, 1988, Ashwi-KD, Maharashtra",38y 29d,India,Top order Batter,2011 - 2023,2014,IPL 2014,RR,13,12,0,339,72,28.25,291,116.49,0,3,38,3,6,0,-,-,-,-,-,-,-,-,-,-,"August 31, 2011","August 28, 2016","September 03, 2011","February 16, 2018"
277916,Ajinkya Madhukar Rahane,"June 06, 1988, Ashwi-KD, Maharashtra",38y 29d,India,Top order Batter,2011 - 2023,2013,IPL 2013,RR,18,18,4,488,68*,34.85,458,106.55,0,4,42,11,10,0,-,-,-,-,-,-,-,-,-,-,"August 31, 2011","August 28, 2016","September 03, 2011","February 16, 2018"
277916,Ajinkya Madhukar Rahane,"June 06, 1988, Ashwi-KD, Maharashtra",38y 29d,India,Top order Batter,2011 - 2023,2012,IPL 2012,RR,16,16,2,560,103*,40.00,433,129.33,1,3,73,10,11,0,-,-,-,-,-,-,-,-,-,-,"August 31, 2011","August 28, 2016","September 03, 2011","February 16, 2018"
277916,Ajinkya Madhukar Rahane,"June 06, 1988, Ashwi-KD, Maharashtra",38y 29d,India,Top order Batter,2011 - 2023,2011,IPL 2011,RR,10,7,1,120,52,20.00,98,122.44,0,1,12,2,1,0,-,-,-,-,-,-,-,-,-,-,"August 31, 2011","August 28, 2016","September 03, 2011","February 16, 2018"
277916,Ajinkya Madhukar Rahane,"June 06, 1988, Ashwi-KD, Maharashtra",38y 29d,India,Top order Batter,2011 - 2023,2009,IPL 2009,MI,8,7,1,144,62*,24.00,123,117.07,0,2,12,3,1,0,1,5.00,6,1/5,1/5,5.00,6.0,0,0,0,"August 31, 2011","August 28, 2016","September 03, 2011","February 16, 2018"
277916,Ajinkya Madhukar Rahane,"June 06, 1988, Ashwi-KD, Maharashtra",38y 29d,India,Top order Batter,2011 - 2023,2007/08,IPL 2007/08,MI,2,2,0,4,4,2.00,17,23.52,0,0,1,0,0,0,-,-,-,-,-,-,-,-,-,-,"August 31, 2011","August 28, 2016","September 03, 2011","February 16, 2018"
26184,Ajit Bhalchandra Agarkar,"December 04, 1977, Bombay (now Mumbai), Maharashtra",48y 213d,India,Bowler,1998 - 2007,2013,IPL 2013,DC,4,2,1,12,9*,12.00,16,75.00,0,0,0,0,1,0,0,9.20,60,-,-,-,-,0,0,0,"December 01, 2006","September 16, 2007","April 01, 1998","September 05, 2007"
26184,Ajit Bhalchandra Agarkar,"December 04, 1977, Bombay (now Mumbai), Maharashtra",48y 213d,India,Bowler,1998 - 2007,2012,IPL 2012,DC,4,1,1,0,0*,-,0,-,0,0,0,0,2,0,3,9.34,86,2/27,2/27,44.66,28.6,0,0,0,"December 01, 2006","September 16, 2007","April 01, 1998","September 05, 2007"
26184,Ajit Bhalchandra Agarkar,"December 04, 1977, Bombay (now Mumbai), Maharashtra",48y 213d,India,Bowler,1998 - 2007,2011,IPL 2011,DC,7,2,1,7,7*,7.00,6,116.66,0,0,1,0,0,0,8,8.55,162,2/23,2/23,28.87,20.2,0,0,0,"December 01, 2006","September 16, 2007","April 01, 1998","September 05, 2007"
26184,Ajit Bhalchandra Agarkar,"December 04, 1977, Bombay (now Mumbai), Maharashtra",48y 213d,India,Bowler,1998 - 2007,2009/10,IPL 2009/10,KKR,7,4,3,40,17,40.00,29,137.93,0,0,4,0,1,0,4,9.22,132,2/32,2/32,50.75,33.0,0,0,0,"December 01, 2006","September 16, 2007","April 01, 1998","September 05, 2007"
26184,Ajit Bhalchandra Agarkar,"December 04, 1977, Bombay (now Mumbai), Maharashtra",48y 213d,India,Bowler,1998 - 2007,2009,IPL 2009,KKR,11,7,5,66,39,33.00,57,115.78,0,0,3,3,0,0,6,9.16,186,2/15,2/15,47.33,31.0,0,0,0,"December 01, 2006","September 16, 2007","April 01, 1998","September 05, 2007"
26184,Ajit Bhalchandra Agarkar,"December 04, 1977, Bombay (now Mumbai), Maharashtra",48y 213d,India,Bowler,1998 - 2007,2007/08,IPL 2007/08,KKR,9,6,1,54,20,10.80,46,117.39,0,0,5,2,1,0,8,7.96,156,3/25,3/25,25.87,19.5,0,0,0,"December 01, 2006","September 16, 2007","April 01, 1998","September 05, 2007"
1254269,Aman Khan,"November 23, 1996",29y 224d,India,Allrounder,-,2023,IPL 2023,DC,11,9,1,110,51,13.75,101,108.91,0,1,7,6,9,0,-,-,-,-,-,-,-,-,-,-,,,,
1254269,Aman Khan,"November 23, 1996",29y 224d,India,Allrounder,-,2022,IPL 2022,KKR,1,1,0,5,5,5.00,3,166.66,0,0,1,0,0,0,0,13.00,6,-,-,-,-,0,0,0,,,,
276298,Andre Dwayne Russell,"April 29, 1988, Jamaica",38y 67d,West Indies,Allrounder,2010 - 2025,2025,IPL 2025,KKR,13,10,1,167,57*,18.55,102,163.72,0,1,16,14,5,0,8,11.94,109,2/21,2/21,27.12,13.6,0,0,0,"April 21, 2011","July 22, 2025","March 11, 2011","June 17, 2019"
276298,Andre Dwayne Russell,"April 29, 1988, Jamaica",38y 67d,West Indies,Allrounder,2010 - 2025,2024,IPL 2024,KKR,15,9,2,222,64*,31.71,120,185.00,0,1,20,16,3,0,19,10.05,176,3/19,3/19,15.52,9.2,0,0,0,"April 21, 2011","July 22, 2025","March 11, 2011","June 17, 2019"
276298,Andre Dwayne Russell,"April 29, 1988, Jamaica",38y 67d,West Indies,Allrounder,2010 - 2025,2023,IPL 2023,KKR,14,14,3,227,42,20.63,156,145.51,0,0,13,18,6,0,7,11.34,91,3/22,3/22,24.57,13.0,0,0,0,"April 21, 2011","July 22, 2025","March 11, 2011","June 17, 2019"
276298,Andre Dwayne Russell,"April 29, 1988, Jamaica",38y 67d,West Indies,Allrounder,2010 - 2025,2022,IPL 2022,KKR,14,12,3,335,70*,37.22,192,174.47,0,1,18,32,2,0,17,9.86,169,4/5,4/5,16.35,9.9,1,0,0,"April 21, 2011","July 22, 2025","March 11, 2011","June 17, 2019"
276298,Andre Dwayne Russell,"April 29, 1988, Jamaica",38y 67d,West Indies,Allrounder,2010 - 2025,2021,IPL 2021,KKR,10,9,2,183,54,26.14,120,152.50,0,1,14,14,2,0,11,9.89,114,5/15,5/15,17.09,10.3,0,1,0,"April 21, 2011","July 22, 2025","March 11, 2011","June 17, 2019"
276298,Andre Dwayne Russell,"April 29, 1988, Jamaica",38y 67d,West Indies,Allrounder,2010 - 2025,2020/21,IPL 2020/21,KKR,10,9,0,117,25,13.00,81,144.44,0,0,9,9,2,0,6,9.72,108,2/29,2/29,29.16,18.0,0,0,0,"April 21, 2011","July 22, 2025","March 11, 2011","June 17, 2019"
276298,Andre Dwayne Russell,"April 29, 1988, Jamaica",38y 67d,West Indies,Allrounder,2010 - 2025,2019,IPL 2019,KKR,14,13,4,510,80*,56.66,249,204.81,0,4,31,52,4,0,11,9.51,181,2/21,2/21,26.09,16.4,0,0,0,"April 21, 2011","July 22, 2025","March 11, 2011","June 17, 2019"
276298,Andre Dwayne Russell,"April 29, 1988, Jamaica",38y 67d,West Indies,Allrounder,2010 - 2025,2018,IPL 2018,KKR,16,14,3,316,88*,28.72,171,184.79,0,1,17,31,8,0,13,9.38,227,3/31,3/31,27.30,17.4,0,0,0,"April 21, 2011","July 22, 2025","March 11, 2011","June 17, 2019"
276298,Andre Dwayne Russell,"April 29, 1988, Jamaica",38y 67d,West Indies,Allrounder,2010 - 2025,2016,IPL 2016,KKR,12,8,1,188,39*,26.85,114,164.91,0,0,10,15,2,0,15,7.97,219,4/20,4/20,19.40,14.6,1,0,0,"April 21, 2011","July 22, 2025","March 11, 2011","June 17, 2019"
276298,Andre Dwayne Russell,"April 29, 1988, Jamaica",38y 67d,West Indies,Allrounder,2010 - 2025,2015,IPL 2015,KKR,13,11,2,326,66,36.22,169,192.89,0,3,35,19,6,0,14,7.96,244,3/32,3/32,23.14,17.4,0,0,0,"April 21, 2011","July 22, 2025","March 11, 2011","June 17, 2019"
276298,Andre Dwayne Russell,"April 29, 1988, Jamaica",38y 67d,West Indies,Allrounder,2010 - 2025,2014,IPL 2014,KKR,2,2,0,2,1,1.00,8,25.00,0,0,0,0,0,0,1,10.40,30,1/25,1/25,52.00,30.0,0,0,0,"April 21, 2011","July 22, 2025","March 11, 2011","June 17, 2019"
276298,Andre Dwayne Russell,"April 29, 1988, Jamaica",38y 67d,West Indies,Allrounder,2010 - 2025,2013,IPL 2013,DC,3,2,0,11,7,5.50,14,78.57,0,0,0,0,1,0,0,9.71,42,-,-,-,-,0,0,0,"April 21, 2011","July 22, 2025","March 11, 2011","June 17, 2019"
276298,Andre Dwayne Russell,"April 29, 1988, Jamaica",38y 67d,West Indies,Allrounder,2010 - 2025,2012,IPL 2012,DC,4,2,0,47,31,23.50,26,180.76,0,0,3,3,0,0,1,10.06,96,1/51,1/51,161.00,96.0,0,0,0,"April 21, 2011","July 22, 2025","March 11, 2011","June 17, 2019"
49764,Angelo Davis Mathews,"June 02, 1987, Colombo",39y 33d,Sri Lanka,Allrounder,2008 - 2025,2017,IPL 2017,DC,3,2,0,32,31,16.00,27,118.51,0,0,2,1,2,0,0,11.20,30,-,-,-,-,0,0,0,"June 08, 2009","June 16, 2024","November 28, 2008","November 09, 2023"
49764,Angelo Davis Mathews,"June 02, 1987, Colombo",39y 33d,Sri Lanka,Allrounder,2008 - 2025,2015,IPL 2015,DC,11,10,3,144,28,20.57,104,138.46,0,0,12,6,5,0,7,8.20,180,2/15,2/15,35.14,25.7,0,0,0,"June 08, 2009","June 16, 2024","November 28, 2008","November 09, 2023"
49764,Angelo Davis Mathews,"June 02, 1987, Colombo",39y 33d,Sri Lanka,Allrounder,2008 - 2025,2013,IPL 2013,PWI,11,10,3,172,40,24.57,139,123.74,0,0,5,10,5,0,5,7.74,186,3/14,3/14,48.00,37.2,0,0,0,"June 08, 2009","June 16, 2024","November 28, 2008","November 09, 2023"
49764,Angelo Davis Mathews,"June 02, 1987, Colombo",39y 33d,Sri Lanka,Allrounder,2008 - 2025,2012,IPL 2012,PWI,9,8,1,127,35,18.14,108,117.59,0,0,5,4,3,0,7,7.38,156,2/17,2/17,27.42,22.2,0,0,0,"June 08, 2009","June 16, 2024","November 28, 2008","November 09, 2023"
49764,Angelo Davis Mathews,"June 02, 1987, Colombo",39y 33d,Sri Lanka,Allrounder,2008 - 2025,2009/10,IPL 2009/10,KKR,14,11,4,233,65*,33.28,184,126.63,0,1,18,8,3,0,8,8.37,225,4/19,4/19,39.25,28.1,1,0,0,"June 08, 2009","June 16, 2024","November 28, 2008","November 09, 2023"
49764,Angelo Davis Mathews,"June 02, 1987, Colombo",39y 33d,Sri Lanka,Allrounder,2008 - 2025,2009,IPL 2009,KKR,1,1,0,16,16,16.00,13,123.07,0,0,2,0,1,0,0,13.28,14,-,-,-,-,0,0,0,"June 08, 2009","June 16, 2024","November 28, 2008","November 09, 2023"
1292495,Angkrish Raghuvanshi,"June 05, 2004, Delhi",22y 30d,India,Top order Batter,-,2026,IPL 2026,KKR,13,12,2,422,82*,42.20,288,146.52,0,5,40,19,5,1,-,-,-,-,-,-,-,-,-,-,,,,
1292495,Angkrish Raghuvanshi,"June 05, 2004, Delhi",22y 30d,India,Top order Batter,-,2025,IPL 2025,KKR,12,11,2,300,50,33.33,215,139.53,0,1,30,8,2,0,-,-,-,-,-,-,-,-,-,-,,,,
1292495,Angkrish Raghuvanshi,"June 05, 2004, Delhi",22y 30d,India,Top order Batter,-,2024,IPL 2024,KKR,10,7,0,163,54,23.28,105,155.23,0,1,16,8,4,0,-,-,-,-,-,-,-,-,-,-,,,,
591650,Ankit Singh Rajpoot,"December 04, 1993, Kanpur",32y 213d,India,Bowler,-,2020/21,IPL 2020/21,RR,6,2,1,9,7*,9.00,10,90.00,0,0,0,1,0,0,2,11.70,102,1/39,1/39,99.50,51.0,0,0,0,,,,
591650,Ankit Singh Rajpoot,"December 04, 1993, Kanpur",32y 213d,India,Bowler,-,2019,IPL 2019,PBKS,4,-,-,-,-,-,-,-,-,-,-,-,1,0,3,9.50,96,2/33,2/33,50.66,32.0,0,0,0,,,,
591650,Ankit Singh Rajpoot,"December 04, 1993, Kanpur",32y 213d,India,Bowler,-,2018,IPL 2018,PBKS,8,3,0,11,8,3.66,18,61.11,0,0,1,0,2,0,11,8.52,157,5/14,5/14,20.27,14.2,0,1,0,,,,
591650,Ankit Singh Rajpoot,"December 04, 1993, Kanpur",32y 213d,India,Bowler,-,2017,IPL 2017,KKR,5,1,0,4,4,4.00,7,57.14,0,0,1,0,1,0,4,7.64,84,3/37,3/37,26.75,21.0,0,0,0,,,,
591650,Ankit Singh Rajpoot,"December 04, 1993, Kanpur",32y 213d,India,Bowler,-,2016,IPL 2016,KKR,4,-,-,-,-,-,-,-,-,-,-,-,0,0,3,8.90,66,1/14,1/14,32.66,22.0,0,0,0,,,,
591650,Ankit Singh Rajpoot,"December 04, 1993, Kanpur",32y 213d,India,Bowler,-,2013,IPL 2013,CSK,2,1,1,2,2*,-,6,33.33,0,0,0,0,0,0,1,8.75,24,1/25,1/25,35.00,24.0,0,0,0,,,,
481979,Anrich Arno Nortje,"November 16, 1993",32y 231d,South Africa,Bowler,2019 - 2026,2026,IPL 2026,LSG,1,1,0,0,0,0.00,1,0.00,0,0,0,0,0,0,0,9.75,24,-,-,-,-,0,0,0,"September 18, 2019","March 01, 2026","March 03, 2019","September 09, 2023"
481979,Anrich Arno Nortje,"November 16, 1993",32y 231d,South Africa,Bowler,2019 - 2026,2025,IPL 2025,KKR,2,2,2,0,0*,-,0,-,0,0,0,0,1,0,1,11.85,42,1/23,1/23,83.00,42.0,0,0,0,"September 18, 2019","March 01, 2026","March 03, 2019","September 09, 2023"
481979,Anrich Arno Nortje,"November 16, 1993",32y 231d,South Africa,Bowler,2019 - 2026,2024,IPL 2024,DC,6,2,0,4,4,2.00,8,50.00,0,0,0,0,1,0,7,13.36,132,3/59,3/59,42.00,18.8,0,0,0,"September 18, 2019","March 01, 2026","March 03, 2019","September 09, 2023"
481979,Anrich Arno Nortje,"November 16, 1993",32y 231d,South Africa,Bowler,2019 - 2026,2023,IPL 2023,DC,10,7,4,37,23*,12.33,29,127.58,0,0,6,0,2,0,10,9.10,240,2/20,2/20,36.40,24.0,0,0,0,"September 18, 2019","March 01, 2026","March 03, 2019","September 09, 2023"
481979,Anrich Arno Nortje,"November 16, 1993",32y 231d,South Africa,Bowler,2019 - 2026,2022,IPL 2022,DC,6,1,1,1,1*,-,6,16.66,0,0,0,0,2,0,9,9.71,134,3/42,3/42,24.11,14.8,0,0,0,"September 18, 2019","March 01, 2026","March 03, 2019","September 09, 2023"
481979,Anrich Arno Nortje,"November 16, 1993",32y 231d,South Africa,Bowler,2019 - 2026,2021,IPL 2021,DC,8,-,-,-,-,-,-,-,-,-,-,-,1,0,12,6.16,182,2/12,2/12,15.58,15.1,0,0,0,"September 18, 2019","March 01, 2026","March 03, 2019","September 09, 2023"
481979,Anrich Arno Nortje,"November 16, 1993",32y 231d,South Africa,Bowler,2019 - 2026,2020/21,IPL 2020/21,DC,16,5,4,7,3*,7.00,6,116.66,0,0,0,0,4,0,22,8.39,366,3/33,3/33,23.27,16.6,0,0,0,"September 18, 2019","March 01, 2026","March 03, 2019","September 09, 2023"
1079839,Anukul Sudhakar Roy,"November 30, 1998, Saraikela Kharswan, Jharkhand",27y 217d,India,Allrounder,-,2026,IPL 2026,KKR,14,7,3,52,29*,13.00,39,133.33,0,0,3,2,9,0,9,9.60,163,2/31,2/31,29.00,18.1,0,0,0,,,,
1079839,Anukul Sudhakar Roy,"November 30, 1998, Saraikela Kharswan, Jharkhand",27y 217d,India,Allrounder,-,2025,IPL 2025,KKR,1,1,0,0,0,0.00,1,0.00,0,0,0,0,0,0,1,6.75,24,1/27,1/27,27.00,24.0,0,0,0,,,,
1079839,Anukul Sudhakar Roy,"November 30, 1998, Saraikela Kharswan, Jharkhand",27y 217d,India,Allrounder,-,2024,IPL 2024,KKR,4,1,1,3,3*,-,3,100.00,0,0,0,0,0,0,0,10.58,34,-,-,-,-,0,0,0,,,,
1079839,Anukul Sudhakar Roy,"November 30, 1998, Saraikela Kharswan, Jharkhand",27y 217d,India,Allrounder,-,2023,IPL 2023,KKR,4,4,2,23,13*,11.50,19,121.05,0,0,3,0,2,0,3,8.12,48,2/19,2/19,21.66,16.0,0,0,0,,,,
1079839,Anukul Sudhakar Roy,"November 30, 1998, Saraikela Kharswan, Jharkhand",27y 217d,India,Allrounder,-,2022,IPL 2022,KKR,2,1,0,0,0,0.00,2,0.00,0,0,0,0,1,0,1,7.85,42,1/28,1/28,55.00,42.0,0,0,0,,,,
1079839,Anukul Sudhakar Roy,"November 30, 1998, Saraikela Kharswan, Jharkhand",27y 217d,India,Allrounder,-,2019,IPL 2019,MI,1,-,-,-,-,-,-,-,-,-,-,-,0,0,1,5.50,12,1/11,1/11,11.00,12.0,0,0,0,,,,
376324,Kathuria Anureet Singh,"March 02, 1988, Delhi",38y 125d,India,Bowler,-,2018,IPL 2018,RR,3,1,1,3,3*,-,4,75.00,0,0,0,0,1,0,1,10.50,24,1/20,1/20,42.00,24.0,0,0,0,,,,
376324,Kathuria Anureet Singh,"March 02, 1988, Delhi",38y 125d,India,Bowler,-,2017,IPL 2017,PBKS,1,1,0,15,15,15.00,12,125.00,0,0,2,0,0,0,0,13.00,12,-,-,-,-,0,0,0,,,,
376324,Kathuria Anureet Singh,"March 02, 1988, Delhi",38y 125d,India,Bowler,-,2016,IPL 2016,PBKS,2,-,-,-,-,-,-,-,-,-,-,-,0,0,0,7.16,36,-,-,-,-,0,0,0,,,,
376324,Kathuria Anureet Singh,"March 02, 1988, Delhi",38y 125d,India,Bowler,-,2015,IPL 2015,PBKS,14,6,3,18,10,6.00,31,58.06,0,0,0,1,4,0,15,9.00,310,3/23,3/23,31.00,20.6,0,0,0,,,,
376324,Kathuria Anureet Singh,"March 02, 1988, Delhi",38y 125d,India,Bowler,-,2009,IPL 2009,KKR,3,-,-,-,-,-,-,-,-,-,-,-,0,0,2,9.40,30,2/35,2/35,23.50,15.0,0,0,0,,,,
220435,Arindam Nanigopal Ghosh,"October 19, 1986, Barasat, Kolkatta",39y 259d,India,Batter,-,2009,IPL 2009,KKR,2,2,0,7,7,3.50,8,87.50,0,0,1,0,1,0,-,-,-,-,-,-,-,-,-,-,,,,
227712,Ashok Bhimchandra Dinda,"March 25, 1984, Medinipur, Calcutta (now Kolkata)",42y 102d,India,Bowler,2009 - 2013,2017,IPL 2017,RPS,3,1,0,7,7,7.00,7,100.00,0,0,1,0,0,0,1,11.90,60,1/26,1/26,119.00,60.0,0,0,0,"December 09, 2009","December 28, 2012","May 28, 2010","January 11, 2013"
227712,Ashok Bhimchandra Dinda,"March 25, 1984, Medinipur, Calcutta (now Kolkata)",42y 102d,India,Bowler,2009 - 2013,2016,IPL 2016,RPS,9,-,-,-,-,-,-,-,-,-,-,-,0,0,11,7.57,183,3/20,3/20,21.00,16.6,0,0,0,"December 09, 2009","December 28, 2012","May 28, 2010","January 11, 2013"
227712,Ashok Bhimchandra Dinda,"March 25, 1984, Medinipur, Calcutta (now Kolkata)",42y 102d,India,Bowler,2009 - 2013,2015,IPL 2015,RCB,2,-,-,-,-,-,-,-,-,-,-,-,1,0,0,12.40,30,-,-,-,-,0,0,0,"December 09, 2009","December 28, 2012","May 28, 2010","January 11, 2013"
227712,Ashok Bhimchandra Dinda,"March 25, 1984, Medinipur, Calcutta (now Kolkata)",42y 102d,India,Bowler,2009 - 2013,2014,IPL 2014,RCB,9,3,2,4,2*,4.00,12,33.33,0,0,0,0,0,0,5,8.70,186,1/14,1/14,54.00,37.2,0,0,0,"December 09, 2009","December 28, 2012","May 28, 2010","January 11, 2013"
227712,Ashok Bhimchandra Dinda,"March 25, 1984, Medinipur, Calcutta (now Kolkata)",42y 102d,India,Bowler,2009 - 2013,2013,IPL 2013,PWI,13,5,3,9,6*,4.50,11,81.81,0,0,1,0,3,0,16,9.48,294,3/31,3/31,29.06,18.3,0,0,0,"December 09, 2009","December 28, 2012","May 28, 2010","January 11, 2013"
227712,Ashok Bhimchandra Dinda,"March 25, 1984, Medinipur, Calcutta (now Kolkata)",42y 102d,India,Bowler,2009 - 2013,2012,IPL 2012,PWI,7,1,0,2,2,2.00,5,40.00,0,0,0,0,1,0,9,7.04,144,4/18,4/18,18.77,16.0,1,0,0,"December 09, 2009","December 28, 2012","May 28, 2010","January 11, 2013"
227712,Ashok Bhimchandra Dinda,"March 25, 1984, Medinipur, Calcutta (now Kolkata)",42y 102d,India,Bowler,2009 - 2013,2011,IPL 2011,DC,6,1,0,0,0,0.00,5,0.00,0,0,0,0,0,0,5,8.94,102,2/42,2/42,30.40,20.4,0,0,0,"December 09, 2009","December 28, 2012","May 28, 2010","January 11, 2013"
227712,Ashok Bhimchandra Dinda,"March 25, 1984, Medinipur, Calcutta (now Kolkata)",42y 102d,India,Bowler,2009 - 2013,2009/10,IPL 2009/10,KKR,7,1,0,0,0,0.00,1,0.00,0,0,0,0,0,0,9,6.56,139,2/15,2/15,16.88,15.4,0,0,0,"December 09, 2009","December 28, 2012","May 28, 2010","January 11, 2013"
227712,Ashok Bhimchandra Dinda,"March 25, 1984, Medinipur, Calcutta (now Kolkata)",42y 102d,India,Bowler,2009 - 2013,2009,IPL 2009,KKR,9,2,0,2,2,1.00,3,66.66,0,0,0,0,1,0,4,8.04,144,1/24,1/24,48.25,36.0,0,0,0,"December 09, 2009","December 28, 2012","May 28, 2010","January 11, 2013"
227712,Ashok Bhimchandra Dinda,"March 25, 1984, Medinipur, Calcutta (now Kolkata)",42y 102d,India,Bowler,2009 - 2013,2007/08,IPL 2007/08,KKR,13,3,2,2,1*,2.00,4,50.00,0,0,0,0,1,0,9,6.66,234,3/33,3/33,28.88,26.0,0,0,0,"December 09, 2009","December 28, 2012","May 28, 2010","January 11, 2013"
39024,Azhar Mahmood Sagar,"February 28, 1975, Rawalpindi, Punjab",51y 127d,Pakistan,Bowling Allrounder,1996 - 2007,2015,IPL 2015,KKR,1,1,0,6,6,6.00,7,85.71,0,0,1,0,0,0,0,13.66,18,-,-,-,-,0,0,0,,,"September 16, 1996","March 17, 2007"
39024,Azhar Mahmood Sagar,"February 28, 1975, Rawalpindi, Punjab",51y 127d,Pakistan,Bowling Allrounder,1996 - 2007,2013,IPL 2013,PBKS,11,10,0,196,80,19.60,154,127.27,0,2,22,5,1,0,15,7.52,263,3/21,3/21,22.00,17.5,0,0,0,,,"September 16, 1996","March 17, 2007"
39024,Azhar Mahmood Sagar,"February 28, 1975, Rawalpindi, Punjab",51y 127d,Pakistan,Bowling Allrounder,1996 - 2007,2012,IPL 2012,PBKS,11,10,2,186,36,23.25,142,130.98,0,0,16,8,7,0,14,7.71,256,3/20,3/20,23.50,18.2,0,0,0,,,"September 16, 1996","March 17, 2007"
477069,Baba Indrajith,"July 08, 1994, Madras (now Chennai), Tamil Nadu",31y 362d,India,Top order Batter,-,2022,IPL 2022,KKR,3,3,0,21,15,7.00,30,70.00,0,0,2,0,1,0,-,-,-,-,-,-,-,-,-,-,,,,
827051,Blessing Muzarabani,"October 02, 1996, Harare",29y 276d,Zimbabwe,Bowler,2017 - 2026,2026,IPL 2026,KKR,2,-,-,-,-,-,-,-,-,-,-,-,0,0,4,10.71,42,4/41,4/41,18.75,10.5,1,0,0,"February 05, 2018","March 01, 2026","January 15, 2018","August 31, 2025"
5560,Bradley James Haddin,"October 23, 1977, Cowra, New South Wales",48y 255d,Australia,Wicketkeeper Batter,2001 - 2015,2011,IPL 2011,KKR,1,1,0,18,18,18.00,11,163.63,0,0,2,1,0,0,-,-,-,-,-,-,-,-,-,-,"January 09, 2006","October 05, 2014","January 30, 2001","March 29, 2015"
5674,Bradley John Hodge,"December 29, 1974, Sandringham, Victoria",51y 188d,Australia,Top order Batter,2005 - 2014,2014,IPL 2014,RR,4,4,1,101,40,33.66,72,140.27,0,0,4,6,2,0,-,-,-,-,-,-,-,-,-,-,"September 12, 2007","March 30, 2014","December 03, 2005","October 17, 2007"
5674,Bradley John Hodge,"December 29, 1974, Sandringham, Victoria",51y 188d,Australia,Top order Batter,2005 - 2014,2013,IPL 2013,RR,17,14,7,293,54*,41.85,218,134.40,0,1,27,9,6,0,0,3.00,6,-,-,-,-,0,0,0,"September 12, 2007","March 30, 2014","December 03, 2005","October 17, 2007"
5674,Bradley John Hodge,"December 29, 1974, Sandringham, Victoria",51y 188d,Australia,Top order Batter,2005 - 2014,2012,IPL 2012,RR,12,12,4,245,48*,30.62,175,140.00,0,0,18,9,7,0,1,10.50,12,1/13,1/13,21.00,12.0,0,0,0,"September 12, 2007","March 30, 2014","December 03, 2005","October 17, 2007"
5674,Bradley John Hodge,"December 29, 1974, Sandringham, Victoria",51y 188d,Australia,Top order Batter,2005 - 2014,2011,IPL 2011,Kochi,14,14,6,285,51*,35.62,236,120.76,0,1,26,9,1,0,7,7.00,66,4/13,4/13,11.00,9.4,1,0,0,"September 12, 2007","March 30, 2014","December 03, 2005","October 17, 2007"
5674,Bradley John Hodge,"December 29, 1974, Sandringham, Victoria",51y 188d,Australia,Top order Batter,2005 - 2014,2009/10,IPL 2009/10,KKR,4,4,0,99,50,24.75,90,110.00,0,1,11,1,3,0,2,8.20,30,1/4,1/4,20.50,15.0,0,0,0,"September 12, 2007","March 30, 2014","December 03, 2005","October 17, 2007"
5674,Bradley John Hodge,"December 29, 1974, Sandringham, Victoria",51y 188d,Australia,Top order Batter,2005 - 2014,2009,IPL 2009,KKR,12,12,3,365,73,40.55,310,117.74,0,3,34,9,2,0,7,8.05,120,3/29,3/29,23.00,17.1,0,0,0,"September 12, 2007","March 30, 2014","December 03, 2005","October 17, 2007"
5674,Bradley John Hodge,"December 29, 1974, Sandringham, Victoria",51y 188d,Australia,Top order Batter,2005 - 2014,2007/08,IPL 2007/08,KKR,3,3,0,12,10,4.00,17,70.58,0,0,2,0,1,0,-,-,-,-,-,-,-,-,-,-,"September 12, 2007","March 30, 2014","December 03, 2005","October 17, 2007"
5681,George Bradley Hogg,"February 06, 1971, Narrogin, Western Australia",55y 149d,Australia,Allrounder,1996 - 2014,2016,IPL 2016,KKR,5,1,1,0,0*,-,0,-,0,0,0,0,3,0,4,8.87,96,3/19,3/19,35.50,24.0,0,0,0,"February 24, 2006","March 23, 2014","August 26, 1996","March 02, 2008"
5681,George Bradley Hogg,"February 06, 1971, Narrogin, Western Australia",55y 149d,Australia,Allrounder,1996 - 2014,2015,IPL 2015,KKR,6,2,1,7,5,7.00,6,116.66,0,0,0,0,0,0,9,6.85,126,4/29,4/29,16.00,14.0,1,0,0,"February 24, 2006","March 23, 2014","August 26, 1996","March 02, 2008"
5681,George Bradley Hogg,"February 06, 1971, Narrogin, Western Australia",55y 149d,Australia,Allrounder,1996 - 2014,2013,IPL 2013,RR,1,-,-,-,-,-,-,-,-,-,-,-,0,0,0,9.30,20,-,-,-,-,0,0,0,"February 24, 2006","March 23, 2014","August 26, 1996","March 02, 2008"
5681,George Bradley Hogg,"February 06, 1971, Narrogin, Western Australia",55y 149d,Australia,Allrounder,1996 - 2014,2012,IPL 2012,RR,9,3,1,15,13,7.50,16,93.75,0,0,1,0,1,0,10,7.02,216,2/31,2/31,25.30,21.6,0,0,0,"February 24, 2006","March 23, 2014","August 26, 1996","March 02, 2008"
37737,Brendon Barrie McCullum,"September 27, 1981, Dunedin, Otago",44y 281d,New Zealand,Wicketkeeper Batter,2002 - 2016,2018,IPL 2018,RCB,6,6,0,127,43,21.16,88,144.31,0,0,16,6,1,0,-,-,-,-,-,-,-,-,-,-,"February 17, 2005","June 23, 2015","January 17, 2002","February 08, 2016"
37737,Brendon Barrie McCullum,"September 27, 1981, Dunedin, Otago",44y 281d,New Zealand,Wicketkeeper Batter,2002 - 2016,2017,IPL 2017,GL,11,11,0,319,72,29.00,217,147.00,0,2,29,18,8,0,-,-,-,-,-,-,-,-,-,-,"February 17, 2005","June 23, 2015","January 17, 2002","February 08, 2016"
37737,Brendon Barrie McCullum,"September 27, 1981, Dunedin, Otago",44y 281d,New Zealand,Wicketkeeper Batter,2002 - 2016,2016,IPL 2016,GL,16,16,0,354,60,22.12,262,135.11,0,1,38,16,0,0,-,-,-,-,-,-,-,-,-,-,"February 17, 2005","June 23, 2015","January 17, 2002","February 08, 2016"
37737,Brendon Barrie McCullum,"September 27, 1981, Dunedin, Otago",44y 281d,New Zealand,Wicketkeeper Batter,2002 - 2016,2015,IPL 2015,CSK,14,14,1,436,100*,33.53,280,155.71,1,2,51,23,2,0,-,-,-,-,-,-,-,-,-,-,"February 17, 2005","June 23, 2015","January 17, 2002","February 08, 2016"
37737,Brendon Barrie McCullum,"September 27, 1981, Dunedin, Otago",44y 281d,New Zealand,Wicketkeeper Batter,2002 - 2016,2014,IPL 2014,CSK,14,14,1,405,71*,31.15,333,121.62,0,3,32,19,6,0,-,-,-,-,-,-,-,-,-,-,"February 17, 2005","June 23, 2015","January 17, 2002","February 08, 2016"
37737,Brendon Barrie McCullum,"September 27, 1981, Dunedin, Otago",44y 281d,New Zealand,Wicketkeeper Batter,2002 - 2016,2013,IPL 2013,KKR,1,1,0,6,6,6.00,7,85.71,0,0,1,0,0,0,-,-,-,-,-,-,-,-,-,-,"February 17, 2005","June 23, 2015","January 17, 2002","February 08, 2016"
37737,Brendon Barrie McCullum,"September 27, 1981, Dunedin, Otago",44y 281d,New Zealand,Wicketkeeper Batter,2002 - 2016,2012,IPL 2012,KKR,12,12,0,289,56,24.08,283,102.12,0,1,37,3,9,6,-,-,-,-,-,-,-,-,-,-,"February 17, 2005","June 23, 2015","January 17, 2002","February 08, 2016"
37737,Brendon Barrie McCullum,"September 27, 1981, Dunedin, Otago",44y 281d,New Zealand,Wicketkeeper Batter,2002 - 2016,2011,IPL 2011,Kochi,13,13,0,357,81,27.46,275,129.81,0,1,35,16,2,0,-,-,-,-,-,-,-,-,-,-,"February 17, 2005","June 23, 2015","January 17, 2002","February 08, 2016"
37737,Brendon Barrie McCullum,"September 27, 1981, Dunedin, Otago",44y 281d,New Zealand,Wicketkeeper Batter,2002 - 2016,2009/10,IPL 2009/10,KKR,5,5,1,114,57*,28.50,110,103.63,0,1,14,2,2,0,-,-,-,-,-,-,-,-,-,-,"February 17, 2005","June 23, 2015","January 17, 2002","February 08, 2016"
37737,Brendon Barrie McCullum,"September 27, 1981, Dunedin, Otago",44y 281d,New Zealand,Wicketkeeper Batter,2002 - 2016,2009,IPL 2009,KKR,13,13,1,285,84*,23.75,239,119.24,0,2,27,12,6,0,-,-,-,-,-,-,-,-,-,-,"February 17, 2005","June 23, 2015","January 17, 2002","February 08, 2016"
37737,Brendon Barrie McCullum,"September 27, 1981, Dunedin, Otago",44y 281d,New Zealand,Wicketkeeper Batter,2002 - 2016,2007/08,IPL 2007/08,KKR,4,4,1,188,158*,62.66,92,204.34,1,0,13,15,1,0,-,-,-,-,-,-,-,-,-,-,"February 17, 2005","June 23, 2015","January 17, 2002","February 08, 2016"
6278,Brett Lee,"November 08, 1976, Wollongong, New South Wales",49y 239d,Australia,Bowler,1999 - 2012,2013,IPL 2013,KKR,3,2,1,21,16*,21.00,12,175.00,0,0,1,2,1,0,4,7.16,72,2/40,2/40,21.50,18.0,0,0,0,"February 17, 2005","March 30, 2012","January 09, 2000","July 07, 2012"
6278,Brett Lee,"November 08, 1976, Wollongong, New South Wales",49y 239d,Australia,Bowler,1999 - 2012,2012,IPL 2012,KKR,10,3,1,42,25,21.00,20,210.00,0,0,2,4,1,0,7,7.86,228,2/26,2/26,42.71,32.5,0,0,0,"February 17, 2005","March 30, 2012","January 09, 2000","July 07, 2012"
6278,Brett Lee,"November 08, 1976, Wollongong, New South Wales",49y 239d,Australia,Bowler,1999 - 2012,2011,IPL 2011,KKR,12,4,1,5,2*,1.66,9,55.55,0,0,0,0,2,0,5,7.45,272,1/12,1/12,67.60,54.4,0,0,0,"February 17, 2005","March 30, 2012","January 09, 2000","July 07, 2012"
6278,Brett Lee,"November 08, 1976, Wollongong, New South Wales",49y 239d,Australia,Bowler,1999 - 2012,2009/10,IPL 2009/10,PBKS,4,3,2,11,7*,11.00,9,122.22,0,0,1,0,2,0,0,10.27,87,-,-,-,-,0,0,0,"February 17, 2005","March 30, 2012","January 09, 2000","July 07, 2012"
6278,Brett Lee,"November 08, 1976, Wollongong, New South Wales",49y 239d,Australia,Bowler,1999 - 2012,2009,IPL 2009,PBKS,5,4,2,28,14*,14.00,34,82.35,0,0,2,1,1,0,5,5.55,120,3/15,3/15,22.20,24.0,0,0,0,"February 17, 2005","March 30, 2012","January 09, 2000","July 07, 2012"
6278,Brett Lee,"November 08, 1976, Wollongong, New South Wales",49y 239d,Australia,Bowler,1999 - 2012,2007/08,IPL 2007/08,PBKS,4,3,2,17,16*,17.00,13,130.76,0,0,2,1,3,0,4,7.00,96,1/9,1/9,28.00,24.0,0,0,0,"February 17, 2005","March 30, 2012","January 09, 2000","July 07, 2012"
1076713,Cameron Donald Green,"June 03, 1999",27y 32d,Australia,Batting Allrounder,2020 - 2026,2026,IPL 2026,KKR,14,14,4,322,79,32.20,221,145.70,0,2,22,17,8,0,7,10.63,132,2/23,2/23,33.42,18.8,0,0,0,"April 05, 2022","February 20, 2026","December 02, 2020","June 14, 2026"
1076713,Cameron Donald Green,"June 03, 1999",27y 32d,Australia,Batting Allrounder,2020 - 2026,2024,IPL 2024,RCB,13,12,4,255,46,31.87,178,143.25,0,0,22,10,5,0,10,8.61,211,2/12,2/12,30.30,21.1,0,0,0,"April 05, 2022","February 20, 2026","December 02, 2020","June 14, 2026"
1076713,Cameron Donald Green,"June 03, 1999",27y 32d,Australia,Batting Allrounder,2020 - 2026,2023,IPL 2023,MI,16,16,7,452,100*,50.22,282,160.28,1,2,40,22,5,0,6,9.50,228,2/41,2/41,60.16,38.0,0,0,0,"April 05, 2022","February 20, 2026","December 02, 2020","June 14, 2026"
457249,Carlos Ricardo Brathwaite,"July 18, 1988, Barbados",37y 352d,West Indies,Allrounder,2011 - 2019,2019,IPL 2019,KKR,2,2,0,11,6,5.50,10,110.00,0,0,1,0,0,0,0,9.66,18,-,-,-,-,0,0,0,"October 11, 2011","August 06, 2019","October 18, 2011","August 14, 2019"
457249,Carlos Ricardo Brathwaite,"July 18, 1988, Barbados",37y 352d,West Indies,Allrounder,2011 - 2019,2018,IPL 2018,SRH,4,4,1,75,43*,25.00,48,156.25,0,0,1,8,2,0,5,9.24,61,2/15,2/15,18.80,12.2,0,0,0,"October 11, 2011","August 06, 2019","October 18, 2011","August 14, 2019"
457249,Carlos Ricardo Brathwaite,"July 18, 1988, Barbados",37y 352d,West Indies,Allrounder,2011 - 2019,2017,IPL 2017,DC,2,2,0,12,11,6.00,15,80.00,0,0,2,0,0,0,1,11.16,36,1/38,1/38,67.00,36.0,0,0,0,"October 11, 2011","August 06, 2019","October 18, 2011","August 14, 2019"
457249,Carlos Ricardo Brathwaite,"July 18, 1988, Barbados",37y 352d,West Indies,Allrounder,2011 - 2019,2016,IPL 2016,DC,8,6,0,83,34,13.83,38,218.42,0,0,6,8,3,0,7,8.15,139,3/47,3/47,27.00,19.8,0,0,0,"October 11, 2011","August 06, 2019","October 18, 2011","August 14, 2019"
45963,Charl Kenneth Langeveldt,"December 17, 1974, Stellenbosch, Cape Province",51y 200d,South Africa,Bowler,2001 - 2010,2011,IPL 2011,RCB,3,1,0,8,8,8.00,8,100.00,0,0,0,1,0,0,5,7.63,66,2/10,2/10,16.80,13.2,0,0,0,"October 21, 2005","May 19, 2010","October 14, 2001","October 31, 2010"
45963,Charl Kenneth Langeveldt,"December 17, 1974, Stellenbosch, Cape Province",51y 200d,South Africa,Bowler,2001 - 2010,2009/10,IPL 2009/10,KKR,3,1,0,0,0,0.00,1,0.00,0,0,0,0,0,0,5,8.00,66,2/26,2/26,17.60,13.2,0,0,0,"October 21, 2005","May 19, 2010","October 14, 2001","October 31, 2010"
45963,Charl Kenneth Langeveldt,"December 17, 1974, Stellenbosch, Cape Province",51y 200d,South Africa,Bowler,2001 - 2010,2009,IPL 2009,KKR,1,-,-,-,-,-,-,-,-,-,-,-,0,0,3,3.75,24,3/15,3/15,5.00,8.0,0,0,0,"October 21, 2005","May 19, 2010","October 14, 2001","October 31, 2010"
1131754,Chetan Sakariya,"February 28, 1998, Bhavnagar",28y 127d,India,Bowler,2021 - 2021,2025,IPL 2025,KKR,1,-,-,-,-,-,-,-,-,-,-,-,0,0,0,13.00,18,-,-,-,-,0,0,0,"July 28, 2021","July 29, 2021","July 23, 2021","July 28, 2021"
1131754,Chetan Sakariya,"February 28, 1998, Bhavnagar",28y 127d,India,Bowler,2021 - 2021,2023,IPL 2023,DC,2,2,1,4,4,4.00,6,66.66,0,0,1,0,0,0,3,11.12,48,2/53,2/53,29.66,16.0,0,0,0,"July 28, 2021","July 29, 2021","July 23, 2021","July 28, 2021"
1131754,Chetan Sakariya,"February 28, 1998, Bhavnagar",28y 127d,India,Bowler,2021 - 2021,2022,IPL 2022,DC,3,-,-,-,-,-,-,-,-,-,-,-,2,0,3,7.63,66,2/23,2/23,28.00,22.0,0,0,0,"July 28, 2021","July 29, 2021","July 23, 2021","July 28, 2021"
1131754,Chetan Sakariya,"February 28, 1998, Bhavnagar",28y 127d,India,Bowler,2021 - 2021,2021,IPL 2021,RR,14,6,1,16,7,3.20,25,64.00,0,0,2,0,4,0,14,8.19,312,3/31,3/31,30.42,22.2,0,0,0,"July 28, 2021","July 29, 2021","July 23, 2021","July 28, 2021"
32540,Cheteshwar Arvind Pujara,"January 25, 1988, Rajkot, Gujarat",38y 161d,India,Top order Batter,2010 - 2023,2014,IPL 2014,PBKS,6,6,1,125,40*,25.00,124,100.80,0,0,17,0,0,0,-,-,-,-,-,-,-,-,-,-,,,"August 01, 2013","June 19, 2014"
32540,Cheteshwar Arvind Pujara,"January 25, 1988, Rajkot, Gujarat",38y 161d,India,Top order Batter,2010 - 2023,2013,IPL 2013,RCB,4,4,0,92,51,23.00,99,92.92,0,1,14,0,1,0,-,-,-,-,-,-,-,-,-,-,,,"August 01, 2013","June 19, 2014"
32540,Cheteshwar Arvind Pujara,"January 25, 1988, Rajkot, Gujarat",38y 161d,India,Top order Batter,2010 - 2023,2012,IPL 2012,RCB,3,3,0,17,11,5.66,22,77.27,0,0,1,1,2,0,-,-,-,-,-,-,-,-,-,-,,,"August 01, 2013","June 19, 2014"
32540,Cheteshwar Arvind Pujara,"January 25, 1988, Rajkot, Gujarat",38y 161d,India,Top order Batter,2010 - 2023,2011,IPL 2011,RCB,7,3,0,34,25,11.33,31,109.67,0,0,4,0,1,0,-,-,-,-,-,-,-,-,-,-,,,"August 01, 2013","June 19, 2014"
32540,Cheteshwar Arvind Pujara,"January 25, 1988, Rajkot, Gujarat",38y 161d,India,Top order Batter,2010 - 2023,2009/10,IPL 2009/10,KKR,10,6,2,122,45*,30.50,115,106.08,0,0,14,3,2,0,-,-,-,-,-,-,-,-,-,-,,,"August 01, 2013","June 19, 2014"
51880,Christopher Henry Gayle,"September 21, 1979, Kingston, Jamaica",46y 287d,West Indies,Allrounder,1999 - 2021,2021,IPL 2021,PBKS,10,10,1,193,46,21.44,154,125.32,0,0,21,8,3,0,-,-,-,-,-,-,-,-,-,-,"February 16, 2006","November 06, 2021","September 11, 1999","August 14, 2019"
51880,Christopher Henry Gayle,"September 21, 1979, Kingston, Jamaica",46y 287d,West Indies,Allrounder,1999 - 2021,2020/21,IPL 2020/21,PBKS,7,7,0,288,99,41.14,210,137.14,0,3,15,23,1,0,0,6.00,5,-,-,-,-,0,0,0,"February 16, 2006","November 06, 2021","September 11, 1999","August 14, 2019"
51880,Christopher Henry Gayle,"September 21, 1979, Kingston, Jamaica",46y 287d,West Indies,Allrounder,1999 - 2021,2019,IPL 2019,PBKS,13,13,1,490,99*,40.83,319,153.60,0,4,45,34,0,0,-,-,-,-,-,-,-,-,-,-,"February 16, 2006","November 06, 2021","September 11, 1999","August 14, 2019"
51880,Christopher Henry Gayle,"September 21, 1979, Kingston, Jamaica",46y 287d,West Indies,Allrounder,1999 - 2021,2018,IPL 2018,PBKS,11,11,2,368,104*,40.88,252,146.03,1,3,30,27,2,0,-,-,-,-,-,-,-,-,-,-,"February 16, 2006","November 06, 2021","September 11, 1999","August 14, 2019"
51880,Christopher Henry Gayle,"September 21, 1979, Kingston, Jamaica",46y 287d,West Indies,Allrounder,1999 - 2021,2017,IPL 2017,RCB,9,9,0,200,77,22.22,163,122.69,0,1,15,14,2,0,-,-,-,-,-,-,-,-,-,-,"February 16, 2006","November 06, 2021","September 11, 1999","August 14, 2019"
51880,Christopher Henry Gayle,"September 21, 1979, Kingston, Jamaica",46y 287d,West Indies,Allrounder,1999 - 2021,2016,IPL 2016,RCB,10,10,0,227,76,22.70,150,151.33,0,2,17,21,4,0,2,6.30,60,2/11,2/11,31.50,30.0,0,0,0,"February 16, 2006","November 06, 2021","September 11, 1999","August 14, 2019"
51880,Christopher Henry Gayle,"September 21, 1979, Kingston, Jamaica",46y 287d,West Indies,Allrounder,1999 - 2021,2015,IPL 2015,RCB,14,14,2,491,117,40.91,333,147.44,1,2,39,38,1,0,0,7.50,12,-,-,-,-,0,0,0,"February 16, 2006","November 06, 2021","September 11, 1999","August 14, 2019"
51880,Christopher Henry Gayle,"September 21, 1979, Kingston, Jamaica",46y 287d,West Indies,Allrounder,1999 - 2021,2014,IPL 2014,RCB,9,9,0,196,46,21.77,184,106.52,0,0,18,12,2,0,-,-,-,-,-,-,-,-,-,-,"February 16, 2006","November 06, 2021","September 11, 1999","August 14, 2019"
51880,Christopher Henry Gayle,"September 21, 1979, Kingston, Jamaica",46y 287d,West Indies,Allrounder,1999 - 2021,2013,IPL 2013,RCB,16,16,4,708,175*,59.00,453,156.29,1,4,57,51,3,0,3,10.00,24,2/5,2/5,13.33,8.0,0,0,0,"February 16, 2006","November 06, 2021","September 11, 1999","August 14, 2019"
51880,Christopher Henry Gayle,"September 21, 1979, Kingston, Jamaica",46y 287d,West Indies,Allrounder,1999 - 2021,2012,IPL 2012,RCB,15,14,2,733,128*,61.08,456,160.74,1,7,46,59,2,0,0,14.14,28,-,-,-,-,0,0,0,"February 16, 2006","November 06, 2021","September 11, 1999","August 14, 2019"
51880,Christopher Henry Gayle,"September 21, 1979, Kingston, Jamaica",46y 287d,West Indies,Allrounder,1999 - 2021,2011,IPL 2011,RCB,12,12,3,608,107,67.55,332,183.13,2,3,56,44,2,0,8,6.77,216,3/21,3/21,30.50,27.0,0,0,0,"February 16, 2006","November 06, 2021","September 11, 1999","August 14, 2019"
51880,Christopher Henry Gayle,"September 21, 1979, Kingston, Jamaica",46y 287d,West Indies,Allrounder,1999 - 2021,2009/10,IPL 2009/10,KKR,9,9,0,292,88,32.44,184,158.69,0,2,30,16,2,0,4,9.50,96,1/9,1/9,38.00,24.0,0,0,0,"February 16, 2006","November 06, 2021","September 11, 1999","August 14, 2019"
51880,Christopher Henry Gayle,"September 21, 1979, Kingston, Jamaica",46y 287d,West Indies,Allrounder,1999 - 2021,2009,IPL 2009,KKR,7,7,1,171,44*,28.50,143,119.58,0,0,15,10,5,0,1,7.64,113,1/21,1/21,144.00,113.0,0,0,0,"February 16, 2006","November 06, 2021","September 11, 1999","August 14, 2019"
787073,Christopher James Green,"October 01, 1993, Durban, Natal, South Africa",32y 277d,Australia,Bowling Allrounder,2023 - 2023,2020/21,IPL 2020/21,KKR,1,-,-,-,-,-,-,-,-,-,-,-,0,0,0,8.47,17,-,-,-,-,0,0,0,"December 01, 2023","NSW vs West Aust  at Sydney - November 22 - 24, 2022",,
326637,Christopher Austin Lynn,"April 10, 1990, Brisbane, Queensland",36y 86d,Australia,Batter,2014 - 2018,2021,IPL 2021,MI,1,1,0,49,49,49.00,35,140.00,0,0,4,3,2,0,-,-,-,-,-,-,-,-,-,-,"January 29, 2014","November 25, 2018","January 13, 2017","November 11, 2018"
326637,Christopher Austin Lynn,"April 10, 1990, Brisbane, Queensland",36y 86d,Australia,Batter,2014 - 2018,2019,IPL 2019,KKR,13,13,0,405,82,31.15,290,139.65,0,4,41,22,1,0,-,-,-,-,-,-,-,-,-,-,"January 29, 2014","November 25, 2018","January 13, 2017","November 11, 2018"
326637,Christopher Austin Lynn,"April 10, 1990, Brisbane, Queensland",36y 86d,Australia,Batter,2014 - 2018,2018,IPL 2018,KKR,16,16,1,491,74,32.73,377,130.23,0,3,56,18,3,0,-,-,-,-,-,-,-,-,-,-,"January 29, 2014","November 25, 2018","January 13, 2017","November 11, 2018"
326637,Christopher Austin Lynn,"April 10, 1990, Brisbane, Queensland",36y 86d,Australia,Batter,2014 - 2018,2017,IPL 2017,KKR,7,7,1,295,93*,49.16,163,180.98,0,3,25,19,2,0,-,-,-,-,-,-,-,-,-,-,"January 29, 2014","November 25, 2018","January 13, 2017","November 11, 2018"
326637,Christopher Austin Lynn,"April 10, 1990, Brisbane, Queensland",36y 86d,Australia,Batter,2014 - 2018,2016,IPL 2016,KKR,2,2,1,25,15,25.00,22,113.63,0,0,0,1,1,0,-,-,-,-,-,-,-,-,-,-,"January 29, 2014","November 25, 2018","January 13, 2017","November 11, 2018"
326637,Christopher Austin Lynn,"April 10, 1990, Brisbane, Queensland",36y 86d,Australia,Batter,2014 - 2018,2014,IPL 2014,KKR,2,2,0,58,45,29.00,49,118.36,0,0,5,3,2,0,-,-,-,-,-,-,-,-,-,-,"January 29, 2014","November 25, 2018","January 13, 2017","November 11, 2018"
326637,Christopher Austin Lynn,"April 10, 1990, Brisbane, Queensland",36y 86d,Australia,Batter,2014 - 2018,2012,IPL 2012,DCH,1,1,0,6,6,6.00,9,66.66,0,0,1,0,1,0,-,-,-,-,-,-,-,-,-,-,"January 29, 2014","November 25, 2018","January 13, 2017","November 11, 2018"
247235,Christopher Roger Woakes,"March 02, 1989, Birmingham, Warwickshire",37y 125d,England,Allrounder,2011 - 2025,2021,IPL 2021,DC,3,1,1,15,15*,-,11,136.36,0,0,2,0,0,0,5,7.45,66,2/18,2/18,16.40,13.2,0,0,0,"January 12, 2011","December 21, 2023","January 23, 2011","November 11, 2023"
247235,Christopher Roger Woakes,"March 02, 1989, Birmingham, Warwickshire",37y 125d,England,Allrounder,2011 - 2025,2018,IPL 2018,RCB,5,4,2,17,11,8.50,19,89.47,0,0,1,1,1,0,8,10.36,110,3/36,3/36,23.75,13.7,0,0,0,"January 12, 2011","December 21, 2023","January 23, 2011","November 11, 2023"
247235,Christopher Roger Woakes,"March 02, 1989, Birmingham, Warwickshire",37y 125d,England,Allrounder,2011 - 2025,2017,IPL 2017,KKR,13,7,3,46,18,11.50,47,97.87,0,0,4,1,6,0,17,8.77,264,3/6,3/6,22.70,15.5,0,0,0,"January 12, 2011","December 21, 2023","January 23, 2011","November 11, 2023"
55395,Colin de Grandhomme,"July 22, 1986, Harare",39y 348d,New Zealand,Allrounder,2012 - 2022,2019,IPL 2019,RCB,4,4,1,46,37,15.33,49,93.87,0,0,4,2,1,0,0,11.00,30,-,-,-,-,0,0,0,"February 11, 2012","September 10, 2021","March 03, 2012","April 04, 2022"
55395,Colin de Grandhomme,"July 22, 1986, Harare",39y 348d,New Zealand,Allrounder,2012 - 2022,2018,IPL 2018,RCB,9,8,3,131,40,26.20,84,155.95,0,0,4,10,3,0,2,8.60,90,1/8,1/8,64.50,45.0,0,0,0,"February 11, 2012","September 10, 2021","March 03, 2012","April 04, 2022"
55395,Colin de Grandhomme,"July 22, 1986, Harare",39y 348d,New Zealand,Allrounder,2012 - 2022,2017,IPL 2017,KKR,12,9,1,126,36,15.75,92,136.95,0,0,10,6,2,0,4,8.43,96,3/4,3/4,33.75,24.0,0,0,0,"February 11, 2012","September 10, 2021","March 03, 2012","April 04, 2022"
232359,Colin Munro,"March 11, 1987, Durban",39y 116d,New Zealand,Opening Batter,2012 - 2020,2019,IPL 2019,DC,4,4,0,84,40,21.00,70,120.00,0,0,9,4,0,0,-,-,-,-,-,-,-,-,-,-,"December 21, 2012","February 02, 2020","January 22, 2013","June 26, 2019"
232359,Colin Munro,"March 11, 1987, Durban",39y 116d,New Zealand,Opening Batter,2012 - 2020,2018,IPL 2018,DC,5,5,0,63,33,12.60,41,153.65,0,0,7,4,2,0,-,-,-,-,-,-,-,-,-,-,"December 21, 2012","February 02, 2020","January 22, 2013","June 26, 2019"
232359,Colin Munro,"March 11, 1987, Durban",39y 116d,New Zealand,Opening Batter,2012 - 2020,2016,IPL 2016,KKR,4,3,0,30,16,10.00,30,100.00,0,0,3,0,2,0,0,7.50,12,-,-,-,-,0,0,0,"December 21, 2012","February 02, 2020","January 22, 2013","June 26, 2019"
277472,Darren Michael Bravo,"February 06, 1989, Trinidad",37y 149d,West Indies,Top order Batter,2009 - 2022,2017,IPL 2017,KKR,1,1,1,6,6*,-,5,120.00,0,0,1,0,0,0,-,-,-,-,-,-,-,-,-,-,"February 28, 2010","January 29, 2022","June 26, 2009","February 11, 2022"
5766,David John Hussey,"July 15, 1977, Mt Lawley, Perth, Western Australia",48y 355d,Australia,Allrounder,2008 - 2013,2014,IPL 2014,CSK,5,4,2,116,50*,58.00,94,123.40,0,1,8,6,1,0,2,13.41,17,2/38,2/38,19.00,8.5,0,0,0,"February 01, 2008","October 05, 2012","July 04, 2008","January 23, 2013"
5766,David John Hussey,"July 15, 1977, Mt Lawley, Perth, Western Australia",48y 355d,Australia,Allrounder,2008 - 2013,2013,IPL 2013,PBKS,12,11,1,235,41,23.50,209,112.44,0,0,20,6,4,0,0,8.27,66,-,-,-,-,0,0,0,"February 01, 2008","October 05, 2012","July 04, 2008","January 23, 2013"
5766,David John Hussey,"July 15, 1977, Mt Lawley, Perth, Western Australia",48y 355d,Australia,Allrounder,2008 - 2013,2012,IPL 2012,PBKS,16,15,3,396,68*,33.00,305,129.83,0,2,28,17,4,0,3,7.00,54,2/2,2/2,21.00,18.0,0,0,0,"February 01, 2008","October 05, 2012","July 04, 2008","January 23, 2013"
5766,David John Hussey,"July 15, 1977, Mt Lawley, Perth, Western Australia",48y 355d,Australia,Allrounder,2008 - 2013,2011,IPL 2011,PBKS,8,8,2,64,21*,10.66,63,101.58,0,0,3,3,6,0,1,12.66,18,1/19,1/19,38.00,18.0,0,0,0,"February 01, 2008","October 05, 2012","July 04, 2008","January 23, 2013"
5766,David John Hussey,"July 15, 1977, Mt Lawley, Perth, Western Australia",48y 355d,Australia,Allrounder,2008 - 2013,2009/10,IPL 2009/10,KKR,6,6,2,94,31,23.50,86,109.30,0,0,5,5,4,0,0,8.00,60,-,-,-,-,0,0,0,"February 01, 2008","October 05, 2012","July 04, 2008","January 23, 2013"
5766,David John Hussey,"July 15, 1977, Mt Lawley, Perth, Western Australia",48y 355d,Australia,Allrounder,2008 - 2013,2009,IPL 2009,KKR,4,4,0,98,43,24.50,59,166.10,0,0,7,6,1,0,0,8.50,24,-,-,-,-,0,0,0,"February 01, 2008","October 05, 2012","July 04, 2008","January 23, 2013"
5766,David John Hussey,"July 15, 1977, Mt Lawley, Perth, Western Australia",48y 355d,Australia,Allrounder,2008 - 2013,2007/08,IPL 2007/08,KKR,13,13,2,319,71,29.00,259,123.16,0,2,19,17,5,0,2,10.00,78,1/23,1/23,65.00,39.0,0,0,0,"February 01, 2008","October 05, 2012","July 04, 2008","January 23, 2013"
221140,David Wiese,"May 18, 1985, Roodepoort",41y 48d,Namibia,Allrounder,2013 - 2024,2023,IPL 2023,KKR,3,3,2,21,12*,21.00,11,190.90,0,0,0,3,2,0,0,12.66,18,-,-,-,-,0,0,0,"August 02, 2013","June 15, 2024","August 19, 2015","July 16, 2022"
221140,David Wiese,"May 18, 1985, Roodepoort",41y 48d,Namibia,Allrounder,2013 - 2024,2016,IPL 2016,RCB,1,1,1,5,5*,-,4,125.00,0,0,0,0,1,0,0,12.25,24,-,-,-,-,0,0,0,"August 02, 2013","June 15, 2024","August 19, 2015","July 16, 2022"
221140,David Wiese,"May 18, 1985, Roodepoort",41y 48d,Namibia,Allrounder,2013 - 2024,2015,IPL 2015,RCB,14,7,3,122,47*,30.50,86,141.86,0,0,12,4,5,0,16,8.33,254,4/33,4/33,22.06,15.8,1,0,0,"August 02, 2013","June 15, 2024","August 19, 2015","July 16, 2022"
328163,Debabrata Baidya Das,"September 22, 1986, Siliguri, Bengal",39y 286d,India,Top order Batter,-,2013,IPL 2013,KKR,10,6,1,75,23,15.00,74,101.35,0,0,5,5,2,0,-,-,-,-,-,-,-,-,-,-,,,,
328163,Debabrata Baidya Das,"September 22, 1986, Siliguri, Bengal",39y 286d,India,Top order Batter,-,2012,IPL 2012,KKR,15,10,7,126,35*,42.00,93,135.48,0,0,9,6,5,0,-,-,-,-,-,-,-,-,-,-,,,,
328163,Debabrata Baidya Das,"September 22, 1986, Siliguri, Bengal",39y 286d,India,Top order Batter,-,2007/08,IPL 2007/08,KKR,6,6,0,103,31,17.16,94,109.57,0,0,9,5,0,0,-,-,-,-,-,-,-,-,-,-,,,,
30045,Krishnakumar Dinesh Karthik,"June 01, 1985, Madras (now Chennai), Tamil Nadu",41y 34d,India,Wicketkeeper Batter,2004 - 2022,2024,IPL 2024,RCB,15,13,4,326,83,36.22,174,187.35,0,2,27,22,4,1,-,-,-,-,-,-,-,-,-,-,"December 01, 2006","November 02, 2022","September 05, 2004","India vs New Zealand  at Manchester - July 09 - 10, 2019"
30045,Krishnakumar Dinesh Karthik,"June 01, 1985, Madras (now Chennai), Tamil Nadu",41y 34d,India,Wicketkeeper Batter,2004 - 2022,2023,IPL 2023,RCB,13,13,1,140,30,11.66,104,134.61,0,0,13,5,8,2,-,-,-,-,-,-,-,-,-,-,"December 01, 2006","November 02, 2022","September 05, 2004","India vs New Zealand  at Manchester - July 09 - 10, 2019"
30045,Krishnakumar Dinesh Karthik,"June 01, 1985, Madras (now Chennai), Tamil Nadu",41y 34d,India,Wicketkeeper Batter,2004 - 2022,2022,IPL 2022,RCB,16,16,10,330,66*,55.00,180,183.33,0,1,27,22,10,2,-,-,-,-,-,-,-,-,-,-,"December 01, 2006","November 02, 2022","September 05, 2004","India vs New Zealand  at Manchester - July 09 - 10, 2019"
30045,Krishnakumar Dinesh Karthik,"June 01, 1985, Madras (now Chennai), Tamil Nadu",41y 34d,India,Wicketkeeper Batter,2004 - 2022,2021,IPL 2021,KKR,17,15,5,223,40,22.30,170,131.17,0,0,22,7,5,2,-,-,-,-,-,-,-,-,-,-,"December 01, 2006","November 02, 2022","September 05, 2004","India vs New Zealand  at Manchester - July 09 - 10, 2019"
30045,Krishnakumar Dinesh Karthik,"June 01, 1985, Madras (now Chennai), Tamil Nadu",41y 34d,India,Wicketkeeper Batter,2004 - 2022,2020/21,IPL 2020/21,KKR,14,14,2,169,58,14.08,134,126.11,0,1,20,4,9,0,-,-,-,-,-,-,-,-,-,-,"December 01, 2006","November 02, 2022","September 05, 2004","India vs New Zealand  at Manchester - July 09 - 10, 2019"
30045,Krishnakumar Dinesh Karthik,"June 01, 1985, Madras (now Chennai), Tamil Nadu",41y 34d,India,Wicketkeeper Batter,2004 - 2022,2019,IPL 2019,KKR,14,13,5,253,97*,31.62,173,146.24,0,2,22,14,7,0,-,-,-,-,-,-,-,-,-,-,"December 01, 2006","November 02, 2022","September 05, 2004","India vs New Zealand  at Manchester - July 09 - 10, 2019"
30045,Krishnakumar Dinesh Karthik,"June 01, 1985, Madras (now Chennai), Tamil Nadu",41y 34d,India,Wicketkeeper Batter,2004 - 2022,2018,IPL 2018,KKR,16,16,6,498,52,49.80,337,147.77,0,2,49,16,14,4,-,-,-,-,-,-,-,-,-,-,"December 01, 2006","November 02, 2022","September 05, 2004","India vs New Zealand  at Manchester - July 09 - 10, 2019"
30045,Krishnakumar Dinesh Karthik,"June 01, 1985, Madras (now Chennai), Tamil Nadu",41y 34d,India,Wicketkeeper Batter,2004 - 2022,2017,IPL 2017,GL,14,13,3,361,65,36.10,259,139.38,0,2,30,11,8,0,-,-,-,-,-,-,-,-,-,-,"December 01, 2006","November 02, 2022","September 05, 2004","India vs New Zealand  at Manchester - July 09 - 10, 2019"
30045,Krishnakumar Dinesh Karthik,"June 01, 1985, Madras (now Chennai), Tamil Nadu",41y 34d,India,Wicketkeeper Batter,2004 - 2022,2016,IPL 2016,GL,16,15,2,335,53,25.76,266,125.93,0,3,38,3,11,3,-,-,-,-,-,-,-,-,-,-,"December 01, 2006","November 02, 2022","September 05, 2004","India vs New Zealand  at Manchester - July 09 - 10, 2019"
30045,Krishnakumar Dinesh Karthik,"June 01, 1985, Madras (now Chennai), Tamil Nadu",41y 34d,India,Wicketkeeper Batter,2004 - 2022,2015,IPL 2015,RCB,16,11,0,141,28,12.81,117,120.51,0,0,15,4,14,4,-,-,-,-,-,-,-,-,-,-,"December 01, 2006","November 02, 2022","September 05, 2004","India vs New Zealand  at Manchester - July 09 - 10, 2019"
30045,Krishnakumar Dinesh Karthik,"June 01, 1985, Madras (now Chennai), Tamil Nadu",41y 34d,India,Wicketkeeper Batter,2004 - 2022,2014,IPL 2014,DC,14,14,0,325,69,23.21,258,125.96,0,3,28,11,7,2,-,-,-,-,-,-,-,-,-,-,"December 01, 2006","November 02, 2022","September 05, 2004","India vs New Zealand  at Manchester - July 09 - 10, 2019"
30045,Krishnakumar Dinesh Karthik,"June 01, 1985, Madras (now Chennai), Tamil Nadu",41y 34d,India,Wicketkeeper Batter,2004 - 2022,2013,IPL 2013,MI,19,19,1,510,86,28.33,411,124.08,0,2,54,14,12,2,-,-,-,-,-,-,-,-,-,-,"December 01, 2006","November 02, 2022","September 05, 2004","India vs New Zealand  at Manchester - July 09 - 10, 2019"
30045,Krishnakumar Dinesh Karthik,"June 01, 1985, Madras (now Chennai), Tamil Nadu",41y 34d,India,Wicketkeeper Batter,2004 - 2022,2012,IPL 2012,MI,17,14,1,238,44,18.30,213,111.73,0,0,30,2,5,2,-,-,-,-,-,-,-,-,-,-,"December 01, 2006","November 02, 2022","September 05, 2004","India vs New Zealand  at Manchester - July 09 - 10, 2019"
30045,Krishnakumar Dinesh Karthik,"June 01, 1985, Madras (now Chennai), Tamil Nadu",41y 34d,India,Wicketkeeper Batter,2004 - 2022,2011,IPL 2011,PBKS,14,13,2,282,69,25.63,220,128.18,0,1,32,7,7,0,-,-,-,-,-,-,-,-,-,-,"December 01, 2006","November 02, 2022","September 05, 2004","India vs New Zealand  at Manchester - July 09 - 10, 2019"
30045,Krishnakumar Dinesh Karthik,"June 01, 1985, Madras (now Chennai), Tamil Nadu",41y 34d,India,Wicketkeeper Batter,2004 - 2022,2009/10,IPL 2009/10,DC,14,14,1,278,69,21.38,237,117.29,0,1,26,6,6,6,-,-,-,-,-,-,-,-,-,-,"December 01, 2006","November 02, 2022","September 05, 2004","India vs New Zealand  at Manchester - July 09 - 10, 2019"
30045,Krishnakumar Dinesh Karthik,"June 01, 1985, Madras (now Chennai), Tamil Nadu",41y 34d,India,Wicketkeeper Batter,2004 - 2022,2009,IPL 2009,DC,15,13,5,288,52,36.00,217,132.71,0,1,20,9,12,5,-,-,-,-,-,-,-,-,-,-,"December 01, 2006","November 02, 2022","September 05, 2004","India vs New Zealand  at Manchester - July 09 - 10, 2019"
30045,Krishnakumar Dinesh Karthik,"June 01, 1985, Madras (now Chennai), Tamil Nadu",41y 34d,India,Wicketkeeper Batter,2004 - 2022,2007/08,IPL 2007/08,DC,13,8,2,145,56*,24.16,107,135.51,0,1,13,4,6,2,-,-,-,-,-,-,-,-,-,-,"December 01, 2006","November 02, 2022","September 05, 2004","India vs New Zealand  at Manchester - July 09 - 10, 2019"
552152,Pathira Vasan Dushmantha Chameera,"January 11, 1992, Ragama",34y 175d,Sri Lanka,Bowler,2015 - 2026,2026,IPL 2026,DC,1,1,1,0,0*,-,3,0.00,0,0,0,0,0,0,0,9.00,12,-,-,-,-,0,0,0,"November 09, 2015","June 14, 2026","January 29, 2015","June 06, 2026"
552152,Pathira Vasan Dushmantha Chameera,"January 11, 1992, Ragama",34y 175d,Sri Lanka,Bowler,2015 - 2026,2025,IPL 2025,DC,6,3,3,10,8*,-,14,71.42,0,0,0,0,1,0,4,11.40,90,1/24,1/24,42.75,22.5,0,0,0,"November 09, 2015","June 14, 2026","January 29, 2015","June 06, 2026"
552152,Pathira Vasan Dushmantha Chameera,"January 11, 1992, Ragama",34y 175d,Sri Lanka,Bowler,2015 - 2026,2024,IPL 2024,KKR,1,-,-,-,-,-,-,-,-,-,-,-,0,0,0,16.00,18,-,-,-,-,0,0,0,"November 09, 2015","June 14, 2026","January 29, 2015","June 06, 2026"
552152,Pathira Vasan Dushmantha Chameera,"January 11, 1992, Ragama",34y 175d,Sri Lanka,Bowler,2015 - 2026,2022,IPL 2022,LSG,12,8,4,43,17,10.75,28,153.57,0,0,3,3,2,0,9,8.72,264,2/17,2/17,42.66,29.3,0,0,0,"November 09, 2015","June 14, 2026","January 29, 2015","June 06, 2026"
24598,Eoin Joseph Gerard Morgan,"September 10, 1986, Dublin",39y 298d,England,Middle order Batter,2006 - 2022,2021,IPL 2021,KKR,17,16,4,133,47*,11.08,139,95.68,0,0,8,6,9,0,-,-,-,-,-,-,-,-,-,-,"June 05, 2009","January 23, 2022","August 05, 2006","June 19, 2022"
24598,Eoin Joseph Gerard Morgan,"September 10, 1986, Dublin",39y 298d,England,Middle order Batter,2006 - 2022,2020/21,IPL 2020/21,KKR,14,14,4,418,68*,41.80,302,138.41,0,1,32,24,3,0,-,-,-,-,-,-,-,-,-,-,"June 05, 2009","January 23, 2022","August 05, 2006","June 19, 2022"
24598,Eoin Joseph Gerard Morgan,"September 10, 1986, Dublin",39y 298d,England,Middle order Batter,2006 - 2022,2017,IPL 2017,PBKS,4,4,0,65,26,16.25,62,104.83,0,0,6,2,3,0,-,-,-,-,-,-,-,-,-,-,"June 05, 2009","January 23, 2022","August 05, 2006","June 19, 2022"
24598,Eoin Joseph Gerard Morgan,"September 10, 1986, Dublin",39y 298d,England,Middle order Batter,2006 - 2022,2016,IPL 2016,SRH,7,6,1,123,51,24.60,105,117.14,0,1,8,4,3,0,-,-,-,-,-,-,-,-,-,-,"June 05, 2009","January 23, 2022","August 05, 2006","June 19, 2022"
24598,Eoin Joseph Gerard Morgan,"September 10, 1986, Dublin",39y 298d,England,Middle order Batter,2006 - 2022,2015,IPL 2015,SRH,9,9,1,187,63,23.37,151,123.84,0,1,11,11,5,0,-,-,-,-,-,-,-,-,-,-,"June 05, 2009","January 23, 2022","August 05, 2006","June 19, 2022"
24598,Eoin Joseph Gerard Morgan,"September 10, 1986, Dublin",39y 298d,England,Middle order Batter,2006 - 2022,2013,IPL 2013,KKR,14,13,2,307,51,27.90,240,127.91,0,1,28,13,6,0,-,-,-,-,-,-,-,-,-,-,"June 05, 2009","January 23, 2022","August 05, 2006","June 19, 2022"
24598,Eoin Joseph Gerard Morgan,"September 10, 1986, Dublin",39y 298d,England,Middle order Batter,2006 - 2022,2011,IPL 2011,KKR,12,9,0,137,66,15.22,117,117.09,0,1,17,3,3,0,-,-,-,-,-,-,-,-,-,-,"June 05, 2009","January 23, 2022","August 05, 2006","June 19, 2022"
24598,Eoin Joseph Gerard Morgan,"September 10, 1986, Dublin",39y 298d,England,Middle order Batter,2006 - 2022,2009/10,IPL 2009/10,RCB,6,4,1,35,17,11.66,30,116.66,0,0,2,1,4,0,-,-,-,-,-,-,-,-,-,-,"June 05, 2009","January 23, 2022","August 05, 2006","June 19, 2022"
959759,Finnley Hugh Allen,"April 22, 1999, Auckland",27y 74d,New Zealand,Top order Batter,2021 - 2026,2026,IPL 2026,KKR,11,11,1,349,100*,34.90,163,214.11,1,1,33,28,1,0,-,-,-,-,-,-,-,-,-,-,"March 28, 2021","March 08, 2026","July 10, 2022","September 26, 2023"
28763,Gautam Gambhir,"October 14, 1981, Delhi",44y 264d,India,Top order Batter,2003 - 2016,2018,IPL 2018,DC,6,5,0,85,55,17.00,88,96.59,0,1,8,1,1,0,-,-,-,-,-,-,-,-,-,-,"September 13, 2007","December 28, 2012","April 11, 2003","January 27, 2013"
28763,Gautam Gambhir,"October 14, 1981, Delhi",44y 264d,India,Top order Batter,2003 - 2016,2017,IPL 2017,KKR,16,16,4,498,76*,41.50,389,128.02,0,4,62,7,6,0,-,-,-,-,-,-,-,-,-,-,"September 13, 2007","December 28, 2012","April 11, 2003","January 27, 2013"
28763,Gautam Gambhir,"October 14, 1981, Delhi",44y 264d,India,Top order Batter,2003 - 2016,2016,IPL 2016,KKR,15,15,2,501,90*,38.53,411,121.89,0,5,54,6,1,0,-,-,-,-,-,-,-,-,-,-,"September 13, 2007","December 28, 2012","April 11, 2003","January 27, 2013"
28763,Gautam Gambhir,"October 14, 1981, Delhi",44y 264d,India,Top order Batter,2003 - 2016,2015,IPL 2015,KKR,13,13,0,327,60,25.15,278,117.62,0,3,41,4,3,0,-,-,-,-,-,-,-,-,-,-,"September 13, 2007","December 28, 2012","April 11, 2003","January 27, 2013"
28763,Gautam Gambhir,"October 14, 1981, Delhi",44y 264d,India,Top order Batter,2003 - 2016,2014,IPL 2014,KKR,16,16,1,335,69,22.33,293,114.33,0,3,36,4,3,0,-,-,-,-,-,-,-,-,-,-,"September 13, 2007","December 28, 2012","April 11, 2003","January 27, 2013"
28763,Gautam Gambhir,"October 14, 1981, Delhi",44y 264d,India,Top order Batter,2003 - 2016,2013,IPL 2013,KKR,16,16,0,406,60,25.37,343,118.36,0,4,51,5,2,0,-,-,-,-,-,-,-,-,-,-,"September 13, 2007","December 28, 2012","April 11, 2003","January 27, 2013"
28763,Gautam Gambhir,"October 14, 1981, Delhi",44y 264d,India,Top order Batter,2003 - 2016,2012,IPL 2012,KKR,17,17,1,590,93,36.87,411,143.55,0,6,64,17,4,0,-,-,-,-,-,-,-,-,-,-,"September 13, 2007","December 28, 2012","April 11, 2003","January 27, 2013"
28763,Gautam Gambhir,"October 14, 1981, Delhi",44y 264d,India,Top order Batter,2003 - 2016,2011,IPL 2011,KKR,15,15,4,378,75*,34.36,317,119.24,0,2,44,3,1,0,-,-,-,-,-,-,-,-,-,-,"September 13, 2007","December 28, 2012","April 11, 2003","January 27, 2013"
28763,Gautam Gambhir,"October 14, 1981, Delhi",44y 264d,India,Top order Batter,2003 - 2016,2009/10,IPL 2009/10,DC,11,10,1,277,72,30.77,217,127.64,0,2,32,2,3,0,-,-,-,-,-,-,-,-,-,-,"September 13, 2007","December 28, 2012","April 11, 2003","January 27, 2013"
28763,Gautam Gambhir,"October 14, 1981, Delhi",44y 264d,India,Top order Batter,2003 - 2016,2009,IPL 2009,DC,15,15,2,286,71*,22.00,278,102.87,0,1,32,2,2,0,-,-,-,-,-,-,-,-,-,-,"September 13, 2007","December 28, 2012","April 11, 2003","January 27, 2013"
28763,Gautam Gambhir,"October 14, 1981, Delhi",44y 264d,India,Top order Batter,2003 - 2016,2007/08,IPL 2007/08,DC,14,14,1,534,86,41.07,379,140.89,0,5,68,8,2,0,-,-,-,-,-,-,-,-,-,-,"September 13, 2007","December 28, 2012","April 11, 2003","January 27, 2013"
29264,Harbhajan Singh,"July 03, 1980, Jullundur (now Jalandhar), Punjab",46y 2d,India,Bowler,1998 - 2016,2021,IPL 2021,KKR,3,2,2,4,2*,-,4,100.00,0,0,0,0,1,0,0,9.00,42,-,-,-,-,0,0,0,"December 01, 2006","March 03, 2016","April 17, 1998","October 25, 2015"
29264,Harbhajan Singh,"July 03, 1980, Jullundur (now Jalandhar), Punjab",46y 2d,India,Bowler,1998 - 2016,2019,IPL 2019,CSK,11,1,0,1,1,1.00,3,33.33,0,0,0,0,4,0,16,7.09,264,3/20,3/20,19.50,16.5,0,0,0,"December 01, 2006","March 03, 2016","April 17, 1998","October 25, 2015"
29264,Harbhajan Singh,"July 03, 1980, Jullundur (now Jalandhar), Punjab",46y 2d,India,Bowler,1998 - 2016,2018,IPL 2018,CSK,13,3,0,29,19,9.66,36,80.55,0,0,3,1,4,0,7,8.48,191,2/22,2/22,38.57,27.2,0,0,0,"December 01, 2006","March 03, 2016","April 17, 1998","October 25, 2015"
29264,Harbhajan Singh,"July 03, 1980, Jullundur (now Jalandhar), Punjab",46y 2d,India,Bowler,1998 - 2016,2017,IPL 2017,MI,11,7,5,16,7*,8.00,16,100.00,0,0,0,1,2,0,8,6.48,246,3/22,3/22,33.25,30.7,0,0,0,"December 01, 2006","March 03, 2016","April 17, 1998","October 25, 2015"
29264,Harbhajan Singh,"July 03, 1980, Jullundur (now Jalandhar), Punjab",46y 2d,India,Bowler,1998 - 2016,2016,IPL 2016,MI,14,7,4,92,45*,30.66,84,109.52,0,0,11,2,4,0,9,8.00,294,2/29,2/29,43.55,32.6,0,0,0,"December 01, 2006","March 03, 2016","April 17, 1998","October 25, 2015"
29264,Harbhajan Singh,"July 03, 1980, Jullundur (now Jalandhar), Punjab",46y 2d,India,Bowler,1998 - 2016,2015,IPL 2015,MI,15,10,3,117,64,16.71,73,160.27,0,1,9,9,3,0,18,7.82,342,3/27,3/27,24.77,19.0,0,0,0,"December 01, 2006","March 03, 2016","April 17, 1998","October 25, 2015"
29264,Harbhajan Singh,"July 03, 1980, Jullundur (now Jalandhar), Punjab",46y 2d,India,Bowler,1998 - 2016,2014,IPL 2014,MI,14,7,2,28,10*,5.60,25,112.00,0,0,2,2,3,0,14,6.47,330,2/13,2/13,25.42,23.5,0,0,0,"December 01, 2006","March 03, 2016","April 17, 1998","October 25, 2015"
29264,Harbhajan Singh,"July 03, 1980, Jullundur (now Jalandhar), Punjab",46y 2d,India,Bowler,1998 - 2016,2013,IPL 2013,MI,19,14,8,116,25*,19.33,79,146.83,0,0,12,5,9,0,24,6.51,420,3/14,3/14,19.00,17.5,0,0,0,"December 01, 2006","March 03, 2016","April 17, 1998","October 25, 2015"
29264,Harbhajan Singh,"July 03, 1980, Jullundur (now Jalandhar), Punjab",46y 2d,India,Bowler,1998 - 2016,2012,IPL 2012,MI,17,11,2,108,33,12.00,80,135.00,0,0,14,3,6,0,6,7.11,324,2/13,2/13,64.00,54.0,0,0,0,"December 01, 2006","March 03, 2016","April 17, 1998","October 25, 2015"
29264,Harbhajan Singh,"July 03, 1980, Jullundur (now Jalandhar), Punjab",46y 2d,India,Bowler,1998 - 2016,2011,IPL 2011,MI,15,8,5,103,30,34.33,71,145.07,0,0,9,6,2,0,14,6.98,318,5/18,5/18,26.42,22.7,0,1,0,"December 01, 2006","March 03, 2016","April 17, 1998","October 25, 2015"
29264,Harbhajan Singh,"July 03, 1980, Jullundur (now Jalandhar), Punjab",46y 2d,India,Bowler,1998 - 2016,2009/10,IPL 2009/10,MI,15,7,3,105,49*,26.25,63,166.66,0,0,12,5,6,0,17,7.04,321,3/31,3/31,22.17,18.8,0,0,0,"December 01, 2006","March 03, 2016","April 17, 1998","October 25, 2015"
29264,Harbhajan Singh,"July 03, 1980, Jullundur (now Jalandhar), Punjab",46y 2d,India,Bowler,1998 - 2016,2009,IPL 2009,MI,13,10,2,84,20,10.50,53,158.49,0,0,6,5,3,0,12,5.81,264,4/17,4/17,21.33,22.0,1,0,0,"December 01, 2006","March 03, 2016","April 17, 1998","October 25, 2015"
29264,Harbhajan Singh,"July 03, 1980, Jullundur (now Jalandhar), Punjab",46y 2d,India,Bowler,1998 - 2016,2007/08,IPL 2007/08,MI,3,3,1,30,28,15.00,17,176.47,0,0,1,3,2,0,5,8.20,60,3/32,3/32,16.40,12.0,0,0,0,"December 01, 2006","March 03, 2016","April 17, 1998","October 25, 2015"
340854,Harpreet Singh Bhatia,"August 11, 1991, Durg, Madhya Pradesh",34y 328d,United Arab Emirates,Batter,2026 - 2026,2024,IPL 2024,PBKS,2,2,0,27,14,13.50,34,79.41,0,0,2,0,0,0,-,-,-,-,-,-,-,-,-,-,"April 20, 2026","April 21, 2026","April 25, 2026","May 03, 2026"
340854,Harpreet Singh Bhatia,"August 11, 1991, Durg, Madhya Pradesh",34y 328d,United Arab Emirates,Batter,2026 - 2026,2023,IPL 2023,PBKS,3,3,0,76,41,25.33,59,128.81,0,0,8,3,1,0,-,-,-,-,-,-,-,-,-,-,"April 20, 2026","April 21, 2026","April 25, 2026","May 03, 2026"
340854,Harpreet Singh Bhatia,"August 11, 1991, Durg, Madhya Pradesh",34y 328d,United Arab Emirates,Batter,2026 - 2026,2012,IPL 2012,PWI,1,1,0,6,6,6.00,6,100.00,0,0,0,0,0,0,-,-,-,-,-,-,-,-,-,-,"April 20, 2026","April 21, 2026","April 25, 2026","May 03, 2026"
340854,Harpreet Singh Bhatia,"August 11, 1991, Durg, Madhya Pradesh",34y 328d,United Arab Emirates,Batter,2026 - 2026,2011,IPL 2011,PWI,2,2,1,14,13,14.00,20,70.00,0,0,0,0,2,0,-,-,-,-,-,-,-,-,-,-,"April 20, 2026","April 21, 2026","April 25, 2026","May 03, 2026"
340854,Harpreet Singh Bhatia,"August 11, 1991, Durg, Madhya Pradesh",34y 328d,United Arab Emirates,Batter,2026 - 2026,2009/10,IPL 2009/10,KKR,1,-,-,-,-,-,-,-,-,-,-,-,0,0,-,-,-,-,-,-,-,-,-,-,"April 20, 2026","April 21, 2026","April 25, 2026","May 03, 2026"
244639,Harry Frederick Gurney,"October 25, 1986, Nottingham",39y 253d,England,Bowler,2014 - 2014,2019,IPL 2019,KKR,8,1,1,1,1*,-,5,20.00,0,0,0,0,0,0,7,8.81,162,2/25,2/25,34.00,23.1,0,0,0,"May 20, 2014","September 07, 2014","May 09, 2014","December 16, 2014"
1312645,Harshit Pradeep Rana,"December 22, 2001, New Delhi",24y 195d,India,Bowler,2024 - 2026,2025,IPL 2025,KKR,13,7,3,57,34,14.25,53,107.54,0,0,5,3,6,0,15,10.18,264,3/25,3/25,29.86,17.6,0,0,0,"January 31, 2025","July 04, 2026","February 06, 2025","January 18, 2026"
1312645,Harshit Pradeep Rana,"December 22, 2001, New Delhi",24y 195d,India,Bowler,2024 - 2026,2024,IPL 2024,KKR,13,-,-,-,-,-,-,-,-,-,-,-,4,0,19,9.08,253,3/24,3/24,20.15,13.3,0,0,0,"January 31, 2025","July 04, 2026","February 06, 2025","January 18, 2026"
1312645,Harshit Pradeep Rana,"December 22, 2001, New Delhi",24y 195d,India,Bowler,2024 - 2026,2023,IPL 2023,KKR,6,1,0,0,0,0.00,1,0.00,0,0,0,0,2,0,5,8.64,102,2/33,2/33,29.40,20.4,0,0,0,"January 31, 2025","July 04, 2026","February 06, 2025","January 18, 2026"
1312645,Harshit Pradeep Rana,"December 22, 2001, New Delhi",24y 195d,India,Bowler,2024 - 2026,2022,IPL 2022,KKR,2,2,1,2,2,2.00,2,100.00,0,0,0,0,0,0,1,10.20,30,1/24,1/24,51.00,30.0,0,0,0,"January 31, 2025","July 04, 2026","February 06, 2025","January 18, 2026"
277237,Sayed Iqbal Abdulla,"December 02, 1989, Azamgarh",36y 215d,India,Allrounder,-,2017,IPL 2017,RCB,2,1,1,5,5*,-,7,71.42,0,0,0,0,0,0,2,11.00,30,2/36,2/36,27.50,15.0,0,0,0,,,,
277237,Sayed Iqbal Abdulla,"December 02, 1989, Azamgarh",36y 215d,India,Allrounder,-,2016,IPL 2016,RCB,8,2,2,37,33*,-,27,137.03,0,0,4,1,4,0,6,8.52,150,3/40,3/40,35.50,25.0,0,0,0,,,,
277237,Sayed Iqbal Abdulla,"December 02, 1989, Azamgarh",36y 215d,India,Allrounder,-,2015,IPL 2015,RCB,5,2,0,20,20,10.00,18,111.11,0,0,4,0,1,0,4,7.89,114,2/36,2/36,37.50,28.5,0,0,0,,,,
277237,Sayed Iqbal Abdulla,"December 02, 1989, Azamgarh",36y 215d,India,Allrounder,-,2014,IPL 2014,RR,1,-,-,-,-,-,-,-,-,-,-,-,1,0,0,8.50,12,-,-,-,-,0,0,0,,,,
277237,Sayed Iqbal Abdulla,"December 02, 1989, Azamgarh",36y 215d,India,Allrounder,-,2013,IPL 2013,KKR,5,2,2,8,6*,-,14,57.14,0,0,0,0,0,0,7,7.53,113,3/29,3/29,20.28,16.1,0,0,0,,,,
277237,Sayed Iqbal Abdulla,"December 02, 1989, Azamgarh",36y 215d,India,Allrounder,-,2012,IPL 2012,KKR,9,2,2,2,1*,-,3,66.66,0,0,0,0,5,0,4,6.54,132,1/20,1/20,36.00,33.0,0,0,0,,,,
277237,Sayed Iqbal Abdulla,"December 02, 1989, Azamgarh",36y 215d,India,Allrounder,-,2011,IPL 2011,KKR,15,2,2,15,12*,-,12,125.00,0,0,1,0,3,0,16,6.10,300,3/24,3/24,19.06,18.7,0,0,0,,,,
277237,Sayed Iqbal Abdulla,"December 02, 1989, Azamgarh",36y 215d,India,Allrounder,-,2009/10,IPL 2009/10,KKR,3,1,1,0,0*,-,1,0.00,0,0,0,0,0,0,1,7.17,51,1/28,1/28,61.00,51.0,0,0,0,,,,
277237,Sayed Iqbal Abdulla,"December 02, 1989, Azamgarh",36y 215d,India,Allrounder,-,2007/08,IPL 2007/08,KKR,1,1,1,1,1*,-,2,50.00,0,0,0,0,0,0,0,7.33,18,-,-,-,-,0,0,0,,,,
279554,Ishank Rajiv Jaggi,"January 27, 1989, Bacheli",37y 159d,India,Batter,-,2017,IPL 2017,KKR,2,2,1,33,28,33.00,39,84.61,0,0,3,0,0,0,-,-,-,-,-,-,-,-,-,-,,,,
279554,Ishank Rajiv Jaggi,"January 27, 1989, Bacheli",37y 159d,India,Batter,-,2012,IPL 2012,DCH,3,3,1,15,10*,7.50,21,71.42,0,0,0,0,1,0,-,-,-,-,-,-,-,-,-,-,,,,
279554,Ishank Rajiv Jaggi,"January 27, 1989, Bacheli",37y 159d,India,Batter,-,2011,IPL 2011,DCH,2,2,0,28,25,14.00,37,75.67,0,0,3,0,1,0,-,-,-,-,-,-,-,-,-,-,,,,
236779,Ishant Sharma,"September 02, 1988, Delhi",37y 306d,India,Bowler,2007 - 2021,2025,IPL 2025,GT,7,-,-,-,-,-,-,-,-,-,-,-,2,0,4,11.18,110,1/18,1/18,51.25,27.5,0,0,0,"February 01, 2008","October 10, 2013","June 29, 2007","January 23, 2016"
236779,Ishant Sharma,"September 02, 1988, Delhi",37y 306d,India,Bowler,2007 - 2021,2024,IPL 2024,DC,9,2,2,1,1*,-,7,14.28,0,0,0,0,2,0,10,9.81,162,3/34,3/34,26.50,16.2,0,0,0,"February 01, 2008","October 10, 2013","June 29, 2007","January 23, 2016"
236779,Ishant Sharma,"September 02, 1988, Delhi",37y 306d,India,Bowler,2007 - 2021,2023,IPL 2023,DC,8,1,1,1,1*,-,1,100.00,0,0,0,0,0,0,10,8.24,150,2/19,2/19,20.60,15.0,0,0,0,"February 01, 2008","October 10, 2013","June 29, 2007","January 23, 2016"
236779,Ishant Sharma,"September 02, 1988, Delhi",37y 306d,India,Bowler,2007 - 2021,2021,IPL 2021,DC,3,-,-,-,-,-,-,-,-,-,-,-,0,0,1,8.08,72,1/26,1/26,97.00,72.0,0,0,0,"February 01, 2008","October 10, 2013","June 29, 2007","January 23, 2016"
236779,Ishant Sharma,"September 02, 1988, Delhi",37y 306d,India,Bowler,2007 - 2021,2020/21,IPL 2020/21,DC,1,-,-,-,-,-,-,-,-,-,-,-,0,0,0,8.66,18,-,-,-,-,0,0,0,"February 01, 2008","October 10, 2013","June 29, 2007","January 23, 2016"
236779,Ishant Sharma,"September 02, 1988, Delhi",37y 306d,India,Bowler,2007 - 2021,2019,IPL 2019,DC,13,3,3,10,10*,-,3,333.33,0,0,1,1,1,0,13,7.58,276,3/38,3/38,26.84,21.2,0,0,0,"February 01, 2008","October 10, 2013","June 29, 2007","January 23, 2016"
236779,Ishant Sharma,"September 02, 1988, Delhi",37y 306d,India,Bowler,2007 - 2021,2017,IPL 2017,PBKS,6,3,1,8,5*,4.00,12,66.66,0,0,1,0,0,0,0,9.94,108,-,-,-,-,0,0,0,"February 01, 2008","October 10, 2013","June 29, 2007","January 23, 2016"
236779,Ishant Sharma,"September 02, 1988, Delhi",37y 306d,India,Bowler,2007 - 2021,2016,IPL 2016,RPS,4,1,1,0,0*,-,0,-,0,0,0,0,2,0,3,9.86,90,2/36,2/36,49.33,30.0,0,0,0,"February 01, 2008","October 10, 2013","June 29, 2007","January 23, 2016"
236779,Ishant Sharma,"September 02, 1988, Delhi",37y 306d,India,Bowler,2007 - 2021,2015,IPL 2015,SRH,4,-,-,-,-,-,-,-,-,-,-,-,0,0,1,11.35,84,1/25,1/25,159.00,84.0,0,0,0,"February 01, 2008","October 10, 2013","June 29, 2007","January 23, 2016"
236779,Ishant Sharma,"September 02, 1988, Delhi",37y 306d,India,Bowler,2007 - 2021,2014,IPL 2014,SRH,3,-,-,-,-,-,-,-,-,-,-,-,0,0,3,9.18,66,2/37,2/37,33.66,22.0,0,0,0,"February 01, 2008","October 10, 2013","June 29, 2007","January 23, 2016"
236779,Ishant Sharma,"September 02, 1988, Delhi",37y 306d,India,Bowler,2007 - 2021,2013,IPL 2013,SRH,16,2,2,0,0*,-,0,-,0,0,0,0,6,0,15,7.81,358,3/27,3/27,31.06,23.8,0,0,0,"February 01, 2008","October 10, 2013","June 29, 2007","January 23, 2016"
236779,Ishant Sharma,"September 02, 1988, Delhi",37y 306d,India,Bowler,2007 - 2021,2011,IPL 2011,DCH,12,5,5,4,1*,-,5,80.00,0,0,0,0,3,0,11,7.13,264,5/12,5/12,28.54,24.0,0,1,0,"February 01, 2008","October 10, 2013","June 29, 2007","January 23, 2016"
236779,Ishant Sharma,"September 02, 1988, Delhi",37y 306d,India,Bowler,2007 - 2021,2009/10,IPL 2009/10,KKR,7,2,1,6,6*,6.00,17,35.29,0,0,0,0,1,0,7,9.44,150,2/33,2/33,33.71,21.4,0,0,0,"February 01, 2008","October 10, 2013","June 29, 2007","January 23, 2016"
236779,Ishant Sharma,"September 02, 1988, Delhi",37y 306d,India,Bowler,2007 - 2021,2009,IPL 2009,KKR,11,3,1,16,9,8.00,13,123.07,0,0,1,1,1,0,11,6.90,258,2/15,2/15,27.00,23.4,0,0,0,"February 01, 2008","October 10, 2013","June 29, 2007","January 23, 2016"
236779,Ishant Sharma,"September 02, 1988, Delhi",37y 306d,India,Bowler,2007 - 2021,2007/08,IPL 2007/08,KKR,13,6,5,11,4*,11.00,11,100.00,0,0,1,0,2,0,7,7.80,253,1/7,1/7,47.00,36.1,0,0,0,"February 01, 2008","October 10, 2013","June 29, 2007","January 23, 2016"
45789,Jacques Henry Kallis,"October 16, 1975, Pinelands, Cape Town, Cape Province",50y 262d,South Africa,Allrounder,1995 - 2014,2014,IPL 2014,KKR,8,7,1,151,72,25.16,129,117.05,0,1,13,4,2,0,4,8.45,132,1/15,1/15,46.50,33.0,0,0,0,"October 21, 2005","October 02, 2012","January 09, 1996","July 12, 2014"
45789,Jacques Henry Kallis,"October 16, 1975, Pinelands, Cape Town, Cape Province",50y 262d,South Africa,Allrounder,1995 - 2014,2013,IPL 2013,KKR,16,16,1,311,41,20.73,322,96.58,0,0,35,3,3,0,16,7.43,318,3/13,3/13,24.62,19.8,0,0,0,"October 21, 2005","October 02, 2012","January 09, 1996","July 12, 2014"
45789,Jacques Henry Kallis,"October 16, 1975, Pinelands, Cape Town, Cape Province",50y 262d,South Africa,Allrounder,1995 - 2014,2012,IPL 2012,KKR,17,17,1,409,79,25.56,384,106.51,0,2,34,10,2,0,15,7.46,324,2/7,2/7,26.86,21.6,0,0,0,"October 21, 2005","October 02, 2012","January 09, 1996","July 12, 2014"
45789,Jacques Henry Kallis,"October 16, 1975, Pinelands, Cape Town, Cape Province",50y 262d,South Africa,Allrounder,1995 - 2014,2011,IPL 2011,KKR,15,14,2,424,80*,35.33,378,112.16,0,4,46,6,9,0,7,7.08,144,2/16,2/16,24.28,20.5,0,0,0,"October 21, 2005","October 02, 2012","January 09, 1996","July 12, 2014"
45789,Jacques Henry Kallis,"October 16, 1975, Pinelands, Cape Town, Cape Province",50y 262d,South Africa,Allrounder,1995 - 2014,2009/10,IPL 2009/10,RCB,16,16,4,572,89*,47.66,494,115.78,0,6,67,9,7,0,13,8.35,342,2/3,2/3,36.61,26.3,0,0,0,"October 21, 2005","October 02, 2012","January 09, 1996","July 12, 2014"
45789,Jacques Henry Kallis,"October 16, 1975, Pinelands, Cape Town, Cape Province",50y 262d,South Africa,Allrounder,1995 - 2014,2009,IPL 2009,RCB,15,15,2,361,69*,27.76,332,108.73,0,3,37,8,5,0,6,7.67,276,2/18,2/18,58.83,46.0,0,0,0,"October 21, 2005","October 02, 2012","January 09, 1996","July 12, 2014"
45789,Jacques Henry Kallis,"October 16, 1975, Pinelands, Cape Town, Cape Province",50y 262d,South Africa,Allrounder,1995 - 2014,2007/08,IPL 2007/08,RCB,11,11,0,199,54,18.09,183,108.74,0,1,23,4,3,0,4,9.05,206,2/39,2/39,77.75,51.5,0,0,0,"October 21, 2005","October 02, 2012","January 09, 1996","July 12, 2014"
391485,Jason Omar Holder,"November 05, 1991, Barbados",34y 242d,West Indies,Bowling Allrounder,2013 - 2026,2026,IPL 2026,GT,11,7,2,65,23*,13.00,52,125.00,0,0,3,3,8,0,17,7.56,230,4/24,4/24,17.05,13.5,1,0,0,"January 15, 2014","June 14, 2026","February 01, 2013","July 01, 2023"
391485,Jason Omar Holder,"November 05, 1991, Barbados",34y 242d,West Indies,Bowling Allrounder,2013 - 2026,2023,IPL 2023,RR,8,3,1,12,11,6.00,11,109.09,0,0,0,1,3,0,4,9.96,171,2/29,2/29,71.00,42.7,0,0,0,"January 15, 2014","June 14, 2026","February 01, 2013","July 01, 2023"
391485,Jason Omar Holder,"November 05, 1991, Barbados",34y 242d,West Indies,Bowling Allrounder,2013 - 2026,2022,IPL 2022,LSG,12,8,2,58,16,9.66,44,131.81,0,0,2,6,4,0,14,9.42,249,3/31,3/31,27.92,17.7,0,0,0,"January 15, 2014","June 14, 2026","February 01, 2013","July 01, 2023"
391485,Jason Omar Holder,"November 05, 1991, Barbados",34y 242d,West Indies,Bowling Allrounder,2013 - 2026,2021,IPL 2021,SRH,8,7,1,85,47*,14.16,72,118.05,0,0,2,6,2,0,16,7.75,191,4/52,4/52,15.43,11.9,1,0,0,"January 15, 2014","June 14, 2026","February 01, 2013","July 01, 2023"
391485,Jason Omar Holder,"November 05, 1991, Barbados",34y 242d,West Indies,Bowling Allrounder,2013 - 2026,2020/21,IPL 2020/21,SRH,7,4,2,66,26*,33.00,53,124.52,0,0,5,3,0,0,14,8.32,168,3/25,3/25,16.64,12.0,0,0,0,"January 15, 2014","June 14, 2026","February 01, 2013","July 01, 2023"
391485,Jason Omar Holder,"November 05, 1991, Barbados",34y 242d,West Indies,Bowling Allrounder,2013 - 2026,2016,IPL 2016,KKR,4,4,0,22,13,5.50,19,115.78,0,0,2,1,0,0,2,7.92,78,2/33,2/33,51.50,39.0,0,0,0,"January 15, 2014","June 14, 2026","February 01, 2013","July 01, 2023"
391485,Jason Omar Holder,"November 05, 1991, Barbados",34y 242d,West Indies,Bowling Allrounder,2013 - 2026,2014,IPL 2014,SRH,1,1,0,16,16,16.00,12,133.33,0,0,2,1,2,0,1,11.66,18,1/35,1/35,35.00,18.0,0,0,0,"January 15, 2014","June 14, 2026","February 01, 2013","July 01, 2023"
391485,Jason Omar Holder,"November 05, 1991, Barbados",34y 242d,West Indies,Bowling Allrounder,2013 - 2026,2013,IPL 2013,CSK,6,-,-,-,-,-,-,-,-,-,-,-,3,0,2,8.40,120,2/20,2/20,84.00,60.0,0,0,0,"January 15, 2014","June 14, 2026","February 01, 2013","July 01, 2023"
298438,Jason Jonathan Roy,"July 21, 1990, Durban, South Africa",35y 349d,England,Opening Batter,2014 - 2023,2023,IPL 2023,KKR,8,8,0,285,61,35.62,188,151.59,0,2,36,12,2,0,-,-,-,-,-,-,-,-,-,-,"September 07, 2014","July 31, 2022","May 08, 2015","March 06, 2023"
298438,Jason Jonathan Roy,"July 21, 1990, Durban, South Africa",35y 349d,England,Opening Batter,2014 - 2023,2021,IPL 2021,SRH,5,5,0,150,60,30.00,121,123.96,0,1,21,1,3,0,-,-,-,-,-,-,-,-,-,-,"September 07, 2014","July 31, 2022","May 08, 2015","March 06, 2023"
298438,Jason Jonathan Roy,"July 21, 1990, Durban, South Africa",35y 349d,England,Opening Batter,2014 - 2023,2018,IPL 2018,DC,5,5,1,120,91*,30.00,94,127.65,0,1,9,7,4,0,-,-,-,-,-,-,-,-,-,-,"September 07, 2014","July 31, 2022","May 08, 2015","March 06, 2023"
298438,Jason Jonathan Roy,"July 21, 1990, Durban, South Africa",35y 349d,England,Opening Batter,2014 - 2023,2017,IPL 2017,GL,3,3,1,59,31,29.50,40,147.50,0,0,9,1,1,0,-,-,-,-,-,-,-,-,-,-,"September 07, 2014","July 31, 2022","May 08, 2015","March 06, 2023"
230554,Javon Philip Ramon Scantlebury-Searles,"December 21, 1986, Durants Village, St James, Barbados",39y 196d,West Indies,Bowling Allrounder,-,2018,IPL 2018,KKR,4,2,1,8,6*,8.00,6,133.33,0,0,0,1,4,0,2,12.71,42,1/24,1/24,44.50,21.0,0,0,0,,,,
390484,Jaydev Dipakbhai Unadkat,"October 18, 1991, Porbandar",34y 260d,India,Bowler,2010 - 2023,2026,IPL 2026,SRH,4,1,1,4,4*,-,3,133.33,0,0,0,0,3,0,4,10.90,77,3/21,3/21,35.00,19.2,0,0,0,"June 18, 2016","March 18, 2018","July 24, 2013","August 01, 2023"
390484,Jaydev Dipakbhai Unadkat,"October 18, 1991, Porbandar",34y 260d,India,Bowler,2010 - 2023,2025,IPL 2025,SRH,7,-,-,-,-,-,-,-,-,-,-,-,2,0,11,7.34,143,3/24,3/24,15.90,13.0,0,0,0,"June 18, 2016","March 18, 2018","July 24, 2013","August 01, 2023"
390484,Jaydev Dipakbhai Unadkat,"October 18, 1991, Porbandar",34y 260d,India,Bowler,2010 - 2023,2024,IPL 2024,SRH,11,5,2,24,8*,8.00,26,92.30,0,0,2,1,0,0,8,10.23,187,3/30,3/30,39.87,23.3,0,0,0,"June 18, 2016","March 18, 2018","July 24, 2013","August 01, 2023"
390484,Jaydev Dipakbhai Unadkat,"October 18, 1991, Porbandar",34y 260d,India,Bowler,2010 - 2023,2023,IPL 2023,LSG,3,1,0,9,9,9.00,7,128.57,0,0,1,0,0,0,0,11.50,48,-,-,-,-,0,0,0,"June 18, 2016","March 18, 2018","July 24, 2013","August 01, 2023"
390484,Jaydev Dipakbhai Unadkat,"October 18, 1991, Porbandar",34y 260d,India,Bowler,2010 - 2023,2022,IPL 2022,MI,5,5,2,59,19*,19.66,37,159.45,0,0,4,3,1,0,6,9.50,120,2/32,2/32,31.66,20.0,0,0,0,"June 18, 2016","March 18, 2018","July 24, 2013","August 01, 2023"
390484,Jaydev Dipakbhai Unadkat,"October 18, 1991, Porbandar",34y 260d,India,Bowler,2010 - 2023,2021,IPL 2021,RR,6,3,1,41,24,20.50,29,141.37,0,0,3,2,1,0,4,7.63,132,3/15,3/15,42.00,33.0,0,0,0,"June 18, 2016","March 18, 2018","July 24, 2013","August 01, 2023"
390484,Jaydev Dipakbhai Unadkat,"October 18, 1991, Porbandar",34y 260d,India,Bowler,2010 - 2023,2020/21,IPL 2020/21,RR,7,1,0,9,9,9.00,13,69.23,0,0,0,0,1,0,4,9.91,138,2/32,2/32,57.00,34.5,0,0,0,"June 18, 2016","March 18, 2018","July 24, 2013","August 01, 2023"
390484,Jaydev Dipakbhai Unadkat,"October 18, 1991, Porbandar",34y 260d,India,Bowler,2010 - 2023,2019,IPL 2019,RR,11,4,3,1,1,1.00,3,33.33,0,0,0,0,3,0,10,10.66,224,2/26,2/26,39.80,22.4,0,0,0,"June 18, 2016","March 18, 2018","July 24, 2013","August 01, 2023"
390484,Jaydev Dipakbhai Unadkat,"October 18, 1991, Porbandar",34y 260d,India,Bowler,2010 - 2023,2018,IPL 2018,RR,15,7,3,49,26,12.25,38,128.94,0,0,6,1,6,0,11,9.65,302,3/46,3/46,44.18,27.4,0,0,0,"June 18, 2016","March 18, 2018","July 24, 2013","August 01, 2023"
390484,Jaydev Dipakbhai Unadkat,"October 18, 1991, Porbandar",34y 260d,India,Bowler,2010 - 2023,2017,IPL 2017,RPS,12,2,2,2,2*,-,5,40.00,0,0,0,0,9,0,24,7.02,275,5/30,5/30,13.41,11.4,0,1,0,"June 18, 2016","March 18, 2018","July 24, 2013","August 01, 2023"
390484,Jaydev Dipakbhai Unadkat,"October 18, 1991, Porbandar",34y 260d,India,Bowler,2010 - 2023,2016,IPL 2016,KKR,1,-,-,-,-,-,-,-,-,-,-,-,0,0,0,16.33,18,-,-,-,-,0,0,0,"June 18, 2016","March 18, 2018","July 24, 2013","August 01, 2023"
390484,Jaydev Dipakbhai Unadkat,"October 18, 1991, Porbandar",34y 260d,India,Bowler,2010 - 2023,2015,IPL 2015,DC,1,-,-,-,-,-,-,-,-,-,-,-,0,0,0,10.00,18,-,-,-,-,0,0,0,"June 18, 2016","March 18, 2018","July 24, 2013","August 01, 2023"
390484,Jaydev Dipakbhai Unadkat,"October 18, 1991, Porbandar",34y 260d,India,Bowler,2010 - 2023,2014,IPL 2014,DC,9,2,1,1,1*,1.00,6,16.66,0,0,0,0,0,0,9,8.66,187,3/32,3/32,30.00,20.7,0,0,0,"June 18, 2016","March 18, 2018","July 24, 2013","August 01, 2023"
390484,Jaydev Dipakbhai Unadkat,"October 18, 1991, Porbandar",34y 260d,India,Bowler,2010 - 2023,2013,IPL 2013,RCB,13,2,2,2,1*,-,2,100.00,0,0,0,0,1,0,13,7.55,294,5/25,5/25,28.46,22.6,0,1,0,"June 18, 2016","March 18, 2018","July 24, 2013","August 01, 2023"
390484,Jaydev Dipakbhai Unadkat,"October 18, 1991, Porbandar",34y 260d,India,Bowler,2010 - 2023,2012,IPL 2012,KKR,1,-,-,-,-,-,-,-,-,-,-,-,0,0,0,10.66,18,-,-,-,-,0,0,0,"June 18, 2016","March 18, 2018","July 24, 2013","August 01, 2023"
390484,Jaydev Dipakbhai Unadkat,"October 18, 1991, Porbandar",34y 260d,India,Bowler,2010 - 2023,2011,IPL 2011,KKR,7,-,-,-,-,-,-,-,-,-,-,-,2,0,6,8.33,108,2/25,2/25,25.00,18.0,0,0,0,"June 18, 2016","March 18, 2018","July 24, 2013","August 01, 2023"
390484,Jaydev Dipakbhai Unadkat,"October 18, 1991, Porbandar",34y 260d,India,Bowler,2010 - 2023,2009/10,IPL 2009/10,KKR,3,-,-,-,-,-,-,-,-,-,-,-,1,0,4,8.22,62,3/26,3/26,21.25,15.5,0,0,0,"June 18, 2016","March 18, 2018","July 24, 2013","August 01, 2023"
12454,Joseph Liam Denly,"March 16, 1986, Canterbury, Kent",40y 111d,England,Top order Batter,2009 - 2020,2019,IPL 2019,KKR,1,1,0,0,0,0.00,1,0.00,0,0,0,0,0,0,-,-,-,-,-,-,-,-,-,-,"August 30, 2009","September 08, 2020","August 27, 2009","February 09, 2020"
44149,Johan Botha,"May 02, 1982, Johannesburg, Transvaal",44y 64d,South Africa,Allrounder,2005 - 2012,2015,IPL 2015,KKR,4,3,0,31,17,10.33,15,206.66,0,0,5,1,4,0,1,8.10,60,1/32,1/32,81.00,60.0,0,0,0,"January 09, 2006","October 02, 2012","November 16, 2005","March 03, 2012"
44149,Johan Botha,"May 02, 1982, Johannesburg, Transvaal",44y 64d,South Africa,Allrounder,2005 - 2012,2013,IPL 2013,DC,6,6,0,43,23,7.16,52,82.69,0,0,5,1,5,0,5,6.54,100,2/11,2/11,21.80,20.0,0,0,0,"January 09, 2006","October 02, 2012","November 16, 2005","March 03, 2012"
44149,Johan Botha,"May 02, 1982, Johannesburg, Transvaal",44y 64d,South Africa,Allrounder,2005 - 2012,2012,IPL 2012,RR,11,7,3,58,14*,14.50,54,107.40,0,0,4,1,3,0,9,7.24,246,2/21,2/21,33.00,27.3,0,0,0,"January 09, 2006","October 02, 2012","November 16, 2005","March 03, 2012"
44149,Johan Botha,"May 02, 1982, Johannesburg, Transvaal",44y 64d,South Africa,Allrounder,2005 - 2012,2011,IPL 2011,RR,10,9,4,230,67*,46.00,198,116.16,0,1,20,2,6,0,7,6.63,216,3/6,3/6,34.14,30.8,0,0,0,"January 09, 2006","October 02, 2012","November 16, 2005","March 03, 2012"
44149,Johan Botha,"May 02, 1982, Johannesburg, Transvaal",44y 64d,South Africa,Allrounder,2005 - 2012,2009,IPL 2009,RR,3,3,1,47,37,23.50,40,117.50,0,0,5,0,0,0,3,6.16,72,2/19,2/19,24.66,24.0,0,0,0,"January 09, 2006","October 02, 2012","November 16, 2005","March 03, 2012"
228622,John Wayne Hastings,"November 04, 1985, Penrith, New South Wales",40y 243d,Australia,Allrounder,2010 - 2017,2016,IPL 2016,KKR,2,-,-,-,-,-,-,-,-,-,-,-,0,0,2,5.55,40,2/6,2/6,18.50,20.0,0,0,0,"October 31, 2010","September 09, 2016","October 20, 2010","June 02, 2017"
228622,John Wayne Hastings,"November 04, 1985, Penrith, New South Wales",40y 243d,Australia,Allrounder,2010 - 2017,2014,IPL 2014,CSK,1,-,-,-,-,-,-,-,-,-,-,-,0,0,1,9.66,18,1/29,1/29,29.00,18.0,0,0,0,"October 31, 2010","September 09, 2016","October 20, 2010","June 02, 2017"
1070188,Kamlesh Lachham Nagarkoti,"December 28, 1999, Barmer, Rajasthan",26y 189d,India,Bowler,-,2022,IPL 2022,DC,1,-,-,-,-,-,-,-,-,-,-,-,0,0,0,14.50,12,-,-,-,-,0,0,0,,,,
1070188,Kamlesh Lachham Nagarkoti,"December 28, 1999, Barmer, Rajasthan",26y 189d,India,Bowler,-,2021,IPL 2021,KKR,1,1,0,0,0,0.00,2,0.00,0,0,0,0,0,0,0,12.50,12,-,-,-,-,0,0,0,,,,
1070188,Kamlesh Lachham Nagarkoti,"December 28, 1999, Barmer, Rajasthan",26y 189d,India,Bowler,-,2020/21,IPL 2020/21,KKR,10,6,3,22,8*,7.33,31,70.96,0,0,1,0,4,0,5,8.88,156,2/13,2/13,46.20,31.2,0,0,0,,,,
1122918,Kartik Tyagi,"November 08, 2000, Hapur, Uttar Pradesh",25y 239d,India,Bowler,-,2026,IPL 2026,KKR,14,3,0,11,6,3.66,10,110.00,0,0,1,1,4,0,18,9.76,306,3/22,3/22,27.66,17.0,0,0,0,,,,
1122918,Kartik Tyagi,"November 08, 2000, Hapur, Uttar Pradesh",25y 239d,India,Bowler,-,2024,IPL 2024,GT,1,-,-,-,-,-,-,-,-,-,-,-,0,0,0,12.75,24,-,-,-,-,0,0,0,,,,
1122918,Kartik Tyagi,"November 08, 2000, Hapur, Uttar Pradesh",25y 239d,India,Bowler,-,2023,IPL 2023,SRH,3,-,-,-,-,-,-,-,-,-,-,-,0,0,1,14.91,37,1/30,1/30,92.00,37.0,0,0,0,,,,
1122918,Kartik Tyagi,"November 08, 2000, Hapur, Uttar Pradesh",25y 239d,India,Bowler,-,2022,IPL 2022,SRH,2,2,0,7,7,3.50,6,116.66,0,0,1,0,0,0,1,9.87,48,1/42,1/42,79.00,48.0,0,0,0,,,,
1122918,Kartik Tyagi,"November 08, 2000, Hapur, Uttar Pradesh",25y 239d,India,Bowler,-,2021,IPL 2021,RR,4,2,1,2,1*,2.00,4,50.00,0,0,0,0,1,0,4,8.85,84,2/29,2/29,31.00,21.0,0,0,0,,,,
1122918,Kartik Tyagi,"November 08, 2000, Hapur, Uttar Pradesh",25y 239d,India,Bowler,-,2020/21,IPL 2020/21,RR,10,3,2,4,2*,4.00,6,66.66,0,0,0,0,2,0,9,9.61,229,2/36,2/36,40.77,25.4,0,0,0,,,,
777537,Konganda Charamanna Cariappa,"April 13, 1994, Bangalore, Karnataka",32y 83d,India,Bowler,-,2019,IPL 2019,KKR,1,1,1,9,9*,-,3,300.00,0,0,0,1,0,0,0,17.00,12,-,-,-,-,0,0,0,,,,
777537,Konganda Charamanna Cariappa,"April 13, 1994, Bangalore, Karnataka",32y 83d,India,Bowler,-,2017,IPL 2017,PBKS,4,2,0,2,1,1.00,7,28.57,0,0,0,0,1,0,4,8.46,90,2/24,2/24,31.75,22.5,0,0,0,,,,
777537,Konganda Charamanna Cariappa,"April 13, 1994, Bangalore, Karnataka",32y 83d,India,Bowler,-,2016,IPL 2016,PBKS,5,2,1,13,12*,13.00,11,118.18,0,0,0,1,2,0,3,9.35,102,2/16,2/16,53.00,34.0,0,0,0,,,,
777537,Konganda Charamanna Cariappa,"April 13, 1994, Bangalore, Karnataka",32y 83d,India,Bowler,-,2015,IPL 2015,KKR,1,-,-,-,-,-,-,-,-,-,-,-,0,0,1,14.00,12,1/28,1/28,28.00,12.0,0,0,0,,,,
559235,Kuldeep Yadav,"December 14, 1994, Kanpur, Uttar Pradesh",31y 203d,India,Bowler,2014 - 2026,2026,IPL 2026,DC,12,4,1,9,4,3.00,21,42.85,0,0,0,0,2,0,10,10.29,222,3/29,3/29,38.10,22.2,0,0,0,"July 09, 2017","February 15, 2026","June 23, 2017","June 17, 2026"
559235,Kuldeep Yadav,"December 14, 1994, Kanpur, Uttar Pradesh",31y 203d,India,Bowler,2014 - 2026,2025,IPL 2025,DC,14,5,2,18,7,6.00,16,112.50,0,0,2,0,0,0,15,7.07,306,3/22,3/22,24.06,20.4,0,0,0,"July 09, 2017","February 15, 2026","June 23, 2017","June 17, 2026"
559235,Kuldeep Yadav,"December 14, 1994, Kanpur, Uttar Pradesh",31y 203d,India,Bowler,2014 - 2026,2024,IPL 2024,DC,11,5,2,47,35*,15.66,41,114.63,0,0,6,1,2,0,16,8.65,258,4/55,4/55,23.25,16.1,1,0,0,"July 09, 2017","February 15, 2026","June 23, 2017","June 17, 2026"
559235,Kuldeep Yadav,"December 14, 1994, Kanpur, Uttar Pradesh",31y 203d,India,Bowler,2014 - 2026,2023,IPL 2023,DC,14,10,8,31,10*,15.50,48,64.58,0,0,2,0,2,0,10,7.36,294,2/15,2/15,36.10,29.4,0,0,0,"July 09, 2017","February 15, 2026","June 23, 2017","June 17, 2026"
559235,Kuldeep Yadav,"December 14, 1994, Kanpur, Uttar Pradesh",31y 203d,India,Bowler,2014 - 2026,2022,IPL 2022,DC,14,7,6,48,16*,48.00,52,92.30,0,0,3,2,5,0,21,8.43,298,4/14,4/14,19.95,14.1,2,0,0,"July 09, 2017","February 15, 2026","June 23, 2017","June 17, 2026"
559235,Kuldeep Yadav,"December 14, 1994, Kanpur, Uttar Pradesh",31y 203d,India,Bowler,2014 - 2026,2020/21,IPL 2020/21,KKR,5,2,1,13,12,13.00,21,61.90,0,0,1,0,0,0,1,7.66,72,1/20,1/20,92.00,72.0,0,0,0,"July 09, 2017","February 15, 2026","June 23, 2017","June 17, 2026"
559235,Kuldeep Yadav,"December 14, 1994, Kanpur, Uttar Pradesh",31y 203d,India,Bowler,2014 - 2026,2019,IPL 2019,KKR,9,4,2,12,10*,6.00,8,150.00,0,0,1,0,3,0,4,8.66,198,2/41,2/41,71.50,49.5,0,0,0,"July 09, 2017","February 15, 2026","June 23, 2017","June 17, 2026"
559235,Kuldeep Yadav,"December 14, 1994, Kanpur, Uttar Pradesh",31y 203d,India,Bowler,2014 - 2026,2018,IPL 2018,KKR,16,3,2,12,7*,12.00,24,50.00,0,0,1,0,6,0,17,8.14,308,4/20,4/20,24.58,18.1,1,0,0,"July 09, 2017","February 15, 2026","June 23, 2017","June 17, 2026"
559235,Kuldeep Yadav,"December 14, 1994, Kanpur, Uttar Pradesh",31y 203d,India,Bowler,2014 - 2026,2017,IPL 2017,KKR,12,2,0,20,16,10.00,22,90.90,0,0,2,0,1,0,12,8.29,246,2/25,2/25,28.33,20.5,0,0,0,"July 09, 2017","February 15, 2026","June 23, 2017","June 17, 2026"
559235,Kuldeep Yadav,"December 14, 1994, Kanpur, Uttar Pradesh",31y 203d,India,Bowler,2014 - 2026,2016,IPL 2016,KKR,3,-,-,-,-,-,-,-,-,-,-,-,1,0,6,8.33,72,3/35,3/35,16.66,12.0,0,0,0,"July 09, 2017","February 15, 2026","June 23, 2017","June 17, 2026"
1083033,Kulwant Khejroliya,"March 13, 1992, Churi Ajitgarh Jhunjhunu District, Rajasthan",34y 114d,India,Bowler,-,2026,IPL 2026,GT,1,-,-,-,-,-,-,-,-,-,-,-,0,0,0,15.50,12,-,-,-,-,0,0,0,,,,
1083033,Kulwant Khejroliya,"March 13, 1992, Churi Ajitgarh Jhunjhunu District, Rajasthan",34y 114d,India,Bowler,-,2025,IPL 2025,GT,1,-,-,-,-,-,-,-,-,-,-,-,1,0,1,9.66,18,1/29,1/29,29.00,18.0,0,0,0,,,,
1083033,Kulwant Khejroliya,"March 13, 1992, Churi Ajitgarh Jhunjhunu District, Rajasthan",34y 114d,India,Bowler,-,2023,IPL 2023,KKR,2,-,-,-,-,-,-,-,-,-,-,-,0,0,2,14.76,26,2/44,2/44,32.00,13.0,0,0,0,,,,
1083033,Kulwant Khejroliya,"March 13, 1992, Churi Ajitgarh Jhunjhunu District, Rajasthan",34y 114d,India,Bowler,-,2019,IPL 2019,RCB,2,-,-,-,-,-,-,-,-,-,-,-,0,0,1,9.20,30,1/29,1/29,46.00,30.0,0,0,0,,,,
1083033,Kulwant Khejroliya,"March 13, 1992, Churi Ajitgarh Jhunjhunu District, Rajasthan",34y 114d,India,Bowler,-,2018,IPL 2018,RCB,3,-,-,-,-,-,-,-,-,-,-,-,0,0,2,9.87,65,2/33,2/33,53.50,32.5,0,0,0,,,,
26829,Lakshmipathy Balaji,"September 27, 1981, Madras (now Chennai), Tamil Nadu",44y 281d,India,Bowler,2002 - 2012,2014,IPL 2014,PBKS,9,2,1,1,1*,1.00,3,33.33,0,0,0,0,0,0,12,8.79,204,4/13,4/13,24.91,17.0,1,0,0,"September 11, 2012","October 02, 2012","November 18, 2002","February 08, 2009"
26829,Lakshmipathy Balaji,"September 27, 1981, Madras (now Chennai), Tamil Nadu",44y 281d,India,Bowler,2002 - 2012,2013,IPL 2013,KKR,13,3,2,9,9*,9.00,10,90.00,0,0,1,0,4,0,12,7.74,300,3/19,3/19,32.25,25.0,0,0,0,"September 11, 2012","October 02, 2012","November 18, 2002","February 08, 2009"
26829,Lakshmipathy Balaji,"September 27, 1981, Madras (now Chennai), Tamil Nadu",44y 281d,India,Bowler,2002 - 2012,2012,IPL 2012,KKR,8,-,-,-,-,-,-,-,-,-,-,-,1,0,11,5.40,180,4/18,4/18,14.72,16.3,1,0,0,"September 11, 2012","October 02, 2012","November 18, 2002","February 08, 2009"
26829,Lakshmipathy Balaji,"September 27, 1981, Madras (now Chennai), Tamil Nadu",44y 281d,India,Bowler,2002 - 2012,2011,IPL 2011,KKR,14,2,2,4,3*,-,2,200.00,0,0,0,0,1,0,10,8.33,267,3/15,3/15,37.10,26.7,0,0,0,"September 11, 2012","October 02, 2012","November 18, 2002","February 08, 2009"
26829,Lakshmipathy Balaji,"September 27, 1981, Madras (now Chennai), Tamil Nadu",44y 281d,India,Bowler,2002 - 2012,2009/10,IPL 2009/10,CSK,7,3,1,18,15,9.00,20,90.00,0,0,1,1,1,0,7,8.87,140,2/9,2/9,29.57,20.0,0,0,0,"September 11, 2012","October 02, 2012","November 18, 2002","February 08, 2009"
26829,Lakshmipathy Balaji,"September 27, 1981, Madras (now Chennai), Tamil Nadu",44y 281d,India,Bowler,2002 - 2012,2009,IPL 2009,CSK,13,4,1,4,2*,1.33,10,40.00,0,0,0,0,3,0,13,8.46,224,4/21,4/21,24.30,17.2,1,0,0,"September 11, 2012","October 02, 2012","November 18, 2002","February 08, 2009"
26829,Lakshmipathy Balaji,"September 27, 1981, Madras (now Chennai), Tamil Nadu",44y 281d,India,Bowler,2002 - 2012,2007/08,IPL 2007/08,CSK,9,1,0,0,0,0.00,4,0.00,0,0,0,0,1,0,11,8.66,198,5/24,5/24,26.00,18.0,0,1,0,"September 11, 2012","October 02, 2012","November 18, 2002","February 08, 2009"
34019,Laxmi Ratan Shukla,"May 06, 1981, Howrah (now Haora), Bengal",45y 60d,India,Allrounder,1999 - 1999,2014,IPL 2014,DC,5,3,0,31,21,10.33,38,81.57,0,0,2,1,1,0,1,8.89,56,1/31,1/31,83.00,56.0,0,0,0,,,"March 22, 1999","September 05, 1999"
34019,Laxmi Ratan Shukla,"May 06, 1981, Howrah (now Haora), Bengal",45y 60d,India,Allrounder,1999 - 1999,2013,IPL 2013,KKR,4,2,0,3,2,1.50,12,25.00,0,0,0,0,2,0,1,7.33,18,1/14,1/14,22.00,18.0,0,0,0,,,"March 22, 1999","September 05, 1999"
34019,Laxmi Ratan Shukla,"May 06, 1981, Howrah (now Haora), Bengal",45y 60d,India,Allrounder,1999 - 1999,2012,IPL 2012,KKR,11,8,2,75,26,12.50,57,131.57,0,0,4,5,6,0,1,6.00,12,1/5,1/5,12.00,12.0,0,0,0,,,"March 22, 1999","September 05, 1999"
34019,Laxmi Ratan Shukla,"May 06, 1981, Howrah (now Haora), Bengal",45y 60d,India,Allrounder,1999 - 1999,2011,IPL 2011,KKR,1,1,0,14,14,14.00,10,140.00,0,0,2,0,0,0,-,-,-,-,-,-,-,-,-,-,,,"March 22, 1999","September 05, 1999"
34019,Laxmi Ratan Shukla,"May 06, 1981, Howrah (now Haora), Bengal",45y 60d,India,Allrounder,1999 - 1999,2009/10,IPL 2009/10,KKR,4,2,0,36,19,18.00,26,138.46,0,0,3,2,2,0,3,8.83,72,1/30,1/30,35.33,24.0,0,0,0,,,"March 22, 1999","September 05, 1999"
34019,Laxmi Ratan Shukla,"May 06, 1981, Howrah (now Haora), Bengal",45y 60d,India,Allrounder,1999 - 1999,2009,IPL 2009,KKR,9,6,1,83,48*,16.60,85,97.64,0,0,5,3,1,0,3,7.14,84,3/25,3/25,33.33,28.0,0,0,0,,,"March 22, 1999","September 05, 1999"
34019,Laxmi Ratan Shukla,"May 06, 1981, Howrah (now Haora), Bengal",45y 60d,India,Allrounder,1999 - 1999,2007/08,IPL 2007/08,KKR,13,12,4,163,42,20.37,122,133.60,0,0,17,4,2,0,6,10.33,72,3/6,3/6,20.66,12.0,0,0,0,,,"March 22, 1999","September 05, 1999"
536936,Litton Kumer Das,"October 13, 1994, Dinajpur",31y 265d,Bangladesh,Wicketkeeper Batter,2015 - 2026,2023,IPL 2023,KKR,1,1,0,4,4,4.00,4,100.00,0,0,1,0,0,0,-,-,-,-,-,-,-,-,-,-,"July 05, 2015","May 02, 2026","June 18, 2015","June 14, 2026"
493773,Lachlan Hammond Ferguson,"June 13, 1991, Auckland",35y 22d,New Zealand,Bowler,2016 - 2026,2026,IPL 2026,PBKS,3,-,-,-,-,-,-,-,-,-,-,-,0,0,1,12.81,66,1/41,1/41,141.00,66.0,0,0,0,"January 03, 2017","March 20, 2026","December 04, 2016","November 15, 2023"
493773,Lachlan Hammond Ferguson,"June 13, 1991, Auckland",35y 22d,New Zealand,Bowler,2016 - 2026,2025,IPL 2025,PBKS,4,1,1,4,4*,-,1,400.00,0,0,1,0,0,0,5,9.17,68,2/37,2/37,20.80,13.6,0,0,0,"January 03, 2017","March 20, 2026","December 04, 2016","November 15, 2023"
493773,Lachlan Hammond Ferguson,"June 13, 1991, Auckland",35y 22d,New Zealand,Bowler,2016 - 2026,2024,IPL 2024,RCB,7,1,0,1,1,1.00,1,100.00,0,0,0,0,4,0,9,10.62,144,2/23,2/23,28.33,16.0,0,0,0,"January 03, 2017","March 20, 2026","December 04, 2016","November 15, 2023"
493773,Lachlan Hammond Ferguson,"June 13, 1991, Auckland",35y 22d,New Zealand,Bowler,2016 - 2026,2023,IPL 2023,KKR,3,-,-,-,-,-,-,-,-,-,-,-,0,0,1,12.52,46,1/19,1/19,96.00,46.0,0,0,0,"January 03, 2017","March 20, 2026","December 04, 2016","November 15, 2023"
493773,Lachlan Hammond Ferguson,"June 13, 1991, Auckland",35y 22d,New Zealand,Bowler,2016 - 2026,2022,IPL 2022,GT,13,3,1,5,5,2.50,4,125.00,0,0,1,0,2,0,12,8.95,286,4/28,4/28,35.58,23.8,1,0,0,"January 03, 2017","March 20, 2026","December 04, 2016","November 15, 2023"
493773,Lachlan Hammond Ferguson,"June 13, 1991, Auckland",35y 22d,New Zealand,Bowler,2016 - 2026,2021,IPL 2021,KKR,8,3,3,18,18*,-,11,163.63,0,0,1,1,3,0,13,7.46,180,3/18,3/18,17.23,13.8,0,0,0,"January 03, 2017","March 20, 2026","December 04, 2016","November 15, 2023"
493773,Lachlan Hammond Ferguson,"June 13, 1991, Auckland",35y 22d,New Zealand,Bowler,2016 - 2026,2020/21,IPL 2020/21,KKR,5,2,2,43,24*,-,29,148.27,0,0,4,1,0,0,6,7.46,119,3/15,3/15,24.66,19.8,0,0,0,"January 03, 2017","March 20, 2026","December 04, 2016","November 15, 2023"
493773,Lachlan Hammond Ferguson,"June 13, 1991, Auckland",35y 22d,New Zealand,Bowler,2016 - 2026,2019,IPL 2019,KKR,5,-,-,-,-,-,-,-,-,-,-,-,0,0,2,10.76,102,1/38,1/38,91.50,51.0,0,0,0,"January 03, 2017","March 20, 2026","December 04, 2016","November 15, 2023"
493773,Lachlan Hammond Ferguson,"June 13, 1991, Auckland",35y 22d,New Zealand,Bowler,2016 - 2026,2017,IPL 2017,RPS,4,1,1,1,1*,-,1,100.00,0,0,0,0,0,0,3,7.15,78,2/7,2/7,31.00,26.0,0,0,0,"January 03, 2017","March 20, 2026","December 04, 2016","November 15, 2023"
398506,Mandeep Singh,"December 18, 1991, Jalandhar, Punjab",34y 199d,India,Allrounder,2016 - 2016,2023,IPL 2023,KKR,3,3,0,14,12,4.66,16,87.50,0,0,0,1,0,0,-,-,-,-,-,-,-,-,-,-,"June 18, 2016","June 22, 2016",,
398506,Mandeep Singh,"December 18, 1991, Jalandhar, Punjab",34y 199d,India,Allrounder,2016 - 2016,2022,IPL 2022,DC,3,3,0,18,18,6.00,23,78.26,0,0,4,0,1,0,-,-,-,-,-,-,-,-,-,-,"June 18, 2016","June 22, 2016",,
398506,Mandeep Singh,"December 18, 1991, Jalandhar, Punjab",34y 199d,India,Allrounder,2016 - 2016,2021,IPL 2021,PBKS,1,1,0,15,15,15.00,14,107.14,0,0,2,0,1,0,-,-,-,-,-,-,-,-,-,-,"June 18, 2016","June 22, 2016",,
398506,Mandeep Singh,"December 18, 1991, Jalandhar, Punjab",34y 199d,India,Allrounder,2016 - 2016,2020/21,IPL 2020/21,PBKS,7,7,1,130,66*,21.66,109,119.26,0,1,10,4,1,0,-,-,-,-,-,-,-,-,-,-,"June 18, 2016","June 22, 2016",,
398506,Mandeep Singh,"December 18, 1991, Jalandhar, Punjab",34y 199d,India,Allrounder,2016 - 2016,2019,IPL 2019,PBKS,13,12,8,165,33*,41.25,120,137.50,0,0,10,4,4,0,0,13.00,12,-,-,-,-,0,0,0,"June 18, 2016","June 22, 2016",,
398506,Mandeep Singh,"December 18, 1991, Jalandhar, Punjab",34y 199d,India,Allrounder,2016 - 2016,2018,IPL 2018,RCB,14,13,3,252,47*,25.20,186,135.48,0,0,16,11,4,0,-,-,-,-,-,-,-,-,-,-,"June 18, 2016","June 22, 2016",,
398506,Mandeep Singh,"December 18, 1991, Jalandhar, Punjab",34y 199d,India,Allrounder,2016 - 2016,2017,IPL 2017,RCB,11,10,0,188,52,18.80,177,106.21,0,1,21,4,6,0,-,-,-,-,-,-,-,-,-,-,"June 18, 2016","June 22, 2016",,
398506,Mandeep Singh,"December 18, 1991, Jalandhar, Punjab",34y 199d,India,Allrounder,2016 - 2016,2016,IPL 2016,RCB,1,-,-,-,-,-,-,-,-,-,-,-,1,0,-,-,-,-,-,-,-,-,-,-,"June 18, 2016","June 22, 2016",,
398506,Mandeep Singh,"December 18, 1991, Jalandhar, Punjab",34y 199d,India,Allrounder,2016 - 2016,2015,IPL 2015,RCB,14,9,2,157,54*,22.42,100,157.00,0,1,17,6,7,0,-,-,-,-,-,-,-,-,-,-,"June 18, 2016","June 22, 2016",,
398506,Mandeep Singh,"December 18, 1991, Jalandhar, Punjab",34y 199d,India,Allrounder,2016 - 2016,2014,IPL 2014,PBKS,3,3,0,24,21,8.00,26,92.30,0,0,2,0,1,0,-,-,-,-,-,-,-,-,-,-,"June 18, 2016","June 22, 2016",,
398506,Mandeep Singh,"December 18, 1991, Jalandhar, Punjab",34y 199d,India,Allrounder,2016 - 2016,2013,IPL 2013,PBKS,16,14,1,260,77*,20.00,223,116.59,0,1,36,0,6,0,-,-,-,-,-,-,-,-,-,-,"June 18, 2016","June 22, 2016",,
398506,Mandeep Singh,"December 18, 1991, Jalandhar, Punjab",34y 199d,India,Allrounder,2016 - 2016,2012,IPL 2012,PBKS,16,16,0,432,75,27.00,342,126.31,0,2,53,7,5,0,-,-,-,-,-,-,-,-,-,-,"June 18, 2016","June 22, 2016",,
398506,Mandeep Singh,"December 18, 1991, Jalandhar, Punjab",34y 199d,India,Allrounder,2016 - 2016,2011,IPL 2011,PBKS,6,5,1,47,15*,11.75,41,114.63,0,0,4,1,1,0,-,-,-,-,-,-,-,-,-,-,"June 18, 2016","June 22, 2016",,
398506,Mandeep Singh,"December 18, 1991, Jalandhar, Punjab",34y 199d,India,Allrounder,2016 - 2016,2009/10,IPL 2009/10,KKR,3,2,0,4,4,2.00,11,36.36,0,0,1,0,0,0,-,-,-,-,-,-,-,-,-,-,"June 18, 2016","June 22, 2016",,
290630,Manish Krishnanand Pandey,"September 10, 1989, Nainital, Uttaranchal",36y 298d,India,Top order Batter,2015 - 2021,2026,IPL 2026,KKR,6,2,0,70,45,35.00,49,142.85,0,0,8,2,3,0,-,-,-,-,-,-,-,-,-,-,"July 17, 2015","December 04, 2020","July 14, 2015","July 23, 2021"
290630,Manish Krishnanand Pandey,"September 10, 1989, Nainital, Uttaranchal",36y 298d,India,Top order Batter,2015 - 2021,2025,IPL 2025,KKR,3,3,1,92,37,46.00,65,141.53,0,0,5,5,0,0,-,-,-,-,-,-,-,-,-,-,"July 17, 2015","December 04, 2020","July 14, 2015","July 23, 2021"
290630,Manish Krishnanand Pandey,"September 10, 1989, Nainital, Uttaranchal",36y 298d,India,Top order Batter,2015 - 2021,2024,IPL 2024,KKR,1,1,0,42,42,42.00,31,135.48,0,0,2,2,2,0,-,-,-,-,-,-,-,-,-,-,"July 17, 2015","December 04, 2020","July 14, 2015","July 23, 2021"
290630,Manish Krishnanand Pandey,"September 10, 1989, Nainital, Uttaranchal",36y 298d,India,Top order Batter,2015 - 2021,2023,IPL 2023,DC,10,9,0,160,50,17.77,146,109.58,0,1,15,3,3,0,-,-,-,-,-,-,-,-,-,-,"July 17, 2015","December 04, 2020","July 14, 2015","July 23, 2021"
290630,Manish Krishnanand Pandey,"September 10, 1989, Nainital, Uttaranchal",36y 298d,India,Top order Batter,2015 - 2021,2022,IPL 2022,LSG,6,6,0,88,38,14.66,80,110.00,0,0,9,2,3,0,-,-,-,-,-,-,-,-,-,-,"July 17, 2015","December 04, 2020","July 14, 2015","July 23, 2021"
290630,Manish Krishnanand Pandey,"September 10, 1989, Nainital, Uttaranchal",36y 298d,India,Top order Batter,2015 - 2021,2021,IPL 2021,SRH,8,8,2,292,69*,48.66,236,123.72,0,3,21,10,5,0,-,-,-,-,-,-,-,-,-,-,"July 17, 2015","December 04, 2020","July 14, 2015","July 23, 2021"
290630,Manish Krishnanand Pandey,"September 10, 1989, Nainital, Uttaranchal",36y 298d,India,Top order Batter,2015 - 2021,2020/21,IPL 2020/21,SRH,16,15,2,425,83*,32.69,333,127.62,0,3,35,18,7,0,-,-,-,-,-,-,-,-,-,-,"July 17, 2015","December 04, 2020","July 14, 2015","July 23, 2021"
290630,Manish Krishnanand Pandey,"September 10, 1989, Nainital, Uttaranchal",36y 298d,India,Top order Batter,2015 - 2021,2019,IPL 2019,SRH,12,11,3,344,83*,43.00,263,130.79,0,3,34,6,7,0,-,-,-,-,-,-,-,-,-,-,"July 17, 2015","December 04, 2020","July 14, 2015","July 23, 2021"
290630,Manish Krishnanand Pandey,"September 10, 1989, Nainital, Uttaranchal",36y 298d,India,Top order Batter,2015 - 2021,2018,IPL 2018,SRH,15,13,2,284,62*,25.81,246,115.44,0,3,22,5,9,0,-,-,-,-,-,-,-,-,-,-,"July 17, 2015","December 04, 2020","July 14, 2015","July 23, 2021"
290630,Manish Krishnanand Pandey,"September 10, 1989, Nainital, Uttaranchal",36y 298d,India,Top order Batter,2015 - 2021,2017,IPL 2017,KKR,14,13,5,396,81*,49.50,308,128.57,0,2,28,12,8,0,-,-,-,-,-,-,-,-,-,-,"July 17, 2015","December 04, 2020","July 14, 2015","July 23, 2021"
290630,Manish Krishnanand Pandey,"September 10, 1989, Nainital, Uttaranchal",36y 298d,India,Top order Batter,2015 - 2021,2016,IPL 2016,KKR,12,11,3,248,52,31.00,183,135.51,0,2,17,9,7,0,-,-,-,-,-,-,-,-,-,-,"July 17, 2015","December 04, 2020","July 14, 2015","July 23, 2021"
290630,Manish Krishnanand Pandey,"September 10, 1989, Nainital, Uttaranchal",36y 298d,India,Top order Batter,2015 - 2021,2015,IPL 2015,KKR,13,12,1,225,40,20.45,184,122.28,0,0,22,7,5,0,-,-,-,-,-,-,-,-,-,-,"July 17, 2015","December 04, 2020","July 14, 2015","July 23, 2021"
290630,Manish Krishnanand Pandey,"September 10, 1989, Nainital, Uttaranchal",36y 298d,India,Top order Batter,2015 - 2021,2014,IPL 2014,KKR,16,16,3,401,94,30.84,340,117.94,0,2,35,10,3,0,-,-,-,-,-,-,-,-,-,-,"July 17, 2015","December 04, 2020","July 14, 2015","July 23, 2021"
290630,Manish Krishnanand Pandey,"September 10, 1989, Nainital, Uttaranchal",36y 298d,India,Top order Batter,2015 - 2021,2013,IPL 2013,PWI,7,7,1,136,66,22.66,137,99.27,0,1,11,3,6,0,-,-,-,-,-,-,-,-,-,-,"July 17, 2015","December 04, 2020","July 14, 2015","July 23, 2021"
290630,Manish Krishnanand Pandey,"September 10, 1989, Nainital, Uttaranchal",36y 298d,India,Top order Batter,2015 - 2021,2012,IPL 2012,PWI,10,9,2,143,80*,20.42,112,127.67,0,1,12,6,3,0,-,-,-,-,-,-,-,-,-,-,"July 17, 2015","December 04, 2020","July 14, 2015","July 23, 2021"
290630,Manish Krishnanand Pandey,"September 10, 1989, Nainital, Uttaranchal",36y 298d,India,Top order Batter,2015 - 2021,2011,IPL 2011,PWI,10,9,0,246,59,27.33,227,108.37,0,1,28,6,5,0,-,-,-,-,-,-,-,-,-,-,"July 17, 2015","December 04, 2020","July 14, 2015","July 23, 2021"
290630,Manish Krishnanand Pandey,"September 10, 1989, Nainital, Uttaranchal",36y 298d,India,Top order Batter,2015 - 2021,2009/10,IPL 2009/10,RCB,13,13,1,249,42*,20.75,226,110.17,0,0,27,7,6,0,-,-,-,-,-,-,-,-,-,-,"July 17, 2015","December 04, 2020","July 14, 2015","July 23, 2021"
290630,Manish Krishnanand Pandey,"September 10, 1989, Nainital, Uttaranchal",36y 298d,India,Top order Batter,2015 - 2021,2009,IPL 2009,RCB,5,4,2,168,114*,84.00,118,142.37,1,0,17,4,4,0,-,-,-,-,-,-,-,-,-,-,"July 17, 2015","December 04, 2020","July 14, 2015","July 23, 2021"
290630,Manish Krishnanand Pandey,"September 10, 1989, Nainital, Uttaranchal",36y 298d,India,Top order Batter,2015 - 2021,2007/08,IPL 2007/08,MI,3,2,0,3,3,1.50,9,33.33,0,0,0,0,0,0,-,-,-,-,-,-,-,-,-,-,"July 17, 2015","December 04, 2020","July 14, 2015","July 23, 2021"
35565,Manoj Kumar Tiwary,"November 14, 1985, Howrah, Bengal",40y 233d,India,Batter,2008 - 2015,2018,IPL 2018,PBKS,5,4,1,47,35,15.66,44,106.81,0,0,4,1,4,0,0,10.00,6,-,-,-,-,0,0,0,"October 29, 2011","September 11, 2012","February 03, 2008","July 14, 2015"
35565,Manoj Kumar Tiwary,"November 14, 1985, Howrah, Bengal",40y 233d,India,Batter,2008 - 2015,2017,IPL 2017,RPS,15,13,3,324,60,32.40,236,137.28,0,2,31,11,6,0,-,-,-,-,-,-,-,-,-,-,"October 29, 2011","September 11, 2012","February 03, 2008","July 14, 2015"
35565,Manoj Kumar Tiwary,"November 14, 1985, Howrah, Bengal",40y 233d,India,Batter,2008 - 2015,2015,IPL 2015,DC,5,3,1,57,32,28.50,56,101.78,0,0,8,1,2,0,-,-,-,-,-,-,-,-,-,-,"October 29, 2011","September 11, 2012","February 03, 2008","July 14, 2015"
35565,Manoj Kumar Tiwary,"November 14, 1985, Howrah, Bengal",40y 233d,India,Batter,2008 - 2015,2014,IPL 2014,DC,8,8,3,152,61*,30.40,118,128.81,0,1,14,4,1,0,0,14.00,12,-,-,-,-,0,0,0,"October 29, 2011","September 11, 2012","February 03, 2008","July 14, 2015"
35565,Manoj Kumar Tiwary,"November 14, 1985, Howrah, Bengal",40y 233d,India,Batter,2008 - 2015,2013,IPL 2013,KKR,10,9,1,146,33,18.25,140,104.28,0,0,12,1,10,0,-,-,-,-,-,-,-,-,-,-,"October 29, 2011","September 11, 2012","February 03, 2008","July 14, 2015"
35565,Manoj Kumar Tiwary,"November 14, 1985, Howrah, Bengal",40y 233d,India,Batter,2008 - 2015,2012,IPL 2012,KKR,16,15,5,260,59,26.00,246,105.69,0,1,21,3,10,0,-,-,-,-,-,-,-,-,-,-,"October 29, 2011","September 11, 2012","February 03, 2008","July 14, 2015"
35565,Manoj Kumar Tiwary,"November 14, 1985, Howrah, Bengal",40y 233d,India,Batter,2008 - 2015,2011,IPL 2011,KKR,15,14,7,359,61*,51.28,325,110.46,0,1,26,14,6,0,0,11.50,12,-,-,-,-,0,0,0,"October 29, 2011","September 11, 2012","February 03, 2008","July 14, 2015"
35565,Manoj Kumar Tiwary,"November 14, 1985, Howrah, Bengal",40y 233d,India,Batter,2008 - 2015,2009/10,IPL 2009/10,KKR,13,11,2,237,75*,26.33,186,127.41,0,2,23,5,4,0,1,11.00,6,1/11,1/11,11.00,6.0,0,0,0,"October 29, 2011","September 11, 2012","February 03, 2008","July 14, 2015"
35565,Manoj Kumar Tiwary,"November 14, 1985, Howrah, Bengal",40y 233d,India,Batter,2008 - 2015,2009,IPL 2009,DC,2,1,0,9,9,9.00,13,69.23,0,0,1,0,0,0,0,11.00,6,-,-,-,-,0,0,0,"October 29, 2011","September 11, 2012","February 03, 2008","July 14, 2015"
35565,Manoj Kumar Tiwary,"November 14, 1985, Howrah, Bengal",40y 233d,India,Batter,2008 - 2015,2007/08,IPL 2007/08,DC,9,7,3,104,39,26.00,85,122.35,0,0,16,0,3,0,-,-,-,-,-,-,-,-,-,-,"October 29, 2011","September 11, 2012","February 03, 2008","July 14, 2015"
27280,Manvinder Sultansingh Bisla,"December 27, 1984, Hisar, Haryana",41y 190d,India,Wicketkeeper,-,2015,IPL 2015,RCB,2,2,0,37,20,18.50,30,123.33,0,0,6,1,1,0,-,-,-,-,-,-,-,-,-,-,,,,
27280,Manvinder Sultansingh Bisla,"December 27, 1984, Hisar, Haryana",41y 190d,India,Wicketkeeper,-,2014,IPL 2014,KKR,1,1,0,3,3,3.00,9,33.33,0,0,0,0,1,0,-,-,-,-,-,-,-,-,-,-,,,,
27280,Manvinder Sultansingh Bisla,"December 27, 1984, Hisar, Haryana",41y 190d,India,Wicketkeeper,-,2013,IPL 2013,KKR,14,14,1,255,92,19.61,236,108.05,0,2,36,6,7,3,-,-,-,-,-,-,-,-,-,-,,,,
27280,Manvinder Sultansingh Bisla,"December 27, 1984, Hisar, Haryana",41y 190d,India,Wicketkeeper,-,2012,IPL 2012,KKR,7,7,0,213,89,30.42,160,133.12,0,1,16,10,6,2,-,-,-,-,-,-,-,-,-,-,,,,
27280,Manvinder Sultansingh Bisla,"December 27, 1984, Hisar, Haryana",41y 190d,India,Wicketkeeper,-,2011,IPL 2011,KKR,5,5,0,72,27,14.40,89,80.89,0,0,8,0,1,2,-,-,-,-,-,-,-,-,-,-,,,,
27280,Manvinder Sultansingh Bisla,"December 27, 1984, Hisar, Haryana",41y 190d,India,Wicketkeeper,-,2009/10,IPL 2009/10,PBKS,10,10,0,218,75,21.80,178,122.47,0,1,27,6,4,0,-,-,-,-,-,-,-,-,-,-,,,,
393279,Marchant de Lange,"October 13, 1990, Tzaneen, Limpopo",35y 265d,South Africa,Bowler,2011 - 2016,2015,IPL 2015,MI,1,-,-,-,-,-,-,-,-,-,-,-,0,0,0,7.50,24,-,-,-,-,0,0,0,"February 19, 2012","October 02, 2015","March 03, 2012","February 03, 2016"
393279,Marchant de Lange,"October 13, 1990, Tzaneen, Limpopo",35y 265d,South Africa,Bowler,2011 - 2016,2014,IPL 2014,MI,1,1,0,1,1,1.00,2,50.00,0,0,0,0,0,0,2,8.00,24,2/32,2/32,16.00,12.0,0,0,0,"February 19, 2012","October 02, 2015","March 03, 2012","February 03, 2016"
393279,Marchant de Lange,"October 13, 1990, Tzaneen, Limpopo",35y 265d,South Africa,Bowler,2011 - 2016,2012,IPL 2012,KKR,3,-,-,-,-,-,-,-,-,-,-,-,0,0,3,10.70,60,3/34,3/34,35.66,20.0,0,0,0,"February 19, 2012","October 02, 2015","March 03, 2012","February 03, 2016"
44111,Mark Verdon Boucher,"December 03, 1976, East London, Cape Province",49y 214d,South Africa,Wicketkeeper Batter,1997 - 2012,2011,IPL 2011,KKR,4,3,2,6,5,6.00,6,100.00,0,0,0,0,1,0,-,-,-,-,-,-,-,-,-,-,"October 21, 2005","May 10, 2010","January 16, 1998","October 28, 2011"
44111,Mark Verdon Boucher,"December 03, 1976, East London, Cape Province",49y 214d,South Africa,Wicketkeeper Batter,1997 - 2012,2009/10,IPL 2009/10,RCB,5,2,1,13,11*,13.00,10,130.00,0,0,0,1,3,2,-,-,-,-,-,-,-,-,-,-,"October 21, 2005","May 10, 2010","January 16, 1998","October 28, 2011"
44111,Mark Verdon Boucher,"December 03, 1976, East London, Cape Province",49y 214d,South Africa,Wicketkeeper Batter,1997 - 2012,2009,IPL 2009,RCB,12,9,4,150,48*,30.00,116,129.31,0,0,8,6,7,0,-,-,-,-,-,-,-,-,-,-,"October 21, 2005","May 10, 2010","January 16, 1998","October 28, 2011"
44111,Mark Verdon Boucher,"December 03, 1976, East London, Cape Province",49y 214d,South Africa,Wicketkeeper Batter,1997 - 2012,2007/08,IPL 2007/08,RCB,10,10,3,225,50*,32.14,177,127.11,0,1,24,6,3,1,-,-,-,-,-,-,-,-,-,-,"October 21, 2005","May 10, 2010","January 16, 1998","October 28, 2011"
56007,Mashrafe Bin Mortaza,"October 05, 1983, Norail, Jessore",42y 273d,Bangladesh,Bowler,2001 - 2020,2009,IPL 2009,KKR,1,1,1,2,2*,-,2,100.00,0,0,0,0,0,0,0,14.50,24,-,-,-,-,0,0,0,"November 28, 2006","April 06, 2017","November 23, 2001","March 06, 2020"
1194795,Matheesha Pathirana,"December 18, 2002, Kandy",23y 199d,Sri Lanka,Bowler,2022 - 2026,2026,IPL 2026,KKR,1,-,-,-,-,-,-,-,-,-,-,-,0,0,0,6.75,8,-,-,-,-,0,0,0,"August 27, 2022","February 16, 2026","June 02, 2023","October 10, 2023"
1194795,Matheesha Pathirana,"December 18, 2002, Kandy",23y 199d,Sri Lanka,Bowler,2022 - 2026,2025,IPL 2025,CSK,12,-,-,-,-,-,-,-,-,-,-,-,3,0,13,10.13,251,3/36,3/36,32.61,19.3,0,0,0,"August 27, 2022","February 16, 2026","June 02, 2023","October 10, 2023"
1194795,Matheesha Pathirana,"December 18, 2002, Kandy",23y 199d,Sri Lanka,Bowler,2022 - 2026,2024,IPL 2024,CSK,6,-,-,-,-,-,-,-,-,-,-,-,1,0,13,7.68,132,4/28,4/28,13.00,10.1,1,0,0,"August 27, 2022","February 16, 2026","June 02, 2023","October 10, 2023"
1194795,Matheesha Pathirana,"December 18, 2002, Kandy",23y 199d,Sri Lanka,Bowler,2022 - 2026,2023,IPL 2023,CSK,12,-,-,-,-,-,-,-,-,-,-,-,4,0,19,8.00,278,3/15,3/15,19.52,14.6,0,0,0,"August 27, 2022","February 16, 2026","June 02, 2023","October 10, 2023"
1194795,Matheesha Pathirana,"December 18, 2002, Kandy",23y 199d,Sri Lanka,Bowler,2022 - 2026,2022,IPL 2022,CSK,2,-,-,-,-,-,-,-,-,-,-,-,1,0,2,7.60,41,2/24,2/24,26.00,20.5,0,0,0,"August 27, 2022","February 16, 2026","June 02, 2023","October 10, 2023"
6033,Mitchell Guy Johnson,"November 02, 1981, Townsville, Queensland",44y 245d,Australia,Bowler,2005 - 2015,2018,IPL 2018,KKR,6,2,2,16,12*,-,11,145.45,0,0,2,0,2,0,2,10.28,126,1/30,1/30,108.00,63.0,0,0,0,"September 12, 2007","August 31, 2013","December 10, 2005","March 29, 2015"
6033,Mitchell Guy Johnson,"November 02, 1981, Townsville, Queensland",44y 245d,Australia,Bowler,2005 - 2015,2017,IPL 2017,MI,5,3,3,20,13*,-,17,117.64,0,0,1,1,1,0,7,7.05,120,3/26,3/26,20.14,17.1,0,0,0,"September 12, 2007","August 31, 2013","December 10, 2005","March 29, 2015"
6033,Mitchell Guy Johnson,"November 02, 1981, Townsville, Queensland",44y 245d,Australia,Bowler,2005 - 2015,2016,IPL 2016,PBKS,3,3,1,5,4,2.50,14,35.71,0,0,0,0,1,0,2,9.63,66,1/35,1/35,53.00,33.0,0,0,0,"September 12, 2007","August 31, 2013","December 10, 2005","March 29, 2015"
6033,Mitchell Guy Johnson,"November 02, 1981, Townsville, Queensland",44y 245d,Australia,Bowler,2005 - 2015,2015,IPL 2015,PBKS,9,8,4,31,13*,7.75,36,86.11,0,0,1,1,0,0,9,9.37,215,2/23,2/23,37.33,23.8,0,0,0,"September 12, 2007","August 31, 2013","December 10, 2005","March 29, 2015"
6033,Mitchell Guy Johnson,"November 02, 1981, Townsville, Queensland",44y 245d,Australia,Bowler,2005 - 2015,2014,IPL 2014,PBKS,14,8,5,56,16*,18.66,50,112.00,0,0,4,3,4,0,17,8.29,321,2/19,2/19,26.11,18.8,0,0,0,"September 12, 2007","August 31, 2013","December 10, 2005","March 29, 2015"
6033,Mitchell Guy Johnson,"November 02, 1981, Townsville, Queensland",44y 245d,Australia,Bowler,2005 - 2015,2013,IPL 2013,MI,17,6,2,39,11,9.75,36,108.33,0,0,2,2,7,0,24,7.17,384,3/27,3/27,19.12,16.0,0,0,0,"September 12, 2007","August 31, 2013","December 10, 2005","March 29, 2015"
311592,Mitchell Aaron Starc,"January 30, 1990, Baulkham Hills, Sydney, New South Wales",36y 156d,Australia,Bowler,2010 - 2026,2026,IPL 2026,DC,6,2,1,0,0*,0.00,2,0.00,0,0,0,0,4,0,11,10.18,132,4/40,4/40,20.36,12.0,1,0,0,"September 07, 2012","June 24, 2024","October 20, 2010","October 25, 2025"
311592,Mitchell Aaron Starc,"January 30, 1990, Baulkham Hills, Sydney, New South Wales",36y 156d,Australia,Bowler,2010 - 2026,2025,IPL 2025,DC,11,6,4,6,2*,3.00,10,60.00,0,0,0,0,7,0,14,10.16,216,5/35,5/35,26.14,15.4,0,1,0,"September 07, 2012","June 24, 2024","October 20, 2010","October 25, 2025"
311592,Mitchell Aaron Starc,"January 30, 1990, Baulkham Hills, Sydney, New South Wales",36y 156d,Australia,Bowler,2010 - 2026,2024,IPL 2024,KKR,14,5,3,9,6*,4.50,11,81.81,0,0,1,0,6,0,17,10.61,251,4/33,4/33,26.11,14.7,1,0,0,"September 07, 2012","June 24, 2024","October 20, 2010","October 25, 2025"
311592,Mitchell Aaron Starc,"January 30, 1990, Baulkham Hills, Sydney, New South Wales",36y 156d,Australia,Bowler,2010 - 2026,2015,IPL 2015,RCB,13,3,2,11,9*,11.00,14,78.57,0,0,1,0,7,0,20,6.76,258,4/15,4/15,14.55,12.9,1,0,0,"September 07, 2012","June 24, 2024","October 20, 2010","October 25, 2025"
311592,Mitchell Aaron Starc,"January 30, 1990, Baulkham Hills, Sydney, New South Wales",36y 156d,Australia,Bowler,2010 - 2026,2014,IPL 2014,RCB,14,9,3,85,29,14.16,84,101.19,0,0,9,0,9,0,14,7.49,322,2/21,2/21,28.71,23.0,0,0,0,"September 07, 2012","June 24, 2024","October 20, 2010","October 25, 2025"
8917,Moeen Munir Ali,"June 18, 1987, Birmingham",39y 17d,England,Batting Allrounder,2014 - 2024,2025,IPL 2025,KKR,6,2,0,5,5,2.50,14,35.71,0,0,0,0,2,0,6,8.50,96,2/23,2/23,22.66,16.0,0,0,0,"March 11, 2014","June 27, 2024","February 28, 2014","November 11, 2023"
8917,Moeen Munir Ali,"June 18, 1987, Birmingham",39y 17d,England,Batting Allrounder,2014 - 2024,2024,IPL 2024,CSK,8,5,0,128,56,25.60,98,130.61,0,1,7,8,2,0,2,8.87,48,2/23,2/23,35.50,24.0,0,0,0,"March 11, 2014","June 27, 2024","February 28, 2014","November 11, 2023"
8917,Moeen Munir Ali,"June 18, 1987, Birmingham",39y 17d,England,Batting Allrounder,2014 - 2024,2023,IPL 2023,CSK,15,10,3,124,23,17.71,91,136.26,0,0,12,6,4,0,9,7.50,156,4/26,4/26,21.66,17.3,1,0,0,"March 11, 2014","June 27, 2024","February 28, 2014","November 11, 2023"
8917,Moeen Munir Ali,"June 18, 1987, Birmingham",39y 17d,England,Batting Allrounder,2014 - 2024,2022,IPL 2022,CSK,10,10,0,244,93,24.40,177,137.85,0,1,24,11,5,0,8,6.62,143,3/13,3/13,19.75,17.8,0,0,0,"March 11, 2014","June 27, 2024","February 28, 2014","November 11, 2023"
8917,Moeen Munir Ali,"June 18, 1987, Birmingham",39y 17d,England,Batting Allrounder,2014 - 2024,2021,IPL 2021,CSK,15,15,1,357,58,25.50,260,137.30,0,1,31,19,7,0,6,6.35,152,3/7,3/7,26.83,25.3,0,0,0,"March 11, 2014","June 27, 2024","February 28, 2014","November 11, 2023"
8917,Moeen Munir Ali,"June 18, 1987, Birmingham",39y 17d,England,Batting Allrounder,2014 - 2024,2020/21,IPL 2020/21,RCB,3,3,0,12,11,4.00,16,75.00,0,0,1,0,1,0,1,8.40,30,1/21,1/21,42.00,30.0,0,0,0,"March 11, 2014","June 27, 2024","February 28, 2014","November 11, 2023"
8917,Moeen Munir Ali,"June 18, 1987, Birmingham",39y 17d,England,Batting Allrounder,2014 - 2024,2019,IPL 2019,RCB,11,10,2,220,66,27.50,133,165.41,0,2,16,17,1,0,6,6.76,150,2/18,2/18,28.16,25.0,0,0,0,"March 11, 2014","June 27, 2024","February 28, 2014","November 11, 2023"
8917,Moeen Munir Ali,"June 18, 1987, Birmingham",39y 17d,England,Batting Allrounder,2014 - 2024,2018,IPL 2018,RCB,5,4,0,77,65,19.25,46,167.39,0,1,4,6,2,0,3,7.36,79,1/13,1/13,32.33,26.3,0,0,0,"March 11, 2014","June 27, 2024","February 28, 2014","November 11, 2023"
41434,Mohammad Hafeez,"October 17, 1980, Sargodha, Punjab",45y 261d,Pakistan,Allrounder,2003 - 2021,2007/08,IPL 2007/08,KKR,8,8,1,64,16,9.14,83,77.10,0,0,7,2,1,0,2,6.80,60,1/8,1/8,34.00,30.0,0,0,0,"August 28, 2006","November 11, 2021","April 03, 2003","July 05, 2019"
481896,Mohammed Shami Ahmed,"September 03, 1990, Amroha, Uttar Pradesh",35y 305d,India,Bowler,2013 - 2025,2026,IPL 2026,LSG,13,7,2,31,12*,6.20,22,140.90,0,0,2,3,3,0,12,9.00,306,2/9,2/9,38.25,25.5,0,0,0,"March 21, 2014","February 02, 2025","January 06, 2013","March 09, 2025"
481896,Mohammed Shami Ahmed,"September 03, 1990, Amroha, Uttar Pradesh",35y 305d,India,Bowler,2013 - 2025,2025,IPL 2025,SRH,9,4,3,10,6*,10.00,10,100.00,0,0,1,0,2,0,6,11.23,180,2/28,2/28,56.16,30.0,0,0,0,"March 21, 2014","February 02, 2025","January 06, 2013","March 09, 2025"
481896,Mohammed Shami Ahmed,"September 03, 1990, Amroha, Uttar Pradesh",35y 305d,India,Bowler,2013 - 2025,2023,IPL 2023,GT,17,2,0,5,5,2.50,6,83.33,0,0,1,0,5,0,28,8.03,390,4/11,4/11,18.64,13.9,2,0,0,"March 21, 2014","February 02, 2025","January 06, 2013","March 09, 2025"
481896,Mohammed Shami Ahmed,"September 03, 1990, Amroha, Uttar Pradesh",35y 305d,India,Bowler,2013 - 2025,2022,IPL 2022,GT,16,-,-,-,-,-,-,-,-,-,-,-,3,0,20,8.00,366,3/25,3/25,24.40,18.3,0,0,0,"March 21, 2014","February 02, 2025","January 06, 2013","March 09, 2025"
481896,Mohammed Shami Ahmed,"September 03, 1990, Amroha, Uttar Pradesh",35y 305d,India,Bowler,2013 - 2025,2021,IPL 2021,PBKS,14,4,3,13,9*,13.00,17,76.47,0,0,0,0,1,0,19,7.50,316,3/21,3/21,20.78,16.6,0,0,0,"March 21, 2014","February 02, 2025","January 06, 2013","March 09, 2025"
481896,Mohammed Shami Ahmed,"September 03, 1990, Amroha, Uttar Pradesh",35y 305d,India,Bowler,2013 - 2025,2020/21,IPL 2020/21,PBKS,14,3,2,2,2*,2.00,3,66.66,0,0,0,0,2,0,20,8.57,322,3/15,3/15,23.00,16.1,0,0,0,"March 21, 2014","February 02, 2025","January 06, 2013","March 09, 2025"
481896,Mohammed Shami Ahmed,"September 03, 1990, Amroha, Uttar Pradesh",35y 305d,India,Bowler,2013 - 2025,2019,IPL 2019,PBKS,14,2,1,1,1*,1.00,2,50.00,0,0,0,0,5,0,19,8.68,324,3/21,3/21,24.68,17.0,0,0,0,"March 21, 2014","February 02, 2025","January 06, 2013","March 09, 2025"
481896,Mohammed Shami Ahmed,"September 03, 1990, Amroha, Uttar Pradesh",35y 305d,India,Bowler,2013 - 2025,2018,IPL 2018,DC,4,1,0,7,7,7.00,6,116.66,0,0,1,0,2,0,3,10.40,83,1/29,1/29,48.00,27.6,0,0,0,"March 21, 2014","February 02, 2025","January 06, 2013","March 09, 2025"
481896,Mohammed Shami Ahmed,"September 03, 1990, Amroha, Uttar Pradesh",35y 305d,India,Bowler,2013 - 2025,2017,IPL 2017,DC,8,6,2,36,21,9.00,24,150.00,0,0,4,2,0,0,5,9.34,156,2/36,2/36,48.60,31.2,0,0,0,"March 21, 2014","February 02, 2025","January 06, 2013","March 09, 2025"
481896,Mohammed Shami Ahmed,"September 03, 1990, Amroha, Uttar Pradesh",35y 305d,India,Bowler,2013 - 2025,2016,IPL 2016,DC,8,2,2,2,2*,-,4,50.00,0,0,0,0,1,0,5,9.69,151,2/34,2/34,48.80,30.2,0,0,0,"March 21, 2014","February 02, 2025","January 06, 2013","March 09, 2025"
481896,Mohammed Shami Ahmed,"September 03, 1990, Amroha, Uttar Pradesh",35y 305d,India,Bowler,2013 - 2025,2014,IPL 2014,DC,12,4,2,3,1*,1.50,7,42.85,0,0,0,0,0,0,7,8.38,264,1/22,1/22,52.71,37.7,0,0,0,"March 21, 2014","February 02, 2025","January 06, 2013","March 09, 2025"
481896,Mohammed Shami Ahmed,"September 03, 1990, Amroha, Uttar Pradesh",35y 305d,India,Bowler,2013 - 2025,2013,IPL 2013,KKR,3,1,0,5,5,5.00,10,50.00,0,0,0,0,0,0,1,8.66,54,1/32,1/32,78.00,54.0,0,0,0,"March 21, 2014","February 02, 2025","January 06, 2013","March 09, 2025"
240734,Mohnish Bipinbhai Parmar,"April 12, 1988, Gandhinagar, Gujarat",38y 84d,India,,-,2009/10,IPL 2009/10,KKR,1,-,-,-,-,-,-,-,-,-,-,-,0,0,0,11.00,18,-,-,-,-,0,0,0,,,,
5961,Moises Constantino Henriques,"February 01, 1987, Funchal, Portugal",39y 154d,Australia,Allrounder,2009 - 2021,2021,IPL 2021,PBKS,5,4,2,31,14,15.50,32,96.87,0,0,0,1,1,0,4,4.50,60,3/12,3/12,11.25,15.0,0,0,0,"February 15, 2009","August 09, 2021","October 31, 2009","July 26, 2021"
5961,Moises Constantino Henriques,"February 01, 1987, Funchal, Portugal",39y 154d,Australia,Allrounder,2009 - 2021,2017,IPL 2017,SRH,12,11,5,277,55*,46.16,203,136.45,0,3,28,4,5,0,1,10.33,144,1/6,1/6,248.00,144.0,0,0,0,"February 15, 2009","August 09, 2021","October 31, 2009","July 26, 2021"
5961,Moises Constantino Henriques,"February 01, 1987, Funchal, Portugal",39y 154d,Australia,Allrounder,2009 - 2021,2016,IPL 2016,SRH,17,15,3,182,31*,15.16,158,115.18,0,0,15,6,11,0,12,7.98,312,2/17,2/17,34.58,26.0,0,0,0,"February 15, 2009","August 09, 2021","October 31, 2009","July 26, 2021"
5961,Moises Constantino Henriques,"February 01, 1987, Funchal, Portugal",39y 154d,Australia,Allrounder,2009 - 2021,2015,IPL 2015,SRH,9,9,2,287,74*,41.00,211,136.01,0,2,19,13,1,0,11,6.32,150,3/16,3/16,14.36,13.6,0,0,0,"February 15, 2009","August 09, 2021","October 31, 2009","July 26, 2021"
5961,Moises Constantino Henriques,"February 01, 1987, Funchal, Portugal",39y 154d,Australia,Allrounder,2009 - 2021,2014,IPL 2014,SRH,4,2,0,9,9,4.50,14,64.28,0,0,1,0,1,0,4,9.60,60,2/26,2/26,24.00,15.0,0,0,0,"February 15, 2009","August 09, 2021","October 31, 2009","July 26, 2021"
5961,Moises Constantino Henriques,"February 01, 1987, Funchal, Portugal",39y 154d,Australia,Allrounder,2009 - 2021,2013,IPL 2013,RCB,10,9,5,165,44,41.25,125,132.00,0,0,20,3,5,0,7,8.74,127,2/14,2/14,26.42,18.1,0,0,0,"February 15, 2009","August 09, 2021","October 31, 2009","July 26, 2021"
5961,Moises Constantino Henriques,"February 01, 1987, Funchal, Portugal",39y 154d,Australia,Allrounder,2009 - 2021,2009/10,IPL 2009/10,DC,1,1,0,11,11,11.00,5,220.00,0,0,2,0,1,0,1,8.75,24,1/35,1/35,35.00,24.0,0,0,0,"February 15, 2009","August 09, 2021","October 31, 2009","July 26, 2021"
5961,Moises Constantino Henriques,"February 01, 1987, Funchal, Portugal",39y 154d,Australia,Allrounder,2009 - 2021,2009,IPL 2009,KKR,4,3,1,38,30*,19.00,40,95.00,0,0,2,1,3,0,2,8.79,73,1/32,1/32,53.50,36.5,0,0,0,"February 15, 2009","August 09, 2021","October 31, 2009","July 26, 2021"
46538,Morne Morkel,"October 06, 1984, Vereeniging, Transvaal",41y 272d,South Africa,Bowler,2006 - 2018,2016,IPL 2016,KKR,10,2,2,1,1*,-,1,100.00,0,0,0,0,0,0,10,8.36,213,2/27,2/27,29.70,21.3,0,0,0,"September 11, 2007","September 15, 2017","June 06, 2007","February 16, 2018"
46538,Morne Morkel,"October 06, 1984, Vereeniging, Transvaal",41y 272d,South Africa,Bowler,2006 - 2018,2015,IPL 2015,KKR,7,1,1,4,4*,-,3,133.33,0,0,0,0,1,0,10,7.35,168,2/18,2/18,20.60,16.8,0,0,0,"September 11, 2007","September 15, 2017","June 06, 2007","February 16, 2018"
46538,Morne Morkel,"October 06, 1984, Vereeniging, Transvaal",41y 272d,South Africa,Bowler,2006 - 2018,2014,IPL 2014,KKR,12,2,2,4,4*,-,3,133.33,0,0,0,0,6,0,12,7.64,288,2/20,2/20,30.58,24.0,0,0,0,"September 11, 2007","September 15, 2017","June 06, 2007","February 16, 2018"
46538,Morne Morkel,"October 06, 1984, Vereeniging, Transvaal",41y 272d,South Africa,Bowler,2006 - 2018,2013,IPL 2013,DC,10,6,1,57,23*,11.40,29,196.55,0,0,6,2,0,0,7,8.37,240,2/27,2/27,47.85,34.2,0,0,0,"September 11, 2007","September 15, 2017","June 06, 2007","February 16, 2018"
46538,Morne Morkel,"October 06, 1984, Vereeniging, Transvaal",41y 272d,South Africa,Bowler,2006 - 2018,2012,IPL 2012,DC,16,4,2,3,2*,1.50,5,60.00,0,0,0,0,1,0,25,7.19,378,4/20,4/20,18.12,15.1,1,0,0,"September 11, 2007","September 15, 2017","June 06, 2007","February 16, 2018"
46538,Morne Morkel,"October 06, 1984, Vereeniging, Transvaal",41y 272d,South Africa,Bowler,2006 - 2018,2011,IPL 2011,DC,11,5,3,40,16*,20.00,25,160.00,0,0,3,2,1,0,13,7.55,258,3/18,3/18,25.00,19.8,0,0,0,"September 11, 2007","September 15, 2017","June 06, 2007","February 16, 2018"
46538,Morne Morkel,"October 06, 1984, Vereeniging, Transvaal",41y 272d,South Africa,Bowler,2006 - 2018,2009/10,IPL 2009/10,RR,2,2,1,9,7*,9.00,16,56.25,0,0,1,0,1,0,0,9.42,42,-,-,-,-,0,0,0,"September 11, 2007","September 15, 2017","June 06, 2007","February 16, 2018"
46538,Morne Morkel,"October 06, 1984, Vereeniging, Transvaal",41y 272d,South Africa,Bowler,2006 - 2018,2009,IPL 2009,RR,2,1,0,8,8,8.00,8,100.00,0,0,1,0,1,0,0,5.71,42,-,-,-,-,0,0,0,"September 11, 2007","September 15, 2017","June 06, 2007","February 16, 2018"
47711,Morne Nico van Wyk,"March 20, 1979, Bloemfontein, Orange Free State",47y 107d,South Africa,Wicketkeeper Batter,2003 - 2015,2009,IPL 2009,KKR,5,5,2,167,74,55.66,132,126.51,0,1,19,1,7,0,-,-,-,-,-,-,-,-,-,-,"February 02, 2007","August 16, 2015","July 12, 2003","August 26, 2015"
30049,Murali Kartik,"September 11, 1976, Madras (now Chennai), Tamil Nadu",49y 297d,India,Bowler,2000 - 2007,2014,IPL 2014,PBKS,2,-,-,-,-,-,-,-,-,-,-,-,1,0,1,11.37,48,1/51,1/51,91.00,48.0,0,0,0,"India vs South Africa  at Wankhede - February 24 - 26, 2000","India vs South Africa  at Kanpur - November 20 - 24, 2004","March 16, 2002","November 18, 2007"
30049,Murali Kartik,"September 11, 1976, Madras (now Chennai), Tamil Nadu",49y 297d,India,Bowler,2000 - 2007,2013,IPL 2013,RCB,11,2,1,2,2*,2.00,3,66.66,0,0,0,0,4,0,9,7.28,234,2/24,2/24,31.55,26.0,0,0,0,"India vs South Africa  at Wankhede - February 24 - 26, 2000","India vs South Africa  at Kanpur - November 20 - 24, 2004","March 16, 2002","November 18, 2007"
30049,Murali Kartik,"September 11, 1976, Madras (now Chennai), Tamil Nadu",49y 297d,India,Bowler,2000 - 2007,2012,IPL 2012,PWI,11,4,4,26,14*,-,21,123.80,0,0,1,1,4,0,4,7.38,216,2/14,2/14,66.50,54.0,0,0,0,"India vs South Africa  at Wankhede - February 24 - 26, 2000","India vs South Africa  at Kanpur - November 20 - 24, 2004","March 16, 2002","November 18, 2007"
30049,Murali Kartik,"September 11, 1976, Madras (now Chennai), Tamil Nadu",49y 297d,India,Bowler,2000 - 2007,2011,IPL 2011,PWI,6,3,2,12,11,12.00,15,80.00,0,0,1,0,1,0,1,7.90,126,1/27,1/27,166.00,126.0,0,0,0,"India vs South Africa  at Wankhede - February 24 - 26, 2000","India vs South Africa  at Kanpur - November 20 - 24, 2004","March 16, 2002","November 18, 2007"
30049,Murali Kartik,"September 11, 1976, Madras (now Chennai), Tamil Nadu",49y 297d,India,Bowler,2000 - 2007,2009/10,IPL 2009/10,KKR,10,2,0,22,21,11.00,22,100.00,0,0,2,0,5,0,9,6.48,234,2/20,2/20,28.11,26.0,0,0,0,"India vs South Africa  at Wankhede - February 24 - 26, 2000","India vs South Africa  at Kanpur - November 20 - 24, 2004","March 16, 2002","November 18, 2007"
30049,Murali Kartik,"September 11, 1976, Madras (now Chennai), Tamil Nadu",49y 297d,India,Bowler,2000 - 2007,2009,IPL 2009,KKR,10,2,2,21,11*,-,20,105.00,0,0,0,0,1,0,4,5.91,204,2/28,2/28,50.25,51.0,0,0,0,"India vs South Africa  at Wankhede - February 24 - 26, 2000","India vs South Africa  at Kanpur - November 20 - 24, 2004","March 16, 2002","November 18, 2007"
30049,Murali Kartik,"September 11, 1976, Madras (now Chennai), Tamil Nadu",49y 297d,India,Bowler,2000 - 2007,2007/08,IPL 2007/08,KKR,6,3,0,30,17,10.00,27,111.11,0,0,3,0,4,0,3,8.65,88,3/17,3/17,42.33,29.3,0,0,0,"India vs South Africa  at Wankhede - February 24 - 26, 2000","India vs South Africa  at Kanpur - November 20 - 24, 2004","March 16, 2002","November 18, 2007"
1048813,Narayan Jagadeesan,"December 24, 1995, Coimbatore, Tamil Nadu",30y 193d,India,Wicketkeeper Batter,-,2023,IPL 2023,KKR,6,6,0,89,36,14.83,81,109.87,0,0,14,1,1,0,-,-,-,-,-,-,-,-,-,-,,,,
1048813,Narayan Jagadeesan,"December 24, 1995, Coimbatore, Tamil Nadu",30y 193d,India,Wicketkeeper Batter,-,2022,IPL 2022,CSK,2,2,1,40,39*,40.00,37,108.10,0,0,3,1,0,0,-,-,-,-,-,-,-,-,-,-,,,,
1048813,Narayan Jagadeesan,"December 24, 1995, Coimbatore, Tamil Nadu",30y 193d,India,Wicketkeeper Batter,-,2020/21,IPL 2020/21,CSK,5,2,0,33,33,16.50,29,113.79,0,0,4,0,0,0,-,-,-,-,-,-,-,-,-,-,,,,
261354,Nathan Mitchell Coulter-Nile,"October 11, 1987, Osborne Park, Western Australia",38y 267d,Australia,Bowling Allrounder,2013 - 2019,2022,IPL 2022,RR,1,1,1,1,1*,-,2,50.00,0,0,0,0,0,0,0,16.00,18,-,-,-,-,0,0,0,"February 13, 2013","February 27, 2019","September 14, 2013","June 20, 2019"
261354,Nathan Mitchell Coulter-Nile,"October 11, 1987, Osborne Park, Western Australia",38y 267d,Australia,Bowling Allrounder,2013 - 2019,2021,IPL 2021,MI,5,2,0,4,3,2.00,5,80.00,0,0,0,0,2,0,7,6.35,120,4/14,4/14,18.14,17.1,1,0,0,"February 13, 2013","February 27, 2019","September 14, 2013","June 20, 2019"
261354,Nathan Mitchell Coulter-Nile,"October 11, 1987, Osborne Park, Western Australia",38y 267d,Australia,Bowling Allrounder,2013 - 2019,2020/21,IPL 2020/21,MI,7,2,1,25,24*,25.00,15,166.66,0,0,4,0,2,0,5,7.92,156,2/29,2/29,41.20,31.2,0,0,0,"February 13, 2013","February 27, 2019","September 14, 2013","June 20, 2019"
261354,Nathan Mitchell Coulter-Nile,"October 11, 1987, Osborne Park, Western Australia",38y 267d,Australia,Bowling Allrounder,2013 - 2019,2017,IPL 2017,KKR,8,3,0,14,6,4.66,12,116.66,0,0,0,2,2,0,15,8.04,170,3/20,3/20,15.20,11.3,0,0,0,"February 13, 2013","February 27, 2019","September 14, 2013","June 20, 2019"
261354,Nathan Mitchell Coulter-Nile,"October 11, 1987, Osborne Park, Western Australia",38y 267d,Australia,Bowling Allrounder,2013 - 2019,2016,IPL 2016,DC,4,2,2,9,7*,-,14,64.28,0,0,1,0,0,0,3,7.60,90,2/25,2/25,38.00,30.0,0,0,0,"February 13, 2013","February 27, 2019","September 14, 2013","June 20, 2019"
261354,Nathan Mitchell Coulter-Nile,"October 11, 1987, Osborne Park, Western Australia",38y 267d,Australia,Bowling Allrounder,2013 - 2019,2015,IPL 2015,DC,11,5,1,20,6,5.00,18,111.11,0,0,2,1,5,0,15,7.55,255,4/20,4/20,21.40,17.0,1,0,0,"February 13, 2013","February 27, 2019","September 14, 2013","June 20, 2019"
261354,Nathan Mitchell Coulter-Nile,"October 11, 1987, Osborne Park, Western Australia",38y 267d,Australia,Bowling Allrounder,2013 - 2019,2014,IPL 2014,DC,2,1,1,0,0*,-,0,-,0,0,0,0,0,0,2,6.75,24,2/27,2/27,13.50,12.0,0,0,0,"February 13, 2013","February 27, 2019","September 14, 2013","June 20, 2019"
261354,Nathan Mitchell Coulter-Nile,"October 11, 1987, Osborne Park, Western Australia",38y 267d,Australia,Bowling Allrounder,2013 - 2019,2013,IPL 2013,MI,1,1,0,9,9,9.00,6,150.00,0,0,0,1,1,0,1,7.25,24,1/29,1/29,29.00,24.0,0,0,0,"February 13, 2013","February 27, 2019","September 14, 2013","June 20, 2019"
700167,Navdeep Amarjeet Saini,"November 23, 1992, Karnal, Haryana",33y 224d,India,Bowler,2019 - 2021,2026,IPL 2026,KKR,2,-,-,-,-,-,-,-,-,-,-,-,0,0,0,12.33,18,-,-,-,-,0,0,0,"August 03, 2019","July 28, 2021","December 22, 2019","July 23, 2021"
700167,Navdeep Amarjeet Saini,"November 23, 1992, Karnal, Haryana",33y 224d,India,Bowler,2019 - 2021,2023,IPL 2023,RR,2,-,-,-,-,-,-,-,-,-,-,-,0,0,3,12.33,36,3/40,3/40,24.66,12.0,0,0,0,"August 03, 2019","July 28, 2021","December 22, 2019","July 23, 2021"
700167,Navdeep Amarjeet Saini,"November 23, 1992, Karnal, Haryana",33y 224d,India,Bowler,2019 - 2021,2022,IPL 2022,RR,2,1,0,2,2,2.00,2,100.00,0,0,0,0,2,0,3,12.00,36,2/36,2/36,24.00,12.0,0,0,0,"August 03, 2019","July 28, 2021","December 22, 2019","July 23, 2021"
700167,Navdeep Amarjeet Saini,"November 23, 1992, Karnal, Haryana",33y 224d,India,Bowler,2019 - 2021,2021,IPL 2021,RCB,2,1,0,2,2,2.00,4,50.00,0,0,0,0,1,0,0,13.00,24,-,-,-,-,0,0,0,"August 03, 2019","July 28, 2021","December 22, 2019","July 23, 2021"
700167,Navdeep Amarjeet Saini,"November 23, 1992, Karnal, Haryana",33y 224d,India,Bowler,2019 - 2021,2020/21,IPL 2020/21,RCB,13,3,2,27,12*,27.00,27,100.00,0,0,3,0,2,0,6,8.29,274,2/25,2/25,63.16,45.6,0,0,0,"August 03, 2019","July 28, 2021","December 22, 2019","July 23, 2021"
700167,Navdeep Amarjeet Saini,"November 23, 1992, Karnal, Haryana",33y 224d,India,Bowler,2019 - 2021,2019,IPL 2019,RCB,13,2,1,2,2,2.00,4,50.00,0,0,0,0,3,0,11,8.27,288,2/24,2/24,36.09,26.1,0,0,0,"August 03, 2019","July 28, 2021","December 22, 2019","July 23, 2021"
554700,Nikhil Shankar Naik,"November 09, 1994, Savantwadi, Maharashtra",31y 238d,India,Wicketkeeper Batter,-,2020/21,IPL 2020/21,KKR,1,1,0,1,1,1.00,3,33.33,0,0,0,0,1,0,-,-,-,-,-,-,-,-,-,-,,,,
554700,Nikhil Shankar Naik,"November 09, 1994, Savantwadi, Maharashtra",31y 238d,India,Wicketkeeper Batter,-,2019,IPL 2019,KKR,1,1,0,7,7,7.00,16,43.75,0,0,1,0,0,0,-,-,-,-,-,-,-,-,-,-,,,,
554700,Nikhil Shankar Naik,"November 09, 1994, Savantwadi, Maharashtra",31y 238d,India,Wicketkeeper Batter,-,2016,IPL 2016,PBKS,2,2,0,23,22,11.50,31,74.19,0,0,1,0,2,0,-,-,-,-,-,-,-,-,-,-,,,,
604527,Nitish Rana,"December 27, 1993, Delhi",32y 190d,India,Middle order Batter,2021 - 2021,2026,IPL 2026,DC,9,9,0,225,91,25.00,149,151.00,0,2,27,10,3,0,0,13.75,24,-,-,-,-,0,0,0,"July 28, 2021","July 29, 2021","July 23, 2021","July 28, 2021"
604527,Nitish Rana,"December 27, 1993, Delhi",32y 190d,India,Middle order Batter,2021 - 2021,2025,IPL 2025,RR,11,11,1,217,81,21.70,134,161.94,0,2,27,9,2,0,0,9.00,12,-,-,-,-,0,0,0,"July 28, 2021","July 29, 2021","July 23, 2021","July 28, 2021"
604527,Nitish Rana,"December 27, 1993, Delhi",32y 190d,India,Middle order Batter,2021 - 2021,2024,IPL 2024,KKR,2,2,0,42,33,21.00,34,123.52,0,0,5,1,0,0,-,-,-,-,-,-,-,-,-,-,"July 28, 2021","July 29, 2021","July 23, 2021","July 28, 2021"
604527,Nitish Rana,"December 27, 1993, Delhi",32y 190d,India,Middle order Batter,2021 - 2021,2023,IPL 2023,KKR,14,14,1,413,75,31.76,293,140.95,0,3,39,20,3,0,3,8.49,53,2/17,2/17,25.00,17.6,0,0,0,"July 28, 2021","July 29, 2021","July 23, 2021","July 28, 2021"
604527,Nitish Rana,"December 27, 1993, Delhi",32y 190d,India,Middle order Batter,2021 - 2021,2022,IPL 2022,KKR,14,14,1,361,57,27.76,251,143.82,0,2,29,22,6,0,0,11.50,12,-,-,-,-,0,0,0,"July 28, 2021","July 29, 2021","July 23, 2021","July 28, 2021"
604527,Nitish Rana,"December 27, 1993, Delhi",32y 190d,India,Middle order Batter,2021 - 2021,2021,IPL 2021,KKR,17,16,3,383,80,29.46,314,121.97,0,2,34,17,4,0,0,6.00,12,-,-,-,-,0,0,0,"July 28, 2021","July 29, 2021","July 23, 2021","July 28, 2021"
604527,Nitish Rana,"December 27, 1993, Delhi",32y 190d,India,Middle order Batter,2021 - 2021,2020/21,IPL 2020/21,KKR,14,14,0,352,87,25.14,254,138.58,0,3,43,12,2,0,0,11.50,12,-,-,-,-,0,0,0,"July 28, 2021","July 29, 2021","July 23, 2021","July 28, 2021"
604527,Nitish Rana,"December 27, 1993, Delhi",32y 190d,India,Middle order Batter,2021 - 2021,2019,IPL 2019,KKR,14,11,1,344,85*,34.40,235,146.38,0,3,27,21,3,0,3,9.00,48,1/8,1/8,24.00,16.0,0,0,0,"July 28, 2021","July 29, 2021","July 23, 2021","July 28, 2021"
604527,Nitish Rana,"December 27, 1993, Delhi",32y 190d,India,Middle order Batter,2021 - 2021,2018,IPL 2018,KKR,15,15,2,304,59,23.38,232,131.03,0,1,26,14,2,0,4,7.13,37,2/11,2/11,11.00,9.2,0,0,0,"July 28, 2021","July 29, 2021","July 23, 2021","July 28, 2021"
604527,Nitish Rana,"December 27, 1993, Delhi",32y 190d,India,Middle order Batter,2021 - 2021,2017,IPL 2017,MI,13,12,1,333,62*,30.27,264,126.13,0,3,24,17,4,0,-,-,-,-,-,-,-,-,-,-,"July 28, 2021","July 29, 2021","July 23, 2021","July 28, 2021"
604527,Nitish Rana,"December 27, 1993, Delhi",32y 190d,India,Middle order Batter,2021 - 2021,2016,IPL 2016,MI,4,3,0,104,70,34.66,75,138.66,0,1,7,8,0,0,0,3.00,6,-,-,-,-,0,0,0,"July 28, 2021","July 29, 2021","July 23, 2021","July 28, 2021"
20123,Owais Alam Shah,"October 22, 1978, Karachi, Sind, Pakistan",47y 256d,England,Batter,2001 - 2009,2013,IPL 2013,RR,2,2,0,25,24,12.50,23,108.69,0,0,2,0,0,0,-,-,-,-,-,-,-,-,-,-,"June 28, 2007","August 30, 2009","June 10, 2001","October 02, 2009"
20123,Owais Alam Shah,"October 22, 1978, Karachi, Sind, Pakistan",47y 256d,England,Batter,2001 - 2009,2012,IPL 2012,RR,13,13,4,340,76,37.77,256,132.81,0,3,24,16,5,0,-,-,-,-,-,-,-,-,-,-,"June 28, 2007","August 30, 2009","June 10, 2001","October 02, 2009"
20123,Owais Alam Shah,"October 22, 1978, Karachi, Sind, Pakistan",47y 256d,England,Batter,2001 - 2009,2011,IPL 2011,Kochi,3,2,0,26,23,13.00,15,173.33,0,0,1,2,2,0,-,-,-,-,-,-,-,-,-,-,"June 28, 2007","August 30, 2009","June 10, 2001","October 02, 2009"
20123,Owais Alam Shah,"October 22, 1978, Karachi, Sind, Pakistan",47y 256d,England,Batter,2001 - 2009,2009/10,IPL 2009/10,KKR,5,5,3,115,58*,57.50,95,121.05,0,1,7,5,0,0,-,-,-,-,-,-,-,-,-,-,"June 28, 2007","August 30, 2009","June 10, 2001","October 02, 2009"
28160,Paras Dogra,"November 19, 1984, Palampur, Himachal Pradesh",41y 228d,India,Batter,-,2013,IPL 2013,KKR,1,1,0,5,5,5.00,8,62.50,0,0,0,0,1,0,-,-,-,-,-,-,-,-,-,-,,,,
28160,Paras Dogra,"November 19, 1984, Palampur, Himachal Pradesh",41y 228d,India,Batter,-,2012,IPL 2012,PBKS,3,3,1,15,6,7.50,24,62.50,0,0,0,0,1,0,-,-,-,-,-,-,-,-,-,-,,,,
28160,Paras Dogra,"November 19, 1984, Palampur, Himachal Pradesh",41y 228d,India,Batter,-,2009/10,IPL 2009/10,RR,9,8,0,107,41,13.37,106,100.94,0,0,4,5,2,0,-,-,-,-,-,-,-,-,-,-,,,,
489889,Patrick James Cummins,"May 08, 1993, Westmead, Sydney",33y 58d,Australia,Bowler,2011 - 2025,2026,IPL 2026,SRH,8,3,0,30,19,10.00,19,157.89,0,0,1,3,2,0,8,9.59,192,3/28,3/28,38.37,24.0,0,0,0,"October 13, 2011","June 24, 2024","October 19, 2011","November 08, 2024"
489889,Patrick James Cummins,"May 08, 1993, Westmead, Sydney",33y 58d,Australia,Bowler,2011 - 2025,2025,IPL 2025,SRH,14,9,5,97,22*,24.25,58,167.24,0,0,6,7,5,0,16,9.06,298,3/19,3/19,28.12,18.6,0,0,0,"October 13, 2011","June 24, 2024","October 19, 2011","November 08, 2024"
489889,Patrick James Cummins,"May 08, 1993, Westmead, Sydney",33y 58d,Australia,Bowler,2011 - 2025,2024,IPL 2024,SRH,16,10,4,136,35*,22.66,95,143.15,0,0,9,8,7,0,18,9.27,366,3/43,3/43,31.44,20.3,0,0,0,"October 13, 2011","June 24, 2024","October 19, 2011","November 08, 2024"
489889,Patrick James Cummins,"May 08, 1993, Westmead, Sydney",33y 58d,Australia,Bowler,2011 - 2025,2022,IPL 2022,KKR,5,5,1,63,56*,15.75,24,262.50,0,1,5,6,1,0,7,10.68,119,3/22,3/22,30.28,17.0,0,0,0,"October 13, 2011","June 24, 2024","October 19, 2011","November 08, 2024"
489889,Patrick James Cummins,"May 08, 1993, Westmead, Sydney",33y 58d,Australia,Bowler,2011 - 2025,2021,IPL 2021,KKR,7,5,2,93,66*,31.00,56,166.07,0,1,5,8,2,0,9,8.83,161,3/24,3/24,26.33,17.8,0,0,0,"October 13, 2011","June 24, 2024","October 19, 2011","November 08, 2024"
489889,Patrick James Cummins,"May 08, 1993, Westmead, Sydney",33y 58d,Australia,Bowler,2011 - 2025,2020/21,IPL 2020/21,KKR,14,11,4,146,53*,20.85,114,128.07,0,1,9,8,3,0,12,7.86,312,4/34,4/34,34.08,26.0,1,0,0,"October 13, 2011","June 24, 2024","October 19, 2011","November 08, 2024"
489889,Patrick James Cummins,"May 08, 1993, Westmead, Sydney",33y 58d,Australia,Bowler,2011 - 2025,2017,IPL 2017,DC,12,9,4,77,24,15.40,53,145.28,0,0,5,4,1,0,15,8.07,277,2/20,2/20,24.86,18.4,0,0,0,"October 13, 2011","June 24, 2024","October 19, 2011","November 08, 2024"
489889,Patrick James Cummins,"May 08, 1993, Westmead, Sydney",33y 58d,Australia,Bowler,2011 - 2025,2015,IPL 2015,KKR,3,1,0,0,0,0.00,2,0.00,0,0,0,0,1,0,1,9.70,60,1/54,1/54,97.00,60.0,0,0,0,"October 13, 2011","June 24, 2024","October 19, 2011","November 08, 2024"
489889,Patrick James Cummins,"May 08, 1993, Westmead, Sydney",33y 58d,Australia,Bowler,2011 - 2025,2014,IPL 2014,KKR,1,-,-,-,-,-,-,-,-,-,-,-,0,0,1,7.25,24,1/29,1/29,29.00,24.0,0,0,0,"October 13, 2011","June 24, 2024","October 19, 2011","November 08, 2024"
669365,Philip Dean Salt,"August 28, 1996, Bodelwyddan, North Wales",29y 311d,England,Wicketkeeper Batter,2021 - 2026,2026,IPL 2026,RCB,6,6,0,202,78,33.66,120,168.33,0,2,16,11,6,0,-,-,-,-,-,-,-,-,-,-,"January 26, 2022","July 04, 2026","July 08, 2021","March 01, 2025"
669365,Philip Dean Salt,"August 28, 1996, Bodelwyddan, North Wales",29y 311d,England,Wicketkeeper Batter,2021 - 2026,2025,IPL 2025,RCB,13,13,1,403,65,33.58,229,175.98,0,4,48,22,9,0,-,-,-,-,-,-,-,-,-,-,"January 26, 2022","July 04, 2026","July 08, 2021","March 01, 2025"
669365,Philip Dean Salt,"August 28, 1996, Bodelwyddan, North Wales",29y 311d,England,Wicketkeeper Batter,2021 - 2026,2024,IPL 2024,KKR,12,12,1,435,89*,39.54,239,182.00,0,4,50,24,12,0,-,-,-,-,-,-,-,-,-,-,"January 26, 2022","July 04, 2026","July 08, 2021","March 01, 2025"
669365,Philip Dean Salt,"August 28, 1996, Bodelwyddan, North Wales",29y 311d,England,Wicketkeeper Batter,2021 - 2026,2023,IPL 2023,DC,9,9,1,218,87,27.25,133,163.90,0,2,24,10,5,0,-,-,-,-,-,-,-,-,-,-,"January 26, 2022","July 04, 2026","July 08, 2021","March 01, 2025"
32966,Piyush Pramod Chawla,"December 24, 1988, Aligarh, Uttar Pradesh",37y 193d,India,Bowling Allrounder,2006 - 2012,2024,IPL 2024,MI,11,6,2,15,10,3.75,15,100.00,0,0,1,1,2,0,13,8.91,210,3/29,3/29,24.00,16.1,0,0,0,"May 02, 2010","December 22, 2012","May 12, 2007","March 09, 2011"
32966,Piyush Pramod Chawla,"December 24, 1988, Aligarh, Uttar Pradesh",37y 193d,India,Bowling Allrounder,2006 - 2012,2023,IPL 2023,MI,16,4,2,25,18,12.50,22,113.63,0,0,1,1,1,0,22,8.11,366,3/22,3/22,22.50,16.6,0,0,0,"May 02, 2010","December 22, 2012","May 12, 2007","March 09, 2011"
32966,Piyush Pramod Chawla,"December 24, 1988, Aligarh, Uttar Pradesh",37y 193d,India,Bowling Allrounder,2006 - 2012,2021,IPL 2021,MI,1,1,0,0,0,0.00,2,0.00,0,0,0,0,0,0,1,9.50,24,1/38,1/38,38.00,24.0,0,0,0,"May 02, 2010","December 22, 2012","May 12, 2007","March 09, 2011"
32966,Piyush Pramod Chawla,"December 24, 1988, Aligarh, Uttar Pradesh",37y 193d,India,Bowling Allrounder,2006 - 2012,2020/21,IPL 2020/21,CSK,7,-,-,-,-,-,-,-,-,-,-,-,0,0,6,9.09,126,2/33,2/33,31.83,21.0,0,0,0,"May 02, 2010","December 22, 2012","May 12, 2007","March 09, 2011"
32966,Piyush Pramod Chawla,"December 24, 1988, Aligarh, Uttar Pradesh",37y 193d,India,Bowling Allrounder,2006 - 2012,2019,IPL 2019,KKR,13,5,2,42,14*,14.00,37,113.51,0,0,4,2,5,0,10,8.96,267,3/20,3/20,39.90,26.7,0,0,0,"May 02, 2010","December 22, 2012","May 12, 2007","March 09, 2011"
32966,Piyush Pramod Chawla,"December 24, 1988, Aligarh, Uttar Pradesh",37y 193d,India,Bowling Allrounder,2006 - 2012,2018,IPL 2018,KKR,15,7,3,27,12,6.75,34,79.41,0,0,1,1,4,0,14,8.40,294,3/48,3/48,29.42,21.0,0,0,0,"May 02, 2010","December 22, 2012","May 12, 2007","March 09, 2011"
32966,Piyush Pramod Chawla,"December 24, 1988, Aligarh, Uttar Pradesh",37y 193d,India,Bowling Allrounder,2006 - 2012,2017,IPL 2017,KKR,6,1,0,2,2,2.00,6,33.33,0,0,0,0,1,0,6,8.95,120,2/34,2/34,29.83,20.0,0,0,0,"May 02, 2010","December 22, 2012","May 12, 2007","March 09, 2011"
32966,Piyush Pramod Chawla,"December 24, 1988, Aligarh, Uttar Pradesh",37y 193d,India,Bowling Allrounder,2006 - 2012,2016,IPL 2016,KKR,12,3,0,27,11,9.00,26,103.84,0,0,4,0,3,0,11,7.72,212,2/21,2/21,24.81,19.2,0,0,0,"May 02, 2010","December 22, 2012","May 12, 2007","March 09, 2011"
32966,Piyush Pramod Chawla,"December 24, 1988, Aligarh, Uttar Pradesh",37y 193d,India,Bowling Allrounder,2006 - 2012,2015,IPL 2015,KKR,13,8,4,54,22,13.50,47,114.89,0,0,5,2,2,0,11,7.68,210,4/32,4/32,24.45,19.0,1,0,0,"May 02, 2010","December 22, 2012","May 12, 2007","March 09, 2011"
32966,Piyush Pramod Chawla,"December 24, 1988, Aligarh, Uttar Pradesh",37y 193d,India,Bowling Allrounder,2006 - 2012,2014,IPL 2014,KKR,11,5,2,31,17*,10.33,19,163.15,0,0,4,1,3,0,14,7.67,237,3/19,3/19,21.64,16.9,0,0,0,"May 02, 2010","December 22, 2012","May 12, 2007","March 09, 2011"
32966,Piyush Pramod Chawla,"December 24, 1988, Aligarh, Uttar Pradesh",37y 193d,India,Bowling Allrounder,2006 - 2012,2013,IPL 2013,PBKS,16,11,5,64,23,10.66,57,112.28,0,0,5,3,1,0,11,7.16,350,2/20,2/20,38.00,31.8,0,0,0,"May 02, 2010","December 22, 2012","May 12, 2007","March 09, 2011"
32966,Piyush Pramod Chawla,"December 24, 1988, Aligarh, Uttar Pradesh",37y 193d,India,Bowling Allrounder,2006 - 2012,2012,IPL 2012,PBKS,16,12,4,106,21*,13.25,88,120.45,0,0,9,4,3,0,16,7.35,342,3/18,3/18,26.18,21.3,0,0,0,"May 02, 2010","December 22, 2012","May 12, 2007","March 09, 2011"
32966,Piyush Pramod Chawla,"December 24, 1988, Aligarh, Uttar Pradesh",37y 193d,India,Bowling Allrounder,2006 - 2012,2011,IPL 2011,PBKS,12,6,3,48,15,16.00,55,87.27,0,0,2,2,3,0,16,8.12,248,4/17,4/17,21.00,15.5,1,0,0,"May 02, 2010","December 22, 2012","May 12, 2007","March 09, 2011"
32966,Piyush Pramod Chawla,"December 24, 1988, Aligarh, Uttar Pradesh",37y 193d,India,Bowling Allrounder,2006 - 2012,2009/10,IPL 2009/10,PBKS,14,6,1,62,22,12.40,60,103.33,0,0,7,0,3,0,12,7.48,294,3/24,3/24,30.58,24.5,0,0,0,"May 02, 2010","December 22, 2012","May 12, 2007","March 09, 2011"
32966,Piyush Pramod Chawla,"December 24, 1988, Aligarh, Uttar Pradesh",37y 193d,India,Bowling Allrounder,2006 - 2012,2009,IPL 2009,PBKS,14,10,5,31,8*,6.20,36,86.11,0,0,3,0,6,0,12,6.86,269,2/22,2/22,25.66,22.4,0,0,0,"May 02, 2010","December 22, 2012","May 12, 2007","March 09, 2011"
32966,Piyush Pramod Chawla,"December 24, 1988, Aligarh, Uttar Pradesh",37y 193d,India,Bowling Allrounder,2006 - 2012,2007/08,IPL 2007/08,PBKS,15,7,3,90,24*,22.50,59,152.54,0,0,10,3,6,0,17,8.30,281,3/25,3/25,22.88,16.5,0,0,0,"May 02, 2010","December 22, 2012","May 12, 2007","March 09, 2011"
279545,Pradeep Jaibeer Sangwan,"November 05, 1990, Rasiwas, Delhi",35y 242d,India,Bowler,-,2022,IPL 2022,GT,3,1,0,2,2,2.00,5,40.00,0,0,0,0,1,0,3,7.22,54,2/19,2/19,21.66,18.0,0,0,0,,,,
279545,Pradeep Jaibeer Sangwan,"November 05, 1990, Rasiwas, Delhi",35y 242d,India,Bowler,-,2018,IPL 2018,MI,1,1,0,0,0,0.00,4,0.00,0,0,0,0,0,0,0,9.50,12,-,-,-,-,0,0,0,,,,
279545,Pradeep Jaibeer Sangwan,"November 05, 1990, Rasiwas, Delhi",35y 242d,India,Bowler,-,2017,IPL 2017,GL,5,3,1,2,1*,1.00,4,50.00,0,0,0,0,0,0,5,10.05,108,2/38,2/38,36.20,21.6,0,0,0,,,,
279545,Pradeep Jaibeer Sangwan,"November 05, 1990, Rasiwas, Delhi",35y 242d,India,Bowler,-,2016,IPL 2016,GL,2,-,-,-,-,-,-,-,-,-,-,-,1,0,0,12.25,24,-,-,-,-,0,0,0,,,,
279545,Pradeep Jaibeer Sangwan,"November 05, 1990, Rasiwas, Delhi",35y 242d,India,Bowler,-,2013,IPL 2013,KKR,2,1,1,4,4*,-,2,200.00,0,0,1,0,0,0,0,12.75,24,-,-,-,-,0,0,0,,,,
279545,Pradeep Jaibeer Sangwan,"November 05, 1990, Rasiwas, Delhi",35y 242d,India,Bowler,-,2012,IPL 2012,KKR,1,-,-,-,-,-,-,-,-,-,-,-,0,0,1,10.50,24,1/42,1/42,42.00,24.0,0,0,0,,,,
279545,Pradeep Jaibeer Sangwan,"November 05, 1990, Rasiwas, Delhi",35y 242d,India,Bowler,-,2009/10,IPL 2009/10,DC,8,2,1,10,6*,10.00,14,71.42,0,0,0,0,1,0,9,8.32,186,3/22,3/22,28.66,20.6,0,0,0,,,,
279545,Pradeep Jaibeer Sangwan,"November 05, 1990, Rasiwas, Delhi",35y 242d,India,Bowler,-,2009,IPL 2009,DC,13,5,4,6,5*,6.00,10,60.00,0,0,0,0,3,0,15,7.71,280,3/18,3/18,24.00,18.6,0,0,0,,,,
279545,Pradeep Jaibeer Sangwan,"November 05, 1990, Rasiwas, Delhi",35y 242d,India,Bowler,-,2007/08,IPL 2007/08,DC,7,2,0,2,2,1.00,5,40.00,0,0,0,0,1,0,5,8.95,144,2/29,2/29,43.00,28.8,0,0,0,,,,
917159,Muralikrishna Prasidh Krishna,"February 19, 1996, Bangalore, Karnataka",30y 136d,India,Bowler,2021 - 2026,2026,IPL 2026,GT,12,1,1,6,6*,-,7,85.71,0,0,1,0,5,0,16,10.43,234,4/28,4/28,25.43,14.6,1,0,0,"August 18, 2023","June 26, 2026","March 23, 2021","June 20, 2026"
917159,Muralikrishna Prasidh Krishna,"February 19, 1996, Bangalore, Karnataka",30y 136d,India,Bowler,2021 - 2026,2025,IPL 2025,GT,15,-,-,-,-,-,-,-,-,-,-,-,5,0,25,8.27,354,4/41,4/41,19.52,14.1,1,0,0,"August 18, 2023","June 26, 2026","March 23, 2021","June 20, 2026"
917159,Muralikrishna Prasidh Krishna,"February 19, 1996, Bangalore, Karnataka",30y 136d,India,Bowler,2021 - 2026,2022,IPL 2022,RR,17,3,2,6,4*,6.00,12,50.00,0,0,0,0,2,0,19,8.28,399,3/22,3/22,29.00,21.0,0,0,0,"August 18, 2023","June 26, 2026","March 23, 2021","June 20, 2026"
917159,Muralikrishna Prasidh Krishna,"February 19, 1996, Bangalore, Karnataka",30y 136d,India,Bowler,2021 - 2026,2021,IPL 2021,KKR,10,2,1,0,0*,0.00,1,0.00,0,0,0,0,3,0,12,9.11,231,3/30,3/30,29.25,19.2,0,0,0,"August 18, 2023","June 26, 2026","March 23, 2021","June 20, 2026"
917159,Muralikrishna Prasidh Krishna,"February 19, 1996, Bangalore, Karnataka",30y 136d,India,Bowler,2021 - 2026,2020/21,IPL 2020/21,KKR,6,2,2,2,2*,-,4,50.00,0,0,0,0,1,0,4,9.37,105,3/29,3/29,41.00,26.2,0,0,0,"August 18, 2023","June 26, 2026","March 23, 2021","June 20, 2026"
917159,Muralikrishna Prasidh Krishna,"February 19, 1996, Bangalore, Karnataka",30y 136d,India,Bowler,2021 - 2026,2019,IPL 2019,KKR,11,1,0,0,0,0.00,2,0.00,0,0,0,0,2,0,4,9.34,242,1/22,1/22,94.25,60.5,0,0,0,"August 18, 2023","June 26, 2026","March 23, 2021","June 20, 2026"
917159,Muralikrishna Prasidh Krishna,"February 19, 1996, Bangalore, Karnataka",30y 136d,India,Bowler,2021 - 2026,2018,IPL 2018,KKR,7,2,2,1,1*,-,5,20.00,0,0,0,0,1,0,10,9.28,168,4/30,4/30,26.00,16.8,1,0,0,"August 18, 2023","June 26, 2026","March 23, 2021","June 20, 2026"
1121579,Prithvi Raj Yarra,"February 20, 1998, Duggirala , Andhra Pradesh",28y 135d,India,Bowler,-,2019,IPL 2019,KKR,2,1,1,0,0*,-,1,0.00,0,0,0,0,0,0,1,11.40,30,1/29,1/29,57.00,30.0,0,0,0,,,,
379143,Quinton de Kock,"December 17, 1992, Johannesburg, Gauteng",33y 200d,South Africa,Wicketkeeper Batter,2012 - 2026,2026,IPL 2026,MI,3,3,1,132,112*,66.00,81,162.96,1,0,9,9,2,1,-,-,-,-,-,-,-,-,-,-,"December 21, 2012","March 04, 2026","January 19, 2013","December 06, 2025"
379143,Quinton de Kock,"December 17, 1992, Johannesburg, Gauteng",33y 200d,South Africa,Wicketkeeper Batter,2012 - 2026,2025,IPL 2025,KKR,8,8,1,152,97*,21.71,117,129.91,0,1,9,11,3,0,-,-,-,-,-,-,-,-,-,-,"December 21, 2012","March 04, 2026","January 19, 2013","December 06, 2025"
379143,Quinton de Kock,"December 17, 1992, Johannesburg, Gauteng",33y 200d,South Africa,Wicketkeeper Batter,2012 - 2026,2024,IPL 2024,LSG,11,11,0,250,81,22.72,186,134.40,0,3,29,9,3,0,-,-,-,-,-,-,-,-,-,-,"December 21, 2012","March 04, 2026","January 19, 2013","December 06, 2025"
379143,Quinton de Kock,"December 17, 1992, Johannesburg, Gauteng",33y 200d,South Africa,Wicketkeeper Batter,2012 - 2026,2023,IPL 2023,LSG,4,4,0,143,70,35.75,102,140.19,0,1,10,8,2,1,-,-,-,-,-,-,-,-,-,-,"December 21, 2012","March 04, 2026","January 19, 2013","December 06, 2025"
379143,Quinton de Kock,"December 17, 1992, Johannesburg, Gauteng",33y 200d,South Africa,Wicketkeeper Batter,2012 - 2026,2022,IPL 2022,LSG,15,15,1,508,140*,36.28,341,148.97,1,3,47,23,12,1,-,-,-,-,-,-,-,-,-,-,"December 21, 2012","March 04, 2026","January 19, 2013","December 06, 2025"
379143,Quinton de Kock,"December 17, 1992, Johannesburg, Gauteng",33y 200d,South Africa,Wicketkeeper Batter,2012 - 2026,2021,IPL 2021,MI,11,11,1,297,70*,29.70,256,116.01,0,2,29,7,4,2,-,-,-,-,-,-,-,-,-,-,"December 21, 2012","March 04, 2026","January 19, 2013","December 06, 2025"
379143,Quinton de Kock,"December 17, 1992, Johannesburg, Gauteng",33y 200d,South Africa,Wicketkeeper Batter,2012 - 2026,2020/21,IPL 2020/21,MI,16,16,2,503,78*,35.92,358,140.50,0,4,46,22,18,4,-,-,-,-,-,-,-,-,-,-,"December 21, 2012","March 04, 2026","January 19, 2013","December 06, 2025"
379143,Quinton de Kock,"December 17, 1992, Johannesburg, Gauteng",33y 200d,South Africa,Wicketkeeper Batter,2012 - 2026,2019,IPL 2019,MI,16,16,1,529,81,35.26,398,132.91,0,4,45,25,17,2,-,-,-,-,-,-,-,-,-,-,"December 21, 2012","March 04, 2026","January 19, 2013","December 06, 2025"
379143,Quinton de Kock,"December 17, 1992, Johannesburg, Gauteng",33y 200d,South Africa,Wicketkeeper Batter,2012 - 2026,2018,IPL 2018,RCB,8,8,0,201,53,25.12,162,124.07,0,1,20,8,7,3,-,-,-,-,-,-,-,-,-,-,"December 21, 2012","March 04, 2026","January 19, 2013","December 06, 2025"
379143,Quinton de Kock,"December 17, 1992, Johannesburg, Gauteng",33y 200d,South Africa,Wicketkeeper Batter,2012 - 2026,2016,IPL 2016,DC,13,13,1,445,108,37.08,327,136.08,1,3,52,13,2,2,-,-,-,-,-,-,-,-,-,-,"December 21, 2012","March 04, 2026","January 19, 2013","December 06, 2025"
379143,Quinton de Kock,"December 17, 1992, Johannesburg, Gauteng",33y 200d,South Africa,Wicketkeeper Batter,2012 - 2026,2015,IPL 2015,DC,3,3,0,122,69,40.66,77,158.44,0,2,18,4,0,0,-,-,-,-,-,-,-,-,-,-,"December 21, 2012","March 04, 2026","January 19, 2013","December 06, 2025"
379143,Quinton de Kock,"December 17, 1992, Johannesburg, Gauteng",33y 200d,South Africa,Wicketkeeper Batter,2012 - 2026,2014,IPL 2014,DC,7,7,0,153,48,21.85,130,117.69,0,0,19,4,2,0,-,-,-,-,-,-,-,-,-,-,"December 21, 2012","March 04, 2026","January 19, 2013","December 06, 2025"
379143,Quinton de Kock,"December 17, 1992, Johannesburg, Gauteng",33y 200d,South Africa,Wicketkeeper Batter,2012 - 2026,2013,IPL 2013,SRH,3,3,0,6,4,2.00,15,40.00,0,0,1,0,3,1,-,-,-,-,-,-,-,-,-,-,"December 21, 2012","March 04, 2026","January 19, 2013","December 06, 2025"
974087,Rahmanullah Gurbaz,"November 28, 2001",24y 219d,Afghanistan,Wicketkeeper Batter,2019 - 2026,2025,IPL 2025,KKR,5,5,1,74,35,18.50,53,139.62,0,0,10,3,2,0,-,-,-,-,-,-,-,-,-,-,"September 14, 2019","February 19, 2026","January 21, 2021","June 20, 2026"
974087,Rahmanullah Gurbaz,"November 28, 2001",24y 219d,Afghanistan,Wicketkeeper Batter,2019 - 2026,2024,IPL 2024,KKR,3,2,0,62,39,31.00,46,134.78,0,0,7,4,5,0,-,-,-,-,-,-,-,-,-,-,"September 14, 2019","February 19, 2026","January 21, 2021","June 20, 2026"
974087,Rahmanullah Gurbaz,"November 28, 2001",24y 219d,Afghanistan,Wicketkeeper Batter,2019 - 2026,2023,IPL 2023,KKR,11,11,0,227,81,20.63,170,133.52,0,2,17,15,10,0,-,-,-,-,-,-,-,-,-,-,"September 14, 2019","February 19, 2026","January 21, 2021","June 20, 2026"
446763,Rahul Ajay Tripathi,"March 02, 1991, Ranchi",35y 125d,India,Top order Batter,2023 - 2023,2025,IPL 2025,CSK,5,5,0,55,23,11.00,57,96.49,0,0,6,1,1,0,-,-,-,-,-,-,-,-,-,-,"January 05, 2023","February 01, 2023",,
446763,Rahul Ajay Tripathi,"March 02, 1991, Ranchi",35y 125d,India,Top order Batter,2023 - 2023,2024,IPL 2024,SRH,6,6,0,165,55,27.50,115,143.47,0,1,18,6,2,0,-,-,-,-,-,-,-,-,-,-,"January 05, 2023","February 01, 2023",,
446763,Rahul Ajay Tripathi,"March 02, 1991, Ranchi",35y 125d,India,Top order Batter,2023 - 2023,2023,IPL 2023,SRH,13,13,1,273,74*,22.75,213,128.16,0,1,29,10,2,0,-,-,-,-,-,-,-,-,-,-,"January 05, 2023","February 01, 2023",,
446763,Rahul Ajay Tripathi,"March 02, 1991, Ranchi",35y 125d,India,Top order Batter,2023 - 2023,2022,IPL 2022,SRH,14,14,3,413,76,37.54,261,158.23,0,3,40,20,6,0,-,-,-,-,-,-,-,-,-,-,"January 05, 2023","February 01, 2023",,
446763,Rahul Ajay Tripathi,"March 02, 1991, Ranchi",35y 125d,India,Top order Batter,2023 - 2023,2021,IPL 2021,KKR,17,16,2,397,74*,28.35,283,140.28,0,2,41,11,8,0,-,-,-,-,-,-,-,-,-,-,"January 05, 2023","February 01, 2023",,
446763,Rahul Ajay Tripathi,"March 02, 1991, Ranchi",35y 125d,India,Top order Batter,2023 - 2023,2020/21,IPL 2020/21,KKR,11,11,1,230,81,23.00,181,127.07,0,1,21,10,3,0,-,-,-,-,-,-,-,-,-,-,"January 05, 2023","February 01, 2023",,
446763,Rahul Ajay Tripathi,"March 02, 1991, Ranchi",35y 125d,India,Top order Batter,2023 - 2023,2019,IPL 2019,RR,8,7,1,141,50,23.50,118,119.49,0,1,13,2,3,0,-,-,-,-,-,-,-,-,-,-,"January 05, 2023","February 01, 2023",,
446763,Rahul Ajay Tripathi,"March 02, 1991, Ranchi",35y 125d,India,Top order Batter,2023 - 2023,2018,IPL 2018,RR,12,12,3,226,80*,25.11,167,135.32,0,1,18,8,4,0,-,-,-,-,-,-,-,-,-,-,"January 05, 2023","February 01, 2023",,
446763,Rahul Ajay Tripathi,"March 02, 1991, Ranchi",35y 125d,India,Top order Batter,2023 - 2023,2017,IPL 2017,RPS,14,14,0,391,93,27.92,267,146.44,0,2,43,17,5,0,0,12.00,6,-,-,-,-,0,0,0,"January 05, 2023","February 01, 2023",,
33870,Rajagopal Sathish,"January 14, 1981, Trichy (now Tiruchchirappali), Tamil Nadu",45y 172d,India,Allrounder,-,2016,IPL 2016,KKR,4,3,0,24,10,8.00,24,100.00,0,0,1,1,0,0,1,9.83,36,1/20,1/20,59.00,36.0,0,0,0,,,,
33870,Rajagopal Sathish,"January 14, 1981, Trichy (now Tiruchchirappali), Tamil Nadu",45y 172d,India,Allrounder,-,2013,IPL 2013,PBKS,9,8,3,109,27*,21.80,77,141.55,0,0,9,5,0,0,0,12.75,24,-,-,-,-,0,0,0,,,,
33870,Rajagopal Sathish,"January 14, 1981, Trichy (now Tiruchchirappali), Tamil Nadu",45y 172d,India,Allrounder,-,2011,IPL 2011,MI,9,3,1,25,18*,12.50,34,73.52,0,0,1,0,3,0,0,7.93,31,-,-,-,-,0,0,0,,,,
33870,Rajagopal Sathish,"January 14, 1981, Trichy (now Tiruchchirappali), Tamil Nadu",45y 172d,India,Allrounder,-,2009/10,IPL 2009/10,MI,12,11,4,112,24,16.00,96,116.66,0,0,11,0,3,0,2,10.12,48,1/11,1/11,40.50,24.0,0,0,0,,,,
26907,Rajat Bhatia,"October 22, 1979, Delhi",46y 256d,India,Allrounder,-,2017,IPL 2017,RPS,3,2,1,16,16,16.00,17,94.11,0,0,0,1,2,0,2,7.85,42,2/14,2/14,27.50,21.0,0,0,0,,,,
26907,Rajat Bhatia,"October 22, 1979, Delhi",46y 256d,India,Allrounder,-,2016,IPL 2016,RPS,10,6,5,34,21,34.00,20,170.00,0,0,1,2,2,0,6,7.17,204,2/19,2/19,40.66,34.0,0,0,0,,,,
26907,Rajat Bhatia,"October 22, 1979, Delhi",46y 256d,India,Allrounder,-,2015,IPL 2015,RR,2,1,0,0,0,0.00,1,0.00,0,0,0,0,0,0,0,9.20,30,-,-,-,-,0,0,0,,,,
26907,Rajat Bhatia,"October 22, 1979, Delhi",46y 256d,India,Allrounder,-,2014,IPL 2014,RR,12,7,2,67,23,13.40,53,126.41,0,0,4,3,5,0,12,7.44,228,3/23,3/23,23.58,19.0,0,0,0,,,,
26907,Rajat Bhatia,"October 22, 1979, Delhi",46y 256d,India,Allrounder,-,2013,IPL 2013,KKR,15,10,4,99,26*,16.50,80,123.75,0,0,8,3,0,0,11,7.57,263,2/23,2/23,30.18,23.9,0,0,0,,,,
26907,Rajat Bhatia,"October 22, 1979, Delhi",46y 256d,India,Allrounder,-,2012,IPL 2012,KKR,17,6,3,35,12,11.66,28,125.00,0,0,4,0,6,0,13,7.31,319,2/14,2/14,29.92,24.5,0,0,0,,,,
26907,Rajat Bhatia,"October 22, 1979, Delhi",46y 256d,India,Allrounder,-,2011,IPL 2011,KKR,14,6,3,25,11,8.33,22,113.63,0,0,3,0,4,0,8,6.56,192,3/22,3/22,26.25,24.0,0,0,0,,,,
26907,Rajat Bhatia,"October 22, 1979, Delhi",46y 256d,India,Allrounder,-,2009/10,IPL 2009/10,DC,5,3,0,24,21,8.00,17,141.17,0,0,1,2,1,0,3,8.25,96,1/24,1/24,44.00,32.0,0,0,0,,,,
26907,Rajat Bhatia,"October 22, 1979, Delhi",46y 256d,India,Allrounder,-,2009,IPL 2009,DC,8,5,0,8,4,1.60,18,44.44,0,0,1,0,4,0,10,6.73,130,4/15,4/15,14.60,13.0,1,0,0,,,,
26907,Rajat Bhatia,"October 22, 1979, Delhi",46y 256d,India,Allrounder,-,2007/08,IPL 2007/08,DC,9,3,1,34,17,17.00,28,121.42,0,0,2,2,1,0,6,8.31,132,2/17,2/17,30.50,22.0,0,0,0,,,,
1079470,Ramandeep Singh,"April 13, 1997, Chandigarh",29y 83d,India,Middle order Batter,2024 - 2024,2026,IPL 2026,KKR,8,6,1,82,35,16.40,68,120.58,0,0,8,2,4,0,1,11.62,16,1/5,1/5,31.00,16.0,0,0,0,"November 13, 2024","November 15, 2024",,
1079470,Ramandeep Singh,"April 13, 1997, Chandigarh",29y 83d,India,Middle order Batter,2024 - 2024,2025,IPL 2025,KKR,11,7,2,47,22,9.40,35,134.28,0,0,1,4,5,0,-,-,-,-,-,-,-,-,-,-,"November 13, 2024","November 15, 2024",,
1079470,Ramandeep Singh,"April 13, 1997, Chandigarh",29y 83d,India,Middle order Batter,2024 - 2024,2024,IPL 2024,KKR,15,9,5,125,35,31.25,62,201.61,0,0,5,12,8,0,0,13.50,4,-,-,-,-,0,0,0,"November 13, 2024","November 15, 2024",,
1079470,Ramandeep Singh,"April 13, 1997, Chandigarh",29y 83d,India,Middle order Batter,2024 - 2024,2022,IPL 2022,MI,5,4,2,45,14*,22.50,40,112.50,0,0,3,1,1,0,6,9.00,36,3/20,3/20,9.00,6.0,0,0,0,"November 13, 2024","November 15, 2024",,
1161489,Rasikh Salam Dar,"April 05, 2000",26y 91d,India,Bowler,-,2026,IPL 2026,RCB,12,2,2,3,3*,-,2,150.00,0,0,0,0,3,0,19,9.45,257,4/24,4/24,21.31,13.5,1,0,0,,,,
1161489,Rasikh Salam Dar,"April 05, 2000",26y 91d,India,Bowler,-,2025,IPL 2025,RCB,2,-,-,-,-,-,-,-,-,-,-,-,1,0,1,11.66,36,1/35,1/35,70.00,36.0,0,0,0,,,,
1161489,Rasikh Salam Dar,"April 05, 2000",26y 91d,India,Bowler,-,2024,IPL 2024,DC,8,4,0,28,10,7.00,30,93.33,0,0,4,0,1,0,9,10.97,147,3/34,3/34,29.88,16.3,0,0,0,,,,
1161489,Rasikh Salam Dar,"April 05, 2000",26y 91d,India,Bowler,-,2022,IPL 2022,KKR,2,1,0,7,7,7.00,6,116.66,0,0,1,0,0,0,0,7.00,24,-,-,-,-,0,0,0,,,,
1161489,Rasikh Salam Dar,"April 05, 2000",26y 91d,India,Bowler,-,2019,IPL 2019,MI,1,1,1,5,5*,-,4,125.00,0,0,0,0,1,0,0,10.50,24,-,-,-,-,0,0,0,,,,
7133,Ricky Thomas Ponting,"December 19, 1974, Launceston, Tasmania",51y 198d,Australia,Top order Batter,1995 - 2012,2013,IPL 2013,MI,6,5,0,52,28,10.40,75,69.33,0,0,3,1,2,0,-,-,-,-,-,-,-,-,-,-,"February 17, 2005","June 08, 2009","February 15, 1995","February 19, 2012"
7133,Ricky Thomas Ponting,"December 19, 1974, Launceston, Tasmania",51y 198d,Australia,Top order Batter,1995 - 2012,2007/08,IPL 2007/08,KKR,4,4,0,39,20,9.75,53,73.58,0,0,2,1,2,0,-,-,-,-,-,-,-,-,-,-,"February 17, 2005","June 08, 2009","February 15, 1995","February 19, 2012"
723105,Rinku Khanchand Singh,"October 12, 1997, Aligarh, Uttar Pradesh",28y 266d,India,Middle order Batter,2023 - 2026,2026,IPL 2026,KKR,14,11,6,295,83*,59.00,198,148.98,0,2,27,11,10,0,-,-,-,-,-,-,-,-,-,-,"August 18, 2023","February 22, 2026","December 19, 2023","December 21, 2023"
723105,Rinku Khanchand Singh,"October 12, 1997, Aligarh, Uttar Pradesh",28y 266d,India,Middle order Batter,2023 - 2026,2025,IPL 2025,KKR,13,11,4,206,38*,29.42,134,153.73,0,0,20,10,9,0,-,-,-,-,-,-,-,-,-,-,"August 18, 2023","February 22, 2026","December 19, 2023","December 21, 2023"
723105,Rinku Khanchand Singh,"October 12, 1997, Aligarh, Uttar Pradesh",28y 266d,India,Middle order Batter,2023 - 2026,2024,IPL 2024,KKR,15,11,2,168,26,18.66,113,148.67,0,0,13,8,7,0,-,-,-,-,-,-,-,-,-,-,"August 18, 2023","February 22, 2026","December 19, 2023","December 21, 2023"
723105,Rinku Khanchand Singh,"October 12, 1997, Aligarh, Uttar Pradesh",28y 266d,India,Middle order Batter,2023 - 2026,2023,IPL 2023,KKR,14,14,6,474,67*,59.25,317,149.52,0,4,31,29,8,0,-,-,-,-,-,-,-,-,-,-,"August 18, 2023","February 22, 2026","December 19, 2023","December 21, 2023"
723105,Rinku Khanchand Singh,"October 12, 1997, Aligarh, Uttar Pradesh",28y 266d,India,Middle order Batter,2023 - 2026,2022,IPL 2022,KKR,7,7,2,174,42*,34.80,117,148.71,0,0,17,7,8,0,-,-,-,-,-,-,-,-,-,-,"August 18, 2023","February 22, 2026","December 19, 2023","December 21, 2023"
723105,Rinku Khanchand Singh,"October 12, 1997, Aligarh, Uttar Pradesh",28y 266d,India,Middle order Batter,2023 - 2026,2020/21,IPL 2020/21,KKR,1,1,0,11,11,11.00,11,100.00,0,0,1,0,1,0,-,-,-,-,-,-,-,-,-,-,"August 18, 2023","February 22, 2026","December 19, 2023","December 21, 2023"
723105,Rinku Khanchand Singh,"October 12, 1997, Aligarh, Uttar Pradesh",28y 266d,India,Middle order Batter,2023 - 2026,2019,IPL 2019,KKR,5,3,1,37,30,18.50,34,108.82,0,0,1,2,1,0,-,-,-,-,-,-,-,-,-,-,"August 18, 2023","February 22, 2026","December 19, 2023","December 21, 2023"
723105,Rinku Khanchand Singh,"October 12, 1997, Aligarh, Uttar Pradesh",28y 266d,India,Middle order Batter,2023 - 2026,2018,IPL 2018,KKR,4,4,0,29,16,7.25,31,93.54,0,0,4,0,4,0,-,-,-,-,-,-,-,-,-,-,"August 18, 2023","February 22, 2026","December 19, 2023","December 21, 2023"
35582,Robin Venu Uthappa,"November 11, 1985, Coorg, Karnataka",40y 236d,India,Batter,2006 - 2015,2022,IPL 2022,CSK,12,11,0,230,88,20.90,171,134.50,0,2,19,14,5,0,-,-,-,-,-,-,-,-,-,-,"September 13, 2007","July 19, 2015","April 15, 2006","July 14, 2015"
35582,Robin Venu Uthappa,"November 11, 1985, Coorg, Karnataka",40y 236d,India,Batter,2006 - 2015,2021,IPL 2021,CSK,4,4,0,115,63,28.75,84,136.90,0,1,8,5,0,0,-,-,-,-,-,-,-,-,-,-,"September 13, 2007","July 19, 2015","April 15, 2006","July 14, 2015"
35582,Robin Venu Uthappa,"November 11, 1985, Coorg, Karnataka",40y 236d,India,Batter,2006 - 2015,2020/21,IPL 2020/21,RR,12,12,0,196,41,16.33,164,119.51,0,0,19,7,3,0,-,-,-,-,-,-,-,-,-,-,"September 13, 2007","July 19, 2015","April 15, 2006","July 14, 2015"
35582,Robin Venu Uthappa,"November 11, 1985, Coorg, Karnataka",40y 236d,India,Batter,2006 - 2015,2019,IPL 2019,KKR,12,11,2,282,67*,31.33,245,115.10,0,1,28,10,4,0,-,-,-,-,-,-,-,-,-,-,"September 13, 2007","July 19, 2015","April 15, 2006","July 14, 2015"
35582,Robin Venu Uthappa,"November 11, 1985, Coorg, Karnataka",40y 236d,India,Batter,2006 - 2015,2018,IPL 2018,KKR,16,16,0,351,54,21.93,265,132.45,0,1,30,21,5,0,-,-,-,-,-,-,-,-,-,-,"September 13, 2007","July 19, 2015","April 15, 2006","July 14, 2015"
35582,Robin Venu Uthappa,"November 11, 1985, Coorg, Karnataka",40y 236d,India,Batter,2006 - 2015,2017,IPL 2017,KKR,14,13,0,388,87,29.84,235,165.10,0,5,36,21,9,6,-,-,-,-,-,-,-,-,-,-,"September 13, 2007","July 19, 2015","April 15, 2006","July 14, 2015"
35582,Robin Venu Uthappa,"November 11, 1985, Coorg, Karnataka",40y 236d,India,Batter,2006 - 2015,2016,IPL 2016,KKR,15,15,0,394,72,26.26,289,136.33,0,3,45,8,10,4,-,-,-,-,-,-,-,-,-,-,"September 13, 2007","July 19, 2015","April 15, 2006","July 14, 2015"
35582,Robin Venu Uthappa,"November 11, 1985, Coorg, Karnataka",40y 236d,India,Batter,2006 - 2015,2015,IPL 2015,KKR,13,13,1,364,80*,30.33,277,131.40,0,1,42,7,7,5,-,-,-,-,-,-,-,-,-,-,"September 13, 2007","July 19, 2015","April 15, 2006","July 14, 2015"
35582,Robin Venu Uthappa,"November 11, 1985, Coorg, Karnataka",40y 236d,India,Batter,2006 - 2015,2014,IPL 2014,KKR,16,16,1,660,83*,44.00,479,137.78,0,5,74,18,1,7,-,-,-,-,-,-,-,-,-,-,"September 13, 2007","July 19, 2015","April 15, 2006","July 14, 2015"
35582,Robin Venu Uthappa,"November 11, 1985, Coorg, Karnataka",40y 236d,India,Batter,2006 - 2015,2013,IPL 2013,PWI,16,16,0,434,75,27.12,371,116.98,0,2,42,12,7,0,-,-,-,-,-,-,-,-,-,-,"September 13, 2007","July 19, 2015","April 15, 2006","July 14, 2015"
35582,Robin Venu Uthappa,"November 11, 1985, Coorg, Karnataka",40y 236d,India,Batter,2006 - 2015,2012,IPL 2012,PWI,16,16,1,405,69,27.00,343,118.07,0,2,38,10,6,3,-,-,-,-,-,-,-,-,-,-,"September 13, 2007","July 19, 2015","April 15, 2006","July 14, 2015"
35582,Robin Venu Uthappa,"November 11, 1985, Coorg, Karnataka",40y 236d,India,Batter,2006 - 2015,2011,IPL 2011,PWI,14,13,3,264,45,26.40,209,126.31,0,0,27,10,12,3,-,-,-,-,-,-,-,-,-,-,"September 13, 2007","July 19, 2015","April 15, 2006","July 14, 2015"
35582,Robin Venu Uthappa,"November 11, 1985, Coorg, Karnataka",40y 236d,India,Batter,2006 - 2015,2009/10,IPL 2009/10,RCB,16,14,2,374,68*,31.16,218,171.55,0,3,21,27,7,3,-,-,-,-,-,-,-,-,-,-,"September 13, 2007","July 19, 2015","April 15, 2006","July 14, 2015"
35582,Robin Venu Uthappa,"November 11, 1985, Coorg, Karnataka",40y 236d,India,Batter,2006 - 2015,2009,IPL 2009,RCB,15,13,2,175,66*,15.90,170,102.94,0,1,18,3,7,1,-,-,-,-,-,-,-,-,-,-,"September 13, 2007","July 19, 2015","April 15, 2006","July 14, 2015"
35582,Robin Venu Uthappa,"November 11, 1985, Coorg, Karnataka",40y 236d,India,Batter,2006 - 2015,2007/08,IPL 2007/08,MI,14,14,5,320,48,35.55,279,114.69,0,0,34,9,9,0,-,-,-,-,-,-,-,-,-,-,"September 13, 2007","July 19, 2015","April 15, 2006","July 14, 2015"
28792,Rohan Sunil Gavaskar,"February 20, 1976, Kanpur, Uttar Pradesh",50y 135d,India,,2004 - 2004,2009/10,IPL 2009/10,KKR,2,1,0,2,2,2.00,8,25.00,0,0,0,0,0,0,0,8.00,6,-,-,-,-,0,0,0,,,"January 18, 2004","September 19, 2004"
820351,Rovman Powell,"July 23, 1993, Jamaica",32y 347d,West Indies,Middle order Batter,2016 - 2026,2026,IPL 2026,KKR,11,7,2,190,40,38.00,141,134.75,0,0,16,10,6,0,-,-,-,-,-,-,-,-,-,-,"March 26, 2017","June 14, 2026","November 16, 2016","July 27, 2023"
820351,Rovman Powell,"July 23, 1993, Jamaica",32y 347d,West Indies,Middle order Batter,2016 - 2026,2025,IPL 2025,KKR,2,1,0,5,5,5.00,5,100.00,0,0,1,0,1,0,-,-,-,-,-,-,-,-,-,-,"March 26, 2017","June 14, 2026","November 16, 2016","July 27, 2023"
820351,Rovman Powell,"July 23, 1993, Jamaica",32y 347d,West Indies,Middle order Batter,2016 - 2026,2024,IPL 2024,RR,10,7,1,103,27,17.16,68,151.47,0,0,10,6,7,0,-,-,-,-,-,-,-,-,-,-,"March 26, 2017","June 14, 2026","November 16, 2016","July 27, 2023"
820351,Rovman Powell,"July 23, 1993, Jamaica",32y 347d,West Indies,Middle order Batter,2016 - 2026,2023,IPL 2023,DC,3,3,0,7,4,2.33,9,77.77,0,0,1,0,0,0,1,9.00,12,1/18,1/18,18.00,12.0,0,0,0,"March 26, 2017","June 14, 2026","November 16, 2016","July 27, 2023"
820351,Rovman Powell,"July 23, 1993, Jamaica",32y 347d,West Indies,Middle order Batter,2016 - 2026,2022,IPL 2022,DC,14,12,2,250,67*,25.00,167,149.70,0,1,10,22,10,0,0,17.00,6,-,-,-,-,0,0,0,"March 26, 2017","June 14, 2026","November 16, 2016","July 27, 2023"
46393,Ryan McLaren,"February 09, 1983, Kimberley, Cape Province",43y 146d,South Africa,Allrounder,2009 - 2014,2013,IPL 2013,KKR,2,2,0,3,2,1.50,6,50.00,0,0,0,0,1,0,3,13.42,42,2/60,2/60,31.33,14.0,0,0,0,"November 13, 2009","November 07, 2014","November 08, 2009","November 23, 2014"
46393,Ryan McLaren,"February 09, 1983, Kimberley, Cape Province",43y 146d,South Africa,Allrounder,2009 - 2014,2011,IPL 2011,PBKS,6,4,1,90,51*,30.00,96,93.75,0,1,7,1,2,0,5,9.88,108,2/33,2/33,35.60,21.6,0,0,0,"November 13, 2009","November 07, 2014","November 08, 2009","November 23, 2014"
46393,Ryan McLaren,"February 09, 1983, Kimberley, Cape Province",43y 146d,South Africa,Allrounder,2009 - 2014,2009/10,IPL 2009/10,MI,10,7,4,66,40,22.00,69,95.65,0,0,7,0,2,0,4,7.94,204,2/28,2/28,67.50,51.0,0,0,0,"November 13, 2009","November 07, 2014","November 08, 2009","November 23, 2014"
47660,Ryan Neil ten Doeschate,"June 30, 1980, Port Elizabeth, Cape Province",46y 5d,Netherlands,Allrounder,2006 - 2021,2015,IPL 2015,KKR,6,5,2,61,38*,20.33,45,135.55,0,0,4,3,1,0,0,4.00,6,-,-,-,-,0,0,0,"August 02, 2008","October 20, 2021","July 04, 2006","March 18, 2011"
47660,Ryan Neil ten Doeschate,"June 30, 1980, Port Elizabeth, Cape Province",46y 5d,Netherlands,Allrounder,2006 - 2021,2014,IPL 2014,KKR,10,7,3,52,25*,13.00,33,157.57,0,0,3,4,3,0,1,7.00,30,1/7,1/7,35.00,30.0,0,0,0,"August 02, 2008","October 20, 2021","July 04, 2006","March 18, 2011"
47660,Ryan Neil ten Doeschate,"June 30, 1980, Port Elizabeth, Cape Province",46y 5d,Netherlands,Allrounder,2006 - 2021,2013,IPL 2013,KKR,4,4,1,85,42,28.33,63,134.92,0,0,9,2,1,0,0,8.00,18,-,-,-,-,0,0,0,"August 02, 2008","October 20, 2021","July 04, 2006","March 18, 2011"
47660,Ryan Neil ten Doeschate,"June 30, 1980, Port Elizabeth, Cape Province",46y 5d,Netherlands,Allrounder,2006 - 2021,2012,IPL 2012,KKR,3,3,1,21,11,10.50,21,100.00,0,0,1,1,1,0,1,8.00,18,1/24,1/24,24.00,18.0,0,0,0,"August 02, 2008","October 20, 2021","July 04, 2006","March 18, 2011"
47660,Ryan Neil ten Doeschate,"June 30, 1980, Port Elizabeth, Cape Province",46y 5d,Netherlands,Allrounder,2006 - 2021,2011,IPL 2011,KKR,6,3,1,107,70*,53.50,73,146.57,0,1,9,5,2,0,0,7.00,6,-,-,-,-,0,0,0,"August 02, 2008","October 20, 2021","July 04, 2006","March 18, 2011"
273439,Senanayake Mudiyanselage Sachithra Madhushanka Senanayake,"February 09, 1985, Colombo",41y 146d,Sri Lanka,Bowler,2012 - 2016,2013,IPL 2013,KKR,8,4,3,10,7*,10.00,17,58.82,0,0,0,0,2,0,9,6.53,192,2/26,2/26,23.22,21.3,0,0,0,"June 01, 2012","September 09, 2016","January 20, 2012","December 28, 2015"
42683,Salman Butt,"October 07, 1984, Lahore, Punjab",41y 271d,Pakistan,Batter,2003 - 2010,2007/08,IPL 2007/08,KKR,7,7,0,193,73,27.57,161,119.87,0,1,30,2,2,0,-,-,-,-,-,-,-,-,-,-,"September 02, 2007","July 06, 2010","September 22, 2004","June 19, 2010"
297628,Samuel William Billings,"June 15, 1991, Pembury, Kent",35y 20d,England,Wicketkeeper Batter,2015 - 2022,2022,IPL 2022,KKR,8,8,1,169,36,24.14,138,122.46,0,0,9,10,6,1,-,-,-,-,-,-,-,-,-,-,"June 23, 2015","January 30, 2022","June 09, 2015","November 22, 2022"
297628,Samuel William Billings,"June 15, 1991, Pembury, Kent",35y 20d,England,Wicketkeeper Batter,2015 - 2022,2019,IPL 2019,CSK,1,1,0,0,0,0.00,4,0.00,0,0,0,0,1,0,-,-,-,-,-,-,-,-,-,-,"June 23, 2015","January 30, 2022","June 09, 2015","November 22, 2022"
297628,Samuel William Billings,"June 15, 1991, Pembury, Kent",35y 20d,England,Wicketkeeper Batter,2015 - 2022,2018,IPL 2018,CSK,10,8,0,108,56,13.50,78,138.46,0,1,8,5,5,0,-,-,-,-,-,-,-,-,-,-,"June 23, 2015","January 30, 2022","June 09, 2015","November 22, 2022"
297628,Samuel William Billings,"June 15, 1991, Pembury, Kent",35y 20d,England,Wicketkeeper Batter,2015 - 2022,2017,IPL 2017,DC,6,6,0,138,55,23.00,104,132.69,0,1,19,1,4,0,-,-,-,-,-,-,-,-,-,-,"June 23, 2015","January 30, 2022","June 09, 2015","November 22, 2022"
297628,Samuel William Billings,"June 15, 1991, Pembury, Kent",35y 20d,England,Wicketkeeper Batter,2015 - 2022,2016,IPL 2016,DC,5,4,0,88,54,22.00,64,137.50,0,1,4,4,3,0,-,-,-,-,-,-,-,-,-,-,"June 23, 2015","January 30, 2022","June 09, 2015","November 22, 2022"
592735,Sankarankutty Sandeep Warrier,"April 04, 1991, Thrissur, Kerala",35y 92d,India,Bowler,2021 - 2021,2024,IPL 2024,GT,5,-,-,-,-,-,-,-,-,-,-,-,0,0,6,10.81,66,3/15,3/15,19.83,11.0,0,0,0,"July 29, 2021","Kerala vs Goa  at Malappuram - November 24 - 27, 2012",,
592735,Sankarankutty Sandeep Warrier,"April 04, 1991, Thrissur, Kerala",35y 92d,India,Bowler,2021 - 2021,2021,IPL 2021,KKR,1,-,-,-,-,-,-,-,-,-,-,-,0,0,0,7.50,12,-,-,-,-,0,0,0,"July 29, 2021","Kerala vs Goa  at Malappuram - November 24 - 27, 2012",,
592735,Sankarankutty Sandeep Warrier,"April 04, 1991, Thrissur, Kerala",35y 92d,India,Bowler,2021 - 2021,2020/21,IPL 2020/21,KKR,1,-,-,-,-,-,-,-,-,-,-,-,0,0,0,11.33,18,-,-,-,-,0,0,0,"July 29, 2021","Kerala vs Goa  at Malappuram - November 24 - 27, 2012",,
592735,Sankarankutty Sandeep Warrier,"April 04, 1991, Thrissur, Kerala",35y 92d,India,Bowler,2021 - 2021,2019,IPL 2019,KKR,3,-,-,-,-,-,-,-,-,-,-,-,1,0,2,7.08,72,2/31,2/31,42.50,36.0,0,0,0,"July 29, 2021","Kerala vs Goa  at Malappuram - November 24 - 27, 2012",,
27225,Sanjay Bapusaheb Bangar,"October 11, 1972, Bid, Maharashtra",53y 267d,India,,2001 - 2004,2009,IPL 2009,KKR,1,1,0,2,2,2.00,9,22.22,0,0,0,0,0,0,-,-,-,-,-,-,-,-,-,-,,,"January 25, 2002","January 24, 2004"
27225,Sanjay Bapusaheb Bangar,"October 11, 1972, Bid, Maharashtra",53y 267d,India,,2001 - 2004,2007/08,IPL 2007/08,DCH,11,7,1,47,17*,7.83,49,95.91,0,0,1,3,2,0,4,8.76,150,2/34,2/34,54.75,37.5,0,0,0,,,"January 25, 2002","January 24, 2004"
317292,Sarabjit Ladda,"July 10, 1986, Patiala",39y 360d,India,Bowler,-,2016,IPL 2016,GL,1,-,-,-,-,-,-,-,-,-,-,-,0,0,0,10.50,12,-,-,-,-,0,0,0,,,,
317292,Sarabjit Ladda,"July 10, 1986, Patiala",39y 360d,India,Bowler,-,2013,IPL 2013,KKR,1,-,-,-,-,-,-,-,-,-,-,-,0,0,1,9.00,12,1/18,1/18,18.00,12.0,0,0,0,,,,
317292,Sarabjit Ladda,"July 10, 1986, Patiala",39y 360d,India,Bowler,-,2011,IPL 2011,KKR,2,-,-,-,-,-,-,-,-,-,-,-,1,0,0,10.50,24,-,-,-,-,0,0,0,,,,
317292,Sarabjit Ladda,"July 10, 1986, Patiala",39y 360d,India,Bowler,-,2009/10,IPL 2009/10,DC,5,2,1,0,0*,0.00,9,0.00,0,0,0,0,0,0,4,9.53,90,2/44,2/44,35.75,22.5,0,0,0,,,,
1206492,Saurabh Rajendraprasad Dubey,"January 23, 1998, Wardha",28y 163d,India,Bowler,-,2026,IPL 2026,KKR,4,1,1,4,4*,-,2,200.00,0,0,1,0,0,0,5,8.25,77,2/28,2/28,21.20,15.4,0,0,0,,,,
56143,Shakib Al Hasan,"March 24, 1987, Magura, Jessore",39y 103d,Bangladesh,Allrounder,2006 - 2024,2021,IPL 2021,KKR,8,6,1,47,26,9.40,48,97.91,0,0,3,1,3,0,4,7.19,156,1/1,1/1,46.75,39.0,0,0,0,"November 28, 2006","June 24, 2024","August 06, 2006","November 06, 2023"
56143,Shakib Al Hasan,"March 24, 1987, Magura, Jessore",39y 103d,Bangladesh,Allrounder,2006 - 2024,2019,IPL 2019,SRH,3,1,0,9,9,9.00,10,90.00,0,0,0,0,0,0,2,8.76,65,1/26,1/26,47.50,32.5,0,0,0,"November 28, 2006","June 24, 2024","August 06, 2006","November 06, 2023"
56143,Shakib Al Hasan,"March 24, 1987, Magura, Jessore",39y 103d,Bangladesh,Allrounder,2006 - 2024,2018,IPL 2018,SRH,17,13,2,239,35,21.72,197,121.31,0,0,26,5,3,0,14,8.00,342,2/18,2/18,32.57,24.4,0,0,0,"November 28, 2006","June 24, 2024","August 06, 2006","November 06, 2023"
56143,Shakib Al Hasan,"March 24, 1987, Magura, Jessore",39y 103d,Bangladesh,Allrounder,2006 - 2024,2017,IPL 2017,KKR,1,1,1,1,1*,-,1,100.00,0,0,0,0,0,0,0,10.33,18,-,-,-,-,0,0,0,"November 28, 2006","June 24, 2024","August 06, 2006","November 06, 2023"
56143,Shakib Al Hasan,"March 24, 1987, Magura, Jessore",39y 103d,Bangladesh,Allrounder,2006 - 2024,2016,IPL 2016,KKR,10,7,2,114,66*,22.80,106,107.54,0,1,7,5,4,0,5,7.83,186,1/14,1/14,48.60,37.2,0,0,0,"November 28, 2006","June 24, 2024","August 06, 2006","November 06, 2023"
56143,Shakib Al Hasan,"March 24, 1987, Magura, Jessore",39y 103d,Bangladesh,Allrounder,2006 - 2024,2015,IPL 2015,KKR,4,3,0,36,23,12.00,27,133.33,0,0,5,0,0,0,4,8.78,84,2/22,2/22,30.75,21.0,0,0,0,"November 28, 2006","June 24, 2024","August 06, 2006","November 06, 2023"
56143,Shakib Al Hasan,"March 24, 1987, Magura, Jessore",39y 103d,Bangladesh,Allrounder,2006 - 2024,2014,IPL 2014,KKR,13,11,4,227,60,32.42,152,149.34,0,1,22,7,3,0,11,6.68,300,2/22,2/22,30.36,27.2,0,0,0,"November 28, 2006","June 24, 2024","August 06, 2006","November 06, 2023"
56143,Shakib Al Hasan,"March 24, 1987, Magura, Jessore",39y 103d,Bangladesh,Allrounder,2006 - 2024,2012,IPL 2012,KKR,8,7,1,91,42,15.16,74,122.97,0,0,6,3,1,0,12,6.50,180,3/17,3/17,16.25,15.0,0,0,0,"November 28, 2006","June 24, 2024","August 06, 2006","November 06, 2023"
56143,Shakib Al Hasan,"March 24, 1987, Magura, Jessore",39y 103d,Bangladesh,Allrounder,2006 - 2024,2011,IPL 2011,KKR,7,3,1,29,26,14.50,22,131.81,0,0,4,0,0,0,11,6.86,153,3/28,3/28,15.90,13.9,0,0,0,"November 28, 2006","June 24, 2024","August 06, 2006","November 06, 2023"
36326,Shane Edward Bond,"June 07, 1975, Christchurch, Canterbury",51y 28d,New Zealand,Bowler,2001 - 2010,2009/10,IPL 2009/10,KKR,8,1,0,1,1,1.00,2,50.00,0,0,0,0,1,0,9,7.22,186,2/24,2/24,24.88,20.6,0,0,0,"October 21, 2005","May 10, 2010","January 11, 2002","March 13, 2010"
475281,Shardul Narendra Thakur,"October 16, 1991, Palghar, Maharashtra",34y 262d,India,Bowling Allrounder,2017 - 2025,2026,IPL 2026,MI,9,3,1,24,10*,12.00,30,80.00,0,0,2,0,0,0,12,12.27,132,4/39,4/39,22.50,11.0,1,0,0,"February 21, 2018","February 20, 2022","August 31, 2017","October 19, 2023"
475281,Shardul Narendra Thakur,"October 16, 1991, Palghar, Maharashtra",34y 262d,India,Bowling Allrounder,2017 - 2025,2025,IPL 2025,LSG,10,5,2,18,6,6.00,12,150.00,0,0,3,0,4,0,13,11.02,204,4/34,4/34,28.84,15.6,1,0,0,"February 21, 2018","February 20, 2022","August 31, 2017","October 19, 2023"
475281,Shardul Narendra Thakur,"October 16, 1991, Palghar, Maharashtra",34y 262d,India,Bowling Allrounder,2017 - 2025,2024,IPL 2024,CSK,9,3,2,21,17,21.00,17,123.52,0,0,2,1,4,0,5,9.75,190,2/61,2/61,61.80,38.0,0,0,0,"February 21, 2018","February 20, 2022","August 31, 2017","October 19, 2023"
475281,Shardul Narendra Thakur,"October 16, 1991, Palghar, Maharashtra",34y 262d,India,Bowling Allrounder,2017 - 2025,2023,IPL 2023,KKR,11,10,2,113,68,14.12,70,161.42,0,1,13,4,4,0,7,10.47,126,2/23,2/23,31.42,18.0,0,0,0,"February 21, 2018","February 20, 2022","August 31, 2017","October 19, 2023"
475281,Shardul Narendra Thakur,"October 16, 1991, Palghar, Maharashtra",34y 262d,India,Bowling Allrounder,2017 - 2025,2022,IPL 2022,DC,14,10,2,120,29*,15.00,87,137.93,0,0,7,7,7,0,15,9.78,290,4/36,4/36,31.53,19.3,1,0,0,"February 21, 2018","February 20, 2022","August 31, 2017","October 19, 2023"
475281,Shardul Narendra Thakur,"October 16, 1991, Palghar, Maharashtra",34y 262d,India,Bowling Allrounder,2017 - 2025,2021,IPL 2021,CSK,16,4,2,5,3*,2.50,5,100.00,0,0,0,0,2,0,21,8.80,359,3/28,3/28,25.09,17.0,0,0,0,"February 21, 2018","February 20, 2022","August 31, 2017","October 19, 2023"
475281,Shardul Narendra Thakur,"October 16, 1991, Palghar, Maharashtra",34y 262d,India,Bowling Allrounder,2017 - 2025,2020/21,IPL 2020/21,CSK,9,2,1,12,11,12.00,21,57.14,0,0,0,0,2,0,10,8.50,194,2/28,2/28,27.50,19.4,0,0,0,"February 21, 2018","February 20, 2022","August 31, 2017","October 19, 2023"
475281,Shardul Narendra Thakur,"October 16, 1991, Palghar, Maharashtra",34y 262d,India,Bowling Allrounder,2017 - 2025,2019,IPL 2019,CSK,10,3,1,14,12*,7.00,7,200.00,0,0,1,1,5,0,8,9.36,180,2/18,2/18,35.12,22.5,0,0,0,"February 21, 2018","February 20, 2022","August 31, 2017","October 19, 2023"
475281,Shardul Narendra Thakur,"October 16, 1991, Palghar, Maharashtra",34y 262d,India,Bowling Allrounder,2017 - 2025,2018,IPL 2018,CSK,13,1,1,15,15*,-,5,300.00,0,0,3,0,4,0,16,9.23,280,2/18,2/18,26.93,17.5,0,0,0,"February 21, 2018","February 20, 2022","August 31, 2017","October 19, 2023"
475281,Shardul Narendra Thakur,"October 16, 1991, Palghar, Maharashtra",34y 262d,India,Bowling Allrounder,2017 - 2025,2017,IPL 2017,RPS,12,3,0,0,0,0.00,3,0.00,0,0,0,0,4,0,11,8.25,229,3/19,3/19,28.63,20.8,0,0,0,"February 21, 2018","February 20, 2022","August 31, 2017","October 19, 2023"
475281,Shardul Narendra Thakur,"October 16, 1991, Palghar, Maharashtra",34y 262d,India,Bowling Allrounder,2017 - 2025,2015,IPL 2015,PBKS,1,1,1,7,7*,-,6,116.66,0,0,1,0,0,0,1,12.66,18,1/38,1/38,38.00,18.0,0,0,0,"February 21, 2018","February 20, 2022","August 31, 2017","October 19, 2023"
237696,Sheldon Philip Jackson,"September 27, 1986, Bhavnagar, Saurashtra",39y 281d,India,Wicketkeeper Batter,-,2022,IPL 2022,KKR,5,5,1,23,8,5.75,26,88.46,0,0,0,1,5,2,-,-,-,-,-,-,-,-,-,-,,,,
237696,Sheldon Philip Jackson,"September 27, 1986, Bhavnagar, Saurashtra",39y 281d,India,Wicketkeeper Batter,-,2017,IPL 2017,KKR,4,3,1,38,16,19.00,31,122.58,0,0,5,0,2,0,-,-,-,-,-,-,-,-,-,-,,,,
42655,Shoaib Akhtar,"August 13, 1975, Rawalpindi, Punjab",50y 326d,Pakistan,Bowler,1997 - 2011,2007/08,IPL 2007/08,KKR,3,1,0,2,2,2.00,7,28.57,0,0,0,0,0,0,5,7.71,42,4/11,4/11,10.80,8.4,1,0,0,"August 28, 2006","December 28, 2010","March 28, 1998","March 08, 2011"
377437,Shoaib Shabbir Shaikh,"January 18, 1987, Bombay (now Mumbai), Maharashtra",39y 168d,India,,-,2009,IPL 2009,KKR,2,1,0,6,6,6.00,7,85.71,0,0,1,0,2,0,-,-,-,-,-,-,-,-,-,-,,,,
302579,Shreevats Pratyush Goswami,"May 18, 1989, Calcutta (now Kolkata), Bengal",37y 48d,India,Wicketkeeper Batter,-,2020/21,IPL 2020/21,SRH,2,2,0,0,0,0.00,4,0.00,0,0,0,0,1,0,-,-,-,-,-,-,-,-,-,-,,,,
302579,Shreevats Pratyush Goswami,"May 18, 1989, Calcutta (now Kolkata), Bengal",37y 48d,India,Wicketkeeper Batter,-,2018,IPL 2018,SRH,6,3,0,52,35,17.33,40,130.00,0,0,6,1,5,0,-,-,-,-,-,-,-,-,-,-,,,,
302579,Shreevats Pratyush Goswami,"May 18, 1989, Calcutta (now Kolkata), Bengal",37y 48d,India,Wicketkeeper Batter,-,2012,IPL 2012,RR,11,6,1,69,24,13.80,67,102.98,0,0,4,1,4,4,-,-,-,-,-,-,-,-,-,-,,,,
302579,Shreevats Pratyush Goswami,"May 18, 1989, Calcutta (now Kolkata), Bengal",37y 48d,India,Wicketkeeper Batter,-,2011,IPL 2011,KKR,5,4,0,29,22,7.25,29,100.00,0,0,5,0,4,1,-,-,-,-,-,-,-,-,-,-,,,,
302579,Shreevats Pratyush Goswami,"May 18, 1989, Calcutta (now Kolkata), Bengal",37y 48d,India,Wicketkeeper Batter,-,2009/10,IPL 2009/10,RCB,1,1,0,8,8,8.00,10,80.00,0,0,2,0,0,0,-,-,-,-,-,-,-,-,-,-,,,,
302579,Shreevats Pratyush Goswami,"May 18, 1989, Calcutta (now Kolkata), Bengal",37y 48d,India,Wicketkeeper Batter,-,2009,IPL 2009,RCB,2,2,0,53,43,26.50,60,88.33,0,0,6,0,1,0,-,-,-,-,-,-,-,-,-,-,,,,
302579,Shreevats Pratyush Goswami,"May 18, 1989, Calcutta (now Kolkata), Bengal",37y 48d,India,Wicketkeeper Batter,-,2007/08,IPL 2007/08,RCB,4,3,0,82,52,27.33,85,96.47,0,1,9,1,2,2,-,-,-,-,-,-,-,-,-,-,,,,
642519,Shreyas Santosh Iyer,"December 06, 1994, Mumbai",31y 211d,India,Top order Batter,2017 - 2026,2026,IPL 2026,PBKS,14,13,4,498,101*,55.33,295,168.81,1,5,39,30,8,0,-,-,-,-,-,-,-,-,-,-,"November 01, 2017","July 04, 2026","December 10, 2017","June 20, 2026"
642519,Shreyas Santosh Iyer,"December 06, 1994, Mumbai",31y 211d,India,Top order Batter,2017 - 2026,2025,IPL 2025,PBKS,17,17,5,604,97*,50.33,345,175.07,0,6,43,39,7,0,-,-,-,-,-,-,-,-,-,-,"November 01, 2017","July 04, 2026","December 10, 2017","June 20, 2026"
642519,Shreyas Santosh Iyer,"December 06, 1994, Mumbai",31y 211d,India,Top order Batter,2017 - 2026,2024,IPL 2024,KKR,15,14,5,351,58*,39.00,239,146.86,0,2,34,14,10,0,-,-,-,-,-,-,-,-,-,-,"November 01, 2017","July 04, 2026","December 10, 2017","June 20, 2026"
642519,Shreyas Santosh Iyer,"December 06, 1994, Mumbai",31y 211d,India,Top order Batter,2017 - 2026,2022,IPL 2022,KKR,14,14,1,401,85,30.84,298,134.56,0,3,41,11,5,0,0,7.00,6,-,-,-,-,0,0,0,"November 01, 2017","July 04, 2026","December 10, 2017","June 20, 2026"
642519,Shreyas Santosh Iyer,"December 06, 1994, Mumbai",31y 211d,India,Top order Batter,2017 - 2026,2021,IPL 2021,DC,8,8,3,175,47*,35.00,171,102.33,0,0,7,5,6,0,-,-,-,-,-,-,-,-,-,-,"November 01, 2017","July 04, 2026","December 10, 2017","June 20, 2026"
642519,Shreyas Santosh Iyer,"December 06, 1994, Mumbai",31y 211d,India,Top order Batter,2017 - 2026,2020/21,IPL 2020/21,DC,17,17,2,519,88*,34.60,421,123.27,0,3,40,16,6,0,-,-,-,-,-,-,-,-,-,-,"November 01, 2017","July 04, 2026","December 10, 2017","June 20, 2026"
642519,Shreyas Santosh Iyer,"December 06, 1994, Mumbai",31y 211d,India,Top order Batter,2017 - 2026,2019,IPL 2019,DC,16,16,1,463,67,30.86,386,119.94,0,3,41,14,8,0,-,-,-,-,-,-,-,-,-,-,"November 01, 2017","July 04, 2026","December 10, 2017","June 20, 2026"
642519,Shreyas Santosh Iyer,"December 06, 1994, Mumbai",31y 211d,India,Top order Batter,2017 - 2026,2018,IPL 2018,DC,14,14,3,411,93*,37.36,310,132.58,0,4,29,21,5,0,-,-,-,-,-,-,-,-,-,-,"November 01, 2017","July 04, 2026","December 10, 2017","June 20, 2026"
642519,Shreyas Santosh Iyer,"December 06, 1994, Mumbai",31y 211d,India,Top order Batter,2017 - 2026,2017,IPL 2017,DC,12,12,2,338,96,33.80,243,139.09,0,2,36,10,3,0,-,-,-,-,-,-,-,-,-,-,"November 01, 2017","July 04, 2026","December 10, 2017","June 20, 2026"
642519,Shreyas Santosh Iyer,"December 06, 1994, Mumbai",31y 211d,India,Top order Batter,2017 - 2026,2016,IPL 2016,DC,6,6,0,30,19,5.00,43,69.76,0,0,2,1,4,0,-,-,-,-,-,-,-,-,-,-,"November 01, 2017","July 04, 2026","December 10, 2017","June 20, 2026"
642519,Shreyas Santosh Iyer,"December 06, 1994, Mumbai",31y 211d,India,Top order Batter,2017 - 2026,2015,IPL 2015,DC,14,14,1,439,83,33.76,342,128.36,0,4,41,21,2,0,-,-,-,-,-,-,-,-,-,-,"November 01, 2017","July 04, 2026","December 10, 2017","June 20, 2026"
1070173,Shubman Gill,"September 08, 1999, Fazilka, Punjab",26y 300d,India,Top order Batter,2019 - 2026,2026,IPL 2026,GT,16,16,0,732,104,45.75,449,163.02,1,6,74,33,12,0,-,-,-,-,-,-,-,-,-,-,"January 03, 2023","December 14, 2025","January 31, 2019","June 20, 2026"
1070173,Shubman Gill,"September 08, 1999, Fazilka, Punjab",26y 300d,India,Top order Batter,2019 - 2026,2025,IPL 2025,GT,15,15,2,650,93*,50.00,417,155.87,0,6,62,24,8,0,-,-,-,-,-,-,-,-,-,-,"January 03, 2023","December 14, 2025","January 31, 2019","June 20, 2026"
1070173,Shubman Gill,"September 08, 1999, Fazilka, Punjab",26y 300d,India,Top order Batter,2019 - 2026,2024,IPL 2024,GT,12,12,1,426,104,38.72,289,147.40,1,2,37,15,1,0,-,-,-,-,-,-,-,-,-,-,"January 03, 2023","December 14, 2025","January 31, 2019","June 20, 2026"
1070173,Shubman Gill,"September 08, 1999, Fazilka, Punjab",26y 300d,India,Top order Batter,2019 - 2026,2023,IPL 2023,GT,17,17,2,890,129,59.33,564,157.80,3,4,85,33,6,0,-,-,-,-,-,-,-,-,-,-,"January 03, 2023","December 14, 2025","January 31, 2019","June 20, 2026"
1070173,Shubman Gill,"September 08, 1999, Fazilka, Punjab",26y 300d,India,Top order Batter,2019 - 2026,2022,IPL 2022,GT,16,16,2,483,96,34.50,365,132.32,0,4,51,11,7,0,-,-,-,-,-,-,-,-,-,-,"January 03, 2023","December 14, 2025","January 31, 2019","June 20, 2026"
1070173,Shubman Gill,"September 08, 1999, Fazilka, Punjab",26y 300d,India,Top order Batter,2019 - 2026,2021,IPL 2021,KKR,17,17,0,478,57,28.11,402,118.90,0,3,50,12,6,0,-,-,-,-,-,-,-,-,-,-,"January 03, 2023","December 14, 2025","January 31, 2019","June 20, 2026"
1070173,Shubman Gill,"September 08, 1999, Fazilka, Punjab",26y 300d,India,Top order Batter,2019 - 2026,2020/21,IPL 2020/21,KKR,14,14,1,440,70*,33.84,373,117.96,0,3,44,9,7,0,-,-,-,-,-,-,-,-,-,-,"January 03, 2023","December 14, 2025","January 31, 2019","June 20, 2026"
1070173,Shubman Gill,"September 08, 1999, Fazilka, Punjab",26y 300d,India,Top order Batter,2019 - 2026,2019,IPL 2019,KKR,14,13,4,296,76,32.88,238,124.36,0,3,21,10,7,0,-,-,-,-,-,-,-,-,-,-,"January 03, 2023","December 14, 2025","January 31, 2019","June 20, 2026"
1070173,Shubman Gill,"September 08, 1999, Fazilka, Punjab",26y 300d,India,Top order Batter,2019 - 2026,2018,IPL 2018,KKR,13,11,5,203,57*,33.83,139,146.04,0,1,22,5,3,0,-,-,-,-,-,-,-,-,-,-,"January 03, 2023","December 14, 2025","January 31, 2019","June 20, 2026"
28779,Sourav Chandidas Ganguly,"July 08, 1972, Calcutta (now Kolkata), Bengal",53y 362d,India,Batter,1992 - 2008,2012,IPL 2012,PWI,15,15,0,268,45,17.86,271,98.89,0,0,30,4,6,0,2,9.50,60,2/27,2/27,47.50,30.0,0,0,0,,,"January 11, 1992","November 15, 2007"
28779,Sourav Chandidas Ganguly,"July 08, 1972, Calcutta (now Kolkata), Bengal",53y 362d,India,Batter,1992 - 2008,2011,IPL 2011,PWI,4,3,1,50,32*,25.00,59,84.74,0,0,3,2,1,0,-,-,-,-,-,-,-,-,-,-,,,"January 11, 1992","November 15, 2007"
28779,Sourav Chandidas Ganguly,"July 08, 1972, Calcutta (now Kolkata), Bengal",53y 362d,India,Batter,1992 - 2008,2009/10,IPL 2009/10,KKR,14,14,1,493,88,37.92,419,117.66,0,4,58,15,7,0,0,10.75,24,-,-,-,-,0,0,0,,,"January 11, 1992","November 15, 2007"
28779,Sourav Chandidas Ganguly,"July 08, 1972, Calcutta (now Kolkata), Bengal",53y 362d,India,Batter,1992 - 2008,2009,IPL 2009,KKR,13,11,0,189,46,17.18,207,91.30,0,0,13,6,3,0,2,8.08,72,2/24,2/24,48.50,36.0,0,0,0,,,"January 11, 1992","November 15, 2007"
28779,Sourav Chandidas Ganguly,"July 08, 1972, Calcutta (now Kolkata), Bengal",53y 362d,India,Batter,1992 - 2008,2007/08,IPL 2007/08,KKR,13,13,1,349,91,29.08,307,113.68,0,3,33,15,5,0,6,6.40,120,2/21,2/21,21.33,20.0,0,0,0,,,"January 11, 1992","November 15, 2007"
34402,Sourav Subrata Sarkar,"December 15, 1984, Calcutta (now Kolkata), Bengal",41y 202d,India,Bowler,-,2009,IPL 2009,KKR,2,-,-,-,-,-,-,-,-,-,-,-,0,0,1,8.16,25,1/15,1/15,34.00,25.0,0,0,0,,,,
1123718,Spencer Henry Johnson,"December 16, 1995, Adelaide, South Australia",30y 201d,Australia,Bowler,2023 - 2026,2026,IPL 2026,CSK,3,1,0,0,0,0.00,1,0.00,0,0,0,0,1,0,2,10.18,66,1/39,1/39,56.00,33.0,0,0,0,"August 30, 2023","June 21, 2026","September 24, 2023","February 28, 2025"
1123718,Spencer Henry Johnson,"December 16, 1995, Adelaide, South Australia",30y 201d,Australia,Bowler,2023 - 2026,2025,IPL 2025,KKR,4,2,2,2,1*,-,4,50.00,0,0,0,0,1,0,1,11.73,68,1/42,1/42,133.00,68.0,0,0,0,"August 30, 2023","June 21, 2026","September 24, 2023","February 28, 2025"
1123718,Spencer Henry Johnson,"December 16, 1995, Adelaide, South Australia",30y 201d,Australia,Bowler,2023 - 2026,2024,IPL 2024,GT,5,3,3,6,5*,-,7,85.71,0,0,1,0,2,0,4,9.43,96,2/25,2/25,37.75,24.0,0,0,0,"August 30, 2023","June 21, 2026","September 24, 2023","February 28, 2025"
32084,Sumit Narwal,"April 16, 1982, Chirao, Karnal, Haryana",44y 80d,India,Allrounder,-,2013,IPL 2013,KKR,2,1,0,23,23,23.00,15,153.33,0,0,4,0,0,0,0,8.50,12,-,-,-,-,0,0,0,,,,
32084,Sumit Narwal,"April 16, 1982, Chirao, Karnal, Haryana",44y 80d,India,Allrounder,-,2009/10,IPL 2009/10,RR,5,3,1,14,12,7.00,12,116.66,0,0,2,0,1,0,5,11.80,94,3/36,3/36,37.00,18.8,0,0,0,,,,
230558,Sunil Philip Narine,"May 26, 1988, Arima, Trinidad & Tobago",38y 40d,West Indies,Bowling Allrounder,2011 - 2019,2026,IPL 2026,KKR,13,4,1,40,24,13.33,32,125.00,0,0,2,4,3,0,15,6.64,306,2/26,2/26,22.60,20.4,0,0,0,"March 27, 2012","August 06, 2019","December 05, 2011","October 05, 2016"
230558,Sunil Philip Narine,"May 26, 1988, Arima, Trinidad & Tobago",38y 40d,West Indies,Bowling Allrounder,2011 - 2019,2025,IPL 2025,KKR,12,12,1,246,44,22.36,144,170.83,0,0,25,19,3,0,12,7.80,270,3/13,3/13,29.25,22.5,0,0,0,"March 27, 2012","August 06, 2019","December 05, 2011","October 05, 2016"
230558,Sunil Philip Narine,"May 26, 1988, Arima, Trinidad & Tobago",38y 40d,West Indies,Bowling Allrounder,2011 - 2019,2024,IPL 2024,KKR,15,14,0,488,109,34.85,270,180.74,1,3,50,33,8,0,17,6.69,330,2/22,2/22,21.64,19.4,0,0,0,"March 27, 2012","August 06, 2019","December 05, 2011","October 05, 2016"
230558,Sunil Philip Narine,"May 26, 1988, Arima, Trinidad & Tobago",38y 40d,West Indies,Bowling Allrounder,2011 - 2019,2023,IPL 2023,KKR,14,10,3,21,7*,3.00,25,84.00,0,0,2,1,1,0,11,7.97,288,3/33,3/33,34.81,26.1,0,0,0,"March 27, 2012","August 06, 2019","December 05, 2011","October 05, 2016"
230558,Sunil Philip Narine,"May 26, 1988, Arima, Trinidad & Tobago",38y 40d,West Indies,Bowling Allrounder,2011 - 2019,2022,IPL 2022,KKR,14,10,2,71,22,8.87,40,177.50,0,0,6,6,3,0,9,5.57,336,2/21,2/21,34.66,37.3,0,0,0,"March 27, 2012","August 06, 2019","December 05, 2011","October 05, 2016"
230558,Sunil Philip Narine,"May 26, 1988, Arima, Trinidad & Tobago",38y 40d,West Indies,Bowling Allrounder,2011 - 2019,2021,IPL 2021,KKR,14,10,2,62,26,7.75,47,131.91,0,0,3,5,2,0,16,6.44,336,4/21,4/21,22.56,21.0,1,0,0,"March 27, 2012","August 06, 2019","December 05, 2011","October 05, 2016"
230558,Sunil Philip Narine,"May 26, 1988, Arima, Trinidad & Tobago",38y 40d,West Indies,Bowling Allrounder,2011 - 2019,2020/21,IPL 2020/21,KKR,10,9,0,121,64,13.44,85,142.35,0,1,10,8,2,0,5,7.94,228,2/28,2/28,60.40,45.6,0,0,0,"March 27, 2012","August 06, 2019","December 05, 2011","October 05, 2016"
230558,Sunil Philip Narine,"May 26, 1988, Arima, Trinidad & Tobago",38y 40d,West Indies,Bowling Allrounder,2011 - 2019,2019,IPL 2019,KKR,12,9,1,143,47,17.87,86,166.27,0,0,17,9,0,0,10,7.82,266,2/19,2/19,34.70,26.6,0,0,0,"March 27, 2012","August 06, 2019","December 05, 2011","October 05, 2016"
230558,Sunil Philip Narine,"May 26, 1988, Arima, Trinidad & Tobago",38y 40d,West Indies,Bowling Allrounder,2011 - 2019,2018,IPL 2018,KKR,16,16,0,357,75,22.31,188,189.89,0,2,40,23,1,0,17,7.65,366,3/18,3/18,27.47,21.5,0,0,0,"March 27, 2012","August 06, 2019","December 05, 2011","October 05, 2016"
230558,Sunil Philip Narine,"May 26, 1988, Arima, Trinidad & Tobago",38y 40d,West Indies,Bowling Allrounder,2011 - 2019,2017,IPL 2017,KKR,16,14,1,224,54,17.23,130,172.30,0,1,34,10,4,0,10,6.98,354,2/29,2/29,41.20,35.4,0,0,0,"March 27, 2012","August 06, 2019","December 05, 2011","October 05, 2016"
230558,Sunil Philip Narine,"May 26, 1988, Arima, Trinidad & Tobago",38y 40d,West Indies,Bowling Allrounder,2011 - 2019,2016,IPL 2016,KKR,11,4,3,7,4,7.00,13,53.84,0,0,0,0,2,0,11,7.12,256,3/26,3/26,27.63,23.2,0,0,0,"March 27, 2012","August 06, 2019","December 05, 2011","October 05, 2016"
230558,Sunil Philip Narine,"May 26, 1988, Arima, Trinidad & Tobago",38y 40d,West Indies,Bowling Allrounder,2011 - 2019,2015,IPL 2015,KKR,8,1,1,0,0*,-,1,0.00,0,0,0,0,1,0,7,7.31,192,4/19,4/19,33.42,27.4,1,0,0,"March 27, 2012","August 06, 2019","December 05, 2011","October 05, 2016"
230558,Sunil Philip Narine,"May 26, 1988, Arima, Trinidad & Tobago",38y 40d,West Indies,Bowling Allrounder,2011 - 2019,2014,IPL 2014,KKR,16,5,3,10,6,5.00,14,71.42,0,0,0,0,2,0,21,6.35,384,4/20,4/20,19.38,18.2,2,0,0,"March 27, 2012","August 06, 2019","December 05, 2011","October 05, 2016"
230558,Sunil Philip Narine,"May 26, 1988, Arima, Trinidad & Tobago",38y 40d,West Indies,Bowling Allrounder,2011 - 2019,2013,IPL 2013,KKR,16,6,3,21,13,7.00,19,110.52,0,0,0,2,6,0,22,5.46,384,4/13,4/13,15.90,17.4,2,0,0,"March 27, 2012","August 06, 2019","December 05, 2011","October 05, 2016"
230558,Sunil Philip Narine,"May 26, 1988, Arima, Trinidad & Tobago",38y 40d,West Indies,Bowling Allrounder,2011 - 2019,2012,IPL 2012,KKR,15,2,1,9,9*,9.00,7,128.57,0,0,2,0,1,0,24,5.47,355,5/19,5/19,13.50,14.7,1,1,0,"March 27, 2012","August 06, 2019","December 05, 2011","October 05, 2016"
446507,Suryakumar Ashok Yadav,"September 14, 1990, Mumbai, Maharashtra",35y 294d,India,Batter,2021 - 2026,2026,IPL 2026,MI,13,13,0,270,60,20.76,183,147.54,0,2,28,10,3,0,-,-,-,-,-,-,-,-,-,-,"March 14, 2021","March 08, 2026","July 18, 2021","November 19, 2023"
446507,Suryakumar Ashok Yadav,"September 14, 1990, Mumbai, Maharashtra",35y 294d,India,Batter,2021 - 2026,2025,IPL 2025,MI,16,16,5,717,73*,65.18,427,167.91,0,5,69,38,6,0,-,-,-,-,-,-,-,-,-,-,"March 14, 2021","March 08, 2026","July 18, 2021","November 19, 2023"
446507,Suryakumar Ashok Yadav,"September 14, 1990, Mumbai, Maharashtra",35y 294d,India,Batter,2021 - 2026,2024,IPL 2024,MI,11,11,1,345,102*,34.50,206,167.47,1,3,36,18,4,0,-,-,-,-,-,-,-,-,-,-,"March 14, 2021","March 08, 2026","July 18, 2021","November 19, 2023"
446507,Suryakumar Ashok Yadav,"September 14, 1990, Mumbai, Maharashtra",35y 294d,India,Batter,2021 - 2026,2023,IPL 2023,MI,16,16,2,605,103*,43.21,334,181.13,1,5,65,28,6,0,-,-,-,-,-,-,-,-,-,-,"March 14, 2021","March 08, 2026","July 18, 2021","November 19, 2023"
446507,Suryakumar Ashok Yadav,"September 14, 1990, Mumbai, Maharashtra",35y 294d,India,Batter,2021 - 2026,2022,IPL 2022,MI,8,8,1,303,68*,43.28,208,145.67,0,3,23,16,3,0,-,-,-,-,-,-,-,-,-,-,"March 14, 2021","March 08, 2026","July 18, 2021","November 19, 2023"
446507,Suryakumar Ashok Yadav,"September 14, 1990, Mumbai, Maharashtra",35y 294d,India,Batter,2021 - 2026,2021,IPL 2021,MI,14,14,0,317,82,22.64,221,143.43,0,2,40,10,5,0,-,-,-,-,-,-,-,-,-,-,"March 14, 2021","March 08, 2026","July 18, 2021","November 19, 2023"
446507,Suryakumar Ashok Yadav,"September 14, 1990, Mumbai, Maharashtra",35y 294d,India,Batter,2021 - 2026,2020/21,IPL 2020/21,MI,16,15,3,480,79*,40.00,331,145.01,0,4,61,11,8,0,-,-,-,-,-,-,-,-,-,-,"March 14, 2021","March 08, 2026","July 18, 2021","November 19, 2023"
446507,Suryakumar Ashok Yadav,"September 14, 1990, Mumbai, Maharashtra",35y 294d,India,Batter,2021 - 2026,2019,IPL 2019,MI,16,15,2,424,71*,32.61,324,130.86,0,2,45,10,9,0,-,-,-,-,-,-,-,-,-,-,"March 14, 2021","March 08, 2026","July 18, 2021","November 19, 2023"
446507,Suryakumar Ashok Yadav,"September 14, 1990, Mumbai, Maharashtra",35y 294d,India,Batter,2021 - 2026,2018,IPL 2018,MI,14,14,0,512,72,36.57,384,133.33,0,4,61,16,8,0,-,-,-,-,-,-,-,-,-,-,"March 14, 2021","March 08, 2026","July 18, 2021","November 19, 2023"
446507,Suryakumar Ashok Yadav,"September 14, 1990, Mumbai, Maharashtra",35y 294d,India,Batter,2021 - 2026,2017,IPL 2017,KKR,10,7,1,105,31,17.50,88,119.31,0,0,8,3,5,0,-,-,-,-,-,-,-,-,-,-,"March 14, 2021","March 08, 2026","July 18, 2021","November 19, 2023"
446507,Suryakumar Ashok Yadav,"September 14, 1990, Mumbai, Maharashtra",35y 294d,India,Batter,2021 - 2026,2016,IPL 2016,KKR,15,11,4,182,60,26.00,143,127.27,0,1,18,5,6,0,-,-,-,-,-,-,-,-,-,-,"March 14, 2021","March 08, 2026","July 18, 2021","November 19, 2023"
446507,Suryakumar Ashok Yadav,"September 14, 1990, Mumbai, Maharashtra",35y 294d,India,Batter,2021 - 2026,2015,IPL 2015,KKR,13,13,4,157,46*,17.44,113,138.93,0,0,12,8,7,0,-,-,-,-,-,-,-,-,-,-,"March 14, 2021","March 08, 2026","July 18, 2021","November 19, 2023"
446507,Suryakumar Ashok Yadav,"September 14, 1990, Mumbai, Maharashtra",35y 294d,India,Batter,2021 - 2026,2014,IPL 2014,KKR,16,10,5,164,34,32.80,117,140.17,0,0,16,5,7,0,0,8.00,6,-,-,-,-,0,0,0,"March 14, 2021","March 08, 2026","July 18, 2021","November 19, 2023"
446507,Suryakumar Ashok Yadav,"September 14, 1990, Mumbai, Maharashtra",35y 294d,India,Batter,2021 - 2026,2012,IPL 2012,MI,1,1,0,0,0,0.00,4,0.00,0,0,0,0,0,0,-,-,-,-,-,-,-,-,-,-,"March 14, 2021","March 08, 2026","July 18, 2021","November 19, 2023"
1350792,Suyash Sharma,"May 15, 2003",23y 51d,India,Bowler,-,2026,IPL 2026,RCB,12,-,-,-,-,-,-,-,-,-,-,-,0,0,9,9.20,245,2/47,2/47,41.77,27.2,0,0,0,,,,
1350792,Suyash Sharma,"May 15, 2003",23y 51d,India,Bowler,-,2025,IPL 2025,RCB,14,-,-,-,-,-,-,-,-,-,-,-,1,0,8,8.84,300,3/17,3/17,55.25,37.5,0,0,0,,,,
1350792,Suyash Sharma,"May 15, 2003",23y 51d,India,Bowler,-,2024,IPL 2024,KKR,2,-,-,-,-,-,-,-,-,-,-,-,1,0,0,12.75,24,-,-,-,-,0,0,0,,,,
1350792,Suyash Sharma,"May 15, 2003",23y 51d,India,Bowler,-,2023,IPL 2023,KKR,11,-,-,-,-,-,-,-,-,-,-,-,0,0,10,8.23,234,3/30,3/30,32.10,23.4,0,0,0,,,,
55805,Tatenda Taibu,"May 14, 1983, Harare",43y 52d,Zimbabwe,Wicketkeeper Batter,2001 - 2012,2007/08,IPL 2007/08,KKR,3,3,0,31,15,10.33,26,119.23,0,0,3,0,1,0,-,-,-,-,-,-,-,-,-,-,"September 12, 2007","February 14, 2012","June 23, 2001","February 09, 2012"
1460372,Tejasvi Dahiya,"April 18, 2002",24y 78d,India,Wicketkeeper Batter,-,2026,IPL 2026,KKR,2,2,0,12,11,6.00,15,80.00,0,0,2,0,1,0,-,-,-,-,-,-,-,-,-,-,,,,
625964,Tim Louis Seifert,"December 14, 1994, Wanganui",31y 203d,New Zealand,Wicketkeeper Batter,2018 - 2026,2026,IPL 2026,KKR,3,3,0,19,19,6.33,18,105.55,0,0,2,1,2,1,-,-,-,-,-,-,-,-,-,-,"February 13, 2018","March 08, 2026","January 03, 2019","April 05, 2025"
625964,Tim Louis Seifert,"December 14, 1994, Wanganui",31y 203d,New Zealand,Wicketkeeper Batter,2018 - 2026,2022,IPL 2022,DC,2,2,0,24,21,12.00,19,126.31,0,0,4,0,1,0,-,-,-,-,-,-,-,-,-,-,"February 13, 2018","March 08, 2026","January 03, 2019","April 05, 2025"
625964,Tim Louis Seifert,"December 14, 1994, Wanganui",31y 203d,New Zealand,Wicketkeeper Batter,2018 - 2026,2021,IPL 2021,KKR,1,1,0,2,2,2.00,4,50.00,0,0,0,0,0,0,-,-,-,-,-,-,-,-,-,-,"February 13, 2018","March 08, 2026","January 03, 2019","April 05, 2025"
232364,Timothy Grant Southee,"December 11, 1988, Whangarei, Northland",37y 206d,New Zealand,Bowler,2008 - 2024,2023,IPL 2023,KKR,2,-,-,-,-,-,-,-,-,-,-,-,0,0,2,13.16,36,2/54,2/54,39.50,18.0,0,0,0,"February 05, 2008","June 17, 2024","June 15, 2008","November 15, 2023"
232364,Timothy Grant Southee,"December 11, 1988, Whangarei, Northland",37y 206d,New Zealand,Bowler,2008 - 2024,2022,IPL 2022,KKR,9,5,1,2,1*,0.50,12,16.66,0,0,0,0,4,0,14,7.85,210,3/20,3/20,19.64,15.0,0,0,0,"February 05, 2008","June 17, 2024","June 15, 2008","November 15, 2023"
232364,Timothy Grant Southee,"December 11, 1988, Whangarei, Northland",37y 206d,New Zealand,Bowler,2008 - 2024,2021,IPL 2021,KKR,3,1,0,3,3,3.00,5,60.00,0,0,0,0,2,0,3,7.91,72,2/26,2/26,31.66,24.0,0,0,0,"February 05, 2008","June 17, 2024","June 15, 2008","November 15, 2023"
232364,Timothy Grant Southee,"December 11, 1988, Whangarei, Northland",37y 206d,New Zealand,Bowler,2008 - 2024,2019,IPL 2019,RCB,3,1,1,9,9*,-,9,100.00,0,0,0,0,3,0,1,13.11,54,1/24,1/24,118.00,54.0,0,0,0,"February 05, 2008","June 17, 2024","June 15, 2008","November 15, 2023"
232364,Timothy Grant Southee,"December 11, 1988, Whangarei, Northland",37y 206d,New Zealand,Bowler,2008 - 2024,2018,IPL 2018,RCB,8,4,2,52,36*,26.00,46,113.04,0,0,5,1,3,0,5,9.00,174,3/30,3/30,52.20,34.8,0,0,0,"February 05, 2008","June 17, 2024","June 15, 2008","November 15, 2023"
232364,Timothy Grant Southee,"December 11, 1988, Whangarei, Northland",37y 206d,New Zealand,Bowler,2008 - 2024,2017,IPL 2017,MI,3,1,0,7,7,7.00,3,233.33,0,0,0,1,1,0,3,9.60,60,2/39,2/39,32.00,20.0,0,0,0,"February 05, 2008","June 17, 2024","June 15, 2008","November 15, 2023"
232364,Timothy Grant Southee,"December 11, 1988, Whangarei, Northland",37y 206d,New Zealand,Bowler,2008 - 2024,2016,IPL 2016,MI,11,4,1,30,25,10.00,19,157.89,0,0,1,2,4,0,9,7.65,258,3/24,3/24,36.55,28.6,0,0,0,"February 05, 2008","June 17, 2024","June 15, 2008","November 15, 2023"
232364,Timothy Grant Southee,"December 11, 1988, Whangarei, Northland",37y 206d,New Zealand,Bowler,2008 - 2024,2015,IPL 2015,RR,7,3,2,13,7*,13.00,9,144.44,0,0,1,0,4,0,6,8.82,168,2/32,2/32,41.16,28.0,0,0,0,"February 05, 2008","June 17, 2024","June 15, 2008","November 15, 2023"
232364,Timothy Grant Southee,"December 11, 1988, Whangarei, Northland",37y 206d,New Zealand,Bowler,2008 - 2024,2014,IPL 2014,RR,3,1,0,4,4,4.00,4,100.00,0,0,1,0,2,0,0,7.60,60,-,-,-,-,0,0,0,"February 05, 2008","June 17, 2024","June 15, 2008","November 15, 2023"
232364,Timothy Grant Southee,"December 11, 1988, Whangarei, Northland",37y 206d,New Zealand,Bowler,2008 - 2024,2011,IPL 2011,CSK,5,-,-,-,-,-,-,-,-,-,-,-,0,0,4,8.73,114,1/30,1/30,41.50,28.5,0,0,0,"February 05, 2008","June 17, 2024","June 15, 2008","November 15, 2023"
877051,Tom Banton,"November 11, 1998, Chiltern, Buckinghamshire",27y 236d,England,Wicketkeeper Batter,2019 - 2026,2020/21,IPL 2020/21,KKR,2,2,0,18,10,9.00,20,90.00,0,0,1,1,0,0,-,-,-,-,-,-,-,-,-,-,"November 05, 2019","July 04, 2026","February 04, 2020","February 12, 2025"
550235,Thomas Kevin Curran,"March 12, 1995, Cape Town, Cape Province",31y 115d,England,Allrounder,2017 - 2021,2021,IPL 2021,DC,3,2,1,21,21,21.00,17,123.52,0,0,2,0,0,0,4,9.17,68,3/29,3/29,26.00,17.0,0,0,0,"June 23, 2017","July 18, 2021","September 29, 2017","July 04, 2021"
550235,Thomas Kevin Curran,"March 12, 1995, Cape Town, Cape Province",31y 115d,England,Allrounder,2017 - 2021,2020/21,IPL 2020/21,RR,5,4,3,83,54*,83.00,62,133.87,0,1,5,3,1,0,3,11.44,109,1/37,1/37,69.33,36.3,0,0,0,"June 23, 2017","July 18, 2021","September 29, 2017","July 04, 2021"
550235,Thomas Kevin Curran,"March 12, 1995, Cape Town, Cape Province",31y 115d,England,Allrounder,2017 - 2021,2018,IPL 2018,KKR,5,4,1,23,18,7.66,28,82.14,0,0,3,0,1,0,6,11.60,61,2/19,2/19,19.66,10.1,0,0,0,"June 23, 2017","July 18, 2021","September 29, 2017","July 04, 2021"
277912,Trent Alexander Boult,"July 22, 1989, Rotorua",36y 348d,New Zealand,Bowler,2011 - 2024,2026,IPL 2026,MI,5,2,1,8,7*,8.00,4,200.00,0,0,0,1,1,0,2,11.62,97,1/41,1/41,94.00,48.5,0,0,0,"February 09, 2013","June 17, 2024","July 11, 2012","November 15, 2023"
277912,Trent Alexander Boult,"July 22, 1989, Rotorua",36y 348d,New Zealand,Bowler,2011 - 2024,2025,IPL 2025,MI,16,2,1,2,1*,2.00,3,66.66,0,0,0,0,1,0,22,8.96,346,4/26,4/26,23.50,15.7,1,0,0,"February 09, 2013","June 17, 2024","July 11, 2012","November 15, 2023"
277912,Trent Alexander Boult,"July 22, 1989, Rotorua",36y 348d,New Zealand,Bowler,2011 - 2024,2024,IPL 2024,RR,16,5,3,14,12,7.00,16,87.50,0,0,2,0,4,0,16,8.30,320,3/22,3/22,27.68,20.0,0,0,0,"February 09, 2013","June 17, 2024","July 11, 2012","November 15, 2023"
277912,Trent Alexander Boult,"July 22, 1989, Rotorua",36y 348d,New Zealand,Bowler,2011 - 2024,2023,IPL 2023,RR,10,4,3,16,15,16.00,14,114.28,0,0,1,1,5,0,13,8.21,228,3/29,3/29,24.00,17.5,0,0,0,"February 09, 2013","June 17, 2024","July 11, 2012","November 15, 2023"
277912,Trent Alexander Boult,"July 22, 1989, Rotorua",36y 348d,New Zealand,Bowler,2011 - 2024,2022,IPL 2022,RR,16,8,6,40,17*,20.00,29,137.93,0,0,2,1,2,0,16,7.93,372,2/18,2/18,30.75,23.2,0,0,0,"February 09, 2013","June 17, 2024","July 11, 2012","November 15, 2023"
277912,Trent Alexander Boult,"July 22, 1989, Rotorua",36y 348d,New Zealand,Bowler,2011 - 2024,2021,IPL 2021,MI,14,4,4,1,1*,-,4,25.00,0,0,0,0,5,0,13,7.90,308,3/28,3/28,31.23,23.6,0,0,0,"February 09, 2013","June 17, 2024","July 11, 2012","November 15, 2023"
277912,Trent Alexander Boult,"July 22, 1989, Rotorua",36y 348d,New Zealand,Bowler,2011 - 2024,2020/21,IPL 2020/21,MI,15,1,0,0,0,0.00,1,0.00,0,0,0,0,4,0,25,7.97,344,4/18,4/18,18.28,13.7,1,0,0,"February 09, 2013","June 17, 2024","July 11, 2012","November 15, 2023"
277912,Trent Alexander Boult,"July 22, 1989, Rotorua",36y 348d,New Zealand,Bowler,2011 - 2024,2019,IPL 2019,DC,5,3,2,7,6,7.00,4,175.00,0,0,0,1,2,0,5,8.57,114,2/27,2/27,32.60,22.8,0,0,0,"February 09, 2013","June 17, 2024","July 11, 2012","November 15, 2023"
277912,Trent Alexander Boult,"July 22, 1989, Rotorua",36y 348d,New Zealand,Bowler,2011 - 2024,2018,IPL 2018,DC,14,1,0,0,0,0.00,2,0.00,0,0,0,0,9,0,18,8.84,316,2/20,2/20,25.88,17.5,0,0,0,"February 09, 2013","June 17, 2024","July 11, 2012","November 15, 2023"
277912,Trent Alexander Boult,"July 22, 1989, Rotorua",36y 348d,New Zealand,Bowler,2011 - 2024,2017,IPL 2017,KKR,6,1,1,5,5*,-,8,62.50,0,0,0,0,0,0,5,9.06,143,2/30,2/30,43.20,28.6,0,0,0,"February 09, 2013","June 17, 2024","July 11, 2012","November 15, 2023"
277912,Trent Alexander Boult,"July 22, 1989, Rotorua",36y 348d,New Zealand,Bowler,2011 - 2024,2016,IPL 2016,SRH,1,-,-,-,-,-,-,-,-,-,-,-,1,0,1,9.75,24,1/39,1/39,39.00,24.0,0,0,0,"February 09, 2013","June 17, 2024","July 11, 2012","November 15, 2023"
277912,Trent Alexander Boult,"July 22, 1989, Rotorua",36y 348d,New Zealand,Bowler,2011 - 2024,2015,IPL 2015,SRH,7,-,-,-,-,-,-,-,-,-,-,-,2,0,9,8.42,168,3/19,3/19,26.22,18.6,0,0,0,"February 09, 2013","June 17, 2024","July 11, 2012","November 15, 2023"
43524,Umar Gul,"October 15, 1982, Peshawar, North-Western Frontier Province",43y 263d,Pakistan,Bowler,2003 - 2016,2007/08,IPL 2007/08,KKR,6,4,1,39,24,13.00,19,205.26,0,0,1,5,0,0,12,8.17,135,4/23,4/23,15.33,11.2,1,0,0,"September 04, 2007","January 17, 2016","April 03, 2003","September 04, 2016"
376116,Umeshkumar Tilak Yadav,"October 25, 1987, Nagpur, Maharashtra",38y 253d,India,Bowler,2010 - 2023,2024,IPL 2024,GT,7,2,1,12,10*,12.00,15,80.00,0,0,0,1,1,0,8,10.00,126,2/22,2/22,26.25,15.7,0,0,0,"August 07, 2012","October 04, 2022","May 28, 2010","October 24, 2018"
376116,Umeshkumar Tilak Yadav,"October 25, 1987, Nagpur, Maharashtra",38y 253d,India,Bowler,2010 - 2023,2023,IPL 2023,KKR,8,5,3,19,6*,9.50,18,105.55,0,0,1,0,3,0,1,9.94,114,1/27,1/27,189.00,114.0,0,0,0,"August 07, 2012","October 04, 2022","May 28, 2010","October 24, 2018"
376116,Umeshkumar Tilak Yadav,"October 25, 1987, Nagpur, Maharashtra",38y 253d,India,Bowler,2010 - 2023,2022,IPL 2022,KKR,12,7,3,55,21,13.75,40,137.50,0,0,4,4,5,0,16,7.06,288,4/23,4/23,21.18,18.0,1,0,0,"August 07, 2012","October 04, 2022","May 28, 2010","October 24, 2018"
376116,Umeshkumar Tilak Yadav,"October 25, 1987, Nagpur, Maharashtra",38y 253d,India,Bowler,2010 - 2023,2020/21,IPL 2020/21,RCB,2,1,0,0,0,0.00,2,0.00,0,0,0,0,0,0,0,11.85,42,-,-,-,-,0,0,0,"August 07, 2012","October 04, 2022","May 28, 2010","October 24, 2018"
376116,Umeshkumar Tilak Yadav,"October 25, 1987, Nagpur, Maharashtra",38y 253d,India,Bowler,2010 - 2023,2019,IPL 2019,RCB,11,7,5,25,14,12.50,25,100.00,0,0,3,1,4,0,8,9.80,227,3/36,3/36,46.37,28.3,0,0,0,"August 07, 2012","October 04, 2022","May 28, 2010","October 24, 2018"
376116,Umeshkumar Tilak Yadav,"October 25, 1987, Nagpur, Maharashtra",38y 253d,India,Bowler,2010 - 2023,2018,IPL 2018,RCB,14,5,1,3,1*,0.75,11,27.27,0,0,0,0,2,0,20,7.86,319,3/23,3/23,20.90,15.9,0,0,0,"August 07, 2012","October 04, 2022","May 28, 2010","October 24, 2018"
376116,Umeshkumar Tilak Yadav,"October 25, 1987, Nagpur, Maharashtra",38y 253d,India,Bowler,2010 - 2023,2017,IPL 2017,KKR,14,4,4,10,4*,-,13,76.92,0,0,0,0,4,0,17,8.45,291,4/33,4/33,24.11,17.1,1,0,0,"August 07, 2012","October 04, 2022","May 28, 2010","October 24, 2018"
376116,Umeshkumar Tilak Yadav,"October 25, 1987, Nagpur, Maharashtra",38y 253d,India,Bowler,2010 - 2023,2016,IPL 2016,KKR,9,2,1,9,7*,9.00,5,180.00,0,0,0,1,1,0,10,9.00,156,3/28,3/28,23.40,15.6,0,0,0,"August 07, 2012","October 04, 2022","May 28, 2010","October 24, 2018"
376116,Umeshkumar Tilak Yadav,"October 25, 1987, Nagpur, Maharashtra",38y 253d,India,Bowler,2010 - 2023,2015,IPL 2015,KKR,12,4,3,29,24*,29.00,14,207.14,0,0,5,1,5,0,10,9.09,252,3/33,3/33,38.20,25.2,0,0,0,"August 07, 2012","October 04, 2022","May 28, 2010","October 24, 2018"
376116,Umeshkumar Tilak Yadav,"October 25, 1987, Nagpur, Maharashtra",38y 253d,India,Bowler,2010 - 2023,2014,IPL 2014,KKR,12,1,0,2,2,2.00,4,50.00,0,0,0,0,2,0,11,8.15,270,3/13,3/13,33.36,24.5,0,0,0,"August 07, 2012","October 04, 2022","May 28, 2010","October 24, 2018"
376116,Umeshkumar Tilak Yadav,"October 25, 1987, Nagpur, Maharashtra",38y 253d,India,Bowler,2010 - 2023,2013,IPL 2013,DC,16,8,7,38,12*,38.00,38,100.00,0,0,3,1,5,0,16,8.78,347,4/24,4/24,31.75,21.6,1,0,0,"August 07, 2012","October 04, 2022","May 28, 2010","October 24, 2018"
376116,Umeshkumar Tilak Yadav,"October 25, 1987, Nagpur, Maharashtra",38y 253d,India,Bowler,2010 - 2023,2012,IPL 2012,DC,17,3,1,2,1*,1.00,7,28.57,0,0,0,0,2,0,19,7.42,366,3/19,3/19,23.84,19.2,0,0,0,"August 07, 2012","October 04, 2022","May 28, 2010","October 24, 2018"
376116,Umeshkumar Tilak Yadav,"October 25, 1987, Nagpur, Maharashtra",38y 253d,India,Bowler,2010 - 2023,2011,IPL 2011,DC,7,2,1,1,1*,1.00,5,20.00,0,0,0,0,3,0,2,9.38,108,2/29,2/29,84.50,54.0,0,0,0,"August 07, 2012","October 04, 2022","May 28, 2010","October 24, 2018"
376116,Umeshkumar Tilak Yadav,"October 25, 1987, Nagpur, Maharashtra",38y 253d,India,Bowler,2010 - 2023,2009/10,IPL 2009/10,DC,7,1,1,3,3*,-,4,75.00,0,0,0,0,1,0,6,7.66,144,2/24,2/24,30.66,24.0,0,0,0,"August 07, 2012","October 04, 2022","May 28, 2010","October 24, 2018"
1209292,Vaibhav Gopal Arora,"December 14, 1997",28y 203d,India,Bowler,-,2026,IPL 2026,KKR,11,2,2,1,1*,-,3,33.33,0,0,0,0,2,0,11,10.26,228,2/24,2/24,35.45,20.7,0,0,0,,,,
1209292,Vaibhav Gopal Arora,"December 14, 1997",28y 203d,India,Bowler,-,2025,IPL 2025,KKR,12,2,0,0,0,0.00,8,0.00,0,0,0,0,4,0,17,10.11,255,3/29,3/29,25.29,15.0,0,0,0,,,,
1209292,Vaibhav Gopal Arora,"December 14, 1997",28y 203d,India,Bowler,-,2024,IPL 2024,KKR,10,2,2,1,1*,-,1,100.00,0,0,0,0,1,0,11,9.20,180,3/27,3/27,25.09,16.3,0,0,0,,,,
1209292,Vaibhav Gopal Arora,"December 14, 1997",28y 203d,India,Bowler,-,2023,IPL 2023,KKR,5,2,2,3,2*,-,2,150.00,0,0,0,0,3,0,5,9.12,96,2/30,2/30,29.20,19.2,0,0,0,,,,
1209292,Vaibhav Gopal Arora,"December 14, 1997",28y 203d,India,Bowler,-,2022,IPL 2022,PBKS,5,4,2,5,2*,2.50,13,38.46,0,0,0,0,1,0,3,9.19,107,2/21,2/21,54.66,35.6,0,0,0,,,,
1108375,Varun Chakravarthy Vinod,"August 29, 1991, Bidar, Karnataka",34y 310d,India,Bowler,2021 - 2026,2026,IPL 2026,KKR,11,2,0,5,5,2.50,6,83.33,0,0,1,0,2,0,11,8.78,246,3/14,3/14,32.72,22.3,0,0,0,"July 25, 2021","July 04, 2026","February 09, 2025","March 09, 2025"
1108375,Varun Chakravarthy Vinod,"August 29, 1991, Bidar, Karnataka",34y 310d,India,Bowler,2021 - 2026,2025,IPL 2025,KKR,13,1,1,1,1*,-,1,100.00,0,0,0,0,2,0,17,7.66,300,3/22,3/22,22.52,17.6,0,0,0,"July 25, 2021","July 04, 2026","February 09, 2025","March 09, 2025"
1108375,Varun Chakravarthy Vinod,"August 29, 1991, Bidar, Karnataka",34y 310d,India,Bowler,2021 - 2026,2024,IPL 2024,KKR,15,-,-,-,-,-,-,-,-,-,-,-,4,0,21,8.04,300,3/16,3/16,19.14,14.2,0,0,0,"July 25, 2021","July 04, 2026","February 09, 2025","March 09, 2025"
1108375,Varun Chakravarthy Vinod,"August 29, 1991, Bidar, Karnataka",34y 310d,India,Bowler,2021 - 2026,2023,IPL 2023,KKR,14,2,1,1,1,1.00,9,11.11,0,0,0,0,4,0,20,8.14,316,4/15,4/15,21.45,15.8,1,0,0,"July 25, 2021","July 04, 2026","February 09, 2025","March 09, 2025"
1108375,Varun Chakravarthy Vinod,"August 29, 1991, Bidar, Karnataka",34y 310d,India,Bowler,2021 - 2026,2022,IPL 2022,KKR,11,4,4,12,10*,-,18,66.66,0,0,2,0,2,0,6,8.51,234,1/22,1/22,55.33,39.0,0,0,0,"July 25, 2021","July 04, 2026","February 09, 2025","March 09, 2025"
1108375,Varun Chakravarthy Vinod,"August 29, 1991, Bidar, Karnataka",34y 310d,India,Bowler,2021 - 2026,2021,IPL 2021,KKR,17,3,2,2,2*,2.00,4,50.00,0,0,0,0,1,0,18,6.58,408,3/13,3/13,24.88,22.6,0,0,0,"July 25, 2021","July 04, 2026","February 09, 2025","March 09, 2025"
1108375,Varun Chakravarthy Vinod,"August 29, 1991, Bidar, Karnataka",34y 310d,India,Bowler,2021 - 2026,2020/21,IPL 2020/21,KKR,13,3,1,10,7*,5.00,15,66.66,0,0,0,0,3,0,17,6.84,312,5/20,5/20,20.94,18.3,0,1,0,"July 25, 2021","July 04, 2026","February 09, 2025","March 09, 2025"
1108375,Varun Chakravarthy Vinod,"August 29, 1991, Bidar, Karnataka",34y 310d,India,Bowler,2021 - 2026,2019,IPL 2019,PBKS,1,-,-,-,-,-,-,-,-,-,-,-,0,0,1,11.66,18,1/35,1/35,35.00,18.0,0,0,0,"July 25, 2021","July 04, 2026","February 09, 2025","March 09, 2025"
851403,Venkatesh Rajasekaran Iyer,"December 25, 1994, Indore, Madhya Pradesh",31y 192d,India,Allrounder,2021 - 2022,2026,IPL 2026,RCB,7,6,2,209,73*,52.25,112,186.60,0,1,21,13,1,0,-,-,-,-,-,-,-,-,-,-,"November 17, 2021","February 27, 2022","January 19, 2022","January 21, 2022"
851403,Venkatesh Rajasekaran Iyer,"December 25, 1994, Indore, Madhya Pradesh",31y 192d,India,Allrounder,2021 - 2022,2025,IPL 2025,KKR,11,7,0,142,60,20.28,102,139.21,0,1,15,4,4,0,-,-,-,-,-,-,-,-,-,-,"November 17, 2021","February 27, 2022","January 19, 2022","January 21, 2022"
851403,Venkatesh Rajasekaran Iyer,"December 25, 1994, Indore, Madhya Pradesh",31y 192d,India,Allrounder,2021 - 2022,2024,IPL 2024,KKR,15,13,5,370,70,46.25,233,158.79,0,4,35,19,4,0,0,28.00,6,-,-,-,-,0,0,0,"November 17, 2021","February 27, 2022","January 19, 2022","January 21, 2022"
851403,Venkatesh Rajasekaran Iyer,"December 25, 1994, Indore, Madhya Pradesh",31y 192d,India,Allrounder,2021 - 2022,2023,IPL 2023,KKR,14,14,0,404,104,28.85,277,145.84,1,2,32,21,3,0,-,-,-,-,-,-,-,-,-,-,"November 17, 2021","February 27, 2022","January 19, 2022","January 21, 2022"
851403,Venkatesh Rajasekaran Iyer,"December 25, 1994, Indore, Madhya Pradesh",31y 192d,India,Allrounder,2021 - 2022,2022,IPL 2022,KKR,12,12,1,182,50*,16.54,169,107.69,0,1,17,7,4,0,0,11.50,24,-,-,-,-,0,0,0,"November 17, 2021","February 27, 2022","January 19, 2022","January 21, 2022"
851403,Venkatesh Rajasekaran Iyer,"December 25, 1994, Indore, Madhya Pradesh",31y 192d,India,Allrounder,2021 - 2022,2021,IPL 2021,KKR,10,10,1,370,67,41.11,288,128.47,0,4,37,14,7,0,3,8.11,51,2/29,2/29,23.00,17.0,0,0,0,"November 17, 2021","February 27, 2022","January 19, 2022","January 21, 2022"
35731,Ranganath Vinay Kumar,"February 12, 1984, Davanagere, Karnataka",42y 143d,India,Bowler,2010 - 2013,2018,IPL 2018,KKR,2,1,1,6,6*,-,3,200.00,0,0,1,0,2,0,2,16.95,23,2/30,2/30,32.50,11.5,0,0,0,"May 11, 2010","October 10, 2013","May 28, 2010","November 02, 2013"
35731,Ranganath Vinay Kumar,"February 12, 1984, Davanagere, Karnataka",42y 143d,India,Bowler,2010 - 2013,2017,IPL 2017,MI,1,-,-,-,-,-,-,-,-,-,-,-,0,0,2,10.33,18,2/31,2/31,15.50,9.0,0,0,0,"May 11, 2010","October 10, 2013","May 28, 2010","November 02, 2013"
35731,Ranganath Vinay Kumar,"February 12, 1984, Davanagere, Karnataka",42y 143d,India,Bowler,2010 - 2013,2016,IPL 2016,MI,3,2,1,13,12,13.00,12,108.33,0,0,0,1,0,0,3,7.11,54,2/17,2/17,21.33,18.0,0,0,0,"May 11, 2010","October 10, 2013","May 28, 2010","November 02, 2013"
35731,Ranganath Vinay Kumar,"February 12, 1984, Davanagere, Karnataka",42y 143d,India,Bowler,2010 - 2013,2015,IPL 2015,MI,13,3,2,0,0*,0.00,2,0.00,0,0,0,0,6,0,7,8.45,261,2/26,2/26,52.57,37.2,0,0,0,"May 11, 2010","October 10, 2013","May 28, 2010","November 02, 2013"
35731,Ranganath Vinay Kumar,"February 12, 1984, Davanagere, Karnataka",42y 143d,India,Bowler,2010 - 2013,2014,IPL 2014,KKR,9,4,2,4,4,2.00,6,66.66,0,0,0,0,1,0,7,8.78,192,2/26,2/26,40.14,27.4,0,0,0,"May 11, 2010","October 10, 2013","May 28, 2010","November 02, 2013"
35731,Ranganath Vinay Kumar,"February 12, 1984, Davanagere, Karnataka",42y 143d,India,Bowler,2010 - 2013,2013,IPL 2013,RCB,16,5,4,70,26*,70.00,44,159.09,0,0,6,3,8,0,23,8.19,361,3/18,3/18,21.43,15.6,0,0,0,"May 11, 2010","October 10, 2013","May 28, 2010","November 02, 2013"
35731,Ranganath Vinay Kumar,"February 12, 1984, Davanagere, Karnataka",42y 143d,India,Bowler,2010 - 2013,2012,IPL 2012,RCB,15,7,2,68,25,13.60,62,109.67,0,0,3,2,6,0,19,8.59,335,3/22,3/22,25.26,17.6,0,0,0,"May 11, 2010","October 10, 2013","May 28, 2010","November 02, 2013"
35731,Ranganath Vinay Kumar,"February 12, 1984, Davanagere, Karnataka",42y 143d,India,Bowler,2010 - 2013,2011,IPL 2011,Kochi,13,7,1,50,18,8.33,47,106.38,0,0,4,1,4,0,12,7.50,268,3/25,3/25,27.91,22.3,0,0,0,"May 11, 2010","October 10, 2013","May 28, 2010","November 02, 2013"
35731,Ranganath Vinay Kumar,"February 12, 1984, Davanagere, Karnataka",42y 143d,India,Bowler,2010 - 2013,2009/10,IPL 2009/10,RCB,14,5,1,27,10*,6.75,32,84.37,0,0,1,0,3,0,16,8.54,278,4/40,4/40,24.75,17.3,1,0,0,"May 11, 2010","October 10, 2013","May 28, 2010","November 02, 2013"
35731,Ranganath Vinay Kumar,"February 12, 1984, Davanagere, Karnataka",42y 143d,India,Bowler,2010 - 2013,2009,IPL 2009,RCB,11,8,3,47,12,9.40,44,106.81,0,0,4,1,3,0,9,8.38,194,2/30,2/30,30.11,21.5,0,0,0,"May 11, 2010","October 10, 2013","May 28, 2010","November 02, 2013"
35731,Ranganath Vinay Kumar,"February 12, 1984, Davanagere, Karnataka",42y 143d,India,Bowler,2010 - 2013,2007/08,IPL 2007/08,RCB,8,4,1,25,23,8.33,22,113.63,0,0,2,1,2,0,5,7.91,138,3/27,3/27,36.40,27.6,0,0,0,"May 11, 2010","October 10, 2013","May 28, 2010","November 02, 2013"
279810,Wriddhiman Prasanta Saha,"October 24, 1984, Shaktigarh, Siliguri, Bengal, India",41y 254d,India,Wicketkeeper Batter,2010 - 2021,2024,IPL 2024,GT,9,9,0,136,39,15.11,115,118.26,0,0,18,3,5,2,-,-,-,-,-,-,-,-,-,-,,,"November 28, 2010","November 09, 2014"
279810,Wriddhiman Prasanta Saha,"October 24, 1984, Shaktigarh, Siliguri, Bengal, India",41y 254d,India,Wicketkeeper Batter,2010 - 2021,2023,IPL 2023,GT,17,17,1,371,81,23.18,287,129.26,0,2,47,8,9,2,-,-,-,-,-,-,-,-,-,-,,,"November 28, 2010","November 09, 2014"
279810,Wriddhiman Prasanta Saha,"October 24, 1984, Shaktigarh, Siliguri, Bengal, India",41y 254d,India,Wicketkeeper Batter,2010 - 2021,2022,IPL 2022,GT,11,11,1,317,68,31.70,259,122.39,0,3,40,7,11,2,-,-,-,-,-,-,-,-,-,-,,,"November 28, 2010","November 09, 2014"
279810,Wriddhiman Prasanta Saha,"October 24, 1984, Shaktigarh, Siliguri, Bengal, India",41y 254d,India,Wicketkeeper Batter,2010 - 2021,2021,IPL 2021,SRH,9,9,0,131,44,14.55,140,93.57,0,0,7,5,6,0,-,-,-,-,-,-,-,-,-,-,,,"November 28, 2010","November 09, 2014"
279810,Wriddhiman Prasanta Saha,"October 24, 1984, Shaktigarh, Siliguri, Bengal, India",41y 254d,India,Wicketkeeper Batter,2010 - 2021,2020/21,IPL 2020/21,SRH,4,4,1,214,87,71.33,153,139.86,0,2,24,5,2,1,-,-,-,-,-,-,-,-,-,-,,,"November 28, 2010","November 09, 2014"
279810,Wriddhiman Prasanta Saha,"October 24, 1984, Shaktigarh, Siliguri, Bengal, India",41y 254d,India,Wicketkeeper Batter,2010 - 2021,2019,IPL 2019,SRH,5,5,0,86,28,17.20,53,162.26,0,0,13,1,3,1,-,-,-,-,-,-,-,-,-,-,,,"November 28, 2010","November 09, 2014"
279810,Wriddhiman Prasanta Saha,"October 24, 1984, Shaktigarh, Siliguri, Bengal, India",41y 254d,India,Wicketkeeper Batter,2010 - 2021,2018,IPL 2018,SRH,11,10,2,122,35,15.25,102,119.60,0,0,17,1,5,1,-,-,-,-,-,-,-,-,-,-,,,"November 28, 2010","November 09, 2014"
279810,Wriddhiman Prasanta Saha,"October 24, 1984, Shaktigarh, Siliguri, Bengal, India",41y 254d,India,Wicketkeeper Batter,2010 - 2021,2017,IPL 2017,PBKS,14,11,1,234,93*,23.40,187,125.13,0,1,20,8,10,2,-,-,-,-,-,-,-,-,-,-,,,"November 28, 2010","November 09, 2014"
279810,Wriddhiman Prasanta Saha,"October 24, 1984, Shaktigarh, Siliguri, Bengal, India",41y 254d,India,Wicketkeeper Batter,2010 - 2021,2016,IPL 2016,PBKS,12,12,1,270,56,24.54,212,127.35,0,2,29,1,7,3,-,-,-,-,-,-,-,-,-,-,,,"November 28, 2010","November 09, 2014"
279810,Wriddhiman Prasanta Saha,"October 24, 1984, Shaktigarh, Siliguri, Bengal, India",41y 254d,India,Wicketkeeper Batter,2010 - 2021,2015,IPL 2015,PBKS,14,13,0,249,42,19.15,197,126.39,0,0,16,10,11,3,-,-,-,-,-,-,-,-,-,-,,,"November 28, 2010","November 09, 2014"
279810,Wriddhiman Prasanta Saha,"October 24, 1984, Shaktigarh, Siliguri, Bengal, India",41y 254d,India,Wicketkeeper Batter,2010 - 2021,2014,IPL 2014,PBKS,17,13,2,362,115*,32.90,249,145.38,1,2,33,18,8,4,-,-,-,-,-,-,-,-,-,-,,,"November 28, 2010","November 09, 2014"
279810,Wriddhiman Prasanta Saha,"October 24, 1984, Shaktigarh, Siliguri, Bengal, India",41y 254d,India,Wicketkeeper Batter,2010 - 2021,2013,IPL 2013,CSK,3,3,0,70,39,23.33,56,125.00,0,0,6,4,0,0,-,-,-,-,-,-,-,-,-,-,,,"November 28, 2010","November 09, 2014"
279810,Wriddhiman Prasanta Saha,"October 24, 1984, Shaktigarh, Siliguri, Bengal, India",41y 254d,India,Wicketkeeper Batter,2010 - 2021,2012,IPL 2012,CSK,4,1,0,6,6,6.00,14,42.85,0,0,0,0,0,0,-,-,-,-,-,-,-,-,-,-,,,"November 28, 2010","November 09, 2014"
279810,Wriddhiman Prasanta Saha,"October 24, 1984, Shaktigarh, Siliguri, Bengal, India",41y 254d,India,Wicketkeeper Batter,2010 - 2021,2011,IPL 2011,CSK,7,3,2,68,46*,68.00,63,107.93,0,0,2,4,2,0,-,-,-,-,-,-,-,-,-,-,,,"November 28, 2010","November 09, 2014"
279810,Wriddhiman Prasanta Saha,"October 24, 1984, Shaktigarh, Siliguri, Bengal, India",41y 254d,India,Wicketkeeper Batter,2010 - 2021,2009/10,IPL 2009/10,KKR,13,7,4,67,22,22.33,53,126.41,0,0,9,1,3,3,-,-,-,-,-,-,-,-,-,-,,,"November 28, 2010","November 09, 2014"
279810,Wriddhiman Prasanta Saha,"October 24, 1984, Shaktigarh, Siliguri, Bengal, India",41y 254d,India,Wicketkeeper Batter,2010 - 2021,2009,IPL 2009,KKR,8,7,4,72,25*,24.00,41,175.60,0,0,3,4,2,0,-,-,-,-,-,-,-,-,-,-,,,"November 28, 2010","November 09, 2014"
279810,Wriddhiman Prasanta Saha,"October 24, 1984, Shaktigarh, Siliguri, Bengal, India",41y 254d,India,Wicketkeeper Batter,2010 - 2021,2007/08,IPL 2007/08,KKR,12,10,5,159,59*,31.80,119,133.61,0,1,12,7,8,2,-,-,-,-,-,-,-,-,-,-,,,"November 28, 2010","November 09, 2014"
36130,Yashpal Singh,"November 27, 1981, Delhi",44y 220d,India,Batter,-,2009,IPL 2009,KKR,8,4,0,47,20,11.75,66,71.21,0,0,5,0,3,0,-,-,-,-,-,-,-,-,-,-,,,,
32498,Yusuf Khan Pathan,"November 17, 1982, Baroda, Gujarat",43y 230d,India,Allrounder,2007 - 2012,2019,IPL 2019,SRH,10,8,5,40,16*,13.33,45,88.88,0,0,1,1,1,0,0,8.00,6,-,-,-,-,0,0,0,"September 24, 2007","March 30, 2012","June 10, 2008","March 18, 2012"
32498,Yusuf Khan Pathan,"November 17, 1982, Baroda, Gujarat",43y 230d,India,Allrounder,2007 - 2012,2018,IPL 2018,SRH,15,13,4,260,45*,28.88,200,130.00,0,0,22,11,3,0,1,7.00,12,1/14,1/14,14.00,12.0,0,0,0,"September 24, 2007","March 30, 2012","June 10, 2008","March 18, 2012"
32498,Yusuf Khan Pathan,"November 17, 1982, Baroda, Gujarat",43y 230d,India,Allrounder,2007 - 2012,2017,IPL 2017,KKR,15,11,3,143,59,17.87,115,124.34,0,1,9,6,2,0,1,10.25,24,1/2,1/2,41.00,24.0,0,0,0,"September 24, 2007","March 30, 2012","June 10, 2008","March 18, 2012"
32498,Yusuf Khan Pathan,"November 17, 1982, Baroda, Gujarat",43y 230d,India,Allrounder,2007 - 2012,2016,IPL 2016,KKR,15,13,8,361,63*,72.20,248,145.56,0,3,33,13,3,0,1,5.50,36,1/6,1/6,33.00,36.0,0,0,0,"September 24, 2007","March 30, 2012","June 10, 2008","March 18, 2012"
32498,Yusuf Khan Pathan,"November 17, 1982, Baroda, Gujarat",43y 230d,India,Allrounder,2007 - 2012,2015,IPL 2015,KKR,13,12,5,312,52,44.57,231,135.06,0,1,29,12,3,0,2,9.70,60,2/40,2/40,48.50,30.0,0,0,0,"September 24, 2007","March 30, 2012","June 10, 2008","March 18, 2012"
32498,Yusuf Khan Pathan,"November 17, 1982, Baroda, Gujarat",43y 230d,India,Allrounder,2007 - 2012,2014,IPL 2014,KKR,15,12,3,268,72,29.77,165,162.42,0,1,15,20,5,0,0,10.00,6,-,-,-,-,0,0,0,"September 24, 2007","March 30, 2012","June 10, 2008","March 18, 2012"
32498,Yusuf Khan Pathan,"November 17, 1982, Baroda, Gujarat",43y 230d,India,Allrounder,2007 - 2012,2013,IPL 2013,KKR,16,16,5,332,72,30.18,240,138.33,0,1,30,14,4,0,1,8.11,54,1/9,1/9,73.00,54.0,0,0,0,"September 24, 2007","March 30, 2012","June 10, 2008","March 18, 2012"
32498,Yusuf Khan Pathan,"November 17, 1982, Baroda, Gujarat",43y 230d,India,Allrounder,2007 - 2012,2012,IPL 2012,KKR,17,16,6,194,40*,19.40,169,114.79,0,0,10,7,3,0,3,8.27,132,2/12,2/12,60.66,44.0,0,0,0,"September 24, 2007","March 30, 2012","June 10, 2008","March 18, 2012"
32498,Yusuf Khan Pathan,"November 17, 1982, Baroda, Gujarat",43y 230d,India,Allrounder,2007 - 2012,2011,IPL 2011,KKR,15,11,1,283,47*,28.30,201,140.79,0,0,24,13,5,0,13,6.10,234,3/20,3/20,18.30,18.0,0,0,0,"September 24, 2007","March 30, 2012","June 10, 2008","March 18, 2012"
32498,Yusuf Khan Pathan,"November 17, 1982, Baroda, Gujarat",43y 230d,India,Allrounder,2007 - 2012,2009/10,IPL 2009/10,RR,14,14,2,333,100,27.75,201,165.67,1,1,22,24,9,0,5,7.23,204,2/9,2/9,49.20,40.8,0,0,0,"September 24, 2007","March 30, 2012","June 10, 2008","March 18, 2012"
32498,Yusuf Khan Pathan,"November 17, 1982, Baroda, Gujarat",43y 230d,India,Allrounder,2007 - 2012,2009,IPL 2009,RR,13,13,1,243,62*,20.25,183,132.78,0,1,24,12,2,0,7,6.94,210,3/34,3/34,34.71,30.0,0,0,0,"September 24, 2007","March 30, 2012","June 10, 2008","March 18, 2012"
32498,Yusuf Khan Pathan,"November 17, 1982, Baroda, Gujarat",43y 230d,India,Allrounder,2007 - 2012,2007/08,IPL 2007/08,RR,16,15,1,435,68,31.07,243,179.01,0,4,43,25,3,0,8,8.16,169,3/22,3/22,28.75,21.1,0,0,0,"September 24, 2007","March 30, 2012","June 10, 2008","March 18, 2012"
