player_id,player_name,birthdate,age,nationality,player_role,batting_style,bowling_style,international_career,year,tournament,team,matches,innings,no,runs,highestscore,batting_average,bf,strikerate,100s,50s,4s,6s,Ct,St,wickets,economy,balls,bbi,bbm,bowl_ave,sr,4w,5w,10w,t20_start,t20_end,odi_start,odi_end
5334,Aaron James Finch,"November 17, 1986, Colac, Victoria",39y 232d,Australia,Top order Batter,Right hand Bat,Slow Left arm Orthodox,2011 - 2022,2022,IPL 2022,KKR,5,5,0,86,58,17.20,61,140.98,0,1,10,3,1,0,-,-,-,-,-,-,-,-,-,-,"January 12, 2011","October 31, 2022","January 11, 2013","September 11, 2022"
5334,Aaron James Finch,"November 17, 1986, Colac, Victoria",39y 232d,Australia,Top order Batter,Right hand Bat,Slow Left arm Orthodox,2011 - 2022,2020/21,IPL 2020/21,RCB,12,12,0,268,52,22.33,241,111.20,0,1,28,8,3,0,-,-,-,-,-,-,-,-,-,-,"January 12, 2011","October 31, 2022","January 11, 2013","September 11, 2022"
5334,Aaron James Finch,"November 17, 1986, Colac, Victoria",39y 232d,Australia,Top order Batter,Right hand Bat,Slow Left arm Orthodox,2011 - 2022,2018,IPL 2018,PBKS,10,9,1,134,46,16.75,100,134.00,0,0,6,8,4,0,-,-,-,-,-,-,-,-,-,-,"January 12, 2011","October 31, 2022","January 11, 2013","September 11, 2022"
5334,Aaron James Finch,"November 17, 1986, Colac, Victoria",39y 232d,Australia,Top order Batter,Right hand Bat,Slow Left arm Orthodox,2011 - 2022,2017,IPL 2017,GL,13,13,1,299,72,24.91,180,166.11,0,2,25,19,5,0,-,-,-,-,-,-,-,-,-,-,"January 12, 2011","October 31, 2022","January 11, 2013","September 11, 2022"
5334,Aaron James Finch,"November 17, 1986, Colac, Victoria",39y 232d,Australia,Top order Batter,Right hand Bat,Slow Left arm Orthodox,2011 - 2022,2016,IPL 2016,GL,13,12,2,393,74,39.30,299,131.43,0,5,45,11,3,0,-,-,-,-,-,-,-,-,-,-,"January 12, 2011","October 31, 2022","January 11, 2013","September 11, 2022"
5334,Aaron James Finch,"November 17, 1986, Colac, Victoria",39y 232d,Australia,Top order Batter,Right hand Bat,Slow Left arm Orthodox,2011 - 2022,2015,IPL 2015,MI,3,3,1,23,10*,11.50,33,69.69,0,0,4,0,0,0,-,-,-,-,-,-,-,-,-,-,"January 12, 2011","October 31, 2022","January 11, 2013","September 11, 2022"
5334,Aaron James Finch,"November 17, 1986, Colac, Victoria",39y 232d,Australia,Top order Batter,Right hand Bat,Slow Left arm Orthodox,2011 - 2022,2014,IPL 2014,SRH,13,13,2,309,88*,28.09,263,117.49,0,2,31,9,6,0,-,-,-,-,-,-,-,-,-,-,"January 12, 2011","October 31, 2022","January 11, 2013","September 11, 2022"
5334,Aaron James Finch,"November 17, 1986, Colac, Victoria",39y 232d,Australia,Top order Batter,Right hand Bat,Slow Left arm Orthodox,2011 - 2022,2013,IPL 2013,PWI,14,14,0,456,67,32.57,336,135.71,0,4,54,16,2,0,1,12.25,24,1/11,1/11,49.00,24.0,0,0,0,"January 12, 2011","October 31, 2022","January 11, 2013","September 11, 2022"
5334,Aaron James Finch,"November 17, 1986, Colac, Victoria",39y 232d,Australia,Top order Batter,Right hand Bat,Slow Left arm Orthodox,2011 - 2022,2012,IPL 2012,DC,2,2,0,55,30,27.50,51,107.84,0,0,8,0,0,0,-,-,-,-,-,-,-,-,-,-,"January 12, 2011","October 31, 2022","January 11, 2013","September 11, 2022"
5334,Aaron James Finch,"November 17, 1986, Colac, Victoria",39y 232d,Australia,Top order Batter,Right hand Bat,Slow Left arm Orthodox,2011 - 2022,2011,IPL 2011,DC,6,6,0,47,25,7.83,46,102.17,0,0,3,3,4,0,0,6.50,12,-,-,-,-,0,0,0,"January 12, 2011","October 31, 2022","January 11, 2013","September 11, 2022"
5334,Aaron James Finch,"November 17, 1986, Colac, Victoria",39y 232d,Australia,Top order Batter,Right hand Bat,Slow Left arm Orthodox,2011 - 2022,2009/10,IPL 2009/10,RR,1,1,0,21,21,21.00,21,100.00,0,0,0,1,0,0,0,4.28,7,-,-,-,-,0,0,0,"January 12, 2011","October 31, 2022","January 11, 2013","September 11, 2022"
44936,Abraham Benjamin de Villiers,"February 17, 1984, Pretoria",42y 140d,South Africa,Wicketkeeper Batter,Right hand Bat,Right arm Medium,2004 - 2018,2021,IPL 2021,RCB,15,14,4,313,76*,31.30,211,148.34,0,2,23,16,15,0,-,-,-,-,-,-,-,-,-,-,"February 24, 2006","October 29, 2017","February 02, 2005","February 16, 2018"
44936,Abraham Benjamin de Villiers,"February 17, 1984, Pretoria",42y 140d,South Africa,Wicketkeeper Batter,Right hand Bat,Right arm Medium,2004 - 2018,2020/21,IPL 2020/21,RCB,15,14,4,454,73*,45.40,286,158.74,0,5,33,23,10,1,-,-,-,-,-,-,-,-,-,-,"February 24, 2006","October 29, 2017","February 02, 2005","February 16, 2018"
44936,Abraham Benjamin de Villiers,"February 17, 1984, Pretoria",42y 140d,South Africa,Wicketkeeper Batter,Right hand Bat,Right arm Medium,2004 - 2018,2019,IPL 2019,RCB,13,13,3,442,82*,44.20,287,154.00,0,5,31,26,6,0,-,-,-,-,-,-,-,-,-,-,"February 24, 2006","October 29, 2017","February 02, 2005","February 16, 2018"
44936,Abraham Benjamin de Villiers,"February 17, 1984, Pretoria",42y 140d,South Africa,Wicketkeeper Batter,Right hand Bat,Right arm Medium,2004 - 2018,2018,IPL 2018,RCB,12,11,2,480,90*,53.33,275,174.54,0,6,39,30,6,0,-,-,-,-,-,-,-,-,-,-,"February 24, 2006","October 29, 2017","February 02, 2005","February 16, 2018"
44936,Abraham Benjamin de Villiers,"February 17, 1984, Pretoria",42y 140d,South Africa,Wicketkeeper Batter,Right hand Bat,Right arm Medium,2004 - 2018,2017,IPL 2017,RCB,9,9,1,216,89*,27.00,163,132.51,0,1,12,16,6,0,-,-,-,-,-,-,-,-,-,-,"February 24, 2006","October 29, 2017","February 02, 2005","February 16, 2018"
44936,Abraham Benjamin de Villiers,"February 17, 1984, Pretoria",42y 140d,South Africa,Wicketkeeper Batter,Right hand Bat,Right arm Medium,2004 - 2018,2016,IPL 2016,RCB,16,16,3,687,129*,52.84,407,168.79,1,6,57,37,19,0,-,-,-,-,-,-,-,-,-,-,"February 24, 2006","October 29, 2017","February 02, 2005","February 16, 2018"
44936,Abraham Benjamin de Villiers,"February 17, 1984, Pretoria",42y 140d,South Africa,Wicketkeeper Batter,Right hand Bat,Right arm Medium,2004 - 2018,2015,IPL 2015,RCB,16,14,3,513,133*,46.63,293,175.08,1,2,60,22,8,0,-,-,-,-,-,-,-,-,-,-,"February 24, 2006","October 29, 2017","February 02, 2005","February 16, 2018"
44936,Abraham Benjamin de Villiers,"February 17, 1984, Pretoria",42y 140d,South Africa,Wicketkeeper Batter,Right hand Bat,Right arm Medium,2004 - 2018,2014,IPL 2014,RCB,14,13,2,395,89*,35.90,249,158.63,0,3,26,24,7,0,-,-,-,-,-,-,-,-,-,-,"February 24, 2006","October 29, 2017","February 02, 2005","February 16, 2018"
44936,Abraham Benjamin de Villiers,"February 17, 1984, Pretoria",42y 140d,South Africa,Wicketkeeper Batter,Right hand Bat,Right arm Medium,2004 - 2018,2013,IPL 2013,RCB,14,14,4,360,64,36.00,219,164.38,0,2,34,15,8,0,-,-,-,-,-,-,-,-,-,-,"February 24, 2006","October 29, 2017","February 02, 2005","February 16, 2018"
44936,Abraham Benjamin de Villiers,"February 17, 1984, Pretoria",42y 140d,South Africa,Wicketkeeper Batter,Right hand Bat,Right arm Medium,2004 - 2018,2012,IPL 2012,RCB,16,13,5,319,64*,39.87,198,161.11,0,3,26,15,4,5,-,-,-,-,-,-,-,-,-,-,"February 24, 2006","October 29, 2017","February 02, 2005","February 16, 2018"
44936,Abraham Benjamin de Villiers,"February 17, 1984, Pretoria",42y 140d,South Africa,Wicketkeeper Batter,Right hand Bat,Right arm Medium,2004 - 2018,2011,IPL 2011,RCB,16,13,4,312,65,34.66,243,128.39,0,2,21,14,7,2,-,-,-,-,-,-,-,-,-,-,"February 24, 2006","October 29, 2017","February 02, 2005","February 16, 2018"
44936,Abraham Benjamin de Villiers,"February 17, 1984, Pretoria",42y 140d,South Africa,Wicketkeeper Batter,Right hand Bat,Right arm Medium,2004 - 2018,2009/10,IPL 2009/10,DC,7,7,0,111,45,15.85,119,93.27,0,0,7,0,6,0,-,-,-,-,-,-,-,-,-,-,"February 24, 2006","October 29, 2017","February 02, 2005","February 16, 2018"
44936,Abraham Benjamin de Villiers,"February 17, 1984, Pretoria",42y 140d,South Africa,Wicketkeeper Batter,Right hand Bat,Right arm Medium,2004 - 2018,2009,IPL 2009,DC,15,13,4,465,105*,51.66,355,130.98,1,3,39,12,13,0,-,-,-,-,-,-,-,-,-,-,"February 24, 2006","October 29, 2017","February 02, 2005","February 16, 2018"
44936,Abraham Benjamin de Villiers,"February 17, 1984, Pretoria",42y 140d,South Africa,Wicketkeeper Batter,Right hand Bat,Right arm Medium,2004 - 2018,2007/08,IPL 2007/08,DC,6,6,1,95,26*,19.00,98,96.93,0,0,5,1,3,0,-,-,-,-,-,-,-,-,-,-,"February 24, 2006","October 29, 2017","February 02, 2005","February 16, 2018"
56283,Abdur Razzak,"June 15, 1982, Khulna",44y 22d,Bangladesh,Bowler,Left hand Bat,Slow Left arm Orthodox,2004 - 2018,2007/08,IPL 2007/08,RCB,1,1,1,0,0*,-,2,0.00,0,0,0,0,0,0,0,14.50,12,-,-,-,-,0,0,0,"November 28, 2006","August 27, 2014","July 16, 2004","August 25, 2014"
310958,Abhimanyu Mithun,"October 25, 1989, Bangalore",36y 255d,India,Bowler,Right hand Bat,Right arm Medium,2010 - 2011,2013,IPL 2013,RCB,1,1,0,2,2,2.00,2,100.00,0,0,0,0,0,0,1,9.25,24,1/37,1/37,37.00,24.0,0,0,0,,,"February 27, 2010","December 11, 2011"
310958,Abhimanyu Mithun,"October 25, 1989, Bangalore",36y 255d,India,Bowler,Right hand Bat,Right arm Medium,2010 - 2011,2012,IPL 2012,RCB,1,-,-,-,-,-,-,-,-,-,-,-,0,0,0,11.00,18,-,-,-,-,0,0,0,,,"February 27, 2010","December 11, 2011"
310958,Abhimanyu Mithun,"October 25, 1989, Bangalore",36y 255d,India,Bowler,Right hand Bat,Right arm Medium,2010 - 2011,2011,IPL 2011,RCB,12,6,3,27,11,9.00,20,135.00,0,0,3,1,7,0,5,9.44,204,2/37,2/37,64.20,40.8,0,0,0,,,"February 27, 2010","December 11, 2011"
310958,Abhimanyu Mithun,"October 25, 1989, Bangalore",36y 255d,India,Bowler,Right hand Bat,Right arm Medium,2010 - 2011,2009/10,IPL 2009/10,RCB,1,1,0,5,5,5.00,4,125.00,0,0,1,0,0,0,1,13.00,18,1/39,1/39,39.00,18.0,0,0,0,,,"February 27, 2010","December 11, 2011"
310958,Abhimanyu Mithun,"October 25, 1989, Bangalore",36y 255d,India,Bowler,Right hand Bat,Right arm Medium,2010 - 2011,2009,IPL 2009,RCB,1,-,-,-,-,-,-,-,-,-,-,-,0,0,0,10.50,24,-,-,-,-,0,0,0,,,"February 27, 2010","December 11, 2011"
1449085,Abhinandan Singh,"March 30, 1997",29y 99d,India,Bowler,Right hand Bat,Right arm Medium fast,-,2026,IPL 2026,RCB,3,-,-,-,-,-,-,-,-,-,-,-,2,0,3,12.62,58,2/30,2/30,40.66,19.3,0,0,0,,,,
302582,Abhinav Mukund,"January 06, 1990, Madras (now Chennai), Tamil Nadu",36y 182d,India,Top order Batter,Left hand Bat,Legbreak Googly,2011 - 2017,2013,IPL 2013,RCB,1,1,0,19,19,19.00,21,90.47,0,0,1,0,0,0,-,-,-,-,-,-,-,-,-,-,,,,
302582,Abhinav Mukund,"January 06, 1990, Madras (now Chennai), Tamil Nadu",36y 182d,India,Top order Batter,Left hand Bat,Legbreak Googly,2011 - 2017,2007/08,IPL 2007/08,CSK,2,1,0,0,0,0.00,1,0.00,0,0,0,0,3,0,-,-,-,-,-,-,-,-,-,-,,,,
422106,Abrar Anjum Kazi,"September 29, 1989, Bangalore, Karnataka",36y 281d,India,Bowler,Left hand Bat,Slow Left arm Orthodox,-,2011,IPL 2011,RCB,1,-,-,-,-,-,-,-,-,-,-,-,0,0,0,10.50,12,-,-,-,-,0,0,0,,,,
228430,Abu Nechim Ahmed,"November 05, 1988, Guwahati, Assam",37y 244d,India,Bowler,Right hand Bat,Right arm Medium fast,-,2015,IPL 2015,RCB,3,3,2,10,5*,10.00,5,200.00,0,0,2,0,0,0,1,10.66,72,1/28,1/28,128.00,72.0,0,0,0,,,,
228430,Abu Nechim Ahmed,"November 05, 1988, Guwahati, Assam",37y 244d,India,Bowler,Right hand Bat,Right arm Medium fast,-,2014,IPL 2014,RCB,4,1,1,4,4*,-,1,400.00,0,0,1,0,0,0,3,7.88,86,1/18,1/18,37.66,28.6,0,0,0,,,,
228430,Abu Nechim Ahmed,"November 05, 1988, Guwahati, Assam",37y 244d,India,Bowler,Right hand Bat,Right arm Medium fast,-,2013,IPL 2013,MI,2,-,-,-,-,-,-,-,-,-,-,-,1,0,3,6.42,42,2/27,2/27,15.00,14.0,0,0,0,,,,
228430,Abu Nechim Ahmed,"November 05, 1988, Guwahati, Assam",37y 244d,India,Bowler,Right hand Bat,Right arm Medium fast,-,2012,IPL 2012,MI,1,-,-,-,-,-,-,-,-,-,-,-,0,0,0,8.50,12,-,-,-,-,0,0,0,,,,
228430,Abu Nechim Ahmed,"November 05, 1988, Guwahati, Assam",37y 244d,India,Bowler,Right hand Bat,Right arm Medium fast,-,2011,IPL 2011,MI,6,1,1,18,18*,-,13,138.46,0,0,1,1,1,0,5,8.45,120,2/13,2/13,33.80,24.0,0,0,0,,,,
228430,Abu Nechim Ahmed,"November 05, 1988, Guwahati, Assam",37y 244d,India,Bowler,Right hand Bat,Right arm Medium fast,-,2009/10,IPL 2009/10,MI,1,1,1,4,4*,-,7,57.14,0,0,0,0,0,0,0,13.00,12,-,-,-,-,0,0,0,,,,
450860,Adam Fraser Milne,"April 13, 1992, Palmerston North",34y 85d,New Zealand,Bowler,Right hand Bat,Right arm Fast,2010 - 2025,2026,IPL 2026,RR,1,1,1,2,2*,-,2,100.00,0,0,0,0,0,0,0,12.30,20,-,-,-,-,0,0,0,"December 26, 2010","July 26, 2025","November 10, 2012","November 19, 2024"
450860,Adam Fraser Milne,"April 13, 1992, Palmerston North",34y 85d,New Zealand,Bowler,Right hand Bat,Right arm Fast,2010 - 2025,2022,IPL 2022,CSK,1,-,-,-,-,-,-,-,-,-,-,-,0,0,0,7.60,15,-,-,-,-,0,0,0,"December 26, 2010","July 26, 2025","November 10, 2012","November 19, 2024"
450860,Adam Fraser Milne,"April 13, 1992, Palmerston North",34y 85d,New Zealand,Bowler,Right hand Bat,Right arm Fast,2010 - 2025,2021,IPL 2021,MI,4,3,1,16,15,8.00,17,94.11,0,0,0,1,2,0,3,9.35,84,2/21,2/21,43.66,28.0,0,0,0,"December 26, 2010","July 26, 2025","November 10, 2012","November 19, 2024"
450860,Adam Fraser Milne,"April 13, 1992, Palmerston North",34y 85d,New Zealand,Bowler,Right hand Bat,Right arm Fast,2010 - 2025,2017,IPL 2017,RCB,4,3,1,7,5,3.50,12,58.33,0,0,0,0,4,0,3,9.57,84,2/27,2/27,44.66,28.0,0,0,0,"December 26, 2010","July 26, 2025","November 10, 2012","November 19, 2024"
450860,Adam Fraser Milne,"April 13, 1992, Palmerston North",34y 85d,New Zealand,Bowler,Right hand Bat,Right arm Fast,2010 - 2025,2016,IPL 2016,RCB,1,-,-,-,-,-,-,-,-,-,-,-,1,0,1,10.75,24,1/43,1/43,43.00,24.0,0,0,0,"December 26, 2010","July 26, 2025","November 10, 2012","November 19, 2024"
379504,Adam Zampa,"March 31, 1992, Shellharbour, New South Wales",34y 99d,Australia,Bowler,Right hand Bat,Legbreak Googly,2016 - 2026,2025,IPL 2025,SRH,2,-,-,-,-,-,-,-,-,-,-,-,0,0,2,11.75,48,1/46,1/46,47.00,24.0,0,0,0,"March 04, 2016","June 21, 2026","February 06, 2016","June 14, 2026"
379504,Adam Zampa,"March 31, 1992, Shellharbour, New South Wales",34y 99d,Australia,Bowler,Right hand Bat,Legbreak Googly,2016 - 2026,2023,IPL 2023,RR,6,3,0,10,7,3.33,16,62.50,0,0,0,0,0,0,8,8.54,132,3/22,3/22,23.50,16.5,0,0,0,"March 04, 2016","June 21, 2026","February 06, 2016","June 14, 2026"
379504,Adam Zampa,"March 31, 1992, Shellharbour, New South Wales",34y 99d,Australia,Bowler,Right hand Bat,Legbreak Googly,2016 - 2026,2020/21,IPL 2020/21,RCB,3,-,-,-,-,-,-,-,-,-,-,-,1,0,2,8.36,66,1/12,1/12,46.00,33.0,0,0,0,"March 04, 2016","June 21, 2026","February 06, 2016","June 14, 2026"
379504,Adam Zampa,"March 31, 1992, Shellharbour, New South Wales",34y 99d,Australia,Bowler,Right hand Bat,Legbreak Googly,2016 - 2026,2017,IPL 2017,RPS,6,1,0,5,5,5.00,7,71.42,0,0,1,0,0,0,7,8.21,119,2/22,2/22,23.28,17.0,0,0,0,"March 04, 2016","June 21, 2026","February 06, 2016","June 14, 2026"
379504,Adam Zampa,"March 31, 1992, Shellharbour, New South Wales",34y 99d,Australia,Bowler,Right hand Bat,Legbreak Googly,2016 - 2026,2016,IPL 2016,RPS,5,1,0,0,0,0.00,1,0.00,0,0,0,0,0,0,12,6.76,102,6/19,6/19,9.58,8.5,0,1,0,"March 04, 2016","June 21, 2026","February 06, 2016","June 14, 2026"
1176959,Akash Deep,"December 15, 1996, Dehri, (Rotas), Bihar",29y 204d,India,Bowler,Right hand Bat,Right arm Fast medium,2024 - 2025,2025,IPL 2025,LSG,6,2,1,6,6*,6.00,2,300.00,0,0,0,1,0,0,3,12.05,114,2/55,2/55,76.33,38.0,0,0,0,,,,
1176959,Akash Deep,"December 15, 1996, Dehri, (Rotas), Bihar",29y 204d,India,Bowler,Right hand Bat,Right arm Fast medium,2024 - 2025,2024,IPL 2024,RCB,1,1,1,2,2*,-,2,100.00,0,0,0,0,0,0,1,15.71,21,1/55,1/55,55.00,21.0,0,0,0,,,,
1176959,Akash Deep,"December 15, 1996, Dehri, (Rotas), Bihar",29y 204d,India,Bowler,Right hand Bat,Right arm Fast medium,2024 - 2025,2023,IPL 2023,RCB,2,1,0,17,17,17.00,8,212.50,0,0,2,1,1,0,1,11.80,30,1/29,1/29,59.00,30.0,0,0,0,,,,
1176959,Akash Deep,"December 15, 1996, Dehri, (Rotas), Bihar",29y 204d,India,Bowler,Right hand Bat,Right arm Fast medium,2024 - 2025,2022,IPL 2022,RCB,5,1,0,0,0,0.00,2,0.00,0,0,0,0,2,0,5,10.88,113,3/45,3/45,41.00,22.6,0,0,0,,,,
500360,Akshdeep Deependra Nath,"May 10, 1993, Lucknow",33y 58d,United Arab Emirates,Middle order Batter,Right hand Bat,Right arm Medium fast,2026 - 2026,2019,IPL 2019,RCB,8,5,0,61,24,12.20,57,107.01,0,0,5,2,1,0,-,-,-,-,-,-,-,-,-,-,"April 20, 2026","April 21, 2026","April 25, 2026","May 03, 2026"
500360,Akshdeep Deependra Nath,"May 10, 1993, Lucknow",33y 58d,United Arab Emirates,Middle order Batter,Right hand Bat,Right arm Medium fast,2026 - 2026,2018,IPL 2018,PBKS,1,1,0,9,9,9.00,13,69.23,0,0,1,0,1,0,-,-,-,-,-,-,-,-,-,-,"April 20, 2026","April 21, 2026","April 25, 2026","May 03, 2026"
500360,Akshdeep Deependra Nath,"May 10, 1993, Lucknow",33y 58d,United Arab Emirates,Middle order Batter,Right hand Bat,Right arm Medium fast,2026 - 2026,2017,IPL 2017,GL,1,1,0,0,0,0.00,1,0.00,0,0,0,0,0,0,-,-,-,-,-,-,-,-,-,-,"April 20, 2026","April 21, 2026","April 25, 2026","May 03, 2026"
500360,Akshdeep Deependra Nath,"May 10, 1993, Lucknow",33y 58d,United Arab Emirates,Middle order Batter,Right hand Bat,Right arm Medium fast,2026 - 2026,2016,IPL 2016,GL,4,3,0,20,12,6.66,27,74.07,0,0,1,0,0,0,-,-,-,-,-,-,-,-,-,-,"April 20, 2026","April 21, 2026","April 25, 2026","May 03, 2026"
46248,Johannes Albertus Morkel,"June 10, 1981, Vereeniging, Transvaal",45y 27d,South Africa,Bowling Allrounder,Left hand Bat,Right arm Medium fast,2004 - 2015,2016,IPL 2016,RPS,2,1,0,16,16,16.00,9,177.77,0,0,0,2,1,0,2,13.20,30,2/36,2/36,33.00,15.0,0,0,0,"October 21, 2005","October 05, 2015","February 20, 2004","March 03, 2012"
46248,Johannes Albertus Morkel,"June 10, 1981, Vereeniging, Transvaal",45y 27d,South Africa,Bowling Allrounder,Left hand Bat,Right arm Medium fast,2004 - 2015,2015,IPL 2015,DC,4,3,2,86,73*,86.00,65,132.30,0,1,9,2,1,0,3,9.08,72,2/21,2/21,36.33,24.0,0,0,0,"October 21, 2005","October 05, 2015","February 20, 2004","March 03, 2012"
46248,Johannes Albertus Morkel,"June 10, 1981, Vereeniging, Transvaal",45y 27d,South Africa,Bowling Allrounder,Left hand Bat,Right arm Medium fast,2004 - 2015,2014,IPL 2014,RCB,7,5,2,45,16,15.00,41,109.75,0,0,1,3,2,0,4,7.87,96,1/18,1/18,31.50,24.0,0,0,0,"October 21, 2005","October 05, 2015","February 20, 2004","March 03, 2012"
46248,Johannes Albertus Morkel,"June 10, 1981, Vereeniging, Transvaal",45y 27d,South Africa,Bowling Allrounder,Left hand Bat,Right arm Medium fast,2004 - 2015,2013,IPL 2013,CSK,8,3,0,46,23,15.33,37,124.32,0,0,2,3,2,0,7,6.62,144,3/32,3/32,22.71,20.5,0,0,0,"October 21, 2005","October 05, 2015","February 20, 2004","March 03, 2012"
46248,Johannes Albertus Morkel,"June 10, 1981, Vereeniging, Transvaal",45y 27d,South Africa,Bowling Allrounder,Left hand Bat,Right arm Medium fast,2004 - 2015,2012,IPL 2012,CSK,16,12,5,107,28,15.28,68,157.35,0,0,5,6,2,0,13,7.77,297,3/29,3/29,29.61,22.8,0,0,0,"October 21, 2005","October 05, 2015","February 20, 2004","March 03, 2012"
46248,Johannes Albertus Morkel,"June 10, 1981, Vereeniging, Transvaal",45y 27d,South Africa,Bowling Allrounder,Left hand Bat,Right arm Medium fast,2004 - 2015,2011,IPL 2011,CSK,15,13,7,138,30*,23.00,102,135.29,0,0,8,8,4,0,15,8.48,270,3/29,3/29,25.46,18.0,0,0,0,"October 21, 2005","October 05, 2015","February 20, 2004","March 03, 2012"
46248,Johannes Albertus Morkel,"June 10, 1981, Vereeniging, Transvaal",45y 27d,South Africa,Bowling Allrounder,Left hand Bat,Right arm Medium fast,2004 - 2015,2009/10,IPL 2009/10,CSK,14,11,3,198,62,24.75,131,151.14,0,1,10,13,3,0,11,8.49,286,2/23,2/23,36.81,26.0,0,0,0,"October 21, 2005","October 05, 2015","February 20, 2004","March 03, 2012"
46248,Johannes Albertus Morkel,"June 10, 1981, Vereeniging, Transvaal",45y 27d,South Africa,Bowling Allrounder,Left hand Bat,Right arm Medium fast,2004 - 2015,2009,IPL 2009,CSK,12,10,6,97,21*,24.25,70,138.57,0,0,8,4,1,0,13,8.10,240,2/13,2/13,24.92,18.4,0,0,0,"October 21, 2005","October 05, 2015","February 20, 2004","March 03, 2012"
46248,Johannes Albertus Morkel,"June 10, 1981, Vereeniging, Transvaal",45y 27d,South Africa,Bowling Allrounder,Left hand Bat,Right arm Medium fast,2004 - 2015,2007/08,IPL 2007/08,CSK,13,10,3,241,71,34.42,163,147.85,0,1,18,14,3,0,17,8.31,288,4/32,4/32,23.47,16.9,1,0,0,"October 21, 2005","October 05, 2015","February 20, 2004","March 03, 2012"
670031,Alzarri Shaheim Joseph,"November 20, 1996, Antigua",29y 229d,West Indies,Bowler,Right hand Bat,Right arm Fast,2016 - 2026,2024,IPL 2024,RCB,3,-,-,-,-,-,-,-,-,-,-,-,0,0,1,11.89,58,1/43,1/43,115.00,58.0,0,0,0,"July 29, 2022","July 28, 2025","October 02, 2016","June 06, 2026"
670031,Alzarri Shaheim Joseph,"November 20, 1996, Antigua",29y 229d,West Indies,Bowler,Right hand Bat,Right arm Fast,2016 - 2026,2023,IPL 2023,GT,7,2,2,7,7*,-,12,58.33,0,0,1,0,2,0,7,9.37,144,2/27,2/27,32.14,20.5,0,0,0,"July 29, 2022","July 28, 2025","October 02, 2016","June 06, 2026"
670031,Alzarri Shaheim Joseph,"November 20, 1996, Antigua",29y 229d,West Indies,Bowler,Right hand Bat,Right arm Fast,2016 - 2026,2022,IPL 2022,GT,9,3,2,5,4*,5.00,7,71.42,0,0,0,0,1,0,7,8.80,180,2/34,2/34,37.71,25.7,0,0,0,"July 29, 2022","July 28, 2025","October 02, 2016","June 06, 2026"
670031,Alzarri Shaheim Joseph,"November 20, 1996, Antigua",29y 229d,West Indies,Bowler,Right hand Bat,Right arm Fast,2016 - 2026,2019,IPL 2019,MI,3,2,2,15,15*,-,13,115.38,0,0,2,0,1,0,6,10.03,52,6/12,6/12,14.50,8.6,0,1,0,"July 29, 2022","July 28, 2025","October 02, 2016","June 06, 2026"
6553,Andrew Barry McDonald,"June 05, 1981, Wodonga, Victoria",45y 32d,Australia,Allrounder,Right hand Bat,Right arm Fast medium,2009 - 2009,2013,IPL 2013,RCB,1,1,0,0,0,0.00,2,0.00,0,0,0,0,0,0,1,8.50,12,1/17,1/17,17.00,12.0,0,0,0,,,,
6553,Andrew Barry McDonald,"June 05, 1981, Wodonga, Victoria",45y 32d,Australia,Allrounder,Right hand Bat,Right arm Fast medium,2009 - 2009,2012,IPL 2012,RCB,4,3,1,47,30,23.50,35,134.28,0,0,6,2,0,0,5,6.10,60,2/25,2/25,12.20,12.0,0,0,0,,,,
6553,Andrew Barry McDonald,"June 05, 1981, Wodonga, Victoria",45y 32d,Australia,Allrounder,Right hand Bat,Right arm Fast medium,2009 - 2009,2011,IPL 2011,DC,1,1,0,8,8,8.00,7,114.28,0,0,0,0,0,0,0,11.50,12,-,-,-,-,0,0,0,,,,
6553,Andrew Barry McDonald,"June 05, 1981, Wodonga, Victoria",45y 32d,Australia,Allrounder,Right hand Bat,Right arm Fast medium,2009 - 2009,2009/10,IPL 2009/10,DC,4,3,3,65,33*,-,52,125.00,0,0,3,2,0,0,5,9.85,84,2/37,2/37,27.60,16.8,0,0,0,,,,
6553,Andrew Barry McDonald,"June 05, 1981, Wodonga, Victoria",45y 32d,Australia,Allrounder,Right hand Bat,Right arm Fast medium,2009 - 2009,2009,IPL 2009,DC,1,1,0,3,3,3.00,4,75.00,0,0,0,0,0,0,0,7.33,18,-,-,-,-,0,0,0,,,,
527299,Aniket Vinod Choudhary,"January 28, 1990, Bikaner, Rajasthan",36y 160d,India,Bowler,Right hand Bat,Left arm Medium,-,2017,IPL 2017,RCB,5,3,2,25,15*,25.00,20,125.00,0,0,1,1,0,0,5,8.55,101,2/17,2/17,28.80,20.2,0,0,0,,,,
30176,Anil Kumble,"October 17, 1970, Bangalore, Karnataka",55y 263d,India,Bowler,Right hand Bat,Legbreak Googly,1990 - 2008,2009/10,IPL 2009/10,RCB,16,5,5,6,2*,-,11,54.54,0,0,0,0,3,0,17,6.42,380,4/16,4/16,23.94,22.3,1,0,0,,,"April 25, 1990","March 19, 2007"
30176,Anil Kumble,"October 17, 1970, Bangalore, Karnataka",55y 263d,India,Bowler,Right hand Bat,Legbreak Googly,1990 - 2008,2009,IPL 2009,RCB,16,7,6,16,7*,16.00,19,84.21,0,0,2,0,3,0,21,5.86,355,5/5,5/5,16.52,16.9,1,1,0,,,"April 25, 1990","March 19, 2007"
30176,Anil Kumble,"October 17, 1970, Bangalore, Karnataka",55y 263d,India,Bowler,Right hand Bat,Legbreak Googly,1990 - 2008,2007/08,IPL 2007/08,RCB,10,5,3,13,8,6.50,17,76.47,0,0,1,0,4,0,7,7.93,230,3/14,3/14,43.42,32.8,0,0,0,,,"April 25, 1990","March 19, 2007"
1123073,Anuj Rawat,"October 17, 1999, Ram Nagar, Uttarakhand",26y 263d,India,Wicketkeeper Batter,Left hand Bat,,-,2024,IPL 2024,RCB,5,5,1,98,48,24.50,77,127.27,0,0,10,3,5,0,-,-,-,-,-,-,-,-,-,-,,,,
1123073,Anuj Rawat,"October 17, 1999, Ram Nagar, Uttarakhand",26y 263d,India,Wicketkeeper Batter,Left hand Bat,,-,2023,IPL 2023,RCB,9,7,4,91,29*,30.33,71,128.16,0,0,6,4,3,0,-,-,-,-,-,-,-,-,-,-,,,,
1123073,Anuj Rawat,"October 17, 1999, Ram Nagar, Uttarakhand",26y 263d,India,Wicketkeeper Batter,Left hand Bat,,-,2022,IPL 2022,RCB,8,8,0,129,66,16.12,118,109.32,0,1,10,7,5,0,-,-,-,-,-,-,-,-,-,-,,,,
1123073,Anuj Rawat,"October 17, 1999, Ram Nagar, Uttarakhand",26y 263d,India,Wicketkeeper Batter,Left hand Bat,,-,2021,IPL 2021,RR,2,1,0,0,0,0.00,1,0.00,0,0,0,0,3,0,-,-,-,-,-,-,-,-,-,-,,,,
319745,Konda Bhaskir Arun Karthik,"February 15, 1986, Walajapet, Tamil Nadu",40y 142d,India,Wicketkeeper Batter,Right hand Bat,Legbreak Googly,-,2013,IPL 2013,RCB,12,5,2,41,19*,13.66,38,107.89,0,0,3,1,9,2,-,-,-,-,-,-,-,-,-,-,,,,
319745,Konda Bhaskir Arun Karthik,"February 15, 1986, Walajapet, Tamil Nadu",40y 142d,India,Wicketkeeper Batter,Right hand Bat,Legbreak Googly,-,2012,IPL 2012,RCB,1,-,-,-,-,-,-,-,-,-,-,-,0,0,-,-,-,-,-,-,-,-,-,-,,,,
319745,Konda Bhaskir Arun Karthik,"February 15, 1986, Walajapet, Tamil Nadu",40y 142d,India,Wicketkeeper Batter,Right hand Bat,Legbreak Googly,-,2011,IPL 2011,RCB,3,2,0,7,6,3.50,8,87.50,0,0,1,0,2,0,-,-,-,-,-,-,-,-,-,-,,,,
319745,Konda Bhaskir Arun Karthik,"February 15, 1986, Walajapet, Tamil Nadu",40y 142d,India,Wicketkeeper Batter,Right hand Bat,Legbreak Googly,-,2009/10,IPL 2009/10,CSK,1,1,1,3,3*,-,5,60.00,0,0,0,0,0,0,-,-,-,-,-,-,-,-,-,-,,,,
430401,Asad Ullah Khan Pathan,"June 17, 1984, Ankleshwar, Gujarat",42y 20d,India,Bowler,Right hand Bat,Right arm Medium,-,2012,IPL 2012,RCB,2,2,1,6,4,6.00,7,85.71,0,0,0,0,0,0,0,14.00,6,-,-,-,-,0,0,0,,,,
430401,Asad Ullah Khan Pathan,"June 17, 1984, Ankleshwar, Gujarat",42y 20d,India,Bowler,Right hand Bat,Right arm Medium,-,2011,IPL 2011,RCB,6,5,1,33,14,8.25,16,206.25,0,0,5,2,2,0,0,8.90,33,-,-,-,-,0,0,0,,,,
6938,Ashley Allan Noffke,"April 30, 1977, Nambour, Queensland",49y 68d,Australia,Allrounder,Right hand Bat,Right arm Fast medium,2007 - 2008,2007/08,IPL 2007/08,RCB,1,1,0,9,9,9.00,10,90.00,0,0,1,0,0,0,1,10.00,24,1/40,1/40,40.00,24.0,0,0,0,"December 11, 2007","February 01, 2008","February 03, 2008","December 11, 2007"
227712,Ashok Bhimchandra Dinda,"March 25, 1984, Medinipur, Calcutta (now Kolkata)",42y 104d,India,Bowler,Right hand Bat,Right arm Medium fast,2009 - 2013,2017,IPL 2017,RPS,3,1,0,7,7,7.00,7,100.00,0,0,1,0,0,0,1,11.90,60,1/26,1/26,119.00,60.0,0,0,0,"December 09, 2009","December 28, 2012","May 28, 2010","January 11, 2013"
227712,Ashok Bhimchandra Dinda,"March 25, 1984, Medinipur, Calcutta (now Kolkata)",42y 104d,India,Bowler,Right hand Bat,Right arm Medium fast,2009 - 2013,2016,IPL 2016,RPS,9,-,-,-,-,-,-,-,-,-,-,-,0,0,11,7.57,183,3/20,3/20,21.00,16.6,0,0,0,"December 09, 2009","December 28, 2012","May 28, 2010","January 11, 2013"
227712,Ashok Bhimchandra Dinda,"March 25, 1984, Medinipur, Calcutta (now Kolkata)",42y 104d,India,Bowler,Right hand Bat,Right arm Medium fast,2009 - 2013,2015,IPL 2015,RCB,2,-,-,-,-,-,-,-,-,-,-,-,1,0,0,12.40,30,-,-,-,-,0,0,0,"December 09, 2009","December 28, 2012","May 28, 2010","January 11, 2013"
227712,Ashok Bhimchandra Dinda,"March 25, 1984, Medinipur, Calcutta (now Kolkata)",42y 104d,India,Bowler,Right hand Bat,Right arm Medium fast,2009 - 2013,2014,IPL 2014,RCB,9,3,2,4,2*,4.00,12,33.33,0,0,0,0,0,0,5,8.70,186,1/14,1/14,54.00,37.2,0,0,0,"December 09, 2009","December 28, 2012","May 28, 2010","January 11, 2013"
227712,Ashok Bhimchandra Dinda,"March 25, 1984, Medinipur, Calcutta (now Kolkata)",42y 104d,India,Bowler,Right hand Bat,Right arm Medium fast,2009 - 2013,2013,IPL 2013,PWI,13,5,3,9,6*,4.50,11,81.81,0,0,1,0,3,0,16,9.48,294,3/31,3/31,29.06,18.3,0,0,0,"December 09, 2009","December 28, 2012","May 28, 2010","January 11, 2013"
227712,Ashok Bhimchandra Dinda,"March 25, 1984, Medinipur, Calcutta (now Kolkata)",42y 104d,India,Bowler,Right hand Bat,Right arm Medium fast,2009 - 2013,2012,IPL 2012,PWI,7,1,0,2,2,2.00,5,40.00,0,0,0,0,1,0,9,7.04,144,4/18,4/18,18.77,16.0,1,0,0,"December 09, 2009","December 28, 2012","May 28, 2010","January 11, 2013"
227712,Ashok Bhimchandra Dinda,"March 25, 1984, Medinipur, Calcutta (now Kolkata)",42y 104d,India,Bowler,Right hand Bat,Right arm Medium fast,2009 - 2013,2011,IPL 2011,DC,6,1,0,0,0,0.00,5,0.00,0,0,0,0,0,0,5,8.94,102,2/42,2/42,30.40,20.4,0,0,0,"December 09, 2009","December 28, 2012","May 28, 2010","January 11, 2013"
227712,Ashok Bhimchandra Dinda,"March 25, 1984, Medinipur, Calcutta (now Kolkata)",42y 104d,India,Bowler,Right hand Bat,Right arm Medium fast,2009 - 2013,2009/10,IPL 2009/10,KKR,7,1,0,0,0,0.00,1,0.00,0,0,0,0,0,0,9,6.56,139,2/15,2/15,16.88,15.4,0,0,0,"December 09, 2009","December 28, 2012","May 28, 2010","January 11, 2013"
227712,Ashok Bhimchandra Dinda,"March 25, 1984, Medinipur, Calcutta (now Kolkata)",42y 104d,India,Bowler,Right hand Bat,Right arm Medium fast,2009 - 2013,2009,IPL 2009,KKR,9,2,0,2,2,1.00,3,66.66,0,0,0,0,1,0,4,8.04,144,1/24,1/24,48.25,36.0,0,0,0,"December 09, 2009","December 28, 2012","May 28, 2010","January 11, 2013"
227712,Ashok Bhimchandra Dinda,"March 25, 1984, Medinipur, Calcutta (now Kolkata)",42y 104d,India,Bowler,Right hand Bat,Right arm Medium fast,2009 - 2013,2007/08,IPL 2007/08,KKR,13,3,2,2,1*,2.00,4,50.00,0,0,0,0,1,0,9,6.66,234,3/33,3/33,28.88,26.0,0,0,0,"December 09, 2009","December 28, 2012","May 28, 2010","January 11, 2013"
694211,Avesh Khan,"December 13, 1996, Indore, Madhya Pradesh",29y 206d,India,Bowler,Right hand Bat,Right arm Fast medium,2022 - 2024,2026,IPL 2026,LSG,7,4,3,6,4*,6.00,6,100.00,0,0,1,0,2,0,6,11.06,148,2/23,2/23,45.50,24.6,0,0,0,"February 20, 2022","November 10, 2024","July 24, 2022","December 21, 2023"
694211,Avesh Khan,"December 13, 1996, Indore, Madhya Pradesh",29y 206d,India,Bowler,Right hand Bat,Right arm Fast medium,2022 - 2024,2025,IPL 2025,LSG,13,4,3,21,19*,21.00,12,175.00,0,0,3,1,2,0,13,10.28,284,3/37,3/37,37.46,21.8,0,0,0,"February 20, 2022","November 10, 2024","July 24, 2022","December 21, 2023"
694211,Avesh Khan,"December 13, 1996, Indore, Madhya Pradesh",29y 206d,India,Bowler,Right hand Bat,Right arm Fast medium,2022 - 2024,2024,IPL 2024,RR,16,3,3,10,7*,-,5,200.00,0,0,1,0,2,0,19,9.59,329,3/27,3/27,27.68,17.3,0,0,0,"February 20, 2022","November 10, 2024","July 24, 2022","December 21, 2023"
694211,Avesh Khan,"December 13, 1996, Indore, Madhya Pradesh",29y 206d,India,Bowler,Right hand Bat,Right arm Fast medium,2022 - 2024,2023,IPL 2023,LSG,9,1,1,0,0*,-,1,0.00,0,0,0,0,2,0,8,9.75,174,3/25,3/25,35.37,21.7,0,0,0,"February 20, 2022","November 10, 2024","July 24, 2022","December 21, 2023"
694211,Avesh Khan,"December 13, 1996, Indore, Madhya Pradesh",29y 206d,India,Bowler,Right hand Bat,Right arm Fast medium,2022 - 2024,2022,IPL 2022,LSG,13,4,3,22,12,22.00,13,169.23,0,0,0,3,2,0,18,8.72,286,4/24,4/24,23.11,15.8,1,0,0,"February 20, 2022","November 10, 2024","July 24, 2022","December 21, 2023"
694211,Avesh Khan,"December 13, 1996, Indore, Madhya Pradesh",29y 206d,India,Bowler,Right hand Bat,Right arm Fast medium,2022 - 2024,2021,IPL 2021,DC,16,1,0,5,5,5.00,3,166.66,0,0,1,0,1,0,24,7.37,366,3/13,3/13,18.75,15.2,0,0,0,"February 20, 2022","November 10, 2024","July 24, 2022","December 21, 2023"
694211,Avesh Khan,"December 13, 1996, Indore, Madhya Pradesh",29y 206d,India,Bowler,Right hand Bat,Right arm Fast medium,2022 - 2024,2020/21,IPL 2020/21,DC,1,-,-,-,-,-,-,-,-,-,-,-,0,0,0,10.50,24,-,-,-,-,0,0,0,"February 20, 2022","November 10, 2024","July 24, 2022","December 21, 2023"
694211,Avesh Khan,"December 13, 1996, Indore, Madhya Pradesh",29y 206d,India,Bowler,Right hand Bat,Right arm Fast medium,2022 - 2024,2019,IPL 2019,DC,1,1,1,4,4*,-,3,133.33,0,0,1,0,1,0,0,10.00,18,-,-,-,-,0,0,0,"February 20, 2022","November 10, 2024","July 24, 2022","December 21, 2023"
694211,Avesh Khan,"December 13, 1996, Indore, Madhya Pradesh",29y 206d,India,Bowler,Right hand Bat,Right arm Fast medium,2022 - 2024,2018,IPL 2018,DC,6,-,-,-,-,-,-,-,-,-,-,-,3,0,4,10.73,114,2/29,2/29,51.00,28.5,0,0,0,"February 20, 2022","November 10, 2024","July 24, 2022","December 21, 2023"
694211,Avesh Khan,"December 13, 1996, Indore, Madhya Pradesh",29y 206d,India,Bowler,Right hand Bat,Right arm Fast medium,2022 - 2024,2017,IPL 2017,RCB,1,-,-,-,-,-,-,-,-,-,-,-,0,0,1,5.75,24,1/23,1/23,23.00,24.0,0,0,0,"February 20, 2022","November 10, 2024","July 24, 2022","December 21, 2023"
26206,Balachandra Akhil,"October 07, 1977, Bangalore, Karnataka",48y 273d,India,Bowler,Right hand Bat,Right arm Medium fast,-,2011,IPL 2011,Kochi,1,1,0,13,13,13.00,9,144.44,0,0,0,1,0,0,0,11.00,12,-,-,-,-,0,0,0,,,,
26206,Balachandra Akhil,"October 07, 1977, Bangalore, Karnataka",48y 273d,India,Bowler,Right hand Bat,Right arm Medium fast,-,2009/10,IPL 2009/10,RCB,1,-,-,-,-,-,-,-,-,-,-,-,0,0,0,6.00,6,-,-,-,-,0,0,0,,,,
26206,Balachandra Akhil,"October 07, 1977, Bangalore, Karnataka",48y 273d,India,Bowler,Right hand Bat,Right arm Medium fast,-,2009,IPL 2009,RCB,6,3,1,17,9,8.50,15,113.33,0,0,1,1,0,0,4,7.27,66,2/18,2/18,20.00,16.5,0,0,0,,,,
26206,Balachandra Akhil,"October 07, 1977, Bangalore, Karnataka",48y 273d,India,Bowler,Right hand Bat,Right arm Medium fast,-,2007/08,IPL 2007/08,RCB,7,7,4,46,27*,15.33,31,148.38,0,0,4,3,3,0,2,7.73,104,2/17,2/17,67.00,52.0,0,0,0,,,,
27685,Bharat Chipli,"January 27, 1983, Sagar, Shivmoga, Karantaka",43y 161d,India,Batter,Right hand Bat,Right arm Medium,-,2013,IPL 2013,DC,1,1,0,16,16,16.00,18,88.88,0,0,1,1,0,0,-,-,-,-,-,-,-,-,-,-,,,,
27685,Bharat Chipli,"January 27, 1983, Sagar, Shivmoga, Karantaka",43y 161d,India,Batter,Right hand Bat,Right arm Medium,-,2012,IPL 2012,DCH,5,4,1,37,25*,12.33,35,105.71,0,0,3,2,1,0,-,-,-,-,-,-,-,-,-,-,,,,
27685,Bharat Chipli,"January 27, 1983, Sagar, Shivmoga, Karantaka",43y 161d,India,Batter,Right hand Bat,Right arm Medium,-,2011,IPL 2011,DCH,14,13,5,207,61*,25.87,170,121.76,0,1,21,4,1,0,0,20.00,6,-,-,-,-,0,0,0,,,,
27685,Bharat Chipli,"January 27, 1983, Sagar, Shivmoga, Karantaka",43y 161d,India,Batter,Right hand Bat,Right arm Medium,-,2007/08,IPL 2007/08,RCB,3,3,0,20,10,6.66,28,71.42,0,0,3,0,1,0,-,-,-,-,-,-,-,-,-,-,,,,
326016,Bhuvneshwar Kumar Singh,"February 05, 1990, Meerut, Uttar Pradesh",36y 152d,India,Bowler,Right hand Bat,Right arm Medium,2012 - 2022,2026,IPL 2026,RCB,16,4,4,34,15*,-,26,130.76,0,0,3,1,1,0,28,7.95,378,4/23,4/23,17.89,13.5,1,0,0,"December 25, 2012","November 22, 2022","December 30, 2012","January 21, 2022"
326016,Bhuvneshwar Kumar Singh,"February 05, 1990, Meerut, Uttar Pradesh",36y 152d,India,Bowler,Right hand Bat,Right arm Medium,2012 - 2022,2025,IPL 2025,RCB,14,6,3,14,8,4.66,25,56.00,0,0,1,0,5,0,17,9.28,312,3/33,3/33,28.41,18.3,0,0,0,"December 25, 2012","November 22, 2022","December 30, 2012","January 21, 2022"
326016,Bhuvneshwar Kumar Singh,"February 05, 1990, Meerut, Uttar Pradesh",36y 152d,India,Bowler,Right hand Bat,Right arm Medium,2012 - 2022,2024,IPL 2024,SRH,16,5,2,23,13,7.66,29,79.31,0,0,3,0,1,0,11,9.35,342,3/41,3/41,48.45,31.0,0,0,0,"December 25, 2012","November 22, 2022","December 30, 2012","January 21, 2022"
326016,Bhuvneshwar Kumar Singh,"February 05, 1990, Meerut, Uttar Pradesh",36y 152d,India,Bowler,Right hand Bat,Right arm Medium,2012 - 2022,2023,IPL 2023,SRH,14,6,3,42,27,14.00,47,89.36,0,0,4,0,3,0,16,8.33,306,5/30,5/30,26.56,19.1,0,1,0,"December 25, 2012","November 22, 2022","December 30, 2012","January 21, 2022"
326016,Bhuvneshwar Kumar Singh,"February 05, 1990, Meerut, Uttar Pradesh",36y 152d,India,Bowler,Right hand Bat,Right arm Medium,2012 - 2022,2022,IPL 2022,SRH,14,6,3,24,8,8.00,26,92.30,0,0,3,0,2,0,12,7.34,313,3/22,3/22,31.91,26.0,0,0,0,"December 25, 2012","November 22, 2022","December 30, 2012","January 21, 2022"
326016,Bhuvneshwar Kumar Singh,"February 05, 1990, Meerut, Uttar Pradesh",36y 152d,India,Bowler,Right hand Bat,Right arm Medium,2012 - 2022,2021,IPL 2021,SRH,11,7,6,34,14*,34.00,30,113.33,0,0,3,0,0,0,6,7.97,252,1/16,1/16,55.83,42.0,0,0,0,"December 25, 2012","November 22, 2022","December 30, 2012","January 21, 2022"
326016,Bhuvneshwar Kumar Singh,"February 05, 1990, Meerut, Uttar Pradesh",36y 152d,India,Bowler,Right hand Bat,Right arm Medium,2012 - 2022,2020/21,IPL 2020/21,SRH,4,1,0,0,0,0.00,2,0.00,0,0,0,0,0,0,3,6.98,85,2/25,2/25,33.00,28.3,0,0,0,"December 25, 2012","November 22, 2022","December 30, 2012","January 21, 2022"
326016,Bhuvneshwar Kumar Singh,"February 05, 1990, Meerut, Uttar Pradesh",36y 152d,India,Bowler,Right hand Bat,Right arm Medium,2012 - 2022,2019,IPL 2019,SRH,15,5,2,12,7*,4.00,19,63.15,0,0,1,0,4,0,13,7.81,354,2/24,2/24,35.46,27.2,0,0,0,"December 25, 2012","November 22, 2022","December 30, 2012","January 21, 2022"
326016,Bhuvneshwar Kumar Singh,"February 05, 1990, Meerut, Uttar Pradesh",36y 152d,India,Bowler,Right hand Bat,Right arm Medium,2012 - 2022,2018,IPL 2018,SRH,12,4,2,13,7,6.50,16,81.25,0,0,1,0,2,0,9,7.66,277,3/26,3/26,39.33,30.7,0,0,0,"December 25, 2012","November 22, 2022","December 30, 2012","January 21, 2022"
326016,Bhuvneshwar Kumar Singh,"February 05, 1990, Meerut, Uttar Pradesh",36y 152d,India,Bowler,Right hand Bat,Right arm Medium,2012 - 2022,2017,IPL 2017,SRH,14,2,1,4,4*,4.00,4,100.00,0,0,0,0,4,0,26,7.05,314,5/19,5/19,14.19,12.0,0,1,0,"December 25, 2012","November 22, 2022","December 30, 2012","January 21, 2022"
326016,Bhuvneshwar Kumar Singh,"February 05, 1990, Meerut, Uttar Pradesh",36y 152d,India,Bowler,Right hand Bat,Right arm Medium,2012 - 2022,2016,IPL 2016,SRH,17,8,2,43,21,7.16,27,159.25,0,0,6,1,6,0,23,7.42,396,4/29,4/29,21.30,17.2,1,0,0,"December 25, 2012","November 22, 2022","December 30, 2012","January 21, 2022"
326016,Bhuvneshwar Kumar Singh,"February 05, 1990, Meerut, Uttar Pradesh",36y 152d,India,Bowler,Right hand Bat,Right arm Medium,2012 - 2022,2015,IPL 2015,SRH,14,3,2,17,11*,17.00,10,170.00,0,0,2,1,5,0,18,7.87,310,3/26,3/26,22.61,17.2,0,0,0,"December 25, 2012","November 22, 2022","December 30, 2012","January 21, 2022"
326016,Bhuvneshwar Kumar Singh,"February 05, 1990, Meerut, Uttar Pradesh",36y 152d,India,Bowler,Right hand Bat,Right arm Medium,2012 - 2022,2014,IPL 2014,SRH,14,2,1,1,1,1.00,4,25.00,0,0,0,0,2,0,20,6.65,319,4/14,4/14,17.70,15.9,1,0,0,"December 25, 2012","November 22, 2022","December 30, 2012","January 21, 2022"
326016,Bhuvneshwar Kumar Singh,"February 05, 1990, Meerut, Uttar Pradesh",36y 152d,India,Bowler,Right hand Bat,Right arm Medium,2012 - 2022,2013,IPL 2013,PWI,16,9,2,52,24*,7.42,71,73.23,0,0,3,1,2,0,13,6.50,342,3/18,3/18,28.53,26.3,0,0,0,"December 25, 2012","November 22, 2022","December 30, 2012","January 21, 2022"
326016,Bhuvneshwar Kumar Singh,"February 05, 1990, Meerut, Uttar Pradesh",36y 152d,India,Bowler,Right hand Bat,Right arm Medium,2012 - 2022,2012,IPL 2012,PWI,11,9,6,40,11*,13.33,40,100.00,0,0,4,0,0,0,8,7.20,234,2/9,2/9,35.12,29.2,0,0,0,"December 25, 2012","November 22, 2022","December 30, 2012","January 21, 2022"
326016,Bhuvneshwar Kumar Singh,"February 05, 1990, Meerut, Uttar Pradesh",36y 152d,India,Bowler,Right hand Bat,Right arm Medium,2012 - 2022,2011,IPL 2011,PWI,4,1,1,1,1*,-,1,100.00,0,0,0,0,2,0,3,6.09,66,2/14,2/14,22.33,22.0,0,0,0,"December 25, 2012","November 22, 2022","December 30, 2012","January 21, 2022"
533042,Billy James Stanlake,"November 04, 1994, Hervey Bay, Australia",31y 246d,Australia,Bowler,Left hand Bat,Right arm Fast,2017 - 2026,2018,IPL 2018,SRH,4,1,1,5,5*,-,2,250.00,0,0,1,0,0,0,5,8.12,96,2/21,2/21,26.00,19.2,0,0,0,"February 17, 2017","November 08, 2019","January 13, 2017","May 30, 2026"
533042,Billy James Stanlake,"November 04, 1994, Hervey Bay, Australia",31y 246d,Australia,Bowler,Left hand Bat,Right arm Fast,2017 - 2026,2017,IPL 2017,RCB,2,-,-,-,-,-,-,-,-,-,-,-,1,0,2,8.75,48,2/29,2/29,35.00,24.0,0,0,0,"February 17, 2017","November 08, 2019","January 13, 2017","May 30, 2026"
37737,Brendon Barrie McCullum,"September 27, 1981, Dunedin, Otago",44y 283d,New Zealand,Wicketkeeper Batter,Right hand Bat,"Right arm Medium, Right arm Offbreak",2002 - 2016,2018,IPL 2018,RCB,6,6,0,127,43,21.16,88,144.31,0,0,16,6,1,0,-,-,-,-,-,-,-,-,-,-,"February 17, 2005","June 23, 2015","January 17, 2002","February 08, 2016"
37737,Brendon Barrie McCullum,"September 27, 1981, Dunedin, Otago",44y 283d,New Zealand,Wicketkeeper Batter,Right hand Bat,"Right arm Medium, Right arm Offbreak",2002 - 2016,2017,IPL 2017,GL,11,11,0,319,72,29.00,217,147.00,0,2,29,18,8,0,-,-,-,-,-,-,-,-,-,-,"February 17, 2005","June 23, 2015","January 17, 2002","February 08, 2016"
37737,Brendon Barrie McCullum,"September 27, 1981, Dunedin, Otago",44y 283d,New Zealand,Wicketkeeper Batter,Right hand Bat,"Right arm Medium, Right arm Offbreak",2002 - 2016,2016,IPL 2016,GL,16,16,0,354,60,22.12,262,135.11,0,1,38,16,0,0,-,-,-,-,-,-,-,-,-,-,"February 17, 2005","June 23, 2015","January 17, 2002","February 08, 2016"
37737,Brendon Barrie McCullum,"September 27, 1981, Dunedin, Otago",44y 283d,New Zealand,Wicketkeeper Batter,Right hand Bat,"Right arm Medium, Right arm Offbreak",2002 - 2016,2015,IPL 2015,CSK,14,14,1,436,100*,33.53,280,155.71,1,2,51,23,2,0,-,-,-,-,-,-,-,-,-,-,"February 17, 2005","June 23, 2015","January 17, 2002","February 08, 2016"
37737,Brendon Barrie McCullum,"September 27, 1981, Dunedin, Otago",44y 283d,New Zealand,Wicketkeeper Batter,Right hand Bat,"Right arm Medium, Right arm Offbreak",2002 - 2016,2014,IPL 2014,CSK,14,14,1,405,71*,31.15,333,121.62,0,3,32,19,6,0,-,-,-,-,-,-,-,-,-,-,"February 17, 2005","June 23, 2015","January 17, 2002","February 08, 2016"
37737,Brendon Barrie McCullum,"September 27, 1981, Dunedin, Otago",44y 283d,New Zealand,Wicketkeeper Batter,Right hand Bat,"Right arm Medium, Right arm Offbreak",2002 - 2016,2013,IPL 2013,KKR,1,1,0,6,6,6.00,7,85.71,0,0,1,0,0,0,-,-,-,-,-,-,-,-,-,-,"February 17, 2005","June 23, 2015","January 17, 2002","February 08, 2016"
37737,Brendon Barrie McCullum,"September 27, 1981, Dunedin, Otago",44y 283d,New Zealand,Wicketkeeper Batter,Right hand Bat,"Right arm Medium, Right arm Offbreak",2002 - 2016,2012,IPL 2012,KKR,12,12,0,289,56,24.08,283,102.12,0,1,37,3,9,6,-,-,-,-,-,-,-,-,-,-,"February 17, 2005","June 23, 2015","January 17, 2002","February 08, 2016"
37737,Brendon Barrie McCullum,"September 27, 1981, Dunedin, Otago",44y 283d,New Zealand,Wicketkeeper Batter,Right hand Bat,"Right arm Medium, Right arm Offbreak",2002 - 2016,2011,IPL 2011,Kochi,13,13,0,357,81,27.46,275,129.81,0,1,35,16,2,0,-,-,-,-,-,-,-,-,-,-,"February 17, 2005","June 23, 2015","January 17, 2002","February 08, 2016"
37737,Brendon Barrie McCullum,"September 27, 1981, Dunedin, Otago",44y 283d,New Zealand,Wicketkeeper Batter,Right hand Bat,"Right arm Medium, Right arm Offbreak",2002 - 2016,2009/10,IPL 2009/10,KKR,5,5,1,114,57*,28.50,110,103.63,0,1,14,2,2,0,-,-,-,-,-,-,-,-,-,-,"February 17, 2005","June 23, 2015","January 17, 2002","February 08, 2016"
37737,Brendon Barrie McCullum,"September 27, 1981, Dunedin, Otago",44y 283d,New Zealand,Wicketkeeper Batter,Right hand Bat,"Right arm Medium, Right arm Offbreak",2002 - 2016,2009,IPL 2009,KKR,13,13,1,285,84*,23.75,239,119.24,0,2,27,12,6,0,-,-,-,-,-,-,-,-,-,-,"February 17, 2005","June 23, 2015","January 17, 2002","February 08, 2016"
37737,Brendon Barrie McCullum,"September 27, 1981, Dunedin, Otago",44y 283d,New Zealand,Wicketkeeper Batter,Right hand Bat,"Right arm Medium, Right arm Offbreak",2002 - 2016,2007/08,IPL 2007/08,KKR,4,4,1,188,158*,62.66,92,204.34,1,0,13,15,1,0,-,-,-,-,-,-,-,-,-,-,"February 17, 2005","June 23, 2015","January 17, 2002","February 08, 2016"
1076713,Cameron Donald Green,"June 03, 1999",27y 34d,Australia,Batting Allrounder,Right hand Bat,Right arm Fast medium,2020 - 2026,2026,IPL 2026,KKR,14,14,4,322,79,32.20,221,145.70,0,2,22,17,8,0,7,10.63,132,2/23,2/23,33.42,18.8,0,0,0,"April 05, 2022","February 20, 2026","December 02, 2020","June 14, 2026"
1076713,Cameron Donald Green,"June 03, 1999",27y 34d,Australia,Batting Allrounder,Right hand Bat,Right arm Fast medium,2020 - 2026,2024,IPL 2024,RCB,13,12,4,255,46,31.87,178,143.25,0,0,22,10,5,0,10,8.61,211,2/12,2/12,30.30,21.1,0,0,0,"April 05, 2022","February 20, 2026","December 02, 2020","June 14, 2026"
1076713,Cameron Donald Green,"June 03, 1999",27y 34d,Australia,Batting Allrounder,Right hand Bat,Right arm Fast medium,2020 - 2026,2023,IPL 2023,MI,16,16,7,452,100*,50.22,282,160.28,1,2,40,22,5,0,6,9.50,228,2/41,2/41,60.16,38.0,0,0,0,"April 05, 2022","February 20, 2026","December 02, 2020","June 14, 2026"
8291,Cameron Leon White,"August 18, 1983, Bairnsdale, Victoria",42y 324d,Australia,Middle order Batter,Right hand Bat,Legbreak Googly,2005 - 2018,2013,IPL 2013,SRH,13,13,1,209,52,17.41,191,109.42,0,1,18,7,10,0,1,8.00,12,1/14,1/14,16.00,12.0,0,0,0,"January 09, 2007","November 09, 2014","October 05, 2005","January 26, 2018"
8291,Cameron Leon White,"August 18, 1983, Bairnsdale, Victoria",42y 324d,Australia,Middle order Batter,Right hand Bat,Legbreak Googly,2005 - 2018,2012,IPL 2012,DCH,13,13,2,479,78,43.54,320,149.68,0,5,41,20,3,0,0,9.00,18,-,-,-,-,0,0,0,"January 09, 2007","November 09, 2014","October 05, 2005","January 26, 2018"
8291,Cameron Leon White,"August 18, 1983, Bairnsdale, Victoria",42y 324d,Australia,Middle order Batter,Right hand Bat,Legbreak Googly,2005 - 2018,2011,IPL 2011,DCH,6,6,2,104,31*,26.00,109,95.41,0,0,6,2,2,0,-,-,-,-,-,-,-,-,-,-,"January 09, 2007","November 09, 2014","October 05, 2005","January 26, 2018"
8291,Cameron Leon White,"August 18, 1983, Bairnsdale, Victoria",42y 324d,Australia,Middle order Batter,Right hand Bat,Legbreak Googly,2005 - 2018,2009/10,IPL 2009/10,RCB,7,5,3,48,21*,24.00,33,145.45,0,0,3,3,4,0,0,19.00,6,-,-,-,-,0,0,0,"January 09, 2007","November 09, 2014","October 05, 2005","January 26, 2018"
8291,Cameron Leon White,"August 18, 1983, Bairnsdale, Victoria",42y 324d,Australia,Middle order Batter,Right hand Bat,Legbreak Googly,2005 - 2018,2007/08,IPL 2007/08,RCB,8,8,1,114,31*,16.28,102,111.76,0,0,8,4,3,0,0,24.00,6,-,-,-,-,0,0,0,"January 09, 2007","November 09, 2014","October 05, 2005","January 26, 2018"
45963,Charl Kenneth Langeveldt,"December 17, 1974, Stellenbosch, Cape Province",51y 202d,South Africa,Bowler,Right hand Bat,Right arm Fast medium,2001 - 2010,2011,IPL 2011,RCB,3,1,0,8,8,8.00,8,100.00,0,0,0,1,0,0,5,7.63,66,2/10,2/10,16.80,13.2,0,0,0,"October 21, 2005","May 19, 2010","October 14, 2001","October 31, 2010"
45963,Charl Kenneth Langeveldt,"December 17, 1974, Stellenbosch, Cape Province",51y 202d,South Africa,Bowler,Right hand Bat,Right arm Fast medium,2001 - 2010,2009/10,IPL 2009/10,KKR,3,1,0,0,0,0.00,1,0.00,0,0,0,0,0,0,5,8.00,66,2/26,2/26,17.60,13.2,0,0,0,"October 21, 2005","May 19, 2010","October 14, 2001","October 31, 2010"
45963,Charl Kenneth Langeveldt,"December 17, 1974, Stellenbosch, Cape Province",51y 202d,South Africa,Bowler,Right hand Bat,Right arm Fast medium,2001 - 2010,2009,IPL 2009,KKR,1,-,-,-,-,-,-,-,-,-,-,-,0,0,3,3.75,24,3/15,3/15,5.00,8.0,0,0,0,"October 21, 2005","May 19, 2010","October 14, 2001","October 31, 2010"
32540,Cheteshwar Arvind Pujara,"January 25, 1988, Rajkot, Gujarat",38y 164d,India,Top order Batter,Right hand Bat,Legbreak,2010 - 2023,2014,IPL 2014,PBKS,6,6,1,125,40*,25.00,124,100.80,0,0,17,0,0,0,-,-,-,-,-,-,-,-,-,-,,,"August 01, 2013","June 19, 2014"
32540,Cheteshwar Arvind Pujara,"January 25, 1988, Rajkot, Gujarat",38y 164d,India,Top order Batter,Right hand Bat,Legbreak,2010 - 2023,2013,IPL 2013,RCB,4,4,0,92,51,23.00,99,92.92,0,1,14,0,1,0,-,-,-,-,-,-,-,-,-,-,,,"August 01, 2013","June 19, 2014"
32540,Cheteshwar Arvind Pujara,"January 25, 1988, Rajkot, Gujarat",38y 164d,India,Top order Batter,Right hand Bat,Legbreak,2010 - 2023,2012,IPL 2012,RCB,3,3,0,17,11,5.66,22,77.27,0,0,1,1,2,0,-,-,-,-,-,-,-,-,-,-,,,"August 01, 2013","June 19, 2014"
32540,Cheteshwar Arvind Pujara,"January 25, 1988, Rajkot, Gujarat",38y 164d,India,Top order Batter,Right hand Bat,Legbreak,2010 - 2023,2011,IPL 2011,RCB,7,3,0,34,25,11.33,31,109.67,0,0,4,0,1,0,-,-,-,-,-,-,-,-,-,-,,,"August 01, 2013","June 19, 2014"
32540,Cheteshwar Arvind Pujara,"January 25, 1988, Rajkot, Gujarat",38y 164d,India,Top order Batter,Right hand Bat,Legbreak,2010 - 2023,2009/10,IPL 2009/10,KKR,10,6,2,122,45*,30.50,115,106.08,0,0,14,3,2,0,-,-,-,-,-,-,-,-,-,-,,,"August 01, 2013","June 19, 2014"
51880,Christopher Henry Gayle,"September 21, 1979, Kingston, Jamaica",46y 289d,West Indies,Allrounder,Left hand Bat,Right arm Offbreak,1999 - 2021,2021,IPL 2021,PBKS,10,10,1,193,46,21.44,154,125.32,0,0,21,8,3,0,-,-,-,-,-,-,-,-,-,-,"February 16, 2006","November 06, 2021","September 11, 1999","August 14, 2019"
51880,Christopher Henry Gayle,"September 21, 1979, Kingston, Jamaica",46y 289d,West Indies,Allrounder,Left hand Bat,Right arm Offbreak,1999 - 2021,2020/21,IPL 2020/21,PBKS,7,7,0,288,99,41.14,210,137.14,0,3,15,23,1,0,0,6.00,5,-,-,-,-,0,0,0,"February 16, 2006","November 06, 2021","September 11, 1999","August 14, 2019"
51880,Christopher Henry Gayle,"September 21, 1979, Kingston, Jamaica",46y 289d,West Indies,Allrounder,Left hand Bat,Right arm Offbreak,1999 - 2021,2019,IPL 2019,PBKS,13,13,1,490,99*,40.83,319,153.60,0,4,45,34,0,0,-,-,-,-,-,-,-,-,-,-,"February 16, 2006","November 06, 2021","September 11, 1999","August 14, 2019"
51880,Christopher Henry Gayle,"September 21, 1979, Kingston, Jamaica",46y 289d,West Indies,Allrounder,Left hand Bat,Right arm Offbreak,1999 - 2021,2018,IPL 2018,PBKS,11,11,2,368,104*,40.88,252,146.03,1,3,30,27,2,0,-,-,-,-,-,-,-,-,-,-,"February 16, 2006","November 06, 2021","September 11, 1999","August 14, 2019"
51880,Christopher Henry Gayle,"September 21, 1979, Kingston, Jamaica",46y 289d,West Indies,Allrounder,Left hand Bat,Right arm Offbreak,1999 - 2021,2017,IPL 2017,RCB,9,9,0,200,77,22.22,163,122.69,0,1,15,14,2,0,-,-,-,-,-,-,-,-,-,-,"February 16, 2006","November 06, 2021","September 11, 1999","August 14, 2019"
51880,Christopher Henry Gayle,"September 21, 1979, Kingston, Jamaica",46y 289d,West Indies,Allrounder,Left hand Bat,Right arm Offbreak,1999 - 2021,2016,IPL 2016,RCB,10,10,0,227,76,22.70,150,151.33,0,2,17,21,4,0,2,6.30,60,2/11,2/11,31.50,30.0,0,0,0,"February 16, 2006","November 06, 2021","September 11, 1999","August 14, 2019"
51880,Christopher Henry Gayle,"September 21, 1979, Kingston, Jamaica",46y 289d,West Indies,Allrounder,Left hand Bat,Right arm Offbreak,1999 - 2021,2015,IPL 2015,RCB,14,14,2,491,117,40.91,333,147.44,1,2,39,38,1,0,0,7.50,12,-,-,-,-,0,0,0,"February 16, 2006","November 06, 2021","September 11, 1999","August 14, 2019"
51880,Christopher Henry Gayle,"September 21, 1979, Kingston, Jamaica",46y 289d,West Indies,Allrounder,Left hand Bat,Right arm Offbreak,1999 - 2021,2014,IPL 2014,RCB,9,9,0,196,46,21.77,184,106.52,0,0,18,12,2,0,-,-,-,-,-,-,-,-,-,-,"February 16, 2006","November 06, 2021","September 11, 1999","August 14, 2019"
51880,Christopher Henry Gayle,"September 21, 1979, Kingston, Jamaica",46y 289d,West Indies,Allrounder,Left hand Bat,Right arm Offbreak,1999 - 2021,2013,IPL 2013,RCB,16,16,4,708,175*,59.00,453,156.29,1,4,57,51,3,0,3,10.00,24,2/5,2/5,13.33,8.0,0,0,0,"February 16, 2006","November 06, 2021","September 11, 1999","August 14, 2019"
51880,Christopher Henry Gayle,"September 21, 1979, Kingston, Jamaica",46y 289d,West Indies,Allrounder,Left hand Bat,Right arm Offbreak,1999 - 2021,2012,IPL 2012,RCB,15,14,2,733,128*,61.08,456,160.74,1,7,46,59,2,0,0,14.14,28,-,-,-,-,0,0,0,"February 16, 2006","November 06, 2021","September 11, 1999","August 14, 2019"
51880,Christopher Henry Gayle,"September 21, 1979, Kingston, Jamaica",46y 289d,West Indies,Allrounder,Left hand Bat,Right arm Offbreak,1999 - 2021,2011,IPL 2011,RCB,12,12,3,608,107,67.55,332,183.13,2,3,56,44,2,0,8,6.77,216,3/21,3/21,30.50,27.0,0,0,0,"February 16, 2006","November 06, 2021","September 11, 1999","August 14, 2019"
51880,Christopher Henry Gayle,"September 21, 1979, Kingston, Jamaica",46y 289d,West Indies,Allrounder,Left hand Bat,Right arm Offbreak,1999 - 2021,2009/10,IPL 2009/10,KKR,9,9,0,292,88,32.44,184,158.69,0,2,30,16,2,0,4,9.50,96,1/9,1/9,38.00,24.0,0,0,0,"February 16, 2006","November 06, 2021","September 11, 1999","August 14, 2019"
51880,Christopher Henry Gayle,"September 21, 1979, Kingston, Jamaica",46y 289d,West Indies,Allrounder,Left hand Bat,Right arm Offbreak,1999 - 2021,2009,IPL 2009,KKR,7,7,1,171,44*,28.50,143,119.58,0,0,15,10,5,0,1,7.64,113,1/21,1/21,144.00,113.0,0,0,0,"February 16, 2006","November 06, 2021","September 11, 1999","August 14, 2019"
288992,Christopher James Jordan,"October 04, 1988, Barbados",37y 276d,England,Bowler,Right hand Bat,Right arm Fast medium,2013 - 2024,2023,IPL 2023,MI,6,2,0,6,4,3.00,12,50.00,0,0,0,0,1,0,3,10.77,132,1/7,1/7,79.00,44.0,0,0,0,"February 02, 2014","June 27, 2024","September 16, 2013","November 17, 2022"
288992,Christopher James Jordan,"October 04, 1988, Barbados",37y 276d,England,Bowler,Right hand Bat,Right arm Fast medium,2013 - 2024,2022,IPL 2022,CSK,4,2,1,11,6*,11.00,8,137.50,0,0,0,0,4,0,2,10.51,77,2/23,2/23,67.50,38.5,0,0,0,"February 02, 2014","June 27, 2024","September 16, 2013","November 17, 2022"
288992,Christopher James Jordan,"October 04, 1988, Barbados",37y 276d,England,Bowler,Right hand Bat,Right arm Fast medium,2013 - 2024,2021,IPL 2021,PBKS,4,2,0,32,30,16.00,21,152.38,0,0,1,3,0,0,4,8.00,72,2/20,2/20,24.00,18.0,0,0,0,"February 02, 2014","June 27, 2024","September 16, 2013","November 17, 2022"
288992,Christopher James Jordan,"October 04, 1988, Barbados",37y 276d,England,Bowler,Right hand Bat,Right arm Fast medium,2013 - 2024,2020/21,IPL 2020/21,PBKS,9,5,2,29,13,9.66,31,93.54,0,0,2,0,5,0,9,9.65,189,3/17,3/17,33.77,21.0,0,0,0,"February 02, 2014","June 27, 2024","September 16, 2013","November 17, 2022"
288992,Christopher James Jordan,"October 04, 1988, Barbados",37y 276d,England,Bowler,Right hand Bat,Right arm Fast medium,2013 - 2024,2018,IPL 2018,SRH,1,-,-,-,-,-,-,-,-,-,-,-,0,0,0,7.75,24,-,-,-,-,0,0,0,"February 02, 2014","June 27, 2024","September 16, 2013","November 17, 2022"
288992,Christopher James Jordan,"October 04, 1988, Barbados",37y 276d,England,Bowler,Right hand Bat,Right arm Fast medium,2013 - 2024,2017,IPL 2017,SRH,1,1,0,0,0,0.00,1,0.00,0,0,0,0,0,0,1,9.00,6,1/9,1/9,9.00,6.0,0,0,0,"February 02, 2014","June 27, 2024","September 16, 2013","November 17, 2022"
288992,Christopher James Jordan,"October 04, 1988, Barbados",37y 276d,England,Bowler,Right hand Bat,Right arm Fast medium,2013 - 2024,2016,IPL 2016,RCB,9,1,0,3,3,3.00,4,75.00,0,0,0,0,4,0,11,9.21,168,4/11,4/11,23.45,15.2,1,0,0,"February 02, 2014","June 27, 2024","September 16, 2013","November 17, 2022"
439952,Christopher Henry Morris,"April 30, 1987, Pretoria, Transvaal",39y 68d,South Africa,Bowling Allrounder,Right hand Bat,Right arm Fast medium,2012 - 2019,2021,IPL 2021,RR,11,7,2,67,36*,13.40,49,136.73,0,0,2,5,4,0,15,9.17,246,4/23,4/23,25.06,16.4,1,0,0,"December 21, 2012","March 24, 2019","June 10, 2013","July 06, 2019"
439952,Christopher Henry Morris,"April 30, 1987, Pretoria, Transvaal",39y 68d,South Africa,Bowling Allrounder,Right hand Bat,Right arm Fast medium,2012 - 2019,2020/21,IPL 2020/21,RCB,9,5,1,34,25*,8.50,21,161.90,0,0,2,3,7,0,11,6.63,190,4/26,4/26,19.09,17.2,1,0,0,"December 21, 2012","March 24, 2019","June 10, 2013","July 06, 2019"
439952,Christopher Henry Morris,"April 30, 1987, Pretoria, Transvaal",39y 68d,South Africa,Bowling Allrounder,Right hand Bat,Right arm Fast medium,2012 - 2019,2019,IPL 2019,DC,9,6,0,32,17,5.33,37,86.48,0,0,1,2,4,0,13,9.27,198,3/22,3/22,23.53,15.2,0,0,0,"December 21, 2012","March 24, 2019","June 10, 2013","July 06, 2019"
439952,Christopher Henry Morris,"April 30, 1987, Pretoria, Transvaal",39y 68d,South Africa,Bowling Allrounder,Right hand Bat,Right arm Fast medium,2012 - 2019,2018,IPL 2018,DC,4,4,3,46,27*,46.00,26,176.92,0,0,3,2,2,0,3,10.21,84,2/41,2/41,47.66,28.0,0,0,0,"December 21, 2012","March 24, 2019","June 10, 2013","July 06, 2019"
439952,Christopher Henry Morris,"April 30, 1987, Pretoria, Transvaal",39y 68d,South Africa,Bowling Allrounder,Right hand Bat,Right arm Fast medium,2012 - 2019,2017,IPL 2017,DC,9,9,4,154,52*,30.80,94,163.82,0,1,15,6,5,0,12,7.74,186,4/26,4/26,20.00,15.5,1,0,0,"December 21, 2012","March 24, 2019","June 10, 2013","July 06, 2019"
439952,Christopher Henry Morris,"April 30, 1987, Pretoria, Transvaal",39y 68d,South Africa,Bowling Allrounder,Right hand Bat,Right arm Fast medium,2012 - 2019,2016,IPL 2016,DC,12,7,4,195,82*,65.00,109,178.89,0,1,15,12,8,0,13,7.00,264,2/30,2/30,23.69,20.3,0,0,0,"December 21, 2012","March 24, 2019","June 10, 2013","July 06, 2019"
439952,Christopher Henry Morris,"April 30, 1987, Pretoria, Transvaal",39y 68d,South Africa,Bowling Allrounder,Right hand Bat,Right arm Fast medium,2012 - 2019,2015,IPL 2015,RR,11,7,5,76,34*,38.00,46,165.21,0,0,3,5,3,0,13,7.40,252,4/23,4/23,23.92,19.3,1,0,0,"December 21, 2012","March 24, 2019","June 10, 2013","July 06, 2019"
439952,Christopher Henry Morris,"April 30, 1987, Pretoria, Transvaal",39y 68d,South Africa,Bowling Allrounder,Right hand Bat,Right arm Fast medium,2012 - 2019,2013,IPL 2013,CSK,16,6,4,14,7*,7.00,16,87.50,0,0,0,0,5,0,15,8.02,300,3/40,3/40,26.73,20.0,0,0,0,"December 21, 2012","March 24, 2019","June 10, 2013","July 06, 2019"
247235,Christopher Roger Woakes,"March 02, 1989, Birmingham, Warwickshire",37y 128d,England,Allrounder,Right hand Bat,Right arm Fast medium,2011 - 2025,2021,IPL 2021,DC,3,1,1,15,15*,-,11,136.36,0,0,2,0,0,0,5,7.45,66,2/18,2/18,16.40,13.2,0,0,0,"January 12, 2011","December 21, 2023","January 23, 2011","November 11, 2023"
247235,Christopher Roger Woakes,"March 02, 1989, Birmingham, Warwickshire",37y 128d,England,Allrounder,Right hand Bat,Right arm Fast medium,2011 - 2025,2018,IPL 2018,RCB,5,4,2,17,11,8.50,19,89.47,0,0,1,1,1,0,8,10.36,110,3/36,3/36,23.75,13.7,0,0,0,"January 12, 2011","December 21, 2023","January 23, 2011","November 11, 2023"
247235,Christopher Roger Woakes,"March 02, 1989, Birmingham, Warwickshire",37y 128d,England,Allrounder,Right hand Bat,Right arm Fast medium,2011 - 2025,2017,IPL 2017,KKR,13,7,3,46,18,11.50,47,97.87,0,0,4,1,6,0,17,8.77,264,3/6,3/6,22.70,15.5,0,0,0,"January 12, 2011","December 21, 2023","January 23, 2011","November 11, 2023"
55395,Colin de Grandhomme,"July 22, 1986, Harare",39y 350d,New Zealand,Allrounder,Right hand Bat,Right arm Medium fast,2012 - 2022,2019,IPL 2019,RCB,4,4,1,46,37,15.33,49,93.87,0,0,4,2,1,0,0,11.00,30,-,-,-,-,0,0,0,"February 11, 2012","September 10, 2021","March 03, 2012","April 04, 2022"
55395,Colin de Grandhomme,"July 22, 1986, Harare",39y 350d,New Zealand,Allrounder,Right hand Bat,Right arm Medium fast,2012 - 2022,2018,IPL 2018,RCB,9,8,3,131,40,26.20,84,155.95,0,0,4,10,3,0,2,8.60,90,1/8,1/8,64.50,45.0,0,0,0,"February 11, 2012","September 10, 2021","March 03, 2012","April 04, 2022"
55395,Colin de Grandhomme,"July 22, 1986, Harare",39y 350d,New Zealand,Allrounder,Right hand Bat,Right arm Medium fast,2012 - 2022,2017,IPL 2017,KKR,12,9,1,126,36,15.75,92,136.95,0,0,10,6,2,0,4,8.43,96,3/4,3/4,33.75,24.0,0,0,0,"February 11, 2012","September 10, 2021","March 03, 2012","April 04, 2022"
277662,Corey James Anderson,"December 13, 1990, Christchurch, Canterbury",35y 206d,United States of America,Batting Allrounder,Left hand Bat,Left arm Medium fast,2012 - 2024,2018,IPL 2018,RCB,3,3,0,17,15,5.66,22,77.27,0,0,0,1,0,0,3,13.26,52,2/47,2/47,38.33,17.3,0,0,0,"December 21, 2012","June 23, 2024","June 16, 2013","June 09, 2017"
277662,Corey James Anderson,"December 13, 1990, Christchurch, Canterbury",35y 206d,United States of America,Batting Allrounder,Left hand Bat,Left arm Medium fast,2012 - 2024,2017,IPL 2017,DC,11,11,4,142,41*,20.28,123,115.44,0,0,8,9,5,0,3,9.87,113,1/23,1/23,62.00,37.6,0,0,0,"December 21, 2012","June 23, 2024","June 16, 2013","June 09, 2017"
277662,Corey James Anderson,"December 13, 1990, Christchurch, Canterbury",35y 206d,United States of America,Batting Allrounder,Left hand Bat,Left arm Medium fast,2012 - 2024,2015,IPL 2015,MI,4,4,1,114,55*,38.00,97,117.52,0,2,11,6,1,0,1,8.25,24,1/21,1/21,33.00,24.0,0,0,0,"December 21, 2012","June 23, 2024","June 16, 2013","June 09, 2017"
277662,Corey James Anderson,"December 13, 1990, Christchurch, Canterbury",35y 206d,United States of America,Batting Allrounder,Left hand Bat,Left arm Medium fast,2012 - 2024,2014,IPL 2014,MI,12,11,2,265,95*,29.44,181,146.40,0,1,21,15,5,0,4,10.22,108,2/18,2/18,46.00,27.0,0,0,0,"December 21, 2012","June 23, 2024","June 16, 2013","June 09, 2017"
47492,Dale Willem Steyn,"June 27, 1983, Phalaborwa",43y 11d,South Africa,Bowler,Right hand Bat,Right arm Fast,2004 - 2020,2020/21,IPL 2020/21,RCB,3,1,1,1,1*,-,2,50.00,0,0,0,0,0,0,1,11.40,70,1/33,1/33,133.00,70.0,0,0,0,"November 23, 2007","February 21, 2020","August 17, 2005","March 13, 2019"
47492,Dale Willem Steyn,"June 27, 1983, Phalaborwa",43y 11d,South Africa,Bowler,Right hand Bat,Right arm Fast,2004 - 2020,2019,IPL 2019,RCB,2,1,1,0,0*,-,0,-,0,0,0,0,0,0,4,8.62,48,2/29,2/29,17.25,12.0,0,0,0,"November 23, 2007","February 21, 2020","August 17, 2005","March 13, 2019"
47492,Dale Willem Steyn,"June 27, 1983, Phalaborwa",43y 11d,South Africa,Bowler,Right hand Bat,Right arm Fast,2004 - 2020,2016,IPL 2016,GL,1,1,0,1,1,1.00,2,50.00,0,0,0,0,0,0,0,8.50,12,-,-,-,-,0,0,0,"November 23, 2007","February 21, 2020","August 17, 2005","March 13, 2019"
47492,Dale Willem Steyn,"June 27, 1983, Phalaborwa",43y 11d,South Africa,Bowler,Right hand Bat,Right arm Fast,2004 - 2020,2015,IPL 2015,SRH,6,3,2,20,19*,20.00,13,153.84,0,0,3,0,2,0,3,8.94,114,2/38,2/38,56.66,38.0,0,0,0,"November 23, 2007","February 21, 2020","August 17, 2005","March 13, 2019"
47492,Dale Willem Steyn,"June 27, 1983, Phalaborwa",43y 11d,South Africa,Bowler,Right hand Bat,Right arm Fast,2004 - 2020,2014,IPL 2014,SRH,14,4,1,22,12,7.33,26,84.61,0,0,1,0,7,0,11,7.69,336,2/20,2/20,39.18,30.5,0,0,0,"November 23, 2007","February 21, 2020","August 17, 2005","March 13, 2019"
47492,Dale Willem Steyn,"June 27, 1983, Phalaborwa",43y 11d,South Africa,Bowler,Right hand Bat,Right arm Fast,2004 - 2020,2013,IPL 2013,SRH,17,8,6,53,18*,26.50,36,147.22,0,0,5,2,3,0,19,5.66,407,3/11,3/11,20.21,21.4,0,0,0,"November 23, 2007","February 21, 2020","August 17, 2005","March 13, 2019"
47492,Dale Willem Steyn,"June 27, 1983, Phalaborwa",43y 11d,South Africa,Bowler,Right hand Bat,Right arm Fast,2004 - 2020,2012,IPL 2012,DCH,12,6,1,19,7,3.80,21,90.47,0,0,0,1,4,0,18,6.10,280,3/8,3/8,15.83,15.5,0,0,0,"November 23, 2007","February 21, 2020","August 17, 2005","March 13, 2019"
47492,Dale Willem Steyn,"June 27, 1983, Phalaborwa",43y 11d,South Africa,Bowler,Right hand Bat,Right arm Fast,2004 - 2020,2011,IPL 2011,DCH,12,5,1,36,13,9.00,35,102.85,0,0,3,0,1,0,14,6.57,273,3/16,3/16,21.35,19.5,0,0,0,"November 23, 2007","February 21, 2020","August 17, 2005","March 13, 2019"
47492,Dale Willem Steyn,"June 27, 1983, Phalaborwa",43y 11d,South Africa,Bowler,Right hand Bat,Right arm Fast,2004 - 2020,2009/10,IPL 2009/10,RCB,15,4,0,13,8,3.25,17,76.47,0,0,2,0,1,0,15,6.88,354,3/18,3/18,27.06,23.6,0,0,0,"November 23, 2007","February 21, 2020","August 17, 2005","March 13, 2019"
47492,Dale Willem Steyn,"June 27, 1983, Phalaborwa",43y 11d,South Africa,Bowler,Right hand Bat,Right arm Fast,2004 - 2020,2009,IPL 2009,RCB,3,2,1,0,0*,0.00,3,0.00,0,0,0,0,2,0,2,6.88,54,1/21,1/21,31.00,27.0,0,0,0,"November 23, 2007","February 21, 2020","August 17, 2005","March 13, 2019"
47492,Dale Willem Steyn,"June 27, 1983, Phalaborwa",43y 11d,South Africa,Bowler,Right hand Bat,Right arm Fast,2004 - 2020,2007/08,IPL 2007/08,RCB,10,2,1,2,1*,2.00,5,40.00,0,0,0,0,4,0,10,6.63,228,3/27,3/27,25.20,22.8,0,0,0,"November 23, 2007","February 21, 2020","August 17, 2005","March 13, 2019"
4864,Daniel Trevor Christian,"May 04, 1983, Camperdown, Sydney, New South Wales",43y 64d,Australia,Allrounder,Right hand Bat,Right arm Fast medium,2010 - 2021,2021,IPL 2021,RCB,9,7,1,14,9,2.33,24,58.33,0,0,1,0,9,0,4,9.30,100,2/14,2/14,38.75,25.0,0,0,0,"February 23, 2010","August 09, 2021","February 05, 2012","July 26, 2021"
4864,Daniel Trevor Christian,"May 04, 1983, Camperdown, Sydney, New South Wales",43y 64d,Australia,Allrounder,Right hand Bat,Right arm Fast medium,2010 - 2021,2018,IPL 2018,DC,4,3,1,26,13,13.00,33,78.78,0,0,0,1,0,0,4,8.53,71,2/35,2/35,25.25,17.7,0,0,0,"February 23, 2010","August 09, 2021","February 05, 2012","July 26, 2021"
4864,Daniel Trevor Christian,"May 04, 1983, Camperdown, Sydney, New South Wales",43y 64d,Australia,Allrounder,Right hand Bat,Right arm Fast medium,2010 - 2021,2017,IPL 2017,RPS,13,9,4,79,17*,15.80,49,161.22,0,0,5,5,6,0,11,7.45,240,2/10,2/10,27.09,21.8,0,0,0,"February 23, 2010","August 09, 2021","February 05, 2012","July 26, 2021"
4864,Daniel Trevor Christian,"May 04, 1983, Camperdown, Sydney, New South Wales",43y 64d,Australia,Allrounder,Right hand Bat,Right arm Fast medium,2010 - 2021,2013,IPL 2013,RCB,2,2,0,6,4,3.00,15,40.00,0,0,0,0,0,0,0,9.16,36,-,-,-,-,0,0,0,"February 23, 2010","August 09, 2021","February 05, 2012","July 26, 2021"
4864,Daniel Trevor Christian,"May 04, 1983, Camperdown, Sydney, New South Wales",43y 64d,Australia,Allrounder,Right hand Bat,Right arm Fast medium,2010 - 2021,2012,IPL 2012,DCH,7,7,2,145,39,29.00,118,122.88,0,0,8,6,6,0,8,8.62,162,2/26,2/26,29.12,20.2,0,0,0,"February 23, 2010","August 09, 2021","February 05, 2012","July 26, 2021"
4864,Daniel Trevor Christian,"May 04, 1983, Camperdown, Sydney, New South Wales",43y 64d,Australia,Allrounder,Right hand Bat,Right arm Fast medium,2010 - 2021,2011,IPL 2011,DCH,14,13,2,190,30,17.27,159,119.49,0,0,9,7,7,0,11,7.66,274,2/13,2/13,31.81,24.9,0,0,0,"February 23, 2010","August 09, 2021","February 05, 2012","July 26, 2021"
826901,Daniel Richard Sams,"October 27, 1992, Milperra, New South Wales",33y 254d,Australia,Allrounder,Right hand Bat,Left arm Fast medium,2020 - 2022,2022,IPL 2022,MI,11,10,3,38,15,5.42,36,105.55,0,0,1,3,7,0,13,8.80,252,4/30,4/30,28.46,19.3,1,0,0,"December 06, 2020","October 09, 2022",,
826901,Daniel Richard Sams,"October 27, 1992, Milperra, New South Wales",33y 254d,Australia,Allrounder,Right hand Bat,Left arm Fast medium,2020 - 2022,2021,IPL 2021,RCB,2,2,1,6,3*,6.00,6,100.00,0,0,0,0,0,0,1,6.50,36,1/24,1/24,39.00,36.0,0,0,0,"December 06, 2020","October 09, 2022",,
826901,Daniel Richard Sams,"October 27, 1992, Milperra, New South Wales",33y 254d,Australia,Allrounder,Right hand Bat,Left arm Fast medium,2020 - 2022,2020/21,IPL 2020/21,DC,3,1,0,0,0,0.00,2,0.00,0,0,0,0,3,0,0,9.50,72,-,-,-,-,0,0,0,"December 06, 2020","October 09, 2022",,
38710,Daniel Luca Vettori,"January 27, 1979, Auckland",47y 162d,New Zealand,Allrounder,Left hand Bat,Slow Left arm Orthodox,1997 - 2015,2012,IPL 2012,RCB,9,6,2,31,20,7.75,26,119.23,0,0,3,1,3,0,5,6.74,210,1/20,1/20,47.20,42.0,0,0,0,"September 12, 2007","December 05, 2014","March 25, 1997","March 29, 2015"
38710,Daniel Luca Vettori,"January 27, 1979, Auckland",47y 162d,New Zealand,Allrounder,Left hand Bat,Slow Left arm Orthodox,1997 - 2015,2011,IPL 2011,RCB,13,4,3,23,18*,23.00,28,82.14,0,0,1,1,4,0,12,6.01,310,3/19,3/19,25.91,25.8,0,0,0,"September 12, 2007","December 05, 2014","March 25, 1997","March 29, 2015"
38710,Daniel Luca Vettori,"January 27, 1979, Auckland",47y 162d,New Zealand,Allrounder,Left hand Bat,Slow Left arm Orthodox,1997 - 2015,2009/10,IPL 2009/10,DC,3,3,2,33,19*,33.00,27,122.22,0,0,4,0,0,0,2,8.31,70,1/30,1/30,48.50,35.0,0,0,0,"September 12, 2007","December 05, 2014","March 25, 1997","March 29, 2015"
38710,Daniel Luca Vettori,"January 27, 1979, Auckland",47y 162d,New Zealand,Allrounder,Left hand Bat,Slow Left arm Orthodox,1997 - 2015,2009,IPL 2009,DC,7,4,2,34,29,17.00,32,106.25,0,0,3,0,4,0,7,7.81,139,3/15,3/15,25.85,19.8,0,0,0,"September 12, 2007","December 05, 2014","March 25, 1997","March 29, 2015"
38710,Daniel Luca Vettori,"January 27, 1979, Auckland",47y 162d,New Zealand,Allrounder,Left hand Bat,Slow Left arm Orthodox,1997 - 2015,2007/08,IPL 2007/08,DC,2,-,-,-,-,-,-,-,-,-,-,-,0,0,2,6.75,48,1/19,1/19,27.00,24.0,0,0,0,"September 12, 2007","December 05, 2014","March 25, 1997","March 29, 2015"
53115,Daren Julius Garvey Sammy,"December 20, 1983, Micoud, St Lucia",42y 200d,West Indies,Allrounder,Right hand Bat,Right arm Medium,2004 - 2017,2015,IPL 2015,RCB,2,2,0,13,7,6.50,18,72.22,0,0,0,0,1,0,0,8.33,18,-,-,-,-,0,0,0,"June 28, 2007","September 15, 2017","July 08, 2004","March 21, 2015"
53115,Daren Julius Garvey Sammy,"December 20, 1983, Micoud, St Lucia",42y 200d,West Indies,Allrounder,Right hand Bat,Right arm Medium,2004 - 2017,2014,IPL 2014,SRH,10,9,2,108,29,15.42,91,118.68,0,0,4,8,5,0,3,11.21,84,1/20,1/20,52.33,28.0,0,0,0,"June 28, 2007","September 15, 2017","July 08, 2004","March 21, 2015"
53115,Daren Julius Garvey Sammy,"December 20, 1983, Micoud, St Lucia",42y 200d,West Indies,Allrounder,Right hand Bat,Right arm Medium,2004 - 2017,2013,IPL 2013,SRH,10,9,3,174,60,29.00,132,131.81,0,1,11,10,3,0,8,7.52,134,4/22,4/22,21.00,16.7,1,0,0,"June 28, 2007","September 15, 2017","July 08, 2004","March 21, 2015"
221140,David Wiese,"May 18, 1985, Roodepoort",41y 51d,Namibia,Allrounder,Right hand Bat,Right arm Medium fast,2013 - 2024,2023,IPL 2023,KKR,3,3,2,21,12*,21.00,11,190.90,0,0,0,3,2,0,0,12.66,18,-,-,-,-,0,0,0,"August 02, 2013","June 15, 2024","August 19, 2015","July 16, 2022"
221140,David Wiese,"May 18, 1985, Roodepoort",41y 51d,Namibia,Allrounder,Right hand Bat,Right arm Medium fast,2013 - 2024,2016,IPL 2016,RCB,1,1,1,5,5*,-,4,125.00,0,0,0,0,1,0,0,12.25,24,-,-,-,-,0,0,0,"August 02, 2013","June 15, 2024","August 19, 2015","July 16, 2022"
221140,David Wiese,"May 18, 1985, Roodepoort",41y 51d,Namibia,Allrounder,Right hand Bat,Right arm Medium fast,2013 - 2024,2015,IPL 2015,RCB,14,7,3,122,47*,30.50,86,141.86,0,0,12,4,5,0,16,8.33,254,4/33,4/33,22.06,15.8,1,0,0,"August 02, 2013","June 15, 2024","August 19, 2015","July 16, 2022"
308251,David Jonathan Willey,"February 28, 1990, Northampton",36y 130d,England,Bowling Allrounder,Left hand Bat,Left arm Fast medium,2015 - 2023,2023,IPL 2023,RCB,4,3,3,35,20*,-,32,109.37,0,0,4,0,1,0,3,7.00,90,2/16,2/16,35.00,30.0,0,0,0,"June 23, 2015","October 14, 2022","May 08, 2015","November 11, 2023"
308251,David Jonathan Willey,"February 28, 1990, Northampton",36y 130d,England,Bowling Allrounder,Left hand Bat,Left arm Fast medium,2015 - 2023,2022,IPL 2022,RCB,4,2,0,18,18,9.00,30,60.00,0,0,3,0,1,0,1,6.54,66,1/29,1/29,72.00,66.0,0,0,0,"June 23, 2015","October 14, 2022","May 08, 2015","November 11, 2023"
308251,David Jonathan Willey,"February 28, 1990, Northampton",36y 130d,England,Bowling Allrounder,Left hand Bat,Left arm Fast medium,2015 - 2023,2018,IPL 2018,CSK,3,-,-,-,-,-,-,-,-,-,-,-,2,0,2,9.50,60,1/24,1/24,47.50,30.0,0,0,0,"June 23, 2015","October 14, 2022","May 08, 2015","November 11, 2023"
1119026,Devdutt Padikkal,"July 07, 2000, Edapal, Kerala",26y,India,Top order Batter,Left hand Bat,Right arm Offbreak,2021 - 2024,2026,IPL 2026,RCB,16,15,1,464,61,33.14,275,168.72,0,3,49,24,13,0,-,-,-,-,-,-,-,-,-,-,"July 28, 2021","July 29, 2021",,
1119026,Devdutt Padikkal,"July 07, 2000, Edapal, Kerala",26y,India,Top order Batter,Left hand Bat,Right arm Offbreak,2021 - 2024,2025,IPL 2025,RCB,10,10,1,247,61,27.44,164,150.60,0,2,21,14,1,0,-,-,-,-,-,-,-,-,-,-,"July 28, 2021","July 29, 2021",,
1119026,Devdutt Padikkal,"July 07, 2000, Edapal, Kerala",26y,India,Top order Batter,Left hand Bat,Right arm Offbreak,2021 - 2024,2024,IPL 2024,LSG,7,7,0,38,13,5.42,53,71.69,0,0,3,0,3,0,-,-,-,-,-,-,-,-,-,-,"July 28, 2021","July 29, 2021",,
1119026,Devdutt Padikkal,"July 07, 2000, Edapal, Kerala",26y,India,Top order Batter,Left hand Bat,Right arm Offbreak,2021 - 2024,2023,IPL 2023,RR,11,11,1,261,52,26.10,200,130.50,0,2,31,6,4,0,-,-,-,-,-,-,-,-,-,-,"July 28, 2021","July 29, 2021",,
1119026,Devdutt Padikkal,"July 07, 2000, Edapal, Kerala",26y,India,Top order Batter,Left hand Bat,Right arm Offbreak,2021 - 2024,2022,IPL 2022,RR,17,17,0,376,54,22.11,306,122.87,0,1,40,14,5,0,-,-,-,-,-,-,-,-,-,-,"July 28, 2021","July 29, 2021",,
1119026,Devdutt Padikkal,"July 07, 2000, Edapal, Kerala",26y,India,Top order Batter,Left hand Bat,Right arm Offbreak,2021 - 2024,2021,IPL 2021,RCB,14,14,1,411,101*,31.61,328,125.30,1,1,44,14,7,0,-,-,-,-,-,-,-,-,-,-,"July 28, 2021","July 29, 2021",,
1119026,Devdutt Padikkal,"July 07, 2000, Edapal, Kerala",26y,India,Top order Batter,Left hand Bat,Right arm Offbreak,2021 - 2024,2020/21,IPL 2020/21,RCB,15,15,0,473,74,31.53,379,124.80,0,5,51,8,8,0,-,-,-,-,-,-,-,-,-,-,"July 28, 2021","July 29, 2021",,
32389,Devraj Thyagaraj Patil,"December 06, 1984",41y 213d,India,,Right hand Bat,,-,2007/08,IPL 2007/08,RCB,2,2,0,13,9,6.50,13,100.00,0,0,1,0,2,0,-,-,-,-,-,-,-,-,-,-,,,,
44938,Dillon du Preez,"November 08, 1981, Port Elizabeth, Cape Province",44y 241d,South Africa,,Right hand Bat,Right arm Fast medium,-,2009,IPL 2009,RCB,2,1,0,10,10,10.00,13,76.92,0,0,0,0,0,0,4,8.00,42,3/32,3/32,14.00,10.5,0,0,0,,,,
30045,Krishnakumar Dinesh Karthik,"June 01, 1985, Madras (now Chennai), Tamil Nadu",41y 36d,India,Wicketkeeper Batter,Right hand Bat,Right arm Offbreak,2004 - 2022,2024,IPL 2024,RCB,15,13,4,326,83,36.22,174,187.35,0,2,27,22,4,1,-,-,-,-,-,-,-,-,-,-,"December 01, 2006","November 02, 2022","September 05, 2004","India vs New Zealand  at Manchester - July 09 - 10, 2019"
30045,Krishnakumar Dinesh Karthik,"June 01, 1985, Madras (now Chennai), Tamil Nadu",41y 36d,India,Wicketkeeper Batter,Right hand Bat,Right arm Offbreak,2004 - 2022,2023,IPL 2023,RCB,13,13,1,140,30,11.66,104,134.61,0,0,13,5,8,2,-,-,-,-,-,-,-,-,-,-,"December 01, 2006","November 02, 2022","September 05, 2004","India vs New Zealand  at Manchester - July 09 - 10, 2019"
30045,Krishnakumar Dinesh Karthik,"June 01, 1985, Madras (now Chennai), Tamil Nadu",41y 36d,India,Wicketkeeper Batter,Right hand Bat,Right arm Offbreak,2004 - 2022,2022,IPL 2022,RCB,16,16,10,330,66*,55.00,180,183.33,0,1,27,22,10,2,-,-,-,-,-,-,-,-,-,-,"December 01, 2006","November 02, 2022","September 05, 2004","India vs New Zealand  at Manchester - July 09 - 10, 2019"
30045,Krishnakumar Dinesh Karthik,"June 01, 1985, Madras (now Chennai), Tamil Nadu",41y 36d,India,Wicketkeeper Batter,Right hand Bat,Right arm Offbreak,2004 - 2022,2021,IPL 2021,KKR,17,15,5,223,40,22.30,170,131.17,0,0,22,7,5,2,-,-,-,-,-,-,-,-,-,-,"December 01, 2006","November 02, 2022","September 05, 2004","India vs New Zealand  at Manchester - July 09 - 10, 2019"
30045,Krishnakumar Dinesh Karthik,"June 01, 1985, Madras (now Chennai), Tamil Nadu",41y 36d,India,Wicketkeeper Batter,Right hand Bat,Right arm Offbreak,2004 - 2022,2020/21,IPL 2020/21,KKR,14,14,2,169,58,14.08,134,126.11,0,1,20,4,9,0,-,-,-,-,-,-,-,-,-,-,"December 01, 2006","November 02, 2022","September 05, 2004","India vs New Zealand  at Manchester - July 09 - 10, 2019"
30045,Krishnakumar Dinesh Karthik,"June 01, 1985, Madras (now Chennai), Tamil Nadu",41y 36d,India,Wicketkeeper Batter,Right hand Bat,Right arm Offbreak,2004 - 2022,2019,IPL 2019,KKR,14,13,5,253,97*,31.62,173,146.24,0,2,22,14,7,0,-,-,-,-,-,-,-,-,-,-,"December 01, 2006","November 02, 2022","September 05, 2004","India vs New Zealand  at Manchester - July 09 - 10, 2019"
30045,Krishnakumar Dinesh Karthik,"June 01, 1985, Madras (now Chennai), Tamil Nadu",41y 36d,India,Wicketkeeper Batter,Right hand Bat,Right arm Offbreak,2004 - 2022,2018,IPL 2018,KKR,16,16,6,498,52,49.80,337,147.77,0,2,49,16,14,4,-,-,-,-,-,-,-,-,-,-,"December 01, 2006","November 02, 2022","September 05, 2004","India vs New Zealand  at Manchester - July 09 - 10, 2019"
30045,Krishnakumar Dinesh Karthik,"June 01, 1985, Madras (now Chennai), Tamil Nadu",41y 36d,India,Wicketkeeper Batter,Right hand Bat,Right arm Offbreak,2004 - 2022,2017,IPL 2017,GL,14,13,3,361,65,36.10,259,139.38,0,2,30,11,8,0,-,-,-,-,-,-,-,-,-,-,"December 01, 2006","November 02, 2022","September 05, 2004","India vs New Zealand  at Manchester - July 09 - 10, 2019"
30045,Krishnakumar Dinesh Karthik,"June 01, 1985, Madras (now Chennai), Tamil Nadu",41y 36d,India,Wicketkeeper Batter,Right hand Bat,Right arm Offbreak,2004 - 2022,2016,IPL 2016,GL,16,15,2,335,53,25.76,266,125.93,0,3,38,3,11,3,-,-,-,-,-,-,-,-,-,-,"December 01, 2006","November 02, 2022","September 05, 2004","India vs New Zealand  at Manchester - July 09 - 10, 2019"
30045,Krishnakumar Dinesh Karthik,"June 01, 1985, Madras (now Chennai), Tamil Nadu",41y 36d,India,Wicketkeeper Batter,Right hand Bat,Right arm Offbreak,2004 - 2022,2015,IPL 2015,RCB,16,11,0,141,28,12.81,117,120.51,0,0,15,4,14,4,-,-,-,-,-,-,-,-,-,-,"December 01, 2006","November 02, 2022","September 05, 2004","India vs New Zealand  at Manchester - July 09 - 10, 2019"
30045,Krishnakumar Dinesh Karthik,"June 01, 1985, Madras (now Chennai), Tamil Nadu",41y 36d,India,Wicketkeeper Batter,Right hand Bat,Right arm Offbreak,2004 - 2022,2014,IPL 2014,DC,14,14,0,325,69,23.21,258,125.96,0,3,28,11,7,2,-,-,-,-,-,-,-,-,-,-,"December 01, 2006","November 02, 2022","September 05, 2004","India vs New Zealand  at Manchester - July 09 - 10, 2019"
30045,Krishnakumar Dinesh Karthik,"June 01, 1985, Madras (now Chennai), Tamil Nadu",41y 36d,India,Wicketkeeper Batter,Right hand Bat,Right arm Offbreak,2004 - 2022,2013,IPL 2013,MI,19,19,1,510,86,28.33,411,124.08,0,2,54,14,12,2,-,-,-,-,-,-,-,-,-,-,"December 01, 2006","November 02, 2022","September 05, 2004","India vs New Zealand  at Manchester - July 09 - 10, 2019"
30045,Krishnakumar Dinesh Karthik,"June 01, 1985, Madras (now Chennai), Tamil Nadu",41y 36d,India,Wicketkeeper Batter,Right hand Bat,Right arm Offbreak,2004 - 2022,2012,IPL 2012,MI,17,14,1,238,44,18.30,213,111.73,0,0,30,2,5,2,-,-,-,-,-,-,-,-,-,-,"December 01, 2006","November 02, 2022","September 05, 2004","India vs New Zealand  at Manchester - July 09 - 10, 2019"
30045,Krishnakumar Dinesh Karthik,"June 01, 1985, Madras (now Chennai), Tamil Nadu",41y 36d,India,Wicketkeeper Batter,Right hand Bat,Right arm Offbreak,2004 - 2022,2011,IPL 2011,PBKS,14,13,2,282,69,25.63,220,128.18,0,1,32,7,7,0,-,-,-,-,-,-,-,-,-,-,"December 01, 2006","November 02, 2022","September 05, 2004","India vs New Zealand  at Manchester - July 09 - 10, 2019"
30045,Krishnakumar Dinesh Karthik,"June 01, 1985, Madras (now Chennai), Tamil Nadu",41y 36d,India,Wicketkeeper Batter,Right hand Bat,Right arm Offbreak,2004 - 2022,2009/10,IPL 2009/10,DC,14,14,1,278,69,21.38,237,117.29,0,1,26,6,6,6,-,-,-,-,-,-,-,-,-,-,"December 01, 2006","November 02, 2022","September 05, 2004","India vs New Zealand  at Manchester - July 09 - 10, 2019"
30045,Krishnakumar Dinesh Karthik,"June 01, 1985, Madras (now Chennai), Tamil Nadu",41y 36d,India,Wicketkeeper Batter,Right hand Bat,Right arm Offbreak,2004 - 2022,2009,IPL 2009,DC,15,13,5,288,52,36.00,217,132.71,0,1,20,9,12,5,-,-,-,-,-,-,-,-,-,-,"December 01, 2006","November 02, 2022","September 05, 2004","India vs New Zealand  at Manchester - July 09 - 10, 2019"
30045,Krishnakumar Dinesh Karthik,"June 01, 1985, Madras (now Chennai), Tamil Nadu",41y 36d,India,Wicketkeeper Batter,Right hand Bat,Right arm Offbreak,2004 - 2022,2007/08,IPL 2007/08,DC,13,8,2,145,56*,24.16,107,135.51,0,1,13,4,6,2,-,-,-,-,-,-,-,-,-,-,"December 01, 2006","November 02, 2022","September 05, 2004","India vs New Zealand  at Manchester - July 09 - 10, 2019"
6981,Dirk Peter Nannes,"May 16, 1976, Mount Waverley, Melbourne, Victoria",50y 52d,Australia,Bowler,Right hand Bat,Left arm Fast,2009 - 2010,2013,IPL 2013,CSK,5,1,1,0,0*,-,0,-,0,0,0,0,3,0,4,7.96,119,2/17,2/17,39.50,29.7,0,0,0,"June 05, 2009","October 31, 2010","August 28, 2009","June 05, 2009"
6981,Dirk Peter Nannes,"May 16, 1976, Mount Waverley, Melbourne, Victoria",50y 52d,Australia,Bowler,Right hand Bat,Left arm Fast,2009 - 2010,2011,IPL 2011,RCB,2,-,-,-,-,-,-,-,-,-,-,-,1,0,2,7.75,24,1/0,1/0,15.50,12.0,0,0,0,"June 05, 2009","October 31, 2010","August 28, 2009","June 05, 2009"
6981,Dirk Peter Nannes,"May 16, 1976, Mount Waverley, Melbourne, Victoria",50y 52d,Australia,Bowler,Right hand Bat,Left arm Fast,2009 - 2010,2009/10,IPL 2009/10,DC,9,2,1,4,3,4.00,13,30.76,0,0,0,0,0,0,7,6.55,205,2/12,2/12,32.00,29.2,0,0,0,"June 05, 2009","October 31, 2010","August 28, 2009","June 05, 2009"
6981,Dirk Peter Nannes,"May 16, 1976, Mount Waverley, Melbourne, Victoria",50y 52d,Australia,Bowler,Right hand Bat,Left arm Fast,2009 - 2010,2009,IPL 2009,DC,13,-,-,-,-,-,-,-,-,-,-,-,5,0,15,7.51,297,3/27,3/27,24.80,19.8,0,0,0,"June 05, 2009","October 31, 2010","August 28, 2009","June 05, 2009"
24598,Eoin Joseph Gerard Morgan,"September 10, 1986, Dublin",39y 300d,England,Middle order Batter,Left hand Bat,Right arm Medium,2006 - 2022,2021,IPL 2021,KKR,17,16,4,133,47*,11.08,139,95.68,0,0,8,6,9,0,-,-,-,-,-,-,-,-,-,-,"June 05, 2009","January 23, 2022","August 05, 2006","June 19, 2022"
24598,Eoin Joseph Gerard Morgan,"September 10, 1986, Dublin",39y 300d,England,Middle order Batter,Left hand Bat,Right arm Medium,2006 - 2022,2020/21,IPL 2020/21,KKR,14,14,4,418,68*,41.80,302,138.41,0,1,32,24,3,0,-,-,-,-,-,-,-,-,-,-,"June 05, 2009","January 23, 2022","August 05, 2006","June 19, 2022"
24598,Eoin Joseph Gerard Morgan,"September 10, 1986, Dublin",39y 300d,England,Middle order Batter,Left hand Bat,Right arm Medium,2006 - 2022,2017,IPL 2017,PBKS,4,4,0,65,26,16.25,62,104.83,0,0,6,2,3,0,-,-,-,-,-,-,-,-,-,-,"June 05, 2009","January 23, 2022","August 05, 2006","June 19, 2022"
24598,Eoin Joseph Gerard Morgan,"September 10, 1986, Dublin",39y 300d,England,Middle order Batter,Left hand Bat,Right arm Medium,2006 - 2022,2016,IPL 2016,SRH,7,6,1,123,51,24.60,105,117.14,0,1,8,4,3,0,-,-,-,-,-,-,-,-,-,-,"June 05, 2009","January 23, 2022","August 05, 2006","June 19, 2022"
24598,Eoin Joseph Gerard Morgan,"September 10, 1986, Dublin",39y 300d,England,Middle order Batter,Left hand Bat,Right arm Medium,2006 - 2022,2015,IPL 2015,SRH,9,9,1,187,63,23.37,151,123.84,0,1,11,11,5,0,-,-,-,-,-,-,-,-,-,-,"June 05, 2009","January 23, 2022","August 05, 2006","June 19, 2022"
24598,Eoin Joseph Gerard Morgan,"September 10, 1986, Dublin",39y 300d,England,Middle order Batter,Left hand Bat,Right arm Medium,2006 - 2022,2013,IPL 2013,KKR,14,13,2,307,51,27.90,240,127.91,0,1,28,13,6,0,-,-,-,-,-,-,-,-,-,-,"June 05, 2009","January 23, 2022","August 05, 2006","June 19, 2022"
24598,Eoin Joseph Gerard Morgan,"September 10, 1986, Dublin",39y 300d,England,Middle order Batter,Left hand Bat,Right arm Medium,2006 - 2022,2011,IPL 2011,KKR,12,9,0,137,66,15.22,117,117.09,0,1,17,3,3,0,-,-,-,-,-,-,-,-,-,-,"June 05, 2009","January 23, 2022","August 05, 2006","June 19, 2022"
24598,Eoin Joseph Gerard Morgan,"September 10, 1986, Dublin",39y 300d,England,Middle order Batter,Left hand Bat,Right arm Medium,2006 - 2022,2009/10,IPL 2009/10,RCB,6,4,1,35,17,11.66,30,116.66,0,0,2,1,4,0,-,-,-,-,-,-,-,-,-,-,"June 05, 2009","January 23, 2022","August 05, 2006","June 19, 2022"
44828,Francois du Plessis,"July 13, 1984, Pretoria",41y 359d,South Africa,Middle order Batter,Right hand Bat,Legbreak,2011 - 2021,2025,IPL 2025,DC,9,9,0,202,62,22.44,163,123.92,0,2,18,8,4,0,-,-,-,-,-,-,-,-,-,-,"September 08, 2012","December 01, 2020","January 18, 2011","July 06, 2019"
44828,Francois du Plessis,"July 13, 1984, Pretoria",41y 359d,South Africa,Middle order Batter,Right hand Bat,Legbreak,2011 - 2021,2024,IPL 2024,RCB,15,15,0,438,64,29.20,271,161.62,0,4,47,21,8,0,-,-,-,-,-,-,-,-,-,-,"September 08, 2012","December 01, 2020","January 18, 2011","July 06, 2019"
44828,Francois du Plessis,"July 13, 1984, Pretoria",41y 359d,South Africa,Middle order Batter,Right hand Bat,Legbreak,2011 - 2021,2023,IPL 2023,RCB,14,14,1,730,84,56.15,475,153.68,0,8,60,36,3,0,-,-,-,-,-,-,-,-,-,-,"September 08, 2012","December 01, 2020","January 18, 2011","July 06, 2019"
44828,Francois du Plessis,"July 13, 1984, Pretoria",41y 359d,South Africa,Middle order Batter,Right hand Bat,Legbreak,2011 - 2021,2022,IPL 2022,RCB,16,16,1,468,96,31.20,367,127.52,0,3,49,13,4,0,-,-,-,-,-,-,-,-,-,-,"September 08, 2012","December 01, 2020","January 18, 2011","July 06, 2019"
44828,Francois du Plessis,"July 13, 1984, Pretoria",41y 359d,South Africa,Middle order Batter,Right hand Bat,Legbreak,2011 - 2021,2021,IPL 2021,CSK,16,16,2,633,95*,45.21,458,138.20,0,6,60,23,12,0,-,-,-,-,-,-,-,-,-,-,"September 08, 2012","December 01, 2020","January 18, 2011","July 06, 2019"
44828,Francois du Plessis,"July 13, 1984, Pretoria",41y 359d,South Africa,Middle order Batter,Right hand Bat,Legbreak,2011 - 2021,2020/21,IPL 2020/21,CSK,13,13,2,449,87*,40.81,319,140.75,0,4,42,14,12,0,-,-,-,-,-,-,-,-,-,-,"September 08, 2012","December 01, 2020","January 18, 2011","July 06, 2019"
44828,Francois du Plessis,"July 13, 1984, Pretoria",41y 359d,South Africa,Middle order Batter,Right hand Bat,Legbreak,2011 - 2021,2019,IPL 2019,CSK,12,12,1,396,96,36.00,321,123.36,0,3,36,15,12,0,-,-,-,-,-,-,-,-,-,-,"September 08, 2012","December 01, 2020","January 18, 2011","July 06, 2019"
44828,Francois du Plessis,"July 13, 1984, Pretoria",41y 359d,South Africa,Middle order Batter,Right hand Bat,Legbreak,2011 - 2021,2018,IPL 2018,CSK,6,6,1,162,67*,32.40,129,125.58,0,1,17,6,1,0,-,-,-,-,-,-,-,-,-,-,"September 08, 2012","December 01, 2020","January 18, 2011","July 06, 2019"
44828,Francois du Plessis,"July 13, 1984, Pretoria",41y 359d,South Africa,Middle order Batter,Right hand Bat,Legbreak,2011 - 2021,2017,IPL 2017,RPS,2,1,0,8,8,8.00,7,114.28,0,0,1,0,0,0,-,-,-,-,-,-,-,-,-,-,"September 08, 2012","December 01, 2020","January 18, 2011","July 06, 2019"
44828,Francois du Plessis,"July 13, 1984, Pretoria",41y 359d,South Africa,Middle order Batter,Right hand Bat,Legbreak,2011 - 2021,2016,IPL 2016,RPS,6,6,0,206,69,34.33,162,127.16,0,2,17,9,4,0,-,-,-,-,-,-,-,-,-,-,"September 08, 2012","December 01, 2020","January 18, 2011","July 06, 2019"
44828,Francois du Plessis,"July 13, 1984, Pretoria",41y 359d,South Africa,Middle order Batter,Right hand Bat,Legbreak,2011 - 2021,2015,IPL 2015,CSK,17,15,2,380,55,29.23,304,125.00,0,1,37,5,8,0,-,-,-,-,-,-,-,-,-,-,"September 08, 2012","December 01, 2020","January 18, 2011","July 06, 2019"
44828,Francois du Plessis,"July 13, 1984, Pretoria",41y 359d,South Africa,Middle order Batter,Right hand Bat,Legbreak,2011 - 2021,2014,IPL 2014,CSK,15,12,1,303,54*,27.54,235,128.93,0,2,26,7,13,0,-,-,-,-,-,-,-,-,-,-,"September 08, 2012","December 01, 2020","January 18, 2011","July 06, 2019"
44828,Francois du Plessis,"July 13, 1984, Pretoria",41y 359d,South Africa,Middle order Batter,Right hand Bat,Legbreak,2011 - 2021,2012,IPL 2012,CSK,13,12,0,398,73,33.16,304,130.92,0,3,29,17,4,0,0,16.00,6,-,-,-,-,0,0,0,"September 08, 2012","December 01, 2020","January 18, 2011","July 06, 2019"
643433,George Henry Simmons Garton,"April 15, 1997, Brighton, Sussex",29y 83d,England,Bowling Allrounder,Left hand Bat,Left arm Fast,2022 - 2022,2021,IPL 2021,RCB,5,3,2,2,2*,2.00,4,50.00,0,0,0,0,1,0,3,9.00,90,1/27,1/27,45.00,30.0,0,0,0,"January 26, 2022","Sussex vs Lds-Brd MCCU  at Hove - April 05 - 07, 2016",,
325026,Glenn James Maxwell,"October 14, 1988, Kew, Melbourne, Victoria",37y 266d,Australia,Batting Allrounder,Right hand Bat,Right arm Offbreak,2012 - 2026,2025,IPL 2025,PBKS,7,6,0,48,30,8.00,49,97.95,0,0,5,1,5,0,4,8.46,78,1/5,1/5,27.50,19.5,0,0,0,"September 05, 2012","February 20, 2026","August 25, 2012","March 04, 2025"
325026,Glenn James Maxwell,"October 14, 1988, Kew, Melbourne, Victoria",37y 266d,Australia,Batting Allrounder,Right hand Bat,Right arm Offbreak,2012 - 2026,2024,IPL 2024,RCB,10,9,0,52,28,5.77,43,120.93,0,0,6,2,3,0,6,8.06,96,2/23,2/23,21.50,16.0,0,0,0,"September 05, 2012","February 20, 2026","August 25, 2012","March 04, 2025"
325026,Glenn James Maxwell,"October 14, 1988, Kew, Melbourne, Victoria",37y 266d,Australia,Batting Allrounder,Right hand Bat,Right arm Offbreak,2012 - 2026,2023,IPL 2023,RCB,14,14,2,400,77,33.33,218,183.48,0,5,29,31,4,0,3,9.09,62,1/3,1/3,31.33,20.6,0,0,0,"September 05, 2012","February 20, 2026","August 25, 2012","March 04, 2025"
325026,Glenn James Maxwell,"October 14, 1988, Kew, Melbourne, Victoria",37y 266d,Australia,Batting Allrounder,Right hand Bat,Right arm Offbreak,2012 - 2026,2022,IPL 2022,RCB,13,13,2,301,55,27.36,178,169.10,0,1,31,15,5,0,6,6.87,144,2/22,2/22,27.50,24.0,0,0,0,"September 05, 2012","February 20, 2026","August 25, 2012","March 04, 2025"
325026,Glenn James Maxwell,"October 14, 1988, Kew, Melbourne, Victoria",37y 266d,Australia,Batting Allrounder,Right hand Bat,Right arm Offbreak,2012 - 2026,2021,IPL 2021,RCB,15,14,2,513,78,42.75,356,144.10,0,6,48,21,5,0,3,8.43,96,2/23,2/23,45.00,32.0,0,0,0,"September 05, 2012","February 20, 2026","August 25, 2012","March 04, 2025"
325026,Glenn James Maxwell,"October 14, 1988, Kew, Melbourne, Victoria",37y 266d,Australia,Batting Allrounder,Right hand Bat,Right arm Offbreak,2012 - 2026,2020/21,IPL 2020/21,PBKS,13,11,4,108,32,15.42,106,101.88,0,0,9,0,4,0,3,8.04,126,1/10,1/10,56.33,42.0,0,0,0,"September 05, 2012","February 20, 2026","August 25, 2012","March 04, 2025"
325026,Glenn James Maxwell,"October 14, 1988, Kew, Melbourne, Victoria",37y 266d,Australia,Batting Allrounder,Right hand Bat,Right arm Offbreak,2012 - 2026,2018,IPL 2018,DC,12,12,0,169,47,14.08,120,140.83,0,0,14,9,4,0,5,8.25,96,2/22,2/22,26.40,19.2,0,0,0,"September 05, 2012","February 20, 2026","August 25, 2012","March 04, 2025"
325026,Glenn James Maxwell,"October 14, 1988, Kew, Melbourne, Victoria",37y 266d,Australia,Batting Allrounder,Right hand Bat,Right arm Offbreak,2012 - 2026,2017,IPL 2017,PBKS,14,13,3,310,47,31.00,179,173.18,0,0,19,26,7,0,7,6.57,114,2/15,2/15,17.85,16.2,0,0,0,"September 05, 2012","February 20, 2026","August 25, 2012","March 04, 2025"
325026,Glenn James Maxwell,"October 14, 1988, Kew, Melbourne, Victoria",37y 266d,Australia,Batting Allrounder,Right hand Bat,Right arm Offbreak,2012 - 2026,2016,IPL 2016,PBKS,11,11,2,179,68,19.88,124,144.35,0,2,14,8,3,0,0,8.88,54,-,-,-,-,0,0,0,"September 05, 2012","February 20, 2026","August 25, 2012","March 04, 2025"
325026,Glenn James Maxwell,"October 14, 1988, Kew, Melbourne, Victoria",37y 266d,Australia,Batting Allrounder,Right hand Bat,Right arm Offbreak,2012 - 2026,2015,IPL 2015,PBKS,11,11,0,145,43,13.18,112,129.46,0,0,13,8,2,0,2,9.70,60,1/5,1/5,48.50,30.0,0,0,0,"September 05, 2012","February 20, 2026","August 25, 2012","March 04, 2025"
325026,Glenn James Maxwell,"October 14, 1988, Kew, Melbourne, Victoria",37y 266d,Australia,Batting Allrounder,Right hand Bat,Right arm Offbreak,2012 - 2026,2014,IPL 2014,PBKS,16,16,0,552,95,34.50,294,187.75,0,4,48,36,9,0,1,12.00,66,1/21,1/21,132.00,66.0,0,0,0,"September 05, 2012","February 20, 2026","August 25, 2012","March 04, 2025"
325026,Glenn James Maxwell,"October 14, 1988, Kew, Melbourne, Victoria",37y 266d,Australia,Batting Allrounder,Right hand Bat,Right arm Offbreak,2012 - 2026,2013,IPL 2013,MI,3,3,1,36,23,18.00,27,133.33,0,0,1,4,1,0,0,11.50,12,-,-,-,-,0,0,0,"September 05, 2012","February 20, 2026","August 25, 2012","March 04, 2025"
325026,Glenn James Maxwell,"October 14, 1988, Kew, Melbourne, Victoria",37y 266d,Australia,Batting Allrounder,Right hand Bat,Right arm Offbreak,2012 - 2026,2012,IPL 2012,DC,2,2,1,6,3*,6.00,11,54.54,0,0,0,0,0,0,1,7.33,18,1/10,1/10,22.00,18.0,0,0,0,"September 05, 2012","February 20, 2026","August 25, 2012","March 04, 2025"
537124,Gurkeerat Rupinder Singh,"June 29, 1990, Muktsar, Punjab",36y 8d,India,Middle order Batter,Right hand Bat,Right arm Offbreak,2016 - 2016,2020/21,IPL 2020/21,RCB,8,5,5,71,21*,-,80,88.75,0,0,8,0,5,0,-,-,-,-,-,-,-,-,-,-,,,"January 17, 2016","January 23, 2016"
537124,Gurkeerat Rupinder Singh,"June 29, 1990, Muktsar, Punjab",36y 8d,India,Middle order Batter,Right hand Bat,Right arm Offbreak,2016 - 2016,2019,IPL 2019,RCB,3,3,0,98,65,32.66,70,140.00,0,1,11,2,1,0,-,-,-,-,-,-,-,-,-,-,,,"January 17, 2016","January 23, 2016"
537124,Gurkeerat Rupinder Singh,"June 29, 1990, Muktsar, Punjab",36y 8d,India,Middle order Batter,Right hand Bat,Right arm Offbreak,2016 - 2016,2017,IPL 2017,PBKS,2,-,-,-,-,-,-,-,-,-,-,-,1,0,-,-,-,-,-,-,-,-,-,-,,,"January 17, 2016","January 23, 2016"
537124,Gurkeerat Rupinder Singh,"June 29, 1990, Muktsar, Punjab",36y 8d,India,Middle order Batter,Right hand Bat,Right arm Offbreak,2016 - 2016,2016,IPL 2016,PBKS,7,6,1,113,51,22.60,86,131.39,0,1,11,3,5,0,2,7.75,24,2/15,2/15,15.50,12.0,0,0,0,,,"January 17, 2016","January 23, 2016"
537124,Gurkeerat Rupinder Singh,"June 29, 1990, Muktsar, Punjab",36y 8d,India,Middle order Batter,Right hand Bat,Right arm Offbreak,2016 - 2016,2015,IPL 2015,PBKS,5,5,0,35,15,7.00,39,89.74,0,0,3,1,1,0,3,7.33,54,2/17,2/17,22.00,18.0,0,0,0,,,"January 17, 2016","January 23, 2016"
537124,Gurkeerat Rupinder Singh,"June 29, 1990, Muktsar, Punjab",36y 8d,India,Middle order Batter,Right hand Bat,Right arm Offbreak,2016 - 2016,2013,IPL 2013,PBKS,11,9,1,108,31,13.50,95,113.68,0,0,10,3,4,1,-,-,-,-,-,-,-,-,-,-,,,"January 17, 2016","January 23, 2016"
537124,Gurkeerat Rupinder Singh,"June 29, 1990, Muktsar, Punjab",36y 8d,India,Middle order Batter,Right hand Bat,Right arm Offbreak,2016 - 2016,2012,IPL 2012,PBKS,5,4,1,86,29*,28.66,52,165.38,0,0,12,2,2,0,-,-,-,-,-,-,-,-,-,-,,,"January 17, 2016","January 23, 2016"
390481,Harshal Vikram Patel,"November 23, 1990, Sanand, Gujarat",35y 226d,India,Bowling Allrounder,Right hand Bat,Right arm Medium,2021 - 2023,2026,IPL 2026,SRH,5,3,0,10,6,3.33,9,111.11,0,0,2,0,0,0,0,10.82,82,-,-,-,-,0,0,0,"November 19, 2021","January 03, 2023",,
390481,Harshal Vikram Patel,"November 23, 1990, Sanand, Gujarat",35y 226d,India,Bowling Allrounder,Right hand Bat,Right arm Medium,2021 - 2023,2025,IPL 2025,SRH,13,4,2,21,12*,10.50,26,80.76,0,0,0,0,3,0,16,9.80,263,4/28,4/28,26.87,16.4,2,0,0,"November 19, 2021","January 03, 2023",,
390481,Harshal Vikram Patel,"November 23, 1990, Sanand, Gujarat",35y 226d,India,Bowling Allrounder,Right hand Bat,Right arm Medium,2021 - 2023,2024,IPL 2024,PBKS,14,4,1,13,12,4.33,19,68.42,0,0,1,1,5,0,24,9.73,294,3/15,3/15,19.87,12.2,0,0,0,"November 19, 2021","January 03, 2023",,
390481,Harshal Vikram Patel,"November 23, 1990, Sanand, Gujarat",35y 226d,India,Bowling Allrounder,Right hand Bat,Right arm Medium,2021 - 2023,2023,IPL 2023,RCB,14,2,0,6,6,3.00,6,100.00,0,0,0,1,2,0,14,9.65,282,3/32,3/32,32.42,20.1,0,0,0,"November 19, 2021","January 03, 2023",,
390481,Harshal Vikram Patel,"November 23, 1990, Sanand, Gujarat",35y 226d,India,Bowling Allrounder,Right hand Bat,Right arm Medium,2021 - 2023,2022,IPL 2022,RCB,15,8,3,43,11,8.60,39,110.25,0,0,4,2,3,0,19,7.66,321,4/34,4/34,21.57,16.8,1,0,0,"November 19, 2021","January 03, 2023",,
390481,Harshal Vikram Patel,"November 23, 1990, Sanand, Gujarat",35y 226d,India,Bowling Allrounder,Right hand Bat,Right arm Medium,2021 - 2023,2021,IPL 2021,RCB,15,8,4,59,31,14.75,46,128.26,0,0,6,2,3,0,32,8.14,338,5/27,5/27,14.34,10.5,1,1,0,"November 19, 2021","January 03, 2023",,
390481,Harshal Vikram Patel,"November 23, 1990, Sanand, Gujarat",35y 226d,India,Bowling Allrounder,Right hand Bat,Right arm Medium,2021 - 2023,2020/21,IPL 2020/21,DC,5,2,0,21,16,10.50,24,87.50,0,0,2,0,1,0,3,8.93,90,2/34,2/34,44.66,30.0,0,0,0,"November 19, 2021","January 03, 2023",,
390481,Harshal Vikram Patel,"November 23, 1990, Sanand, Gujarat",35y 226d,India,Bowling Allrounder,Right hand Bat,Right arm Medium,2021 - 2023,2019,IPL 2019,DC,2,2,1,0,0*,0.00,2,0.00,0,0,0,0,0,0,2,9.62,48,2/40,2/40,38.50,24.0,0,0,0,"November 19, 2021","January 03, 2023",,
390481,Harshal Vikram Patel,"November 23, 1990, Sanand, Gujarat",35y 226d,India,Bowling Allrounder,Right hand Bat,Right arm Medium,2021 - 2023,2018,IPL 2018,DC,5,2,1,60,36*,60.00,33,181.81,0,0,1,6,0,0,7,9.54,105,3/28,3/28,23.85,15.0,0,0,0,"November 19, 2021","January 03, 2023",,
390481,Harshal Vikram Patel,"November 23, 1990, Sanand, Gujarat",35y 226d,India,Bowling Allrounder,Right hand Bat,Right arm Medium,2021 - 2023,2017,IPL 2017,RCB,1,-,-,-,-,-,-,-,-,-,-,-,0,0,3,10.75,24,3/43,3/43,14.33,8.0,0,0,0,"November 19, 2021","January 03, 2023",,
390481,Harshal Vikram Patel,"November 23, 1990, Sanand, Gujarat",35y 226d,India,Bowling Allrounder,Right hand Bat,Right arm Medium,2021 - 2023,2016,IPL 2016,RCB,5,1,1,0,0*,-,0,-,0,0,0,0,2,0,1,10.50,84,1/46,1/46,147.00,84.0,0,0,0,"November 19, 2021","January 03, 2023",,
390481,Harshal Vikram Patel,"November 23, 1990, Sanand, Gujarat",35y 226d,India,Bowling Allrounder,Right hand Bat,Right arm Medium,2021 - 2023,2015,IPL 2015,RCB,15,7,2,19,9*,3.80,12,158.33,0,0,0,2,1,0,17,7.48,263,2/12,2/12,19.29,15.4,0,0,0,"November 19, 2021","January 03, 2023",,
390481,Harshal Vikram Patel,"November 23, 1990, Sanand, Gujarat",35y 226d,India,Bowling Allrounder,Right hand Bat,Right arm Medium,2021 - 2023,2014,IPL 2014,RCB,3,3,1,13,6,6.50,7,185.71,0,0,1,1,0,0,4,10.27,66,2/56,2/56,28.25,16.5,0,0,0,"November 19, 2021","January 03, 2023",,
390481,Harshal Vikram Patel,"November 23, 1990, Sanand, Gujarat",35y 226d,India,Bowling Allrounder,Right hand Bat,Right arm Medium,2021 - 2023,2012,IPL 2012,RCB,12,3,1,15,10,7.50,15,100.00,0,0,1,0,8,0,9,8.29,246,2/24,2/24,37.77,27.3,0,0,0,"November 19, 2021","January 03, 2023",,
436757,Heinrich Klaasen,"July 30, 1991, Pretoria, Transvaal",34y 342d,South Africa,Wicketkeeper Batter,Right hand Bat,Right arm Offbreak,2018 - 2025,2026,IPL 2026,SRH,15,15,2,624,69,48.00,390,160.00,0,6,48,31,13,0,-,-,-,-,-,-,-,-,-,-,"February 18, 2018","December 13, 2024","February 07, 2018","March 05, 2025"
436757,Heinrich Klaasen,"July 30, 1991, Pretoria, Transvaal",34y 342d,South Africa,Wicketkeeper Batter,Right hand Bat,Right arm Offbreak,2018 - 2025,2025,IPL 2025,SRH,14,13,2,487,105*,44.27,282,172.69,1,1,42,25,7,0,-,-,-,-,-,-,-,-,-,-,"February 18, 2018","December 13, 2024","February 07, 2018","March 05, 2025"
436757,Heinrich Klaasen,"July 30, 1991, Pretoria, Transvaal",34y 342d,South Africa,Wicketkeeper Batter,Right hand Bat,Right arm Offbreak,2018 - 2025,2024,IPL 2024,SRH,16,15,3,479,80*,39.91,280,171.07,0,4,19,38,8,2,-,-,-,-,-,-,-,-,-,-,"February 18, 2018","December 13, 2024","February 07, 2018","March 05, 2025"
436757,Heinrich Klaasen,"July 30, 1991, Pretoria, Transvaal",34y 342d,South Africa,Wicketkeeper Batter,Right hand Bat,Right arm Offbreak,2018 - 2025,2023,IPL 2023,SRH,12,11,2,448,104,49.77,253,177.07,1,2,32,25,3,1,-,-,-,-,-,-,-,-,-,-,"February 18, 2018","December 13, 2024","February 07, 2018","March 05, 2025"
436757,Heinrich Klaasen,"July 30, 1991, Pretoria, Transvaal",34y 342d,South Africa,Wicketkeeper Batter,Right hand Bat,Right arm Offbreak,2018 - 2025,2019,IPL 2019,RCB,3,2,0,9,6,4.50,10,90.00,0,0,0,0,0,0,-,-,-,-,-,-,-,-,-,-,"February 18, 2018","December 13, 2024","February 07, 2018","March 05, 2025"
436757,Heinrich Klaasen,"July 30, 1991, Pretoria, Transvaal",34y 342d,South Africa,Wicketkeeper Batter,Right hand Bat,Right arm Offbreak,2018 - 2025,2018,IPL 2018,RR,4,4,1,57,32,19.00,47,121.27,0,0,5,1,3,4,-,-,-,-,-,-,-,-,-,-,"February 18, 2018","December 13, 2024","February 07, 2018","March 05, 2025"
1350761,Himanshu Sharma,"June 06, 1998",28y 32d,India,Bowler,Right hand Bat,Legbreak,-,2024,IPL 2024,RCB,1,-,-,-,-,-,-,-,-,-,-,-,0,0,0,14.50,12,-,-,-,-,0,0,0,,,,
1350761,Himanshu Sharma,"June 06, 1998",28y 32d,India,Bowler,Right hand Bat,Legbreak,-,2023,IPL 2023,RCB,1,-,-,-,-,-,-,-,-,-,-,-,0,0,0,9.33,18,-,-,-,-,0,0,0,,,,
277237,Sayed Iqbal Abdulla,"December 02, 1989, Azamgarh",36y 217d,India,Allrounder,Left hand Bat,Slow Left arm Orthodox,-,2017,IPL 2017,RCB,2,1,1,5,5*,-,7,71.42,0,0,0,0,0,0,2,11.00,30,2/36,2/36,27.50,15.0,0,0,0,,,,
277237,Sayed Iqbal Abdulla,"December 02, 1989, Azamgarh",36y 217d,India,Allrounder,Left hand Bat,Slow Left arm Orthodox,-,2016,IPL 2016,RCB,8,2,2,37,33*,-,27,137.03,0,0,4,1,4,0,6,8.52,150,3/40,3/40,35.50,25.0,0,0,0,,,,
277237,Sayed Iqbal Abdulla,"December 02, 1989, Azamgarh",36y 217d,India,Allrounder,Left hand Bat,Slow Left arm Orthodox,-,2015,IPL 2015,RCB,5,2,0,20,20,10.00,18,111.11,0,0,4,0,1,0,4,7.89,114,2/36,2/36,37.50,28.5,0,0,0,,,,
277237,Sayed Iqbal Abdulla,"December 02, 1989, Azamgarh",36y 217d,India,Allrounder,Left hand Bat,Slow Left arm Orthodox,-,2014,IPL 2014,RR,1,-,-,-,-,-,-,-,-,-,-,-,1,0,0,8.50,12,-,-,-,-,0,0,0,,,,
277237,Sayed Iqbal Abdulla,"December 02, 1989, Azamgarh",36y 217d,India,Allrounder,Left hand Bat,Slow Left arm Orthodox,-,2013,IPL 2013,KKR,5,2,2,8,6*,-,14,57.14,0,0,0,0,0,0,7,7.53,113,3/29,3/29,20.28,16.1,0,0,0,,,,
277237,Sayed Iqbal Abdulla,"December 02, 1989, Azamgarh",36y 217d,India,Allrounder,Left hand Bat,Slow Left arm Orthodox,-,2012,IPL 2012,KKR,9,2,2,2,1*,-,3,66.66,0,0,0,0,5,0,4,6.54,132,1/20,1/20,36.00,33.0,0,0,0,,,,
277237,Sayed Iqbal Abdulla,"December 02, 1989, Azamgarh",36y 217d,India,Allrounder,Left hand Bat,Slow Left arm Orthodox,-,2011,IPL 2011,KKR,15,2,2,15,12*,-,12,125.00,0,0,1,0,3,0,16,6.10,300,3/24,3/24,19.06,18.7,0,0,0,,,,
277237,Sayed Iqbal Abdulla,"December 02, 1989, Azamgarh",36y 217d,India,Allrounder,Left hand Bat,Slow Left arm Orthodox,-,2009/10,IPL 2009/10,KKR,3,1,1,0,0*,-,1,0.00,0,0,0,0,0,0,1,7.17,51,1/28,1/28,61.00,51.0,0,0,0,,,,
277237,Sayed Iqbal Abdulla,"December 02, 1989, Azamgarh",36y 217d,India,Allrounder,Left hand Bat,Slow Left arm Orthodox,-,2007/08,IPL 2007/08,KKR,1,1,1,1,1*,-,2,50.00,0,0,0,0,0,0,0,7.33,18,-,-,-,-,0,0,0,,,,
328026,Isuru Udana Tillakaratna,"February 17, 1988, Balangoda",38y 141d,Sri Lanka,Allrounder,Right hand Bat,Left arm Medium fast,2009 - 2021,2020/21,IPL 2020/21,RCB,10,4,1,15,10*,5.00,11,136.36,0,0,1,1,3,0,8,9.72,174,2/41,2/41,35.25,21.7,0,0,0,"June 08, 2009","July 28, 2021","July 24, 2012","July 18, 2021"
1194959,Jacob Graham Bethell,"October 23, 2003, Barbados",22y 257d,England,Batting Allrounder,Left hand Bat,Slow Left arm Orthodox,2024 - 2026,2026,IPL 2026,RCB,7,7,0,96,27,13.71,77,124.67,0,0,12,3,3,0,-,-,-,-,-,-,-,-,-,-,"September 11, 2024","July 04, 2026","September 19, 2024","January 27, 2026"
1194959,Jacob Graham Bethell,"October 23, 2003, Barbados",22y 257d,England,Batting Allrounder,Left hand Bat,Slow Left arm Orthodox,2024 - 2026,2025,IPL 2025,RCB,2,2,0,67,55,33.50,39,171.79,0,1,9,3,1,0,-,-,-,-,-,-,-,-,-,-,"September 11, 2024","July 04, 2026","September 19, 2024","January 27, 2026"
547766,Jacob Andrew Duffy,"August 02, 1994, Lumsden, Southland",31y 339d,New Zealand,Bowler,Right hand Bat,Right arm Fast medium,2020 - 2026,2026,IPL 2026,RCB,6,-,-,-,-,-,-,-,-,-,-,-,1,0,9,10.95,144,3/22,3/22,29.22,16.0,0,0,0,"December 18, 2020","March 08, 2026","July 12, 2022","November 22, 2025"
45789,Jacques Henry Kallis,"October 16, 1975, Pinelands, Cape Town, Cape Province",50y 264d,South Africa,Allrounder,Right hand Bat,Right arm Fast medium,1995 - 2014,2014,IPL 2014,KKR,8,7,1,151,72,25.16,129,117.05,0,1,13,4,2,0,4,8.45,132,1/15,1/15,46.50,33.0,0,0,0,"October 21, 2005","October 02, 2012","January 09, 1996","July 12, 2014"
45789,Jacques Henry Kallis,"October 16, 1975, Pinelands, Cape Town, Cape Province",50y 264d,South Africa,Allrounder,Right hand Bat,Right arm Fast medium,1995 - 2014,2013,IPL 2013,KKR,16,16,1,311,41,20.73,322,96.58,0,0,35,3,3,0,16,7.43,318,3/13,3/13,24.62,19.8,0,0,0,"October 21, 2005","October 02, 2012","January 09, 1996","July 12, 2014"
45789,Jacques Henry Kallis,"October 16, 1975, Pinelands, Cape Town, Cape Province",50y 264d,South Africa,Allrounder,Right hand Bat,Right arm Fast medium,1995 - 2014,2012,IPL 2012,KKR,17,17,1,409,79,25.56,384,106.51,0,2,34,10,2,0,15,7.46,324,2/7,2/7,26.86,21.6,0,0,0,"October 21, 2005","October 02, 2012","January 09, 1996","July 12, 2014"
45789,Jacques Henry Kallis,"October 16, 1975, Pinelands, Cape Town, Cape Province",50y 264d,South Africa,Allrounder,Right hand Bat,Right arm Fast medium,1995 - 2014,2011,IPL 2011,KKR,15,14,2,424,80*,35.33,378,112.16,0,4,46,6,9,0,7,7.08,144,2/16,2/16,24.28,20.5,0,0,0,"October 21, 2005","October 02, 2012","January 09, 1996","July 12, 2014"
45789,Jacques Henry Kallis,"October 16, 1975, Pinelands, Cape Town, Cape Province",50y 264d,South Africa,Allrounder,Right hand Bat,Right arm Fast medium,1995 - 2014,2009/10,IPL 2009/10,RCB,16,16,4,572,89*,47.66,494,115.78,0,6,67,9,7,0,13,8.35,342,2/3,2/3,36.61,26.3,0,0,0,"October 21, 2005","October 02, 2012","January 09, 1996","July 12, 2014"
45789,Jacques Henry Kallis,"October 16, 1975, Pinelands, Cape Town, Cape Province",50y 264d,South Africa,Allrounder,Right hand Bat,Right arm Fast medium,1995 - 2014,2009,IPL 2009,RCB,15,15,2,361,69*,27.76,332,108.73,0,3,37,8,5,0,6,7.67,276,2/18,2/18,58.83,46.0,0,0,0,"October 21, 2005","October 02, 2012","January 09, 1996","July 12, 2014"
45789,Jacques Henry Kallis,"October 16, 1975, Pinelands, Cape Town, Cape Province",50y 264d,South Africa,Allrounder,Right hand Bat,Right arm Fast medium,1995 - 2014,2007/08,IPL 2007/08,RCB,11,11,0,199,54,18.09,183,108.74,0,1,23,4,3,0,4,9.05,206,2/39,2/39,77.75,51.5,0,0,0,"October 21, 2005","October 02, 2012","January 09, 1996","July 12, 2014"
26291,Jagadeesh Arunkumar,"January 18, 1975, Bangalore, Karnataka",51y 170d,India,,Right hand Bat,Right arm Offbreak,-,2007/08,IPL 2007/08,RCB,3,3,0,23,22,7.66,23,100.00,0,0,5,0,0,0,-,-,-,-,-,-,-,-,-,-,,,,
35261,Jamaluddin Syed Mohammad,"June 03, 1983, Madras (now Chennai), Tamil Nadu",43y 35d,India,Bowler,Left hand Bat,Slow Left arm Orthodox,-,2013,IPL 2013,RCB,4,2,0,10,9,5.00,13,76.92,0,0,1,0,0,0,3,9.10,60,2/15,2/15,30.33,20.0,0,0,0,,,,
35261,Jamaluddin Syed Mohammad,"June 03, 1983, Madras (now Chennai), Tamil Nadu",43y 35d,India,Bowler,Left hand Bat,Slow Left arm Orthodox,-,2012,IPL 2012,RCB,2,1,1,4,4*,-,1,400.00,0,0,1,0,0,0,0,9.28,42,-,-,-,-,0,0,0,,,,
35261,Jamaluddin Syed Mohammad,"June 03, 1983, Madras (now Chennai), Tamil Nadu",43y 35d,India,Bowler,Left hand Bat,Slow Left arm Orthodox,-,2011,IPL 2011,RCB,5,2,2,15,13*,-,12,125.00,0,0,2,0,1,0,5,8.46,90,2/25,2/25,25.40,18.0,0,0,0,,,,
390484,Jaydev Dipakbhai Unadkat,"October 18, 1991, Porbandar",34y 263d,India,Bowler,Right hand Bat,Left arm Medium,2010 - 2023,2026,IPL 2026,SRH,4,1,1,4,4*,-,3,133.33,0,0,0,0,3,0,4,10.90,77,3/21,3/21,35.00,19.2,0,0,0,"June 18, 2016","March 18, 2018","July 24, 2013","August 01, 2023"
390484,Jaydev Dipakbhai Unadkat,"October 18, 1991, Porbandar",34y 263d,India,Bowler,Right hand Bat,Left arm Medium,2010 - 2023,2025,IPL 2025,SRH,7,-,-,-,-,-,-,-,-,-,-,-,2,0,11,7.34,143,3/24,3/24,15.90,13.0,0,0,0,"June 18, 2016","March 18, 2018","July 24, 2013","August 01, 2023"
390484,Jaydev Dipakbhai Unadkat,"October 18, 1991, Porbandar",34y 263d,India,Bowler,Right hand Bat,Left arm Medium,2010 - 2023,2024,IPL 2024,SRH,11,5,2,24,8*,8.00,26,92.30,0,0,2,1,0,0,8,10.23,187,3/30,3/30,39.87,23.3,0,0,0,"June 18, 2016","March 18, 2018","July 24, 2013","August 01, 2023"
390484,Jaydev Dipakbhai Unadkat,"October 18, 1991, Porbandar",34y 263d,India,Bowler,Right hand Bat,Left arm Medium,2010 - 2023,2023,IPL 2023,LSG,3,1,0,9,9,9.00,7,128.57,0,0,1,0,0,0,0,11.50,48,-,-,-,-,0,0,0,"June 18, 2016","March 18, 2018","July 24, 2013","August 01, 2023"
390484,Jaydev Dipakbhai Unadkat,"October 18, 1991, Porbandar",34y 263d,India,Bowler,Right hand Bat,Left arm Medium,2010 - 2023,2022,IPL 2022,MI,5,5,2,59,19*,19.66,37,159.45,0,0,4,3,1,0,6,9.50,120,2/32,2/32,31.66,20.0,0,0,0,"June 18, 2016","March 18, 2018","July 24, 2013","August 01, 2023"
390484,Jaydev Dipakbhai Unadkat,"October 18, 1991, Porbandar",34y 263d,India,Bowler,Right hand Bat,Left arm Medium,2010 - 2023,2021,IPL 2021,RR,6,3,1,41,24,20.50,29,141.37,0,0,3,2,1,0,4,7.63,132,3/15,3/15,42.00,33.0,0,0,0,"June 18, 2016","March 18, 2018","July 24, 2013","August 01, 2023"
390484,Jaydev Dipakbhai Unadkat,"October 18, 1991, Porbandar",34y 263d,India,Bowler,Right hand Bat,Left arm Medium,2010 - 2023,2020/21,IPL 2020/21,RR,7,1,0,9,9,9.00,13,69.23,0,0,0,0,1,0,4,9.91,138,2/32,2/32,57.00,34.5,0,0,0,"June 18, 2016","March 18, 2018","July 24, 2013","August 01, 2023"
390484,Jaydev Dipakbhai Unadkat,"October 18, 1991, Porbandar",34y 263d,India,Bowler,Right hand Bat,Left arm Medium,2010 - 2023,2019,IPL 2019,RR,11,4,3,1,1,1.00,3,33.33,0,0,0,0,3,0,10,10.66,224,2/26,2/26,39.80,22.4,0,0,0,"June 18, 2016","March 18, 2018","July 24, 2013","August 01, 2023"
390484,Jaydev Dipakbhai Unadkat,"October 18, 1991, Porbandar",34y 263d,India,Bowler,Right hand Bat,Left arm Medium,2010 - 2023,2018,IPL 2018,RR,15,7,3,49,26,12.25,38,128.94,0,0,6,1,6,0,11,9.65,302,3/46,3/46,44.18,27.4,0,0,0,"June 18, 2016","March 18, 2018","July 24, 2013","August 01, 2023"
390484,Jaydev Dipakbhai Unadkat,"October 18, 1991, Porbandar",34y 263d,India,Bowler,Right hand Bat,Left arm Medium,2010 - 2023,2017,IPL 2017,RPS,12,2,2,2,2*,-,5,40.00,0,0,0,0,9,0,24,7.02,275,5/30,5/30,13.41,11.4,0,1,0,"June 18, 2016","March 18, 2018","July 24, 2013","August 01, 2023"
390484,Jaydev Dipakbhai Unadkat,"October 18, 1991, Porbandar",34y 263d,India,Bowler,Right hand Bat,Left arm Medium,2010 - 2023,2016,IPL 2016,KKR,1,-,-,-,-,-,-,-,-,-,-,-,0,0,0,16.33,18,-,-,-,-,0,0,0,"June 18, 2016","March 18, 2018","July 24, 2013","August 01, 2023"
390484,Jaydev Dipakbhai Unadkat,"October 18, 1991, Porbandar",34y 263d,India,Bowler,Right hand Bat,Left arm Medium,2010 - 2023,2015,IPL 2015,DC,1,-,-,-,-,-,-,-,-,-,-,-,0,0,0,10.00,18,-,-,-,-,0,0,0,"June 18, 2016","March 18, 2018","July 24, 2013","August 01, 2023"
390484,Jaydev Dipakbhai Unadkat,"October 18, 1991, Porbandar",34y 263d,India,Bowler,Right hand Bat,Left arm Medium,2010 - 2023,2014,IPL 2014,DC,9,2,1,1,1*,1.00,6,16.66,0,0,0,0,0,0,9,8.66,187,3/32,3/32,30.00,20.7,0,0,0,"June 18, 2016","March 18, 2018","July 24, 2013","August 01, 2023"
390484,Jaydev Dipakbhai Unadkat,"October 18, 1991, Porbandar",34y 263d,India,Bowler,Right hand Bat,Left arm Medium,2010 - 2023,2013,IPL 2013,RCB,13,2,2,2,1*,-,2,100.00,0,0,0,0,1,0,13,7.55,294,5/25,5/25,28.46,22.6,0,1,0,"June 18, 2016","March 18, 2018","July 24, 2013","August 01, 2023"
390484,Jaydev Dipakbhai Unadkat,"October 18, 1991, Porbandar",34y 263d,India,Bowler,Right hand Bat,Left arm Medium,2010 - 2023,2012,IPL 2012,KKR,1,-,-,-,-,-,-,-,-,-,-,-,0,0,0,10.66,18,-,-,-,-,0,0,0,"June 18, 2016","March 18, 2018","July 24, 2013","August 01, 2023"
390484,Jaydev Dipakbhai Unadkat,"October 18, 1991, Porbandar",34y 263d,India,Bowler,Right hand Bat,Left arm Medium,2010 - 2023,2011,IPL 2011,KKR,7,-,-,-,-,-,-,-,-,-,-,-,2,0,6,8.33,108,2/25,2/25,25.00,18.0,0,0,0,"June 18, 2016","March 18, 2018","July 24, 2013","August 01, 2023"
390484,Jaydev Dipakbhai Unadkat,"October 18, 1991, Porbandar",34y 263d,India,Bowler,Right hand Bat,Left arm Medium,2010 - 2023,2009/10,IPL 2009/10,KKR,3,-,-,-,-,-,-,-,-,-,-,-,1,0,4,8.22,62,3/26,3/26,21.25,15.5,0,0,0,"June 18, 2016","March 18, 2018","July 24, 2013","August 01, 2023"
38373,Jesse Daniel Ryder,"August 06, 1984, Masterton, Wellington",41y 336d,New Zealand,Allrounder,Left hand Bat,Right arm Medium,2008 - 2014,2012,IPL 2012,PWI,11,11,1,256,86,25.60,212,120.75,0,2,23,8,4,0,1,10.00,42,1/25,1/25,70.00,42.0,0,0,0,"February 05, 2008","January 15, 2014","February 09, 2008","January 31, 2014"
38373,Jesse Daniel Ryder,"August 06, 1984, Masterton, Wellington",41y 336d,New Zealand,Allrounder,Left hand Bat,Right arm Medium,2008 - 2014,2011,IPL 2011,PWI,13,13,0,292,60,22.46,197,148.22,0,2,37,11,4,0,4,7.69,92,1/8,1/8,29.50,23.0,0,0,0,"February 05, 2008","January 15, 2014","February 09, 2008","January 31, 2014"
38373,Jesse Daniel Ryder,"August 06, 1984, Masterton, Wellington",41y 336d,New Zealand,Allrounder,Left hand Bat,Right arm Medium,2008 - 2014,2009,IPL 2009,RCB,5,5,0,56,32,11.20,49,114.28,0,0,9,0,2,0,3,6.76,102,2/14,2/14,38.33,34.0,0,0,0,"February 05, 2008","January 15, 2014","February 09, 2008","January 31, 2014"
721867,Jitesh Mohan Sharma,"October 22, 1993, Amrawati, Maharashtra",32y 259d,India,Wicketkeeper Batter,Right hand Bat,,2023 - 2025,2026,IPL 2026,RCB,16,12,3,116,23,12.88,95,122.10,0,0,9,6,15,2,-,-,-,-,-,-,-,-,-,-,"October 03, 2023","December 19, 2025",,
721867,Jitesh Mohan Sharma,"October 22, 1993, Amrawati, Maharashtra",32y 259d,India,Wicketkeeper Batter,Right hand Bat,,2023 - 2025,2025,IPL 2025,RCB,15,11,4,261,85*,37.28,148,176.35,0,1,24,17,19,1,-,-,-,-,-,-,-,-,-,-,"October 03, 2023","December 19, 2025",,
721867,Jitesh Mohan Sharma,"October 22, 1993, Amrawati, Maharashtra",32y 259d,India,Wicketkeeper Batter,Right hand Bat,,2023 - 2025,2024,IPL 2024,PBKS,14,12,1,187,32*,17.00,142,131.69,0,0,9,12,13,0,-,-,-,-,-,-,-,-,-,-,"October 03, 2023","December 19, 2025",,
721867,Jitesh Mohan Sharma,"October 22, 1993, Amrawati, Maharashtra",32y 259d,India,Wicketkeeper Batter,Right hand Bat,,2023 - 2025,2023,IPL 2023,PBKS,14,14,1,309,49*,23.76,198,156.06,0,0,22,21,3,2,-,-,-,-,-,-,-,-,-,-,"October 03, 2023","December 19, 2025",,
721867,Jitesh Mohan Sharma,"October 22, 1993, Amrawati, Maharashtra",32y 259d,India,Wicketkeeper Batter,Right hand Bat,,2023 - 2025,2022,IPL 2022,PBKS,12,10,2,234,44,29.25,143,163.63,0,0,22,12,9,2,-,-,-,-,-,-,-,-,-,-,"October 03, 2023","December 19, 2025",,
47693,Johannes Jacobus van der Wath,"January 10, 1978, Newcastle, Natal",48y 179d,South Africa,Allrounder,Right hand Bat,Right arm Medium fast,2006 - 2007,2011,IPL 2011,RCB,3,3,1,18,14*,9.00,16,112.50,0,0,1,1,0,0,3,10.75,72,2/49,2/49,43.00,24.0,0,0,0,"February 24, 2006","September 20, 2007","January 20, 2006","August 26, 2007"
288284,Josh Reginald Hazlewood,"January 08, 1991, Tamworth, New South Wales",35y 180d,Australia,Bowler,Left hand Bat,Right arm Fast medium,2010 - 2025,2026,IPL 2026,RCB,13,1,0,0,0,0.00,1,0.00,0,0,0,0,8,0,15,9.59,309,4/12,4/12,32.93,20.6,1,0,0,"February 13, 2013","October 31, 2025","June 22, 2010","October 25, 2025"
288284,Josh Reginald Hazlewood,"January 08, 1991, Tamworth, New South Wales",35y 180d,Australia,Bowler,Left hand Bat,Right arm Fast medium,2010 - 2025,2025,IPL 2025,RCB,12,1,1,0,0*,-,1,0.00,0,0,0,0,1,0,22,8.77,264,4/33,4/33,17.54,12.0,1,0,0,"February 13, 2013","October 31, 2025","June 22, 2010","October 25, 2025"
288284,Josh Reginald Hazlewood,"January 08, 1991, Tamworth, New South Wales",35y 180d,Australia,Bowler,Left hand Bat,Right arm Fast medium,2010 - 2025,2023,IPL 2023,RCB,3,1,1,1,1*,-,2,50.00,0,0,0,0,0,0,3,8.44,54,2/15,2/15,25.33,18.0,0,0,0,"February 13, 2013","October 31, 2025","June 22, 2010","October 25, 2025"
288284,Josh Reginald Hazlewood,"January 08, 1991, Tamworth, New South Wales",35y 180d,Australia,Bowler,Left hand Bat,Right arm Fast medium,2010 - 2025,2022,IPL 2022,RCB,12,5,5,18,7*,-,26,69.23,0,0,1,0,1,0,20,8.10,279,4/25,4/25,18.85,13.9,1,0,0,"February 13, 2013","October 31, 2025","June 22, 2010","October 25, 2025"
288284,Josh Reginald Hazlewood,"January 08, 1991, Tamworth, New South Wales",35y 180d,Australia,Bowler,Left hand Bat,Right arm Fast medium,2010 - 2025,2021,IPL 2021,CSK,9,-,-,-,-,-,-,-,-,-,-,-,1,0,11,8.37,210,3/24,3/24,26.63,19.0,0,0,0,"February 13, 2013","October 31, 2025","June 22, 2010","October 25, 2025"
288284,Josh Reginald Hazlewood,"January 08, 1991, Tamworth, New South Wales",35y 180d,Australia,Bowler,Left hand Bat,Right arm Fast medium,2010 - 2025,2020/21,IPL 2020/21,CSK,3,-,-,-,-,-,-,-,-,-,-,-,0,0,1,6.40,60,1/19,1/19,64.00,60.0,0,0,0,"February 13, 2013","October 31, 2025","June 22, 2010","October 25, 2025"
1124282,Joshua Ryan Philippe,"June 01, 1997",29y 36d,Australia,Wicketkeeper Batter,Right hand Bat,,2021 - 2026,2020/21,IPL 2020/21,RCB,5,5,1,78,33,19.50,77,101.29,0,0,9,1,0,0,-,-,-,-,-,-,-,-,-,-,"February 22, 2021","February 01, 2026","July 20, 2021","October 19, 2025"
272262,Kane William Richardson,"February 12, 1991, Eudunda, South Australia",35y 146d,Australia,Bowler,Right hand Bat,Right arm Fast medium,2013 - 2023,2021,IPL 2021,RCB,1,-,-,-,-,-,-,-,-,-,-,-,1,0,1,9.66,18,1/29,1/29,29.00,18.0,0,0,0,"October 05, 2014","November 28, 2023","January 13, 2013","March 07, 2020"
272262,Kane William Richardson,"February 12, 1991, Eudunda, South Australia",35y 146d,Australia,Bowler,Right hand Bat,Right arm Fast medium,2013 - 2023,2016,IPL 2016,RCB,4,1,1,1,1*,-,1,100.00,0,0,0,0,2,0,7,9.71,84,3/13,3/13,19.42,12.0,0,0,0,"October 05, 2014","November 28, 2023","January 13, 2013","March 07, 2020"
272262,Kane William Richardson,"February 12, 1991, Eudunda, South Australia",35y 146d,Australia,Bowler,Right hand Bat,Right arm Fast medium,2013 - 2023,2014,IPL 2014,RR,7,1,0,1,1,1.00,2,50.00,0,0,0,0,3,0,9,7.62,162,2/18,2/18,22.88,18.0,0,0,0,"October 05, 2014","November 28, 2023","January 13, 2013","March 07, 2020"
272262,Kane William Richardson,"February 12, 1991, Eudunda, South Australia",35y 146d,Australia,Bowler,Right hand Bat,Right arm Fast medium,2013 - 2023,2013,IPL 2013,PWI,3,2,0,34,26,17.00,36,94.44,0,0,2,1,0,0,2,8.53,71,1/28,1/28,50.50,35.5,0,0,0,"October 05, 2014","November 28, 2023","January 13, 2013","March 07, 2020"
30288,Karn Vinod Sharma,"October 23, 1987, Meerut, Uttar Pradesh",38y 258d,India,Bowler,Left hand Bat,Legbreak Googly,2014 - 2014,2025,IPL 2025,MI,6,1,1,1,1*,-,1,100.00,0,0,0,0,3,0,7,8.53,90,3/23,3/23,18.28,12.8,0,0,0,"Australia vs India  at Adelaide - December 09 - 13, 2014","November 13, 2014","November 13, 2014","November 16, 2014"
30288,Karn Vinod Sharma,"October 23, 1987, Meerut, Uttar Pradesh",38y 258d,India,Bowler,Left hand Bat,Legbreak Googly,2014 - 2014,2024,IPL 2024,RCB,9,3,0,31,20,10.33,15,206.66,0,0,2,3,6,0,7,10.58,144,2/29,2/29,36.28,20.5,0,0,0,"Australia vs India  at Adelaide - December 09 - 13, 2014","November 13, 2014","November 13, 2014","November 16, 2014"
30288,Karn Vinod Sharma,"October 23, 1987, Meerut, Uttar Pradesh",38y 258d,India,Bowler,Left hand Bat,Legbreak Googly,2014 - 2014,2023,IPL 2023,RCB,7,2,0,3,2,1.50,5,60.00,0,0,0,0,0,0,10,10.37,129,2/19,2/19,22.30,12.9,0,0,0,"Australia vs India  at Adelaide - December 09 - 13, 2014","November 13, 2014","November 13, 2014","November 16, 2014"
30288,Karn Vinod Sharma,"October 23, 1987, Meerut, Uttar Pradesh",38y 258d,India,Bowler,Left hand Bat,Legbreak Googly,2014 - 2014,2020/21,IPL 2020/21,CSK,5,-,-,-,-,-,-,-,-,-,-,-,0,0,5,8.68,114,2/25,2/25,33.00,22.8,0,0,0,"Australia vs India  at Adelaide - December 09 - 13, 2014","November 13, 2014","November 13, 2014","November 16, 2014"
30288,Karn Vinod Sharma,"October 23, 1987, Meerut, Uttar Pradesh",38y 258d,India,Bowler,Left hand Bat,Legbreak Googly,2014 - 2014,2019,IPL 2019,CSK,1,-,-,-,-,-,-,-,-,-,-,-,0,0,1,11.64,17,1/33,1/33,33.00,17.0,0,0,0,"Australia vs India  at Adelaide - December 09 - 13, 2014","November 13, 2014","November 13, 2014","November 16, 2014"
30288,Karn Vinod Sharma,"October 23, 1987, Meerut, Uttar Pradesh",38y 258d,India,Bowler,Left hand Bat,Legbreak Googly,2014 - 2014,2018,IPL 2018,CSK,6,1,1,0,0*,-,0,-,0,0,0,0,3,0,4,9.36,57,2/13,2/13,22.25,14.2,0,0,0,"Australia vs India  at Adelaide - December 09 - 13, 2014","November 13, 2014","November 13, 2014","November 16, 2014"
30288,Karn Vinod Sharma,"October 23, 1987, Meerut, Uttar Pradesh",38y 258d,India,Bowler,Left hand Bat,Legbreak Googly,2014 - 2014,2017,IPL 2017,MI,9,6,0,49,19,8.16,41,119.51,0,0,5,2,3,0,13,6.97,184,4/16,4/16,16.46,14.1,1,0,0,"Australia vs India  at Adelaide - December 09 - 13, 2014","November 13, 2014","November 13, 2014","November 16, 2014"
30288,Karn Vinod Sharma,"October 23, 1987, Meerut, Uttar Pradesh",38y 258d,India,Bowler,Left hand Bat,Legbreak Googly,2014 - 2014,2016,IPL 2016,SRH,5,3,3,36,26*,-,30,120.00,0,0,3,1,0,0,0,10.46,98,-,-,-,-,0,0,0,"Australia vs India  at Adelaide - December 09 - 13, 2014","November 13, 2014","November 13, 2014","November 16, 2014"
30288,Karn Vinod Sharma,"October 23, 1987, Meerut, Uttar Pradesh",38y 258d,India,Bowler,Left hand Bat,Legbreak Googly,2014 - 2014,2015,IPL 2015,SRH,14,9,3,104,32,17.33,85,122.35,0,0,3,6,4,0,10,8.33,239,2/12,2/12,33.20,23.9,0,0,0,"Australia vs India  at Adelaide - December 09 - 13, 2014","November 13, 2014","November 13, 2014","November 16, 2014"
30288,Karn Vinod Sharma,"October 23, 1987, Meerut, Uttar Pradesh",38y 258d,India,Bowler,Left hand Bat,Legbreak Googly,2014 - 2014,2014,IPL 2014,SRH,14,8,4,42,17*,10.50,29,144.82,0,0,1,3,0,0,15,7.42,304,4/38,4/38,25.06,20.2,1,0,0,"Australia vs India  at Adelaide - December 09 - 13, 2014","November 13, 2014","November 13, 2014","November 16, 2014"
30288,Karn Vinod Sharma,"October 23, 1987, Meerut, Uttar Pradesh",38y 258d,India,Bowler,Left hand Bat,Legbreak Googly,2014 - 2014,2013,IPL 2013,SRH,13,7,3,85,39*,21.25,86,98.83,0,0,6,2,4,0,11,6.60,209,2/19,2/19,20.90,19.0,0,0,0,"Australia vs India  at Adelaide - December 09 - 13, 2014","November 13, 2014","November 13, 2014","November 16, 2014"
30288,Karn Vinod Sharma,"October 23, 1987, Meerut, Uttar Pradesh",38y 258d,India,Bowler,Left hand Bat,Legbreak Googly,2014 - 2014,2009,IPL 2009,RCB,1,1,0,1,1,1.00,3,33.33,0,0,0,0,0,0,-,-,-,-,-,-,-,-,-,-,"Australia vs India  at Adelaide - December 09 - 13, 2014","November 13, 2014","November 13, 2014","November 16, 2014"
398439,Karun Nair,"December 06, 1991, Jodhpur, Rajasthan",34y 213d,India,Top order Batter,Right hand Bat,Right arm Offbreak,2016 - 2025,2026,IPL 2026,DC,2,2,0,18,13,9.00,18,100.00,0,0,3,0,0,0,-,-,-,-,-,-,-,-,-,-,,,"June 11, 2016","June 13, 2016"
398439,Karun Nair,"December 06, 1991, Jodhpur, Rajasthan",34y 213d,India,Top order Batter,Right hand Bat,Right arm Offbreak,2016 - 2025,2025,IPL 2025,DC,8,8,0,198,89,24.75,115,172.17,0,1,24,10,2,0,-,-,-,-,-,-,-,-,-,-,,,"June 11, 2016","June 13, 2016"
398439,Karun Nair,"December 06, 1991, Jodhpur, Rajasthan",34y 213d,India,Top order Batter,Right hand Bat,Right arm Offbreak,2016 - 2025,2022,IPL 2022,RR,3,2,0,16,13,8.00,18,88.88,0,0,1,0,1,0,-,-,-,-,-,-,-,-,-,-,,,"June 11, 2016","June 13, 2016"
398439,Karun Nair,"December 06, 1991, Jodhpur, Rajasthan",34y 213d,India,Top order Batter,Right hand Bat,Right arm Offbreak,2016 - 2025,2020/21,IPL 2020/21,PBKS,4,3,1,16,15*,8.00,14,114.28,0,0,2,0,1,0,-,-,-,-,-,-,-,-,-,-,,,"June 11, 2016","June 13, 2016"
398439,Karun Nair,"December 06, 1991, Jodhpur, Rajasthan",34y 213d,India,Top order Batter,Right hand Bat,Right arm Offbreak,2016 - 2025,2019,IPL 2019,PBKS,1,1,0,5,5,5.00,6,83.33,0,0,0,0,0,0,-,-,-,-,-,-,-,-,-,-,,,"June 11, 2016","June 13, 2016"
398439,Karun Nair,"December 06, 1991, Jodhpur, Rajasthan",34y 213d,India,Top order Batter,Right hand Bat,Right arm Offbreak,2016 - 2025,2018,IPL 2018,PBKS,13,12,0,301,54,25.08,221,136.19,0,2,23,13,9,0,-,-,-,-,-,-,-,-,-,-,,,"June 11, 2016","June 13, 2016"
398439,Karun Nair,"December 06, 1991, Jodhpur, Rajasthan",34y 213d,India,Top order Batter,Right hand Bat,Right arm Offbreak,2016 - 2025,2017,IPL 2017,DC,14,13,0,281,64,21.61,226,124.33,0,1,39,6,2,0,-,-,-,-,-,-,-,-,-,-,,,"June 11, 2016","June 13, 2016"
398439,Karun Nair,"December 06, 1991, Jodhpur, Rajasthan",34y 213d,India,Top order Batter,Right hand Bat,Right arm Offbreak,2016 - 2025,2016,IPL 2016,DC,14,12,2,357,83*,35.70,297,120.20,0,3,40,6,3,0,-,-,-,-,-,-,-,-,-,-,,,"June 11, 2016","June 13, 2016"
398439,Karun Nair,"December 06, 1991, Jodhpur, Rajasthan",34y 213d,India,Top order Batter,Right hand Bat,Right arm Offbreak,2016 - 2025,2015,IPL 2015,RR,14,12,1,181,61,16.45,145,124.82,0,1,18,5,3,0,-,-,-,-,-,-,-,-,-,-,,,"June 11, 2016","June 13, 2016"
398439,Karun Nair,"December 06, 1991, Jodhpur, Rajasthan",34y 213d,India,Top order Batter,Right hand Bat,Right arm Offbreak,2016 - 2025,2014,IPL 2014,RR,11,11,1,330,73*,33.00,232,142.24,0,3,38,9,4,0,-,-,-,-,-,-,-,-,-,-,,,"June 11, 2016","June 13, 2016"
398439,Karun Nair,"December 06, 1991, Jodhpur, Rajasthan",34y 213d,India,Top order Batter,Right hand Bat,Right arm Offbreak,2016 - 2025,2013,IPL 2013,RCB,2,2,0,9,9,4.50,12,75.00,0,0,0,0,0,0,-,-,-,-,-,-,-,-,-,-,,,"June 11, 2016","June 13, 2016"
290716,Kedar Mahadav Jadhav,"March 26, 1985, Pune, Maharashtra",41y 103d,India,Batting Allrounder,Right hand Bat,Right arm Offbreak,2014 - 2020,2023,IPL 2023,RCB,2,1,1,12,12*,-,10,120.00,0,0,1,0,1,0,-,-,-,-,-,-,-,-,-,-,"July 17, 2015","October 10, 2017","November 16, 2014","February 08, 2020"
290716,Kedar Mahadav Jadhav,"March 26, 1985, Pune, Maharashtra",41y 103d,India,Batting Allrounder,Right hand Bat,Right arm Offbreak,2014 - 2020,2021,IPL 2021,SRH,6,5,1,55,19,13.75,52,105.76,0,0,2,2,2,0,-,-,-,-,-,-,-,-,-,-,"July 17, 2015","October 10, 2017","November 16, 2014","February 08, 2020"
290716,Kedar Mahadav Jadhav,"March 26, 1985, Pune, Maharashtra",41y 103d,India,Batting Allrounder,Right hand Bat,Right arm Offbreak,2014 - 2020,2020/21,IPL 2020/21,CSK,8,5,2,62,26,20.66,66,93.93,0,0,7,0,1,0,-,-,-,-,-,-,-,-,-,-,"July 17, 2015","October 10, 2017","November 16, 2014","February 08, 2020"
290716,Kedar Mahadav Jadhav,"March 26, 1985, Pune, Maharashtra",41y 103d,India,Batting Allrounder,Right hand Bat,Right arm Offbreak,2014 - 2020,2019,IPL 2019,CSK,14,12,3,162,58,18.00,169,95.85,0,1,19,3,4,0,-,-,-,-,-,-,-,-,-,-,"July 17, 2015","October 10, 2017","November 16, 2014","February 08, 2020"
290716,Kedar Mahadav Jadhav,"March 26, 1985, Pune, Maharashtra",41y 103d,India,Batting Allrounder,Right hand Bat,Right arm Offbreak,2014 - 2020,2018,IPL 2018,CSK,1,1,1,24,24*,-,22,109.09,0,0,1,2,0,0,-,-,-,-,-,-,-,-,-,-,"July 17, 2015","October 10, 2017","November 16, 2014","February 08, 2020"
290716,Kedar Mahadav Jadhav,"March 26, 1985, Pune, Maharashtra",41y 103d,India,Batting Allrounder,Right hand Bat,Right arm Offbreak,2014 - 2020,2017,IPL 2017,RCB,13,13,1,267,69,22.25,186,143.54,0,1,25,10,7,3,-,-,-,-,-,-,-,-,-,-,"July 17, 2015","October 10, 2017","November 16, 2014","February 08, 2020"
290716,Kedar Mahadav Jadhav,"March 26, 1985, Pune, Maharashtra",41y 103d,India,Batting Allrounder,Right hand Bat,Right arm Offbreak,2014 - 2020,2016,IPL 2016,RCB,4,3,3,42,25*,-,32,131.25,0,0,2,2,1,0,-,-,-,-,-,-,-,-,-,-,"July 17, 2015","October 10, 2017","November 16, 2014","February 08, 2020"
290716,Kedar Mahadav Jadhav,"March 26, 1985, Pune, Maharashtra",41y 103d,India,Batting Allrounder,Right hand Bat,Right arm Offbreak,2014 - 2020,2015,IPL 2015,DC,14,12,4,189,63*,23.62,140,135.00,0,1,16,7,6,2,-,-,-,-,-,-,-,-,-,-,"July 17, 2015","October 10, 2017","November 16, 2014","February 08, 2020"
290716,Kedar Mahadav Jadhav,"March 26, 1985, Pune, Maharashtra",41y 103d,India,Batting Allrounder,Right hand Bat,Right arm Offbreak,2014 - 2020,2014,IPL 2014,DC,10,10,5,149,37,29.80,101,147.52,0,0,13,7,3,0,-,-,-,-,-,-,-,-,-,-,"July 17, 2015","October 10, 2017","November 16, 2014","February 08, 2020"
290716,Kedar Mahadav Jadhav,"March 26, 1985, Pune, Maharashtra",41y 103d,India,Batting Allrounder,Right hand Bat,Right arm Offbreak,2014 - 2020,2013,IPL 2013,DC,12,10,3,152,31,21.71,124,122.58,0,0,8,5,4,2,-,-,-,-,-,-,-,-,-,-,"July 17, 2015","October 10, 2017","November 16, 2014","February 08, 2020"
290716,Kedar Mahadav Jadhav,"March 26, 1985, Pune, Maharashtra",41y 103d,India,Batting Allrounder,Right hand Bat,Right arm Offbreak,2014 - 2020,2011,IPL 2011,Kochi,6,4,1,18,12,6.00,23,78.26,0,0,1,0,2,0,-,-,-,-,-,-,-,-,-,-,"July 17, 2015","October 10, 2017","November 16, 2014","February 08, 2020"
290716,Kedar Mahadav Jadhav,"March 26, 1985, Pune, Maharashtra",41y 103d,India,Batting Allrounder,Right hand Bat,Right arm Offbreak,2014 - 2020,2009/10,IPL 2009/10,DC,5,5,2,76,50*,25.33,56,135.71,0,1,7,2,0,0,-,-,-,-,-,-,-,-,-,-,"July 17, 2015","October 10, 2017","November 16, 2014","February 08, 2020"
19296,Kevin Peter Pietersen,"June 27, 1980, Pietermaritzburg, Natal",46y 11d,England,Top order Batter,Right hand Bat,Right arm Offbreak,2004 - 2014,2016,IPL 2016,RPS,4,4,2,73,37,36.50,61,119.67,0,0,4,3,1,0,-,-,-,-,-,-,-,-,-,-,"June 13, 2005","June 27, 2013","November 28, 2004","September 16, 2013"
19296,Kevin Peter Pietersen,"June 27, 1980, Pietermaritzburg, Natal",46y 11d,England,Top order Batter,Right hand Bat,Right arm Offbreak,2004 - 2014,2014,IPL 2014,DC,11,11,1,294,58,29.40,233,126.18,0,1,34,7,2,0,-,-,-,-,-,-,-,-,-,-,"June 13, 2005","June 27, 2013","November 28, 2004","September 16, 2013"
19296,Kevin Peter Pietersen,"June 27, 1980, Pietermaritzburg, Natal",46y 11d,England,Top order Batter,Right hand Bat,Right arm Offbreak,2004 - 2014,2012,IPL 2012,DC,8,8,3,305,103*,61.00,207,147.34,1,1,22,20,3,0,0,8.83,36,-,-,-,-,0,0,0,"June 13, 2005","June 27, 2013","November 28, 2004","September 16, 2013"
19296,Kevin Peter Pietersen,"June 27, 1980, Pietermaritzburg, Natal",46y 11d,England,Top order Batter,Right hand Bat,Right arm Offbreak,2004 - 2014,2009/10,IPL 2009/10,RCB,7,7,3,236,66*,59.00,157,150.31,0,2,23,8,3,0,3,7.70,60,1/10,1/10,25.66,20.0,0,0,0,"June 13, 2005","June 27, 2013","November 28, 2004","September 16, 2013"
19296,Kevin Peter Pietersen,"June 27, 1980, Pietermaritzburg, Natal",46y 11d,England,Top order Batter,Right hand Bat,Right arm Offbreak,2004 - 2014,2009,IPL 2009,RCB,6,6,0,93,37,15.50,85,109.41,0,0,8,2,3,0,4,6.53,78,2/31,2/31,21.25,19.5,0,0,0,"June 13, 2005","June 27, 2013","November 28, 2004","September 16, 2013"
422108,Kannaur Lokesh Rahul,"April 18, 1992, Bangalore, Karnataka",34y 81d,India,Wicketkeeper Batter,Right hand Bat,,2014 - 2026,2026,IPL 2026,DC,14,14,1,593,152*,45.61,340,174.41,1,5,56,31,2,1,-,-,-,-,-,-,-,-,-,-,"June 18, 2016","November 10, 2022","June 11, 2016","June 17, 2026"
422108,Kannaur Lokesh Rahul,"April 18, 1992, Bangalore, Karnataka",34y 81d,India,Wicketkeeper Batter,Right hand Bat,,2014 - 2026,2025,IPL 2025,DC,13,13,3,539,112*,53.90,360,149.72,1,3,52,21,3,0,-,-,-,-,-,-,-,-,-,-,"June 18, 2016","November 10, 2022","June 11, 2016","June 17, 2026"
422108,Kannaur Lokesh Rahul,"April 18, 1992, Bangalore, Karnataka",34y 81d,India,Wicketkeeper Batter,Right hand Bat,,2014 - 2026,2024,IPL 2024,LSG,14,14,0,520,82,37.14,382,136.12,0,4,45,19,15,2,-,-,-,-,-,-,-,-,-,-,"June 18, 2016","November 10, 2022","June 11, 2016","June 17, 2026"
422108,Kannaur Lokesh Rahul,"April 18, 1992, Bangalore, Karnataka",34y 81d,India,Wicketkeeper Batter,Right hand Bat,,2014 - 2026,2023,IPL 2023,LSG,9,9,1,274,74,34.25,242,113.22,0,2,28,4,4,0,-,-,-,-,-,-,-,-,-,-,"June 18, 2016","November 10, 2022","June 11, 2016","June 17, 2026"
422108,Kannaur Lokesh Rahul,"April 18, 1992, Bangalore, Karnataka",34y 81d,India,Wicketkeeper Batter,Right hand Bat,,2014 - 2026,2022,IPL 2022,LSG,15,15,3,616,103*,51.33,455,135.38,2,4,45,30,9,0,-,-,-,-,-,-,-,-,-,-,"June 18, 2016","November 10, 2022","June 11, 2016","June 17, 2026"
422108,Kannaur Lokesh Rahul,"April 18, 1992, Bangalore, Karnataka",34y 81d,India,Wicketkeeper Batter,Right hand Bat,,2014 - 2026,2021,IPL 2021,PBKS,13,13,3,626,98*,62.60,451,138.80,0,6,48,30,11,0,-,-,-,-,-,-,-,-,-,-,"June 18, 2016","November 10, 2022","June 11, 2016","June 17, 2026"
422108,Kannaur Lokesh Rahul,"April 18, 1992, Bangalore, Karnataka",34y 81d,India,Wicketkeeper Batter,Right hand Bat,,2014 - 2026,2020/21,IPL 2020/21,PBKS,14,14,2,670,132*,55.83,518,129.34,1,5,58,23,10,0,-,-,-,-,-,-,-,-,-,-,"June 18, 2016","November 10, 2022","June 11, 2016","June 17, 2026"
422108,Kannaur Lokesh Rahul,"April 18, 1992, Bangalore, Karnataka",34y 81d,India,Wicketkeeper Batter,Right hand Bat,,2014 - 2026,2019,IPL 2019,PBKS,14,14,3,593,100*,53.90,438,135.38,1,6,49,25,7,0,-,-,-,-,-,-,-,-,-,-,"June 18, 2016","November 10, 2022","June 11, 2016","June 17, 2026"
422108,Kannaur Lokesh Rahul,"April 18, 1992, Bangalore, Karnataka",34y 81d,India,Wicketkeeper Batter,Right hand Bat,,2014 - 2026,2018,IPL 2018,PBKS,14,14,2,659,95*,54.91,416,158.41,0,6,66,32,10,1,-,-,-,-,-,-,-,-,-,-,"June 18, 2016","November 10, 2022","June 11, 2016","June 17, 2026"
422108,Kannaur Lokesh Rahul,"April 18, 1992, Bangalore, Karnataka",34y 81d,India,Wicketkeeper Batter,Right hand Bat,,2014 - 2026,2016,IPL 2016,RCB,14,12,3,397,68*,44.11,271,146.49,0,4,37,16,5,4,-,-,-,-,-,-,-,-,-,-,"June 18, 2016","November 10, 2022","June 11, 2016","June 17, 2026"
422108,Kannaur Lokesh Rahul,"April 18, 1992, Bangalore, Karnataka",34y 81d,India,Wicketkeeper Batter,Right hand Bat,,2014 - 2026,2015,IPL 2015,SRH,9,8,3,142,44*,28.40,126,112.69,0,0,8,5,1,0,-,-,-,-,-,-,-,-,-,-,"June 18, 2016","November 10, 2022","June 11, 2016","June 17, 2026"
422108,Kannaur Lokesh Rahul,"April 18, 1992, Bangalore, Karnataka",34y 81d,India,Wicketkeeper Batter,Right hand Bat,,2014 - 2026,2014,IPL 2014,SRH,11,8,0,166,46,20.75,164,101.21,0,0,12,3,4,0,-,-,-,-,-,-,-,-,-,-,"June 18, 2016","November 10, 2022","June 11, 2016","June 17, 2026"
422108,Kannaur Lokesh Rahul,"April 18, 1992, Bangalore, Karnataka",34y 81d,India,Wicketkeeper Batter,Right hand Bat,,2014 - 2026,2013,IPL 2013,RCB,5,2,0,20,12,10.00,16,125.00,0,0,4,0,2,0,-,-,-,-,-,-,-,-,-,-,"June 18, 2016","November 10, 2022","June 11, 2016","June 17, 2026"
269170,Kotarangada Prabhu Appanna,"December 20, 1988, Kodagu, Karnataka",37y 199d,India,Bowler,Right hand Bat,Slow Left arm Orthodox,-,2012,IPL 2012,RCB,7,-,-,-,-,-,-,-,-,-,-,-,1,0,6,8.70,102,4/19,4/19,24.66,17.0,1,0,0,,,,
269170,Kotarangada Prabhu Appanna,"December 20, 1988, Kodagu, Karnataka",37y 199d,India,Bowler,Right hand Bat,Slow Left arm Orthodox,-,2009/10,IPL 2009/10,RCB,2,2,1,2,1*,2.00,3,66.66,0,0,0,0,0,0,1,7.28,42,1/24,1/24,51.00,42.0,0,0,0,,,,
269170,Kotarangada Prabhu Appanna,"December 20, 1988, Kodagu, Karnataka",37y 199d,India,Bowler,Right hand Bat,Slow Left arm Orthodox,-,2009,IPL 2009,RCB,5,1,1,0,0*,-,1,0.00,0,0,0,0,0,0,2,7.25,72,1/24,1/24,43.50,36.0,0,0,0,,,,
471342,Krunal Himanshu Pandya,"March 24, 1991, Ahmedabad, Gujarat",35y 105d,India,Allrounder,Left hand Bat,Slow Left arm Orthodox,2018 - 2021,2026,IPL 2026,RCB,16,9,3,226,73,37.66,155,145.80,0,1,20,11,2,0,14,8.41,303,2/16,2/16,30.35,21.6,0,0,0,"November 04, 2018","July 25, 2021","March 23, 2021","July 20, 2021"
471342,Krunal Himanshu Pandya,"March 24, 1991, Ahmedabad, Gujarat",35y 105d,India,Allrounder,Left hand Bat,Slow Left arm Orthodox,2018 - 2021,2025,IPL 2025,RCB,15,7,1,109,73*,18.16,86,126.74,0,1,9,4,6,0,17,8.23,276,4/45,4/45,22.29,16.2,1,0,0,"November 04, 2018","July 25, 2021","March 23, 2021","July 20, 2021"
471342,Krunal Himanshu Pandya,"March 24, 1991, Ahmedabad, Gujarat",35y 105d,India,Allrounder,Left hand Bat,Slow Left arm Orthodox,2018 - 2021,2024,IPL 2024,LSG,14,12,8,133,43*,33.25,105,126.66,0,0,8,5,3,0,6,7.72,198,3/11,3/11,42.50,33.0,0,0,0,"November 04, 2018","July 25, 2021","March 23, 2021","July 20, 2021"
471342,Krunal Himanshu Pandya,"March 24, 1991, Ahmedabad, Gujarat",35y 105d,India,Allrounder,Left hand Bat,Slow Left arm Orthodox,2018 - 2021,2023,IPL 2023,LSG,15,14,4,188,49*,18.80,165,113.93,0,0,15,6,8,0,9,7.45,252,3/18,3/18,34.77,28.0,0,0,0,"November 04, 2018","July 25, 2021","March 23, 2021","July 20, 2021"
471342,Krunal Himanshu Pandya,"March 24, 1991, Ahmedabad, Gujarat",35y 105d,India,Allrounder,Left hand Bat,Slow Left arm Orthodox,2018 - 2021,2022,IPL 2022,LSG,14,13,4,183,42,20.33,145,126.20,0,0,16,4,7,0,10,6.97,228,3/19,3/19,26.50,22.8,0,0,0,"November 04, 2018","July 25, 2021","March 23, 2021","July 20, 2021"
471342,Krunal Himanshu Pandya,"March 24, 1991, Ahmedabad, Gujarat",35y 105d,India,Allrounder,Left hand Bat,Slow Left arm Orthodox,2018 - 2021,2021,IPL 2021,MI,13,12,2,143,39,14.30,123,116.26,0,0,10,6,6,0,5,7.98,199,1/13,1/13,53.00,39.8,0,0,0,"November 04, 2018","July 25, 2021","March 23, 2021","July 20, 2021"
471342,Krunal Himanshu Pandya,"March 24, 1991, Ahmedabad, Gujarat",35y 105d,India,Allrounder,Left hand Bat,Slow Left arm Orthodox,2018 - 2021,2020/21,IPL 2020/21,MI,16,12,6,109,34,18.16,92,118.47,0,0,9,5,4,0,6,7.57,301,2/26,2/26,63.33,50.1,0,0,0,"November 04, 2018","July 25, 2021","March 23, 2021","July 20, 2021"
471342,Krunal Himanshu Pandya,"March 24, 1991, Ahmedabad, Gujarat",35y 105d,India,Allrounder,Left hand Bat,Slow Left arm Orthodox,2018 - 2021,2019,IPL 2019,MI,16,15,4,183,42,16.63,150,122.00,0,0,18,5,5,0,12,7.28,276,3/34,3/34,27.91,23.0,0,0,0,"November 04, 2018","July 25, 2021","March 23, 2021","July 20, 2021"
471342,Krunal Himanshu Pandya,"March 24, 1991, Ahmedabad, Gujarat",35y 105d,India,Allrounder,Left hand Bat,Slow Left arm Orthodox,2018 - 2021,2018,IPL 2018,MI,14,13,3,228,41*,22.80,157,145.22,0,0,22,10,9,0,12,7.07,241,3/28,3/28,23.66,20.0,0,0,0,"November 04, 2018","July 25, 2021","March 23, 2021","July 20, 2021"
471342,Krunal Himanshu Pandya,"March 24, 1991, Ahmedabad, Gujarat",35y 105d,India,Allrounder,Left hand Bat,Slow Left arm Orthodox,2018 - 2021,2017,IPL 2017,MI,13,11,4,243,47,34.71,179,135.75,0,0,24,7,2,0,10,6.82,240,3/14,3/14,27.30,24.0,0,0,0,"November 04, 2018","July 25, 2021","March 23, 2021","July 20, 2021"
471342,Krunal Himanshu Pandya,"March 24, 1991, Ahmedabad, Gujarat",35y 105d,India,Allrounder,Left hand Bat,Slow Left arm Orthodox,2018 - 2021,2016,IPL 2016,MI,12,9,3,237,86,39.50,124,191.12,0,1,22,13,2,0,6,7.57,187,2/15,2/15,39.33,31.1,0,0,0,"November 04, 2018","July 25, 2021","March 23, 2021","July 20, 2021"
1083033,Kulwant Khejroliya,"March 13, 1992, Churi Ajitgarh Jhunjhunu District, Rajasthan",34y 116d,India,Bowler,Left hand Bat,Left arm Medium fast,-,2026,IPL 2026,GT,1,-,-,-,-,-,-,-,-,-,-,-,0,0,0,15.50,12,-,-,-,-,0,0,0,,,,
1083033,Kulwant Khejroliya,"March 13, 1992, Churi Ajitgarh Jhunjhunu District, Rajasthan",34y 116d,India,Bowler,Left hand Bat,Left arm Medium fast,-,2025,IPL 2025,GT,1,-,-,-,-,-,-,-,-,-,-,-,1,0,1,9.66,18,1/29,1/29,29.00,18.0,0,0,0,,,,
1083033,Kulwant Khejroliya,"March 13, 1992, Churi Ajitgarh Jhunjhunu District, Rajasthan",34y 116d,India,Bowler,Left hand Bat,Left arm Medium fast,-,2023,IPL 2023,KKR,2,-,-,-,-,-,-,-,-,-,-,-,0,0,2,14.76,26,2/44,2/44,32.00,13.0,0,0,0,,,,
1083033,Kulwant Khejroliya,"March 13, 1992, Churi Ajitgarh Jhunjhunu District, Rajasthan",34y 116d,India,Bowler,Left hand Bat,Left arm Medium fast,-,2019,IPL 2019,RCB,2,-,-,-,-,-,-,-,-,-,-,-,0,0,1,9.20,30,1/29,1/29,46.00,30.0,0,0,0,,,,
1083033,Kulwant Khejroliya,"March 13, 1992, Churi Ajitgarh Jhunjhunu District, Rajasthan",34y 116d,India,Bowler,Left hand Bat,Left arm Medium fast,-,2018,IPL 2018,RCB,3,-,-,-,-,-,-,-,-,-,-,-,0,0,2,9.87,65,2/33,2/33,53.50,32.5,0,0,0,,,,
625960,Kyle Alex Jamieson,"December 30, 1994, Auckland",31y 189d,New Zealand,Bowler,Right hand Bat,Right arm Fast medium,2020 - 2026,2026,IPL 2026,DC,2,1,0,12,12,12.00,13,92.30,0,0,1,1,0,0,2,12.85,42,1/42,1/42,45.00,21.0,0,0,0,"November 27, 2020","March 25, 2026","February 08, 2020","January 18, 2026"
625960,Kyle Alex Jamieson,"December 30, 1994, Auckland",31y 189d,New Zealand,Bowler,Right hand Bat,Right arm Fast medium,2020 - 2026,2025,IPL 2025,PBKS,4,2,2,0,0*,-,5,0.00,0,0,0,0,0,0,5,9.80,90,3/48,3/48,29.40,18.0,0,0,0,"November 27, 2020","March 25, 2026","February 08, 2020","January 18, 2026"
625960,Kyle Alex Jamieson,"December 30, 1994, Auckland",31y 189d,New Zealand,Bowler,Right hand Bat,Right arm Fast medium,2020 - 2026,2021,IPL 2021,RCB,9,7,3,65,16*,16.25,55,118.18,0,0,5,3,2,0,9,9.60,168,3/41,3/41,29.88,18.6,0,0,0,"November 27, 2020","March 25, 2026","February 08, 2020","January 18, 2026"
403902,Liam Stephen Livingstone,"August 04, 1993, Barrow-in-Furness, Cumberland",32y 337d,England,Batting Allrounder,Right hand Bat,"Right arm Offbreak, Legbreak",2017 - 2025,2026,IPL 2026,SRH,2,2,0,15,14,7.50,25,60.00,0,0,0,1,4,0,-,-,-,-,-,-,-,-,-,-,"June 23, 2017","February 02, 2025","March 26, 2021","March 01, 2025"
403902,Liam Stephen Livingstone,"August 04, 1993, Barrow-in-Furness, Cumberland",32y 337d,England,Batting Allrounder,Right hand Bat,"Right arm Offbreak, Legbreak",2017 - 2025,2025,IPL 2025,RCB,10,8,1,112,54,16.00,84,133.33,0,1,4,9,4,0,2,8.44,54,2/28,2/28,38.00,27.0,0,0,0,"June 23, 2017","February 02, 2025","March 26, 2021","March 01, 2025"
403902,Liam Stephen Livingstone,"August 04, 1993, Barrow-in-Furness, Cumberland",32y 337d,England,Batting Allrounder,Right hand Bat,"Right arm Offbreak, Legbreak",2017 - 2025,2024,IPL 2024,PBKS,7,7,2,111,38*,22.20,78,142.30,0,0,8,7,1,0,3,7.00,72,2/19,2/19,28.00,24.0,0,0,0,"June 23, 2017","February 02, 2025","March 26, 2021","March 01, 2025"
403902,Liam Stephen Livingstone,"August 04, 1993, Barrow-in-Furness, Cumberland",32y 337d,England,Batting Allrounder,Right hand Bat,"Right arm Offbreak, Legbreak",2017 - 2025,2023,IPL 2023,PBKS,9,9,1,279,94,34.87,171,163.15,0,2,20,19,4,0,2,13.42,42,1/19,1/19,47.00,21.0,0,0,0,"June 23, 2017","February 02, 2025","March 26, 2021","March 01, 2025"
403902,Liam Stephen Livingstone,"August 04, 1993, Barrow-in-Furness, Cumberland",32y 337d,England,Batting Allrounder,Right hand Bat,"Right arm Offbreak, Legbreak",2017 - 2025,2022,IPL 2022,PBKS,14,14,2,437,70,36.41,240,182.08,0,4,29,34,6,0,6,8.78,138,3/27,3/27,33.66,23.0,0,0,0,"June 23, 2017","February 02, 2025","March 26, 2021","March 01, 2025"
403902,Liam Stephen Livingstone,"August 04, 1993, Barrow-in-Furness, Cumberland",32y 337d,England,Batting Allrounder,Right hand Bat,"Right arm Offbreak, Legbreak",2017 - 2025,2021,IPL 2021,RR,5,5,0,42,25,8.40,41,102.43,0,0,3,1,3,0,-,-,-,-,-,-,-,-,-,-,"June 23, 2017","February 02, 2025","March 26, 2021","March 01, 2025"
403902,Liam Stephen Livingstone,"August 04, 1993, Barrow-in-Furness, Cumberland",32y 337d,England,Batting Allrounder,Right hand Bat,"Right arm Offbreak, Legbreak",2017 - 2025,2019,IPL 2019,RR,4,4,1,70,44,23.33,48,145.83,0,0,6,5,4,0,0,13.00,6,-,-,-,-,0,0,0,"June 23, 2017","February 02, 2025","March 26, 2021","March 01, 2025"
493773,Lachlan Hammond Ferguson,"June 13, 1991, Auckland",35y 24d,New Zealand,Bowler,Right hand Bat,Right arm Fast,2016 - 2026,2026,IPL 2026,PBKS,3,-,-,-,-,-,-,-,-,-,-,-,0,0,1,12.81,66,1/41,1/41,141.00,66.0,0,0,0,"January 03, 2017","March 20, 2026","December 04, 2016","November 15, 2023"
493773,Lachlan Hammond Ferguson,"June 13, 1991, Auckland",35y 24d,New Zealand,Bowler,Right hand Bat,Right arm Fast,2016 - 2026,2025,IPL 2025,PBKS,4,1,1,4,4*,-,1,400.00,0,0,1,0,0,0,5,9.17,68,2/37,2/37,20.80,13.6,0,0,0,"January 03, 2017","March 20, 2026","December 04, 2016","November 15, 2023"
493773,Lachlan Hammond Ferguson,"June 13, 1991, Auckland",35y 24d,New Zealand,Bowler,Right hand Bat,Right arm Fast,2016 - 2026,2024,IPL 2024,RCB,7,1,0,1,1,1.00,1,100.00,0,0,0,0,4,0,9,10.62,144,2/23,2/23,28.33,16.0,0,0,0,"January 03, 2017","March 20, 2026","December 04, 2016","November 15, 2023"
493773,Lachlan Hammond Ferguson,"June 13, 1991, Auckland",35y 24d,New Zealand,Bowler,Right hand Bat,Right arm Fast,2016 - 2026,2023,IPL 2023,KKR,3,-,-,-,-,-,-,-,-,-,-,-,0,0,1,12.52,46,1/19,1/19,96.00,46.0,0,0,0,"January 03, 2017","March 20, 2026","December 04, 2016","November 15, 2023"
493773,Lachlan Hammond Ferguson,"June 13, 1991, Auckland",35y 24d,New Zealand,Bowler,Right hand Bat,Right arm Fast,2016 - 2026,2022,IPL 2022,GT,13,3,1,5,5,2.50,4,125.00,0,0,1,0,2,0,12,8.95,286,4/28,4/28,35.58,23.8,1,0,0,"January 03, 2017","March 20, 2026","December 04, 2016","November 15, 2023"
493773,Lachlan Hammond Ferguson,"June 13, 1991, Auckland",35y 24d,New Zealand,Bowler,Right hand Bat,Right arm Fast,2016 - 2026,2021,IPL 2021,KKR,8,3,3,18,18*,-,11,163.63,0,0,1,1,3,0,13,7.46,180,3/18,3/18,17.23,13.8,0,0,0,"January 03, 2017","March 20, 2026","December 04, 2016","November 15, 2023"
493773,Lachlan Hammond Ferguson,"June 13, 1991, Auckland",35y 24d,New Zealand,Bowler,Right hand Bat,Right arm Fast,2016 - 2026,2020/21,IPL 2020/21,KKR,5,2,2,43,24*,-,29,148.27,0,0,4,1,0,0,6,7.46,119,3/15,3/15,24.66,19.8,0,0,0,"January 03, 2017","March 20, 2026","December 04, 2016","November 15, 2023"
493773,Lachlan Hammond Ferguson,"June 13, 1991, Auckland",35y 24d,New Zealand,Bowler,Right hand Bat,Right arm Fast,2016 - 2026,2019,IPL 2019,KKR,5,-,-,-,-,-,-,-,-,-,-,-,0,0,2,10.76,102,1/38,1/38,91.50,51.0,0,0,0,"January 03, 2017","March 20, 2026","December 04, 2016","November 15, 2023"
493773,Lachlan Hammond Ferguson,"June 13, 1991, Auckland",35y 24d,New Zealand,Bowler,Right hand Bat,Right arm Fast,2016 - 2026,2017,IPL 2017,RPS,4,1,1,1,1*,-,1,100.00,0,0,0,0,0,0,3,7.15,78,2/7,2/7,31.00,26.0,0,0,0,"January 03, 2017","March 20, 2026","December 04, 2016","November 15, 2023"
232284,Luke Anthony Pomersbach,"September 28, 1984, Bentley, Perth, Western Australia",41y 283d,Australia,Batter,Left hand Bat,Right arm Offbreak,2007 - 2007,2013,IPL 2013,PBKS,3,3,1,58,33*,29.00,59,98.30,0,0,5,1,0,0,-,-,-,-,-,-,-,-,-,-,"December 11, 2007","Tasmania vs West Aust  at Hobart - December 19 - 22, 2006",,
232284,Luke Anthony Pomersbach,"September 28, 1984, Bentley, Perth, Western Australia",41y 283d,Australia,Batter,Left hand Bat,Right arm Offbreak,2007 - 2007,2011,IPL 2011,RCB,5,4,0,51,29,12.75,39,130.76,0,0,4,2,5,0,-,-,-,-,-,-,-,-,-,-,"December 11, 2007","Tasmania vs West Aust  at Hobart - December 19 - 22, 2006",,
232284,Luke Anthony Pomersbach,"September 28, 1984, Bentley, Perth, Western Australia",41y 283d,Australia,Batter,Left hand Bat,Right arm Offbreak,2007 - 2007,2009,IPL 2009,PBKS,4,4,0,41,26,10.25,49,83.67,0,0,3,1,1,0,-,-,-,-,-,-,-,-,-,-,"December 11, 2007","Tasmania vs West Aust  at Hobart - December 19 - 22, 2006",,
232284,Luke Anthony Pomersbach,"September 28, 1984, Bentley, Perth, Western Australia",41y 283d,Australia,Batter,Left hand Bat,Right arm Offbreak,2007 - 2007,2007/08,IPL 2007/08,PBKS,5,5,4,152,79*,152.00,99,153.53,0,1,13,9,1,0,-,-,-,-,-,-,-,-,-,-,"December 11, 2007","Tasmania vs West Aust  at Hobart - December 19 - 22, 2006",,
542023,Lungisani True-man Ngidi,"March 29, 1996, Durban, Natal",30y 100d,South Africa,Bowler,Right hand Bat,Right arm Fast medium,2017 - 2026,2026,IPL 2026,DC,12,3,1,4,3,2.00,7,57.14,0,0,0,0,0,0,13,8.22,248,3/27,3/27,26.15,19.0,0,0,0,"January 20, 2017","March 04, 2026","February 07, 2018","December 06, 2025"
542023,Lungisani True-man Ngidi,"March 29, 1996, Durban, Natal",30y 100d,South Africa,Bowler,Right hand Bat,Right arm Fast medium,2017 - 2026,2025,IPL 2025,RCB,2,1,1,0,0*,-,2,0.00,0,0,0,0,0,0,4,10.12,48,3/30,3/30,20.25,12.0,0,0,0,"January 20, 2017","March 04, 2026","February 07, 2018","December 06, 2025"
542023,Lungisani True-man Ngidi,"March 29, 1996, Durban, Natal",30y 100d,South Africa,Bowler,Right hand Bat,Right arm Fast medium,2017 - 2026,2021,IPL 2021,CSK,3,-,-,-,-,-,-,-,-,-,-,-,1,0,5,10.41,72,3/28,3/28,25.00,14.4,0,0,0,"January 20, 2017","March 04, 2026","February 07, 2018","December 06, 2025"
542023,Lungisani True-man Ngidi,"March 29, 1996, Durban, Natal",30y 100d,South Africa,Bowler,Right hand Bat,Right arm Fast medium,2017 - 2026,2020/21,IPL 2020/21,CSK,4,-,-,-,-,-,-,-,-,-,-,-,0,0,9,10.43,96,3/38,3/38,18.55,10.6,0,0,0,"January 20, 2017","March 04, 2026","February 07, 2018","December 06, 2025"
542023,Lungisani True-man Ngidi,"March 29, 1996, Durban, Natal",30y 100d,South Africa,Bowler,Right hand Bat,Right arm Fast medium,2017 - 2026,2018,IPL 2018,CSK,7,-,-,-,-,-,-,-,-,-,-,-,1,0,11,6.00,156,4/10,4/10,14.18,14.1,1,0,0,"January 20, 2017","March 04, 2026","February 07, 2018","December 06, 2025"
853265,Mahipal Krishan Lomror,"November 16, 1999, Nagaur, Rajasthan",26y 233d,India,Allrounder,Left hand Bat,Slow Left arm Orthodox,-,2024,IPL 2024,RCB,10,10,2,125,33,15.62,68,183.82,0,0,9,9,3,0,0,18.00,6,-,-,-,-,0,0,0,,,,
853265,Mahipal Krishan Lomror,"November 16, 1999, Nagaur, Rajasthan",26y 233d,India,Allrounder,Left hand Bat,Slow Left arm Orthodox,-,2023,IPL 2023,RCB,12,10,2,135,54*,16.87,97,139.17,0,1,9,8,4,0,0,8.50,12,-,-,-,-,0,0,0,,,,
853265,Mahipal Krishan Lomror,"November 16, 1999, Nagaur, Rajasthan",26y 233d,India,Allrounder,Left hand Bat,Slow Left arm Orthodox,-,2022,IPL 2022,RCB,7,5,0,86,42,17.20,57,150.87,0,0,7,4,2,0,0,9.00,12,-,-,-,-,0,0,0,,,,
853265,Mahipal Krishan Lomror,"November 16, 1999, Nagaur, Rajasthan",26y 233d,India,Allrounder,Left hand Bat,Slow Left arm Orthodox,-,2021,IPL 2021,RR,4,4,1,94,43,31.33,73,128.76,0,0,3,6,0,0,1,6.71,42,1/22,1/22,47.00,42.0,0,0,0,,,,
853265,Mahipal Krishan Lomror,"November 16, 1999, Nagaur, Rajasthan",26y 233d,India,Allrounder,Left hand Bat,Slow Left arm Orthodox,-,2020/21,IPL 2020/21,RR,3,3,0,59,47,19.66,54,109.25,0,0,2,3,0,0,-,-,-,-,-,-,-,-,-,-,,,,
853265,Mahipal Krishan Lomror,"November 16, 1999, Nagaur, Rajasthan",26y 233d,India,Allrounder,Left hand Bat,Slow Left arm Orthodox,-,2019,IPL 2019,RR,2,1,0,8,8,8.00,3,266.66,0,0,2,0,1,0,-,-,-,-,-,-,-,-,-,-,,,,
853265,Mahipal Krishan Lomror,"November 16, 1999, Nagaur, Rajasthan",26y 233d,India,Allrounder,Left hand Bat,Slow Left arm Orthodox,-,2018,IPL 2018,RR,2,2,1,20,11,20.00,21,95.23,0,0,1,0,0,0,0,9.00,18,-,-,-,-,0,0,0,,,,
532856,Manan Vohra,"July 18, 1993, Chandigarh, Punjab",32y 355d,India,Opening Batter,Right hand Bat,Right arm Medium,-,2023,IPL 2023,LSG,1,1,0,10,10,10.00,11,90.90,0,0,1,0,0,0,-,-,-,-,-,-,-,-,-,-,,,,
532856,Manan Vohra,"July 18, 1993, Chandigarh, Punjab",32y 355d,India,Opening Batter,Right hand Bat,Right arm Medium,-,2022,IPL 2022,LSG,2,1,0,19,19,19.00,11,172.72,0,0,1,2,0,0,-,-,-,-,-,-,-,-,-,-,,,,
532856,Manan Vohra,"July 18, 1993, Chandigarh, Punjab",32y 355d,India,Opening Batter,Right hand Bat,Right arm Medium,-,2021,IPL 2021,RR,4,4,0,42,14,10.50,39,107.69,0,0,5,2,0,0,-,-,-,-,-,-,-,-,-,-,,,,
532856,Manan Vohra,"July 18, 1993, Chandigarh, Punjab",32y 355d,India,Opening Batter,Right hand Bat,Right arm Medium,-,2018,IPL 2018,RCB,4,4,0,55,45,13.75,47,117.02,0,0,2,4,0,0,-,-,-,-,-,-,-,-,-,-,,,,
532856,Manan Vohra,"July 18, 1993, Chandigarh, Punjab",32y 355d,India,Opening Batter,Right hand Bat,Right arm Medium,-,2017,IPL 2017,PBKS,11,9,0,229,95,25.44,159,144.02,0,1,23,9,2,0,-,-,-,-,-,-,-,-,-,-,,,,
532856,Manan Vohra,"July 18, 1993, Chandigarh, Punjab",32y 355d,India,Opening Batter,Right hand Bat,Right arm Medium,-,2016,IPL 2016,PBKS,7,7,0,161,51,23.00,131,122.90,0,1,19,3,3,0,-,-,-,-,-,-,-,-,-,-,,,,
532856,Manan Vohra,"July 18, 1993, Chandigarh, Punjab",32y 355d,India,Opening Batter,Right hand Bat,Right arm Medium,-,2015,IPL 2015,PBKS,7,7,0,82,39,11.71,81,101.23,0,0,4,5,2,0,-,-,-,-,-,-,-,-,-,-,,,,
532856,Manan Vohra,"July 18, 1993, Chandigarh, Punjab",32y 355d,India,Opening Batter,Right hand Bat,Right arm Medium,-,2014,IPL 2014,PBKS,8,8,0,324,67,40.50,233,139.05,0,1,27,16,3,0,-,-,-,-,-,-,-,-,-,-,,,,
532856,Manan Vohra,"July 18, 1993, Chandigarh, Punjab",32y 355d,India,Opening Batter,Right hand Bat,Right arm Medium,-,2013,IPL 2013,PBKS,12,10,2,161,43*,20.12,117,137.60,0,0,22,2,3,0,-,-,-,-,-,-,-,-,-,-,,,,
398506,Mandeep Singh,"December 18, 1991, Jalandhar, Punjab",34y 201d,India,Allrounder,Right hand Bat,Right arm Medium,2016 - 2016,2023,IPL 2023,KKR,3,3,0,14,12,4.66,16,87.50,0,0,0,1,0,0,-,-,-,-,-,-,-,-,-,-,"June 18, 2016","June 22, 2016",,
398506,Mandeep Singh,"December 18, 1991, Jalandhar, Punjab",34y 201d,India,Allrounder,Right hand Bat,Right arm Medium,2016 - 2016,2022,IPL 2022,DC,3,3,0,18,18,6.00,23,78.26,0,0,4,0,1,0,-,-,-,-,-,-,-,-,-,-,"June 18, 2016","June 22, 2016",,
398506,Mandeep Singh,"December 18, 1991, Jalandhar, Punjab",34y 201d,India,Allrounder,Right hand Bat,Right arm Medium,2016 - 2016,2021,IPL 2021,PBKS,1,1,0,15,15,15.00,14,107.14,0,0,2,0,1,0,-,-,-,-,-,-,-,-,-,-,"June 18, 2016","June 22, 2016",,
398506,Mandeep Singh,"December 18, 1991, Jalandhar, Punjab",34y 201d,India,Allrounder,Right hand Bat,Right arm Medium,2016 - 2016,2020/21,IPL 2020/21,PBKS,7,7,1,130,66*,21.66,109,119.26,0,1,10,4,1,0,-,-,-,-,-,-,-,-,-,-,"June 18, 2016","June 22, 2016",,
398506,Mandeep Singh,"December 18, 1991, Jalandhar, Punjab",34y 201d,India,Allrounder,Right hand Bat,Right arm Medium,2016 - 2016,2019,IPL 2019,PBKS,13,12,8,165,33*,41.25,120,137.50,0,0,10,4,4,0,0,13.00,12,-,-,-,-,0,0,0,"June 18, 2016","June 22, 2016",,
398506,Mandeep Singh,"December 18, 1991, Jalandhar, Punjab",34y 201d,India,Allrounder,Right hand Bat,Right arm Medium,2016 - 2016,2018,IPL 2018,RCB,14,13,3,252,47*,25.20,186,135.48,0,0,16,11,4,0,-,-,-,-,-,-,-,-,-,-,"June 18, 2016","June 22, 2016",,
398506,Mandeep Singh,"December 18, 1991, Jalandhar, Punjab",34y 201d,India,Allrounder,Right hand Bat,Right arm Medium,2016 - 2016,2017,IPL 2017,RCB,11,10,0,188,52,18.80,177,106.21,0,1,21,4,6,0,-,-,-,-,-,-,-,-,-,-,"June 18, 2016","June 22, 2016",,
398506,Mandeep Singh,"December 18, 1991, Jalandhar, Punjab",34y 201d,India,Allrounder,Right hand Bat,Right arm Medium,2016 - 2016,2016,IPL 2016,RCB,1,-,-,-,-,-,-,-,-,-,-,-,1,0,-,-,-,-,-,-,-,-,-,-,"June 18, 2016","June 22, 2016",,
398506,Mandeep Singh,"December 18, 1991, Jalandhar, Punjab",34y 201d,India,Allrounder,Right hand Bat,Right arm Medium,2016 - 2016,2015,IPL 2015,RCB,14,9,2,157,54*,22.42,100,157.00,0,1,17,6,7,0,-,-,-,-,-,-,-,-,-,-,"June 18, 2016","June 22, 2016",,
398506,Mandeep Singh,"December 18, 1991, Jalandhar, Punjab",34y 201d,India,Allrounder,Right hand Bat,Right arm Medium,2016 - 2016,2014,IPL 2014,PBKS,3,3,0,24,21,8.00,26,92.30,0,0,2,0,1,0,-,-,-,-,-,-,-,-,-,-,"June 18, 2016","June 22, 2016",,
398506,Mandeep Singh,"December 18, 1991, Jalandhar, Punjab",34y 201d,India,Allrounder,Right hand Bat,Right arm Medium,2016 - 2016,2013,IPL 2013,PBKS,16,14,1,260,77*,20.00,223,116.59,0,1,36,0,6,0,-,-,-,-,-,-,-,-,-,-,"June 18, 2016","June 22, 2016",,
398506,Mandeep Singh,"December 18, 1991, Jalandhar, Punjab",34y 201d,India,Allrounder,Right hand Bat,Right arm Medium,2016 - 2016,2012,IPL 2012,PBKS,16,16,0,432,75,27.00,342,126.31,0,2,53,7,5,0,-,-,-,-,-,-,-,-,-,-,"June 18, 2016","June 22, 2016",,
398506,Mandeep Singh,"December 18, 1991, Jalandhar, Punjab",34y 201d,India,Allrounder,Right hand Bat,Right arm Medium,2016 - 2016,2011,IPL 2011,PBKS,6,5,1,47,15*,11.75,41,114.63,0,0,4,1,1,0,-,-,-,-,-,-,-,-,-,-,"June 18, 2016","June 22, 2016",,
398506,Mandeep Singh,"December 18, 1991, Jalandhar, Punjab",34y 201d,India,Allrounder,Right hand Bat,Right arm Medium,2016 - 2016,2009/10,IPL 2009/10,KKR,3,2,0,4,4,2.00,11,36.36,0,0,1,0,0,0,-,-,-,-,-,-,-,-,-,-,"June 18, 2016","June 22, 2016",,
290630,Manish Krishnanand Pandey,"September 10, 1989, Nainital, Uttaranchal",36y 300d,India,Top order Batter,Right hand Bat,Right arm Medium,2015 - 2021,2026,IPL 2026,KKR,6,2,0,70,45,35.00,49,142.85,0,0,8,2,3,0,-,-,-,-,-,-,-,-,-,-,"July 17, 2015","December 04, 2020","July 14, 2015","July 23, 2021"
290630,Manish Krishnanand Pandey,"September 10, 1989, Nainital, Uttaranchal",36y 300d,India,Top order Batter,Right hand Bat,Right arm Medium,2015 - 2021,2025,IPL 2025,KKR,3,3,1,92,37,46.00,65,141.53,0,0,5,5,0,0,-,-,-,-,-,-,-,-,-,-,"July 17, 2015","December 04, 2020","July 14, 2015","July 23, 2021"
290630,Manish Krishnanand Pandey,"September 10, 1989, Nainital, Uttaranchal",36y 300d,India,Top order Batter,Right hand Bat,Right arm Medium,2015 - 2021,2024,IPL 2024,KKR,1,1,0,42,42,42.00,31,135.48,0,0,2,2,2,0,-,-,-,-,-,-,-,-,-,-,"July 17, 2015","December 04, 2020","July 14, 2015","July 23, 2021"
290630,Manish Krishnanand Pandey,"September 10, 1989, Nainital, Uttaranchal",36y 300d,India,Top order Batter,Right hand Bat,Right arm Medium,2015 - 2021,2023,IPL 2023,DC,10,9,0,160,50,17.77,146,109.58,0,1,15,3,3,0,-,-,-,-,-,-,-,-,-,-,"July 17, 2015","December 04, 2020","July 14, 2015","July 23, 2021"
290630,Manish Krishnanand Pandey,"September 10, 1989, Nainital, Uttaranchal",36y 300d,India,Top order Batter,Right hand Bat,Right arm Medium,2015 - 2021,2022,IPL 2022,LSG,6,6,0,88,38,14.66,80,110.00,0,0,9,2,3,0,-,-,-,-,-,-,-,-,-,-,"July 17, 2015","December 04, 2020","July 14, 2015","July 23, 2021"
290630,Manish Krishnanand Pandey,"September 10, 1989, Nainital, Uttaranchal",36y 300d,India,Top order Batter,Right hand Bat,Right arm Medium,2015 - 2021,2021,IPL 2021,SRH,8,8,2,292,69*,48.66,236,123.72,0,3,21,10,5,0,-,-,-,-,-,-,-,-,-,-,"July 17, 2015","December 04, 2020","July 14, 2015","July 23, 2021"
290630,Manish Krishnanand Pandey,"September 10, 1989, Nainital, Uttaranchal",36y 300d,India,Top order Batter,Right hand Bat,Right arm Medium,2015 - 2021,2020/21,IPL 2020/21,SRH,16,15,2,425,83*,32.69,333,127.62,0,3,35,18,7,0,-,-,-,-,-,-,-,-,-,-,"July 17, 2015","December 04, 2020","July 14, 2015","July 23, 2021"
290630,Manish Krishnanand Pandey,"September 10, 1989, Nainital, Uttaranchal",36y 300d,India,Top order Batter,Right hand Bat,Right arm Medium,2015 - 2021,2019,IPL 2019,SRH,12,11,3,344,83*,43.00,263,130.79,0,3,34,6,7,0,-,-,-,-,-,-,-,-,-,-,"July 17, 2015","December 04, 2020","July 14, 2015","July 23, 2021"
290630,Manish Krishnanand Pandey,"September 10, 1989, Nainital, Uttaranchal",36y 300d,India,Top order Batter,Right hand Bat,Right arm Medium,2015 - 2021,2018,IPL 2018,SRH,15,13,2,284,62*,25.81,246,115.44,0,3,22,5,9,0,-,-,-,-,-,-,-,-,-,-,"July 17, 2015","December 04, 2020","July 14, 2015","July 23, 2021"
290630,Manish Krishnanand Pandey,"September 10, 1989, Nainital, Uttaranchal",36y 300d,India,Top order Batter,Right hand Bat,Right arm Medium,2015 - 2021,2017,IPL 2017,KKR,14,13,5,396,81*,49.50,308,128.57,0,2,28,12,8,0,-,-,-,-,-,-,-,-,-,-,"July 17, 2015","December 04, 2020","July 14, 2015","July 23, 2021"
290630,Manish Krishnanand Pandey,"September 10, 1989, Nainital, Uttaranchal",36y 300d,India,Top order Batter,Right hand Bat,Right arm Medium,2015 - 2021,2016,IPL 2016,KKR,12,11,3,248,52,31.00,183,135.51,0,2,17,9,7,0,-,-,-,-,-,-,-,-,-,-,"July 17, 2015","December 04, 2020","July 14, 2015","July 23, 2021"
290630,Manish Krishnanand Pandey,"September 10, 1989, Nainital, Uttaranchal",36y 300d,India,Top order Batter,Right hand Bat,Right arm Medium,2015 - 2021,2015,IPL 2015,KKR,13,12,1,225,40,20.45,184,122.28,0,0,22,7,5,0,-,-,-,-,-,-,-,-,-,-,"July 17, 2015","December 04, 2020","July 14, 2015","July 23, 2021"
290630,Manish Krishnanand Pandey,"September 10, 1989, Nainital, Uttaranchal",36y 300d,India,Top order Batter,Right hand Bat,Right arm Medium,2015 - 2021,2014,IPL 2014,KKR,16,16,3,401,94,30.84,340,117.94,0,2,35,10,3,0,-,-,-,-,-,-,-,-,-,-,"July 17, 2015","December 04, 2020","July 14, 2015","July 23, 2021"
290630,Manish Krishnanand Pandey,"September 10, 1989, Nainital, Uttaranchal",36y 300d,India,Top order Batter,Right hand Bat,Right arm Medium,2015 - 2021,2013,IPL 2013,PWI,7,7,1,136,66,22.66,137,99.27,0,1,11,3,6,0,-,-,-,-,-,-,-,-,-,-,"July 17, 2015","December 04, 2020","July 14, 2015","July 23, 2021"
290630,Manish Krishnanand Pandey,"September 10, 1989, Nainital, Uttaranchal",36y 300d,India,Top order Batter,Right hand Bat,Right arm Medium,2015 - 2021,2012,IPL 2012,PWI,10,9,2,143,80*,20.42,112,127.67,0,1,12,6,3,0,-,-,-,-,-,-,-,-,-,-,"July 17, 2015","December 04, 2020","July 14, 2015","July 23, 2021"
290630,Manish Krishnanand Pandey,"September 10, 1989, Nainital, Uttaranchal",36y 300d,India,Top order Batter,Right hand Bat,Right arm Medium,2015 - 2021,2011,IPL 2011,PWI,10,9,0,246,59,27.33,227,108.37,0,1,28,6,5,0,-,-,-,-,-,-,-,-,-,-,"July 17, 2015","December 04, 2020","July 14, 2015","July 23, 2021"
290630,Manish Krishnanand Pandey,"September 10, 1989, Nainital, Uttaranchal",36y 300d,India,Top order Batter,Right hand Bat,Right arm Medium,2015 - 2021,2009/10,IPL 2009/10,RCB,13,13,1,249,42*,20.75,226,110.17,0,0,27,7,6,0,-,-,-,-,-,-,-,-,-,-,"July 17, 2015","December 04, 2020","July 14, 2015","July 23, 2021"
290630,Manish Krishnanand Pandey,"September 10, 1989, Nainital, Uttaranchal",36y 300d,India,Top order Batter,Right hand Bat,Right arm Medium,2015 - 2021,2009,IPL 2009,RCB,5,4,2,168,114*,84.00,118,142.37,1,0,17,4,4,0,-,-,-,-,-,-,-,-,-,-,"July 17, 2015","December 04, 2020","July 14, 2015","July 23, 2021"
290630,Manish Krishnanand Pandey,"September 10, 1989, Nainital, Uttaranchal",36y 300d,India,Top order Batter,Right hand Bat,Right arm Medium,2015 - 2021,2007/08,IPL 2007/08,MI,3,2,0,3,3,1.50,9,33.33,0,0,0,0,0,0,-,-,-,-,-,-,-,-,-,-,"July 17, 2015","December 04, 2020","July 14, 2015","July 23, 2021"
1057399,Manoj Shivaramsa Bhandage,"October 05, 1998, Raichur, Karnataka",27y 275d,India,Allrounder,Left hand Bat,Right arm Medium fast,-,2025,IPL 2025,RCB,1,1,0,1,1,1.00,4,25.00,0,0,0,0,0,0,-,-,-,-,-,-,-,-,-,-,,,,
27280,Manvinder Sultansingh Bisla,"December 27, 1984, Hisar, Haryana",41y 192d,India,Wicketkeeper,Right hand Bat,,-,2015,IPL 2015,RCB,2,2,0,37,20,18.50,30,123.33,0,0,6,1,1,0,-,-,-,-,-,-,-,-,-,-,,,,
27280,Manvinder Sultansingh Bisla,"December 27, 1984, Hisar, Haryana",41y 192d,India,Wicketkeeper,Right hand Bat,,-,2014,IPL 2014,KKR,1,1,0,3,3,3.00,9,33.33,0,0,0,0,1,0,-,-,-,-,-,-,-,-,-,-,,,,
27280,Manvinder Sultansingh Bisla,"December 27, 1984, Hisar, Haryana",41y 192d,India,Wicketkeeper,Right hand Bat,,-,2013,IPL 2013,KKR,14,14,1,255,92,19.61,236,108.05,0,2,36,6,7,3,-,-,-,-,-,-,-,-,-,-,,,,
27280,Manvinder Sultansingh Bisla,"December 27, 1984, Hisar, Haryana",41y 192d,India,Wicketkeeper,Right hand Bat,,-,2012,IPL 2012,KKR,7,7,0,213,89,30.42,160,133.12,0,1,16,10,6,2,-,-,-,-,-,-,-,-,-,-,,,,
27280,Manvinder Sultansingh Bisla,"December 27, 1984, Hisar, Haryana",41y 192d,India,Wicketkeeper,Right hand Bat,,-,2011,IPL 2011,KKR,5,5,0,72,27,14.40,89,80.89,0,0,8,0,1,2,-,-,-,-,-,-,-,-,-,-,,,,
27280,Manvinder Sultansingh Bisla,"December 27, 1984, Hisar, Haryana",41y 192d,India,Wicketkeeper,Right hand Bat,,-,2009/10,IPL 2009/10,PBKS,10,10,0,218,75,21.80,178,122.47,0,1,27,6,4,0,-,-,-,-,-,-,-,-,-,-,,,,
325012,Marcus Peter Stoinis,"August 16, 1989, Perth",36y 326d,Australia,Batting Allrounder,Right hand Bat,Right arm Medium,2015 - 2026,2026,IPL 2026,PBKS,13,9,3,216,62*,36.00,120,180.00,0,1,23,11,1,0,2,12.51,47,1/26,1/26,49.00,23.5,0,0,0,"August 31, 2015","February 20, 2026","September 11, 2015","November 10, 2024"
325012,Marcus Peter Stoinis,"August 16, 1989, Perth",36y 326d,Australia,Batting Allrounder,Right hand Bat,Right arm Medium,2015 - 2026,2025,IPL 2025,PBKS,13,11,5,160,44*,26.66,86,186.04,0,0,8,15,1,0,1,12.35,85,1/14,1/14,175.00,85.0,0,0,0,"August 31, 2015","February 20, 2026","September 11, 2015","November 10, 2024"
325012,Marcus Peter Stoinis,"August 16, 1989, Perth",36y 326d,Australia,Batting Allrounder,Right hand Bat,Right arm Medium,2015 - 2026,2024,IPL 2024,LSG,14,14,2,388,124*,32.33,263,147.52,1,2,39,16,4,0,4,9.00,84,1/3,1/3,31.50,21.0,0,0,0,"August 31, 2015","February 20, 2026","September 11, 2015","November 10, 2024"
325012,Marcus Peter Stoinis,"August 16, 1989, Perth",36y 326d,Australia,Batting Allrounder,Right hand Bat,Right arm Medium,2015 - 2026,2023,IPL 2023,LSG,15,15,2,408,89*,31.38,272,150.00,0,3,28,27,4,0,5,9.23,65,2/20,2/20,20.00,13.0,0,0,0,"August 31, 2015","February 20, 2026","September 11, 2015","November 10, 2024"
325012,Marcus Peter Stoinis,"August 16, 1989, Perth",36y 326d,Australia,Batting Allrounder,Right hand Bat,Right arm Medium,2015 - 2026,2022,IPL 2022,LSG,11,10,2,156,38*,19.50,106,147.16,0,0,7,13,4,0,4,11.28,42,3/23,3/23,19.75,10.5,0,0,0,"August 31, 2015","February 20, 2026","September 11, 2015","November 10, 2024"
325012,Marcus Peter Stoinis,"August 16, 1989, Perth",36y 326d,Australia,Batting Allrounder,Right hand Bat,Right arm Medium,2015 - 2026,2021,IPL 2021,DC,10,7,3,89,27*,22.25,72,123.61,0,0,11,1,2,0,2,10.47,67,1/7,1/7,58.50,33.5,0,0,0,"August 31, 2015","February 20, 2026","September 11, 2015","November 10, 2024"
325012,Marcus Peter Stoinis,"August 16, 1989, Perth",36y 326d,Australia,Batting Allrounder,Right hand Bat,Right arm Medium,2015 - 2026,2020/21,IPL 2020/21,DC,17,17,3,352,65,25.14,237,148.52,0,3,31,16,3,0,13,9.53,178,3/26,3/26,21.76,13.6,0,0,0,"August 31, 2015","February 20, 2026","September 11, 2015","November 10, 2024"
325012,Marcus Peter Stoinis,"August 16, 1989, Perth",36y 326d,Australia,Batting Allrounder,Right hand Bat,Right arm Medium,2015 - 2026,2019,IPL 2019,RCB,10,10,6,211,46*,52.75,156,135.25,0,0,14,10,2,0,2,8.70,100,1/13,1/13,72.50,50.0,0,0,0,"August 31, 2015","February 20, 2026","September 11, 2015","November 10, 2024"
325012,Marcus Peter Stoinis,"August 16, 1989, Perth",36y 326d,Australia,Batting Allrounder,Right hand Bat,Right arm Medium,2015 - 2026,2018,IPL 2018,PBKS,7,7,3,99,29*,24.75,76,130.26,0,0,6,4,2,0,3,10.90,66,1/15,1/15,40.00,22.0,0,0,0,"August 31, 2015","February 20, 2026","September 11, 2015","November 10, 2024"
325012,Marcus Peter Stoinis,"August 16, 1989, Perth",36y 326d,Australia,Batting Allrounder,Right hand Bat,Right arm Medium,2015 - 2026,2017,IPL 2017,PBKS,5,3,0,17,9,5.66,24,70.83,0,0,1,0,3,0,2,10.47,63,1/28,1/28,55.00,31.5,0,0,0,"August 31, 2015","February 20, 2026","September 11, 2015","November 10, 2024"
325012,Marcus Peter Stoinis,"August 16, 1989, Perth",36y 326d,Australia,Batting Allrounder,Right hand Bat,Right arm Medium,2015 - 2026,2016,IPL 2016,PBKS,7,5,1,146,52,36.50,108,135.18,0,1,13,4,0,0,8,8.43,138,4/15,4/15,24.25,17.2,1,0,0,"August 31, 2015","February 20, 2026","September 11, 2015","November 10, 2024"
44111,Mark Verdon Boucher,"December 03, 1976, East London, Cape Province",49y 216d,South Africa,Wicketkeeper Batter,Right hand Bat,Right arm Medium,1997 - 2012,2011,IPL 2011,KKR,4,3,2,6,5,6.00,6,100.00,0,0,0,0,1,0,-,-,-,-,-,-,-,-,-,-,"October 21, 2005","May 10, 2010","January 16, 1998","October 28, 2011"
44111,Mark Verdon Boucher,"December 03, 1976, East London, Cape Province",49y 216d,South Africa,Wicketkeeper Batter,Right hand Bat,Right arm Medium,1997 - 2012,2009/10,IPL 2009/10,RCB,5,2,1,13,11*,13.00,10,130.00,0,0,0,1,3,2,-,-,-,-,-,-,-,-,-,-,"October 21, 2005","May 10, 2010","January 16, 1998","October 28, 2011"
44111,Mark Verdon Boucher,"December 03, 1976, East London, Cape Province",49y 216d,South Africa,Wicketkeeper Batter,Right hand Bat,Right arm Medium,1997 - 2012,2009,IPL 2009,RCB,12,9,4,150,48*,30.00,116,129.31,0,0,8,6,7,0,-,-,-,-,-,-,-,-,-,-,"October 21, 2005","May 10, 2010","January 16, 1998","October 28, 2011"
44111,Mark Verdon Boucher,"December 03, 1976, East London, Cape Province",49y 216d,South Africa,Wicketkeeper Batter,Right hand Bat,Right arm Medium,1997 - 2012,2007/08,IPL 2007/08,RCB,10,10,3,225,50*,32.14,177,127.11,0,1,24,6,3,1,-,-,-,-,-,-,-,-,-,-,"October 21, 2005","May 10, 2010","January 16, 1998","October 28, 2011"
398438,Mayank Anurag Agarwal,"February 16, 1991, Bangalore, Karnataka",35y 141d,India,Batter,Right hand Bat,Right arm Offbreak,2018 - 2022,2025,IPL 2025,RCB,4,4,1,95,41*,31.66,64,148.43,0,0,10,2,0,0,-,-,-,-,-,-,-,-,-,-,,,"February 05, 2020","November 29, 2020"
398438,Mayank Anurag Agarwal,"February 16, 1991, Bangalore, Karnataka",35y 141d,India,Batter,Right hand Bat,Right arm Offbreak,2018 - 2022,2024,IPL 2024,SRH,4,4,0,64,32,16.00,57,112.28,0,0,8,1,2,0,-,-,-,-,-,-,-,-,-,-,,,"February 05, 2020","November 29, 2020"
398438,Mayank Anurag Agarwal,"February 16, 1991, Bangalore, Karnataka",35y 141d,India,Batter,Right hand Bat,Right arm Offbreak,2018 - 2022,2023,IPL 2023,SRH,10,10,0,270,83,27.00,210,128.57,0,1,29,6,6,0,-,-,-,-,-,-,-,-,-,-,,,"February 05, 2020","November 29, 2020"
398438,Mayank Anurag Agarwal,"February 16, 1991, Bangalore, Karnataka",35y 141d,India,Batter,Right hand Bat,Right arm Offbreak,2018 - 2022,2022,IPL 2022,PBKS,13,12,0,196,52,16.33,160,122.50,0,1,23,6,10,0,-,-,-,-,-,-,-,-,-,-,,,"February 05, 2020","November 29, 2020"
398438,Mayank Anurag Agarwal,"February 16, 1991, Bangalore, Karnataka",35y 141d,India,Batter,Right hand Bat,Right arm Offbreak,2018 - 2022,2021,IPL 2021,PBKS,12,12,1,441,99*,40.09,314,140.44,0,4,42,18,5,0,-,-,-,-,-,-,-,-,-,-,,,"February 05, 2020","November 29, 2020"
398438,Mayank Anurag Agarwal,"February 16, 1991, Bangalore, Karnataka",35y 141d,India,Batter,Right hand Bat,Right arm Offbreak,2018 - 2022,2020/21,IPL 2020/21,PBKS,11,11,0,424,106,38.54,271,156.45,1,2,44,15,6,0,-,-,-,-,-,-,-,-,-,-,,,"February 05, 2020","November 29, 2020"
398438,Mayank Anurag Agarwal,"February 16, 1991, Bangalore, Karnataka",35y 141d,India,Batter,Right hand Bat,Right arm Offbreak,2018 - 2022,2019,IPL 2019,PBKS,13,13,0,332,58,25.53,234,141.88,0,2,26,14,7,0,-,-,-,-,-,-,-,-,-,-,,,"February 05, 2020","November 29, 2020"
398438,Mayank Anurag Agarwal,"February 16, 1991, Bangalore, Karnataka",35y 141d,India,Batter,Right hand Bat,Right arm Offbreak,2018 - 2022,2018,IPL 2018,PBKS,11,11,1,120,30,12.00,94,127.65,0,0,9,5,2,0,-,-,-,-,-,-,-,-,-,-,,,"February 05, 2020","November 29, 2020"
398438,Mayank Anurag Agarwal,"February 16, 1991, Bangalore, Karnataka",35y 141d,India,Batter,Right hand Bat,Right arm Offbreak,2018 - 2022,2017,IPL 2017,RPS,3,3,0,26,20,8.66,27,96.29,0,0,3,0,1,0,-,-,-,-,-,-,-,-,-,-,,,"February 05, 2020","November 29, 2020"
398438,Mayank Anurag Agarwal,"February 16, 1991, Bangalore, Karnataka",35y 141d,India,Batter,Right hand Bat,Right arm Offbreak,2018 - 2022,2016,IPL 2016,DC,3,3,0,27,10,9.00,25,108.00,0,0,3,1,0,0,-,-,-,-,-,-,-,-,-,-,,,"February 05, 2020","November 29, 2020"
398438,Mayank Anurag Agarwal,"February 16, 1991, Bangalore, Karnataka",35y 141d,India,Batter,Right hand Bat,Right arm Offbreak,2018 - 2022,2015,IPL 2015,DC,10,10,1,213,68,23.66,177,120.33,0,2,23,7,3,0,-,-,-,-,-,-,-,-,-,-,,,"February 05, 2020","November 29, 2020"
398438,Mayank Anurag Agarwal,"February 16, 1991, Bangalore, Karnataka",35y 141d,India,Batter,Right hand Bat,Right arm Offbreak,2018 - 2022,2014,IPL 2014,DC,8,8,0,115,31,14.37,91,126.37,0,0,12,3,1,0,-,-,-,-,-,-,-,-,-,-,,,"February 05, 2020","November 29, 2020"
398438,Mayank Anurag Agarwal,"February 16, 1991, Bangalore, Karnataka",35y 141d,India,Batter,Right hand Bat,Right arm Offbreak,2018 - 2022,2013,IPL 2013,RCB,5,5,0,67,29,13.40,62,108.06,0,0,6,3,3,0,-,-,-,-,-,-,-,-,-,-,,,"February 05, 2020","November 29, 2020"
398438,Mayank Anurag Agarwal,"February 16, 1991, Bangalore, Karnataka",35y 141d,India,Batter,Right hand Bat,Right arm Offbreak,2018 - 2022,2012,IPL 2012,RCB,16,12,1,225,64*,20.45,158,142.40,0,1,19,15,9,0,-,-,-,-,-,-,-,-,-,-,,,"February 05, 2020","November 29, 2020"
398438,Mayank Anurag Agarwal,"February 16, 1991, Bangalore, Karnataka",35y 141d,India,Batter,Right hand Bat,Right arm Offbreak,2018 - 2022,2011,IPL 2011,RCB,8,7,0,141,41,20.14,120,117.50,0,0,16,4,3,0,-,-,-,-,-,-,-,-,-,-,,,"February 05, 2020","November 29, 2020"
942367,Mayank J Dagar,"November 11, 1996, Delhi",29y 238d,India,Bowler,Right hand Bat,Slow Left arm Orthodox,-,2024,IPL 2024,RCB,5,1,0,0,0,0.00,1,0.00,0,0,0,0,3,0,1,10.14,71,1/23,1/23,120.00,71.0,0,0,0,,,,
942367,Mayank J Dagar,"November 11, 1996, Delhi",29y 238d,India,Bowler,Right hand Bat,Slow Left arm Orthodox,-,2023,IPL 2023,SRH,3,-,-,-,-,-,-,-,-,-,-,-,0,0,1,7.54,66,1/37,1/37,83.00,66.0,0,0,0,,,,
326968,Michael Gordon Bracewell,"February 14, 1991, Masterton, Wairarapa",35y 143d,New Zealand,Batting Allrounder,Left hand Bat,Right arm Offbreak,2022 - 2026,2023,IPL 2023,RCB,5,4,2,58,26,29.00,47,123.40,0,0,6,1,1,0,6,8.63,66,2/13,2/13,15.83,11.0,0,0,0,"July 18, 2022","November 13, 2025","March 29, 2022","January 18, 2026"
41378,Misbah-ul-Haq Khan Niazi,"May 28, 1974, Mianwali, Punjab",52y 40d,Pakistan,Middle order Batter,Right hand Bat,Legbreak,2001 - 2017,2007/08,IPL 2007/08,RCB,8,8,1,117,47*,16.71,81,144.44,0,0,10,6,1,0,-,-,-,-,-,-,-,-,-,-,"September 02, 2007","February 27, 2012","April 27, 2002","March 20, 2015"
311592,Mitchell Aaron Starc,"January 30, 1990, Baulkham Hills, Sydney, New South Wales",36y 159d,Australia,Bowler,Left hand Bat,Left arm Fast,2010 - 2026,2026,IPL 2026,DC,6,2,1,0,0*,0.00,2,0.00,0,0,0,0,4,0,11,10.18,132,4/40,4/40,20.36,12.0,1,0,0,"September 07, 2012","June 24, 2024","October 20, 2010","October 25, 2025"
311592,Mitchell Aaron Starc,"January 30, 1990, Baulkham Hills, Sydney, New South Wales",36y 159d,Australia,Bowler,Left hand Bat,Left arm Fast,2010 - 2026,2025,IPL 2025,DC,11,6,4,6,2*,3.00,10,60.00,0,0,0,0,7,0,14,10.16,216,5/35,5/35,26.14,15.4,0,1,0,"September 07, 2012","June 24, 2024","October 20, 2010","October 25, 2025"
311592,Mitchell Aaron Starc,"January 30, 1990, Baulkham Hills, Sydney, New South Wales",36y 159d,Australia,Bowler,Left hand Bat,Left arm Fast,2010 - 2026,2024,IPL 2024,KKR,14,5,3,9,6*,4.50,11,81.81,0,0,1,0,6,0,17,10.61,251,4/33,4/33,26.11,14.7,1,0,0,"September 07, 2012","June 24, 2024","October 20, 2010","October 25, 2025"
311592,Mitchell Aaron Starc,"January 30, 1990, Baulkham Hills, Sydney, New South Wales",36y 159d,Australia,Bowler,Left hand Bat,Left arm Fast,2010 - 2026,2015,IPL 2015,RCB,13,3,2,11,9*,11.00,14,78.57,0,0,1,0,7,0,20,6.76,258,4/15,4/15,14.55,12.9,1,0,0,"September 07, 2012","June 24, 2024","October 20, 2010","October 25, 2025"
311592,Mitchell Aaron Starc,"January 30, 1990, Baulkham Hills, Sydney, New South Wales",36y 159d,Australia,Bowler,Left hand Bat,Left arm Fast,2010 - 2026,2014,IPL 2014,RCB,14,9,3,85,29,14.16,84,101.19,0,0,9,0,9,0,14,7.49,322,2/21,2/21,28.71,23.0,0,0,0,"September 07, 2012","June 24, 2024","October 20, 2010","October 25, 2025"
8917,Moeen Munir Ali,"June 18, 1987, Birmingham",39y 19d,England,Batting Allrounder,Left hand Bat,Right arm Offbreak,2014 - 2024,2025,IPL 2025,KKR,6,2,0,5,5,2.50,14,35.71,0,0,0,0,2,0,6,8.50,96,2/23,2/23,22.66,16.0,0,0,0,"March 11, 2014","June 27, 2024","February 28, 2014","November 11, 2023"
8917,Moeen Munir Ali,"June 18, 1987, Birmingham",39y 19d,England,Batting Allrounder,Left hand Bat,Right arm Offbreak,2014 - 2024,2024,IPL 2024,CSK,8,5,0,128,56,25.60,98,130.61,0,1,7,8,2,0,2,8.87,48,2/23,2/23,35.50,24.0,0,0,0,"March 11, 2014","June 27, 2024","February 28, 2014","November 11, 2023"
8917,Moeen Munir Ali,"June 18, 1987, Birmingham",39y 19d,England,Batting Allrounder,Left hand Bat,Right arm Offbreak,2014 - 2024,2023,IPL 2023,CSK,15,10,3,124,23,17.71,91,136.26,0,0,12,6,4,0,9,7.50,156,4/26,4/26,21.66,17.3,1,0,0,"March 11, 2014","June 27, 2024","February 28, 2014","November 11, 2023"
8917,Moeen Munir Ali,"June 18, 1987, Birmingham",39y 19d,England,Batting Allrounder,Left hand Bat,Right arm Offbreak,2014 - 2024,2022,IPL 2022,CSK,10,10,0,244,93,24.40,177,137.85,0,1,24,11,5,0,8,6.62,143,3/13,3/13,19.75,17.8,0,0,0,"March 11, 2014","June 27, 2024","February 28, 2014","November 11, 2023"
8917,Moeen Munir Ali,"June 18, 1987, Birmingham",39y 19d,England,Batting Allrounder,Left hand Bat,Right arm Offbreak,2014 - 2024,2021,IPL 2021,CSK,15,15,1,357,58,25.50,260,137.30,0,1,31,19,7,0,6,6.35,152,3/7,3/7,26.83,25.3,0,0,0,"March 11, 2014","June 27, 2024","February 28, 2014","November 11, 2023"
8917,Moeen Munir Ali,"June 18, 1987, Birmingham",39y 19d,England,Batting Allrounder,Left hand Bat,Right arm Offbreak,2014 - 2024,2020/21,IPL 2020/21,RCB,3,3,0,12,11,4.00,16,75.00,0,0,1,0,1,0,1,8.40,30,1/21,1/21,42.00,30.0,0,0,0,"March 11, 2014","June 27, 2024","February 28, 2014","November 11, 2023"
8917,Moeen Munir Ali,"June 18, 1987, Birmingham",39y 19d,England,Batting Allrounder,Left hand Bat,Right arm Offbreak,2014 - 2024,2019,IPL 2019,RCB,11,10,2,220,66,27.50,133,165.41,0,2,16,17,1,0,6,6.76,150,2/18,2/18,28.16,25.0,0,0,0,"March 11, 2014","June 27, 2024","February 28, 2014","November 11, 2023"
8917,Moeen Munir Ali,"June 18, 1987, Birmingham",39y 19d,England,Batting Allrounder,Left hand Bat,Right arm Offbreak,2014 - 2024,2018,IPL 2018,RCB,5,4,0,77,65,19.25,46,167.39,0,1,4,6,2,0,3,7.36,79,1/13,1/13,32.33,26.3,0,0,0,"March 11, 2014","June 27, 2024","February 28, 2014","November 11, 2023"
29990,Mohammad Kaif,"December 01, 1980, Allahabad, Uttar Pradesh",45y 218d,India,Batter,Right hand Bat,Right arm Offbreak,2000 - 2006,2012,IPL 2012,RCB,1,1,0,14,14,14.00,16,87.50,0,0,1,0,0,0,-,-,-,-,-,-,-,-,-,-,,,"January 28, 2002","November 29, 2006"
29990,Mohammad Kaif,"December 01, 1980, Allahabad, Uttar Pradesh",45y 218d,India,Batter,Right hand Bat,Right arm Offbreak,2000 - 2006,2011,IPL 2011,RCB,8,4,1,41,15,13.66,33,124.24,0,0,5,0,5,0,-,-,-,-,-,-,-,-,-,-,,,"January 28, 2002","November 29, 2006"
29990,Mohammad Kaif,"December 01, 1980, Allahabad, Uttar Pradesh",45y 218d,India,Batter,Right hand Bat,Right arm Offbreak,2000 - 2006,2009/10,IPL 2009/10,PBKS,4,3,0,28,14,9.33,30,93.33,0,0,2,0,2,0,-,-,-,-,-,-,-,-,-,-,,,"January 28, 2002","November 29, 2006"
29990,Mohammad Kaif,"December 01, 1980, Allahabad, Uttar Pradesh",45y 218d,India,Batter,Right hand Bat,Right arm Offbreak,2000 - 2006,2007/08,IPL 2007/08,RR,16,14,3,176,34*,16.00,171,102.92,0,0,14,6,8,0,-,-,-,-,-,-,-,-,-,-,,,"January 28, 2002","November 29, 2006"
940973,Mohammed Siraj,"March 13, 1994, Hyderabad",32y 116d,India,Bowler,Right hand Bat,Right arm Fast,2017 - 2026,2026,IPL 2026,GT,17,2,0,5,5,2.50,16,31.25,0,0,1,0,4,0,19,9.06,372,3/26,3/26,29.57,19.5,0,0,0,"November 04, 2017","February 07, 2026","January 15, 2019","January 18, 2026"
940973,Mohammed Siraj,"March 13, 1994, Hyderabad",32y 116d,India,Bowler,Right hand Bat,Right arm Fast,2017 - 2026,2025,IPL 2025,GT,15,1,1,3,3*,-,4,75.00,0,0,0,0,5,0,16,9.24,342,4/17,4/17,32.93,21.3,1,0,0,"November 04, 2017","February 07, 2026","January 15, 2019","January 18, 2026"
940973,Mohammed Siraj,"March 13, 1994, Hyderabad",32y 116d,India,Bowler,Right hand Bat,Right arm Fast,2017 - 2026,2024,IPL 2024,RCB,14,3,1,12,12,6.00,8,150.00,0,0,0,2,3,0,15,9.18,324,3/43,3/43,33.06,21.6,0,0,0,"November 04, 2017","February 07, 2026","January 15, 2019","January 18, 2026"
940973,Mohammed Siraj,"March 13, 1994, Hyderabad",32y 116d,India,Bowler,Right hand Bat,Right arm Fast,2017 - 2026,2023,IPL 2023,RCB,14,2,1,1,1*,1.00,2,50.00,0,0,0,0,4,0,19,7.50,300,4/21,4/21,19.73,15.7,1,0,0,"November 04, 2017","February 07, 2026","January 15, 2019","January 18, 2026"
940973,Mohammed Siraj,"March 13, 1994, Hyderabad",32y 116d,India,Bowler,Right hand Bat,Right arm Fast,2017 - 2026,2022,IPL 2022,RCB,15,5,3,30,14*,15.00,33,90.90,0,0,5,0,6,0,9,10.07,306,2/30,2/30,57.11,34.0,0,0,0,"November 04, 2017","February 07, 2026","January 15, 2019","January 18, 2026"
940973,Mohammed Siraj,"March 13, 1994, Hyderabad",32y 116d,India,Bowler,Right hand Bat,Right arm Fast,2017 - 2026,2021,IPL 2021,RCB,15,4,3,20,12*,20.00,26,76.92,0,0,1,1,4,0,11,6.78,312,3/27,3/27,32.09,28.3,0,0,0,"November 04, 2017","February 07, 2026","January 15, 2019","January 18, 2026"
940973,Mohammed Siraj,"March 13, 1994, Hyderabad",32y 116d,India,Bowler,Right hand Bat,Right arm Fast,2017 - 2026,2020/21,IPL 2020/21,RCB,9,3,2,17,10*,17.00,14,121.42,0,0,2,0,4,0,11,8.68,163,3/8,3/8,21.45,14.8,0,0,0,"November 04, 2017","February 07, 2026","January 15, 2019","January 18, 2026"
940973,Mohammed Siraj,"March 13, 1994, Hyderabad",32y 116d,India,Bowler,Right hand Bat,Right arm Fast,2017 - 2026,2019,IPL 2019,RCB,9,4,3,4,3*,4.00,14,28.57,0,0,0,0,2,0,7,9.55,169,2/38,2/38,38.42,24.1,0,0,0,"November 04, 2017","February 07, 2026","January 15, 2019","January 18, 2026"
940973,Mohammed Siraj,"March 13, 1994, Hyderabad",32y 116d,India,Bowler,Right hand Bat,Right arm Fast,2017 - 2026,2018,IPL 2018,RCB,11,4,2,25,14,12.50,22,113.63,0,0,2,1,5,0,11,8.95,246,3/25,3/25,33.36,22.3,0,0,0,"November 04, 2017","February 07, 2026","January 15, 2019","January 18, 2026"
940973,Mohammed Siraj,"March 13, 1994, Hyderabad",32y 116d,India,Bowler,Right hand Bat,Right arm Fast,2017 - 2026,2017,IPL 2017,SRH,6,-,-,-,-,-,-,-,-,-,-,-,1,0,10,9.21,138,4/32,4/32,21.20,13.8,1,0,0,"November 04, 2017","February 07, 2026","January 15, 2019","January 18, 2026"
5961,Moises Constantino Henriques,"February 01, 1987, Funchal, Portugal",39y 156d,Australia,Allrounder,Right hand Bat,Right arm Fast medium,2009 - 2021,2021,IPL 2021,PBKS,5,4,2,31,14,15.50,32,96.87,0,0,0,1,1,0,4,4.50,60,3/12,3/12,11.25,15.0,0,0,0,"February 15, 2009","August 09, 2021","October 31, 2009","July 26, 2021"
5961,Moises Constantino Henriques,"February 01, 1987, Funchal, Portugal",39y 156d,Australia,Allrounder,Right hand Bat,Right arm Fast medium,2009 - 2021,2017,IPL 2017,SRH,12,11,5,277,55*,46.16,203,136.45,0,3,28,4,5,0,1,10.33,144,1/6,1/6,248.00,144.0,0,0,0,"February 15, 2009","August 09, 2021","October 31, 2009","July 26, 2021"
5961,Moises Constantino Henriques,"February 01, 1987, Funchal, Portugal",39y 156d,Australia,Allrounder,Right hand Bat,Right arm Fast medium,2009 - 2021,2016,IPL 2016,SRH,17,15,3,182,31*,15.16,158,115.18,0,0,15,6,11,0,12,7.98,312,2/17,2/17,34.58,26.0,0,0,0,"February 15, 2009","August 09, 2021","October 31, 2009","July 26, 2021"
5961,Moises Constantino Henriques,"February 01, 1987, Funchal, Portugal",39y 156d,Australia,Allrounder,Right hand Bat,Right arm Fast medium,2009 - 2021,2015,IPL 2015,SRH,9,9,2,287,74*,41.00,211,136.01,0,2,19,13,1,0,11,6.32,150,3/16,3/16,14.36,13.6,0,0,0,"February 15, 2009","August 09, 2021","October 31, 2009","July 26, 2021"
5961,Moises Constantino Henriques,"February 01, 1987, Funchal, Portugal",39y 156d,Australia,Allrounder,Right hand Bat,Right arm Fast medium,2009 - 2021,2014,IPL 2014,SRH,4,2,0,9,9,4.50,14,64.28,0,0,1,0,1,0,4,9.60,60,2/26,2/26,24.00,15.0,0,0,0,"February 15, 2009","August 09, 2021","October 31, 2009","July 26, 2021"
5961,Moises Constantino Henriques,"February 01, 1987, Funchal, Portugal",39y 156d,Australia,Allrounder,Right hand Bat,Right arm Fast medium,2009 - 2021,2013,IPL 2013,RCB,10,9,5,165,44,41.25,125,132.00,0,0,20,3,5,0,7,8.74,127,2/14,2/14,26.42,18.1,0,0,0,"February 15, 2009","August 09, 2021","October 31, 2009","July 26, 2021"
5961,Moises Constantino Henriques,"February 01, 1987, Funchal, Portugal",39y 156d,Australia,Allrounder,Right hand Bat,Right arm Fast medium,2009 - 2021,2009/10,IPL 2009/10,DC,1,1,0,11,11,11.00,5,220.00,0,0,2,0,1,0,1,8.75,24,1/35,1/35,35.00,24.0,0,0,0,"February 15, 2009","August 09, 2021","October 31, 2009","July 26, 2021"
5961,Moises Constantino Henriques,"February 01, 1987, Funchal, Portugal",39y 156d,Australia,Allrounder,Right hand Bat,Right arm Fast medium,2009 - 2021,2009,IPL 2009,KKR,4,3,1,38,30*,19.00,40,95.00,0,0,2,1,3,0,2,8.79,73,1/32,1/32,53.50,36.5,0,0,0,"February 15, 2009","August 09, 2021","October 31, 2009","July 26, 2021"
30049,Murali Kartik,"September 11, 1976, Madras (now Chennai), Tamil Nadu",49y 299d,India,Bowler,Left hand Bat,Slow Left arm Orthodox,2000 - 2007,2014,IPL 2014,PBKS,2,-,-,-,-,-,-,-,-,-,-,-,1,0,1,11.37,48,1/51,1/51,91.00,48.0,0,0,0,"India vs South Africa  at Wankhede - February 24 - 26, 2000","India vs South Africa  at Kanpur - November 20 - 24, 2004","March 16, 2002","November 18, 2007"
30049,Murali Kartik,"September 11, 1976, Madras (now Chennai), Tamil Nadu",49y 299d,India,Bowler,Left hand Bat,Slow Left arm Orthodox,2000 - 2007,2013,IPL 2013,RCB,11,2,1,2,2*,2.00,3,66.66,0,0,0,0,4,0,9,7.28,234,2/24,2/24,31.55,26.0,0,0,0,"India vs South Africa  at Wankhede - February 24 - 26, 2000","India vs South Africa  at Kanpur - November 20 - 24, 2004","March 16, 2002","November 18, 2007"
30049,Murali Kartik,"September 11, 1976, Madras (now Chennai), Tamil Nadu",49y 299d,India,Bowler,Left hand Bat,Slow Left arm Orthodox,2000 - 2007,2012,IPL 2012,PWI,11,4,4,26,14*,-,21,123.80,0,0,1,1,4,0,4,7.38,216,2/14,2/14,66.50,54.0,0,0,0,"India vs South Africa  at Wankhede - February 24 - 26, 2000","India vs South Africa  at Kanpur - November 20 - 24, 2004","March 16, 2002","November 18, 2007"
30049,Murali Kartik,"September 11, 1976, Madras (now Chennai), Tamil Nadu",49y 299d,India,Bowler,Left hand Bat,Slow Left arm Orthodox,2000 - 2007,2011,IPL 2011,PWI,6,3,2,12,11,12.00,15,80.00,0,0,1,0,1,0,1,7.90,126,1/27,1/27,166.00,126.0,0,0,0,"India vs South Africa  at Wankhede - February 24 - 26, 2000","India vs South Africa  at Kanpur - November 20 - 24, 2004","March 16, 2002","November 18, 2007"
30049,Murali Kartik,"September 11, 1976, Madras (now Chennai), Tamil Nadu",49y 299d,India,Bowler,Left hand Bat,Slow Left arm Orthodox,2000 - 2007,2009/10,IPL 2009/10,KKR,10,2,0,22,21,11.00,22,100.00,0,0,2,0,5,0,9,6.48,234,2/20,2/20,28.11,26.0,0,0,0,"India vs South Africa  at Wankhede - February 24 - 26, 2000","India vs South Africa  at Kanpur - November 20 - 24, 2004","March 16, 2002","November 18, 2007"
30049,Murali Kartik,"September 11, 1976, Madras (now Chennai), Tamil Nadu",49y 299d,India,Bowler,Left hand Bat,Slow Left arm Orthodox,2000 - 2007,2009,IPL 2009,KKR,10,2,2,21,11*,-,20,105.00,0,0,0,0,1,0,4,5.91,204,2/28,2/28,50.25,51.0,0,0,0,"India vs South Africa  at Wankhede - February 24 - 26, 2000","India vs South Africa  at Kanpur - November 20 - 24, 2004","March 16, 2002","November 18, 2007"
30049,Murali Kartik,"September 11, 1976, Madras (now Chennai), Tamil Nadu",49y 299d,India,Bowler,Left hand Bat,Slow Left arm Orthodox,2000 - 2007,2007/08,IPL 2007/08,KKR,6,3,0,30,17,10.00,27,111.11,0,0,3,0,4,0,3,8.65,88,3/17,3/17,42.33,29.3,0,0,0,"India vs South Africa  at Wankhede - February 24 - 26, 2000","India vs South Africa  at Kanpur - November 20 - 24, 2004","March 16, 2002","November 18, 2007"
528067,Murugan Ashwin,"September 08, 1990, Chennai, Tamil Nadu",35y 302d,India,Bowler,Right hand Bat,Legbreak Googly,-,2023,IPL 2023,RR,2,-,-,-,-,-,-,-,-,-,-,-,0,0,0,13.25,24,-,-,-,-,0,0,0,,,,
528067,Murugan Ashwin,"September 08, 1990, Chennai, Tamil Nadu",35y 302d,India,Bowler,Right hand Bat,Legbreak Googly,-,2022,IPL 2022,MI,8,5,2,12,6,4.00,14,85.71,0,0,1,1,0,0,9,7.86,174,2/14,2/14,25.33,19.3,0,0,0,,,,
528067,Murugan Ashwin,"September 08, 1990, Chennai, Tamil Nadu",35y 302d,India,Bowler,Right hand Bat,Legbreak Googly,-,2021,IPL 2021,PBKS,3,2,0,15,9,7.50,24,62.50,0,0,1,0,0,0,1,8.81,66,1/32,1/32,97.00,66.0,0,0,0,,,,
528067,Murugan Ashwin,"September 08, 1990, Chennai, Tamil Nadu",35y 302d,India,Bowler,Right hand Bat,Legbreak Googly,-,2020/21,IPL 2020/21,PBKS,9,1,0,4,4,4.00,4,100.00,0,0,0,0,4,0,10,7.46,189,3/21,3/21,23.50,18.9,0,0,0,,,,
528067,Murugan Ashwin,"September 08, 1990, Chennai, Tamil Nadu",35y 302d,India,Bowler,Right hand Bat,Legbreak Googly,-,2019,IPL 2019,PBKS,10,3,2,3,1*,3.00,5,60.00,0,0,0,0,3,0,5,7.50,204,2/25,2/25,51.00,40.8,0,0,0,,,,
528067,Murugan Ashwin,"September 08, 1990, Chennai, Tamil Nadu",35y 302d,India,Bowler,Right hand Bat,Legbreak Googly,-,2018,IPL 2018,RCB,2,1,0,1,1,1.00,2,50.00,0,0,0,0,0,0,3,7.57,42,2/36,2/36,17.66,14.0,0,0,0,,,,
528067,Murugan Ashwin,"September 08, 1990, Chennai, Tamil Nadu",35y 302d,India,Bowler,Right hand Bat,Legbreak Googly,-,2016,IPL 2016,RPS,10,1,0,0,0,0.00,1,0.00,0,0,0,0,0,0,7,8.45,171,3/36,3/36,34.42,24.4,0,0,0,,,,
49636,Muthiah Muralidaran,"April 17, 1972, Kandy",54y 81d,Sri Lanka,Bowler,Right hand Bat,Right arm Offbreak,1992 - 2011,2014,IPL 2014,RCB,5,-,-,-,-,-,-,-,-,-,-,-,0,0,3,7.75,96,2/25,2/25,41.33,32.0,0,0,0,"December 22, 2006","October 31, 2010","August 12, 1993","April 02, 2011"
49636,Muthiah Muralidaran,"April 17, 1972, Kandy",54y 81d,Sri Lanka,Bowler,Right hand Bat,Right arm Offbreak,1992 - 2011,2013,IPL 2013,RCB,6,-,-,-,-,-,-,-,-,-,-,-,1,0,3,7.69,138,1/18,1/18,59.00,46.0,0,0,0,"December 22, 2006","October 31, 2010","August 12, 1993","April 02, 2011"
49636,Muthiah Muralidaran,"April 17, 1972, Kandy",54y 81d,Sri Lanka,Bowler,Right hand Bat,Right arm Offbreak,1992 - 2011,2012,IPL 2012,RCB,10,2,0,6,6,3.00,9,66.66,0,0,0,0,2,0,15,6.50,240,3/21,3/21,17.33,16.0,0,0,0,"December 22, 2006","October 31, 2010","August 12, 1993","April 02, 2011"
49636,Muthiah Muralidaran,"April 17, 1972, Kandy",54y 81d,Sri Lanka,Bowler,Right hand Bat,Right arm Offbreak,1992 - 2011,2011,IPL 2011,Kochi,5,1,1,5,5*,-,8,62.50,0,0,0,0,1,0,2,7.42,114,1/18,1/18,70.50,57.0,0,0,0,"December 22, 2006","October 31, 2010","August 12, 1993","April 02, 2011"
49636,Muthiah Muralidaran,"April 17, 1972, Kandy",54y 81d,Sri Lanka,Bowler,Right hand Bat,Right arm Offbreak,1992 - 2011,2009/10,IPL 2009/10,CSK,12,1,0,1,1,1.00,2,50.00,0,0,0,0,3,0,15,6.85,288,3/16,3/16,21.93,19.2,0,0,0,"December 22, 2006","October 31, 2010","August 12, 1993","April 02, 2011"
49636,Muthiah Muralidaran,"April 17, 1972, Kandy",54y 81d,Sri Lanka,Bowler,Right hand Bat,Right arm Offbreak,1992 - 2011,2009,IPL 2009,CSK,13,4,2,8,4,4.00,8,100.00,0,0,1,0,4,0,14,5.22,300,3/11,3/11,18.64,21.4,0,0,0,"December 22, 2006","October 31, 2010","August 12, 1993","April 02, 2011"
49636,Muthiah Muralidaran,"April 17, 1972, Kandy",54y 81d,Sri Lanka,Bowler,Right hand Bat,Right arm Offbreak,1992 - 2011,2007/08,IPL 2007/08,CSK,15,1,0,0,0,0.00,3,0.00,0,0,0,0,4,0,11,6.96,348,2/39,2/39,36.72,31.6,0,0,0,"December 22, 2006","October 31, 2010","August 12, 1993","April 02, 2011"
700167,Navdeep Amarjeet Saini,"November 23, 1992, Karnal, Haryana",33y 227d,India,Bowler,Right hand Bat,Right arm Fast,2019 - 2021,2026,IPL 2026,KKR,2,-,-,-,-,-,-,-,-,-,-,-,0,0,0,12.33,18,-,-,-,-,0,0,0,"August 03, 2019","July 28, 2021","December 22, 2019","July 23, 2021"
700167,Navdeep Amarjeet Saini,"November 23, 1992, Karnal, Haryana",33y 227d,India,Bowler,Right hand Bat,Right arm Fast,2019 - 2021,2023,IPL 2023,RR,2,-,-,-,-,-,-,-,-,-,-,-,0,0,3,12.33,36,3/40,3/40,24.66,12.0,0,0,0,"August 03, 2019","July 28, 2021","December 22, 2019","July 23, 2021"
700167,Navdeep Amarjeet Saini,"November 23, 1992, Karnal, Haryana",33y 227d,India,Bowler,Right hand Bat,Right arm Fast,2019 - 2021,2022,IPL 2022,RR,2,1,0,2,2,2.00,2,100.00,0,0,0,0,2,0,3,12.00,36,2/36,2/36,24.00,12.0,0,0,0,"August 03, 2019","July 28, 2021","December 22, 2019","July 23, 2021"
700167,Navdeep Amarjeet Saini,"November 23, 1992, Karnal, Haryana",33y 227d,India,Bowler,Right hand Bat,Right arm Fast,2019 - 2021,2021,IPL 2021,RCB,2,1,0,2,2,2.00,4,50.00,0,0,0,0,1,0,0,13.00,24,-,-,-,-,0,0,0,"August 03, 2019","July 28, 2021","December 22, 2019","July 23, 2021"
700167,Navdeep Amarjeet Saini,"November 23, 1992, Karnal, Haryana",33y 227d,India,Bowler,Right hand Bat,Right arm Fast,2019 - 2021,2020/21,IPL 2020/21,RCB,13,3,2,27,12*,27.00,27,100.00,0,0,3,0,2,0,6,8.29,274,2/25,2/25,63.16,45.6,0,0,0,"August 03, 2019","July 28, 2021","December 22, 2019","July 23, 2021"
700167,Navdeep Amarjeet Saini,"November 23, 1992, Karnal, Haryana",33y 227d,India,Bowler,Right hand Bat,Right arm Fast,2019 - 2021,2019,IPL 2019,RCB,13,2,1,2,2,2.00,4,50.00,0,0,0,0,3,0,11,8.27,288,2/24,2/24,36.09,26.1,0,0,0,"August 03, 2019","July 28, 2021","December 22, 2019","July 23, 2021"
12440,Nayan Dilip Doshi,"October 06, 1978, Nottingham",47y 274d,England,Bowler,Right hand Bat,Slow Left arm Orthodox,-,2011,IPL 2011,RR,3,1,0,0,0,0.00,13,0.00,0,0,0,0,0,0,1,11.62,32,1/15,1/15,62.00,32.0,0,0,0,,,,
12440,Nayan Dilip Doshi,"October 06, 1978, Nottingham",47y 274d,England,Bowler,Right hand Bat,Slow Left arm Orthodox,-,2009/10,IPL 2009/10,RCB,1,-,-,-,-,-,-,-,-,-,-,-,0,0,1,4.25,24,1/17,1/17,17.00,24.0,0,0,0,,,,
333780,Nicolas James Maddinson,"December 21, 1991, Nowra, New South Wales",34y 198d,Australia,Opening Batter,Left hand Bat,Slow Left arm Orthodox,2013 - 2018,2015,IPL 2015,RCB,1,1,0,4,4,4.00,7,57.14,0,0,1,0,0,0,-,-,-,-,-,-,-,-,-,-,"October 10, 2013","July 06, 2018",,
333780,Nicolas James Maddinson,"December 21, 1991, Nowra, New South Wales",34y 198d,Australia,Opening Batter,Left hand Bat,Slow Left arm Orthodox,2013 - 2018,2014,IPL 2014,RCB,2,2,0,16,12,8.00,14,114.28,0,0,3,0,1,0,-,-,-,-,-,-,-,-,-,-,"October 10, 2013","July 06, 2018",,
955235,Ilandari Dewage Nuwan Thushara,"August 06, 1994, Thalawa",31y 336d,Sri Lanka,Bowler,Right hand Bat,Right arm Medium fast,2022 - 2026,2025,IPL 2025,RCB,1,-,-,-,-,-,-,-,-,-,-,-,0,0,1,6.50,24,1/26,1/26,26.00,24.0,0,0,0,"February 13, 2022","January 07, 2026",,
955235,Ilandari Dewage Nuwan Thushara,"August 06, 1994, Thalawa",31y 336d,Sri Lanka,Bowler,Right hand Bat,Right arm Medium fast,2022 - 2026,2024,IPL 2024,MI,7,-,-,-,-,-,-,-,-,-,-,-,1,0,8,9.88,156,3/28,3/28,32.12,19.5,0,0,0,"February 13, 2022","January 07, 2026",,
32973,Pankaj Singh,"May 06, 1985, Sultanpur, Uttar Pradesh",41y 62d,India,Bowler,Right hand Bat,Right arm Medium fast,2010 - 2014,2012,IPL 2012,RR,6,-,-,-,-,-,-,-,-,-,-,-,0,0,7,8.09,126,2/18,2/18,24.28,18.0,0,0,0,,,"England vs India  at Southampton - July 27 - 31, 2014","England vs India  at Manchester - August 07 - 09, 2014"
32973,Pankaj Singh,"May 06, 1985, Sultanpur, Uttar Pradesh",41y 62d,India,Bowler,Right hand Bat,Right arm Medium fast,2010 - 2014,2011,IPL 2011,RR,1,-,-,-,-,-,-,-,-,-,-,-,0,0,0,11.50,12,-,-,-,-,0,0,0,,,"England vs India  at Southampton - July 27 - 31, 2014","England vs India  at Manchester - August 07 - 09, 2014"
32973,Pankaj Singh,"May 06, 1985, Sultanpur, Uttar Pradesh",41y 62d,India,Bowler,Right hand Bat,Right arm Medium fast,2010 - 2014,2009/10,IPL 2009/10,RCB,2,1,0,1,1,1.00,2,50.00,0,0,0,0,0,0,2,10.12,48,2/27,2/27,40.50,24.0,0,0,0,,,"England vs India  at Southampton - July 27 - 31, 2014","England vs India  at Manchester - August 07 - 09, 2014"
32973,Pankaj Singh,"May 06, 1985, Sultanpur, Uttar Pradesh",41y 62d,India,Bowler,Right hand Bat,Right arm Medium fast,2010 - 2014,2009,IPL 2009,RCB,3,2,1,1,1*,1.00,2,50.00,0,0,0,0,1,0,2,9.28,42,2/31,2/31,32.50,21.0,0,0,0,,,"England vs India  at Southampton - July 27 - 31, 2014","England vs India  at Manchester - August 07 - 09, 2014"
32973,Pankaj Singh,"May 06, 1985, Sultanpur, Uttar Pradesh",41y 62d,India,Bowler,Right hand Bat,Right arm Medium fast,2010 - 2014,2007/08,IPL 2007/08,RR,5,2,2,5,4*,-,8,62.50,0,0,0,0,1,0,0,10.75,72,-,-,-,-,0,0,0,,,"England vs India  at Southampton - July 27 - 31, 2014","England vs India  at Manchester - August 07 - 09, 2014"
32242,Parthiv Ajay Patel,"March 09, 1985, Ahmedabad, Gujarat",41y 120d,India,Wicketkeeper Batter,Left hand Bat,Right arm Offbreak,2002 - 2018,2019,IPL 2019,RCB,14,14,0,373,67,26.64,268,139.17,0,2,48,10,6,2,-,-,-,-,-,-,-,-,-,-,"June 04, 2011","August 31, 2011","January 04, 2003","February 21, 2012"
32242,Parthiv Ajay Patel,"March 09, 1985, Ahmedabad, Gujarat",41y 120d,India,Wicketkeeper Batter,Left hand Bat,Right arm Offbreak,2002 - 2018,2018,IPL 2018,RCB,6,6,1,153,53,30.60,109,140.36,0,1,20,4,3,0,-,-,-,-,-,-,-,-,-,-,"June 04, 2011","August 31, 2011","January 04, 2003","February 21, 2012"
32242,Parthiv Ajay Patel,"March 09, 1985, Ahmedabad, Gujarat",41y 120d,India,Wicketkeeper Batter,Left hand Bat,Right arm Offbreak,2002 - 2018,2017,IPL 2017,MI,16,16,0,395,70,24.68,293,134.81,0,2,49,8,6,2,-,-,-,-,-,-,-,-,-,-,"June 04, 2011","August 31, 2011","January 04, 2003","February 21, 2012"
32242,Parthiv Ajay Patel,"March 09, 1985, Ahmedabad, Gujarat",41y 120d,India,Wicketkeeper Batter,Left hand Bat,Right arm Offbreak,2002 - 2018,2016,IPL 2016,MI,10,10,0,177,81,17.70,152,116.44,0,1,23,4,9,1,-,-,-,-,-,-,-,-,-,-,"June 04, 2011","August 31, 2011","January 04, 2003","February 21, 2012"
32242,Parthiv Ajay Patel,"March 09, 1985, Ahmedabad, Gujarat",41y 120d,India,Wicketkeeper Batter,Left hand Bat,Right arm Offbreak,2002 - 2018,2015,IPL 2015,MI,14,14,1,339,59,26.07,246,137.80,0,2,47,5,7,3,-,-,-,-,-,-,-,-,-,-,"June 04, 2011","August 31, 2011","January 04, 2003","February 21, 2012"
32242,Parthiv Ajay Patel,"March 09, 1985, Ahmedabad, Gujarat",41y 120d,India,Wicketkeeper Batter,Left hand Bat,Right arm Offbreak,2002 - 2018,2014,IPL 2014,RCB,12,12,2,205,57*,20.50,185,110.81,0,1,30,1,11,1,-,-,-,-,-,-,-,-,-,-,"June 04, 2011","August 31, 2011","January 04, 2003","February 21, 2012"
32242,Parthiv Ajay Patel,"March 09, 1985, Ahmedabad, Gujarat",41y 120d,India,Wicketkeeper Batter,Left hand Bat,Right arm Offbreak,2002 - 2018,2013,IPL 2013,SRH,13,13,0,294,61,22.61,255,115.29,0,1,37,4,5,3,-,-,-,-,-,-,-,-,-,-,"June 04, 2011","August 31, 2011","January 04, 2003","February 21, 2012"
32242,Parthiv Ajay Patel,"March 09, 1985, Ahmedabad, Gujarat",41y 120d,India,Wicketkeeper Batter,Left hand Bat,Right arm Offbreak,2002 - 2018,2012,IPL 2012,DCH,14,13,2,194,45,17.63,165,117.57,0,0,19,4,5,1,-,-,-,-,-,-,-,-,-,-,"June 04, 2011","August 31, 2011","January 04, 2003","February 21, 2012"
32242,Parthiv Ajay Patel,"March 09, 1985, Ahmedabad, Gujarat",41y 120d,India,Wicketkeeper Batter,Left hand Bat,Right arm Offbreak,2002 - 2018,2011,IPL 2011,Kochi,14,13,3,202,37*,20.20,183,110.38,0,0,25,2,8,1,-,-,-,-,-,-,-,-,-,-,"June 04, 2011","August 31, 2011","January 04, 2003","February 21, 2012"
32242,Parthiv Ajay Patel,"March 09, 1985, Ahmedabad, Gujarat",41y 120d,India,Wicketkeeper Batter,Left hand Bat,Right arm Offbreak,2002 - 2018,2009/10,IPL 2009/10,CSK,4,4,0,72,57,18.00,79,91.13,0,1,6,2,0,2,-,-,-,-,-,-,-,-,-,-,"June 04, 2011","August 31, 2011","January 04, 2003","February 21, 2012"
32242,Parthiv Ajay Patel,"March 09, 1985, Ahmedabad, Gujarat",41y 120d,India,Wicketkeeper Batter,Left hand Bat,Right arm Offbreak,2002 - 2018,2009,IPL 2009,CSK,9,9,0,142,36,15.77,126,112.69,0,0,19,2,3,0,-,-,-,-,-,-,-,-,-,-,"June 04, 2011","August 31, 2011","January 04, 2003","February 21, 2012"
32242,Parthiv Ajay Patel,"March 09, 1985, Ahmedabad, Gujarat",41y 120d,India,Wicketkeeper Batter,Left hand Bat,Right arm Offbreak,2002 - 2018,2007/08,IPL 2007/08,CSK,13,13,2,302,54,27.45,297,101.68,0,2,42,3,6,0,-,-,-,-,-,-,-,-,-,-,"June 04, 2011","August 31, 2011","January 04, 2003","February 21, 2012"
378496,Parvez Ghulam Rasool Zargar,"February 13, 1989, Bijbehara, Jammu and Kashmir",37y 144d,India,Bowling Allrounder,Right hand Bat,Right arm Offbreak,2014 - 2017,2016,IPL 2016,RCB,4,1,0,10,10,10.00,9,111.11,0,0,1,0,2,0,1,9.21,84,1/31,1/31,129.00,84.0,0,0,0,"June 15, 2014","January 26, 2017","June 15, 2014","January 26, 2017"
378496,Parvez Ghulam Rasool Zargar,"February 13, 1989, Bijbehara, Jammu and Kashmir",37y 144d,India,Bowling Allrounder,Right hand Bat,Right arm Offbreak,2014 - 2017,2015,IPL 2015,SRH,2,1,1,2,2*,-,2,100.00,0,0,0,0,0,0,1,6.20,30,1/20,1/20,31.00,30.0,0,0,0,"June 15, 2014","January 26, 2017","June 15, 2014","January 26, 2017"
378496,Parvez Ghulam Rasool Zargar,"February 13, 1989, Bijbehara, Jammu and Kashmir",37y 144d,India,Bowling Allrounder,Right hand Bat,Right arm Offbreak,2014 - 2017,2014,IPL 2014,SRH,3,1,1,0,0*,-,0,-,0,0,0,0,1,0,1,9.22,54,1/26,1/26,83.00,54.0,0,0,0,"June 15, 2014","January 26, 2017","June 15, 2014","January 26, 2017"
378496,Parvez Ghulam Rasool Zargar,"February 13, 1989, Bijbehara, Jammu and Kashmir",37y 144d,India,Bowling Allrounder,Right hand Bat,Right arm Offbreak,2014 - 2017,2013,IPL 2013,PWI,2,2,1,5,4*,5.00,9,55.55,0,0,0,0,0,0,1,5.60,30,1/23,1/23,28.00,30.0,0,0,0,"June 15, 2014","January 26, 2017","June 15, 2014","January 26, 2017"
530773,Pawan Negi,"January 06, 1993, Delhi",33y 182d,India,Bowler,Left hand Bat,Slow Left arm Orthodox,2016 - 2016,2019,IPL 2019,RCB,7,4,0,9,5,2.25,12,75.00,0,0,1,0,3,0,3,9.13,67,2/21,2/21,34.00,22.3,0,0,0,"March 03, 2016","Delhi vs Haryana  at Delhi - November 03 - 06, 2011",,
530773,Pawan Negi,"January 06, 1993, Delhi",33y 182d,India,Bowler,Left hand Bat,Slow Left arm Orthodox,2016 - 2016,2018,IPL 2018,RCB,2,2,0,3,3,1.50,5,60.00,0,0,0,0,0,0,1,12.25,24,1/36,1/36,49.00,24.0,0,0,0,"March 03, 2016","Delhi vs Haryana  at Delhi - November 03 - 06, 2011",,
530773,Pawan Negi,"January 06, 1993, Delhi",33y 182d,India,Bowler,Left hand Bat,Slow Left arm Orthodox,2016 - 2016,2017,IPL 2017,RCB,12,10,2,144,35,18.00,111,129.72,0,0,10,7,3,0,16,6.12,193,3/10,3/10,12.31,12.0,0,0,0,"March 03, 2016","Delhi vs Haryana  at Delhi - November 03 - 06, 2011",,
530773,Pawan Negi,"January 06, 1993, Delhi",33y 182d,India,Bowler,Left hand Bat,Slow Left arm Orthodox,2016 - 2016,2016,IPL 2016,DC,8,6,4,57,19*,28.50,59,96.61,0,0,2,3,2,0,1,9.33,54,1/19,1/19,84.00,54.0,0,0,0,"March 03, 2016","Delhi vs Haryana  at Delhi - November 03 - 06, 2011",,
530773,Pawan Negi,"January 06, 1993, Delhi",33y 182d,India,Bowler,Left hand Bat,Slow Left arm Orthodox,2016 - 2016,2015,IPL 2015,CSK,10,9,1,116,36,14.50,73,158.90,0,0,10,5,4,0,6,8.40,180,2/25,2/25,42.00,30.0,0,0,0,"March 03, 2016","Delhi vs Haryana  at Delhi - November 03 - 06, 2011",,
530773,Pawan Negi,"January 06, 1993, Delhi",33y 182d,India,Bowler,Left hand Bat,Slow Left arm Orthodox,2016 - 2016,2014,IPL 2014,CSK,2,-,-,-,-,-,-,-,-,-,-,-,1,0,0,10.71,42,-,-,-,-,0,0,0,"March 03, 2016","Delhi vs Haryana  at Delhi - November 03 - 06, 2011",,
530773,Pawan Negi,"January 06, 1993, Delhi",33y 182d,India,Bowler,Left hand Bat,Slow Left arm Orthodox,2016 - 2016,2013,IPL 2013,DC,1,-,-,-,-,-,-,-,-,-,-,-,0,0,0,7.00,24,-,-,-,-,0,0,0,"March 03, 2016","Delhi vs Haryana  at Delhi - November 03 - 06, 2011",,
530773,Pawan Negi,"January 06, 1993, Delhi",33y 182d,India,Bowler,Left hand Bat,Slow Left arm Orthodox,2016 - 2016,2012,IPL 2012,DC,8,4,2,36,14,18.00,29,124.13,0,0,4,1,2,0,7,6.90,132,4/18,4/18,21.71,18.8,1,0,0,"March 03, 2016","Delhi vs Haryana  at Delhi - November 03 - 06, 2011",,
669365,Philip Dean Salt,"August 28, 1996, Bodelwyddan, North Wales",29y 314d,England,Wicketkeeper Batter,Right hand Bat,Right arm Offbreak,2021 - 2026,2026,IPL 2026,RCB,6,6,0,202,78,33.66,120,168.33,0,2,16,11,6,0,-,-,-,-,-,-,-,-,-,-,"January 26, 2022","July 07, 2026","July 08, 2021","March 01, 2025"
669365,Philip Dean Salt,"August 28, 1996, Bodelwyddan, North Wales",29y 314d,England,Wicketkeeper Batter,Right hand Bat,Right arm Offbreak,2021 - 2026,2025,IPL 2025,RCB,13,13,1,403,65,33.58,229,175.98,0,4,48,22,9,0,-,-,-,-,-,-,-,-,-,-,"January 26, 2022","July 07, 2026","July 08, 2021","March 01, 2025"
669365,Philip Dean Salt,"August 28, 1996, Bodelwyddan, North Wales",29y 314d,England,Wicketkeeper Batter,Right hand Bat,Right arm Offbreak,2021 - 2026,2024,IPL 2024,KKR,12,12,1,435,89*,39.54,239,182.00,0,4,50,24,12,0,-,-,-,-,-,-,-,-,-,-,"January 26, 2022","July 07, 2026","July 08, 2021","March 01, 2025"
669365,Philip Dean Salt,"August 28, 1996, Bodelwyddan, North Wales",29y 314d,England,Wicketkeeper Batter,Right hand Bat,Right arm Offbreak,2021 - 2026,2023,IPL 2023,DC,9,9,1,218,87,27.25,133,163.90,0,2,24,10,5,0,-,-,-,-,-,-,-,-,-,-,"January 26, 2022","July 07, 2026","July 08, 2021","March 01, 2025"
279562,Prasanth Parameswaran,"May 30, 1985, Thanner Mukham",41y 38d,India,,Right hand Bat,Left arm Medium,-,2012,IPL 2012,RCB,3,1,1,0,0*,-,1,0.00,0,0,0,0,1,0,5,8.70,60,3/30,3/30,17.40,12.0,0,0,0,,,,
279562,Prasanth Parameswaran,"May 30, 1985, Thanner Mukham",41y 38d,India,,Right hand Bat,Left arm Medium,-,2011,IPL 2011,Kochi,5,1,1,1,1*,-,1,100.00,0,0,0,0,0,0,4,8.74,94,2/20,2/20,34.25,23.5,0,0,0,,,,
30732,Praveenkumar Sakat Singh,"October 02, 1986, Meerut, Uttar Pradesh",39y 278d,India,Bowler,Right hand Bat,Right arm Medium,2007 - 2012,2017,IPL 2017,GL,6,2,1,8,7*,8.00,9,88.88,0,0,0,0,0,0,6,9.15,99,2/22,2/22,25.16,16.5,0,0,0,"February 01, 2008","March 30, 2012","November 18, 2007","March 18, 2012"
30732,Praveenkumar Sakat Singh,"October 02, 1986, Meerut, Uttar Pradesh",39y 278d,India,Bowler,Right hand Bat,Right arm Medium,2007 - 2012,2016,IPL 2016,GL,16,7,3,24,15,6.00,26,92.30,0,0,3,0,2,0,9,7.78,309,2/19,2/19,44.55,34.3,0,0,0,"February 01, 2008","March 30, 2012","November 18, 2007","March 18, 2012"
30732,Praveenkumar Sakat Singh,"October 02, 1986, Meerut, Uttar Pradesh",39y 278d,India,Bowler,Right hand Bat,Right arm Medium,2007 - 2012,2015,IPL 2015,SRH,12,4,1,17,12,5.66,25,68.00,0,0,1,0,3,0,7,9.13,216,2/35,2/35,47.00,30.8,0,0,0,"February 01, 2008","March 30, 2012","November 18, 2007","March 18, 2012"
30732,Praveenkumar Sakat Singh,"October 02, 1986, Meerut, Uttar Pradesh",39y 278d,India,Bowler,Right hand Bat,Right arm Medium,2007 - 2012,2014,IPL 2014,MI,3,1,0,1,1,1.00,2,50.00,0,0,0,0,0,0,3,6.50,72,2/31,2/31,26.00,24.0,0,0,0,"February 01, 2008","March 30, 2012","November 18, 2007","March 18, 2012"
30732,Praveenkumar Sakat Singh,"October 02, 1986, Meerut, Uttar Pradesh",39y 278d,India,Bowler,Right hand Bat,Right arm Medium,2007 - 2012,2013,IPL 2013,PBKS,15,7,1,47,24,7.83,39,120.51,0,0,3,3,1,0,12,6.62,338,2/10,2/10,31.08,28.1,0,0,0,"February 01, 2008","March 30, 2012","November 18, 2007","March 18, 2012"
30732,Praveenkumar Sakat Singh,"October 02, 1986, Meerut, Uttar Pradesh",39y 278d,India,Bowler,Right hand Bat,Right arm Medium,2007 - 2012,2012,IPL 2012,PBKS,16,7,4,35,10,11.66,30,116.66,0,0,2,1,1,0,9,6.88,378,2/15,2/15,48.22,42.0,0,0,0,"February 01, 2008","March 30, 2012","November 18, 2007","March 18, 2012"
30732,Praveenkumar Sakat Singh,"October 02, 1986, Meerut, Uttar Pradesh",39y 278d,India,Bowler,Right hand Bat,Right arm Medium,2007 - 2012,2011,IPL 2011,PBKS,13,7,4,27,15*,9.00,31,87.09,0,0,2,1,2,0,10,7.50,276,2/19,2/19,34.50,27.6,0,0,0,"February 01, 2008","March 30, 2012","November 18, 2007","March 18, 2012"
30732,Praveenkumar Sakat Singh,"October 02, 1986, Meerut, Uttar Pradesh",39y 278d,India,Bowler,Right hand Bat,Right arm Medium,2007 - 2012,2009/10,IPL 2009/10,RCB,12,4,2,4,3*,2.00,8,50.00,0,0,0,0,1,0,10,8.44,270,3/18,3/18,38.00,27.0,0,0,0,"February 01, 2008","March 30, 2012","November 18, 2007","March 18, 2012"
30732,Praveenkumar Sakat Singh,"October 02, 1986, Meerut, Uttar Pradesh",39y 278d,India,Bowler,Right hand Bat,Right arm Medium,2007 - 2012,2009,IPL 2009,RCB,13,8,3,65,14*,13.00,46,141.30,0,0,1,6,1,0,13,7.93,298,3/30,3/30,30.30,22.9,0,0,0,"February 01, 2008","March 30, 2012","November 18, 2007","March 18, 2012"
30732,Praveenkumar Sakat Singh,"October 02, 1986, Meerut, Uttar Pradesh",39y 278d,India,Bowler,Right hand Bat,Right arm Medium,2007 - 2012,2007/08,IPL 2007/08,RCB,13,12,2,112,34,11.20,98,114.28,0,0,10,6,3,0,11,8.19,268,3/23,3/23,33.27,24.3,0,0,0,"February 01, 2008","March 30, 2012","November 18, 2007","March 18, 2012"
1159712,Prayas Ray Barman,"October 25, 2002",23y 256d,India,Bowler,Right hand Bat,Legbreak Googly,-,2019,IPL 2019,RCB,1,1,0,19,19,19.00,24,79.16,0,0,2,0,0,0,0,14.00,24,-,-,-,-,0,0,0,,,,
379143,Quinton de Kock,"December 17, 1992, Johannesburg, Gauteng",33y 202d,South Africa,Wicketkeeper Batter,Left hand Bat,,2012 - 2026,2026,IPL 2026,MI,3,3,1,132,112*,66.00,81,162.96,1,0,9,9,2,1,-,-,-,-,-,-,-,-,-,-,"December 21, 2012","March 04, 2026","January 19, 2013","December 06, 2025"
379143,Quinton de Kock,"December 17, 1992, Johannesburg, Gauteng",33y 202d,South Africa,Wicketkeeper Batter,Left hand Bat,,2012 - 2026,2025,IPL 2025,KKR,8,8,1,152,97*,21.71,117,129.91,0,1,9,11,3,0,-,-,-,-,-,-,-,-,-,-,"December 21, 2012","March 04, 2026","January 19, 2013","December 06, 2025"
379143,Quinton de Kock,"December 17, 1992, Johannesburg, Gauteng",33y 202d,South Africa,Wicketkeeper Batter,Left hand Bat,,2012 - 2026,2024,IPL 2024,LSG,11,11,0,250,81,22.72,186,134.40,0,3,29,9,3,0,-,-,-,-,-,-,-,-,-,-,"December 21, 2012","March 04, 2026","January 19, 2013","December 06, 2025"
379143,Quinton de Kock,"December 17, 1992, Johannesburg, Gauteng",33y 202d,South Africa,Wicketkeeper Batter,Left hand Bat,,2012 - 2026,2023,IPL 2023,LSG,4,4,0,143,70,35.75,102,140.19,0,1,10,8,2,1,-,-,-,-,-,-,-,-,-,-,"December 21, 2012","March 04, 2026","January 19, 2013","December 06, 2025"
379143,Quinton de Kock,"December 17, 1992, Johannesburg, Gauteng",33y 202d,South Africa,Wicketkeeper Batter,Left hand Bat,,2012 - 2026,2022,IPL 2022,LSG,15,15,1,508,140*,36.28,341,148.97,1,3,47,23,12,1,-,-,-,-,-,-,-,-,-,-,"December 21, 2012","March 04, 2026","January 19, 2013","December 06, 2025"
379143,Quinton de Kock,"December 17, 1992, Johannesburg, Gauteng",33y 202d,South Africa,Wicketkeeper Batter,Left hand Bat,,2012 - 2026,2021,IPL 2021,MI,11,11,1,297,70*,29.70,256,116.01,0,2,29,7,4,2,-,-,-,-,-,-,-,-,-,-,"December 21, 2012","March 04, 2026","January 19, 2013","December 06, 2025"
379143,Quinton de Kock,"December 17, 1992, Johannesburg, Gauteng",33y 202d,South Africa,Wicketkeeper Batter,Left hand Bat,,2012 - 2026,2020/21,IPL 2020/21,MI,16,16,2,503,78*,35.92,358,140.50,0,4,46,22,18,4,-,-,-,-,-,-,-,-,-,-,"December 21, 2012","March 04, 2026","January 19, 2013","December 06, 2025"
379143,Quinton de Kock,"December 17, 1992, Johannesburg, Gauteng",33y 202d,South Africa,Wicketkeeper Batter,Left hand Bat,,2012 - 2026,2019,IPL 2019,MI,16,16,1,529,81,35.26,398,132.91,0,4,45,25,17,2,-,-,-,-,-,-,-,-,-,-,"December 21, 2012","March 04, 2026","January 19, 2013","December 06, 2025"
379143,Quinton de Kock,"December 17, 1992, Johannesburg, Gauteng",33y 202d,South Africa,Wicketkeeper Batter,Left hand Bat,,2012 - 2026,2018,IPL 2018,RCB,8,8,0,201,53,25.12,162,124.07,0,1,20,8,7,3,-,-,-,-,-,-,-,-,-,-,"December 21, 2012","March 04, 2026","January 19, 2013","December 06, 2025"
379143,Quinton de Kock,"December 17, 1992, Johannesburg, Gauteng",33y 202d,South Africa,Wicketkeeper Batter,Left hand Bat,,2012 - 2026,2016,IPL 2016,DC,13,13,1,445,108,37.08,327,136.08,1,3,52,13,2,2,-,-,-,-,-,-,-,-,-,-,"December 21, 2012","March 04, 2026","January 19, 2013","December 06, 2025"
379143,Quinton de Kock,"December 17, 1992, Johannesburg, Gauteng",33y 202d,South Africa,Wicketkeeper Batter,Left hand Bat,,2012 - 2026,2015,IPL 2015,DC,3,3,0,122,69,40.66,77,158.44,0,2,18,4,0,0,-,-,-,-,-,-,-,-,-,-,"December 21, 2012","March 04, 2026","January 19, 2013","December 06, 2025"
379143,Quinton de Kock,"December 17, 1992, Johannesburg, Gauteng",33y 202d,South Africa,Wicketkeeper Batter,Left hand Bat,,2012 - 2026,2014,IPL 2014,DC,7,7,0,153,48,21.85,130,117.69,0,0,19,4,2,0,-,-,-,-,-,-,-,-,-,-,"December 21, 2012","March 04, 2026","January 19, 2013","December 06, 2025"
379143,Quinton de Kock,"December 17, 1992, Johannesburg, Gauteng",33y 202d,South Africa,Wicketkeeper Batter,Left hand Bat,,2012 - 2026,2013,IPL 2013,SRH,3,3,0,6,4,2.00,15,40.00,0,0,1,0,3,1,-,-,-,-,-,-,-,-,-,-,"December 21, 2012","March 04, 2026","January 19, 2013","December 06, 2025"
28114,Rahul Sharad Dravid,"January 11, 1973, Indore, Madhya Pradesh",53y 177d,India,Top order Batter,Right hand Bat,Right arm Offbreak,1996 - 2012,2013,IPL 2013,RR,18,17,1,471,65,29.43,425,110.82,0,4,64,5,3,0,-,-,-,-,-,-,-,-,-,-,"England vs India  at Lord's - June 20 - 24, 1996","Australia vs India  at Adelaide - January 24 - 28, 2012","April 03, 1996","September 16, 2011"
28114,Rahul Sharad Dravid,"January 11, 1973, Indore, Madhya Pradesh",53y 177d,India,Top order Batter,Right hand Bat,Right arm Offbreak,1996 - 2012,2012,IPL 2012,RR,16,16,0,462,58,28.87,412,112.13,0,2,63,4,5,0,-,-,-,-,-,-,-,-,-,-,"England vs India  at Lord's - June 20 - 24, 1996","Australia vs India  at Adelaide - January 24 - 28, 2012","April 03, 1996","September 16, 2011"
28114,Rahul Sharad Dravid,"January 11, 1973, Indore, Madhya Pradesh",53y 177d,India,Top order Batter,Right hand Bat,Right arm Offbreak,1996 - 2012,2011,IPL 2011,RR,12,12,1,343,66,31.18,314,109.23,0,1,44,2,2,0,-,-,-,-,-,-,-,-,-,-,"England vs India  at Lord's - June 20 - 24, 1996","Australia vs India  at Adelaide - January 24 - 28, 2012","April 03, 1996","September 16, 2011"
28114,Rahul Sharad Dravid,"January 11, 1973, Indore, Madhya Pradesh",53y 177d,India,Top order Batter,Right hand Bat,Right arm Offbreak,1996 - 2012,2009/10,IPL 2009/10,RCB,16,11,2,256,52,28.44,199,128.64,0,1,34,3,4,0,-,-,-,-,-,-,-,-,-,-,"England vs India  at Lord's - June 20 - 24, 1996","Australia vs India  at Adelaide - January 24 - 28, 2012","April 03, 1996","September 16, 2011"
28114,Rahul Sharad Dravid,"January 11, 1973, Indore, Madhya Pradesh",53y 177d,India,Top order Batter,Right hand Bat,Right arm Offbreak,1996 - 2012,2009,IPL 2009,RCB,13,12,0,271,66,22.58,234,115.81,0,1,28,3,2,0,-,-,-,-,-,-,-,-,-,-,"England vs India  at Lord's - June 20 - 24, 1996","Australia vs India  at Adelaide - January 24 - 28, 2012","April 03, 1996","September 16, 2011"
28114,Rahul Sharad Dravid,"January 11, 1973, Indore, Madhya Pradesh",53y 177d,India,Top order Batter,Right hand Bat,Right arm Offbreak,1996 - 2012,2007/08,IPL 2007/08,RCB,14,14,1,371,75*,28.53,298,124.49,0,2,35,11,2,0,-,-,-,-,-,-,-,-,-,-,"England vs India  at Lord's - June 20 - 24, 1996","Australia vs India  at Adelaide - January 24 - 28, 2012","April 03, 1996","September 16, 2011"
823703,Rajat Manohar Patidar,"June 01, 1993, Indore, Madhya Pradesh",33y 36d,India,Top order Batter,Right hand Bat,Right arm Offbreak,2023 - 2024,2026,IPL 2026,RCB,15,14,2,501,93*,41.75,260,192.69,0,5,30,42,10,0,-,-,-,-,-,-,-,-,-,-,,,"India vs England  at Visakhapatnam - February 02 - 05, 2024","India vs England  at Ranchi - February 23 - 26, 2024"
823703,Rajat Manohar Patidar,"June 01, 1993, Indore, Madhya Pradesh",33y 36d,India,Top order Batter,Right hand Bat,Right arm Offbreak,2023 - 2024,2025,IPL 2025,RCB,15,14,1,312,64,24.00,217,143.77,0,2,25,14,2,0,-,-,-,-,-,-,-,-,-,-,,,"India vs England  at Visakhapatnam - February 02 - 05, 2024","India vs England  at Ranchi - February 23 - 26, 2024"
823703,Rajat Manohar Patidar,"June 01, 1993, Indore, Madhya Pradesh",33y 36d,India,Top order Batter,Right hand Bat,Right arm Offbreak,2023 - 2024,2024,IPL 2024,RCB,15,13,0,395,55,30.38,223,177.13,0,5,21,33,3,0,-,-,-,-,-,-,-,-,-,-,,,"India vs England  at Visakhapatnam - February 02 - 05, 2024","India vs England  at Ranchi - February 23 - 26, 2024"
823703,Rajat Manohar Patidar,"June 01, 1993, Indore, Madhya Pradesh",33y 36d,India,Top order Batter,Right hand Bat,Right arm Offbreak,2023 - 2024,2022,IPL 2022,RCB,8,7,1,333,112*,55.50,218,152.75,1,2,27,18,4,0,-,-,-,-,-,-,-,-,-,-,,,"India vs England  at Visakhapatnam - February 02 - 05, 2024","India vs England  at Ranchi - February 23 - 26, 2024"
823703,Rajat Manohar Patidar,"June 01, 1993, Indore, Madhya Pradesh",33y 36d,India,Top order Batter,Right hand Bat,Right arm Offbreak,2023 - 2024,2021,IPL 2021,RCB,4,4,0,71,31,17.75,62,114.51,0,0,3,3,1,0,-,-,-,-,-,-,-,-,-,-,,,"India vs England  at Visakhapatnam - February 02 - 05, 2024","India vs England  at Ranchi - February 23 - 26, 2024"
236766,Rajesh Bishnoi,"October 08, 1987, Bikaner",38y 272d,India,Middle order Batter,Right hand Bat,Right arm Medium fast,-,2009,IPL 2009,RCB,3,3,0,19,18,6.33,17,111.76,0,0,1,2,1,0,-,-,-,-,-,-,-,-,-,-,,,,
27150,Raju Ravi Bhatkal,"September 01, 1985, Belgaum, Karnataka",40y 309d,India,Allrounder,Right hand Bat,Right arm Medium,-,2012,IPL 2012,RCB,1,1,0,0,0,0.00,2,0.00,0,0,0,0,1,0,0,17.50,12,-,-,-,-,0,0,0,,,,
1161489,Rasikh Salam Dar,"April 05, 2000",26y 94d,India,Bowler,Right hand Bat,Right arm Fast medium,-,2026,IPL 2026,RCB,12,2,2,3,3*,-,2,150.00,0,0,0,0,3,0,19,9.45,257,4/24,4/24,21.31,13.5,1,0,0,,,,
1161489,Rasikh Salam Dar,"April 05, 2000",26y 94d,India,Bowler,Right hand Bat,Right arm Fast medium,-,2025,IPL 2025,RCB,2,-,-,-,-,-,-,-,-,-,-,-,1,0,1,11.66,36,1/35,1/35,70.00,36.0,0,0,0,,,,
1161489,Rasikh Salam Dar,"April 05, 2000",26y 94d,India,Bowler,Right hand Bat,Right arm Fast medium,-,2024,IPL 2024,DC,8,4,0,28,10,7.00,30,93.33,0,0,4,0,1,0,9,10.97,147,3/34,3/34,29.88,16.3,0,0,0,,,,
1161489,Rasikh Salam Dar,"April 05, 2000",26y 94d,India,Bowler,Right hand Bat,Right arm Fast medium,-,2022,IPL 2022,KKR,2,1,0,7,7,7.00,6,116.66,0,0,1,0,0,0,0,7.00,24,-,-,-,-,0,0,0,,,,
1161489,Rasikh Salam Dar,"April 05, 2000",26y 94d,India,Bowler,Right hand Bat,Right arm Fast medium,-,2019,IPL 2019,MI,1,1,1,5,5*,-,4,125.00,0,0,0,0,1,0,0,10.50,24,-,-,-,-,0,0,0,,,,
52912,Ravindranath Rampaul,"October 15, 1984, Preysal, Trinidad",41y 266d,West Indies,Bowler,Left hand Bat,Right arm Fast medium,2003 - 2021,2014,IPL 2014,RCB,2,1,0,13,13,13.00,13,100.00,0,0,0,1,0,0,1,6.16,36,1/21,1/21,37.00,36.0,0,0,0,"June 28, 2007","November 04, 2021","November 22, 2003","November 07, 2015"
52912,Ravindranath Rampaul,"October 15, 1984, Preysal, Trinidad",41y 266d,West Indies,Bowler,Left hand Bat,Right arm Fast medium,2003 - 2021,2013,IPL 2013,RCB,10,6,2,38,23*,9.50,37,102.70,0,0,3,1,4,0,13,6.92,226,3/31,3/31,20.07,17.3,0,0,0,"June 28, 2007","November 04, 2021","November 22, 2003","November 07, 2015"
461632,Reece James William Topley,"February 21, 1994, Ipswich, Suffolk",32y 137d,England,Bowler,Right hand Bat,Left arm Fast medium,2015 - 2024,2025,IPL 2025,MI,1,-,-,-,-,-,-,-,-,-,-,-,1,0,0,13.33,18,-,-,-,-,0,0,0,"August 31, 2015","November 09, 2024","September 13, 2015","November 06, 2024"
461632,Reece James William Topley,"February 21, 1994, Ipswich, Suffolk",32y 137d,England,Bowler,Right hand Bat,Left arm Fast medium,2015 - 2024,2024,IPL 2024,RCB,4,1,1,3,3*,-,6,50.00,0,0,0,0,1,0,4,11.20,90,2/27,2/27,42.00,22.5,0,0,0,"August 31, 2015","November 09, 2024","September 13, 2015","November 06, 2024"
461632,Reece James William Topley,"February 21, 1994, Ipswich, Suffolk",32y 137d,England,Bowler,Right hand Bat,Left arm Fast medium,2015 - 2024,2023,IPL 2023,RCB,1,-,-,-,-,-,-,-,-,-,-,-,0,0,1,7.00,12,1/14,1/14,14.00,12.0,0,0,0,"August 31, 2015","November 09, 2024","September 13, 2015","November 06, 2024"
318845,Rilee Roscoe Rossouw,"October 09, 1989, Bloemfontein, Orange Free State",36y 272d,South Africa,Top order Batter,Left hand Bat,Right arm Offbreak,2014 - 2023,2024,IPL 2024,PBKS,8,8,0,211,61,26.37,116,181.89,0,1,25,11,4,0,-,-,-,-,-,-,-,-,-,-,"November 05, 2014","March 28, 2023","August 21, 2014","October 12, 2016"
318845,Rilee Roscoe Rossouw,"October 09, 1989, Bloemfontein, Orange Free State",36y 272d,South Africa,Top order Batter,Left hand Bat,Right arm Offbreak,2014 - 2023,2023,IPL 2023,DC,9,9,2,209,82*,29.85,141,148.22,0,1,17,11,3,0,-,-,-,-,-,-,-,-,-,-,"November 05, 2014","March 28, 2023","August 21, 2014","October 12, 2016"
318845,Rilee Roscoe Rossouw,"October 09, 1989, Bloemfontein, Orange Free State",36y 272d,South Africa,Top order Batter,Left hand Bat,Right arm Offbreak,2014 - 2023,2015,IPL 2015,RCB,2,2,0,14,14,7.00,10,140.00,0,0,1,1,2,0,-,-,-,-,-,-,-,-,-,-,"November 05, 2014","March 28, 2023","August 21, 2014","October 12, 2016"
318845,Rilee Roscoe Rossouw,"October 09, 1989, Bloemfontein, Orange Free State",36y 272d,South Africa,Top order Batter,Left hand Bat,Right arm Offbreak,2014 - 2023,2014,IPL 2014,RCB,3,3,0,39,24,13.00,41,95.12,0,0,2,2,0,0,-,-,-,-,-,-,-,-,-,-,"November 05, 2014","March 28, 2023","August 21, 2014","October 12, 2016"
35582,Robin Venu Uthappa,"November 11, 1985, Coorg, Karnataka",40y 239d,India,Batter,Right hand Bat,Right arm Medium,2006 - 2015,2022,IPL 2022,CSK,12,11,0,230,88,20.90,171,134.50,0,2,19,14,5,0,-,-,-,-,-,-,-,-,-,-,"September 13, 2007","July 19, 2015","April 15, 2006","July 14, 2015"
35582,Robin Venu Uthappa,"November 11, 1985, Coorg, Karnataka",40y 239d,India,Batter,Right hand Bat,Right arm Medium,2006 - 2015,2021,IPL 2021,CSK,4,4,0,115,63,28.75,84,136.90,0,1,8,5,0,0,-,-,-,-,-,-,-,-,-,-,"September 13, 2007","July 19, 2015","April 15, 2006","July 14, 2015"
35582,Robin Venu Uthappa,"November 11, 1985, Coorg, Karnataka",40y 239d,India,Batter,Right hand Bat,Right arm Medium,2006 - 2015,2020/21,IPL 2020/21,RR,12,12,0,196,41,16.33,164,119.51,0,0,19,7,3,0,-,-,-,-,-,-,-,-,-,-,"September 13, 2007","July 19, 2015","April 15, 2006","July 14, 2015"
35582,Robin Venu Uthappa,"November 11, 1985, Coorg, Karnataka",40y 239d,India,Batter,Right hand Bat,Right arm Medium,2006 - 2015,2019,IPL 2019,KKR,12,11,2,282,67*,31.33,245,115.10,0,1,28,10,4,0,-,-,-,-,-,-,-,-,-,-,"September 13, 2007","July 19, 2015","April 15, 2006","July 14, 2015"
35582,Robin Venu Uthappa,"November 11, 1985, Coorg, Karnataka",40y 239d,India,Batter,Right hand Bat,Right arm Medium,2006 - 2015,2018,IPL 2018,KKR,16,16,0,351,54,21.93,265,132.45,0,1,30,21,5,0,-,-,-,-,-,-,-,-,-,-,"September 13, 2007","July 19, 2015","April 15, 2006","July 14, 2015"
35582,Robin Venu Uthappa,"November 11, 1985, Coorg, Karnataka",40y 239d,India,Batter,Right hand Bat,Right arm Medium,2006 - 2015,2017,IPL 2017,KKR,14,13,0,388,87,29.84,235,165.10,0,5,36,21,9,6,-,-,-,-,-,-,-,-,-,-,"September 13, 2007","July 19, 2015","April 15, 2006","July 14, 2015"
35582,Robin Venu Uthappa,"November 11, 1985, Coorg, Karnataka",40y 239d,India,Batter,Right hand Bat,Right arm Medium,2006 - 2015,2016,IPL 2016,KKR,15,15,0,394,72,26.26,289,136.33,0,3,45,8,10,4,-,-,-,-,-,-,-,-,-,-,"September 13, 2007","July 19, 2015","April 15, 2006","July 14, 2015"
35582,Robin Venu Uthappa,"November 11, 1985, Coorg, Karnataka",40y 239d,India,Batter,Right hand Bat,Right arm Medium,2006 - 2015,2015,IPL 2015,KKR,13,13,1,364,80*,30.33,277,131.40,0,1,42,7,7,5,-,-,-,-,-,-,-,-,-,-,"September 13, 2007","July 19, 2015","April 15, 2006","July 14, 2015"
35582,Robin Venu Uthappa,"November 11, 1985, Coorg, Karnataka",40y 239d,India,Batter,Right hand Bat,Right arm Medium,2006 - 2015,2014,IPL 2014,KKR,16,16,1,660,83*,44.00,479,137.78,0,5,74,18,1,7,-,-,-,-,-,-,-,-,-,-,"September 13, 2007","July 19, 2015","April 15, 2006","July 14, 2015"
35582,Robin Venu Uthappa,"November 11, 1985, Coorg, Karnataka",40y 239d,India,Batter,Right hand Bat,Right arm Medium,2006 - 2015,2013,IPL 2013,PWI,16,16,0,434,75,27.12,371,116.98,0,2,42,12,7,0,-,-,-,-,-,-,-,-,-,-,"September 13, 2007","July 19, 2015","April 15, 2006","July 14, 2015"
35582,Robin Venu Uthappa,"November 11, 1985, Coorg, Karnataka",40y 239d,India,Batter,Right hand Bat,Right arm Medium,2006 - 2015,2012,IPL 2012,PWI,16,16,1,405,69,27.00,343,118.07,0,2,38,10,6,3,-,-,-,-,-,-,-,-,-,-,"September 13, 2007","July 19, 2015","April 15, 2006","July 14, 2015"
35582,Robin Venu Uthappa,"November 11, 1985, Coorg, Karnataka",40y 239d,India,Batter,Right hand Bat,Right arm Medium,2006 - 2015,2011,IPL 2011,PWI,14,13,3,264,45,26.40,209,126.31,0,0,27,10,12,3,-,-,-,-,-,-,-,-,-,-,"September 13, 2007","July 19, 2015","April 15, 2006","July 14, 2015"
35582,Robin Venu Uthappa,"November 11, 1985, Coorg, Karnataka",40y 239d,India,Batter,Right hand Bat,Right arm Medium,2006 - 2015,2009/10,IPL 2009/10,RCB,16,14,2,374,68*,31.16,218,171.55,0,3,21,27,7,3,-,-,-,-,-,-,-,-,-,-,"September 13, 2007","July 19, 2015","April 15, 2006","July 14, 2015"
35582,Robin Venu Uthappa,"November 11, 1985, Coorg, Karnataka",40y 239d,India,Batter,Right hand Bat,Right arm Medium,2006 - 2015,2009,IPL 2009,RCB,15,13,2,175,66*,15.90,170,102.94,0,1,18,3,7,1,-,-,-,-,-,-,-,-,-,-,"September 13, 2007","July 19, 2015","April 15, 2006","July 14, 2015"
35582,Robin Venu Uthappa,"November 11, 1985, Coorg, Karnataka",40y 239d,India,Batter,Right hand Bat,Right arm Medium,2006 - 2015,2007/08,IPL 2007/08,MI,14,14,5,320,48,35.55,279,114.69,0,0,34,9,9,0,-,-,-,-,-,-,-,-,-,-,"September 13, 2007","July 19, 2015","April 15, 2006","July 14, 2015"
47850,Roelof Erasmus van der Merwe,"December 31, 1984, Johannesburg, Transvaal (now Gauteng)",41y 189d,Netherlands,Bowling Allrounder,Right hand Bat,Slow Left arm Orthodox,2009 - 2026,2013,IPL 2013,DC,3,2,0,22,14,11.00,25,88.00,0,0,2,0,0,0,3,6.45,66,1/17,1/17,23.66,22.0,0,0,0,"March 29, 2009","February 18, 2026","April 05, 2009","June 16, 2026"
47850,Roelof Erasmus van der Merwe,"December 31, 1984, Johannesburg, Transvaal (now Gauteng)",41y 189d,Netherlands,Bowling Allrounder,Right hand Bat,Slow Left arm Orthodox,2009 - 2026,2012,IPL 2012,DC,3,-,-,-,-,-,-,-,-,-,-,-,1,0,2,6.00,60,2/28,2/28,30.00,30.0,0,0,0,"March 29, 2009","February 18, 2026","April 05, 2009","June 16, 2026"
47850,Roelof Erasmus van der Merwe,"December 31, 1984, Johannesburg, Transvaal (now Gauteng)",41y 189d,Netherlands,Bowling Allrounder,Right hand Bat,Slow Left arm Orthodox,2009 - 2026,2011,IPL 2011,DC,4,4,4,14,8*,-,16,87.50,0,0,1,0,2,0,5,6.20,89,3/20,3/20,18.40,17.8,0,0,0,"March 29, 2009","February 18, 2026","April 05, 2009","June 16, 2026"
47850,Roelof Erasmus van der Merwe,"December 31, 1984, Johannesburg, Transvaal (now Gauteng)",41y 189d,Netherlands,Bowling Allrounder,Right hand Bat,Slow Left arm Orthodox,2009 - 2026,2009/10,IPL 2009/10,RCB,1,1,0,1,1,1.00,2,50.00,0,0,0,0,1,0,2,6.75,24,2/27,2/27,13.50,12.0,0,0,0,"March 29, 2009","February 18, 2026","April 05, 2009","June 16, 2026"
47850,Roelof Erasmus van der Merwe,"December 31, 1984, Johannesburg, Transvaal (now Gauteng)",41y 189d,Netherlands,Bowling Allrounder,Right hand Bat,Slow Left arm Orthodox,2009 - 2026,2009,IPL 2009,RCB,10,8,0,122,35,15.25,98,124.48,0,0,8,8,4,0,9,7.29,204,2/22,2/22,27.55,22.6,0,0,0,"March 29, 2009","February 18, 2026","April 05, 2009","June 16, 2026"
677077,Romario Shepherd,"November 26, 1994, Guyana",31y 224d,West Indies,Bowling Allrounder,Right hand Bat,Right arm Fast medium,2019 - 2026,2026,IPL 2026,RCB,15,7,3,83,23*,20.75,66,125.75,0,0,6,5,3,0,7,11.92,150,3/54,3/54,42.57,21.4,0,0,0,"January 18, 2020","June 13, 2026","November 06, 2019","November 19, 2025"
677077,Romario Shepherd,"November 26, 1994, Guyana",31y 224d,West Indies,Bowling Allrounder,Right hand Bat,Right arm Fast medium,2019 - 2026,2025,IPL 2025,RCB,8,3,1,70,53*,35.00,24,291.66,0,1,5,7,4,0,6,10.78,84,2/14,2/14,25.16,14.0,0,0,0,"January 18, 2020","June 13, 2026","November 06, 2019","November 19, 2025"
677077,Romario Shepherd,"November 26, 1994, Guyana",31y 224d,West Indies,Bowling Allrounder,Right hand Bat,Right arm Fast medium,2019 - 2026,2024,IPL 2024,MI,6,5,3,57,39*,28.50,21,271.42,0,0,5,5,0,0,1,13.25,72,1/54,1/54,159.00,72.0,0,0,0,"January 18, 2020","June 13, 2026","November 06, 2019","November 19, 2025"
677077,Romario Shepherd,"November 26, 1994, Guyana",31y 224d,West Indies,Bowling Allrounder,Right hand Bat,Right arm Fast medium,2019 - 2026,2023,IPL 2023,LSG,1,1,0,0,0,0.00,1,0.00,0,0,0,0,0,0,-,-,-,-,-,-,-,-,-,-,"January 18, 2020","June 13, 2026","November 06, 2019","November 19, 2025"
677077,Romario Shepherd,"November 26, 1994, Guyana",31y 224d,West Indies,Bowling Allrounder,Right hand Bat,Right arm Fast medium,2019 - 2026,2022,IPL 2022,SRH,3,3,1,58,26*,29.00,41,141.46,0,0,2,5,0,0,3,10.88,54,2/42,2/42,32.66,18.0,0,0,0,"January 18, 2020","June 13, 2026","November 06, 2019","November 19, 2025"
38699,Luteru Ross Poutoa Lote Taylor,"March 08, 1984, Lower Hutt, Wellington",42y 122d,Samoa,Middle order Batter,Right hand Bat,Right arm Offbreak,2006 - 2025,2014,IPL 2014,DC,4,4,1,59,43*,19.66,59,100.00,0,0,6,0,2,0,-,-,-,-,-,-,-,-,-,-,"December 22, 2006","October 15, 2025","March 01, 2006","April 04, 2022"
38699,Luteru Ross Poutoa Lote Taylor,"March 08, 1984, Lower Hutt, Wellington",42y 122d,Samoa,Middle order Batter,Right hand Bat,Right arm Offbreak,2006 - 2025,2013,IPL 2013,PWI,5,5,0,63,19,12.60,76,82.89,0,0,2,1,2,0,-,-,-,-,-,-,-,-,-,-,"December 22, 2006","October 15, 2025","March 01, 2006","April 04, 2022"
38699,Luteru Ross Poutoa Lote Taylor,"March 08, 1984, Lower Hutt, Wellington",42y 122d,Samoa,Middle order Batter,Right hand Bat,Right arm Offbreak,2006 - 2025,2012,IPL 2012,DC,12,12,2,197,55,19.70,171,115.20,0,1,12,7,3,0,-,-,-,-,-,-,-,-,-,-,"December 22, 2006","October 15, 2025","March 01, 2006","April 04, 2022"
38699,Luteru Ross Poutoa Lote Taylor,"March 08, 1984, Lower Hutt, Wellington",42y 122d,Samoa,Middle order Batter,Right hand Bat,Right arm Offbreak,2006 - 2025,2011,IPL 2011,RR,12,11,6,181,47*,36.20,152,119.07,0,0,11,7,4,0,0,11.00,6,-,-,-,-,0,0,0,"December 22, 2006","October 15, 2025","March 01, 2006","April 04, 2022"
38699,Luteru Ross Poutoa Lote Taylor,"March 08, 1984, Lower Hutt, Wellington",42y 122d,Samoa,Middle order Batter,Right hand Bat,Right arm Offbreak,2006 - 2025,2009/10,IPL 2009/10,RCB,7,7,3,88,31*,22.00,75,117.33,0,0,2,6,4,0,-,-,-,-,-,-,-,-,-,-,"December 22, 2006","October 15, 2025","March 01, 2006","April 04, 2022"
38699,Luteru Ross Poutoa Lote Taylor,"March 08, 1984, Lower Hutt, Wellington",42y 122d,Samoa,Middle order Batter,Right hand Bat,Right arm Offbreak,2006 - 2025,2009,IPL 2009,RCB,11,11,2,280,81*,31.11,208,134.61,0,1,20,15,3,0,0,13.00,6,-,-,-,-,0,0,0,"December 22, 2006","October 15, 2025","March 01, 2006","April 04, 2022"
38699,Luteru Ross Poutoa Lote Taylor,"March 08, 1984, Lower Hutt, Wellington",42y 122d,Samoa,Middle order Batter,Right hand Bat,Right arm Offbreak,2006 - 2025,2007/08,IPL 2007/08,RCB,4,4,0,149,53,37.25,81,183.95,0,1,13,10,0,0,-,-,-,-,-,-,-,-,-,-,"December 22, 2006","October 15, 2025","March 01, 2006","April 04, 2022"
35280,Rudra Pratap Singh,"December 06, 1985, Rae Bareli, Uttar Pradesh",40y 214d,India,Bowler,Right hand Bat,Left arm Fast medium,2005 - 2011,2016,IPL 2016,RPS,4,-,-,-,-,-,-,-,-,-,-,-,0,0,3,9.25,72,1/23,1/23,37.00,24.0,0,0,0,"September 13, 2007","June 16, 2009","September 04, 2005","September 16, 2011"
35280,Rudra Pratap Singh,"December 06, 1985, Rae Bareli, Uttar Pradesh",40y 214d,India,Bowler,Right hand Bat,Left arm Fast medium,2005 - 2011,2013,IPL 2013,RCB,11,-,-,-,-,-,-,-,-,-,-,-,4,0,13,8.41,239,3/13,3/13,25.76,18.3,0,0,0,"September 13, 2007","June 16, 2009","September 04, 2005","September 16, 2011"
35280,Rudra Pratap Singh,"December 06, 1985, Rae Bareli, Uttar Pradesh",40y 214d,India,Bowler,Right hand Bat,Left arm Fast medium,2005 - 2011,2012,IPL 2012,MI,11,5,3,6,3,3.00,12,50.00,0,0,0,0,3,0,10,7.75,246,3/28,3/28,31.80,24.6,0,0,0,"September 13, 2007","June 16, 2009","September 04, 2005","September 16, 2011"
35280,Rudra Pratap Singh,"December 06, 1985, Rae Bareli, Uttar Pradesh",40y 214d,India,Bowler,Right hand Bat,Left arm Fast medium,2005 - 2011,2011,IPL 2011,Kochi,14,5,2,2,1*,0.66,4,50.00,0,0,0,0,6,0,13,6.90,300,4/25,4/25,26.53,23.0,1,0,0,"September 13, 2007","June 16, 2009","September 04, 2005","September 16, 2011"
35280,Rudra Pratap Singh,"December 06, 1985, Rae Bareli, Uttar Pradesh",40y 214d,India,Bowler,Right hand Bat,Left arm Fast medium,2005 - 2011,2009/10,IPL 2009/10,DCH,12,5,3,9,4*,4.50,19,47.36,0,0,0,0,4,0,13,8.80,252,3/17,3/17,28.46,19.3,0,0,0,"September 13, 2007","June 16, 2009","September 04, 2005","September 16, 2011"
35280,Rudra Pratap Singh,"December 06, 1985, Rae Bareli, Uttar Pradesh",40y 214d,India,Bowler,Right hand Bat,Left arm Fast medium,2005 - 2011,2009,IPL 2009,DCH,16,6,2,8,4,2.00,17,47.05,0,0,0,0,7,0,23,6.98,358,4/22,4/22,18.13,15.5,1,0,0,"September 13, 2007","June 16, 2009","September 04, 2005","September 16, 2011"
35280,Rudra Pratap Singh,"December 06, 1985, Rae Bareli, Uttar Pradesh",40y 214d,India,Bowler,Right hand Bat,Left arm Fast medium,2005 - 2011,2007/08,IPL 2007/08,DCH,14,9,5,27,10,6.75,24,112.50,0,0,2,1,5,0,15,8.61,308,3/35,3/35,29.46,20.5,0,0,0,"September 13, 2007","June 16, 2009","September 04, 2005","September 16, 2011"
353669,Ryan Ninan,"November 19, 1985, Thiruvananthapuram",40y 230d,India,Allrounder,Right hand Bat,Right arm Offbreak,-,2011,IPL 2011,RCB,2,1,0,3,3,3.00,6,50.00,0,0,0,0,1,0,3,10.83,36,2/31,2/31,21.66,12.0,0,0,0,,,,
432783,Sachin Baby,"December 18, 1988, Thodupuzha, Kerala",37y 202d,India,Batter,Left hand Bat,Right arm Offbreak,-,2025,IPL 2025,SRH,1,-,-,-,-,-,-,-,-,-,-,-,0,0,-,-,-,-,-,-,-,-,-,-,,,,
432783,Sachin Baby,"December 18, 1988, Thodupuzha, Kerala",37y 202d,India,Batter,Left hand Bat,Right arm Offbreak,-,2021,IPL 2021,RCB,1,1,0,7,7,7.00,17,41.17,0,0,0,0,0,0,-,-,-,-,-,-,-,-,-,-,,,,
432783,Sachin Baby,"December 18, 1988, Thodupuzha, Kerala",37y 202d,India,Batter,Left hand Bat,Right arm Offbreak,-,2017,IPL 2017,RCB,3,3,0,15,12,5.00,15,100.00,0,0,2,0,2,0,-,-,-,-,-,-,-,-,-,-,,,,
432783,Sachin Baby,"December 18, 1988, Thodupuzha, Kerala",37y 202d,India,Batter,Left hand Bat,Right arm Offbreak,-,2016,IPL 2016,RCB,11,6,2,119,33,29.75,79,150.63,0,0,9,5,1,0,2,4.80,10,2/4,2/4,4.00,5.0,0,0,0,,,,
432783,Sachin Baby,"December 18, 1988, Thodupuzha, Kerala",37y 202d,India,Batter,Left hand Bat,Right arm Offbreak,-,2013,IPL 2013,RR,4,1,0,3,3,3.00,7,42.85,0,0,0,0,2,0,-,-,-,-,-,-,-,-,-,-,,,,
33757,Sachin Rana,"September 18, 1984, Gurgaon, Haryana",41y 293d,India,Bowler,Right hand Bat,Right arm Medium fast,-,2014,IPL 2014,RCB,9,7,4,73,19*,24.33,65,112.30,0,0,7,1,3,0,0,8.00,12,-,-,-,-,0,0,0,,,,
33757,Sachin Rana,"September 18, 1984, Gurgaon, Haryana",41y 293d,India,Bowler,Right hand Bat,Right arm Medium fast,-,2011,IPL 2011,PWI,2,1,0,18,18,18.00,16,112.50,0,0,2,0,0,0,0,3.00,4,-,-,-,-,0,0,0,,,,
51433,Samuel Badree,"March 09, 1981, Barrackpore, Trinidad",45y 120d,West Indies,Bowler,Right hand Bat,Legbreak,2012 - 2018,2017,IPL 2017,RCB,7,5,0,13,8,2.60,23,56.52,0,0,0,0,2,0,9,7.52,150,4/9,4/9,20.88,16.6,1,0,0,"June 30, 2012","August 05, 2018",,
51433,Samuel Badree,"March 09, 1981, Barrackpore, Trinidad",45y 120d,West Indies,Bowler,Right hand Bat,Legbreak,2012 - 2018,2014,IPL 2014,CSK,4,-,-,-,-,-,-,-,-,-,-,-,0,0,2,6.92,84,1/19,1/19,48.50,42.0,0,0,0,"June 30, 2012","August 05, 2018",,
51433,Samuel Badree,"March 09, 1981, Barrackpore, Trinidad",45y 120d,West Indies,Bowler,Right hand Bat,Legbreak,2012 - 2018,2013,IPL 2013,RR,1,-,-,-,-,-,-,-,-,-,-,-,0,0,0,8.50,24,-,-,-,-,0,0,0,"June 30, 2012","August 05, 2018",,
642525,Sarfaraz Naushad Khan,"October 22, 1997, Mumbai",28y 258d,India,Middle order Batter,Right hand Bat,Legbreak,2024 - 2024,2026,IPL 2026,CSK,8,7,0,161,50,23.00,95,169.47,0,1,23,6,4,0,-,-,-,-,-,-,-,-,-,-,,,,
642525,Sarfaraz Naushad Khan,"October 22, 1997, Mumbai",28y 258d,India,Middle order Batter,Right hand Bat,Legbreak,2024 - 2024,2023,IPL 2023,DC,4,4,0,53,30,13.25,62,85.48,0,0,4,1,2,0,-,-,-,-,-,-,-,-,-,-,,,,
642525,Sarfaraz Naushad Khan,"October 22, 1997, Mumbai",28y 258d,India,Middle order Batter,Right hand Bat,Legbreak,2024 - 2024,2022,IPL 2022,DC,6,5,2,91,36*,30.33,67,135.82,0,0,9,2,2,0,-,-,-,-,-,-,-,-,-,-,,,,
642525,Sarfaraz Naushad Khan,"October 22, 1997, Mumbai",28y 258d,India,Middle order Batter,Right hand Bat,Legbreak,2024 - 2024,2021,IPL 2021,PBKS,2,2,0,0,0,0.00,4,0.00,0,0,0,0,2,0,-,-,-,-,-,-,-,-,-,-,,,,
642525,Sarfaraz Naushad Khan,"October 22, 1997, Mumbai",28y 258d,India,Middle order Batter,Right hand Bat,Legbreak,2024 - 2024,2020/21,IPL 2020/21,PBKS,5,3,1,33,14*,16.50,29,113.79,0,0,5,0,2,0,-,-,-,-,-,-,-,-,-,-,,,,
642525,Sarfaraz Naushad Khan,"October 22, 1997, Mumbai",28y 258d,India,Middle order Batter,Right hand Bat,Legbreak,2024 - 2024,2019,IPL 2019,PBKS,8,5,1,180,67,45.00,143,125.87,0,1,19,4,0,0,0,18.00,2,-,-,-,-,0,0,0,,,,
642525,Sarfaraz Naushad Khan,"October 22, 1997, Mumbai",28y 258d,India,Middle order Batter,Right hand Bat,Legbreak,2024 - 2024,2018,IPL 2018,RCB,7,6,1,51,22*,10.20,41,124.39,0,0,7,1,2,0,-,-,-,-,-,-,-,-,-,-,,,,
642525,Sarfaraz Naushad Khan,"October 22, 1997, Mumbai",28y 258d,India,Middle order Batter,Right hand Bat,Legbreak,2024 - 2024,2016,IPL 2016,RCB,5,4,2,66,35*,33.00,31,212.90,0,0,7,4,0,0,-,-,-,-,-,-,-,-,-,-,,,,
642525,Sarfaraz Naushad Khan,"October 22, 1997, Mumbai",28y 258d,India,Middle order Batter,Right hand Bat,Legbreak,2024 - 2024,2015,IPL 2015,RCB,13,8,4,111,45*,27.75,71,156.33,0,0,12,2,0,0,-,-,-,-,-,-,-,-,-,-,,,,
35390,Saurabh Sunil Tiwary,"December 30, 1989, Jamshedpur, Bihar",36y 190d,India,Top order Batter,Left hand Bat,,2010 - 2010,2021,IPL 2021,MI,5,4,2,115,50*,57.50,97,118.55,0,1,10,2,1,0,-,-,-,-,-,-,-,-,-,-,,,"October 20, 2010","December 10, 2010"
35390,Saurabh Sunil Tiwary,"December 30, 1989, Jamshedpur, Bihar",36y 190d,India,Top order Batter,Left hand Bat,,2010 - 2010,2020/21,IPL 2020/21,MI,7,5,0,103,42,20.60,80,128.75,0,0,8,3,1,0,-,-,-,-,-,-,-,-,-,-,,,"October 20, 2010","December 10, 2010"
35390,Saurabh Sunil Tiwary,"December 30, 1989, Jamshedpur, Bihar",36y 190d,India,Top order Batter,Left hand Bat,,2010 - 2010,2017,IPL 2017,MI,1,1,0,52,52,52.00,43,120.93,0,1,9,0,0,0,-,-,-,-,-,-,-,-,-,-,,,"October 20, 2010","December 10, 2010"
35390,Saurabh Sunil Tiwary,"December 30, 1989, Jamshedpur, Bihar",36y 190d,India,Top order Batter,Left hand Bat,,2010 - 2010,2016,IPL 2016,RPS,10,8,1,170,57,24.28,141,120.56,0,2,17,4,4,0,-,-,-,-,-,-,-,-,-,-,,,"October 20, 2010","December 10, 2010"
35390,Saurabh Sunil Tiwary,"December 30, 1989, Jamshedpur, Bihar",36y 190d,India,Top order Batter,Left hand Bat,,2010 - 2010,2015,IPL 2015,DC,7,6,6,109,28*,-,78,139.74,0,0,9,5,5,0,-,-,-,-,-,-,-,-,-,-,,,"October 20, 2010","December 10, 2010"
35390,Saurabh Sunil Tiwary,"December 30, 1989, Jamshedpur, Bihar",36y 190d,India,Top order Batter,Left hand Bat,,2010 - 2010,2013,IPL 2013,RCB,9,6,2,109,52,27.25,106,102.83,0,1,4,4,2,0,-,-,-,-,-,-,-,-,-,-,,,"October 20, 2010","December 10, 2010"
35390,Saurabh Sunil Tiwary,"December 30, 1989, Jamshedpur, Bihar",36y 190d,India,Top order Batter,Left hand Bat,,2010 - 2010,2012,IPL 2012,RCB,15,11,3,191,36*,23.87,170,112.35,0,0,9,8,3,0,-,-,-,-,-,-,-,-,-,-,,,"October 20, 2010","December 10, 2010"
35390,Saurabh Sunil Tiwary,"December 30, 1989, Jamshedpur, Bihar",36y 190d,India,Top order Batter,Left hand Bat,,2010 - 2010,2011,IPL 2011,RCB,16,13,5,187,42*,23.37,188,99.46,0,0,13,5,5,0,-,-,-,-,-,-,-,-,-,-,,,"October 20, 2010","December 10, 2010"
35390,Saurabh Sunil Tiwary,"December 30, 1989, Jamshedpur, Bihar",36y 190d,India,Top order Batter,Left hand Bat,,2010 - 2010,2009/10,IPL 2009/10,MI,16,15,1,419,61,29.92,309,135.59,0,3,29,18,3,0,-,-,-,-,-,-,-,-,-,-,,,"October 20, 2010","December 10, 2010"
35390,Saurabh Sunil Tiwary,"December 30, 1989, Jamshedpur, Bihar",36y 190d,India,Top order Batter,Left hand Bat,,2010 - 2010,2009,IPL 2009,MI,4,3,2,13,6*,13.00,12,108.33,0,0,0,0,0,0,-,-,-,-,-,-,-,-,-,-,,,"October 20, 2010","December 10, 2010"
35390,Saurabh Sunil Tiwary,"December 30, 1989, Jamshedpur, Bihar",36y 190d,India,Top order Batter,Left hand Bat,,2010 - 2010,2007/08,IPL 2007/08,MI,3,2,0,26,17,13.00,20,130.00,0,0,3,1,1,0,-,-,-,-,-,-,-,-,-,-,,,"October 20, 2010","December 10, 2010"
1287369,Saurav Dilipsingh Chauhan,"May 27, 2000, Ahmedabad, Gujarat",26y 41d,India,Top order Batter,Left hand Bat,Right arm Offbreak,-,2024,IPL 2024,RCB,3,3,0,18,9,6.00,15,120.00,0,0,1,1,0,0,-,-,-,-,-,-,-,-,-,-,,,,
398666,Sean Anthony Abbott,"February 29, 1992, Windsor, New South Wales",34y 129d,Australia,Bowling Allrounder,Right hand Bat,Right arm Fast medium,2014 - 2026,2022,IPL 2022,SRH,1,1,0,7,7,7.00,5,140.00,0,0,0,1,1,0,1,11.75,24,1/47,1/47,47.00,24.0,0,0,0,"October 05, 2014","January 31, 2026","October 07, 2014","August 24, 2025"
398666,Sean Anthony Abbott,"February 29, 1992, Windsor, New South Wales",34y 129d,Australia,Bowling Allrounder,Right hand Bat,Right arm Fast medium,2014 - 2026,2015,IPL 2015,RCB,2,2,0,15,14,7.50,13,115.38,0,0,1,1,0,0,0,11.40,30,-,-,-,-,0,0,0,"October 05, 2014","January 31, 2026","October 07, 2014","August 24, 2025"
29655,Shadab Bashir Jakati,"November 27, 1980, Vasco da Gama, Goa",45y 222d,India,Bowler,Left hand Bat,Slow Left arm Orthodox,-,2017,IPL 2017,GL,2,-,-,-,-,-,-,-,-,-,-,-,0,0,0,10.40,30,-,-,-,-,0,0,0,,,,
29655,Shadab Bashir Jakati,"November 27, 1980, Vasco da Gama, Goa",45y 222d,India,Bowler,Left hand Bat,Slow Left arm Orthodox,-,2016,IPL 2016,GL,6,1,1,1,1*,-,2,50.00,0,0,0,0,4,0,2,8.90,120,1/13,1/13,89.00,60.0,0,0,0,,,,
29655,Shadab Bashir Jakati,"November 27, 1980, Vasco da Gama, Goa",45y 222d,India,Bowler,Left hand Bat,Slow Left arm Orthodox,-,2014,IPL 2014,RCB,1,-,-,-,-,-,-,-,-,-,-,-,0,0,0,11.18,22,-,-,-,-,0,0,0,,,,
29655,Shadab Bashir Jakati,"November 27, 1980, Vasco da Gama, Goa",45y 222d,India,Bowler,Left hand Bat,Slow Left arm Orthodox,-,2012,IPL 2012,CSK,15,2,2,7,6*,-,12,58.33,0,0,0,0,4,0,9,8.19,246,2/14,2/14,37.33,27.3,0,0,0,,,,
29655,Shadab Bashir Jakati,"November 27, 1980, Vasco da Gama, Goa",45y 222d,India,Bowler,Left hand Bat,Slow Left arm Orthodox,-,2011,IPL 2011,CSK,15,1,1,0,0*,-,0,-,0,0,0,0,9,0,10,7.60,265,2/21,2/21,33.60,26.5,0,0,0,,,,
29655,Shadab Bashir Jakati,"November 27, 1980, Vasco da Gama, Goa",45y 222d,India,Bowler,Left hand Bat,Slow Left arm Orthodox,-,2009/10,IPL 2009/10,CSK,11,2,2,0,0*,-,0,-,0,0,0,0,1,0,13,7.65,228,2/17,2/17,22.38,17.5,0,0,0,,,,
29655,Shadab Bashir Jakati,"November 27, 1980, Vasco da Gama, Goa",45y 222d,India,Bowler,Left hand Bat,Slow Left arm Orthodox,-,2009,IPL 2009,CSK,9,2,1,20,13,20.00,15,133.33,0,0,3,0,3,0,13,7.48,174,4/22,4/22,16.69,13.3,2,0,0,,,,
1159711,Shahbaz Ahmed,"December 11, 1994, Mewat, Haryana",31y 209d,India,Allrounder,Left hand Bat,Slow Left arm Orthodox,2022 - 2025,2026,IPL 2026,LSG,5,2,2,58,43*,-,41,141.46,0,0,4,3,0,0,5,11.64,67,2/30,2/30,26.00,13.4,0,0,0,"October 06, 2023","October 07, 2023","October 09, 2022","December 04, 2022"
1159711,Shahbaz Ahmed,"December 11, 1994, Mewat, Haryana",31y 209d,India,Allrounder,Left hand Bat,Slow Left arm Orthodox,2022 - 2025,2025,IPL 2025,LSG,3,1,0,9,9,9.00,8,112.50,0,0,1,0,0,0,1,12.00,51,1/41,1/41,102.00,51.0,0,0,0,"October 06, 2023","October 07, 2023","October 09, 2022","December 04, 2022"
1159711,Shahbaz Ahmed,"December 11, 1994, Mewat, Haryana",31y 209d,India,Allrounder,Left hand Bat,Slow Left arm Orthodox,2022 - 2025,2024,IPL 2024,SRH,16,12,3,215,59*,23.88,166,129.51,0,1,7,13,3,0,7,9.81,165,3/23,3/23,38.57,23.5,0,0,0,"October 06, 2023","October 07, 2023","October 09, 2022","December 04, 2022"
1159711,Shahbaz Ahmed,"December 11, 1994, Mewat, Haryana",31y 209d,India,Allrounder,Left hand Bat,Slow Left arm Orthodox,2022 - 2025,2023,IPL 2023,RCB,10,6,2,42,20*,10.50,39,107.69,0,0,3,1,5,0,1,13.57,42,1/38,1/38,95.00,42.0,0,0,0,"October 06, 2023","October 07, 2023","October 09, 2022","December 04, 2022"
1159711,Shahbaz Ahmed,"December 11, 1994, Mewat, Haryana",31y 209d,India,Allrounder,Left hand Bat,Slow Left arm Orthodox,2022 - 2025,2022,IPL 2022,RCB,16,11,3,219,45,27.37,181,120.99,0,0,14,9,8,0,4,9.60,210,2/26,2/26,84.00,52.5,0,0,0,"October 06, 2023","October 07, 2023","October 09, 2022","December 04, 2022"
1159711,Shahbaz Ahmed,"December 11, 1994, Mewat, Haryana",31y 209d,India,Allrounder,Left hand Bat,Slow Left arm Orthodox,2022 - 2025,2021,IPL 2021,RCB,11,7,0,59,14,8.42,53,111.32,0,0,4,2,4,0,7,6.57,84,3/7,3/7,13.14,12.0,0,0,0,"October 06, 2023","October 07, 2023","October 09, 2022","December 04, 2022"
1159711,Shahbaz Ahmed,"December 11, 1994, Mewat, Haryana",31y 209d,India,Allrounder,Left hand Bat,Slow Left arm Orthodox,2022 - 2025,2020/21,IPL 2020/21,RCB,2,1,1,1,1*,-,1,100.00,0,0,0,0,1,0,2,7.33,36,2/26,2/26,22.00,18.0,0,0,0,"October 06, 2023","October 07, 2023","October 09, 2022","December 04, 2022"
8180,Shane Robert Watson,"June 17, 1981, Ipswich, Queensland",45y 21d,Australia,Allrounder,Right hand Bat,Right arm Fast medium,2002 - 2016,2020/21,IPL 2020/21,CSK,11,11,1,299,83*,29.90,247,121.05,0,2,33,13,2,0,-,-,-,-,-,-,-,-,-,-,"February 24, 2006","March 27, 2016","March 24, 2002","September 05, 2015"
8180,Shane Robert Watson,"June 17, 1981, Ipswich, Queensland",45y 21d,Australia,Allrounder,Right hand Bat,Right arm Fast medium,2002 - 2016,2019,IPL 2019,CSK,17,17,0,398,96,23.41,312,127.56,0,3,42,20,6,0,-,-,-,-,-,-,-,-,-,-,"February 24, 2006","March 27, 2016","March 24, 2002","September 05, 2015"
8180,Shane Robert Watson,"June 17, 1981, Ipswich, Queensland",45y 21d,Australia,Allrounder,Right hand Bat,Right arm Fast medium,2002 - 2016,2018,IPL 2018,CSK,15,15,1,555,117*,39.64,359,154.59,2,2,44,35,3,0,6,8.96,168,2/29,2/29,41.83,28.0,0,0,0,"February 24, 2006","March 27, 2016","March 24, 2002","September 05, 2015"
8180,Shane Robert Watson,"June 17, 1981, Ipswich, Queensland",45y 21d,Australia,Allrounder,Right hand Bat,Right arm Fast medium,2002 - 2016,2017,IPL 2017,RCB,8,7,1,71,24,11.83,78,91.02,0,0,6,1,2,0,5,9.13,161,1/16,1/16,49.00,32.2,0,0,0,"February 24, 2006","March 27, 2016","March 24, 2002","September 05, 2015"
8180,Shane Robert Watson,"June 17, 1981, Ipswich, Queensland",45y 21d,Australia,Allrounder,Right hand Bat,Right arm Fast medium,2002 - 2016,2016,IPL 2016,RCB,16,15,2,179,36,13.76,134,133.58,0,0,14,12,6,0,20,8.58,339,4/29,4/29,24.25,16.9,1,0,0,"February 24, 2006","March 27, 2016","March 24, 2002","September 05, 2015"
8180,Shane Robert Watson,"June 17, 1981, Ipswich, Queensland",45y 21d,Australia,Allrounder,Right hand Bat,Right arm Fast medium,2002 - 2016,2015,IPL 2015,RR,10,9,1,347,104*,43.37,257,135.01,1,1,37,14,1,0,6,9.27,174,2/36,2/36,44.83,29.0,0,0,0,"February 24, 2006","March 27, 2016","March 24, 2002","September 05, 2015"
8180,Shane Robert Watson,"June 17, 1981, Ipswich, Queensland",45y 21d,Australia,Allrounder,Right hand Bat,Right arm Fast medium,2002 - 2016,2014,IPL 2014,RR,13,13,1,240,51,20.00,196,122.44,0,2,19,14,3,0,7,7.85,126,3/13,3/13,23.57,18.0,0,0,0,"February 24, 2006","March 27, 2016","March 24, 2002","September 05, 2015"
8180,Shane Robert Watson,"June 17, 1981, Ipswich, Queensland",45y 21d,Australia,Allrounder,Right hand Bat,Right arm Fast medium,2002 - 2016,2013,IPL 2013,RR,16,16,2,543,101,38.78,380,142.89,1,2,59,22,6,0,13,7.15,250,3/22,3/22,22.92,19.2,0,0,0,"February 24, 2006","March 27, 2016","March 24, 2002","September 05, 2015"
8180,Shane Robert Watson,"June 17, 1981, Ipswich, Queensland",45y 21d,Australia,Allrounder,Right hand Bat,Right arm Fast medium,2002 - 2016,2012,IPL 2012,RR,7,7,1,255,90*,42.50,168,151.78,0,2,26,14,2,0,6,7.00,138,2/19,2/19,26.83,23.0,0,0,0,"February 24, 2006","March 27, 2016","March 24, 2002","September 05, 2015"
8180,Shane Robert Watson,"June 17, 1981, Ipswich, Queensland",45y 21d,Australia,Allrounder,Right hand Bat,Right arm Fast medium,2002 - 2016,2011,IPL 2011,RR,11,11,1,330,89*,33.00,253,130.43,0,1,31,17,4,0,6,6.69,216,3/19,3/19,40.16,36.0,0,0,0,"February 24, 2006","March 27, 2016","March 24, 2002","September 05, 2015"
8180,Shane Robert Watson,"June 17, 1981, Ipswich, Queensland",45y 21d,Australia,Allrounder,Right hand Bat,Right arm Fast medium,2002 - 2016,2009/10,IPL 2009/10,RR,6,5,0,185,60,37.00,114,162.28,0,2,18,9,3,0,6,8.36,132,3/37,3/37,30.66,22.0,0,0,0,"February 24, 2006","March 27, 2016","March 24, 2002","September 05, 2015"
8180,Shane Robert Watson,"June 17, 1981, Ipswich, Queensland",45y 21d,Australia,Allrounder,Right hand Bat,Right arm Fast medium,2002 - 2016,2007/08,IPL 2007/08,RR,15,15,5,472,76*,47.20,311,151.76,0,4,46,19,2,0,17,7.07,325,3/10,3/10,22.52,19.1,0,0,0,"February 24, 2006","March 27, 2016","March 24, 2002","September 05, 2015"
914541,Sherfane Eviston Rutherford,"August 15, 1998",27y 327d,West Indies,Middle order Batter,Left hand Bat,Right arm Fast medium,2018 - 2026,2026,IPL 2026,MI,8,7,2,123,71*,24.60,75,164.00,0,1,5,12,1,0,-,-,-,-,-,-,-,-,-,-,"December 22, 2018","June 14, 2026","December 03, 2023","June 06, 2026"
914541,Sherfane Eviston Rutherford,"August 15, 1998",27y 327d,West Indies,Middle order Batter,Left hand Bat,Right arm Fast medium,2018 - 2026,2025,IPL 2025,GT,13,11,2,291,46,32.33,185,157.29,0,0,22,18,1,0,-,-,-,-,-,-,-,-,-,-,"December 22, 2018","June 14, 2026","December 03, 2023","June 06, 2026"
914541,Sherfane Eviston Rutherford,"August 15, 1998",27y 327d,West Indies,Middle order Batter,Left hand Bat,Right arm Fast medium,2018 - 2026,2022,IPL 2022,RCB,3,2,0,33,28,16.50,50,66.00,0,0,1,1,0,0,-,-,-,-,-,-,-,-,-,-,"December 22, 2018","June 14, 2026","December 03, 2023","June 06, 2026"
914541,Sherfane Eviston Rutherford,"August 15, 1998",27y 327d,West Indies,Middle order Batter,Left hand Bat,Right arm Fast medium,2018 - 2026,2019,IPL 2019,DC,7,7,2,73,28*,14.60,54,135.18,0,0,2,7,5,0,1,8.63,41,1/6,1/6,59.00,41.0,0,0,0,"December 22, 2018","June 14, 2026","December 03, 2023","June 06, 2026"
670025,Shimron Odilon Hetmyer,"December 26, 1996, Cumberland, Berbice, Guyana",29y 193d,West Indies,Middle order Batter,Left hand Bat,,2017 - 2026,2026,IPL 2026,RR,8,7,1,78,22,13.00,69,113.04,0,0,5,3,5,0,-,-,-,-,-,-,-,-,-,-,"January 01, 2018","June 14, 2026","December 20, 2017","June 01, 2025"
670025,Shimron Odilon Hetmyer,"December 26, 1996, Cumberland, Berbice, Guyana",29y 193d,West Indies,Middle order Batter,Left hand Bat,,2017 - 2026,2025,IPL 2025,RR,14,13,2,239,52,21.72,164,145.73,0,1,17,11,13,0,-,-,-,-,-,-,-,-,-,-,"January 01, 2018","June 14, 2026","December 20, 2017","June 01, 2025"
670025,Shimron Odilon Hetmyer,"December 26, 1996, Cumberland, Berbice, Guyana",29y 193d,West Indies,Middle order Batter,Left hand Bat,,2017 - 2026,2024,IPL 2024,RR,12,9,4,113,27*,22.60,69,163.76,0,0,9,7,4,0,-,-,-,-,-,-,-,-,-,-,"January 01, 2018","June 14, 2026","December 20, 2017","June 01, 2025"
670025,Shimron Odilon Hetmyer,"December 26, 1996, Cumberland, Berbice, Guyana",29y 193d,West Indies,Middle order Batter,Left hand Bat,,2017 - 2026,2023,IPL 2023,RR,14,13,5,299,56*,37.37,197,151.77,0,1,12,23,11,0,-,-,-,-,-,-,-,-,-,-,"January 01, 2018","June 14, 2026","December 20, 2017","June 01, 2025"
670025,Shimron Odilon Hetmyer,"December 26, 1996, Cumberland, Berbice, Guyana",29y 193d,West Indies,Middle order Batter,Left hand Bat,,2017 - 2026,2022,IPL 2022,RR,15,15,8,314,59*,44.85,204,153.92,0,1,21,21,3,0,-,-,-,-,-,-,-,-,-,-,"January 01, 2018","June 14, 2026","December 20, 2017","June 01, 2025"
670025,Shimron Odilon Hetmyer,"December 26, 1996, Cumberland, Berbice, Guyana",29y 193d,West Indies,Middle order Batter,Left hand Bat,,2017 - 2026,2021,IPL 2021,DC,14,13,6,242,53*,34.57,144,168.05,0,1,19,12,4,0,-,-,-,-,-,-,-,-,-,-,"January 01, 2018","June 14, 2026","December 20, 2017","June 01, 2025"
670025,Shimron Odilon Hetmyer,"December 26, 1996, Cumberland, Berbice, Guyana",29y 193d,West Indies,Middle order Batter,Left hand Bat,,2017 - 2026,2020/21,IPL 2020/21,DC,12,11,3,185,45,23.12,125,148.00,0,0,11,12,7,0,-,-,-,-,-,-,-,-,-,-,"January 01, 2018","June 14, 2026","December 20, 2017","June 01, 2025"
670025,Shimron Odilon Hetmyer,"December 26, 1996, Cumberland, Berbice, Guyana",29y 193d,West Indies,Middle order Batter,Left hand Bat,,2017 - 2026,2019,IPL 2019,RCB,5,5,0,90,75,18.00,73,123.28,0,1,4,7,3,0,-,-,-,-,-,-,-,-,-,-,"January 01, 2018","June 14, 2026","December 20, 2017","June 01, 2025"
714451,Shivam Dube,"June 26, 1993, Mumbai",33y 11d,India,Allrounder,Left hand Bat,Right arm Medium,2019 - 2026,2026,IPL 2026,CSK,13,12,5,270,47,38.57,170,158.82,0,0,24,15,4,0,1,12.80,30,1/30,1/30,64.00,30.0,0,0,0,"November 03, 2019","July 04, 2026","December 15, 2019","August 07, 2024"
714451,Shivam Dube,"June 26, 1993, Mumbai",33y 11d,India,Allrounder,Left hand Bat,Right arm Medium,2019 - 2026,2025,IPL 2025,CSK,14,14,3,357,50,32.45,270,132.22,0,1,22,21,4,0,0,16.50,12,-,-,-,-,0,0,0,"November 03, 2019","July 04, 2026","December 15, 2019","August 07, 2024"
714451,Shivam Dube,"June 26, 1993, Mumbai",33y 11d,India,Allrounder,Left hand Bat,Right arm Medium,2019 - 2026,2024,IPL 2024,CSK,14,14,3,396,66*,36.00,244,162.29,0,3,28,28,2,0,1,14.00,6,1/14,1/14,14.00,6.0,0,0,0,"November 03, 2019","July 04, 2026","December 15, 2019","August 07, 2024"
714451,Shivam Dube,"June 26, 1993, Mumbai",33y 11d,India,Allrounder,Left hand Bat,Right arm Medium,2019 - 2026,2023,IPL 2023,CSK,16,14,3,418,52,38.00,264,158.33,0,3,12,35,6,0,-,-,-,-,-,-,-,-,-,-,"November 03, 2019","July 04, 2026","December 15, 2019","August 07, 2024"
714451,Shivam Dube,"June 26, 1993, Mumbai",33y 11d,India,Allrounder,Left hand Bat,Right arm Medium,2019 - 2026,2022,IPL 2022,CSK,11,11,1,289,95*,28.90,185,156.21,0,2,22,16,6,0,0,18.00,12,-,-,-,-,0,0,0,"November 03, 2019","July 04, 2026","December 15, 2019","August 07, 2024"
714451,Shivam Dube,"June 26, 1993, Mumbai",33y 11d,India,Allrounder,Left hand Bat,Right arm Medium,2019 - 2026,2021,IPL 2021,RR,9,9,1,230,64*,28.75,193,119.17,0,1,18,10,2,0,0,9.80,30,-,-,-,-,0,0,0,"November 03, 2019","July 04, 2026","December 15, 2019","August 07, 2024"
714451,Shivam Dube,"June 26, 1993, Mumbai",33y 11d,India,Allrounder,Left hand Bat,Right arm Medium,2019 - 2026,2020/21,IPL 2020/21,RCB,11,9,2,129,27*,18.42,105,122.85,0,0,5,9,2,0,4,8.11,54,2/15,2/15,18.25,13.5,0,0,0,"November 03, 2019","July 04, 2026","December 15, 2019","August 07, 2024"
714451,Shivam Dube,"June 26, 1993, Mumbai",33y 11d,India,Allrounder,Left hand Bat,Right arm Medium,2019 - 2026,2019,IPL 2019,RCB,4,4,1,40,24,13.33,33,121.21,0,0,1,3,1,0,0,4.80,10,-,-,-,-,0,0,0,"November 03, 2019","July 04, 2026","December 15, 2019","August 07, 2024"
51469,Shivnarine Chanderpaul,"August 16, 1974, Unity Village, East Coast, Demerara, Guyana",51y 325d,West Indies,Batter,Left hand Bat,Legbreak,1994 - 2015,2007/08,IPL 2007/08,RCB,3,3,0,25,16,8.33,31,80.64,0,0,4,0,0,0,-,-,-,-,-,-,-,-,-,-,"February 16, 2006","May 20, 2010","October 17, 1994","March 23, 2011"
302579,Shreevats Pratyush Goswami,"May 18, 1989, Calcutta (now Kolkata), Bengal",37y 50d,India,Wicketkeeper Batter,Left hand Bat,,-,2020/21,IPL 2020/21,SRH,2,2,0,0,0,0.00,4,0.00,0,0,0,0,1,0,-,-,-,-,-,-,-,-,-,-,,,,
302579,Shreevats Pratyush Goswami,"May 18, 1989, Calcutta (now Kolkata), Bengal",37y 50d,India,Wicketkeeper Batter,Left hand Bat,,-,2018,IPL 2018,SRH,6,3,0,52,35,17.33,40,130.00,0,0,6,1,5,0,-,-,-,-,-,-,-,-,-,-,,,,
302579,Shreevats Pratyush Goswami,"May 18, 1989, Calcutta (now Kolkata), Bengal",37y 50d,India,Wicketkeeper Batter,Left hand Bat,,-,2012,IPL 2012,RR,11,6,1,69,24,13.80,67,102.98,0,0,4,1,4,4,-,-,-,-,-,-,-,-,-,-,,,,
302579,Shreevats Pratyush Goswami,"May 18, 1989, Calcutta (now Kolkata), Bengal",37y 50d,India,Wicketkeeper Batter,Left hand Bat,,-,2011,IPL 2011,KKR,5,4,0,29,22,7.25,29,100.00,0,0,5,0,4,1,-,-,-,-,-,-,-,-,-,-,,,,
302579,Shreevats Pratyush Goswami,"May 18, 1989, Calcutta (now Kolkata), Bengal",37y 50d,India,Wicketkeeper Batter,Left hand Bat,,-,2009/10,IPL 2009/10,RCB,1,1,0,8,8,8.00,10,80.00,0,0,2,0,0,0,-,-,-,-,-,-,-,-,-,-,,,,
302579,Shreevats Pratyush Goswami,"May 18, 1989, Calcutta (now Kolkata), Bengal",37y 50d,India,Wicketkeeper Batter,Left hand Bat,,-,2009,IPL 2009,RCB,2,2,0,53,43,26.50,60,88.33,0,0,6,0,1,0,-,-,-,-,-,-,-,-,-,-,,,,
302579,Shreevats Pratyush Goswami,"May 18, 1989, Calcutta (now Kolkata), Bengal",37y 50d,India,Wicketkeeper Batter,Left hand Bat,,-,2007/08,IPL 2007/08,RCB,4,3,0,82,52,27.33,85,96.47,0,1,9,1,2,2,-,-,-,-,-,-,-,-,-,-,,,,
326017,Siddarth Kaul,"May 19, 1990, Pathankot, Punjab",36y 49d,India,Bowler,Right hand Bat,Right arm Medium,2018 - 2019,2022,IPL 2022,RCB,1,-,-,-,-,-,-,-,-,-,-,-,0,0,0,10.75,24,-,-,-,-,0,0,0,"June 29, 2018","February 27, 2019","July 12, 2018","September 25, 2018"
326017,Siddarth Kaul,"May 19, 1990, Pathankot, Punjab",36y 49d,India,Bowler,Right hand Bat,Right arm Medium,2018 - 2019,2021,IPL 2021,SRH,8,2,2,8,7*,-,8,100.00,0,0,1,0,1,0,7,8.23,180,2/31,2/31,35.28,25.7,0,0,0,"June 29, 2018","February 27, 2019","July 12, 2018","September 25, 2018"
326017,Siddarth Kaul,"May 19, 1990, Pathankot, Punjab",36y 49d,India,Bowler,Right hand Bat,Right arm Medium,2018 - 2019,2020/21,IPL 2020/21,SRH,1,-,-,-,-,-,-,-,-,-,-,-,0,0,2,16.00,24,2/64,2/64,32.00,12.0,0,0,0,"June 29, 2018","February 27, 2019","July 12, 2018","September 25, 2018"
326017,Siddarth Kaul,"May 19, 1990, Pathankot, Punjab",36y 49d,India,Bowler,Right hand Bat,Right arm Medium,2018 - 2019,2019,IPL 2019,SRH,7,2,1,0,0*,0.00,1,0.00,0,0,0,0,1,0,6,8.96,162,2/34,2/34,40.33,27.0,0,0,0,"June 29, 2018","February 27, 2019","July 12, 2018","September 25, 2018"
326017,Siddarth Kaul,"May 19, 1990, Pathankot, Punjab",36y 49d,India,Bowler,Right hand Bat,Right arm Medium,2018 - 2019,2018,IPL 2018,SRH,17,4,1,3,2,1.00,14,21.42,0,0,0,0,2,0,21,8.28,396,3/23,3/23,26.04,18.8,0,0,0,"June 29, 2018","February 27, 2019","July 12, 2018","September 25, 2018"
326017,Siddarth Kaul,"May 19, 1990, Pathankot, Punjab",36y 49d,India,Bowler,Right hand Bat,Right arm Medium,2018 - 2019,2017,IPL 2017,SRH,10,1,1,0,0*,-,2,0.00,0,0,0,0,3,0,16,8.41,214,4/29,4/29,18.75,13.3,1,0,0,"June 29, 2018","February 27, 2019","July 12, 2018","September 25, 2018"
326017,Siddarth Kaul,"May 19, 1990, Pathankot, Punjab",36y 49d,India,Bowler,Right hand Bat,Right arm Medium,2018 - 2019,2014,IPL 2014,DC,5,1,1,2,2*,-,2,100.00,0,0,0,0,0,0,2,9.69,78,1/5,1/5,63.00,39.0,0,0,0,"June 29, 2018","February 27, 2019","July 12, 2018","September 25, 2018"
326017,Siddarth Kaul,"May 19, 1990, Pathankot, Punjab",36y 49d,India,Bowler,Right hand Bat,Right arm Medium,2018 - 2019,2013,IPL 2013,DC,6,2,2,7,7*,-,9,77.77,0,0,0,0,1,0,4,7.78,131,2/27,2/27,42.50,32.7,0,0,0,"June 29, 2018","February 27, 2019","July 12, 2018","September 25, 2018"
290632,Sreenath Aravind,"April 08, 1984, Bangalore, Karnataka",42y 90d,India,Bowler,Left hand Bat,Left arm Medium fast,2015 - 2015,2017,IPL 2017,RCB,10,8,4,32,9,8.00,40,80.00,0,0,2,0,1,0,5,9.01,183,2/29,2/29,55.00,36.6,0,0,0,"October 02, 2015","Saurashtra vs Karnataka  at Brabourne - December 26 - 29, 2008",,
290632,Sreenath Aravind,"April 08, 1984, Bangalore, Karnataka",42y 90d,India,Bowler,Left hand Bat,Left arm Medium fast,2015 - 2015,2016,IPL 2016,RCB,9,-,-,-,-,-,-,-,-,-,-,-,3,0,11,7.40,175,2/18,2/18,19.63,15.9,0,0,0,"October 02, 2015","Saurashtra vs Karnataka  at Brabourne - December 26 - 29, 2008",,
290632,Sreenath Aravind,"April 08, 1984, Bangalore, Karnataka",42y 90d,India,Bowler,Left hand Bat,Left arm Medium fast,2015 - 2015,2015,IPL 2015,RCB,5,1,1,0,0*,-,1,0.00,0,0,0,0,1,0,8,7.33,108,4/27,4/27,16.50,13.5,1,0,0,"October 02, 2015","Saurashtra vs Karnataka  at Brabourne - December 26 - 29, 2008",,
290632,Sreenath Aravind,"April 08, 1984, Bangalore, Karnataka",42y 90d,India,Bowler,Left hand Bat,Left arm Medium fast,2015 - 2015,2012,IPL 2012,RCB,1,1,1,14,14*,-,8,175.00,0,0,3,0,0,0,0,16.00,18,-,-,-,-,0,0,0,"October 02, 2015","Saurashtra vs Karnataka  at Brabourne - December 26 - 29, 2008",,
290632,Sreenath Aravind,"April 08, 1984, Bangalore, Karnataka",42y 90d,India,Bowler,Left hand Bat,Left arm Medium fast,2015 - 2015,2011,IPL 2011,RCB,13,2,2,13,11*,-,8,162.50,0,0,2,0,3,0,21,8.00,276,4/14,4/14,17.52,13.1,1,0,0,"October 02, 2015","Saurashtra vs Karnataka  at Brabourne - December 26 - 29, 2008",,
34118,Sridharan Sriram,"February 21, 1976, Madras (now Chennai), Tamil Nadu",50y 137d,India,Middle order Batter,Left hand Bat,Slow Left arm Orthodox,2000 - 2004,2011,IPL 2011,DC,1,1,0,4,4,4.00,7,57.14,0,0,0,0,0,0,0,25.00,6,-,-,-,-,0,0,0,,,"March 19, 2000","December 26, 2004"
34118,Sridharan Sriram,"February 21, 1976, Madras (now Chennai), Tamil Nadu",50y 137d,India,Middle order Batter,Left hand Bat,Slow Left arm Orthodox,2000 - 2004,2009/10,IPL 2009/10,RCB,1,1,0,27,27,27.00,29,93.10,0,0,3,0,0,0,0,12.00,12,-,-,-,-,0,0,0,,,"March 19, 2000","December 26, 2004"
529436,Kona Srikar Bharat,"October 03, 1993, Visakhapatnam, Andhra Pradesh",32y 277d,India,Wicketkeeper Batter,Right hand Bat,,2023 - 2024,2022,IPL 2022,DC,2,2,0,8,8,4.00,7,114.28,0,0,2,0,0,0,-,-,-,-,-,-,-,-,-,-,,,,
529436,Kona Srikar Bharat,"October 03, 1993, Visakhapatnam, Andhra Pradesh",32y 277d,India,Wicketkeeper Batter,Right hand Bat,,2023 - 2024,2021,IPL 2021,RCB,8,7,2,191,78*,38.20,156,122.43,0,1,10,8,4,1,-,-,-,-,-,-,-,-,-,-,,,,
27223,Stuart Terence Roger Binny,"June 03, 1984, Bangalore, Karnataka",42y 34d,India,Allrounder,Right hand Bat,Right arm Medium,2014 - 2016,2019,IPL 2019,RR,8,5,2,70,33*,23.33,40,175.00,0,0,5,4,0,0,1,6.28,42,1/19,1/19,44.00,42.0,0,0,0,"July 17, 2015","August 27, 2016","January 28, 2014","October 11, 2015"
27223,Stuart Terence Roger Binny,"June 03, 1984, Bangalore, Karnataka",42y 34d,India,Allrounder,Right hand Bat,Right arm Medium,2014 - 2016,2018,IPL 2018,RR,7,5,0,44,22,8.80,39,112.82,0,0,2,2,1,0,0,16.50,12,-,-,-,-,0,0,0,"July 17, 2015","August 27, 2016","January 28, 2014","October 11, 2015"
27223,Stuart Terence Roger Binny,"June 03, 1984, Bangalore, Karnataka",42y 34d,India,Allrounder,Right hand Bat,Right arm Medium,2014 - 2016,2017,IPL 2017,RCB,8,7,2,78,18*,15.60,76,102.63,0,0,6,3,1,0,4,8.33,36,1/9,1/9,12.50,9.0,0,0,0,"July 17, 2015","August 27, 2016","January 28, 2014","October 11, 2015"
27223,Stuart Terence Roger Binny,"June 03, 1984, Bangalore, Karnataka",42y 34d,India,Allrounder,Right hand Bat,Right arm Medium,2014 - 2016,2016,IPL 2016,RCB,14,6,2,63,21,15.75,39,161.53,0,0,5,4,3,0,1,7.88,102,1/17,1/17,134.00,102.0,0,0,0,"July 17, 2015","August 27, 2016","January 28, 2014","October 11, 2015"
27223,Stuart Terence Roger Binny,"June 03, 1984, Bangalore, Karnataka",42y 34d,India,Allrounder,Right hand Bat,Right arm Medium,2014 - 2016,2015,IPL 2015,RR,13,8,4,74,20,18.50,66,112.12,0,0,7,1,5,0,4,7.36,114,2/27,2/27,35.00,28.5,0,0,0,"July 17, 2015","August 27, 2016","January 28, 2014","October 11, 2015"
27223,Stuart Terence Roger Binny,"June 03, 1984, Bangalore, Karnataka",42y 34d,India,Allrounder,Right hand Bat,Right arm Medium,2014 - 2016,2014,IPL 2014,RR,13,12,2,123,48*,12.30,121,101.65,0,0,4,5,3,0,3,7.11,54,1/1,1/1,21.33,18.0,0,0,0,"July 17, 2015","August 27, 2016","January 28, 2014","October 11, 2015"
27223,Stuart Terence Roger Binny,"June 03, 1984, Bangalore, Karnataka",42y 34d,India,Allrounder,Right hand Bat,Right arm Medium,2014 - 2016,2013,IPL 2013,RR,17,16,7,293,41*,32.55,199,147.23,0,0,25,12,3,0,6,6.75,144,2/14,2/14,27.00,24.0,0,0,0,"July 17, 2015","August 27, 2016","January 28, 2014","October 11, 2015"
27223,Stuart Terence Roger Binny,"June 03, 1984, Bangalore, Karnataka",42y 34d,India,Allrounder,Right hand Bat,Right arm Medium,2014 - 2016,2012,IPL 2012,RR,8,6,2,90,30,22.50,67,134.32,0,0,9,3,1,0,3,7.80,60,1/8,1/8,26.00,20.0,0,0,0,"July 17, 2015","August 27, 2016","January 28, 2014","October 11, 2015"
27223,Stuart Terence Roger Binny,"June 03, 1984, Bangalore, Karnataka",42y 34d,India,Allrounder,Right hand Bat,Right arm Medium,2014 - 2016,2011,IPL 2011,RR,6,2,1,37,30,37.00,31,119.35,0,0,2,1,2,0,0,11.00,24,-,-,-,-,0,0,0,"July 17, 2015","August 27, 2016","January 28, 2014","October 11, 2015"
27223,Stuart Terence Roger Binny,"June 03, 1984, Bangalore, Karnataka",42y 34d,India,Allrounder,Right hand Bat,Right arm Medium,2014 - 2016,2009/10,IPL 2009/10,MI,1,1,0,8,8,8.00,5,160.00,0,0,1,0,0,0,0,9.00,6,-,-,-,-,0,0,0,"July 17, 2015","August 27, 2016","January 28, 2014","October 11, 2015"
29725,Sunil Bandacharya Joshi,"June 06, 1970, Gadag, Karnataka",56y 31d,India,Allrounder,Left hand Bat,Slow Left arm Orthodox,1996 - 2001,2007/08,IPL 2007/08,RCB,4,2,0,6,3,3.00,14,42.85,0,0,0,0,0,0,1,8.94,55,1/27,1/27,82.00,55.0,0,0,0,,,"September 01, 1996","March 28, 2001"
1083851,Suyash S Prabhudessai,"December 06, 1997",28y 214d,India,Batting Allrounder,Right hand Bat,Right arm Medium,-,2024,IPL 2024,RCB,1,1,0,24,24,24.00,18,133.33,0,0,3,0,0,0,-,-,-,-,-,-,-,-,-,-,,,,
1083851,Suyash S Prabhudessai,"December 06, 1997",28y 214d,India,Batting Allrounder,Right hand Bat,Right arm Medium,-,2023,IPL 2023,RCB,5,4,0,35,19,8.75,29,120.68,0,0,1,2,3,0,-,-,-,-,-,-,-,-,-,-,,,,
1083851,Suyash S Prabhudessai,"December 06, 1997",28y 214d,India,Batting Allrounder,Right hand Bat,Right arm Medium,-,2022,IPL 2022,RCB,5,5,0,67,34,13.40,59,113.55,0,0,7,2,3,0,-,-,-,-,-,-,-,-,-,-,,,,
1350792,Suyash Sharma,"May 15, 2003",23y 54d,India,Bowler,Right hand Bat,Legbreak Googly,-,2026,IPL 2026,RCB,12,-,-,-,-,-,-,-,-,-,-,-,0,0,9,9.20,245,2/47,2/47,41.77,27.2,0,0,0,,,,
1350792,Suyash Sharma,"May 15, 2003",23y 54d,India,Bowler,Right hand Bat,Legbreak Googly,-,2025,IPL 2025,RCB,14,-,-,-,-,-,-,-,-,-,-,-,1,0,8,8.84,300,3/17,3/17,55.25,37.5,0,0,0,,,,
1350792,Suyash Sharma,"May 15, 2003",23y 54d,India,Bowler,Right hand Bat,Legbreak Googly,-,2024,IPL 2024,KKR,2,-,-,-,-,-,-,-,-,-,-,-,1,0,0,12.75,24,-,-,-,-,0,0,0,,,,
1350792,Suyash Sharma,"May 15, 2003",23y 54d,India,Bowler,Right hand Bat,Legbreak Googly,-,2023,IPL 2023,KKR,11,-,-,-,-,-,-,-,-,-,-,-,0,0,10,8.23,234,3/30,3/30,32.10,23.4,0,0,0,,,,
232292,Swapnil Singh,"January 22, 1991, Rae Bareilly, Uttar Pradesh",35y 167d,India,Bowler,Right hand Bat,Slow Left arm Orthodox,-,2024,IPL 2024,RCB,7,5,3,37,15*,18.50,21,176.19,0,0,3,3,2,0,6,8.86,90,2/28,2/28,22.16,15.0,0,0,0,,,,
232292,Swapnil Singh,"January 22, 1991, Rae Bareilly, Uttar Pradesh",35y 167d,India,Bowler,Right hand Bat,Slow Left arm Orthodox,-,2023,IPL 2023,LSG,2,1,1,2,2*,-,4,50.00,0,0,0,0,0,0,0,9.00,12,-,-,-,-,0,0,0,,,,
232292,Swapnil Singh,"January 22, 1991, Rae Bareilly, Uttar Pradesh",35y 167d,India,Bowler,Right hand Bat,Slow Left arm Orthodox,-,2017,IPL 2017,PBKS,4,2,0,12,10,6.00,19,63.15,0,0,0,0,1,0,1,8.71,42,1/14,1/14,61.00,42.0,0,0,0,,,,
232292,Swapnil Singh,"January 22, 1991, Rae Bareilly, Uttar Pradesh",35y 167d,India,Bowler,Right hand Bat,Slow Left arm Orthodox,-,2016,IPL 2016,PBKS,1,1,0,0,0,0.00,1,0.00,0,0,0,0,0,0,0,9.66,18,-,-,-,-,0,0,0,,,,
379145,Tabraiz Shamsi,"February 18, 1990, Johannesburg, Gauteng",36y 140d,South Africa,Bowler,Right hand Bat,Left arm Wrist spin,2016 - 2025,2021,IPL 2021,RR,1,1,1,2,2*,-,4,50.00,0,0,0,0,0,0,0,8.50,24,-,-,-,-,0,0,0,"June 21, 2017","June 29, 2024","June 07, 2016","February 12, 2025"
379145,Tabraiz Shamsi,"February 18, 1990, Johannesburg, Gauteng",36y 140d,South Africa,Bowler,Right hand Bat,Left arm Wrist spin,2016 - 2025,2016,IPL 2016,RCB,4,-,-,-,-,-,-,-,-,-,-,-,1,0,3,9.18,96,1/21,1/21,49.00,32.0,0,0,0,"June 21, 2017","June 29, 2024","June 07, 2016","February 12, 2025"
48472,Tillakaratne Mudiyanselage Dilshan,"October 14, 1976, Kalutara",49y 266d,Sri Lanka,Allrounder,Right hand Bat,Right arm Offbreak,1999 - 2016,2013,IPL 2013,RCB,5,5,0,76,33,15.20,93,81.72,0,0,12,0,2,0,0,10.00,6,-,-,-,-,0,0,0,"June 15, 2006","September 09, 2016","December 11, 1999","August 28, 2016"
48472,Tillakaratne Mudiyanselage Dilshan,"October 14, 1976, Kalutara",49y 266d,Sri Lanka,Allrounder,Right hand Bat,Right arm Offbreak,1999 - 2016,2012,IPL 2012,RCB,10,9,1,285,76*,35.62,261,109.19,0,3,33,5,4,0,0,11.00,42,-,-,-,-,0,0,0,"June 15, 2006","September 09, 2016","December 11, 1999","August 28, 2016"
48472,Tillakaratne Mudiyanselage Dilshan,"October 14, 1976, Kalutara",49y 266d,Sri Lanka,Allrounder,Right hand Bat,Right arm Offbreak,1999 - 2016,2011,IPL 2011,RCB,10,10,2,226,59*,28.25,180,125.55,0,2,33,3,1,0,1,9.00,72,1/30,1/30,108.00,72.0,0,0,0,"June 15, 2006","September 09, 2016","December 11, 1999","August 28, 2016"
48472,Tillakaratne Mudiyanselage Dilshan,"October 14, 1976, Kalutara",49y 266d,Sri Lanka,Allrounder,Right hand Bat,Right arm Offbreak,1999 - 2016,2009/10,IPL 2009/10,DC,6,6,0,44,17,7.33,53,83.01,0,0,6,0,4,0,3,8.57,49,1/7,1/7,23.33,16.3,0,0,0,"June 15, 2006","September 09, 2016","December 11, 1999","August 28, 2016"
48472,Tillakaratne Mudiyanselage Dilshan,"October 14, 1976, Kalutara",49y 266d,Sri Lanka,Allrounder,Right hand Bat,Right arm Offbreak,1999 - 2016,2009,IPL 2009,DC,14,13,3,418,67*,41.80,341,122.58,0,4,42,13,4,0,0,6.12,96,-,-,-,-,0,0,0,"June 15, 2006","September 09, 2016","December 11, 1999","August 28, 2016"
48472,Tillakaratne Mudiyanselage Dilshan,"October 14, 1976, Kalutara",49y 266d,Sri Lanka,Allrounder,Right hand Bat,Right arm Offbreak,1999 - 2016,2007/08,IPL 2007/08,DC,7,7,1,104,33,17.33,79,131.64,0,0,14,3,5,0,1,3.00,6,1/3,1/3,3.00,6.0,0,0,0,"June 15, 2006","September 09, 2016","December 11, 1999","August 28, 2016"
892749,Timothy Hays David,"March 16, 1996, Singapore",30y 113d,Australia,Middle order Batter,Right hand Bat,Right arm Offbreak,2019 - 2026,2026,IPL 2026,RCB,16,15,6,305,70*,33.88,162,188.27,0,1,22,23,3,0,0,18.00,6,-,-,-,-,0,0,0,"July 22, 2019","June 21, 2026","September 09, 2023","September 17, 2023"
892749,Timothy Hays David,"March 16, 1996, Singapore",30y 113d,Australia,Middle order Batter,Right hand Bat,Right arm Offbreak,2019 - 2026,2025,IPL 2025,RCB,12,9,6,187,50*,62.33,101,185.14,0,1,16,14,7,0,-,-,-,-,-,-,-,-,-,-,"July 22, 2019","June 21, 2026","September 09, 2023","September 17, 2023"
892749,Timothy Hays David,"March 16, 1996, Singapore",30y 113d,Australia,Middle order Batter,Right hand Bat,Right arm Offbreak,2019 - 2026,2024,IPL 2024,MI,13,11,3,241,45*,30.12,152,158.55,0,0,14,15,6,0,-,-,-,-,-,-,-,-,-,-,"July 22, 2019","June 21, 2026","September 09, 2023","September 17, 2023"
892749,Timothy Hays David,"March 16, 1996, Singapore",30y 113d,Australia,Middle order Batter,Right hand Bat,Right arm Offbreak,2019 - 2026,2023,IPL 2023,MI,16,15,6,231,45*,25.66,146,158.21,0,0,12,15,10,0,-,-,-,-,-,-,-,-,-,-,"July 22, 2019","June 21, 2026","September 09, 2023","September 17, 2023"
892749,Timothy Hays David,"March 16, 1996, Singapore",30y 113d,Australia,Middle order Batter,Right hand Bat,Right arm Offbreak,2019 - 2026,2022,IPL 2022,MI,8,8,3,186,46,37.20,86,216.27,0,0,12,16,6,0,-,-,-,-,-,-,-,-,-,-,"July 22, 2019","June 21, 2026","September 09, 2023","September 17, 2023"
892749,Timothy Hays David,"March 16, 1996, Singapore",30y 113d,Australia,Middle order Batter,Right hand Bat,Right arm Offbreak,2019 - 2026,2021,IPL 2021,RCB,1,1,0,1,1,1.00,3,33.33,0,0,0,0,0,0,-,-,-,-,-,-,-,-,-,-,"July 22, 2019","June 21, 2026","September 09, 2023","September 17, 2023"
232364,Timothy Grant Southee,"December 11, 1988, Whangarei, Northland",37y 209d,New Zealand,Bowler,Right hand Bat,Right arm Medium fast,2008 - 2024,2023,IPL 2023,KKR,2,-,-,-,-,-,-,-,-,-,-,-,0,0,2,13.16,36,2/54,2/54,39.50,18.0,0,0,0,"February 05, 2008","June 17, 2024","June 15, 2008","November 15, 2023"
232364,Timothy Grant Southee,"December 11, 1988, Whangarei, Northland",37y 209d,New Zealand,Bowler,Right hand Bat,Right arm Medium fast,2008 - 2024,2022,IPL 2022,KKR,9,5,1,2,1*,0.50,12,16.66,0,0,0,0,4,0,14,7.85,210,3/20,3/20,19.64,15.0,0,0,0,"February 05, 2008","June 17, 2024","June 15, 2008","November 15, 2023"
232364,Timothy Grant Southee,"December 11, 1988, Whangarei, Northland",37y 209d,New Zealand,Bowler,Right hand Bat,Right arm Medium fast,2008 - 2024,2021,IPL 2021,KKR,3,1,0,3,3,3.00,5,60.00,0,0,0,0,2,0,3,7.91,72,2/26,2/26,31.66,24.0,0,0,0,"February 05, 2008","June 17, 2024","June 15, 2008","November 15, 2023"
232364,Timothy Grant Southee,"December 11, 1988, Whangarei, Northland",37y 209d,New Zealand,Bowler,Right hand Bat,Right arm Medium fast,2008 - 2024,2019,IPL 2019,RCB,3,1,1,9,9*,-,9,100.00,0,0,0,0,3,0,1,13.11,54,1/24,1/24,118.00,54.0,0,0,0,"February 05, 2008","June 17, 2024","June 15, 2008","November 15, 2023"
232364,Timothy Grant Southee,"December 11, 1988, Whangarei, Northland",37y 209d,New Zealand,Bowler,Right hand Bat,Right arm Medium fast,2008 - 2024,2018,IPL 2018,RCB,8,4,2,52,36*,26.00,46,113.04,0,0,5,1,3,0,5,9.00,174,3/30,3/30,52.20,34.8,0,0,0,"February 05, 2008","June 17, 2024","June 15, 2008","November 15, 2023"
232364,Timothy Grant Southee,"December 11, 1988, Whangarei, Northland",37y 209d,New Zealand,Bowler,Right hand Bat,Right arm Medium fast,2008 - 2024,2017,IPL 2017,MI,3,1,0,7,7,7.00,3,233.33,0,0,0,1,1,0,3,9.60,60,2/39,2/39,32.00,20.0,0,0,0,"February 05, 2008","June 17, 2024","June 15, 2008","November 15, 2023"
232364,Timothy Grant Southee,"December 11, 1988, Whangarei, Northland",37y 209d,New Zealand,Bowler,Right hand Bat,Right arm Medium fast,2008 - 2024,2016,IPL 2016,MI,11,4,1,30,25,10.00,19,157.89,0,0,1,2,4,0,9,7.65,258,3/24,3/24,36.55,28.6,0,0,0,"February 05, 2008","June 17, 2024","June 15, 2008","November 15, 2023"
232364,Timothy Grant Southee,"December 11, 1988, Whangarei, Northland",37y 209d,New Zealand,Bowler,Right hand Bat,Right arm Medium fast,2008 - 2024,2015,IPL 2015,RR,7,3,2,13,7*,13.00,9,144.44,0,0,1,0,4,0,6,8.82,168,2/32,2/32,41.16,28.0,0,0,0,"February 05, 2008","June 17, 2024","June 15, 2008","November 15, 2023"
232364,Timothy Grant Southee,"December 11, 1988, Whangarei, Northland",37y 209d,New Zealand,Bowler,Right hand Bat,Right arm Medium fast,2008 - 2024,2014,IPL 2014,RR,3,1,0,4,4,4.00,4,100.00,0,0,1,0,2,0,0,7.60,60,-,-,-,-,0,0,0,"February 05, 2008","June 17, 2024","June 15, 2008","November 15, 2023"
232364,Timothy Grant Southee,"December 11, 1988, Whangarei, Northland",37y 209d,New Zealand,Bowler,Right hand Bat,Right arm Medium fast,2008 - 2024,2011,IPL 2011,CSK,5,-,-,-,-,-,-,-,-,-,-,-,0,0,4,8.73,114,1/30,1/30,41.50,28.5,0,0,0,"February 05, 2008","June 17, 2024","June 15, 2008","November 15, 2023"
530011,Travis Michael Head,"December 29, 1993, Adelaide, South Australia",32y 190d,Australia,Middle order Batter,Left hand Bat,Right arm Offbreak,2016 - 2026,2026,IPL 2026,SRH,15,15,0,410,76,27.33,241,170.12,0,2,46,23,0,0,1,7.00,6,1/7,1/7,7.00,6.0,0,0,0,"January 26, 2016","February 20, 2026","June 13, 2016","October 25, 2025"
530011,Travis Michael Head,"December 29, 1993, Adelaide, South Australia",32y 190d,Australia,Middle order Batter,Left hand Bat,Right arm Offbreak,2016 - 2026,2025,IPL 2025,SRH,13,12,0,374,76,31.16,230,162.60,0,3,50,15,3,0,-,-,-,-,-,-,-,-,-,-,"January 26, 2016","February 20, 2026","June 13, 2016","October 25, 2025"
530011,Travis Michael Head,"December 29, 1993, Adelaide, South Australia",32y 190d,Australia,Middle order Batter,Left hand Bat,Right arm Offbreak,2016 - 2026,2024,IPL 2024,SRH,15,15,1,567,102,40.50,296,191.55,1,4,64,32,0,0,0,19.20,10,-,-,-,-,0,0,0,"January 26, 2016","February 20, 2026","June 13, 2016","October 25, 2025"
530011,Travis Michael Head,"December 29, 1993, Adelaide, South Australia",32y 190d,Australia,Middle order Batter,Left hand Bat,Right arm Offbreak,2016 - 2026,2017,IPL 2017,RCB,7,7,2,151,75*,30.20,108,139.81,0,1,9,6,3,0,2,10.12,48,2/30,2/30,40.50,24.0,0,0,0,"January 26, 2016","February 20, 2026","June 13, 2016","October 25, 2025"
530011,Travis Michael Head,"December 29, 1993, Adelaide, South Australia",32y 190d,Australia,Middle order Batter,Left hand Bat,Right arm Offbreak,2016 - 2026,2016,IPL 2016,RCB,3,3,1,54,37,27.00,40,135.00,0,0,3,2,0,0,-,-,-,-,-,-,-,-,-,-,"January 26, 2016","February 20, 2026","June 13, 2016","October 25, 2025"
459257,Tymal Solomon Mills,"August 12, 1992, Dewsbury, Yorkshire",33y 329d,England,Bowler,Right hand Bat,Left arm Fast,2016 - 2023,2022,IPL 2022,MI,5,2,1,0,0*,0.00,3,0.00,0,0,0,0,0,0,6,11.17,102,3/35,3/35,31.66,17.0,0,0,0,"July 05, 2016","December 16, 2023",,
459257,Tymal Solomon Mills,"August 12, 1992, Dewsbury, Yorkshire",33y 329d,England,Bowler,Right hand Bat,Left arm Fast,2016 - 2023,2017,IPL 2017,RCB,5,3,0,8,6,2.66,11,72.72,0,0,0,1,1,0,5,8.57,107,2/31,2/31,30.60,21.4,0,0,0,"July 05, 2016","December 16, 2023",,
376116,Umeshkumar Tilak Yadav,"October 25, 1987, Nagpur, Maharashtra",38y 256d,India,Bowler,Right hand Bat,Right arm Fast,2010 - 2023,2024,IPL 2024,GT,7,2,1,12,10*,12.00,15,80.00,0,0,0,1,1,0,8,10.00,126,2/22,2/22,26.25,15.7,0,0,0,"August 07, 2012","October 04, 2022","May 28, 2010","October 24, 2018"
376116,Umeshkumar Tilak Yadav,"October 25, 1987, Nagpur, Maharashtra",38y 256d,India,Bowler,Right hand Bat,Right arm Fast,2010 - 2023,2023,IPL 2023,KKR,8,5,3,19,6*,9.50,18,105.55,0,0,1,0,3,0,1,9.94,114,1/27,1/27,189.00,114.0,0,0,0,"August 07, 2012","October 04, 2022","May 28, 2010","October 24, 2018"
376116,Umeshkumar Tilak Yadav,"October 25, 1987, Nagpur, Maharashtra",38y 256d,India,Bowler,Right hand Bat,Right arm Fast,2010 - 2023,2022,IPL 2022,KKR,12,7,3,55,21,13.75,40,137.50,0,0,4,4,5,0,16,7.06,288,4/23,4/23,21.18,18.0,1,0,0,"August 07, 2012","October 04, 2022","May 28, 2010","October 24, 2018"
376116,Umeshkumar Tilak Yadav,"October 25, 1987, Nagpur, Maharashtra",38y 256d,India,Bowler,Right hand Bat,Right arm Fast,2010 - 2023,2020/21,IPL 2020/21,RCB,2,1,0,0,0,0.00,2,0.00,0,0,0,0,0,0,0,11.85,42,-,-,-,-,0,0,0,"August 07, 2012","October 04, 2022","May 28, 2010","October 24, 2018"
376116,Umeshkumar Tilak Yadav,"October 25, 1987, Nagpur, Maharashtra",38y 256d,India,Bowler,Right hand Bat,Right arm Fast,2010 - 2023,2019,IPL 2019,RCB,11,7,5,25,14,12.50,25,100.00,0,0,3,1,4,0,8,9.80,227,3/36,3/36,46.37,28.3,0,0,0,"August 07, 2012","October 04, 2022","May 28, 2010","October 24, 2018"
376116,Umeshkumar Tilak Yadav,"October 25, 1987, Nagpur, Maharashtra",38y 256d,India,Bowler,Right hand Bat,Right arm Fast,2010 - 2023,2018,IPL 2018,RCB,14,5,1,3,1*,0.75,11,27.27,0,0,0,0,2,0,20,7.86,319,3/23,3/23,20.90,15.9,0,0,0,"August 07, 2012","October 04, 2022","May 28, 2010","October 24, 2018"
376116,Umeshkumar Tilak Yadav,"October 25, 1987, Nagpur, Maharashtra",38y 256d,India,Bowler,Right hand Bat,Right arm Fast,2010 - 2023,2017,IPL 2017,KKR,14,4,4,10,4*,-,13,76.92,0,0,0,0,4,0,17,8.45,291,4/33,4/33,24.11,17.1,1,0,0,"August 07, 2012","October 04, 2022","May 28, 2010","October 24, 2018"
376116,Umeshkumar Tilak Yadav,"October 25, 1987, Nagpur, Maharashtra",38y 256d,India,Bowler,Right hand Bat,Right arm Fast,2010 - 2023,2016,IPL 2016,KKR,9,2,1,9,7*,9.00,5,180.00,0,0,0,1,1,0,10,9.00,156,3/28,3/28,23.40,15.6,0,0,0,"August 07, 2012","October 04, 2022","May 28, 2010","October 24, 2018"
376116,Umeshkumar Tilak Yadav,"October 25, 1987, Nagpur, Maharashtra",38y 256d,India,Bowler,Right hand Bat,Right arm Fast,2010 - 2023,2015,IPL 2015,KKR,12,4,3,29,24*,29.00,14,207.14,0,0,5,1,5,0,10,9.09,252,3/33,3/33,38.20,25.2,0,0,0,"August 07, 2012","October 04, 2022","May 28, 2010","October 24, 2018"
376116,Umeshkumar Tilak Yadav,"October 25, 1987, Nagpur, Maharashtra",38y 256d,India,Bowler,Right hand Bat,Right arm Fast,2010 - 2023,2014,IPL 2014,KKR,12,1,0,2,2,2.00,4,50.00,0,0,0,0,2,0,11,8.15,270,3/13,3/13,33.36,24.5,0,0,0,"August 07, 2012","October 04, 2022","May 28, 2010","October 24, 2018"
376116,Umeshkumar Tilak Yadav,"October 25, 1987, Nagpur, Maharashtra",38y 256d,India,Bowler,Right hand Bat,Right arm Fast,2010 - 2023,2013,IPL 2013,DC,16,8,7,38,12*,38.00,38,100.00,0,0,3,1,5,0,16,8.78,347,4/24,4/24,31.75,21.6,1,0,0,"August 07, 2012","October 04, 2022","May 28, 2010","October 24, 2018"
376116,Umeshkumar Tilak Yadav,"October 25, 1987, Nagpur, Maharashtra",38y 256d,India,Bowler,Right hand Bat,Right arm Fast,2010 - 2023,2012,IPL 2012,DC,17,3,1,2,1*,1.00,7,28.57,0,0,0,0,2,0,19,7.42,366,3/19,3/19,23.84,19.2,0,0,0,"August 07, 2012","October 04, 2022","May 28, 2010","October 24, 2018"
376116,Umeshkumar Tilak Yadav,"October 25, 1987, Nagpur, Maharashtra",38y 256d,India,Bowler,Right hand Bat,Right arm Fast,2010 - 2023,2011,IPL 2011,DC,7,2,1,1,1*,1.00,5,20.00,0,0,0,0,3,0,2,9.38,108,2/29,2/29,84.50,54.0,0,0,0,"August 07, 2012","October 04, 2022","May 28, 2010","October 24, 2018"
376116,Umeshkumar Tilak Yadav,"October 25, 1987, Nagpur, Maharashtra",38y 256d,India,Bowler,Right hand Bat,Right arm Fast,2010 - 2023,2009/10,IPL 2009/10,DC,7,1,1,3,3*,-,4,75.00,0,0,0,0,1,0,6,7.66,144,2/24,2/24,30.66,24.0,0,0,0,"August 07, 2012","October 04, 2022","May 28, 2010","October 24, 2018"
360911,Varun Raymond Aaron,"October 29, 1989, Singhbhum, Bihar (now Jharkhand)",36y 251d,India,Bowler,Right hand Bat,Right arm Fast,2011 - 2015,2022,IPL 2022,GT,2,-,-,-,-,-,-,-,-,-,-,-,0,0,2,10.40,30,2/45,2/45,26.00,15.0,0,0,0,,,"October 23, 2011","November 02, 2014"
360911,Varun Raymond Aaron,"October 29, 1989, Singhbhum, Bihar (now Jharkhand)",36y 251d,India,Bowler,Right hand Bat,Right arm Fast,2011 - 2015,2020/21,IPL 2020/21,RR,3,2,1,1,1,1.00,10,10.00,0,0,0,0,0,0,0,11.75,48,-,-,-,-,0,0,0,,,"October 23, 2011","November 02, 2014"
360911,Varun Raymond Aaron,"October 29, 1989, Singhbhum, Bihar (now Jharkhand)",36y 251d,India,Bowler,Right hand Bat,Right arm Fast,2011 - 2015,2019,IPL 2019,RR,5,1,1,3,3*,-,7,42.85,0,0,0,0,1,0,4,9.66,72,2/20,2/20,29.00,18.0,0,0,0,,,"October 23, 2011","November 02, 2014"
360911,Varun Raymond Aaron,"October 29, 1989, Singhbhum, Bihar (now Jharkhand)",36y 251d,India,Bowler,Right hand Bat,Right arm Fast,2011 - 2015,2017,IPL 2017,PBKS,6,2,1,4,4,4.00,10,40.00,0,0,0,0,0,0,7,8.15,120,2/3,2/3,23.28,17.1,0,0,0,,,"October 23, 2011","November 02, 2014"
360911,Varun Raymond Aaron,"October 29, 1989, Singhbhum, Bihar (now Jharkhand)",36y 251d,India,Bowler,Right hand Bat,Right arm Fast,2011 - 2015,2016,IPL 2016,RCB,8,1,1,0,0*,-,0,-,0,0,0,0,0,0,2,9.59,142,2/37,2/37,113.50,71.0,0,0,0,,,"October 23, 2011","November 02, 2014"
360911,Varun Raymond Aaron,"October 29, 1989, Singhbhum, Bihar (now Jharkhand)",36y 251d,India,Bowler,Right hand Bat,Right arm Fast,2011 - 2015,2015,IPL 2015,RCB,6,1,0,6,6,6.00,3,200.00,0,0,0,1,1,0,3,10.21,104,2/24,2/24,59.00,34.6,0,0,0,,,"October 23, 2011","November 02, 2014"
360911,Varun Raymond Aaron,"October 29, 1989, Singhbhum, Bihar (now Jharkhand)",36y 251d,India,Bowler,Right hand Bat,Right arm Fast,2011 - 2015,2014,IPL 2014,RCB,10,3,3,35,17*,-,34,102.94,0,0,2,1,0,0,16,8.15,220,3/16,3/16,18.68,13.7,0,0,0,,,"October 23, 2011","November 02, 2014"
360911,Varun Raymond Aaron,"October 29, 1989, Singhbhum, Bihar (now Jharkhand)",36y 251d,India,Bowler,Right hand Bat,Right arm Fast,2011 - 2015,2012,IPL 2012,DC,8,2,0,1,1,0.50,3,33.33,0,0,0,0,1,0,8,8.74,186,2/19,2/19,33.87,23.2,0,0,0,,,"October 23, 2011","November 02, 2014"
360911,Varun Raymond Aaron,"October 29, 1989, Singhbhum, Bihar (now Jharkhand)",36y 251d,India,Bowler,Right hand Bat,Right arm Fast,2011 - 2015,2011,IPL 2011,DC,4,1,1,0,0*,-,5,0.00,0,0,0,0,0,0,2,6.83,72,1/20,1/20,41.00,36.0,0,0,0,,,"October 23, 2011","November 02, 2014"
851403,Venkatesh Rajasekaran Iyer,"December 25, 1994, Indore, Madhya Pradesh",31y 194d,India,Allrounder,Left hand Bat,Right arm Medium,2021 - 2022,2026,IPL 2026,RCB,7,6,2,209,73*,52.25,112,186.60,0,1,21,13,1,0,-,-,-,-,-,-,-,-,-,-,"November 17, 2021","February 27, 2022","January 19, 2022","January 21, 2022"
851403,Venkatesh Rajasekaran Iyer,"December 25, 1994, Indore, Madhya Pradesh",31y 194d,India,Allrounder,Left hand Bat,Right arm Medium,2021 - 2022,2025,IPL 2025,KKR,11,7,0,142,60,20.28,102,139.21,0,1,15,4,4,0,-,-,-,-,-,-,-,-,-,-,"November 17, 2021","February 27, 2022","January 19, 2022","January 21, 2022"
851403,Venkatesh Rajasekaran Iyer,"December 25, 1994, Indore, Madhya Pradesh",31y 194d,India,Allrounder,Left hand Bat,Right arm Medium,2021 - 2022,2024,IPL 2024,KKR,15,13,5,370,70,46.25,233,158.79,0,4,35,19,4,0,0,28.00,6,-,-,-,-,0,0,0,"November 17, 2021","February 27, 2022","January 19, 2022","January 21, 2022"
851403,Venkatesh Rajasekaran Iyer,"December 25, 1994, Indore, Madhya Pradesh",31y 194d,India,Allrounder,Left hand Bat,Right arm Medium,2021 - 2022,2023,IPL 2023,KKR,14,14,0,404,104,28.85,277,145.84,1,2,32,21,3,0,-,-,-,-,-,-,-,-,-,-,"November 17, 2021","February 27, 2022","January 19, 2022","January 21, 2022"
851403,Venkatesh Rajasekaran Iyer,"December 25, 1994, Indore, Madhya Pradesh",31y 194d,India,Allrounder,Left hand Bat,Right arm Medium,2021 - 2022,2022,IPL 2022,KKR,12,12,1,182,50*,16.54,169,107.69,0,1,17,7,4,0,0,11.50,24,-,-,-,-,0,0,0,"November 17, 2021","February 27, 2022","January 19, 2022","January 21, 2022"
851403,Venkatesh Rajasekaran Iyer,"December 25, 1994, Indore, Madhya Pradesh",31y 194d,India,Allrounder,Left hand Bat,Right arm Medium,2021 - 2022,2021,IPL 2021,KKR,10,10,1,370,67,41.11,288,128.47,0,4,37,14,7,0,3,8.11,51,2/29,2/29,23.00,17.0,0,0,0,"November 17, 2021","February 27, 2022","January 19, 2022","January 21, 2022"
554699,Vijay Hari Zol,"November 23, 1994, Jalna, Maharashtra",31y 227d,India,,Left hand Bat,Right arm Offbreak,-,2014,IPL 2014,RCB,3,2,0,29,16,14.50,26,111.53,0,0,3,1,0,0,-,-,-,-,-,-,-,-,-,-,,,,
777815,Vijaykumar Vyshak,"January 31, 1997, Bangalore, Karnataka",29y 158d,India,Bowler,Right hand Bat,Right arm Medium,-,2026,IPL 2026,PBKS,10,2,2,2,1*,-,4,50.00,0,0,0,0,1,0,9,10.64,186,3/34,3/34,36.66,20.6,0,0,0,,,,
777815,Vijaykumar Vyshak,"January 31, 1997, Bangalore, Karnataka",29y 158d,India,Bowler,Right hand Bat,Right arm Medium,-,2025,IPL 2025,PBKS,5,-,-,-,-,-,-,-,-,-,-,-,1,0,4,10.64,102,2/44,2/44,45.25,25.5,0,0,0,,,,
777815,Vijaykumar Vyshak,"January 31, 1997, Bangalore, Karnataka",29y 158d,India,Bowler,Right hand Bat,Right arm Medium,-,2024,IPL 2024,RCB,4,2,1,1,1*,1.00,3,33.33,0,0,0,0,3,0,4,9.79,87,2/23,2/23,35.50,21.7,0,0,0,,,,
777815,Vijaykumar Vyshak,"January 31, 1997, Bangalore, Karnataka",29y 158d,India,Bowler,Right hand Bat,Right arm Medium,-,2023,IPL 2023,RCB,7,2,1,13,13*,13.00,9,144.44,0,0,0,1,1,0,9,10.54,144,3/20,3/20,28.11,16.0,0,0,0,,,,
35731,Ranganath Vinay Kumar,"February 12, 1984, Davanagere, Karnataka",42y 146d,India,Bowler,Right hand Bat,Right arm Medium,2010 - 2013,2018,IPL 2018,KKR,2,1,1,6,6*,-,3,200.00,0,0,1,0,2,0,2,16.95,23,2/30,2/30,32.50,11.5,0,0,0,"May 11, 2010","October 10, 2013","May 28, 2010","November 02, 2013"
35731,Ranganath Vinay Kumar,"February 12, 1984, Davanagere, Karnataka",42y 146d,India,Bowler,Right hand Bat,Right arm Medium,2010 - 2013,2017,IPL 2017,MI,1,-,-,-,-,-,-,-,-,-,-,-,0,0,2,10.33,18,2/31,2/31,15.50,9.0,0,0,0,"May 11, 2010","October 10, 2013","May 28, 2010","November 02, 2013"
35731,Ranganath Vinay Kumar,"February 12, 1984, Davanagere, Karnataka",42y 146d,India,Bowler,Right hand Bat,Right arm Medium,2010 - 2013,2016,IPL 2016,MI,3,2,1,13,12,13.00,12,108.33,0,0,0,1,0,0,3,7.11,54,2/17,2/17,21.33,18.0,0,0,0,"May 11, 2010","October 10, 2013","May 28, 2010","November 02, 2013"
35731,Ranganath Vinay Kumar,"February 12, 1984, Davanagere, Karnataka",42y 146d,India,Bowler,Right hand Bat,Right arm Medium,2010 - 2013,2015,IPL 2015,MI,13,3,2,0,0*,0.00,2,0.00,0,0,0,0,6,0,7,8.45,261,2/26,2/26,52.57,37.2,0,0,0,"May 11, 2010","October 10, 2013","May 28, 2010","November 02, 2013"
35731,Ranganath Vinay Kumar,"February 12, 1984, Davanagere, Karnataka",42y 146d,India,Bowler,Right hand Bat,Right arm Medium,2010 - 2013,2014,IPL 2014,KKR,9,4,2,4,4,2.00,6,66.66,0,0,0,0,1,0,7,8.78,192,2/26,2/26,40.14,27.4,0,0,0,"May 11, 2010","October 10, 2013","May 28, 2010","November 02, 2013"
35731,Ranganath Vinay Kumar,"February 12, 1984, Davanagere, Karnataka",42y 146d,India,Bowler,Right hand Bat,Right arm Medium,2010 - 2013,2013,IPL 2013,RCB,16,5,4,70,26*,70.00,44,159.09,0,0,6,3,8,0,23,8.19,361,3/18,3/18,21.43,15.6,0,0,0,"May 11, 2010","October 10, 2013","May 28, 2010","November 02, 2013"
35731,Ranganath Vinay Kumar,"February 12, 1984, Davanagere, Karnataka",42y 146d,India,Bowler,Right hand Bat,Right arm Medium,2010 - 2013,2012,IPL 2012,RCB,15,7,2,68,25,13.60,62,109.67,0,0,3,2,6,0,19,8.59,335,3/22,3/22,25.26,17.6,0,0,0,"May 11, 2010","October 10, 2013","May 28, 2010","November 02, 2013"
35731,Ranganath Vinay Kumar,"February 12, 1984, Davanagere, Karnataka",42y 146d,India,Bowler,Right hand Bat,Right arm Medium,2010 - 2013,2011,IPL 2011,Kochi,13,7,1,50,18,8.33,47,106.38,0,0,4,1,4,0,12,7.50,268,3/25,3/25,27.91,22.3,0,0,0,"May 11, 2010","October 10, 2013","May 28, 2010","November 02, 2013"
35731,Ranganath Vinay Kumar,"February 12, 1984, Davanagere, Karnataka",42y 146d,India,Bowler,Right hand Bat,Right arm Medium,2010 - 2013,2009/10,IPL 2009/10,RCB,14,5,1,27,10*,6.75,32,84.37,0,0,1,0,3,0,16,8.54,278,4/40,4/40,24.75,17.3,1,0,0,"May 11, 2010","October 10, 2013","May 28, 2010","November 02, 2013"
35731,Ranganath Vinay Kumar,"February 12, 1984, Davanagere, Karnataka",42y 146d,India,Bowler,Right hand Bat,Right arm Medium,2010 - 2013,2009,IPL 2009,RCB,11,8,3,47,12,9.40,44,106.81,0,0,4,1,3,0,9,8.38,194,2/30,2/30,30.11,21.5,0,0,0,"May 11, 2010","October 10, 2013","May 28, 2010","November 02, 2013"
35731,Ranganath Vinay Kumar,"February 12, 1984, Davanagere, Karnataka",42y 146d,India,Bowler,Right hand Bat,Right arm Medium,2010 - 2013,2007/08,IPL 2007/08,RCB,8,4,1,25,23,8.33,22,113.63,0,0,2,1,2,0,5,7.91,138,3/27,3/27,36.40,27.6,0,0,0,"May 11, 2010","October 10, 2013","May 28, 2010","November 02, 2013"
253802,Virat Kohli,"November 05, 1988, Delhi",37y 244d,India,Top order Batter,Right hand Bat,Right arm Medium,2008 - 2026,2026,IPL 2026,RCB,16,16,4,675,105*,56.25,407,165.84,1,5,73,25,9,0,-,-,-,-,-,-,-,-,-,-,"June 12, 2010","June 29, 2024","August 18, 2008","January 18, 2026"
253802,Virat Kohli,"November 05, 1988, Delhi",37y 244d,India,Top order Batter,Right hand Bat,Right arm Medium,2008 - 2026,2025,IPL 2025,RCB,15,15,3,657,73*,54.75,454,144.71,0,8,66,19,3,0,-,-,-,-,-,-,-,-,-,-,"June 12, 2010","June 29, 2024","August 18, 2008","January 18, 2026"
253802,Virat Kohli,"November 05, 1988, Delhi",37y 244d,India,Top order Batter,Right hand Bat,Right arm Medium,2008 - 2026,2024,IPL 2024,RCB,15,15,3,741,113*,61.75,479,154.69,1,5,62,38,8,0,-,-,-,-,-,-,-,-,-,-,"June 12, 2010","June 29, 2024","August 18, 2008","January 18, 2026"
253802,Virat Kohli,"November 05, 1988, Delhi",37y 244d,India,Top order Batter,Right hand Bat,Right arm Medium,2008 - 2026,2023,IPL 2023,RCB,14,14,2,639,101*,53.25,457,139.82,2,6,65,16,13,0,-,-,-,-,-,-,-,-,-,-,"June 12, 2010","June 29, 2024","August 18, 2008","January 18, 2026"
253802,Virat Kohli,"November 05, 1988, Delhi",37y 244d,India,Top order Batter,Right hand Bat,Right arm Medium,2008 - 2026,2022,IPL 2022,RCB,16,16,1,341,73,22.73,294,115.98,0,2,32,8,9,0,-,-,-,-,-,-,-,-,-,-,"June 12, 2010","June 29, 2024","August 18, 2008","January 18, 2026"
253802,Virat Kohli,"November 05, 1988, Delhi",37y 244d,India,Top order Batter,Right hand Bat,Right arm Medium,2008 - 2026,2021,IPL 2021,RCB,15,15,1,405,72*,28.92,339,119.46,0,3,43,9,8,0,-,-,-,-,-,-,-,-,-,-,"June 12, 2010","June 29, 2024","August 18, 2008","January 18, 2026"
253802,Virat Kohli,"November 05, 1988, Delhi",37y 244d,India,Top order Batter,Right hand Bat,Right arm Medium,2008 - 2026,2020/21,IPL 2020/21,RCB,15,15,4,466,90*,42.36,384,121.35,0,3,23,11,3,0,-,-,-,-,-,-,-,-,-,-,"June 12, 2010","June 29, 2024","August 18, 2008","January 18, 2026"
253802,Virat Kohli,"November 05, 1988, Delhi",37y 244d,India,Top order Batter,Right hand Bat,Right arm Medium,2008 - 2026,2019,IPL 2019,RCB,14,14,0,464,100,33.14,328,141.46,1,2,46,13,5,0,-,-,-,-,-,-,-,-,-,-,"June 12, 2010","June 29, 2024","August 18, 2008","January 18, 2026"
253802,Virat Kohli,"November 05, 1988, Delhi",37y 244d,India,Top order Batter,Right hand Bat,Right arm Medium,2008 - 2026,2018,IPL 2018,RCB,14,14,3,530,92*,48.18,381,139.10,0,4,52,18,8,0,-,-,-,-,-,-,-,-,-,-,"June 12, 2010","June 29, 2024","August 18, 2008","January 18, 2026"
253802,Virat Kohli,"November 05, 1988, Delhi",37y 244d,India,Top order Batter,Right hand Bat,Right arm Medium,2008 - 2026,2017,IPL 2017,RCB,10,10,0,308,64,30.80,252,122.22,0,4,23,11,5,0,-,-,-,-,-,-,-,-,-,-,"June 12, 2010","June 29, 2024","August 18, 2008","January 18, 2026"
253802,Virat Kohli,"November 05, 1988, Delhi",37y 244d,India,Top order Batter,Right hand Bat,Right arm Medium,2008 - 2026,2016,IPL 2016,RCB,16,16,4,973,113,81.08,640,152.03,4,7,83,38,6,0,0,13.00,6,-,-,-,-,0,0,0,"June 12, 2010","June 29, 2024","August 18, 2008","January 18, 2026"
253802,Virat Kohli,"November 05, 1988, Delhi",37y 244d,India,Top order Batter,Right hand Bat,Right arm Medium,2008 - 2026,2015,IPL 2015,RCB,16,16,5,505,82*,45.90,386,130.82,0,3,35,23,7,0,0,5.45,11,-,-,-,-,0,0,0,"June 12, 2010","June 29, 2024","August 18, 2008","January 18, 2026"
253802,Virat Kohli,"November 05, 1988, Delhi",37y 244d,India,Top order Batter,Right hand Bat,Right arm Medium,2008 - 2026,2014,IPL 2014,RCB,14,14,1,359,73,27.61,294,122.10,0,2,23,16,7,0,-,-,-,-,-,-,-,-,-,-,"June 12, 2010","June 29, 2024","August 18, 2008","January 18, 2026"
253802,Virat Kohli,"November 05, 1988, Delhi",37y 244d,India,Top order Batter,Right hand Bat,Right arm Medium,2008 - 2026,2013,IPL 2013,RCB,16,16,2,634,99,45.28,457,138.73,0,6,64,22,7,0,-,-,-,-,-,-,-,-,-,-,"June 12, 2010","June 29, 2024","August 18, 2008","January 18, 2026"
253802,Virat Kohli,"November 05, 1988, Delhi",37y 244d,India,Top order Batter,Right hand Bat,Right arm Medium,2008 - 2026,2012,IPL 2012,RCB,16,15,2,364,73*,28.00,326,111.65,0,2,33,9,7,0,0,16.33,18,-,-,-,-,0,0,0,"June 12, 2010","June 29, 2024","August 18, 2008","January 18, 2026"
253802,Virat Kohli,"November 05, 1988, Delhi",37y 244d,India,Top order Batter,Right hand Bat,Right arm Medium,2008 - 2026,2011,IPL 2011,RCB,16,16,4,557,71,46.41,460,121.08,0,4,55,16,7,0,2,8.17,102,1/8,1/8,69.50,51.0,0,0,0,"June 12, 2010","June 29, 2024","August 18, 2008","January 18, 2026"
253802,Virat Kohli,"November 05, 1988, Delhi",37y 244d,India,Top order Batter,Right hand Bat,Right arm Medium,2008 - 2026,2009/10,IPL 2009/10,RCB,16,13,2,307,58,27.90,212,144.81,0,1,26,12,3,0,0,9.37,32,-,-,-,-,0,0,0,"June 12, 2010","June 29, 2024","August 18, 2008","January 18, 2026"
253802,Virat Kohli,"November 05, 1988, Delhi",37y 244d,India,Top order Batter,Right hand Bat,Right arm Medium,2008 - 2026,2009,IPL 2009,RCB,16,13,2,246,50,22.36,219,112.32,0,1,22,8,9,0,0,7.66,36,-,-,-,-,0,0,0,"June 12, 2010","June 29, 2024","August 18, 2008","January 18, 2026"
253802,Virat Kohli,"November 05, 1988, Delhi",37y 244d,India,Top order Batter,Right hand Bat,Right arm Medium,2008 - 2026,2007/08,IPL 2007/08,RCB,13,12,1,165,38,15.00,157,105.09,0,0,18,4,2,0,2,7.95,46,2/25,2/25,30.50,23.0,0,0,0,"June 12, 2010","June 29, 2024","August 18, 2008","January 18, 2026"
732293,Vishnu Vinod,"December 02, 1993,  Pathanamthitta, Kerala",32y 218d,India,Wicketkeeper Batter,Right hand Bat,,-,2026,IPL 2026,PBKS,1,1,1,15,15*,-,8,187.50,0,0,1,1,0,0,-,-,-,-,-,-,-,-,-,-,,,,
732293,Vishnu Vinod,"December 02, 1993,  Pathanamthitta, Kerala",32y 218d,India,Wicketkeeper Batter,Right hand Bat,,-,2023,IPL 2023,MI,3,3,0,37,30,12.33,31,119.35,0,0,2,2,0,0,-,-,-,-,-,-,-,-,-,-,,,,
732293,Vishnu Vinod,"December 02, 1993,  Pathanamthitta, Kerala",32y 218d,India,Wicketkeeper Batter,Right hand Bat,,-,2017,IPL 2017,RCB,3,3,0,19,9,6.33,26,73.07,0,0,1,1,0,2,-,-,-,-,-,-,-,-,-,-,,,,
784379,Pinnaduwage Wanindu Hasaranga de Silva,"July 29, 1997, Galle",28y 343d,Sri Lanka,Allrounder,Right hand Bat,Legbreak,2017 - 2026,2025,IPL 2025,RR,11,5,0,9,4,1.80,15,60.00,0,0,0,0,2,0,11,9.04,246,4/35,4/35,33.72,22.3,1,0,0,"September 01, 2019","June 14, 2026","July 02, 2017","June 06, 2026"
784379,Pinnaduwage Wanindu Hasaranga de Silva,"July 29, 1997, Galle",28y 343d,Sri Lanka,Allrounder,Right hand Bat,Legbreak,2017 - 2026,2023,IPL 2023,RCB,8,5,3,33,12*,16.50,28,117.85,0,0,3,0,0,0,9,8.89,174,2/24,2/24,28.66,19.3,0,0,0,"September 01, 2019","June 14, 2026","July 02, 2017","June 06, 2026"
784379,Pinnaduwage Wanindu Hasaranga de Silva,"July 29, 1997, Galle",28y 343d,Sri Lanka,Allrounder,Right hand Bat,Legbreak,2017 - 2026,2022,IPL 2022,RCB,16,7,0,38,18,5.42,43,88.37,0,0,4,1,3,0,26,7.54,342,5/18,5/18,16.53,13.1,1,1,0,"September 01, 2019","June 14, 2026","July 02, 2017","June 06, 2026"
784379,Pinnaduwage Wanindu Hasaranga de Silva,"July 29, 1997, Galle",28y 343d,Sri Lanka,Allrounder,Right hand Bat,Legbreak,2017 - 2026,2021,IPL 2021,RCB,2,2,1,1,1*,1.00,2,50.00,0,0,0,0,0,0,0,10.00,36,-,-,-,-,0,0,0,"September 01, 2019","June 14, 2026","July 02, 2017","June 06, 2026"
719715,Washington Sundar,"October 05, 1999, Chennai, Tamil Nadu",26y 276d,India,Bowling Allrounder,Left hand Bat,Right arm Offbreak,2017 - 2026,2026,IPL 2026,GT,17,16,6,377,55,37.70,251,150.19,0,3,40,12,6,0,1,9.16,55,1/27,1/27,84.00,55.0,0,0,0,"December 24, 2017","June 26, 2026","December 13, 2017","June 20, 2026"
719715,Washington Sundar,"October 05, 1999, Chennai, Tamil Nadu",26y 276d,India,Bowling Allrounder,Left hand Bat,Right arm Offbreak,2017 - 2026,2025,IPL 2025,GT,6,5,0,133,49,26.60,80,166.25,0,0,10,7,3,0,2,10.24,65,1/28,1/28,55.50,32.5,0,0,0,"December 24, 2017","June 26, 2026","December 13, 2017","June 20, 2026"
719715,Washington Sundar,"October 05, 1999, Chennai, Tamil Nadu",26y 276d,India,Bowling Allrounder,Left hand Bat,Right arm Offbreak,2017 - 2026,2024,IPL 2024,SRH,2,2,1,0,0*,0.00,1,0.00,0,0,0,0,0,0,1,14.60,30,1/46,1/46,73.00,30.0,0,0,0,"December 24, 2017","June 26, 2026","December 13, 2017","June 20, 2026"
719715,Washington Sundar,"October 05, 1999, Chennai, Tamil Nadu",26y 276d,India,Bowling Allrounder,Left hand Bat,Right arm Offbreak,2017 - 2026,2023,IPL 2023,SRH,7,5,1,60,24*,15.00,60,100.00,0,0,6,0,2,0,3,8.26,106,3/28,3/28,48.66,35.3,0,0,0,"December 24, 2017","June 26, 2026","December 13, 2017","June 20, 2026"
719715,Washington Sundar,"October 05, 1999, Chennai, Tamil Nadu",26y 276d,India,Bowling Allrounder,Left hand Bat,Right arm Offbreak,2017 - 2026,2022,IPL 2022,SRH,9,7,0,101,40,14.42,69,146.37,0,0,9,3,1,0,6,8.53,168,2/21,2/21,39.83,28.0,0,0,0,"December 24, 2017","June 26, 2026","December 13, 2017","June 20, 2026"
719715,Washington Sundar,"October 05, 1999, Chennai, Tamil Nadu",26y 276d,India,Bowling Allrounder,Left hand Bat,Right arm Offbreak,2017 - 2026,2021,IPL 2021,RCB,6,4,0,31,10,7.75,47,65.95,0,0,2,0,2,0,3,7.37,96,1/7,1/7,39.33,32.0,0,0,0,"December 24, 2017","June 26, 2026","December 13, 2017","June 20, 2026"
719715,Washington Sundar,"October 05, 1999, Chennai, Tamil Nadu",26y 276d,India,Bowling Allrounder,Left hand Bat,Right arm Offbreak,2017 - 2026,2020/21,IPL 2020/21,RCB,15,9,3,111,30,18.50,95,116.84,0,0,10,2,0,0,8,5.96,300,2/16,2/16,37.25,37.5,0,0,0,"December 24, 2017","June 26, 2026","December 13, 2017","June 20, 2026"
719715,Washington Sundar,"October 05, 1999, Chennai, Tamil Nadu",26y 276d,India,Bowling Allrounder,Left hand Bat,Right arm Offbreak,2017 - 2026,2019,IPL 2019,RCB,3,2,0,1,1,0.50,3,33.33,0,0,0,0,2,0,4,8.22,54,3/24,3/24,18.50,13.5,0,0,0,"December 24, 2017","June 26, 2026","December 13, 2017","June 20, 2026"
719715,Washington Sundar,"October 05, 1999, Chennai, Tamil Nadu",26y 276d,India,Bowling Allrounder,Left hand Bat,Right arm Offbreak,2017 - 2026,2018,IPL 2018,RCB,7,6,3,65,35,21.66,38,171.05,0,0,5,4,0,0,4,9.60,120,2/22,2/22,48.00,30.0,0,0,0,"December 24, 2017","June 26, 2026","December 13, 2017","June 20, 2026"
719715,Washington Sundar,"October 05, 1999, Chennai, Tamil Nadu",26y 276d,India,Bowling Allrounder,Left hand Bat,Right arm Offbreak,2017 - 2026,2017,IPL 2017,RPS,11,5,4,9,5*,9.00,12,75.00,0,0,0,0,5,0,8,6.16,180,3/16,3/16,23.12,22.5,0,0,0,"December 24, 2017","June 26, 2026","December 13, 2017","June 20, 2026"
29646,Wasim Jaffer,"February 16, 1978, Bombay (now Mumbai), Maharashtra",48y 141d,India,Top order Batter,Right hand Bat,Right arm Offbreak,2000 - 2008,2009,IPL 2009,RCB,2,2,0,15,8,7.50,17,88.23,0,0,2,0,1,0,-,-,-,-,-,-,-,-,-,-,,,"November 22, 2006","November 29, 2006"
29646,Wasim Jaffer,"February 16, 1978, Bombay (now Mumbai), Maharashtra",48y 141d,India,Top order Batter,Right hand Bat,Right arm Offbreak,2000 - 2008,2007/08,IPL 2007/08,RCB,6,6,0,115,50,19.16,104,110.57,0,1,12,3,3,0,-,-,-,-,-,-,-,-,-,-,,,"November 22, 2006","November 29, 2006"
265564,Wayne Dillon Parnell,"July 30, 1989, Port Elizabeth, Cape Province",36y 342d,South Africa,Bowler,Left hand Bat,Left arm Medium fast,2009 - 2023,2023,IPL 2023,RCB,7,1,0,2,2,2.00,5,40.00,0,0,0,0,4,0,9,9.37,151,3/10,3/10,26.22,16.7,0,0,0,"January 13, 2009","March 28, 2023","January 30, 2009","March 21, 2023"
265564,Wayne Dillon Parnell,"July 30, 1989, Port Elizabeth, Cape Province",36y 342d,South Africa,Bowler,Left hand Bat,Left arm Medium fast,2009 - 2023,2014,IPL 2014,DC,8,2,1,2,2,2.00,2,100.00,0,0,0,0,2,0,6,7.39,181,2/21,2/21,37.16,30.1,0,0,0,"January 13, 2009","March 28, 2023","January 30, 2009","March 21, 2023"
265564,Wayne Dillon Parnell,"July 30, 1989, Port Elizabeth, Cape Province",36y 342d,South Africa,Bowler,Left hand Bat,Left arm Medium fast,2009 - 2023,2013,IPL 2013,PWI,4,1,0,5,5,5.00,7,71.42,0,0,0,0,1,0,6,9.23,89,3/27,3/27,22.83,14.8,0,0,0,"January 13, 2009","March 28, 2023","January 30, 2009","March 21, 2023"
265564,Wayne Dillon Parnell,"July 30, 1989, Port Elizabeth, Cape Province",36y 342d,South Africa,Bowler,Left hand Bat,Left arm Medium fast,2009 - 2023,2012,IPL 2012,PWI,6,5,1,19,11,4.75,27,70.37,0,0,2,0,1,0,5,6.09,126,2/18,2/18,25.60,25.2,0,0,0,"January 13, 2009","March 28, 2023","January 30, 2009","March 21, 2023"
265564,Wayne Dillon Parnell,"July 30, 1989, Port Elizabeth, Cape Province",36y 342d,South Africa,Bowler,Left hand Bat,Left arm Medium fast,2009 - 2023,2011,IPL 2011,PWI,8,5,2,37,16,12.33,39,94.87,0,0,2,1,1,0,9,7.26,176,3/35,3/35,23.66,19.5,0,0,0,"January 13, 2009","March 28, 2023","January 30, 2009","March 21, 2023"
897549,William George Jacks,"November 21, 1998, Chertsey, Surrey",27y 228d,England,Batting Allrounder,Right hand Bat,Right arm Offbreak,2022 - 2026,2026,IPL 2026,MI,7,7,2,139,46,27.80,76,182.89,0,0,12,9,2,0,2,10.64,53,1/12,1/12,47.00,26.5,0,0,0,"September 23, 2022","July 07, 2026","March 01, 2023","January 27, 2026"
897549,William George Jacks,"November 21, 1998, Chertsey, Surrey",27y 228d,England,Batting Allrounder,Right hand Bat,Right arm Offbreak,2022 - 2026,2025,IPL 2025,MI,13,11,1,233,53,23.30,172,135.46,0,1,22,11,6,0,6,8.57,84,2/14,2/14,20.00,14.0,0,0,0,"September 23, 2022","July 07, 2026","March 01, 2023","January 27, 2026"
897549,William George Jacks,"November 21, 1998, Chertsey, Surrey",27y 228d,England,Batting Allrounder,Right hand Bat,Right arm Offbreak,2022 - 2026,2024,IPL 2024,RCB,8,8,1,230,100*,32.85,131,175.57,1,1,16,18,3,0,2,11.11,54,1/23,1/23,50.00,27.0,0,0,0,"September 23, 2022","July 07, 2026","March 01, 2023","January 27, 2026"
1159720,Yash Dayal,"December 13, 1997, Allahabad, Uttar Pradesh",28y 207d,India,Bowler,Right hand Bat,Left arm Medium fast,-,2025,IPL 2025,RCB,15,3,1,4,3,2.00,8,50.00,0,0,0,0,3,0,13,9.59,294,2/18,2/18,36.15,22.6,0,0,0,,,,
1159720,Yash Dayal,"December 13, 1997, Allahabad, Uttar Pradesh",28y 207d,India,Bowler,Right hand Bat,Left arm Medium fast,-,2024,IPL 2024,RCB,14,-,-,-,-,-,-,-,-,-,-,-,3,0,15,9.14,301,3/20,3/20,30.60,20.0,0,0,0,,,,
1159720,Yash Dayal,"December 13, 1997, Allahabad, Uttar Pradesh",28y 207d,India,Bowler,Right hand Bat,Left arm Medium fast,-,2023,IPL 2023,GT,5,-,-,-,-,-,-,-,-,-,-,-,1,0,2,11.78,84,1/31,1/31,82.50,42.0,0,0,0,,,,
1159720,Yash Dayal,"December 13, 1997, Allahabad, Uttar Pradesh",28y 207d,India,Bowler,Right hand Bat,Left arm Medium fast,-,2022,IPL 2022,GT,9,1,0,0,0,0.00,1,0.00,0,0,0,0,1,0,11,9.25,192,3/40,3/40,26.90,17.4,0,0,0,,,,
35357,Yogesh Vijay Takawale,"November 05, 1984, Pune, Maharashtra",41y 245d,India,,Right hand Bat,,-,2014,IPL 2014,RCB,5,5,0,104,45,20.80,91,114.28,0,0,17,1,2,1,-,-,-,-,-,-,-,-,-,-,,,,
35357,Yogesh Vijay Takawale,"November 05, 1984, Pune, Maharashtra",41y 245d,India,,Right hand Bat,,-,2009,IPL 2009,MI,4,1,0,18,18,18.00,22,81.81,0,0,2,0,1,2,-,-,-,-,-,-,-,-,-,-,,,,
35357,Yogesh Vijay Takawale,"November 05, 1984, Pune, Maharashtra",41y 245d,India,,Right hand Bat,,-,2007/08,IPL 2007/08,MI,7,4,2,70,27,35.00,65,107.69,0,0,7,2,10,1,-,-,-,-,-,-,-,-,-,-,,,,
36084,Yuvraj Singh,"December 12, 1981, Chandigarh",44y 208d,India,Middle order Batter,Left hand Bat,Slow Left arm Orthodox,2000 - 2017,2019,IPL 2019,MI,4,4,0,98,53,24.50,75,130.66,0,1,7,6,0,0,-,-,-,-,-,-,-,-,-,-,"September 13, 2007","February 01, 2017","October 03, 2000","June 30, 2017"
36084,Yuvraj Singh,"December 12, 1981, Chandigarh",44y 208d,India,Middle order Batter,Left hand Bat,Slow Left arm Orthodox,2000 - 2017,2018,IPL 2018,PBKS,8,6,0,65,20,10.83,73,89.04,0,0,6,2,1,0,0,11.50,12,-,-,-,-,0,0,0,"September 13, 2007","February 01, 2017","October 03, 2000","June 30, 2017"
36084,Yuvraj Singh,"December 12, 1981, Chandigarh",44y 208d,India,Middle order Batter,Left hand Bat,Slow Left arm Orthodox,2000 - 2017,2017,IPL 2017,SRH,12,11,2,252,70*,28.00,177,142.37,0,2,30,8,3,0,1,11.00,12,1/6,1/6,22.00,12.0,0,0,0,"September 13, 2007","February 01, 2017","October 03, 2000","June 30, 2017"
36084,Yuvraj Singh,"December 12, 1981, Chandigarh",44y 208d,India,Middle order Batter,Left hand Bat,Slow Left arm Orthodox,2000 - 2017,2016,IPL 2016,SRH,10,10,1,236,44,26.22,179,131.84,0,0,22,13,1,0,0,8.43,37,-,-,-,-,0,0,0,"September 13, 2007","February 01, 2017","October 03, 2000","June 30, 2017"
36084,Yuvraj Singh,"December 12, 1981, Chandigarh",44y 208d,India,Middle order Batter,Left hand Bat,Slow Left arm Orthodox,2000 - 2017,2015,IPL 2015,DC,14,13,0,248,57,19.07,210,118.09,0,2,23,10,2,0,1,8.00,54,1/14,1/14,72.00,54.0,0,0,0,"September 13, 2007","February 01, 2017","October 03, 2000","June 30, 2017"
36084,Yuvraj Singh,"December 12, 1981, Chandigarh",44y 208d,India,Middle order Batter,Left hand Bat,Slow Left arm Orthodox,2000 - 2017,2014,IPL 2014,RCB,14,14,3,376,83,34.18,278,135.25,0,3,22,28,4,0,5,8.25,136,4/35,4/35,37.40,27.2,1,0,0,"September 13, 2007","February 01, 2017","October 03, 2000","June 30, 2017"
36084,Yuvraj Singh,"December 12, 1981, Chandigarh",44y 208d,India,Middle order Batter,Left hand Bat,Slow Left arm Orthodox,2000 - 2017,2013,IPL 2013,PWI,13,13,1,238,34,19.83,190,125.26,0,0,14,15,1,0,6,6.90,132,2/27,2/27,25.33,22.0,0,0,0,"September 13, 2007","February 01, 2017","October 03, 2000","June 30, 2017"
36084,Yuvraj Singh,"December 12, 1981, Chandigarh",44y 208d,India,Middle order Batter,Left hand Bat,Slow Left arm Orthodox,2000 - 2017,2011,IPL 2011,PWI,14,13,3,343,66*,34.30,261,131.41,0,2,24,18,5,0,9,6.62,174,4/29,4/29,21.33,19.3,1,0,0,"September 13, 2007","February 01, 2017","October 03, 2000","June 30, 2017"
36084,Yuvraj Singh,"December 12, 1981, Chandigarh",44y 208d,India,Middle order Batter,Left hand Bat,Slow Left arm Orthodox,2000 - 2017,2009/10,IPL 2009/10,PBKS,14,14,2,255,43,21.25,199,128.14,0,0,20,14,2,0,5,6.60,138,2/21,2/21,30.40,27.6,0,0,0,"September 13, 2007","February 01, 2017","October 03, 2000","June 30, 2017"
36084,Yuvraj Singh,"December 12, 1981, Chandigarh",44y 208d,India,Middle order Batter,Left hand Bat,Slow Left arm Orthodox,2000 - 2017,2009,IPL 2009,PBKS,14,14,2,340,58*,28.33,294,115.64,0,2,25,16,5,0,6,7.10,120,3/13,3/13,23.66,20.0,0,0,0,"September 13, 2007","February 01, 2017","October 03, 2000","June 30, 2017"
36084,Yuvraj Singh,"December 12, 1981, Chandigarh",44y 208d,India,Middle order Batter,Left hand Bat,Slow Left arm Orthodox,2000 - 2017,2007/08,IPL 2007/08,PBKS,15,14,1,299,57,23.00,184,162.50,0,1,24,19,7,0,3,9.22,54,2/12,2/12,27.66,18.0,0,0,0,"September 13, 2007","February 01, 2017","October 03, 2000","June 30, 2017"
430246,Yuzvendra Singh Chahal,"July 23, 1990, Jind, Haryana",35y 349d,India,Bowler,Right hand Bat,Legbreak Googly,2016 - 2024,2026,IPL 2026,PBKS,14,-,-,-,-,-,-,-,-,-,-,-,3,0,12,9.39,246,3/36,3/36,32.08,20.5,0,0,0,"June 18, 2016","August 13, 2023","June 11, 2016","January 24, 2023"
430246,Yuzvendra Singh Chahal,"July 23, 1990, Jind, Haryana",35y 349d,India,Bowler,Right hand Bat,Legbreak Googly,2016 - 2024,2025,IPL 2025,PBKS,14,-,-,-,-,-,-,-,-,-,-,-,2,0,16,9.55,270,4/28,4/28,26.87,16.8,2,0,0,"June 18, 2016","August 13, 2023","June 11, 2016","January 24, 2023"
430246,Yuzvendra Singh Chahal,"July 23, 1990, Jind, Haryana",35y 349d,India,Bowler,Right hand Bat,Legbreak Googly,2016 - 2024,2024,IPL 2024,RR,15,-,-,-,-,-,-,-,-,-,-,-,5,0,18,9.41,348,3/11,3/11,30.33,19.3,0,0,0,"June 18, 2016","August 13, 2023","June 11, 2016","January 24, 2023"
430246,Yuzvendra Singh Chahal,"July 23, 1990, Jind, Haryana",35y 349d,India,Bowler,Right hand Bat,Legbreak Googly,2016 - 2024,2023,IPL 2023,RR,14,-,-,-,-,-,-,-,-,-,-,-,1,0,21,8.17,317,4/17,4/17,20.57,15.0,3,0,0,"June 18, 2016","August 13, 2023","June 11, 2016","January 24, 2023"
430246,Yuzvendra Singh Chahal,"July 23, 1990, Jind, Haryana",35y 349d,India,Bowler,Right hand Bat,Legbreak Googly,2016 - 2024,2022,IPL 2022,RR,17,2,1,5,5,5.00,8,62.50,0,0,0,0,0,0,27,7.75,408,5/40,5/40,19.51,15.1,1,1,0,"June 18, 2016","August 13, 2023","June 11, 2016","January 24, 2023"
430246,Yuzvendra Singh Chahal,"July 23, 1990, Jind, Haryana",35y 349d,India,Bowler,Right hand Bat,Legbreak Googly,2016 - 2024,2021,IPL 2021,RCB,15,2,2,10,8*,-,27,37.03,0,0,0,0,4,0,18,7.05,318,3/11,3/11,20.77,17.6,0,0,0,"June 18, 2016","August 13, 2023","June 11, 2016","January 24, 2023"
430246,Yuzvendra Singh Chahal,"July 23, 1990, Jind, Haryana",35y 349d,India,Bowler,Right hand Bat,Legbreak Googly,2016 - 2024,2020/21,IPL 2020/21,RCB,15,2,1,1,1,1.00,3,33.33,0,0,0,0,1,0,21,7.08,343,3/18,3/18,19.28,16.3,0,0,0,"June 18, 2016","August 13, 2023","June 11, 2016","January 24, 2023"
430246,Yuzvendra Singh Chahal,"July 23, 1990, Jind, Haryana",35y 349d,India,Bowler,Right hand Bat,Legbreak Googly,2016 - 2024,2019,IPL 2019,RCB,14,3,1,6,4,3.00,16,37.50,0,0,0,0,3,0,18,7.82,296,4/38,4/38,21.44,16.4,1,0,0,"June 18, 2016","August 13, 2023","June 11, 2016","January 24, 2023"
430246,Yuzvendra Singh Chahal,"July 23, 1990, Jind, Haryana",35y 349d,India,Bowler,Right hand Bat,Legbreak Googly,2016 - 2024,2018,IPL 2018,RCB,14,1,1,0,0*,-,4,0.00,0,0,0,0,2,0,12,7.26,300,2/22,2/22,30.25,25.0,0,0,0,"June 18, 2016","August 13, 2023","June 11, 2016","January 24, 2023"
430246,Yuzvendra Singh Chahal,"July 23, 1990, Jind, Haryana",35y 349d,India,Bowler,Right hand Bat,Legbreak Googly,2016 - 2024,2017,IPL 2017,RCB,13,6,3,13,4*,4.33,26,50.00,0,0,0,0,3,0,14,7.65,261,3/16,3/16,23.78,18.6,0,0,0,"June 18, 2016","August 13, 2023","June 11, 2016","January 24, 2023"
430246,Yuzvendra Singh Chahal,"July 23, 1990, Jind, Haryana",35y 349d,India,Bowler,Right hand Bat,Legbreak Googly,2016 - 2024,2016,IPL 2016,RCB,13,-,-,-,-,-,-,-,-,-,-,-,4,0,21,8.15,295,4/25,4/25,19.09,14.0,1,0,0,"June 18, 2016","August 13, 2023","June 11, 2016","January 24, 2023"
430246,Yuzvendra Singh Chahal,"July 23, 1990, Jind, Haryana",35y 349d,India,Bowler,Right hand Bat,Legbreak Googly,2016 - 2024,2015,IPL 2015,RCB,15,2,2,1,1*,-,1,100.00,0,0,0,0,4,0,23,8.86,281,3/40,3/40,18.04,12.2,0,0,0,"June 18, 2016","August 13, 2023","June 11, 2016","January 24, 2023"
430246,Yuzvendra Singh Chahal,"July 23, 1990, Jind, Haryana",35y 349d,India,Bowler,Right hand Bat,Legbreak Googly,2016 - 2024,2014,IPL 2014,RCB,14,2,2,1,1*,-,1,100.00,0,0,0,0,3,0,12,7.01,330,2/17,2/17,32.16,27.5,0,0,0,"June 18, 2016","August 13, 2023","June 11, 2016","January 24, 2023"
430246,Yuzvendra Singh Chahal,"July 23, 1990, Jind, Haryana",35y 349d,India,Bowler,Right hand Bat,Legbreak Googly,2016 - 2024,2013,IPL 2013,MI,1,-,-,-,-,-,-,-,-,-,-,-,0,0,0,8.50,24,-,-,-,-,0,0,0,"June 18, 2016","August 13, 2023","June 11, 2016","January 24, 2023"
30102,Zaheer Khan,"October 08, 1978, Shrirampur, Maharashtra",47y 272d,India,Bowler,Right hand Bat,Left arm Fast medium,2000 - 2014,2017,IPL 2017,DC,11,3,2,4,2,4.00,13,30.76,0,0,0,0,4,0,10,7.79,241,3/20,3/20,31.30,24.1,0,0,0,"December 01, 2006","October 02, 2012","October 03, 2000","August 04, 2012"
30102,Zaheer Khan,"October 08, 1978, Shrirampur, Maharashtra",47y 272d,India,Bowler,Right hand Bat,Left arm Fast medium,2000 - 2014,2016,IPL 2016,DC,12,2,0,6,4,3.00,13,46.15,0,0,1,0,0,0,10,7.71,262,3/21,3/21,33.70,26.2,0,0,0,"December 01, 2006","October 02, 2012","October 03, 2000","August 04, 2012"
30102,Zaheer Khan,"October 08, 1978, Shrirampur, Maharashtra",47y 272d,India,Bowler,Right hand Bat,Left arm Fast medium,2000 - 2014,2015,IPL 2015,DC,7,-,-,-,-,-,-,-,-,-,-,-,0,0,7,6.45,145,2/9,2/9,22.28,20.7,0,0,0,"December 01, 2006","October 02, 2012","October 03, 2000","August 04, 2012"
30102,Zaheer Khan,"October 08, 1978, Shrirampur, Maharashtra",47y 272d,India,Bowler,Right hand Bat,Left arm Fast medium,2000 - 2014,2014,IPL 2014,MI,6,4,3,8,7*,8.00,7,114.28,0,0,0,1,0,0,5,6.53,134,2/21,2/21,29.20,26.8,0,0,0,"December 01, 2006","October 02, 2012","October 03, 2000","August 04, 2012"
30102,Zaheer Khan,"October 08, 1978, Shrirampur, Maharashtra",47y 272d,India,Bowler,Right hand Bat,Left arm Fast medium,2000 - 2014,2013,IPL 2013,RCB,2,-,-,-,-,-,-,-,-,-,-,-,1,0,5,7.83,36,4/17,4/17,9.40,7.2,1,0,0,"December 01, 2006","October 02, 2012","October 03, 2000","August 04, 2012"
30102,Zaheer Khan,"October 08, 1978, Shrirampur, Maharashtra",47y 272d,India,Bowler,Right hand Bat,Left arm Fast medium,2000 - 2014,2012,IPL 2012,RCB,16,5,3,12,11*,6.00,17,70.58,0,0,1,0,5,0,17,7.55,360,3/38,3/38,26.64,21.1,0,0,0,"December 01, 2006","October 02, 2012","October 03, 2000","August 04, 2012"
30102,Zaheer Khan,"October 08, 1978, Shrirampur, Maharashtra",47y 272d,India,Bowler,Right hand Bat,Left arm Fast medium,2000 - 2014,2011,IPL 2011,RCB,15,2,0,21,21,10.50,24,87.50,0,0,2,0,4,0,14,7.71,354,3/32,3/32,32.50,25.2,0,0,0,"December 01, 2006","October 02, 2012","October 03, 2000","August 04, 2012"
30102,Zaheer Khan,"October 08, 1978, Shrirampur, Maharashtra",47y 272d,India,Bowler,Right hand Bat,Left arm Fast medium,2000 - 2014,2009/10,IPL 2009/10,MI,14,4,3,24,23*,24.00,13,184.61,0,0,3,1,4,0,15,7.77,290,3/21,3/21,25.06,19.3,0,0,0,"December 01, 2006","October 02, 2012","October 03, 2000","August 04, 2012"
30102,Zaheer Khan,"October 08, 1978, Shrirampur, Maharashtra",47y 272d,India,Bowler,Right hand Bat,Left arm Fast medium,2000 - 2014,2009,IPL 2009,MI,6,4,3,8,4*,8.00,11,72.72,0,0,0,0,2,0,6,6.76,126,3/31,3/31,23.66,21.0,0,0,0,"December 01, 2006","October 02, 2012","October 03, 2000","August 04, 2012"
30102,Zaheer Khan,"October 08, 1978, Shrirampur, Maharashtra",47y 272d,India,Bowler,Right hand Bat,Left arm Fast medium,2000 - 2014,2007/08,IPL 2007/08,RCB,11,8,4,34,17*,8.50,43,79.06,0,0,4,0,1,0,13,8.50,252,3/38,3/38,27.46,19.3,0,0,0,"December 01, 2006","October 02, 2012","October 03, 2000","August 04, 2012"
