player_id,player_name,birthdate,age,nationality,player_role,international_career,year,tournament,team,matches,innings,no,runs,highestscore,batting_average,bf,strikerate,100s,50s,4s,6s,Ct,St,wickets,economy,balls,bbi,bbm,bowl_ave,sr,4w,5w,10w,t20_start,t20_end,odi_start,odi_end
5334,Aaron James Finch,"November 17, 1986, Colac, Victoria",39y 232d,Australia,Top order Batter,2011 - 2022,2022,IPL 2022,KKR,5,5,0,86,58,17.20,61,140.98,0,1,10,3,1,0,-,-,-,-,-,-,-,-,-,-,"January 12, 2011","October 31, 2022","January 11, 2013","September 11, 2022"
5334,Aaron James Finch,"November 17, 1986, Colac, Victoria",39y 232d,Australia,Top order Batter,2011 - 2022,2020/21,IPL 2020/21,RCB,12,12,0,268,52,22.33,241,111.20,0,1,28,8,3,0,-,-,-,-,-,-,-,-,-,-,"January 12, 2011","October 31, 2022","January 11, 2013","September 11, 2022"
5334,Aaron James Finch,"November 17, 1986, Colac, Victoria",39y 232d,Australia,Top order Batter,2011 - 2022,2018,IPL 2018,PBKS,10,9,1,134,46,16.75,100,134.00,0,0,6,8,4,0,-,-,-,-,-,-,-,-,-,-,"January 12, 2011","October 31, 2022","January 11, 2013","September 11, 2022"
5334,Aaron James Finch,"November 17, 1986, Colac, Victoria",39y 232d,Australia,Top order Batter,2011 - 2022,2017,IPL 2017,GL,13,13,1,299,72,24.91,180,166.11,0,2,25,19,5,0,-,-,-,-,-,-,-,-,-,-,"January 12, 2011","October 31, 2022","January 11, 2013","September 11, 2022"
5334,Aaron James Finch,"November 17, 1986, Colac, Victoria",39y 232d,Australia,Top order Batter,2011 - 2022,2016,IPL 2016,GL,13,12,2,393,74,39.30,299,131.43,0,5,45,11,3,0,-,-,-,-,-,-,-,-,-,-,"January 12, 2011","October 31, 2022","January 11, 2013","September 11, 2022"
5334,Aaron James Finch,"November 17, 1986, Colac, Victoria",39y 232d,Australia,Top order Batter,2011 - 2022,2015,IPL 2015,MI,3,3,1,23,10*,11.50,33,69.69,0,0,4,0,0,0,-,-,-,-,-,-,-,-,-,-,"January 12, 2011","October 31, 2022","January 11, 2013","September 11, 2022"
5334,Aaron James Finch,"November 17, 1986, Colac, Victoria",39y 232d,Australia,Top order Batter,2011 - 2022,2014,IPL 2014,SRH,13,13,2,309,88*,28.09,263,117.49,0,2,31,9,6,0,-,-,-,-,-,-,-,-,-,-,"January 12, 2011","October 31, 2022","January 11, 2013","September 11, 2022"
5334,Aaron James Finch,"November 17, 1986, Colac, Victoria",39y 232d,Australia,Top order Batter,2011 - 2022,2013,IPL 2013,PWI,14,14,0,456,67,32.57,336,135.71,0,4,54,16,2,0,1,12.25,24,1/11,1/11,49.00,24.0,0,0,0,"January 12, 2011","October 31, 2022","January 11, 2013","September 11, 2022"
5334,Aaron James Finch,"November 17, 1986, Colac, Victoria",39y 232d,Australia,Top order Batter,2011 - 2022,2012,IPL 2012,DC,2,2,0,55,30,27.50,51,107.84,0,0,8,0,0,0,-,-,-,-,-,-,-,-,-,-,"January 12, 2011","October 31, 2022","January 11, 2013","September 11, 2022"
5334,Aaron James Finch,"November 17, 1986, Colac, Victoria",39y 232d,Australia,Top order Batter,2011 - 2022,2011,IPL 2011,DC,6,6,0,47,25,7.83,46,102.17,0,0,3,3,4,0,0,6.50,12,-,-,-,-,0,0,0,"January 12, 2011","October 31, 2022","January 11, 2013","September 11, 2022"
5334,Aaron James Finch,"November 17, 1986, Colac, Victoria",39y 232d,Australia,Top order Batter,2011 - 2022,2009/10,IPL 2009/10,RR,1,1,0,21,21,21.00,21,100.00,0,0,0,1,0,0,0,4.28,7,-,-,-,-,0,0,0,"January 12, 2011","October 31, 2022","January 11, 2013","September 11, 2022"
29702,Abhishek Arunkumar Jhunjhunwala,"December 01, 1982, Calcutta (now Kolkata), Bengal",43y 218d,India,Batter,-,2012,IPL 2012,DCH,5,3,1,24,19,12.00,26,92.30,0,0,1,1,2,0,1,6.33,36,1/13,1/13,38.00,36.0,0,0,0,,,,
29702,Abhishek Arunkumar Jhunjhunwala,"December 01, 1982, Calcutta (now Kolkata), Bengal",43y 218d,India,Batter,-,2011,IPL 2011,PWI,3,2,0,10,10,5.00,18,55.55,0,0,2,0,4,0,0,11.00,12,-,-,-,-,0,0,0,,,,
29702,Abhishek Arunkumar Jhunjhunwala,"December 01, 1982, Calcutta (now Kolkata), Bengal",43y 218d,India,Batter,-,2009/10,IPL 2009/10,RR,13,11,2,183,53*,20.33,166,110.24,0,1,16,4,4,0,0,11.18,37,-,-,-,-,0,0,0,,,,
32091,Abhishek Mohan Nayar,"October 08, 1983, Secunderabad, Hyderabad",42y 272d,India,Allrounder,2009 - 2009,2014,IPL 2014,RR,5,4,1,43,23,14.33,47,91.48,0,0,5,1,1,0,-,-,-,-,-,-,-,-,-,-,,,"July 03, 2009","September 30, 2009"
32091,Abhishek Mohan Nayar,"October 08, 1983, Secunderabad, Hyderabad",42y 272d,India,Allrounder,2009 - 2009,2013,IPL 2013,PWI,11,9,3,66,25*,11.00,73,90.41,0,0,5,0,1,0,2,7.37,48,1/15,1/15,29.50,24.0,0,0,0,,,"July 03, 2009","September 30, 2009"
32091,Abhishek Mohan Nayar,"October 08, 1983, Secunderabad, Hyderabad",42y 272d,India,Allrounder,2009 - 2009,2012,IPL 2012,PBKS,4,4,1,45,24,15.00,49,91.83,0,0,2,1,0,0,0,16.00,6,-,-,-,-,0,0,0,,,"July 03, 2009","September 30, 2009"
32091,Abhishek Mohan Nayar,"October 08, 1983, Secunderabad, Hyderabad",42y 272d,India,Allrounder,2009 - 2009,2011,IPL 2011,PBKS,10,9,2,61,17*,8.71,67,91.04,0,0,9,0,2,0,2,9.34,61,1/22,1/22,47.50,30.5,0,0,0,,,"July 03, 2009","September 30, 2009"
32091,Abhishek Mohan Nayar,"October 08, 1983, Secunderabad, Hyderabad",42y 272d,India,Allrounder,2009 - 2009,2009/10,IPL 2009/10,MI,3,3,1,58,27,29.00,51,113.72,0,0,4,2,1,0,-,-,-,-,-,-,-,-,-,-,,,"July 03, 2009","September 30, 2009"
32091,Abhishek Mohan Nayar,"October 08, 1983, Secunderabad, Hyderabad",42y 272d,India,Allrounder,2009 - 2009,2009,IPL 2009,MI,13,11,2,193,35,21.44,152,126.97,0,0,14,7,4,0,4,7.00,72,3/13,3/13,21.00,18.0,0,0,0,,,"July 03, 2009","September 30, 2009"
32091,Abhishek Mohan Nayar,"October 08, 1983, Secunderabad, Hyderabad",42y 272d,India,Allrounder,2009 - 2009,2007/08,IPL 2007/08,MI,14,10,2,206,45*,25.75,138,149.27,0,0,16,9,4,0,1,9.71,42,1/18,1/18,68.00,42.0,0,0,0,,,"July 03, 2009","September 30, 2009"
230593,Abhishek Santosh Raut,"March 03, 1987, Jaipur Road, Maharashtra",39y 126d,India,Allrounder,-,2011,IPL 2011,RR,7,4,1,60,25,20.00,58,103.44,0,0,5,1,4,0,0,8.00,6,-,-,-,-,0,0,0,,,,
230593,Abhishek Santosh Raut,"March 03, 1987, Jaipur Road, Maharashtra",39y 126d,India,Allrounder,-,2009/10,IPL 2009/10,RR,6,5,3,56,32*,28.00,48,116.66,0,0,3,3,2,0,-,-,-,-,-,-,-,-,-,-,,,,
230593,Abhishek Santosh Raut,"March 03, 1987, Jaipur Road, Maharashtra",39y 126d,India,Allrounder,-,2009,IPL 2009,RR,9,7,3,78,36*,19.50,61,127.86,0,0,5,3,3,0,0,9.00,24,-,-,-,-,0,0,0,,,,
450860,Adam Fraser Milne,"April 13, 1992, Palmerston North",34y 85d,New Zealand,Bowler,2010 - 2025,2026,IPL 2026,RR,1,1,1,2,2*,-,2,100.00,0,0,0,0,0,0,0,12.30,20,-,-,-,-,0,0,0,"December 26, 2010","July 26, 2025","November 10, 2012","November 19, 2024"
450860,Adam Fraser Milne,"April 13, 1992, Palmerston North",34y 85d,New Zealand,Bowler,2010 - 2025,2022,IPL 2022,CSK,1,-,-,-,-,-,-,-,-,-,-,-,0,0,0,7.60,15,-,-,-,-,0,0,0,"December 26, 2010","July 26, 2025","November 10, 2012","November 19, 2024"
450860,Adam Fraser Milne,"April 13, 1992, Palmerston North",34y 85d,New Zealand,Bowler,2010 - 2025,2021,IPL 2021,MI,4,3,1,16,15,8.00,17,94.11,0,0,0,1,2,0,3,9.35,84,2/21,2/21,43.66,28.0,0,0,0,"December 26, 2010","July 26, 2025","November 10, 2012","November 19, 2024"
450860,Adam Fraser Milne,"April 13, 1992, Palmerston North",34y 85d,New Zealand,Bowler,2010 - 2025,2017,IPL 2017,RCB,4,3,1,7,5,3.50,12,58.33,0,0,0,0,4,0,3,9.57,84,2/27,2/27,44.66,28.0,0,0,0,"December 26, 2010","July 26, 2025","November 10, 2012","November 19, 2024"
450860,Adam Fraser Milne,"April 13, 1992, Palmerston North",34y 85d,New Zealand,Bowler,2010 - 2025,2016,IPL 2016,RCB,1,-,-,-,-,-,-,-,-,-,-,-,1,0,1,10.75,24,1/43,1/43,43.00,24.0,0,0,0,"December 26, 2010","July 26, 2025","November 10, 2012","November 19, 2024"
8119,Adam Charles Voges,"October 04, 1979, Subiaco, Perth, Western Australia",46y 276d,Australia,Top order Batter,2007 - 2016,2009/10,IPL 2009/10,RR,9,7,3,181,45*,45.25,143,126.57,0,0,15,3,1,0,0,8.44,54,-,-,-,-,0,0,0,"December 11, 2007","February 13, 2013","February 20, 2007","November 02, 2013"
379504,Adam Zampa,"March 31, 1992, Shellharbour, New South Wales",34y 98d,Australia,Bowler,2016 - 2026,2025,IPL 2025,SRH,2,-,-,-,-,-,-,-,-,-,-,-,0,0,2,11.75,48,1/46,1/46,47.00,24.0,0,0,0,"March 04, 2016","June 21, 2026","February 06, 2016","June 14, 2026"
379504,Adam Zampa,"March 31, 1992, Shellharbour, New South Wales",34y 98d,Australia,Bowler,2016 - 2026,2023,IPL 2023,RR,6,3,0,10,7,3.33,16,62.50,0,0,0,0,0,0,8,8.54,132,3/22,3/22,23.50,16.5,0,0,0,"March 04, 2016","June 21, 2026","February 06, 2016","June 14, 2026"
379504,Adam Zampa,"March 31, 1992, Shellharbour, New South Wales",34y 98d,Australia,Bowler,2016 - 2026,2020/21,IPL 2020/21,RCB,3,-,-,-,-,-,-,-,-,-,-,-,1,0,2,8.36,66,1/12,1/12,46.00,33.0,0,0,0,"March 04, 2016","June 21, 2026","February 06, 2016","June 14, 2026"
379504,Adam Zampa,"March 31, 1992, Shellharbour, New South Wales",34y 98d,Australia,Bowler,2016 - 2026,2017,IPL 2017,RPS,6,1,0,5,5,5.00,7,71.42,0,0,1,0,0,0,7,8.21,119,2/22,2/22,23.28,17.0,0,0,0,"March 04, 2016","June 21, 2026","February 06, 2016","June 14, 2026"
379504,Adam Zampa,"March 31, 1992, Shellharbour, New South Wales",34y 98d,Australia,Bowler,2016 - 2026,2016,IPL 2016,RPS,5,1,0,0,0,0.00,1,0.00,0,0,0,0,0,0,12,6.76,102,6/19,6/19,9.58,8.5,0,1,0,"March 04, 2016","June 21, 2026","February 06, 2016","June 14, 2026"
236694,Aditya Pradip Dole,"October 09, 1987, Pimpri, Maharashtra",38y 271d,India,Bowler,-,2009/10,IPL 2009/10,RR,3,2,0,34,30,17.00,22,154.54,0,0,3,1,2,0,5,10.18,66,2/36,2/36,22.40,13.2,0,0,0,,,,
277916,Ajinkya Madhukar Rahane,"June 06, 1988, Ashwi-KD, Maharashtra",38y 31d,India,Top order Batter,2011 - 2023,2026,IPL 2026,KKR,14,14,1,335,67,25.76,248,135.08,0,2,25,18,8,0,-,-,-,-,-,-,-,-,-,-,"August 31, 2011","August 28, 2016","September 03, 2011","February 16, 2018"
277916,Ajinkya Madhukar Rahane,"June 06, 1988, Ashwi-KD, Maharashtra",38y 31d,India,Top order Batter,2011 - 2023,2025,IPL 2025,KKR,13,12,1,390,61,35.45,264,147.72,0,3,36,20,5,0,-,-,-,-,-,-,-,-,-,-,"August 31, 2011","August 28, 2016","September 03, 2011","February 16, 2018"
277916,Ajinkya Madhukar Rahane,"June 06, 1988, Ashwi-KD, Maharashtra",38y 31d,India,Top order Batter,2011 - 2023,2024,IPL 2024,CSK,13,12,0,242,45,20.16,196,123.46,0,0,23,7,1,0,-,-,-,-,-,-,-,-,-,-,"August 31, 2011","August 28, 2016","September 03, 2011","February 16, 2018"
277916,Ajinkya Madhukar Rahane,"June 06, 1988, Ashwi-KD, Maharashtra",38y 31d,India,Top order Batter,2011 - 2023,2023,IPL 2023,CSK,14,11,1,326,71*,32.60,189,172.48,0,2,24,16,8,0,-,-,-,-,-,-,-,-,-,-,"August 31, 2011","August 28, 2016","September 03, 2011","February 16, 2018"
277916,Ajinkya Madhukar Rahane,"June 06, 1988, Ashwi-KD, Maharashtra",38y 31d,India,Top order Batter,2011 - 2023,2022,IPL 2022,KKR,7,7,0,133,44,19.00,128,103.90,0,0,14,4,3,0,-,-,-,-,-,-,-,-,-,-,"August 31, 2011","August 28, 2016","September 03, 2011","February 16, 2018"
277916,Ajinkya Madhukar Rahane,"June 06, 1988, Ashwi-KD, Maharashtra",38y 31d,India,Top order Batter,2011 - 2023,2021,IPL 2021,DC,2,1,0,8,8,8.00,8,100.00,0,0,1,0,0,0,-,-,-,-,-,-,-,-,-,-,"August 31, 2011","August 28, 2016","September 03, 2011","February 16, 2018"
277916,Ajinkya Madhukar Rahane,"June 06, 1988, Ashwi-KD, Maharashtra",38y 31d,India,Top order Batter,2011 - 2023,2020/21,IPL 2020/21,DC,9,8,0,113,60,14.12,107,105.60,0,1,12,2,4,0,-,-,-,-,-,-,-,-,-,-,"August 31, 2011","August 28, 2016","September 03, 2011","February 16, 2018"
277916,Ajinkya Madhukar Rahane,"June 06, 1988, Ashwi-KD, Maharashtra",38y 31d,India,Top order Batter,2011 - 2023,2019,IPL 2019,RR,14,13,1,393,105*,32.75,285,137.89,1,1,45,9,5,0,-,-,-,-,-,-,-,-,-,-,"August 31, 2011","August 28, 2016","September 03, 2011","February 16, 2018"
277916,Ajinkya Madhukar Rahane,"June 06, 1988, Ashwi-KD, Maharashtra",38y 31d,India,Top order Batter,2011 - 2023,2018,IPL 2018,RR,15,14,1,370,65*,28.46,313,118.21,0,1,39,5,4,0,-,-,-,-,-,-,-,-,-,-,"August 31, 2011","August 28, 2016","September 03, 2011","February 16, 2018"
277916,Ajinkya Madhukar Rahane,"June 06, 1988, Ashwi-KD, Maharashtra",38y 31d,India,Top order Batter,2011 - 2023,2017,IPL 2017,RPS,16,16,1,382,60,25.46,323,118.26,0,2,35,9,6,0,-,-,-,-,-,-,-,-,-,-,"August 31, 2011","August 28, 2016","September 03, 2011","February 16, 2018"
277916,Ajinkya Madhukar Rahane,"June 06, 1988, Ashwi-KD, Maharashtra",38y 31d,India,Top order Batter,2011 - 2023,2016,IPL 2016,RPS,14,14,3,480,74,43.63,379,126.64,0,6,54,9,7,0,-,-,-,-,-,-,-,-,-,-,"August 31, 2011","August 28, 2016","September 03, 2011","February 16, 2018"
277916,Ajinkya Madhukar Rahane,"June 06, 1988, Ashwi-KD, Maharashtra",38y 31d,India,Top order Batter,2011 - 2023,2015,IPL 2015,RR,14,13,2,540,91*,49.09,413,130.75,0,4,53,13,3,0,-,-,-,-,-,-,-,-,-,-,"August 31, 2011","August 28, 2016","September 03, 2011","February 16, 2018"
277916,Ajinkya Madhukar Rahane,"June 06, 1988, Ashwi-KD, Maharashtra",38y 31d,India,Top order Batter,2011 - 2023,2014,IPL 2014,RR,13,12,0,339,72,28.25,291,116.49,0,3,38,3,6,0,-,-,-,-,-,-,-,-,-,-,"August 31, 2011","August 28, 2016","September 03, 2011","February 16, 2018"
277916,Ajinkya Madhukar Rahane,"June 06, 1988, Ashwi-KD, Maharashtra",38y 31d,India,Top order Batter,2011 - 2023,2013,IPL 2013,RR,18,18,4,488,68*,34.85,458,106.55,0,4,42,11,10,0,-,-,-,-,-,-,-,-,-,-,"August 31, 2011","August 28, 2016","September 03, 2011","February 16, 2018"
277916,Ajinkya Madhukar Rahane,"June 06, 1988, Ashwi-KD, Maharashtra",38y 31d,India,Top order Batter,2011 - 2023,2012,IPL 2012,RR,16,16,2,560,103*,40.00,433,129.33,1,3,73,10,11,0,-,-,-,-,-,-,-,-,-,-,"August 31, 2011","August 28, 2016","September 03, 2011","February 16, 2018"
277916,Ajinkya Madhukar Rahane,"June 06, 1988, Ashwi-KD, Maharashtra",38y 31d,India,Top order Batter,2011 - 2023,2011,IPL 2011,RR,10,7,1,120,52,20.00,98,122.44,0,1,12,2,1,0,-,-,-,-,-,-,-,-,-,-,"August 31, 2011","August 28, 2016","September 03, 2011","February 16, 2018"
277916,Ajinkya Madhukar Rahane,"June 06, 1988, Ashwi-KD, Maharashtra",38y 31d,India,Top order Batter,2011 - 2023,2009,IPL 2009,MI,8,7,1,144,62*,24.00,123,117.07,0,2,12,3,1,0,1,5.00,6,1/5,1/5,5.00,6.0,0,0,0,"August 31, 2011","August 28, 2016","September 03, 2011","February 16, 2018"
277916,Ajinkya Madhukar Rahane,"June 06, 1988, Ashwi-KD, Maharashtra",38y 31d,India,Top order Batter,2011 - 2023,2007/08,IPL 2007/08,MI,2,2,0,4,4,2.00,17,23.52,0,0,1,0,0,0,-,-,-,-,-,-,-,-,-,-,"August 31, 2011","August 28, 2016","September 03, 2011","February 16, 2018"
27783,Ajit  Chandila,"December 05, 1983, Faridabad, Haryana",42y 214d,India,Allrounder,-,2013,IPL 2013,RR,8,1,1,4,4*,-,6,66.66,0,0,0,0,4,0,6,6.24,150,2/6,2/6,26.00,25.0,0,0,0,,,,
27783,Ajit  Chandila,"December 05, 1983, Faridabad, Haryana",42y 214d,India,Allrounder,-,2012,IPL 2012,RR,4,1,1,0,0*,-,1,0.00,0,0,0,0,3,0,5,6.14,84,4/13,4/13,17.20,16.8,1,0,0,,,,
1206039,Akash Madhwal,"November 25, 1993, Roorkee",32y 224d,India,Bowler,-,2025,IPL 2025,RR,4,1,1,4,4*,-,9,44.44,0,0,0,0,0,0,4,11.06,90,3/29,3/29,41.50,22.5,0,0,0,,,,
1206039,Akash Madhwal,"November 25, 1993, Roorkee",32y 224d,India,Bowler,-,2024,IPL 2024,MI,5,1,1,4,4*,-,5,80.00,0,0,0,0,1,0,5,11.28,109,3/20,3/20,41.00,21.8,0,0,0,,,,
1206039,Akash Madhwal,"November 25, 1993, Roorkee",32y 224d,India,Bowler,-,2023,IPL 2023,MI,8,-,-,-,-,-,-,-,-,-,-,-,0,0,14,8.58,153,5/5,5/5,15.64,10.9,1,1,0,,,,
324444,Amit Gajanan Paunikar,"April 18, 1988, Nagpur, Maharashtra, India",38y 80d,India,Wicketkeeper Batter,-,2011,IPL 2011,RR,4,4,0,49,20,12.25,57,85.96,0,0,9,0,1,0,-,-,-,-,-,-,-,-,-,-,,,,
324444,Amit Gajanan Paunikar,"April 18, 1988, Nagpur, Maharashtra, India",38y 80d,India,Wicketkeeper Batter,-,2009/10,IPL 2009/10,RR,1,1,0,0,0,0.00,1,0.00,0,0,0,0,0,0,-,-,-,-,-,-,-,-,-,-,,,,
26789,Amit Singh,"June 21, 1981, Bidar, Karnataka",45y 16d,India,Bowler,-,2012,IPL 2012,RR,9,1,0,0,0,0.00,3,0.00,0,0,0,0,1,0,10,9.44,197,2/29,2/29,31.00,19.7,0,0,0,,,,
26789,Amit Singh,"June 21, 1981, Bidar, Karnataka",45y 16d,India,Bowler,-,2011,IPL 2011,RR,9,2,0,1,1,0.50,4,25.00,0,0,0,0,0,0,9,7.54,171,3/35,3/35,23.88,19.0,0,0,0,,,,
26789,Amit Singh,"June 21, 1981, Bidar, Karnataka",45y 16d,India,Bowler,-,2009,IPL 2009,RR,5,2,1,1,1*,1.00,3,33.33,0,0,0,0,0,0,9,5.42,105,4/19,4/19,10.55,11.6,1,0,0,,,,
35586,Amit Uniyal,"November 21, 1981, Chandigarh",44y 228d,India,,-,2009/10,IPL 2009/10,RR,2,2,1,4,4*,4.00,7,57.14,0,0,0,0,0,0,2,11.00,36,2/41,2/41,33.00,18.0,0,0,0,,,,
459508,Andrew James Tye,"December 12, 1986, Perth, Western Australia",39y 207d,Australia,Bowler,2016 - 2021,2022,IPL 2022,LSG,3,-,-,-,-,-,-,-,-,-,-,-,1,0,2,9.72,66,2/40,2/40,53.50,33.0,0,0,0,"January 29, 2016","August 07, 2021","January 14, 2018","June 19, 2018"
459508,Andrew James Tye,"December 12, 1986, Perth, Western Australia",39y 207d,Australia,Bowler,2016 - 2021,2020/21,IPL 2020/21,RR,1,1,0,6,6,6.00,6,100.00,0,0,0,1,0,0,1,12.50,24,1/50,1/50,50.00,24.0,0,0,0,"January 29, 2016","August 07, 2021","January 14, 2018","June 19, 2018"
459508,Andrew James Tye,"December 12, 1986, Perth, Western Australia",39y 207d,Australia,Bowler,2016 - 2021,2019,IPL 2019,PBKS,6,1,1,0,0*,-,2,0.00,0,0,0,0,2,0,3,10.59,132,1/37,1/37,77.66,44.0,0,0,0,"January 29, 2016","August 07, 2021","January 14, 2018","June 19, 2018"
459508,Andrew James Tye,"December 12, 1986, Perth, Western Australia",39y 207d,Australia,Bowler,2016 - 2021,2018,IPL 2018,PBKS,14,8,2,32,14,5.33,38,84.21,0,0,2,1,5,0,24,8.00,336,4/16,4/16,18.66,14.0,3,0,0,"January 29, 2016","August 07, 2021","January 14, 2018","June 19, 2018"
459508,Andrew James Tye,"December 12, 1986, Perth, Western Australia",39y 207d,Australia,Bowler,2016 - 2021,2017,IPL 2017,GL,6,3,1,53,25,26.50,30,176.66,0,0,4,3,0,0,12,6.71,126,5/17,5/17,11.75,10.5,0,1,0,"January 29, 2016","August 07, 2021","January 14, 2018","June 19, 2018"
337913,Ankeet Anil Chavan,"October 28, 1985, Bombay (now Mumbai), Maharashtra",40y 252d,India,Batter,-,2013,IPL 2013,RR,3,-,-,-,-,-,-,-,-,-,-,-,0,0,1,7.00,54,1/28,1/28,63.00,54.0,0,0,0,,,,
337913,Ankeet Anil Chavan,"October 28, 1985, Bombay (now Mumbai), Maharashtra",40y 252d,India,Batter,-,2012,IPL 2012,RR,8,2,1,11,7*,11.00,8,137.50,0,0,2,0,2,0,7,8.63,164,2/23,2/23,33.71,23.4,0,0,0,,,,
337913,Ankeet Anil Chavan,"October 28, 1985, Bombay (now Mumbai), Maharashtra",40y 252d,India,Batter,-,2011,IPL 2011,RR,2,1,0,1,1,1.00,3,33.33,0,0,0,0,1,0,0,5.40,30,-,-,-,-,0,0,0,,,,
591650,Ankit Singh Rajpoot,"December 04, 1993, Kanpur",32y 215d,India,Bowler,-,2020/21,IPL 2020/21,RR,6,2,1,9,7*,9.00,10,90.00,0,0,0,1,0,0,2,11.70,102,1/39,1/39,99.50,51.0,0,0,0,,,,
591650,Ankit Singh Rajpoot,"December 04, 1993, Kanpur",32y 215d,India,Bowler,-,2019,IPL 2019,PBKS,4,-,-,-,-,-,-,-,-,-,-,-,1,0,3,9.50,96,2/33,2/33,50.66,32.0,0,0,0,,,,
591650,Ankit Singh Rajpoot,"December 04, 1993, Kanpur",32y 215d,India,Bowler,-,2018,IPL 2018,PBKS,8,3,0,11,8,3.66,18,61.11,0,0,1,0,2,0,11,8.52,157,5/14,5/14,20.27,14.2,0,1,0,,,,
591650,Ankit Singh Rajpoot,"December 04, 1993, Kanpur",32y 215d,India,Bowler,-,2017,IPL 2017,KKR,5,1,0,4,4,4.00,7,57.14,0,0,1,0,1,0,4,7.64,84,3/37,3/37,26.75,21.0,0,0,0,,,,
591650,Ankit Singh Rajpoot,"December 04, 1993, Kanpur",32y 215d,India,Bowler,-,2016,IPL 2016,KKR,4,-,-,-,-,-,-,-,-,-,-,-,0,0,3,8.90,66,1/14,1/14,32.66,22.0,0,0,0,,,,
591650,Ankit Singh Rajpoot,"December 04, 1993, Kanpur",32y 215d,India,Bowler,-,2013,IPL 2013,CSK,2,1,1,2,2*,-,6,33.33,0,0,0,0,0,0,1,8.75,24,1/25,1/25,35.00,24.0,0,0,0,,,,
371150,Ashok Lakshminarayan Menaria,"October 29, 1990, Udaipur, Rajasthan",35y 251d,India,Allrounder,-,2013,IPL 2013,RR,1,1,0,1,1,1.00,2,50.00,0,0,0,0,0,0,-,-,-,-,-,-,-,-,-,-,,,,
371150,Ashok Lakshminarayan Menaria,"October 29, 1990, Udaipur, Rajasthan",35y 251d,India,Allrounder,-,2012,IPL 2012,RR,15,12,1,220,40,20.00,202,108.91,0,0,14,8,2,0,1,6.90,20,1/3,1/3,23.00,20.0,0,0,0,,,,
371150,Ashok Lakshminarayan Menaria,"October 29, 1990, Udaipur, Rajasthan",35y 251d,India,Allrounder,-,2011,IPL 2011,RR,13,10,1,180,34,20.00,152,118.42,0,0,10,10,3,0,2,8.06,90,2/20,2/20,60.50,45.0,0,0,0,,,,
500268,Ashton James Turner,"January 25, 1993, Perth",33y 163d,Australia,Middle order Batter,2017 - 2023,2024,IPL 2024,LSG,2,2,0,21,16,10.50,18,116.66,0,0,0,2,0,0,-,-,-,-,-,-,-,-,-,-,"February 17, 2017","September 03, 2023","March 02, 2019","July 26, 2021"
500268,Ashton James Turner,"January 25, 1993, Perth",33y 163d,Australia,Middle order Batter,2017 - 2023,2019,IPL 2019,RR,4,4,1,3,3*,1.00,10,30.00,0,0,0,0,0,0,-,-,-,-,-,-,-,-,-,-,"February 17, 2017","September 03, 2023","March 02, 2019","July 26, 2021"
694211,Avesh Khan,"December 13, 1996, Indore, Madhya Pradesh",29y 206d,India,Bowler,2022 - 2024,2026,IPL 2026,LSG,7,4,3,6,4*,6.00,6,100.00,0,0,1,0,2,0,6,11.06,148,2/23,2/23,45.50,24.6,0,0,0,"February 20, 2022","November 10, 2024","July 24, 2022","December 21, 2023"
694211,Avesh Khan,"December 13, 1996, Indore, Madhya Pradesh",29y 206d,India,Bowler,2022 - 2024,2025,IPL 2025,LSG,13,4,3,21,19*,21.00,12,175.00,0,0,3,1,2,0,13,10.28,284,3/37,3/37,37.46,21.8,0,0,0,"February 20, 2022","November 10, 2024","July 24, 2022","December 21, 2023"
694211,Avesh Khan,"December 13, 1996, Indore, Madhya Pradesh",29y 206d,India,Bowler,2022 - 2024,2024,IPL 2024,RR,16,3,3,10,7*,-,5,200.00,0,0,1,0,2,0,19,9.59,329,3/27,3/27,27.68,17.3,0,0,0,"February 20, 2022","November 10, 2024","July 24, 2022","December 21, 2023"
694211,Avesh Khan,"December 13, 1996, Indore, Madhya Pradesh",29y 206d,India,Bowler,2022 - 2024,2023,IPL 2023,LSG,9,1,1,0,0*,-,1,0.00,0,0,0,0,2,0,8,9.75,174,3/25,3/25,35.37,21.7,0,0,0,"February 20, 2022","November 10, 2024","July 24, 2022","December 21, 2023"
694211,Avesh Khan,"December 13, 1996, Indore, Madhya Pradesh",29y 206d,India,Bowler,2022 - 2024,2022,IPL 2022,LSG,13,4,3,22,12,22.00,13,169.23,0,0,0,3,2,0,18,8.72,286,4/24,4/24,23.11,15.8,1,0,0,"February 20, 2022","November 10, 2024","July 24, 2022","December 21, 2023"
694211,Avesh Khan,"December 13, 1996, Indore, Madhya Pradesh",29y 206d,India,Bowler,2022 - 2024,2021,IPL 2021,DC,16,1,0,5,5,5.00,3,166.66,0,0,1,0,1,0,24,7.37,366,3/13,3/13,18.75,15.2,0,0,0,"February 20, 2022","November 10, 2024","July 24, 2022","December 21, 2023"
694211,Avesh Khan,"December 13, 1996, Indore, Madhya Pradesh",29y 206d,India,Bowler,2022 - 2024,2020/21,IPL 2020/21,DC,1,-,-,-,-,-,-,-,-,-,-,-,0,0,0,10.50,24,-,-,-,-,0,0,0,"February 20, 2022","November 10, 2024","July 24, 2022","December 21, 2023"
694211,Avesh Khan,"December 13, 1996, Indore, Madhya Pradesh",29y 206d,India,Bowler,2022 - 2024,2019,IPL 2019,DC,1,1,1,4,4*,-,3,133.33,0,0,1,0,1,0,0,10.00,18,-,-,-,-,0,0,0,"February 20, 2022","November 10, 2024","July 24, 2022","December 21, 2023"
694211,Avesh Khan,"December 13, 1996, Indore, Madhya Pradesh",29y 206d,India,Bowler,2022 - 2024,2018,IPL 2018,DC,6,-,-,-,-,-,-,-,-,-,-,-,3,0,4,10.73,114,2/29,2/29,51.00,28.5,0,0,0,"February 20, 2022","November 10, 2024","July 24, 2022","December 21, 2023"
694211,Avesh Khan,"December 13, 1996, Indore, Madhya Pradesh",29y 206d,India,Bowler,2022 - 2024,2017,IPL 2017,RCB,1,-,-,-,-,-,-,-,-,-,-,-,0,0,1,5.75,24,1/23,1/23,23.00,24.0,0,0,0,"February 20, 2022","November 10, 2024","July 24, 2022","December 21, 2023"
537126,Barinder Balbirsingh Sran,"December 10, 1992, Sirsa",33y 209d,India,Bowler,2016 - 2016,2019,IPL 2019,MI,2,1,1,3,3*,-,3,100.00,0,0,0,0,0,0,0,12.75,24,-,-,-,-,0,0,0,"June 20, 2016","June 22, 2016","January 12, 2016","June 15, 2016"
537126,Barinder Balbirsingh Sran,"December 10, 1992, Sirsa",33y 209d,India,Bowler,2016 - 2016,2018,IPL 2018,PBKS,6,4,3,3,2,3.00,7,42.85,0,0,0,0,2,0,4,10.40,132,2/50,2/50,57.25,33.0,0,0,0,"June 20, 2016","June 22, 2016","January 12, 2016","June 15, 2016"
537126,Barinder Balbirsingh Sran,"December 10, 1992, Sirsa",33y 209d,India,Bowler,2016 - 2016,2017,IPL 2017,SRH,1,-,-,-,-,-,-,-,-,-,-,-,0,0,0,14.50,12,-,-,-,-,0,0,0,"June 20, 2016","June 22, 2016","January 12, 2016","June 15, 2016"
537126,Barinder Balbirsingh Sran,"December 10, 1992, Sirsa",33y 209d,India,Bowler,2016 - 2016,2016,IPL 2016,SRH,14,4,4,4,2*,-,4,100.00,0,0,0,0,2,0,14,8.34,297,3/28,3/28,29.50,21.2,0,0,0,"June 20, 2016","June 22, 2016","January 12, 2016","June 15, 2016"
537126,Barinder Balbirsingh Sran,"December 10, 1992, Sirsa",33y 209d,India,Bowler,2016 - 2016,2015,IPL 2015,RR,1,-,-,-,-,-,-,-,-,-,-,-,0,0,0,11.66,18,-,-,-,-,0,0,0,"June 20, 2016","June 22, 2016","January 12, 2016","June 15, 2016"
230371,Benjamin Colin James Cutting,"January 30, 1987, Sunnybank, Brisbane, Queensland",39y 158d,Australia,Allrounder,2013 - 2017,2019,IPL 2019,MI,3,3,1,18,13*,9.00,17,105.88,0,0,1,1,0,0,1,13.50,12,1/27,1/27,27.00,12.0,0,0,0,"January 26, 2013","September 15, 2017","January 13, 2013","August 31, 2014"
230371,Benjamin Colin James Cutting,"January 30, 1987, Sunnybank, Brisbane, Queensland",39y 158d,Australia,Allrounder,2013 - 2017,2018,IPL 2018,MI,9,6,2,96,37,24.00,58,165.51,0,0,5,8,7,0,2,9.88,102,1/12,1/12,84.00,51.0,0,0,0,"January 26, 2013","September 15, 2017","January 13, 2013","August 31, 2014"
230371,Benjamin Colin James Cutting,"January 30, 1987, Sunnybank, Brisbane, Queensland",39y 158d,Australia,Allrounder,2013 - 2017,2017,IPL 2017,SRH,4,3,1,51,20,25.50,26,196.15,0,0,5,3,1,0,1,9.71,76,1/41,1/41,123.00,76.0,0,0,0,"January 26, 2013","September 15, 2017","January 13, 2013","August 31, 2014"
230371,Benjamin Colin James Cutting,"January 30, 1987, Sunnybank, Brisbane, Queensland",39y 158d,Australia,Allrounder,2013 - 2017,2016,IPL 2016,SRH,4,4,2,65,39*,32.50,34,191.17,0,0,4,6,1,0,5,7.16,67,2/20,2/20,16.00,13.4,0,0,0,"January 26, 2013","September 15, 2017","January 13, 2013","August 31, 2014"
230371,Benjamin Colin James Cutting,"January 30, 1987, Sunnybank, Brisbane, Queensland",39y 158d,Australia,Allrounder,2013 - 2017,2014,IPL 2014,RR,1,1,0,8,8,8.00,6,133.33,0,0,0,1,1,0,1,7.75,24,1/31,1/31,31.00,24.0,0,0,0,"January 26, 2013","September 15, 2017","January 13, 2013","August 31, 2014"
315623,Ben Laughlin,"October 03, 1982, Box Hill, Victoria",43y 277d,Australia,Bowler,2009 - 2013,2018,IPL 2018,RR,7,2,1,1,1*,1.00,4,25.00,0,0,0,0,1,0,9,10.12,125,2/15,2/15,23.44,13.8,0,0,0,"March 29, 2009","January 28, 2013","April 03, 2009","May 03, 2009"
315623,Ben Laughlin,"October 03, 1982, Box Hill, Victoria",43y 277d,Australia,Bowler,2009 - 2013,2013,IPL 2013,CSK,2,2,1,4,4*,4.00,9,44.44,0,0,0,0,0,0,1,10.14,42,1/25,1/25,71.00,42.0,0,0,0,"March 29, 2009","January 28, 2013","April 03, 2009","May 03, 2009"
311158,Benjamin Andrew Stokes,"June 04, 1991, Christchurch, Canterbury, New Zealand",35y 33d,England,Allrounder,2011 - 2026,2023,IPL 2023,CSK,2,2,0,15,8,7.50,14,107.14,0,0,2,0,2,0,0,18.00,6,-,-,-,-,0,0,0,"September 23, 2011","November 13, 2022","August 25, 2011","November 11, 2023"
311158,Benjamin Andrew Stokes,"June 04, 1991, Christchurch, Canterbury, New Zealand",35y 33d,England,Allrounder,2011 - 2026,2021,IPL 2021,RR,1,1,0,0,0,0.00,3,0.00,0,0,0,0,1,0,0,12.00,6,-,-,-,-,0,0,0,"September 23, 2011","November 13, 2022","August 25, 2011","November 11, 2023"
311158,Benjamin Andrew Stokes,"June 04, 1991, Christchurch, Canterbury, New Zealand",35y 33d,England,Allrounder,2011 - 2026,2020/21,IPL 2020/21,RR,8,8,1,285,107*,40.71,200,142.50,1,1,36,7,6,0,2,10.26,90,2/32,2/32,77.00,45.0,0,0,0,"September 23, 2011","November 13, 2022","August 25, 2011","November 11, 2023"
311158,Benjamin Andrew Stokes,"June 04, 1991, Christchurch, Canterbury, New Zealand",35y 33d,England,Allrounder,2011 - 2026,2019,IPL 2019,RR,9,9,3,123,46,20.50,99,124.24,0,0,8,4,3,0,6,11.22,101,2/39,2/39,31.50,16.8,0,0,0,"September 23, 2011","November 13, 2022","August 25, 2011","November 11, 2023"
311158,Benjamin Andrew Stokes,"June 04, 1991, Christchurch, Canterbury, New Zealand",35y 33d,England,Allrounder,2011 - 2026,2018,IPL 2018,RR,13,13,1,196,45,16.33,161,121.73,0,0,13,6,6,0,8,8.18,222,3/15,3/15,37.87,27.7,0,0,0,"September 23, 2011","November 13, 2022","August 25, 2011","November 11, 2023"
311158,Benjamin Andrew Stokes,"June 04, 1991, Christchurch, Canterbury, New Zealand",35y 33d,England,Allrounder,2011 - 2026,2017,IPL 2017,RPS,12,11,1,316,103*,31.60,221,142.98,1,1,22,15,5,0,12,7.18,264,3/18,3/18,26.33,22.0,0,0,0,"September 23, 2011","November 13, 2022","August 25, 2011","November 11, 2023"
5674,Bradley John Hodge,"December 29, 1974, Sandringham, Victoria",51y 190d,Australia,Top order Batter,2005 - 2014,2014,IPL 2014,RR,4,4,1,101,40,33.66,72,140.27,0,0,4,6,2,0,-,-,-,-,-,-,-,-,-,-,"September 12, 2007","March 30, 2014","December 03, 2005","October 17, 2007"
5674,Bradley John Hodge,"December 29, 1974, Sandringham, Victoria",51y 190d,Australia,Top order Batter,2005 - 2014,2013,IPL 2013,RR,17,14,7,293,54*,41.85,218,134.40,0,1,27,9,6,0,0,3.00,6,-,-,-,-,0,0,0,"September 12, 2007","March 30, 2014","December 03, 2005","October 17, 2007"
5674,Bradley John Hodge,"December 29, 1974, Sandringham, Victoria",51y 190d,Australia,Top order Batter,2005 - 2014,2012,IPL 2012,RR,12,12,4,245,48*,30.62,175,140.00,0,0,18,9,7,0,1,10.50,12,1/13,1/13,21.00,12.0,0,0,0,"September 12, 2007","March 30, 2014","December 03, 2005","October 17, 2007"
5674,Bradley John Hodge,"December 29, 1974, Sandringham, Victoria",51y 190d,Australia,Top order Batter,2005 - 2014,2011,IPL 2011,Kochi,14,14,6,285,51*,35.62,236,120.76,0,1,26,9,1,0,7,7.00,66,4/13,4/13,11.00,9.4,1,0,0,"September 12, 2007","March 30, 2014","December 03, 2005","October 17, 2007"
5674,Bradley John Hodge,"December 29, 1974, Sandringham, Victoria",51y 190d,Australia,Top order Batter,2005 - 2014,2009/10,IPL 2009/10,KKR,4,4,0,99,50,24.75,90,110.00,0,1,11,1,3,0,2,8.20,30,1/4,1/4,20.50,15.0,0,0,0,"September 12, 2007","March 30, 2014","December 03, 2005","October 17, 2007"
5674,Bradley John Hodge,"December 29, 1974, Sandringham, Victoria",51y 190d,Australia,Top order Batter,2005 - 2014,2009,IPL 2009,KKR,12,12,3,365,73,40.55,310,117.74,0,3,34,9,2,0,7,8.05,120,3/29,3/29,23.00,17.1,0,0,0,"September 12, 2007","March 30, 2014","December 03, 2005","October 17, 2007"
5674,Bradley John Hodge,"December 29, 1974, Sandringham, Victoria",51y 190d,Australia,Top order Batter,2005 - 2014,2007/08,IPL 2007/08,KKR,3,3,0,12,10,4.00,17,70.58,0,0,2,0,1,0,-,-,-,-,-,-,-,-,-,-,"September 12, 2007","March 30, 2014","December 03, 2005","October 17, 2007"
5681,George Bradley Hogg,"February 06, 1971, Narrogin, Western Australia",55y 151d,Australia,Allrounder,1996 - 2014,2016,IPL 2016,KKR,5,1,1,0,0*,-,0,-,0,0,0,0,3,0,4,8.87,96,3/19,3/19,35.50,24.0,0,0,0,"February 24, 2006","March 23, 2014","August 26, 1996","March 02, 2008"
5681,George Bradley Hogg,"February 06, 1971, Narrogin, Western Australia",55y 151d,Australia,Allrounder,1996 - 2014,2015,IPL 2015,KKR,6,2,1,7,5,7.00,6,116.66,0,0,0,0,0,0,9,6.85,126,4/29,4/29,16.00,14.0,1,0,0,"February 24, 2006","March 23, 2014","August 26, 1996","March 02, 2008"
5681,George Bradley Hogg,"February 06, 1971, Narrogin, Western Australia",55y 151d,Australia,Allrounder,1996 - 2014,2013,IPL 2013,RR,1,-,-,-,-,-,-,-,-,-,-,-,0,0,0,9.30,20,-,-,-,-,0,0,0,"February 24, 2006","March 23, 2014","August 26, 1996","March 02, 2008"
5681,George Bradley Hogg,"February 06, 1971, Narrogin, Western Australia",55y 151d,Australia,Allrounder,1996 - 2014,2012,IPL 2012,RR,9,3,1,15,13,7.50,16,93.75,0,0,1,0,1,0,10,7.02,216,2/31,2/31,25.30,21.6,0,0,0,"February 24, 2006","March 23, 2014","August 26, 1996","March 02, 2008"
1515046,Brijesh Sharma,"December 16, 1998",27y 203d,India,Bowler,-,2026,IPL 2026,RR,13,2,2,2,1*,-,4,50.00,0,0,0,0,1,0,14,9.89,273,2/18,2/18,32.14,19.5,0,0,0,,,,
1131754,Chetan Sakariya,"February 28, 1998, Bhavnagar",28y 129d,India,Bowler,2021 - 2021,2025,IPL 2025,KKR,1,-,-,-,-,-,-,-,-,-,-,-,0,0,0,13.00,18,-,-,-,-,0,0,0,"July 28, 2021","July 29, 2021","July 23, 2021","July 28, 2021"
1131754,Chetan Sakariya,"February 28, 1998, Bhavnagar",28y 129d,India,Bowler,2021 - 2021,2023,IPL 2023,DC,2,2,1,4,4,4.00,6,66.66,0,0,1,0,0,0,3,11.12,48,2/53,2/53,29.66,16.0,0,0,0,"July 28, 2021","July 29, 2021","July 23, 2021","July 28, 2021"
1131754,Chetan Sakariya,"February 28, 1998, Bhavnagar",28y 129d,India,Bowler,2021 - 2021,2022,IPL 2022,DC,3,-,-,-,-,-,-,-,-,-,-,-,2,0,3,7.63,66,2/23,2/23,28.00,22.0,0,0,0,"July 28, 2021","July 29, 2021","July 23, 2021","July 28, 2021"
1131754,Chetan Sakariya,"February 28, 1998, Bhavnagar",28y 129d,India,Bowler,2021 - 2021,2021,IPL 2021,RR,14,6,1,16,7,3.20,25,64.00,0,0,2,0,4,0,14,8.19,312,3/31,3/31,30.42,22.2,0,0,0,"July 28, 2021","July 29, 2021","July 23, 2021","July 28, 2021"
439952,Christopher Henry Morris,"April 30, 1987, Pretoria, Transvaal",39y 68d,South Africa,Bowling Allrounder,2012 - 2019,2021,IPL 2021,RR,11,7,2,67,36*,13.40,49,136.73,0,0,2,5,4,0,15,9.17,246,4/23,4/23,25.06,16.4,1,0,0,"December 21, 2012","March 24, 2019","June 10, 2013","July 06, 2019"
439952,Christopher Henry Morris,"April 30, 1987, Pretoria, Transvaal",39y 68d,South Africa,Bowling Allrounder,2012 - 2019,2020/21,IPL 2020/21,RCB,9,5,1,34,25*,8.50,21,161.90,0,0,2,3,7,0,11,6.63,190,4/26,4/26,19.09,17.2,1,0,0,"December 21, 2012","March 24, 2019","June 10, 2013","July 06, 2019"
439952,Christopher Henry Morris,"April 30, 1987, Pretoria, Transvaal",39y 68d,South Africa,Bowling Allrounder,2012 - 2019,2019,IPL 2019,DC,9,6,0,32,17,5.33,37,86.48,0,0,1,2,4,0,13,9.27,198,3/22,3/22,23.53,15.2,0,0,0,"December 21, 2012","March 24, 2019","June 10, 2013","July 06, 2019"
439952,Christopher Henry Morris,"April 30, 1987, Pretoria, Transvaal",39y 68d,South Africa,Bowling Allrounder,2012 - 2019,2018,IPL 2018,DC,4,4,3,46,27*,46.00,26,176.92,0,0,3,2,2,0,3,10.21,84,2/41,2/41,47.66,28.0,0,0,0,"December 21, 2012","March 24, 2019","June 10, 2013","July 06, 2019"
439952,Christopher Henry Morris,"April 30, 1987, Pretoria, Transvaal",39y 68d,South Africa,Bowling Allrounder,2012 - 2019,2017,IPL 2017,DC,9,9,4,154,52*,30.80,94,163.82,0,1,15,6,5,0,12,7.74,186,4/26,4/26,20.00,15.5,1,0,0,"December 21, 2012","March 24, 2019","June 10, 2013","July 06, 2019"
439952,Christopher Henry Morris,"April 30, 1987, Pretoria, Transvaal",39y 68d,South Africa,Bowling Allrounder,2012 - 2019,2016,IPL 2016,DC,12,7,4,195,82*,65.00,109,178.89,0,1,15,12,8,0,13,7.00,264,2/30,2/30,23.69,20.3,0,0,0,"December 21, 2012","March 24, 2019","June 10, 2013","July 06, 2019"
439952,Christopher Henry Morris,"April 30, 1987, Pretoria, Transvaal",39y 68d,South Africa,Bowling Allrounder,2012 - 2019,2015,IPL 2015,RR,11,7,5,76,34*,38.00,46,165.21,0,0,3,5,3,0,13,7.40,252,4/23,4/23,23.92,19.3,1,0,0,"December 21, 2012","March 24, 2019","June 10, 2013","July 06, 2019"
439952,Christopher Henry Morris,"April 30, 1987, Pretoria, Transvaal",39y 68d,South Africa,Bowling Allrounder,2012 - 2019,2013,IPL 2013,CSK,16,6,4,14,7*,7.00,16,87.50,0,0,0,0,5,0,15,8.02,300,3/40,3/40,26.73,20.0,0,0,0,"December 21, 2012","March 24, 2019","June 10, 2013","July 06, 2019"
308798,D'Arcy John Matthew Short,"August 09, 1990, Katherine, Northern Territory",35y 332d,Australia,Opening Batter,2018 - 2020,2018,IPL 2018,RR,7,7,0,115,44,16.42,99,116.16,0,0,11,5,2,0,1,6.33,18,1/10,1/10,19.00,18.0,0,0,0,"February 03, 2018","December 08, 2020","June 16, 2018","March 13, 2020"
6513,Damien Richard Martyn,"October 21, 1971, Darwin, Northern Territory",54y 259d,Australia,Top order Batter,1992 - 2006,2009/10,IPL 2009/10,RR,1,1,0,19,19,19.00,24,79.16,0,0,1,0,0,0,-,-,-,-,-,-,-,-,-,-,"February 17, 2005","February 24, 2006","December 08, 1992","November 05, 2006"
6285,Darren Scott Lehmann,"February 05, 1970, Gawler, South Australia",56y 152d,Australia,Top order Batter,1996 - 2005,2007/08,IPL 2007/08,RR,2,2,0,18,17,9.00,18,100.00,0,0,3,0,0,0,-,-,-,-,-,-,-,-,-,-,,,"August 30, 1996","February 06, 2005"
381743,Daryl Joseph Mitchell,"May 20, 1991, Hamilton",35y 48d,New Zealand,Batting Allrounder,2019 - 2026,2024,IPL 2024,CSK,13,13,2,318,63,28.90,223,142.60,0,2,27,10,9,0,1,11.66,36,1/18,1/18,70.00,36.0,0,0,0,"February 06, 2019","March 08, 2026","March 20, 2021","January 18, 2026"
381743,Daryl Joseph Mitchell,"May 20, 1991, Hamilton",35y 48d,New Zealand,Batting Allrounder,2019 - 2026,2022,IPL 2022,RR,2,2,0,33,17,16.50,44,75.00,0,0,1,0,2,0,0,13.50,12,-,-,-,-,0,0,0,"February 06, 2019","March 08, 2026","March 20, 2021","January 18, 2026"
437316,Madagamagamage Dasun Shanaka,"September 09, 1991, Negombo",34y 301d,Sri Lanka,Allrounder,2015 - 2026,2026,IPL 2026,RR,7,5,0,63,29,12.60,46,136.95,0,0,3,4,2,0,1,10.00,36,1/29,1/29,60.00,36.0,0,0,0,"August 01, 2015","June 14, 2026","June 16, 2016","January 08, 2024"
437316,Madagamagamage Dasun Shanaka,"September 09, 1991, Negombo",34y 301d,Sri Lanka,Allrounder,2015 - 2026,2023,IPL 2023,GT,3,3,1,26,17,13.00,26,100.00,0,0,2,1,2,0,-,-,-,-,-,-,-,-,-,-,"August 01, 2015","June 14, 2026","June 16, 2016","January 08, 2024"
321777,David Andrew Miller,"June 10, 1989, Pietermaritzburg, Natal",37y 27d,South Africa,Middle order Batter,2010 - 2026,2026,IPL 2026,DC,11,10,4,211,51,35.16,137,154.01,0,1,15,14,7,0,-,-,-,-,-,-,-,-,-,-,"May 20, 2010","March 04, 2026","May 22, 2010","March 05, 2025"
321777,David Andrew Miller,"June 10, 1989, Pietermaritzburg, Natal",37y 27d,South Africa,Middle order Batter,2010 - 2026,2025,IPL 2025,LSG,11,11,6,153,27*,30.60,120,127.49,0,0,13,4,5,0,-,-,-,-,-,-,-,-,-,-,"May 20, 2010","March 04, 2026","May 22, 2010","March 05, 2025"
321777,David Andrew Miller,"June 10, 1989, Pietermaritzburg, Natal",37y 27d,South Africa,Middle order Batter,2010 - 2026,2024,IPL 2024,GT,9,9,3,210,55,35.00,139,151.07,0,1,20,8,5,0,-,-,-,-,-,-,-,-,-,-,"May 20, 2010","March 04, 2026","May 22, 2010","March 05, 2025"
321777,David Andrew Miller,"June 10, 1989, Pietermaritzburg, Natal",37y 27d,South Africa,Middle order Batter,2010 - 2026,2023,IPL 2023,GT,16,13,5,259,46,32.37,178,145.50,0,0,18,13,11,0,-,-,-,-,-,-,-,-,-,-,"May 20, 2010","March 04, 2026","May 22, 2010","March 05, 2025"
321777,David Andrew Miller,"June 10, 1989, Pietermaritzburg, Natal",37y 27d,South Africa,Middle order Batter,2010 - 2026,2022,IPL 2022,GT,16,16,9,481,94*,68.71,337,142.72,0,2,32,23,6,0,-,-,-,-,-,-,-,-,-,-,"May 20, 2010","March 04, 2026","May 22, 2010","March 05, 2025"
321777,David Andrew Miller,"June 10, 1989, Pietermaritzburg, Natal",37y 27d,South Africa,Middle order Batter,2010 - 2026,2021,IPL 2021,RR,9,8,3,124,62,24.80,113,109.73,0,1,11,3,4,0,-,-,-,-,-,-,-,-,-,-,"May 20, 2010","March 04, 2026","May 22, 2010","March 05, 2025"
321777,David Andrew Miller,"June 10, 1989, Pietermaritzburg, Natal",37y 27d,South Africa,Middle order Batter,2010 - 2026,2020/21,IPL 2020/21,RR,1,1,0,0,0,0.00,0,-,0,0,0,0,0,0,-,-,-,-,-,-,-,-,-,-,"May 20, 2010","March 04, 2026","May 22, 2010","March 05, 2025"
321777,David Andrew Miller,"June 10, 1989, Pietermaritzburg, Natal",37y 27d,South Africa,Middle order Batter,2010 - 2026,2019,IPL 2019,PBKS,10,10,2,213,59*,26.62,164,129.87,0,1,19,7,7,0,-,-,-,-,-,-,-,-,-,-,"May 20, 2010","March 04, 2026","May 22, 2010","March 05, 2025"
321777,David Andrew Miller,"June 10, 1989, Pietermaritzburg, Natal",37y 27d,South Africa,Middle order Batter,2010 - 2026,2018,IPL 2018,PBKS,3,3,1,74,26,37.00,64,115.62,0,0,3,2,0,0,-,-,-,-,-,-,-,-,-,-,"May 20, 2010","March 04, 2026","May 22, 2010","March 05, 2025"
321777,David Andrew Miller,"June 10, 1989, Pietermaritzburg, Natal",37y 27d,South Africa,Middle order Batter,2010 - 2026,2017,IPL 2017,PBKS,5,4,1,83,30*,27.66,80,103.75,0,0,4,4,2,0,-,-,-,-,-,-,-,-,-,-,"May 20, 2010","March 04, 2026","May 22, 2010","March 05, 2025"
321777,David Andrew Miller,"June 10, 1989, Pietermaritzburg, Natal",37y 27d,South Africa,Middle order Batter,2010 - 2026,2016,IPL 2016,PBKS,14,13,3,161,31,16.10,131,122.90,0,0,11,4,10,0,-,-,-,-,-,-,-,-,-,-,"May 20, 2010","March 04, 2026","May 22, 2010","March 05, 2025"
321777,David Andrew Miller,"June 10, 1989, Pietermaritzburg, Natal",37y 27d,South Africa,Middle order Batter,2010 - 2026,2015,IPL 2015,PBKS,13,13,2,357,89*,32.45,266,134.21,0,2,21,21,7,0,-,-,-,-,-,-,-,-,-,-,"May 20, 2010","March 04, 2026","May 22, 2010","March 05, 2025"
321777,David Andrew Miller,"June 10, 1989, Pietermaritzburg, Natal",37y 27d,South Africa,Middle order Batter,2010 - 2026,2014,IPL 2014,PBKS,16,16,6,446,66,44.60,299,149.16,0,3,34,21,14,0,-,-,-,-,-,-,-,-,-,-,"May 20, 2010","March 04, 2026","May 22, 2010","March 05, 2025"
321777,David Andrew Miller,"June 10, 1989, Pietermaritzburg, Natal",37y 27d,South Africa,Middle order Batter,2010 - 2026,2013,IPL 2013,PBKS,12,12,5,418,101*,59.71,254,164.56,1,3,28,24,8,0,-,-,-,-,-,-,-,-,-,-,"May 20, 2010","March 04, 2026","May 22, 2010","March 05, 2025"
321777,David Andrew Miller,"June 10, 1989, Pietermaritzburg, Natal",37y 27d,South Africa,Middle order Batter,2010 - 2026,2012,IPL 2012,PBKS,6,6,3,98,34*,32.66,75,130.66,0,0,6,4,1,0,-,-,-,-,-,-,-,-,-,-,"May 20, 2010","March 04, 2026","May 22, 2010","March 05, 2025"
497121,Deepak Jagbir Hooda,"April 19, 1995, Rohtak",31y 79d,India,Allrounder,2022 - 2023,2025,IPL 2025,CSK,7,5,0,31,22,6.20,41,75.60,0,0,2,1,3,0,0,15.00,6,-,-,-,-,0,0,0,"February 24, 2022","February 01, 2023","February 06, 2022","November 30, 2022"
497121,Deepak Jagbir Hooda,"April 19, 1995, Rohtak",31y 79d,India,Allrounder,2022 - 2023,2024,IPL 2024,LSG,11,9,1,145,50,18.12,105,138.09,0,1,16,3,2,0,0,7.33,18,-,-,-,-,0,0,0,"February 24, 2022","February 01, 2023","February 06, 2022","November 30, 2022"
497121,Deepak Jagbir Hooda,"April 19, 1995, Rohtak",31y 79d,India,Allrounder,2022 - 2023,2023,IPL 2023,LSG,12,12,1,84,17,7.63,90,93.33,0,0,3,2,10,0,0,8.00,6,-,-,-,-,0,0,0,"February 24, 2022","February 01, 2023","February 06, 2022","November 30, 2022"
497121,Deepak Jagbir Hooda,"April 19, 1995, Rohtak",31y 79d,India,Allrounder,2022 - 2023,2022,IPL 2022,LSG,15,14,0,451,59,32.21,330,136.66,0,4,36,18,8,0,1,10.75,24,1/31,1/31,43.00,24.0,0,0,0,"February 24, 2022","February 01, 2023","February 06, 2022","November 30, 2022"
497121,Deepak Jagbir Hooda,"April 19, 1995, Rohtak",31y 79d,India,Allrounder,2022 - 2023,2021,IPL 2021,PBKS,12,11,1,160,64,16.00,123,130.08,0,1,9,9,7,0,2,8.50,96,1/15,1/15,68.00,48.0,0,0,0,"February 24, 2022","February 01, 2023","February 06, 2022","November 30, 2022"
497121,Deepak Jagbir Hooda,"April 19, 1995, Rohtak",31y 79d,India,Allrounder,2022 - 2023,2020/21,IPL 2020/21,PBKS,7,5,4,101,62*,101.00,71,142.25,0,1,5,5,3,0,0,9.00,6,-,-,-,-,0,0,0,"February 24, 2022","February 01, 2023","February 06, 2022","November 30, 2022"
497121,Deepak Jagbir Hooda,"April 19, 1995, Rohtak",31y 79d,India,Allrounder,2022 - 2023,2019,IPL 2019,SRH,11,7,1,64,20,10.66,63,101.58,0,0,5,1,10,0,1,10.50,12,1/13,1/13,21.00,12.0,0,0,0,"February 24, 2022","February 01, 2023","February 06, 2022","November 30, 2022"
497121,Deepak Jagbir Hooda,"April 19, 1995, Rohtak",31y 79d,India,Allrounder,2022 - 2023,2018,IPL 2018,SRH,9,8,4,87,32*,21.75,81,107.40,0,0,2,3,3,0,0,8.00,18,-,-,-,-,0,0,0,"February 24, 2022","February 01, 2023","February 06, 2022","November 30, 2022"
497121,Deepak Jagbir Hooda,"April 19, 1995, Rohtak",31y 79d,India,Allrounder,2022 - 2023,2017,IPL 2017,SRH,10,6,3,78,19*,26.00,52,150.00,0,0,5,4,5,0,2,10.50,24,1/7,1/7,21.00,12.0,0,0,0,"February 24, 2022","February 01, 2023","February 06, 2022","November 30, 2022"
497121,Deepak Jagbir Hooda,"April 19, 1995, Rohtak",31y 79d,India,Allrounder,2022 - 2023,2016,IPL 2016,SRH,17,15,1,144,34,10.28,121,119.00,0,0,9,5,3,0,3,7.46,78,2/16,2/16,32.33,26.0,0,0,0,"February 24, 2022","February 01, 2023","February 06, 2022","November 30, 2022"
497121,Deepak Jagbir Hooda,"April 19, 1995, Rohtak",31y 79d,India,Allrounder,2022 - 2023,2015,IPL 2015,RR,14,9,0,151,54,16.77,95,158.94,0,1,6,11,1,0,1,8.50,91,1/35,1/35,129.00,91.0,0,0,0,"February 24, 2022","February 01, 2023","February 06, 2022","November 30, 2022"
1119026,Devdutt Padikkal,"July 07, 2000, Edapal, Kerala",26y,India,Top order Batter,2021 - 2024,2026,IPL 2026,RCB,16,15,1,464,61,33.14,275,168.72,0,3,49,24,13,0,-,-,-,-,-,-,-,-,-,-,"July 28, 2021","July 29, 2021",,
1119026,Devdutt Padikkal,"July 07, 2000, Edapal, Kerala",26y,India,Top order Batter,2021 - 2024,2025,IPL 2025,RCB,10,10,1,247,61,27.44,164,150.60,0,2,21,14,1,0,-,-,-,-,-,-,-,-,-,-,"July 28, 2021","July 29, 2021",,
1119026,Devdutt Padikkal,"July 07, 2000, Edapal, Kerala",26y,India,Top order Batter,2021 - 2024,2024,IPL 2024,LSG,7,7,0,38,13,5.42,53,71.69,0,0,3,0,3,0,-,-,-,-,-,-,-,-,-,-,"July 28, 2021","July 29, 2021",,
1119026,Devdutt Padikkal,"July 07, 2000, Edapal, Kerala",26y,India,Top order Batter,2021 - 2024,2023,IPL 2023,RR,11,11,1,261,52,26.10,200,130.50,0,2,31,6,4,0,-,-,-,-,-,-,-,-,-,-,"July 28, 2021","July 29, 2021",,
1119026,Devdutt Padikkal,"July 07, 2000, Edapal, Kerala",26y,India,Top order Batter,2021 - 2024,2022,IPL 2022,RR,17,17,0,376,54,22.11,306,122.87,0,1,40,14,5,0,-,-,-,-,-,-,-,-,-,-,"July 28, 2021","July 29, 2021",,
1119026,Devdutt Padikkal,"July 07, 2000, Edapal, Kerala",26y,India,Top order Batter,2021 - 2024,2021,IPL 2021,RCB,14,14,1,411,101*,31.61,328,125.30,1,1,44,14,7,0,-,-,-,-,-,-,-,-,-,-,"July 28, 2021","July 29, 2021",,
1119026,Devdutt Padikkal,"July 07, 2000, Edapal, Kerala",26y,India,Top order Batter,2021 - 2024,2020/21,IPL 2020/21,RCB,15,15,0,473,74,31.53,379,124.80,0,5,51,8,8,0,-,-,-,-,-,-,-,-,-,-,"July 28, 2021","July 29, 2021",,
277955,Dhawal Sunil Kulkarni,"December 10, 1988, Bombay (now Mumbai), Maharashtra",37y 209d,India,Bowler,2014 - 2016,2021,IPL 2021,MI,1,1,1,0,0*,-,0,-,0,0,0,0,0,0,0,12.00,24,-,-,-,-,0,0,0,"June 20, 2016","June 22, 2016","September 02, 2014","October 26, 2016"
277955,Dhawal Sunil Kulkarni,"December 10, 1988, Bombay (now Mumbai), Maharashtra",37y 209d,India,Bowler,2014 - 2016,2020/21,IPL 2020/21,MI,1,1,1,3,3*,-,2,150.00,0,0,0,0,0,0,0,7.33,18,-,-,-,-,0,0,0,"June 20, 2016","June 22, 2016","September 02, 2014","October 26, 2016"
277955,Dhawal Sunil Kulkarni,"December 10, 1988, Bombay (now Mumbai), Maharashtra",37y 209d,India,Bowler,2014 - 2016,2019,IPL 2019,RR,10,1,1,5,5*,-,3,166.66,0,0,1,0,5,0,6,9.57,210,1/14,1/14,55.83,35.0,0,0,0,"June 20, 2016","June 22, 2016","September 02, 2014","October 26, 2016"
277955,Dhawal Sunil Kulkarni,"December 10, 1988, Bombay (now Mumbai), Maharashtra",37y 209d,India,Bowler,2014 - 2016,2018,IPL 2018,RR,8,2,1,6,3*,6.00,7,85.71,0,0,0,0,1,0,4,9.47,119,2/32,2/32,47.00,29.7,0,0,0,"June 20, 2016","June 22, 2016","September 02, 2014","October 26, 2016"
277955,Dhawal Sunil Kulkarni,"December 10, 1988, Bombay (now Mumbai), Maharashtra",37y 209d,India,Bowler,2014 - 2016,2017,IPL 2017,GL,6,1,0,1,1,1.00,2,50.00,0,0,0,0,1,0,3,9.18,113,1/24,1/24,57.66,37.6,0,0,0,"June 20, 2016","June 22, 2016","September 02, 2014","October 26, 2016"
277955,Dhawal Sunil Kulkarni,"December 10, 1988, Bombay (now Mumbai), Maharashtra",37y 209d,India,Bowler,2014 - 2016,2016,IPL 2016,GL,14,5,3,27,10,13.50,16,168.75,0,0,3,0,2,0,18,7.42,294,4/14,4/14,20.22,16.3,1,0,0,"June 20, 2016","June 22, 2016","September 02, 2014","October 26, 2016"
277955,Dhawal Sunil Kulkarni,"December 10, 1988, Bombay (now Mumbai), Maharashtra",37y 209d,India,Bowler,2014 - 2016,2015,IPL 2015,RR,11,2,0,4,3,2.00,11,36.36,0,0,0,0,5,0,13,7.91,210,2/9,2/9,21.30,16.1,0,0,0,"June 20, 2016","June 22, 2016","September 02, 2014","October 26, 2016"
277955,Dhawal Sunil Kulkarni,"December 10, 1988, Bombay (now Mumbai), Maharashtra",37y 209d,India,Bowler,2014 - 2016,2014,IPL 2014,RR,8,2,2,35,28*,-,25,140.00,0,0,1,2,2,0,6,8.18,162,2/23,2/23,36.83,27.0,0,0,0,"June 20, 2016","June 22, 2016","September 02, 2014","October 26, 2016"
277955,Dhawal Sunil Kulkarni,"December 10, 1988, Bombay (now Mumbai), Maharashtra",37y 209d,India,Bowler,2014 - 2016,2013,IPL 2013,MI,6,-,-,-,-,-,-,-,-,-,-,-,0,0,8,8.08,112,3/19,3/19,18.87,14.0,0,0,0,"June 20, 2016","June 22, 2016","September 02, 2014","October 26, 2016"
277955,Dhawal Sunil Kulkarni,"December 10, 1988, Bombay (now Mumbai), Maharashtra",37y 209d,India,Bowler,2014 - 2016,2012,IPL 2012,MI,2,1,1,10,10*,-,5,200.00,0,0,2,0,2,0,6,8.00,48,3/18,3/18,10.66,8.0,0,0,0,"June 20, 2016","June 22, 2016","September 02, 2014","October 26, 2016"
277955,Dhawal Sunil Kulkarni,"December 10, 1988, Bombay (now Mumbai), Maharashtra",37y 209d,India,Bowler,2014 - 2016,2011,IPL 2011,MI,6,2,1,2,2,2.00,4,50.00,0,0,0,0,1,0,5,7.45,120,3/26,3/26,29.80,24.0,0,0,0,"June 20, 2016","June 22, 2016","September 02, 2014","October 26, 2016"
277955,Dhawal Sunil Kulkarni,"December 10, 1988, Bombay (now Mumbai), Maharashtra",37y 209d,India,Bowler,2014 - 2016,2009/10,IPL 2009/10,MI,1,-,-,-,-,-,-,-,-,-,-,-,0,0,1,10.00,24,1/40,1/40,40.00,24.0,0,0,0,"June 20, 2016","June 22, 2016","September 02, 2014","October 26, 2016"
277955,Dhawal Sunil Kulkarni,"December 10, 1988, Bombay (now Mumbai), Maharashtra",37y 209d,India,Bowler,2014 - 2016,2009,IPL 2009,MI,8,4,2,9,7*,4.50,17,52.94,0,0,0,0,1,0,5,7.92,156,1/21,1/21,41.20,31.2,0,0,0,"June 20, 2016","June 22, 2016","September 02, 2014","October 26, 2016"
277955,Dhawal Sunil Kulkarni,"December 10, 1988, Bombay (now Mumbai), Maharashtra",37y 209d,India,Bowler,2014 - 2016,2007/08,IPL 2007/08,MI,10,1,1,2,2*,-,16,12.50,0,0,0,0,2,0,11,8.00,177,3/33,3/33,21.45,16.0,0,0,0,"June 20, 2016","June 22, 2016","September 02, 2014","October 26, 2016"
1175488,Dhruv Chand Jurel,"January 21, 2001, Agra, Uttar Pradesh",25y 167d,India,Wicketkeeper Batter,2024 - 2026,2026,IPL 2026,RR,16,16,2,515,81*,36.78,333,154.65,0,6,47,24,18,1,-,-,-,-,-,-,-,-,-,-,"July 06, 2024","January 28, 2025",,
1175488,Dhruv Chand Jurel,"January 21, 2001, Agra, Uttar Pradesh",25y 167d,India,Wicketkeeper Batter,2024 - 2026,2025,IPL 2025,RR,14,13,4,333,70,37.00,213,156.33,0,2,22,22,7,0,-,-,-,-,-,-,-,-,-,-,"July 06, 2024","January 28, 2025",,
1175488,Dhruv Chand Jurel,"January 21, 2001, Agra, Uttar Pradesh",25y 167d,India,Wicketkeeper Batter,2024 - 2026,2024,IPL 2024,RR,15,11,3,195,56*,24.37,141,138.29,0,2,18,7,11,0,-,-,-,-,-,-,-,-,-,-,"July 06, 2024","January 28, 2025",,
1175488,Dhruv Chand Jurel,"January 21, 2001, Agra, Uttar Pradesh",25y 167d,India,Wicketkeeper Batter,2024 - 2026,2023,IPL 2023,RR,13,11,4,152,34*,21.71,88,172.72,0,0,11,9,1,0,-,-,-,-,-,-,-,-,-,-,"July 06, 2024","January 28, 2025",,
16932,Adrian Dimitri Mascarenhas,"October 30, 1977, Chiswick, Middlesex",48y 250d,England,Allrounder,2007 - 2009,2013,IPL 2013,PBKS,1,1,1,5,5*,-,5,100.00,0,0,0,0,0,0,0,6.25,24,-,-,-,-,0,0,0,"June 28, 2007","June 14, 2009","July 01, 2007","September 17, 2009"
16932,Adrian Dimitri Mascarenhas,"October 30, 1977, Chiswick, Middlesex",48y 250d,England,Allrounder,2007 - 2009,2012,IPL 2012,PBKS,4,3,0,14,9,4.66,16,87.50,0,0,1,0,2,0,7,6.56,96,5/25,5/25,15.00,13.7,0,1,0,"June 28, 2007","June 14, 2009","July 01, 2007","September 17, 2009"
16932,Adrian Dimitri Mascarenhas,"October 30, 1977, Chiswick, Middlesex",48y 250d,England,Allrounder,2007 - 2009,2009/10,IPL 2009/10,RR,2,2,1,12,9*,12.00,10,120.00,0,0,0,0,0,0,4,8.12,48,2/31,2/31,16.25,12.0,0,0,0,"June 28, 2007","June 14, 2009","July 01, 2007","September 17, 2009"
16932,Adrian Dimitri Mascarenhas,"October 30, 1977, Chiswick, Middlesex",48y 250d,England,Allrounder,2007 - 2009,2009,IPL 2009,RR,5,4,0,39,27,9.75,39,100.00,0,0,4,0,1,0,6,6.82,116,3/20,3/20,22.00,19.3,0,0,0,"June 28, 2007","June 14, 2009","July 01, 2007","September 17, 2009"
16932,Adrian Dimitri Mascarenhas,"October 30, 1977, Chiswick, Middlesex",48y 250d,England,Allrounder,2007 - 2009,2007/08,IPL 2007/08,RR,1,1,0,9,9,9.00,8,112.50,0,0,0,1,0,0,2,7.25,24,2/29,2/29,14.50,12.0,0,0,0,"June 28, 2007","June 14, 2009","July 01, 2007","September 17, 2009"
278482,Dinesh Salunkhe,"November 12, 1982, Mumbai",43y 237d,India,Bowler,-,2007/08,IPL 2007/08,RR,6,3,1,33,26*,16.50,24,137.50,0,0,5,0,2,0,1,9.75,48,1/21,1/21,78.00,48.0,0,0,0,,,,
36071,Dishant Harendra Yagnik,"June 22, 1983, Banswara, Rajasthan",43y 15d,India,Wicketkeeper,-,2014,IPL 2014,RR,1,1,1,4,4*,-,6,66.66,0,0,0,0,1,0,-,-,-,-,-,-,-,-,-,-,,,,
36071,Dishant Harendra Yagnik,"June 22, 1983, Banswara, Rajasthan",43y 15d,India,Wicketkeeper,-,2013,IPL 2013,RR,12,9,1,125,34,15.62,96,130.20,0,0,17,2,6,1,-,-,-,-,-,-,-,-,-,-,,,,
36071,Dishant Harendra Yagnik,"June 22, 1983, Banswara, Rajasthan",43y 15d,India,Wicketkeeper,-,2012,IPL 2012,RR,5,3,2,25,10*,25.00,13,192.30,0,0,5,0,2,0,-,-,-,-,-,-,-,-,-,-,,,,
36071,Dishant Harendra Yagnik,"June 22, 1983, Banswara, Rajasthan",43y 15d,India,Wicketkeeper,-,2011,IPL 2011,RR,7,4,3,16,10*,16.00,22,72.72,0,0,1,0,3,4,-,-,-,-,-,-,-,-,-,-,,,,
698315,Donovan Ferreira,"July 21, 1998, Pretoria",27y 351d,South Africa,Allrounder,2023 - 2025,2026,IPL 2026,RR,15,13,4,317,69,35.22,177,179.09,0,2,25,23,13,0,1,13.66,18,1/14,1/14,41.00,18.0,0,0,0,"September 03, 2023","December 19, 2025","November 04, 2025","November 08, 2025"
698315,Donovan Ferreira,"July 21, 1998, Pretoria",27y 351d,South Africa,Allrounder,2023 - 2025,2025,IPL 2025,DC,1,1,0,1,1,1.00,3,33.33,0,0,0,0,0,0,-,-,-,-,-,-,-,-,-,-,"September 03, 2023","December 19, 2025","November 04, 2025","November 08, 2025"
698315,Donovan Ferreira,"July 21, 1998, Pretoria",27y 351d,South Africa,Allrounder,2023 - 2025,2024,IPL 2024,RR,2,2,0,8,7,4.00,11,72.72,0,0,0,0,1,0,-,-,-,-,-,-,-,-,-,-,"September 03, 2023","December 19, 2025","November 04, 2025","November 08, 2025"
431901,Evin Lewis,"December 27, 1991, Port of Spain, Trinidad",34y 192d,West Indies,Opening Batter,2016 - 2026,2022,IPL 2022,LSG,6,5,2,73,55*,24.33,56,130.35,0,1,8,3,3,0,-,-,-,-,-,-,-,-,-,-,"March 27, 2016","January 21, 2026","October 05, 2016","August 12, 2025"
431901,Evin Lewis,"December 27, 1991, Port of Spain, Trinidad",34y 192d,West Indies,Opening Batter,2016 - 2026,2021,IPL 2021,RR,5,5,0,151,58,30.20,93,162.36,0,1,18,7,0,0,-,-,-,-,-,-,-,-,-,-,"March 27, 2016","January 21, 2026","October 05, 2016","August 12, 2025"
431901,Evin Lewis,"December 27, 1991, Port of Spain, Trinidad",34y 192d,West Indies,Opening Batter,2016 - 2026,2019,IPL 2019,MI,3,3,0,48,32,16.00,52,92.30,0,0,4,2,3,0,-,-,-,-,-,-,-,-,-,-,"March 27, 2016","January 21, 2026","October 05, 2016","August 12, 2025"
431901,Evin Lewis,"December 27, 1991, Port of Spain, Trinidad",34y 192d,West Indies,Opening Batter,2016 - 2026,2018,IPL 2018,MI,13,13,0,382,65,29.38,276,138.40,0,2,32,24,3,0,-,-,-,-,-,-,-,-,-,-,"March 27, 2016","January 21, 2026","October 05, 2016","August 12, 2025"
28671,Faiz Yakub Fazal,"September 07, 1985, Nagpur, Maharashtra",40y 303d,India,Opening Batter,2016 - 2016,2011,IPL 2011,RR,2,2,0,19,16,9.50,19,100.00,0,0,3,0,0,0,-,-,-,-,-,-,-,-,-,-,,,"June 15, 2016","Vidarbha vs J & K  at Nagpur - December 17 - 19, 2003"
28671,Faiz Yakub Fazal,"September 07, 1985, Nagpur, Maharashtra",40y 303d,India,Opening Batter,2016 - 2016,2009/10,IPL 2009/10,RR,10,9,1,164,45,20.50,154,106.49,0,0,19,1,6,0,0,10.00,12,-,-,-,-,0,0,0,,,"June 15, 2016","Vidarbha vs J & K  at Nagpur - December 17 - 19, 2003"
974175,Fazalhaq Farooqi,"September 22, 2000, Baghlan",25y 288d,Afghanistan,Bowler,2021 - 2026,2025,IPL 2025,RR,5,1,1,2,2*,-,2,100.00,0,0,0,0,0,0,0,12.35,102,-,-,-,-,0,0,0,"March 20, 2021","February 11, 2026","January 25, 2022","February 28, 2025"
974175,Fazalhaq Farooqi,"September 22, 2000, Baghlan",25y 288d,Afghanistan,Bowler,2021 - 2026,2023,IPL 2023,SRH,4,1,1,1,1*,-,5,20.00,0,0,0,0,1,0,4,8.77,80,2/41,2/41,29.25,20.0,0,0,0,"March 20, 2021","February 11, 2026","January 25, 2022","February 28, 2025"
974175,Fazalhaq Farooqi,"September 22, 2000, Baghlan",25y 288d,Afghanistan,Bowler,2021 - 2026,2022,IPL 2022,SRH,3,1,1,2,2*,-,8,25.00,0,0,0,0,0,0,2,9.16,72,2/32,2/32,55.00,36.0,0,0,0,"March 20, 2021","February 11, 2026","January 25, 2022","February 28, 2025"
823509,Glenn Dominic Phillips,"December 06, 1996, East London, Eastern Cape, South Africa",29y 213d,New Zealand,Allrounder,2017 - 2026,2026,IPL 2026,GT,6,5,1,67,25,16.75,54,124.07,0,0,4,2,8,0,-,-,-,-,-,-,-,-,-,-,"February 17, 2017","March 08, 2026","July 10, 2022","January 18, 2026"
823509,Glenn Dominic Phillips,"December 06, 1996, East London, Eastern Cape, South Africa",29y 213d,New Zealand,Allrounder,2017 - 2026,2023,IPL 2023,SRH,5,5,0,39,25,7.80,22,177.27,0,0,2,4,1,0,1,6.66,18,1/10,1/10,20.00,18.0,0,0,0,"February 17, 2017","March 08, 2026","July 10, 2022","January 18, 2026"
823509,Glenn Dominic Phillips,"December 06, 1996, East London, Eastern Cape, South Africa",29y 213d,New Zealand,Allrounder,2017 - 2026,2021,IPL 2021,RR,3,3,1,26,14*,13.00,33,78.78,0,0,1,2,1,0,1,10.00,12,1/17,1/17,20.00,12.0,0,0,0,"February 17, 2017","March 08, 2026","July 10, 2022","January 18, 2026"
47270,Graeme Craig Smith,"February 01, 1981, Johannesburg, Transvaal",45y 156d,South Africa,Opening Batter,2002 - 2014,2011,IPL 2011,PWI,4,4,0,42,24,10.50,51,82.35,0,0,6,0,1,0,-,-,-,-,-,-,-,-,-,-,"October 21, 2005","October 16, 2011","March 30, 2002","November 27, 2013"
47270,Graeme Craig Smith,"February 01, 1981, Johannesburg, Transvaal",45y 156d,South Africa,Opening Batter,2002 - 2014,2009/10,IPL 2009/10,RR,2,2,0,44,26,22.00,39,112.82,0,0,7,0,2,0,-,-,-,-,-,-,-,-,-,-,"October 21, 2005","October 16, 2011","March 30, 2002","November 27, 2013"
47270,Graeme Craig Smith,"February 01, 1981, Johannesburg, Transvaal",45y 156d,South Africa,Opening Batter,2002 - 2014,2009,IPL 2009,RR,12,12,1,212,77,19.27,216,98.14,0,1,27,1,2,0,-,-,-,-,-,-,-,-,-,-,"October 21, 2005","October 16, 2011","March 30, 2002","November 27, 2013"
47270,Graeme Craig Smith,"February 01, 1981, Johannesburg, Transvaal",45y 156d,South Africa,Opening Batter,2002 - 2014,2007/08,IPL 2007/08,RR,11,11,2,441,91,49.00,362,121.82,0,3,54,8,2,0,-,-,-,-,-,-,-,-,-,-,"October 21, 2005","October 16, 2011","March 30, 2002","November 27, 2013"
422847,Harmeet Singh Baddhan,"September 07, 1992, Mumbai",33y 303d,United States of America,Bowling Allrounder,2024 - 2026,2013,IPL 2013,RR,1,-,-,-,-,-,-,-,-,-,-,-,0,0,1,8.50,24,1/34,1/34,34.00,24.0,0,0,0,"April 07, 2024","February 15, 2026","August 13, 2024","June 12, 2026"
436757,Heinrich Klaasen,"July 30, 1991, Pretoria, Transvaal",34y 342d,South Africa,Wicketkeeper Batter,2018 - 2025,2026,IPL 2026,SRH,15,15,2,624,69,48.00,390,160.00,0,6,48,31,13,0,-,-,-,-,-,-,-,-,-,-,"February 18, 2018","December 13, 2024","February 07, 2018","March 05, 2025"
436757,Heinrich Klaasen,"July 30, 1991, Pretoria, Transvaal",34y 342d,South Africa,Wicketkeeper Batter,2018 - 2025,2025,IPL 2025,SRH,14,13,2,487,105*,44.27,282,172.69,1,1,42,25,7,0,-,-,-,-,-,-,-,-,-,-,"February 18, 2018","December 13, 2024","February 07, 2018","March 05, 2025"
436757,Heinrich Klaasen,"July 30, 1991, Pretoria, Transvaal",34y 342d,South Africa,Wicketkeeper Batter,2018 - 2025,2024,IPL 2024,SRH,16,15,3,479,80*,39.91,280,171.07,0,4,19,38,8,2,-,-,-,-,-,-,-,-,-,-,"February 18, 2018","December 13, 2024","February 07, 2018","March 05, 2025"
436757,Heinrich Klaasen,"July 30, 1991, Pretoria, Transvaal",34y 342d,South Africa,Wicketkeeper Batter,2018 - 2025,2023,IPL 2023,SRH,12,11,2,448,104,49.77,253,177.07,1,2,32,25,3,1,-,-,-,-,-,-,-,-,-,-,"February 18, 2018","December 13, 2024","February 07, 2018","March 05, 2025"
436757,Heinrich Klaasen,"July 30, 1991, Pretoria, Transvaal",34y 342d,South Africa,Wicketkeeper Batter,2018 - 2025,2019,IPL 2019,RCB,3,2,0,9,6,4.50,10,90.00,0,0,0,0,0,0,-,-,-,-,-,-,-,-,-,-,"February 18, 2018","December 13, 2024","February 07, 2018","March 05, 2025"
436757,Heinrich Klaasen,"July 30, 1991, Pretoria, Transvaal",34y 342d,South Africa,Wicketkeeper Batter,2018 - 2025,2018,IPL 2018,RR,4,4,1,57,32,19.00,47,121.27,0,0,5,1,3,4,-,-,-,-,-,-,-,-,-,-,"February 18, 2018","December 13, 2024","February 07, 2018","March 05, 2025"
277237,Sayed Iqbal Abdulla,"December 02, 1989, Azamgarh",36y 217d,India,Allrounder,-,2017,IPL 2017,RCB,2,1,1,5,5*,-,7,71.42,0,0,0,0,0,0,2,11.00,30,2/36,2/36,27.50,15.0,0,0,0,,,,
277237,Sayed Iqbal Abdulla,"December 02, 1989, Azamgarh",36y 217d,India,Allrounder,-,2016,IPL 2016,RCB,8,2,2,37,33*,-,27,137.03,0,0,4,1,4,0,6,8.52,150,3/40,3/40,35.50,25.0,0,0,0,,,,
277237,Sayed Iqbal Abdulla,"December 02, 1989, Azamgarh",36y 217d,India,Allrounder,-,2015,IPL 2015,RCB,5,2,0,20,20,10.00,18,111.11,0,0,4,0,1,0,4,7.89,114,2/36,2/36,37.50,28.5,0,0,0,,,,
277237,Sayed Iqbal Abdulla,"December 02, 1989, Azamgarh",36y 217d,India,Allrounder,-,2014,IPL 2014,RR,1,-,-,-,-,-,-,-,-,-,-,-,1,0,0,8.50,12,-,-,-,-,0,0,0,,,,
277237,Sayed Iqbal Abdulla,"December 02, 1989, Azamgarh",36y 217d,India,Allrounder,-,2013,IPL 2013,KKR,5,2,2,8,6*,-,14,57.14,0,0,0,0,0,0,7,7.53,113,3/29,3/29,20.28,16.1,0,0,0,,,,
277237,Sayed Iqbal Abdulla,"December 02, 1989, Azamgarh",36y 217d,India,Allrounder,-,2012,IPL 2012,KKR,9,2,2,2,1*,-,3,66.66,0,0,0,0,5,0,4,6.54,132,1/20,1/20,36.00,33.0,0,0,0,,,,
277237,Sayed Iqbal Abdulla,"December 02, 1989, Azamgarh",36y 217d,India,Allrounder,-,2011,IPL 2011,KKR,15,2,2,15,12*,-,12,125.00,0,0,1,0,3,0,16,6.10,300,3/24,3/24,19.06,18.7,0,0,0,,,,
277237,Sayed Iqbal Abdulla,"December 02, 1989, Azamgarh",36y 217d,India,Allrounder,-,2009/10,IPL 2009/10,KKR,3,1,1,0,0*,-,1,0.00,0,0,0,0,0,0,1,7.17,51,1/28,1/28,61.00,51.0,0,0,0,,,,
277237,Sayed Iqbal Abdulla,"December 02, 1989, Azamgarh",36y 217d,India,Allrounder,-,2007/08,IPL 2007/08,KKR,1,1,1,1,1*,-,2,50.00,0,0,0,0,0,0,0,7.33,18,-,-,-,-,0,0,0,,,,
559066,Inderbir Singh Sodhi,"October 31, 1992, Ludhiana, India",33y 249d,New Zealand,Bowler,2013 - 2026,2019,IPL 2019,RR,2,1,0,6,6,6.00,11,54.54,0,0,0,0,0,0,4,9.34,43,3/26,3/26,16.75,10.7,0,0,0,"July 05, 2014","May 02, 2026","August 02, 2015","November 19, 2024"
559066,Inderbir Singh Sodhi,"October 31, 1992, Ludhiana, India",33y 249d,New Zealand,Bowler,2013 - 2026,2018,IPL 2018,RR,6,1,0,1,1,1.00,6,16.66,0,0,0,0,0,0,5,5.86,138,1/14,1/14,27.00,27.6,0,0,0,"July 05, 2014","May 02, 2026","August 02, 2015","November 19, 2024"
38062,Jacob David Philip Oram,"July 28, 1978, Palmerston North, Manawatu",47y 344d,New Zealand,Allrounder,2001 - 2012,2013,IPL 2013,MI,1,-,-,-,-,-,-,-,-,-,-,-,0,0,0,5.50,24,-,-,-,-,0,0,0,"October 21, 2005","October 30, 2012","January 04, 2001","November 06, 2012"
38062,Jacob David Philip Oram,"July 28, 1978, Palmerston North, Manawatu",47y 344d,New Zealand,Allrounder,2001 - 2012,2011,IPL 2011,RR,2,1,0,0,0,0.00,3,0.00,0,0,0,0,0,0,1,11.25,24,1/32,1/32,45.00,24.0,0,0,0,"October 21, 2005","October 30, 2012","January 04, 2001","November 06, 2012"
38062,Jacob David Philip Oram,"July 28, 1978, Palmerston North, Manawatu",47y 344d,New Zealand,Allrounder,2001 - 2012,2009,IPL 2009,CSK,11,8,2,88,41*,14.66,93,94.62,0,0,5,4,5,0,5,8.58,93,2/12,2/12,26.60,18.6,0,0,0,"October 21, 2005","October 30, 2012","January 04, 2001","November 06, 2012"
38062,Jacob David Philip Oram,"July 28, 1978, Palmerston North, Manawatu",47y 344d,New Zealand,Allrounder,2001 - 2012,2007/08,IPL 2007/08,CSK,4,3,2,18,13,18.00,12,150.00,0,0,1,1,3,0,3,9.31,96,3/32,3/32,49.66,32.0,0,0,0,"October 21, 2005","October 30, 2012","January 04, 2001","November 06, 2012"
270484,James Peter Faulkner,"April 29, 1990, Launceston, Tasmania",36y 69d,Australia,Bowling Allrounder,2012 - 2017,2017,IPL 2017,GL,8,6,2,54,21,13.50,57,94.73,0,0,4,0,3,0,6,9.79,158,2/34,2/34,43.00,26.3,0,0,0,"February 01, 2012","February 22, 2017","February 01, 2013","October 01, 2017"
270484,James Peter Faulkner,"April 29, 1990, Launceston, Tasmania",36y 69d,Australia,Bowling Allrounder,2012 - 2017,2016,IPL 2016,GL,7,5,2,77,32,25.66,59,130.50,0,0,7,0,3,0,2,9.82,102,1/23,1/23,83.50,51.0,0,0,0,"February 01, 2012","February 22, 2017","February 01, 2013","October 01, 2017"
270484,James Peter Faulkner,"April 29, 1990, Launceston, Tasmania",36y 69d,Australia,Bowling Allrounder,2012 - 2017,2015,IPL 2015,RR,13,11,3,144,46,18.00,109,132.11,0,0,12,5,4,0,8,9.46,270,3/26,3/26,53.25,33.7,0,0,0,"February 01, 2012","February 22, 2017","February 01, 2013","October 01, 2017"
270484,James Peter Faulkner,"April 29, 1990, Launceston, Tasmania",36y 69d,Australia,Bowling Allrounder,2012 - 2017,2014,IPL 2014,RR,13,12,8,181,41*,45.25,94,192.55,0,0,8,16,2,0,11,9.74,258,3/11,3/11,38.09,23.4,0,0,0,"February 01, 2012","February 22, 2017","February 01, 2013","October 01, 2017"
270484,James Peter Faulkner,"April 29, 1990, Launceston, Tasmania",36y 69d,Australia,Bowling Allrounder,2012 - 2017,2013,IPL 2013,RR,16,9,4,57,19*,11.40,57,100.00,0,0,5,2,3,0,28,6.75,379,5/16,5/16,15.25,13.5,0,2,0,"February 01, 2012","February 22, 2017","February 01, 2013","October 01, 2017"
270484,James Peter Faulkner,"April 29, 1990, Launceston, Tasmania",36y 69d,Australia,Bowling Allrounder,2012 - 2017,2012,IPL 2012,PBKS,2,2,1,14,11*,14.00,13,107.69,0,0,0,0,1,0,3,9.00,48,2/41,2/41,24.00,16.0,0,0,0,"February 01, 2012","February 22, 2017","February 01, 2013","October 01, 2017"
270484,James Peter Faulkner,"April 29, 1990, Launceston, Tasmania",36y 69d,Australia,Bowling Allrounder,2012 - 2017,2011,IPL 2011,PWI,1,-,-,-,-,-,-,-,-,-,-,-,0,0,1,4.50,12,1/9,1/9,9.00,12.0,0,0,0,"February 01, 2012","February 22, 2017","February 01, 2013","October 01, 2017"
355269,James Douglas Sheahan Neesham,"September 17, 1990, Auckland",35y 293d,New Zealand,Batting Allrounder,2012 - 2026,2022,IPL 2022,RR,2,2,0,31,17,15.50,27,114.81,0,0,3,0,1,0,0,9.66,18,-,-,-,-,0,0,0,"December 21, 2012","March 25, 2026","January 19, 2013","November 01, 2023"
355269,James Douglas Sheahan Neesham,"September 17, 1990, Auckland",35y 293d,New Zealand,Batting Allrounder,2012 - 2026,2021,IPL 2021,MI,3,2,0,0,0,0.00,2,0.00,0,0,0,0,0,0,5,7.33,54,3/12,3/12,13.20,10.8,0,0,0,"December 21, 2012","March 25, 2026","January 19, 2013","November 01, 2023"
355269,James Douglas Sheahan Neesham,"September 17, 1990, Auckland",35y 293d,New Zealand,Batting Allrounder,2012 - 2026,2020/21,IPL 2020/21,PBKS,5,3,1,19,10*,9.50,18,105.55,0,0,0,1,1,0,2,9.86,90,1/17,1/17,74.00,45.0,0,0,0,"December 21, 2012","March 25, 2026","January 19, 2013","November 01, 2023"
355269,James Douglas Sheahan Neesham,"September 17, 1990, Auckland",35y 293d,New Zealand,Batting Allrounder,2012 - 2026,2014,IPL 2014,DC,4,3,0,42,22,14.00,46,91.30,0,0,3,1,0,0,1,10.11,54,1/29,1/29,91.00,54.0,0,0,0,"December 21, 2012","March 25, 2026","January 19, 2013","November 01, 2023"
391485,Jason Omar Holder,"November 05, 1991, Barbados",34y 244d,West Indies,Bowling Allrounder,2013 - 2026,2026,IPL 2026,GT,11,7,2,65,23*,13.00,52,125.00,0,0,3,3,8,0,17,7.56,230,4/24,4/24,17.05,13.5,1,0,0,"January 15, 2014","June 14, 2026","February 01, 2013","July 01, 2023"
391485,Jason Omar Holder,"November 05, 1991, Barbados",34y 244d,West Indies,Bowling Allrounder,2013 - 2026,2023,IPL 2023,RR,8,3,1,12,11,6.00,11,109.09,0,0,0,1,3,0,4,9.96,171,2/29,2/29,71.00,42.7,0,0,0,"January 15, 2014","June 14, 2026","February 01, 2013","July 01, 2023"
391485,Jason Omar Holder,"November 05, 1991, Barbados",34y 244d,West Indies,Bowling Allrounder,2013 - 2026,2022,IPL 2022,LSG,12,8,2,58,16,9.66,44,131.81,0,0,2,6,4,0,14,9.42,249,3/31,3/31,27.92,17.7,0,0,0,"January 15, 2014","June 14, 2026","February 01, 2013","July 01, 2023"
391485,Jason Omar Holder,"November 05, 1991, Barbados",34y 244d,West Indies,Bowling Allrounder,2013 - 2026,2021,IPL 2021,SRH,8,7,1,85,47*,14.16,72,118.05,0,0,2,6,2,0,16,7.75,191,4/52,4/52,15.43,11.9,1,0,0,"January 15, 2014","June 14, 2026","February 01, 2013","July 01, 2023"
391485,Jason Omar Holder,"November 05, 1991, Barbados",34y 244d,West Indies,Bowling Allrounder,2013 - 2026,2020/21,IPL 2020/21,SRH,7,4,2,66,26*,33.00,53,124.52,0,0,5,3,0,0,14,8.32,168,3/25,3/25,16.64,12.0,0,0,0,"January 15, 2014","June 14, 2026","February 01, 2013","July 01, 2023"
391485,Jason Omar Holder,"November 05, 1991, Barbados",34y 244d,West Indies,Bowling Allrounder,2013 - 2026,2016,IPL 2016,KKR,4,4,0,22,13,5.50,19,115.78,0,0,2,1,0,0,2,7.92,78,2/33,2/33,51.50,39.0,0,0,0,"January 15, 2014","June 14, 2026","February 01, 2013","July 01, 2023"
391485,Jason Omar Holder,"November 05, 1991, Barbados",34y 244d,West Indies,Bowling Allrounder,2013 - 2026,2014,IPL 2014,SRH,1,1,0,16,16,16.00,12,133.33,0,0,2,1,2,0,1,11.66,18,1/35,1/35,35.00,18.0,0,0,0,"January 15, 2014","June 14, 2026","February 01, 2013","July 01, 2023"
391485,Jason Omar Holder,"November 05, 1991, Barbados",34y 244d,West Indies,Bowling Allrounder,2013 - 2026,2013,IPL 2013,CSK,6,-,-,-,-,-,-,-,-,-,-,-,3,0,2,8.40,120,2/20,2/20,84.00,60.0,0,0,0,"January 15, 2014","June 14, 2026","February 01, 2013","July 01, 2023"
390484,Jaydev Dipakbhai Unadkat,"October 18, 1991, Porbandar",34y 262d,India,Bowler,2010 - 2023,2026,IPL 2026,SRH,4,1,1,4,4*,-,3,133.33,0,0,0,0,3,0,4,10.90,77,3/21,3/21,35.00,19.2,0,0,0,"June 18, 2016","March 18, 2018","July 24, 2013","August 01, 2023"
390484,Jaydev Dipakbhai Unadkat,"October 18, 1991, Porbandar",34y 262d,India,Bowler,2010 - 2023,2025,IPL 2025,SRH,7,-,-,-,-,-,-,-,-,-,-,-,2,0,11,7.34,143,3/24,3/24,15.90,13.0,0,0,0,"June 18, 2016","March 18, 2018","July 24, 2013","August 01, 2023"
390484,Jaydev Dipakbhai Unadkat,"October 18, 1991, Porbandar",34y 262d,India,Bowler,2010 - 2023,2024,IPL 2024,SRH,11,5,2,24,8*,8.00,26,92.30,0,0,2,1,0,0,8,10.23,187,3/30,3/30,39.87,23.3,0,0,0,"June 18, 2016","March 18, 2018","July 24, 2013","August 01, 2023"
390484,Jaydev Dipakbhai Unadkat,"October 18, 1991, Porbandar",34y 262d,India,Bowler,2010 - 2023,2023,IPL 2023,LSG,3,1,0,9,9,9.00,7,128.57,0,0,1,0,0,0,0,11.50,48,-,-,-,-,0,0,0,"June 18, 2016","March 18, 2018","July 24, 2013","August 01, 2023"
390484,Jaydev Dipakbhai Unadkat,"October 18, 1991, Porbandar",34y 262d,India,Bowler,2010 - 2023,2022,IPL 2022,MI,5,5,2,59,19*,19.66,37,159.45,0,0,4,3,1,0,6,9.50,120,2/32,2/32,31.66,20.0,0,0,0,"June 18, 2016","March 18, 2018","July 24, 2013","August 01, 2023"
390484,Jaydev Dipakbhai Unadkat,"October 18, 1991, Porbandar",34y 262d,India,Bowler,2010 - 2023,2021,IPL 2021,RR,6,3,1,41,24,20.50,29,141.37,0,0,3,2,1,0,4,7.63,132,3/15,3/15,42.00,33.0,0,0,0,"June 18, 2016","March 18, 2018","July 24, 2013","August 01, 2023"
390484,Jaydev Dipakbhai Unadkat,"October 18, 1991, Porbandar",34y 262d,India,Bowler,2010 - 2023,2020/21,IPL 2020/21,RR,7,1,0,9,9,9.00,13,69.23,0,0,0,0,1,0,4,9.91,138,2/32,2/32,57.00,34.5,0,0,0,"June 18, 2016","March 18, 2018","July 24, 2013","August 01, 2023"
390484,Jaydev Dipakbhai Unadkat,"October 18, 1991, Porbandar",34y 262d,India,Bowler,2010 - 2023,2019,IPL 2019,RR,11,4,3,1,1,1.00,3,33.33,0,0,0,0,3,0,10,10.66,224,2/26,2/26,39.80,22.4,0,0,0,"June 18, 2016","March 18, 2018","July 24, 2013","August 01, 2023"
390484,Jaydev Dipakbhai Unadkat,"October 18, 1991, Porbandar",34y 262d,India,Bowler,2010 - 2023,2018,IPL 2018,RR,15,7,3,49,26,12.25,38,128.94,0,0,6,1,6,0,11,9.65,302,3/46,3/46,44.18,27.4,0,0,0,"June 18, 2016","March 18, 2018","July 24, 2013","August 01, 2023"
390484,Jaydev Dipakbhai Unadkat,"October 18, 1991, Porbandar",34y 262d,India,Bowler,2010 - 2023,2017,IPL 2017,RPS,12,2,2,2,2*,-,5,40.00,0,0,0,0,9,0,24,7.02,275,5/30,5/30,13.41,11.4,0,1,0,"June 18, 2016","March 18, 2018","July 24, 2013","August 01, 2023"
390484,Jaydev Dipakbhai Unadkat,"October 18, 1991, Porbandar",34y 262d,India,Bowler,2010 - 2023,2016,IPL 2016,KKR,1,-,-,-,-,-,-,-,-,-,-,-,0,0,0,16.33,18,-,-,-,-,0,0,0,"June 18, 2016","March 18, 2018","July 24, 2013","August 01, 2023"
390484,Jaydev Dipakbhai Unadkat,"October 18, 1991, Porbandar",34y 262d,India,Bowler,2010 - 2023,2015,IPL 2015,DC,1,-,-,-,-,-,-,-,-,-,-,-,0,0,0,10.00,18,-,-,-,-,0,0,0,"June 18, 2016","March 18, 2018","July 24, 2013","August 01, 2023"
390484,Jaydev Dipakbhai Unadkat,"October 18, 1991, Porbandar",34y 262d,India,Bowler,2010 - 2023,2014,IPL 2014,DC,9,2,1,1,1*,1.00,6,16.66,0,0,0,0,0,0,9,8.66,187,3/32,3/32,30.00,20.7,0,0,0,"June 18, 2016","March 18, 2018","July 24, 2013","August 01, 2023"
390484,Jaydev Dipakbhai Unadkat,"October 18, 1991, Porbandar",34y 262d,India,Bowler,2010 - 2023,2013,IPL 2013,RCB,13,2,2,2,1*,-,2,100.00,0,0,0,0,1,0,13,7.55,294,5/25,5/25,28.46,22.6,0,1,0,"June 18, 2016","March 18, 2018","July 24, 2013","August 01, 2023"
390484,Jaydev Dipakbhai Unadkat,"October 18, 1991, Porbandar",34y 262d,India,Bowler,2010 - 2023,2012,IPL 2012,KKR,1,-,-,-,-,-,-,-,-,-,-,-,0,0,0,10.66,18,-,-,-,-,0,0,0,"June 18, 2016","March 18, 2018","July 24, 2013","August 01, 2023"
390484,Jaydev Dipakbhai Unadkat,"October 18, 1991, Porbandar",34y 262d,India,Bowler,2010 - 2023,2011,IPL 2011,KKR,7,-,-,-,-,-,-,-,-,-,-,-,2,0,6,8.33,108,2/25,2/25,25.00,18.0,0,0,0,"June 18, 2016","March 18, 2018","July 24, 2013","August 01, 2023"
390484,Jaydev Dipakbhai Unadkat,"October 18, 1991, Porbandar",34y 262d,India,Bowler,2010 - 2023,2009/10,IPL 2009/10,KKR,3,-,-,-,-,-,-,-,-,-,-,-,1,0,4,8.22,62,3/26,3/26,21.25,15.5,0,0,0,"June 18, 2016","March 18, 2018","July 24, 2013","August 01, 2023"
303669,Joseph Edward Root,"December 30, 1990, Sheffield, Yorkshire",35y 189d,England,Top order Batter,2012 - 2026,2023,IPL 2023,RR,3,1,0,10,10,10.00,15,66.66,0,0,1,0,2,0,0,7.00,12,-,-,-,-,0,0,0,"December 22, 2012","May 05, 2019","January 11, 2013","January 27, 2026"
669855,Jofra Chioke Archer,"April 01, 1995, Bridgetown, Barbados",31y 97d,England,Bowler,2019 - 2026,2026,IPL 2026,RR,16,10,4,64,32,10.66,47,136.17,0,0,4,4,8,0,25,9.31,360,3/17,3/17,22.36,14.4,0,0,0,"May 05, 2019","July 04, 2026","May 03, 2019","November 01, 2025"
669855,Jofra Chioke Archer,"April 01, 1995, Bridgetown, Barbados",31y 97d,England,Bowler,2019 - 2026,2025,IPL 2025,RR,12,7,1,63,30,10.50,50,126.00,0,0,3,4,1,0,11,9.47,273,3/25,3/25,39.18,24.8,0,0,0,"May 05, 2019","July 04, 2026","May 03, 2019","November 01, 2025"
669855,Jofra Chioke Archer,"April 01, 1995, Bridgetown, Barbados",31y 97d,England,Bowler,2019 - 2026,2023,IPL 2023,MI,5,2,2,4,3*,-,4,100.00,0,0,0,0,1,0,2,9.50,120,1/35,1/35,95.00,60.0,0,0,0,"May 05, 2019","July 04, 2026","May 03, 2019","November 01, 2025"
669855,Jofra Chioke Archer,"April 01, 1995, Bridgetown, Barbados",31y 97d,England,Bowler,2019 - 2026,2020/21,IPL 2020/21,RR,14,10,4,113,27*,18.83,63,179.36,0,0,5,10,5,0,20,6.55,334,3/19,3/19,18.25,16.7,0,0,0,"May 05, 2019","July 04, 2026","May 03, 2019","November 01, 2025"
669855,Jofra Chioke Archer,"April 01, 1995, Bridgetown, Barbados",31y 97d,England,Bowler,2019 - 2026,2019,IPL 2019,RR,11,5,3,67,27*,33.50,40,167.50,0,0,4,4,3,0,11,6.76,258,3/15,3/15,26.45,23.4,0,0,0,"May 05, 2019","July 04, 2026","May 03, 2019","November 01, 2025"
669855,Jofra Chioke Archer,"April 01, 1995, Bridgetown, Barbados",31y 97d,England,Bowler,2019 - 2026,2018,IPL 2018,RR,10,8,3,15,8,3.00,21,71.42,0,0,2,0,1,0,15,8.36,233,3/22,3/22,21.66,15.5,0,0,0,"May 05, 2019","July 04, 2026","May 03, 2019","November 01, 2025"
44149,Johan Botha,"May 02, 1982, Johannesburg, Transvaal",44y 66d,South Africa,Allrounder,2005 - 2012,2015,IPL 2015,KKR,4,3,0,31,17,10.33,15,206.66,0,0,5,1,4,0,1,8.10,60,1/32,1/32,81.00,60.0,0,0,0,"January 09, 2006","October 02, 2012","November 16, 2005","March 03, 2012"
44149,Johan Botha,"May 02, 1982, Johannesburg, Transvaal",44y 66d,South Africa,Allrounder,2005 - 2012,2013,IPL 2013,DC,6,6,0,43,23,7.16,52,82.69,0,0,5,1,5,0,5,6.54,100,2/11,2/11,21.80,20.0,0,0,0,"January 09, 2006","October 02, 2012","November 16, 2005","March 03, 2012"
44149,Johan Botha,"May 02, 1982, Johannesburg, Transvaal",44y 66d,South Africa,Allrounder,2005 - 2012,2012,IPL 2012,RR,11,7,3,58,14*,14.50,54,107.40,0,0,4,1,3,0,9,7.24,246,2/21,2/21,33.00,27.3,0,0,0,"January 09, 2006","October 02, 2012","November 16, 2005","March 03, 2012"
44149,Johan Botha,"May 02, 1982, Johannesburg, Transvaal",44y 66d,South Africa,Allrounder,2005 - 2012,2011,IPL 2011,RR,10,9,4,230,67*,46.00,198,116.16,0,1,20,2,6,0,7,6.63,216,3/6,3/6,34.14,30.8,0,0,0,"January 09, 2006","October 02, 2012","November 16, 2005","March 03, 2012"
44149,Johan Botha,"May 02, 1982, Johannesburg, Transvaal",44y 66d,South Africa,Allrounder,2005 - 2012,2009,IPL 2009,RR,3,3,1,47,37,23.50,40,117.50,0,0,5,0,0,0,3,6.16,72,2/19,2/19,24.66,24.0,0,0,0,"January 09, 2006","October 02, 2012","November 16, 2005","March 03, 2012"
308967,Joseph Charles Buttler,"September 08, 1990, Taunton, Somerset",35y 302d,England,Wicketkeeper Batter,2011 - 2026,2026,IPL 2026,GT,17,17,3,526,60,37.57,345,152.46,0,4,51,26,25,1,-,-,-,-,-,-,-,-,-,-,"August 31, 2011","July 04, 2026","February 21, 2012","January 27, 2026"
308967,Joseph Charles Buttler,"September 08, 1990, Taunton, Somerset",35y 302d,England,Wicketkeeper Batter,2011 - 2026,2025,IPL 2025,GT,14,13,4,538,97*,59.77,330,163.03,0,5,52,24,8,2,-,-,-,-,-,-,-,-,-,-,"August 31, 2011","July 04, 2026","February 21, 2012","January 27, 2026"
308967,Joseph Charles Buttler,"September 08, 1990, Taunton, Somerset",35y 302d,England,Wicketkeeper Batter,2011 - 2026,2024,IPL 2024,RR,11,11,2,359,107*,39.88,255,140.78,2,0,36,12,3,0,-,-,-,-,-,-,-,-,-,-,"August 31, 2011","July 04, 2026","February 21, 2012","January 27, 2026"
308967,Joseph Charles Buttler,"September 08, 1990, Taunton, Somerset",35y 302d,England,Wicketkeeper Batter,2011 - 2026,2023,IPL 2023,RR,14,14,0,392,95,28.00,282,139.00,0,4,42,14,9,0,-,-,-,-,-,-,-,-,-,-,"August 31, 2011","July 04, 2026","February 21, 2012","January 27, 2026"
308967,Joseph Charles Buttler,"September 08, 1990, Taunton, Somerset",35y 302d,England,Wicketkeeper Batter,2011 - 2026,2022,IPL 2022,RR,17,17,2,863,116,57.53,579,149.05,4,4,83,45,9,0,-,-,-,-,-,-,-,-,-,-,"August 31, 2011","July 04, 2026","February 21, 2012","January 27, 2026"
308967,Joseph Charles Buttler,"September 08, 1990, Taunton, Somerset",35y 302d,England,Wicketkeeper Batter,2011 - 2026,2021,IPL 2021,RR,7,7,0,254,124,36.28,166,153.01,1,0,27,13,3,0,-,-,-,-,-,-,-,-,-,-,"August 31, 2011","July 04, 2026","February 21, 2012","January 27, 2026"
308967,Joseph Charles Buttler,"September 08, 1990, Taunton, Somerset",35y 302d,England,Wicketkeeper Batter,2011 - 2026,2020/21,IPL 2020/21,RR,13,12,2,328,70*,32.80,227,144.49,0,2,27,16,6,0,-,-,-,-,-,-,-,-,-,-,"August 31, 2011","July 04, 2026","February 21, 2012","January 27, 2026"
308967,Joseph Charles Buttler,"September 08, 1990, Taunton, Somerset",35y 302d,England,Wicketkeeper Batter,2011 - 2026,2019,IPL 2019,RR,8,8,0,311,89,38.87,205,151.70,0,3,38,14,8,0,-,-,-,-,-,-,-,-,-,-,"August 31, 2011","July 04, 2026","February 21, 2012","January 27, 2026"
308967,Joseph Charles Buttler,"September 08, 1990, Taunton, Somerset",35y 302d,England,Wicketkeeper Batter,2011 - 2026,2018,IPL 2018,RR,13,13,3,548,95*,54.80,353,155.24,0,5,52,21,9,1,-,-,-,-,-,-,-,-,-,-,"August 31, 2011","July 04, 2026","February 21, 2012","January 27, 2026"
308967,Joseph Charles Buttler,"September 08, 1990, Taunton, Somerset",35y 302d,England,Wicketkeeper Batter,2011 - 2026,2017,IPL 2017,MI,10,10,0,272,77,27.20,177,153.67,0,1,27,15,1,0,-,-,-,-,-,-,-,-,-,-,"August 31, 2011","July 04, 2026","February 21, 2012","January 27, 2026"
308967,Joseph Charles Buttler,"September 08, 1990, Taunton, Somerset",35y 302d,England,Wicketkeeper Batter,2011 - 2026,2016,IPL 2016,MI,14,14,3,255,41,23.18,184,138.58,0,0,23,11,7,0,-,-,-,-,-,-,-,-,-,-,"August 31, 2011","July 04, 2026","February 21, 2012","January 27, 2026"
41028,Kamran Akmal,"January 13, 1982, Lahore, Punjab",44y 175d,Pakistan,Wicketkeeper Batter,2002 - 2017,2007/08,IPL 2007/08,RR,6,6,1,128,53*,25.60,78,164.10,0,1,13,8,5,4,-,-,-,-,-,-,-,-,-,-,"August 28, 2006","April 02, 2017","November 23, 2002","April 11, 2017"
391121,Kamran Khan,"March 10, 1991, Azamgarh, Uttar Pradesh",35y 119d,India,Bowler,-,2011,IPL 2011,PWI,1,-,-,-,-,-,-,-,-,-,-,-,0,0,0,15.66,18,-,-,-,-,0,0,0,,,,
391121,Kamran Khan,"March 10, 1991, Azamgarh, Uttar Pradesh",35y 119d,India,Bowler,-,2009/10,IPL 2009/10,RR,3,1,1,0,0*,-,0,-,0,0,0,0,0,0,3,8.83,36,2/13,2/13,17.66,12.0,0,0,0,,,,
391121,Kamran Khan,"March 10, 1991, Azamgarh, Uttar Pradesh",35y 119d,India,Bowler,-,2009,IPL 2009,RR,5,1,0,3,3,3.00,5,60.00,0,0,0,0,4,0,6,7.01,106,3/18,3/18,20.66,17.6,0,0,0,,,,
272262,Kane William Richardson,"February 12, 1991, Eudunda, South Australia",35y 145d,Australia,Bowler,2013 - 2023,2021,IPL 2021,RCB,1,-,-,-,-,-,-,-,-,-,-,-,1,0,1,9.66,18,1/29,1/29,29.00,18.0,0,0,0,"October 05, 2014","November 28, 2023","January 13, 2013","March 07, 2020"
272262,Kane William Richardson,"February 12, 1991, Eudunda, South Australia",35y 145d,Australia,Bowler,2013 - 2023,2016,IPL 2016,RCB,4,1,1,1,1*,-,1,100.00,0,0,0,0,2,0,7,9.71,84,3/13,3/13,19.42,12.0,0,0,0,"October 05, 2014","November 28, 2023","January 13, 2013","March 07, 2020"
272262,Kane William Richardson,"February 12, 1991, Eudunda, South Australia",35y 145d,Australia,Bowler,2013 - 2023,2014,IPL 2014,RR,7,1,0,1,1,1.00,2,50.00,0,0,0,0,3,0,9,7.62,162,2/18,2/18,22.88,18.0,0,0,0,"October 05, 2014","November 28, 2023","January 13, 2013","March 07, 2020"
272262,Kane William Richardson,"February 12, 1991, Eudunda, South Australia",35y 145d,Australia,Bowler,2013 - 2023,2013,IPL 2013,PWI,3,2,0,34,26,17.00,36,94.44,0,0,2,1,0,0,2,8.53,71,1/28,1/28,50.50,35.5,0,0,0,"October 05, 2014","November 28, 2023","January 13, 2013","March 07, 2020"
1122918,Kartik Tyagi,"November 08, 2000, Hapur, Uttar Pradesh",25y 241d,India,Bowler,-,2026,IPL 2026,KKR,14,3,0,11,6,3.66,10,110.00,0,0,1,1,4,0,18,9.76,306,3/22,3/22,27.66,17.0,0,0,0,,,,
1122918,Kartik Tyagi,"November 08, 2000, Hapur, Uttar Pradesh",25y 241d,India,Bowler,-,2024,IPL 2024,GT,1,-,-,-,-,-,-,-,-,-,-,-,0,0,0,12.75,24,-,-,-,-,0,0,0,,,,
1122918,Kartik Tyagi,"November 08, 2000, Hapur, Uttar Pradesh",25y 241d,India,Bowler,-,2023,IPL 2023,SRH,3,-,-,-,-,-,-,-,-,-,-,-,0,0,1,14.91,37,1/30,1/30,92.00,37.0,0,0,0,,,,
1122918,Kartik Tyagi,"November 08, 2000, Hapur, Uttar Pradesh",25y 241d,India,Bowler,-,2022,IPL 2022,SRH,2,2,0,7,7,3.50,6,116.66,0,0,1,0,0,0,1,9.87,48,1/42,1/42,79.00,48.0,0,0,0,,,,
1122918,Kartik Tyagi,"November 08, 2000, Hapur, Uttar Pradesh",25y 241d,India,Bowler,-,2021,IPL 2021,RR,4,2,1,2,1*,2.00,4,50.00,0,0,0,0,1,0,4,8.85,84,2/29,2/29,31.00,21.0,0,0,0,,,,
1122918,Kartik Tyagi,"November 08, 2000, Hapur, Uttar Pradesh",25y 241d,India,Bowler,-,2020/21,IPL 2020/21,RR,10,3,2,4,2*,4.00,6,66.66,0,0,0,0,2,0,9,9.61,229,2/36,2/36,40.77,25.4,0,0,0,,,,
398439,Karun Nair,"December 06, 1991, Jodhpur, Rajasthan",34y 213d,India,Top order Batter,2016 - 2025,2026,IPL 2026,DC,2,2,0,18,13,9.00,18,100.00,0,0,3,0,0,0,-,-,-,-,-,-,-,-,-,-,,,"June 11, 2016","June 13, 2016"
398439,Karun Nair,"December 06, 1991, Jodhpur, Rajasthan",34y 213d,India,Top order Batter,2016 - 2025,2025,IPL 2025,DC,8,8,0,198,89,24.75,115,172.17,0,1,24,10,2,0,-,-,-,-,-,-,-,-,-,-,,,"June 11, 2016","June 13, 2016"
398439,Karun Nair,"December 06, 1991, Jodhpur, Rajasthan",34y 213d,India,Top order Batter,2016 - 2025,2022,IPL 2022,RR,3,2,0,16,13,8.00,18,88.88,0,0,1,0,1,0,-,-,-,-,-,-,-,-,-,-,,,"June 11, 2016","June 13, 2016"
398439,Karun Nair,"December 06, 1991, Jodhpur, Rajasthan",34y 213d,India,Top order Batter,2016 - 2025,2020/21,IPL 2020/21,PBKS,4,3,1,16,15*,8.00,14,114.28,0,0,2,0,1,0,-,-,-,-,-,-,-,-,-,-,,,"June 11, 2016","June 13, 2016"
398439,Karun Nair,"December 06, 1991, Jodhpur, Rajasthan",34y 213d,India,Top order Batter,2016 - 2025,2019,IPL 2019,PBKS,1,1,0,5,5,5.00,6,83.33,0,0,0,0,0,0,-,-,-,-,-,-,-,-,-,-,,,"June 11, 2016","June 13, 2016"
398439,Karun Nair,"December 06, 1991, Jodhpur, Rajasthan",34y 213d,India,Top order Batter,2016 - 2025,2018,IPL 2018,PBKS,13,12,0,301,54,25.08,221,136.19,0,2,23,13,9,0,-,-,-,-,-,-,-,-,-,-,,,"June 11, 2016","June 13, 2016"
398439,Karun Nair,"December 06, 1991, Jodhpur, Rajasthan",34y 213d,India,Top order Batter,2016 - 2025,2017,IPL 2017,DC,14,13,0,281,64,21.61,226,124.33,0,1,39,6,2,0,-,-,-,-,-,-,-,-,-,-,,,"June 11, 2016","June 13, 2016"
398439,Karun Nair,"December 06, 1991, Jodhpur, Rajasthan",34y 213d,India,Top order Batter,2016 - 2025,2016,IPL 2016,DC,14,12,2,357,83*,35.70,297,120.20,0,3,40,6,3,0,-,-,-,-,-,-,-,-,-,-,,,"June 11, 2016","June 13, 2016"
398439,Karun Nair,"December 06, 1991, Jodhpur, Rajasthan",34y 213d,India,Top order Batter,2016 - 2025,2015,IPL 2015,RR,14,12,1,181,61,16.45,145,124.82,0,1,18,5,3,0,-,-,-,-,-,-,-,-,-,-,,,"June 11, 2016","June 13, 2016"
398439,Karun Nair,"December 06, 1991, Jodhpur, Rajasthan",34y 213d,India,Top order Batter,2016 - 2025,2014,IPL 2014,RR,11,11,1,330,73*,33.00,232,142.24,0,3,38,9,4,0,-,-,-,-,-,-,-,-,-,-,,,"June 11, 2016","June 13, 2016"
398439,Karun Nair,"December 06, 1991, Jodhpur, Rajasthan",34y 213d,India,Top order Batter,2016 - 2025,2013,IPL 2013,RCB,2,2,0,9,9,4.50,12,75.00,0,0,0,0,0,0,-,-,-,-,-,-,-,-,-,-,,,"June 11, 2016","June 13, 2016"
267724,Keshav Athmanand Maharaj,"February 07, 1990, Durban, Natal",36y 150d,South Africa,Bowler,2016 - 2026,2024,IPL 2024,RR,2,1,0,1,1,1.00,2,50.00,0,0,0,0,1,0,2,6.50,36,2/23,2/23,19.50,18.0,0,0,0,"September 10, 2021","March 25, 2026","May 27, 2017","December 06, 2025"
371814,Kevon Keston Cooper,"February 16, 1989, Trinidad",37y 141d,West Indies,Allrounder,-,2014,IPL 2014,RR,5,5,2,39,32,13.00,26,150.00,0,0,2,3,2,0,4,7.44,108,2/38,2/38,33.50,27.0,0,0,0,,,,
371814,Kevon Keston Cooper,"February 16, 1989, Trinidad",37y 141d,West Indies,Allrounder,-,2013,IPL 2013,RR,14,5,1,39,26,9.75,22,177.27,0,0,4,2,8,0,19,8.31,324,3/15,3/15,23.63,17.0,0,0,0,,,,
371814,Kevon Keston Cooper,"February 16, 1989, Trinidad",37y 141d,West Indies,Allrounder,-,2012,IPL 2012,RR,6,4,2,38,14,19.00,20,190.00,0,0,3,3,2,0,10,7.25,144,4/26,4/26,17.40,14.4,1,0,0,,,,
1083030,KM Asif,"July 24, 1993, Edavanna,Malappuram",32y 348d,India,Bowler,-,2023,IPL 2023,RR,4,1,0,0,0,0.00,2,0.00,0,0,0,0,1,0,3,9.85,84,2/42,2/42,46.00,28.0,0,0,0,,,,
1083030,KM Asif,"July 24, 1993, Edavanna,Malappuram",32y 348d,India,Bowler,-,2021,IPL 2021,CSK,1,-,-,-,-,-,-,-,-,-,-,-,0,0,1,8.30,13,1/18,1/18,18.00,13.0,0,0,0,,,,
1083030,KM Asif,"July 24, 1993, Edavanna,Malappuram",32y 348d,India,Bowler,-,2018,IPL 2018,CSK,2,-,-,-,-,-,-,-,-,-,-,-,0,0,3,12.50,36,2/43,2/43,25.00,12.0,0,0,0,,,,
424377,Krishnappa Gowtham,"October 20, 1988, Bangalore, Karnataka",37y 260d,India,Bowling Allrounder,2021 - 2021,2024,IPL 2024,LSG,1,-,-,-,-,-,-,-,-,-,-,-,0,0,0,14.50,12,-,-,-,-,0,0,0,,,"July 23, 2021","UP vs Karnataka  at Meerut - November 17 - 20, 2012"
424377,Krishnappa Gowtham,"October 20, 1988, Bangalore, Karnataka",37y 260d,India,Bowling Allrounder,2021 - 2021,2023,IPL 2023,LSG,7,7,3,61,23,15.25,37,164.86,0,0,2,5,5,0,3,7.37,96,1/10,1/10,39.33,32.0,0,0,0,,,"July 23, 2021","UP vs Karnataka  at Meerut - November 17 - 20, 2012"
424377,Krishnappa Gowtham,"October 20, 1988, Bangalore, Karnataka",37y 260d,India,Bowling Allrounder,2021 - 2021,2022,IPL 2022,LSG,4,1,0,0,0,0.00,1,0.00,0,0,0,0,2,0,5,8.25,72,2/30,2/30,19.80,14.4,0,0,0,,,"July 23, 2021","UP vs Karnataka  at Meerut - November 17 - 20, 2012"
424377,Krishnappa Gowtham,"October 20, 1988, Bangalore, Karnataka",37y 260d,India,Bowling Allrounder,2021 - 2021,2020/21,IPL 2020/21,PBKS,2,2,1,42,22*,42.00,27,155.55,0,0,3,2,0,0,1,10.50,48,1/45,1/45,84.00,48.0,0,0,0,,,"July 23, 2021","UP vs Karnataka  at Meerut - November 17 - 20, 2012"
424377,Krishnappa Gowtham,"October 20, 1988, Bangalore, Karnataka",37y 260d,India,Bowling Allrounder,2021 - 2021,2019,IPL 2019,RR,7,4,1,18,9,6.00,19,94.73,0,0,1,1,0,0,1,8.30,120,1/32,1/32,166.00,120.0,0,0,0,,,"July 23, 2021","UP vs Karnataka  at Meerut - November 17 - 20, 2012"
424377,Krishnappa Gowtham,"October 20, 1988, Bangalore, Karnataka",37y 260d,India,Bowling Allrounder,2021 - 2021,2018,IPL 2018,RR,15,13,4,126,33*,14.00,64,196.87,0,0,9,9,10,0,11,7.80,240,2/12,2/12,28.36,21.8,0,0,0,,,"July 23, 2021","UP vs Karnataka  at Meerut - November 17 - 20, 2012"
1163695,Kuldeep Rampal Sen,"October 22, 1996, Rewa, Madhya Pradesh",29y 258d,India,Bowler,2022 - 2022,2024,IPL 2024,RR,3,-,-,-,-,-,-,-,-,-,-,-,1,0,6,10.16,72,3/41,3/41,20.33,12.0,0,0,0,,,"December 04, 2022","Tamil Nadu vs M. Pradesh  at Dindigul - November 01 - 04, 2018"
1163695,Kuldeep Rampal Sen,"October 22, 1996, Rewa, Madhya Pradesh",29y 258d,India,Bowler,2022 - 2022,2023,IPL 2023,RR,2,-,-,-,-,-,-,-,-,-,-,-,0,0,0,9.33,18,-,-,-,-,0,0,0,,,"December 04, 2022","Tamil Nadu vs M. Pradesh  at Dindigul - November 01 - 04, 2018"
1163695,Kuldeep Rampal Sen,"October 22, 1996, Rewa, Madhya Pradesh",29y 258d,India,Bowler,2022 - 2022,2022,IPL 2022,RR,7,1,1,0,0*,-,3,0.00,0,0,0,0,3,0,8,9.41,151,4/20,4/20,29.62,18.8,1,0,0,,,"December 04, 2022","Tamil Nadu vs M. Pradesh  at Dindigul - November 01 - 04, 2018"
1206495,Kuldip Yadav,"October 15, 1996",29y 265d,India,Bowler,-,2023,IPL 2023,RR,2,-,-,-,-,-,-,-,-,-,-,-,0,0,2,9.71,42,1/18,1/18,34.00,21.0,0,0,0,,,,
1206495,Kuldip Yadav,"October 15, 1996",29y 265d,India,Bowler,-,2021,IPL 2021,RR,1,1,1,0,0*,-,4,0.00,0,0,0,0,0,0,0,8.00,12,-,-,-,-,0,0,0,,,,
1159843,Kumar Kartikeya Singh,"December 26, 1997, Kuwasi, Sultanpur, Uttar Pradesh",28y 193d,India,Bowler,-,2025,IPL 2025,RR,4,2,0,3,2,1.50,5,60.00,0,0,0,0,0,0,2,9.75,48,1/21,1/21,39.00,24.0,0,0,0,,,,
1159843,Kumar Kartikeya Singh,"December 26, 1997, Kuwasi, Sultanpur, Uttar Pradesh",28y 193d,India,Bowler,-,2023,IPL 2023,MI,8,1,0,6,6,6.00,7,85.71,0,0,1,0,1,0,5,8.73,156,2/37,2/37,45.40,31.2,0,0,0,,,,
1159843,Kumar Kartikeya Singh,"December 26, 1997, Kuwasi, Sultanpur, Uttar Pradesh",28y 193d,India,Bowler,-,2022,IPL 2022,MI,4,1,0,3,3,3.00,5,60.00,0,0,0,0,0,0,5,7.84,78,2/22,2/22,20.40,15.6,0,0,0,,,,
1339031,Kunal Singh Rathore,"October 09, 2002, Kota, Rajasthan",23y 271d,India,Wicketkeeper Batter,-,2025,IPL 2025,RR,1,1,0,0,0,0.00,5,0.00,0,0,0,0,0,0,-,-,-,-,-,-,-,-,-,-,,,,
300631,Mathurage Don Kusal Janith Perera,"August 17, 1990, Kalubowila",35y 324d,Sri Lanka,Wicketkeeper Batter,2013 - 2026,2013,IPL 2013,RR,2,2,0,14,14,7.00,13,107.69,0,0,3,0,0,0,-,-,-,-,-,-,-,-,-,-,"January 26, 2013","February 19, 2026","January 13, 2013","November 09, 2023"
1294342,Kwena Tshegofatso Maphaka,"April 08, 2006, Johannesburg,",20y 90d,South Africa,Bowler,2024 - 2026,2025,IPL 2025,RR,2,1,1,8,8*,-,2,400.00,0,0,2,0,2,0,1,10.80,30,1/32,1/32,54.00,30.0,0,0,0,"August 23, 2024","March 01, 2026","December 19, 2024","August 24, 2025"
1294342,Kwena Tshegofatso Maphaka,"April 08, 2006, Johannesburg,",20y 90d,South Africa,Bowler,2024 - 2026,2024,IPL 2024,MI,2,-,-,-,-,-,-,-,-,-,-,-,0,0,1,14.83,36,1/23,1/23,89.00,36.0,0,0,0,"August 23, 2024","March 01, 2026","December 19, 2024","August 24, 2025"
4541,Lee Andrew Carseldine,"November 17, 1975, Nambour, Queensland",50y 232d,Australia,Allrounder,-,2009,IPL 2009,RR,5,5,1,81,39,20.25,68,119.11,0,0,11,0,4,0,1,6.00,6,1/6,1/6,6.00,6.0,0,0,0,,,,
1385640,Lhuan-dre Gilbert  Pretorius,"March 27, 2006, Potchefstroom",20y 102d,South Africa,Wicketkeeper Batter,2025 - 2026,2026,IPL 2026,RR,2,2,0,7,7,3.50,8,87.50,0,0,0,0,0,0,-,-,-,-,-,-,-,-,-,-,"July 14, 2025","January 27, 2026","November 04, 2025","November 08, 2025"
1385640,Lhuan-dre Gilbert  Pretorius,"March 27, 2006, Potchefstroom",20y 102d,South Africa,Wicketkeeper Batter,2025 - 2026,2025,IPL 2025,RR,1,-,-,-,-,-,-,-,-,-,-,-,0,0,-,-,-,-,-,-,-,-,-,-,"July 14, 2025","January 27, 2026","November 04, 2025","November 08, 2025"
403902,Liam Stephen Livingstone,"August 04, 1993, Barrow-in-Furness, Cumberland",32y 337d,England,Batting Allrounder,2017 - 2025,2026,IPL 2026,SRH,2,2,0,15,14,7.50,25,60.00,0,0,0,1,4,0,-,-,-,-,-,-,-,-,-,-,"June 23, 2017","February 02, 2025","March 26, 2021","March 01, 2025"
403902,Liam Stephen Livingstone,"August 04, 1993, Barrow-in-Furness, Cumberland",32y 337d,England,Batting Allrounder,2017 - 2025,2025,IPL 2025,RCB,10,8,1,112,54,16.00,84,133.33,0,1,4,9,4,0,2,8.44,54,2/28,2/28,38.00,27.0,0,0,0,"June 23, 2017","February 02, 2025","March 26, 2021","March 01, 2025"
403902,Liam Stephen Livingstone,"August 04, 1993, Barrow-in-Furness, Cumberland",32y 337d,England,Batting Allrounder,2017 - 2025,2024,IPL 2024,PBKS,7,7,2,111,38*,22.20,78,142.30,0,0,8,7,1,0,3,7.00,72,2/19,2/19,28.00,24.0,0,0,0,"June 23, 2017","February 02, 2025","March 26, 2021","March 01, 2025"
403902,Liam Stephen Livingstone,"August 04, 1993, Barrow-in-Furness, Cumberland",32y 337d,England,Batting Allrounder,2017 - 2025,2023,IPL 2023,PBKS,9,9,1,279,94,34.87,171,163.15,0,2,20,19,4,0,2,13.42,42,1/19,1/19,47.00,21.0,0,0,0,"June 23, 2017","February 02, 2025","March 26, 2021","March 01, 2025"
403902,Liam Stephen Livingstone,"August 04, 1993, Barrow-in-Furness, Cumberland",32y 337d,England,Batting Allrounder,2017 - 2025,2022,IPL 2022,PBKS,14,14,2,437,70,36.41,240,182.08,0,4,29,34,6,0,6,8.78,138,3/27,3/27,33.66,23.0,0,0,0,"June 23, 2017","February 02, 2025","March 26, 2021","March 01, 2025"
403902,Liam Stephen Livingstone,"August 04, 1993, Barrow-in-Furness, Cumberland",32y 337d,England,Batting Allrounder,2017 - 2025,2021,IPL 2021,RR,5,5,0,42,25,8.40,41,102.43,0,0,3,1,3,0,-,-,-,-,-,-,-,-,-,-,"June 23, 2017","February 02, 2025","March 26, 2021","March 01, 2025"
403902,Liam Stephen Livingstone,"August 04, 1993, Barrow-in-Furness, Cumberland",32y 337d,England,Batting Allrounder,2017 - 2025,2019,IPL 2019,RR,4,4,1,70,44,23.33,48,145.83,0,0,6,5,4,0,0,13.00,6,-,-,-,-,0,0,0,"June 23, 2017","February 02, 2025","March 26, 2021","March 01, 2025"
1138316,Morawakage Maheesh Theekshana,"August 01, 2000, Colombo",25y 340d,Sri Lanka,Bowler,2021 - 2026,2025,IPL 2025,RR,11,4,2,10,5,5.00,27,37.03,0,0,0,0,0,0,11,9.76,252,2/26,2/26,37.27,22.9,0,0,0,"September 10, 2021","June 14, 2026","September 07, 2021","June 06, 2026"
1138316,Morawakage Maheesh Theekshana,"August 01, 2000, Colombo",25y 340d,Sri Lanka,Bowler,2021 - 2026,2024,IPL 2024,CSK,5,-,-,-,-,-,-,-,-,-,-,-,1,0,2,7.20,120,1/27,1/27,72.00,60.0,0,0,0,"September 10, 2021","June 14, 2026","September 07, 2021","June 06, 2026"
1138316,Morawakage Maheesh Theekshana,"August 01, 2000, Colombo",25y 340d,Sri Lanka,Bowler,2021 - 2026,2023,IPL 2023,CSK,13,-,-,-,-,-,-,-,-,-,-,-,3,0,11,8.00,294,2/23,2/23,35.63,26.7,0,0,0,"September 10, 2021","June 14, 2026","September 07, 2021","June 06, 2026"
1138316,Morawakage Maheesh Theekshana,"August 01, 2000, Colombo",25y 340d,Sri Lanka,Bowler,2021 - 2026,2022,IPL 2022,CSK,9,2,1,7,7*,7.00,7,100.00,0,0,0,1,0,0,12,7.45,210,4/33,4/33,21.75,17.5,1,0,0,"September 10, 2021","June 14, 2026","September 07, 2021","June 06, 2026"
33440,Mahesh Rawat,"October 25, 1985, Faridabad",40y 255d,India,Wicketkeeper Batter,-,2013,IPL 2013,PWI,2,2,1,5,5,5.00,11,45.45,0,0,0,0,1,1,-,-,-,-,-,-,-,-,-,-,,,,
33440,Mahesh Rawat,"October 25, 1985, Faridabad",40y 255d,India,Wicketkeeper Batter,-,2009,IPL 2009,RR,5,3,3,16,8*,-,19,84.21,0,0,1,0,6,1,-,-,-,-,-,-,-,-,-,-,,,,
33440,Mahesh Rawat,"October 25, 1985, Faridabad",40y 255d,India,Wicketkeeper Batter,-,2007/08,IPL 2007/08,RR,11,7,3,34,23*,8.50,39,87.17,0,0,3,1,9,0,-,-,-,-,-,-,-,-,-,-,,,,
853265,Mahipal Krishan Lomror,"November 16, 1999, Nagaur, Rajasthan",26y 233d,India,Allrounder,-,2024,IPL 2024,RCB,10,10,2,125,33,15.62,68,183.82,0,0,9,9,3,0,0,18.00,6,-,-,-,-,0,0,0,,,,
853265,Mahipal Krishan Lomror,"November 16, 1999, Nagaur, Rajasthan",26y 233d,India,Allrounder,-,2023,IPL 2023,RCB,12,10,2,135,54*,16.87,97,139.17,0,1,9,8,4,0,0,8.50,12,-,-,-,-,0,0,0,,,,
853265,Mahipal Krishan Lomror,"November 16, 1999, Nagaur, Rajasthan",26y 233d,India,Allrounder,-,2022,IPL 2022,RCB,7,5,0,86,42,17.20,57,150.87,0,0,7,4,2,0,0,9.00,12,-,-,-,-,0,0,0,,,,
853265,Mahipal Krishan Lomror,"November 16, 1999, Nagaur, Rajasthan",26y 233d,India,Allrounder,-,2021,IPL 2021,RR,4,4,1,94,43,31.33,73,128.76,0,0,3,6,0,0,1,6.71,42,1/22,1/22,47.00,42.0,0,0,0,,,,
853265,Mahipal Krishan Lomror,"November 16, 1999, Nagaur, Rajasthan",26y 233d,India,Allrounder,-,2020/21,IPL 2020/21,RR,3,3,0,59,47,19.66,54,109.25,0,0,2,3,0,0,-,-,-,-,-,-,-,-,-,-,,,,
853265,Mahipal Krishan Lomror,"November 16, 1999, Nagaur, Rajasthan",26y 233d,India,Allrounder,-,2019,IPL 2019,RR,2,1,0,8,8,8.00,3,266.66,0,0,2,0,1,0,-,-,-,-,-,-,-,-,-,-,,,,
853265,Mahipal Krishan Lomror,"November 16, 1999, Nagaur, Rajasthan",26y 233d,India,Allrounder,-,2018,IPL 2018,RR,2,2,1,20,11,20.00,21,95.23,0,0,1,0,0,0,0,9.00,18,-,-,-,-,0,0,0,,,,
532856,Manan Vohra,"July 18, 1993, Chandigarh, Punjab",32y 354d,India,Opening Batter,-,2023,IPL 2023,LSG,1,1,0,10,10,10.00,11,90.90,0,0,1,0,0,0,-,-,-,-,-,-,-,-,-,-,,,,
532856,Manan Vohra,"July 18, 1993, Chandigarh, Punjab",32y 354d,India,Opening Batter,-,2022,IPL 2022,LSG,2,1,0,19,19,19.00,11,172.72,0,0,1,2,0,0,-,-,-,-,-,-,-,-,-,-,,,,
532856,Manan Vohra,"July 18, 1993, Chandigarh, Punjab",32y 354d,India,Opening Batter,-,2021,IPL 2021,RR,4,4,0,42,14,10.50,39,107.69,0,0,5,2,0,0,-,-,-,-,-,-,-,-,-,-,,,,
532856,Manan Vohra,"July 18, 1993, Chandigarh, Punjab",32y 354d,India,Opening Batter,-,2018,IPL 2018,RCB,4,4,0,55,45,13.75,47,117.02,0,0,2,4,0,0,-,-,-,-,-,-,-,-,-,-,,,,
532856,Manan Vohra,"July 18, 1993, Chandigarh, Punjab",32y 354d,India,Opening Batter,-,2017,IPL 2017,PBKS,11,9,0,229,95,25.44,159,144.02,0,1,23,9,2,0,-,-,-,-,-,-,-,-,-,-,,,,
532856,Manan Vohra,"July 18, 1993, Chandigarh, Punjab",32y 354d,India,Opening Batter,-,2016,IPL 2016,PBKS,7,7,0,161,51,23.00,131,122.90,0,1,19,3,3,0,-,-,-,-,-,-,-,-,-,-,,,,
532856,Manan Vohra,"July 18, 1993, Chandigarh, Punjab",32y 354d,India,Opening Batter,-,2015,IPL 2015,PBKS,7,7,0,82,39,11.71,81,101.23,0,0,4,5,2,0,-,-,-,-,-,-,-,-,-,-,,,,
532856,Manan Vohra,"July 18, 1993, Chandigarh, Punjab",32y 354d,India,Opening Batter,-,2014,IPL 2014,PBKS,8,8,0,324,67,40.50,233,139.05,0,1,27,16,3,0,-,-,-,-,-,-,-,-,-,-,,,,
532856,Manan Vohra,"July 18, 1993, Chandigarh, Punjab",32y 354d,India,Opening Batter,-,2013,IPL 2013,PBKS,12,10,2,161,43*,20.12,117,137.60,0,0,22,2,3,0,-,-,-,-,-,-,-,-,-,-,,,,
1081442,Mayank Markande,"November 11, 1997, Bathinda, Punjab",28y 238d,India,Bowler,2019 - 2019,2026,IPL 2026,MI,3,-,-,-,-,-,-,-,-,-,-,-,1,0,0,15.20,30,-,-,-,-,0,0,0,"February 24, 2019","Andhra vs Punjab  at Visakhapatnam - November 01 - 04, 2018",,
1081442,Mayank Markande,"November 11, 1997, Bathinda, Punjab",28y 238d,India,Bowler,2019 - 2019,2024,IPL 2024,SRH,7,-,-,-,-,-,-,-,-,-,-,-,2,0,8,11.77,132,2/26,2/26,32.37,16.5,0,0,0,"February 24, 2019","Andhra vs Punjab  at Visakhapatnam - November 01 - 04, 2018",,
1081442,Mayank Markande,"November 11, 1997, Bathinda, Punjab",28y 238d,India,Bowler,2019 - 2019,2023,IPL 2023,SRH,10,3,3,21,18*,-,13,161.53,0,0,2,1,1,0,12,7.89,228,4/15,4/15,25.00,19.0,1,0,0,"February 24, 2019","Andhra vs Punjab  at Visakhapatnam - November 01 - 04, 2018",,
1081442,Mayank Markande,"November 11, 1997, Bathinda, Punjab",28y 238d,India,Bowler,2019 - 2019,2022,IPL 2022,MI,2,-,-,-,-,-,-,-,-,-,-,-,2,0,1,8.14,42,1/26,1/26,57.00,42.0,0,0,0,"February 24, 2019","Andhra vs Punjab  at Visakhapatnam - November 01 - 04, 2018",,
1081442,Mayank Markande,"November 11, 1997, Bathinda, Punjab",28y 238d,India,Bowler,2019 - 2019,2021,IPL 2021,RR,1,-,-,-,-,-,-,-,-,-,-,-,0,0,0,8.66,18,-,-,-,-,0,0,0,"February 24, 2019","Andhra vs Punjab  at Visakhapatnam - November 01 - 04, 2018",,
1081442,Mayank Markande,"November 11, 1997, Bathinda, Punjab",28y 238d,India,Bowler,2019 - 2019,2019,IPL 2019,MI,3,2,1,6,6,6.00,5,120.00,0,0,1,0,0,0,1,9.83,36,1/23,1/23,59.00,36.0,0,0,0,"February 24, 2019","Andhra vs Punjab  at Visakhapatnam - November 01 - 04, 2018",,
1081442,Mayank Markande,"November 11, 1997, Bathinda, Punjab",28y 238d,India,Bowler,2019 - 2019,2018,IPL 2018,MI,14,6,4,21,7*,10.50,24,87.50,0,0,2,0,3,0,15,8.36,264,4/23,4/23,24.53,17.6,1,0,0,"February 24, 2019","Andhra vs Punjab  at Visakhapatnam - November 01 - 04, 2018",,
16406,Michael John Lumb,"February 12, 1980, Johannesburg, Transvaal, South Africa",46y 145d,England,Top order Batter,2010 - 2014,2011,IPL 2011,DCH,1,1,0,0,0,0.00,2,0.00,0,0,0,0,1,0,-,-,-,-,-,-,-,-,-,-,"May 03, 2010","March 31, 2014","February 28, 2014","March 05, 2014"
16406,Michael John Lumb,"February 12, 1980, Johannesburg, Transvaal, South Africa",46y 145d,England,Top order Batter,2010 - 2014,2009/10,IPL 2009/10,RR,11,11,0,278,83,25.27,192,144.79,0,1,45,6,4,0,-,-,-,-,-,-,-,-,-,-,"May 03, 2010","March 31, 2014","February 28, 2014","March 05, 2014"
29990,Mohammad Kaif,"December 01, 1980, Allahabad, Uttar Pradesh",45y 218d,India,Batter,2000 - 2006,2012,IPL 2012,RCB,1,1,0,14,14,14.00,16,87.50,0,0,1,0,0,0,-,-,-,-,-,-,-,-,-,-,,,"January 28, 2002","November 29, 2006"
29990,Mohammad Kaif,"December 01, 1980, Allahabad, Uttar Pradesh",45y 218d,India,Batter,2000 - 2006,2011,IPL 2011,RCB,8,4,1,41,15,13.66,33,124.24,0,0,5,0,5,0,-,-,-,-,-,-,-,-,-,-,,,"January 28, 2002","November 29, 2006"
29990,Mohammad Kaif,"December 01, 1980, Allahabad, Uttar Pradesh",45y 218d,India,Batter,2000 - 2006,2009/10,IPL 2009/10,PBKS,4,3,0,28,14,9.33,30,93.33,0,0,2,0,2,0,-,-,-,-,-,-,-,-,-,-,,,"January 28, 2002","November 29, 2006"
29990,Mohammad Kaif,"December 01, 1980, Allahabad, Uttar Pradesh",45y 218d,India,Batter,2000 - 2006,2007/08,IPL 2007/08,RR,16,14,3,176,34*,16.00,171,102.92,0,0,14,6,8,0,-,-,-,-,-,-,-,-,-,-,,,"January 28, 2002","November 29, 2006"
46538,Morne Morkel,"October 06, 1984, Vereeniging, Transvaal",41y 274d,South Africa,Bowler,2006 - 2018,2016,IPL 2016,KKR,10,2,2,1,1*,-,1,100.00,0,0,0,0,0,0,10,8.36,213,2/27,2/27,29.70,21.3,0,0,0,"September 11, 2007","September 15, 2017","June 06, 2007","February 16, 2018"
46538,Morne Morkel,"October 06, 1984, Vereeniging, Transvaal",41y 274d,South Africa,Bowler,2006 - 2018,2015,IPL 2015,KKR,7,1,1,4,4*,-,3,133.33,0,0,0,0,1,0,10,7.35,168,2/18,2/18,20.60,16.8,0,0,0,"September 11, 2007","September 15, 2017","June 06, 2007","February 16, 2018"
46538,Morne Morkel,"October 06, 1984, Vereeniging, Transvaal",41y 274d,South Africa,Bowler,2006 - 2018,2014,IPL 2014,KKR,12,2,2,4,4*,-,3,133.33,0,0,0,0,6,0,12,7.64,288,2/20,2/20,30.58,24.0,0,0,0,"September 11, 2007","September 15, 2017","June 06, 2007","February 16, 2018"
46538,Morne Morkel,"October 06, 1984, Vereeniging, Transvaal",41y 274d,South Africa,Bowler,2006 - 2018,2013,IPL 2013,DC,10,6,1,57,23*,11.40,29,196.55,0,0,6,2,0,0,7,8.37,240,2/27,2/27,47.85,34.2,0,0,0,"September 11, 2007","September 15, 2017","June 06, 2007","February 16, 2018"
46538,Morne Morkel,"October 06, 1984, Vereeniging, Transvaal",41y 274d,South Africa,Bowler,2006 - 2018,2012,IPL 2012,DC,16,4,2,3,2*,1.50,5,60.00,0,0,0,0,1,0,25,7.19,378,4/20,4/20,18.12,15.1,1,0,0,"September 11, 2007","September 15, 2017","June 06, 2007","February 16, 2018"
46538,Morne Morkel,"October 06, 1984, Vereeniging, Transvaal",41y 274d,South Africa,Bowler,2006 - 2018,2011,IPL 2011,DC,11,5,3,40,16*,20.00,25,160.00,0,0,3,2,1,0,13,7.55,258,3/18,3/18,25.00,19.8,0,0,0,"September 11, 2007","September 15, 2017","June 06, 2007","February 16, 2018"
46538,Morne Morkel,"October 06, 1984, Vereeniging, Transvaal",41y 274d,South Africa,Bowler,2006 - 2018,2009/10,IPL 2009/10,RR,2,2,1,9,7*,9.00,16,56.25,0,0,1,0,1,0,0,9.42,42,-,-,-,-,0,0,0,"September 11, 2007","September 15, 2017","June 06, 2007","February 16, 2018"
46538,Morne Morkel,"October 06, 1984, Vereeniging, Transvaal",41y 274d,South Africa,Bowler,2006 - 2018,2009,IPL 2009,RR,2,1,0,8,8,8.00,8,100.00,0,0,1,0,1,0,0,5.71,42,-,-,-,-,0,0,0,"September 11, 2007","September 15, 2017","June 06, 2007","February 16, 2018"
32965,Munaf Musa Patel,"July 12, 1983, Ikhar, Gujarat",42y 360d,India,Bowler,2006 - 2011,2017,IPL 2017,GL,2,1,0,0,0,0.00,1,0.00,0,0,0,0,0,0,1,8.14,42,1/35,1/35,57.00,42.0,0,0,0,"January 09, 2011","August 31, 2011","April 03, 2006","September 16, 2011"
32965,Munaf Musa Patel,"July 12, 1983, Ikhar, Gujarat",42y 360d,India,Bowler,2006 - 2011,2013,IPL 2013,MI,4,1,1,0,0*,-,0,-,0,0,0,0,0,0,3,9.13,90,3/29,3/29,45.66,30.0,0,0,0,"January 09, 2011","August 31, 2011","April 03, 2006","September 16, 2011"
32965,Munaf Musa Patel,"July 12, 1983, Ikhar, Gujarat",42y 360d,India,Bowler,2006 - 2011,2012,IPL 2012,MI,12,3,3,2,1*,-,7,28.57,0,0,0,0,5,0,15,7.86,280,4/20,4/20,24.46,18.6,2,0,0,"January 09, 2011","August 31, 2011","April 03, 2006","September 16, 2011"
32965,Munaf Musa Patel,"July 12, 1983, Ikhar, Gujarat",42y 360d,India,Bowler,2006 - 2011,2011,IPL 2011,MI,15,1,0,0,0,0.00,1,0.00,0,0,0,0,3,0,22,6.58,326,5/21,5/21,16.27,14.8,0,1,0,"January 09, 2011","August 31, 2011","April 03, 2006","September 16, 2011"
32965,Munaf Musa Patel,"July 12, 1983, Ikhar, Gujarat",42y 360d,India,Bowler,2006 - 2011,2009/10,IPL 2009/10,RR,4,2,1,4,4*,4.00,5,80.00,0,0,0,0,1,0,3,9.07,78,1/20,1/20,39.33,26.0,0,0,0,"January 09, 2011","August 31, 2011","April 03, 2006","September 16, 2011"
32965,Munaf Musa Patel,"July 12, 1983, Ikhar, Gujarat",42y 360d,India,Bowler,2006 - 2011,2009,IPL 2009,RR,11,5,2,33,23*,11.00,26,126.92,0,0,5,0,4,0,16,6.91,209,2/14,2/14,15.06,13.0,0,0,0,"January 09, 2011","August 31, 2011","April 03, 2006","September 16, 2011"
32965,Munaf Musa Patel,"July 12, 1983, Ikhar, Gujarat",42y 360d,India,Bowler,2006 - 2011,2007/08,IPL 2007/08,RR,15,2,2,0,0*,-,1,0.00,0,0,0,0,2,0,14,7.63,330,3/17,3/17,30.00,23.5,0,0,0,"January 09, 2011","August 31, 2011","April 03, 2006","September 16, 2011"
528067,Murugan Ashwin,"September 08, 1990, Chennai, Tamil Nadu",35y 302d,India,Bowler,-,2023,IPL 2023,RR,2,-,-,-,-,-,-,-,-,-,-,-,0,0,0,13.25,24,-,-,-,-,0,0,0,,,,
528067,Murugan Ashwin,"September 08, 1990, Chennai, Tamil Nadu",35y 302d,India,Bowler,-,2022,IPL 2022,MI,8,5,2,12,6,4.00,14,85.71,0,0,1,1,0,0,9,7.86,174,2/14,2/14,25.33,19.3,0,0,0,,,,
528067,Murugan Ashwin,"September 08, 1990, Chennai, Tamil Nadu",35y 302d,India,Bowler,-,2021,IPL 2021,PBKS,3,2,0,15,9,7.50,24,62.50,0,0,1,0,0,0,1,8.81,66,1/32,1/32,97.00,66.0,0,0,0,,,,
528067,Murugan Ashwin,"September 08, 1990, Chennai, Tamil Nadu",35y 302d,India,Bowler,-,2020/21,IPL 2020/21,PBKS,9,1,0,4,4,4.00,4,100.00,0,0,0,0,4,0,10,7.46,189,3/21,3/21,23.50,18.9,0,0,0,,,,
528067,Murugan Ashwin,"September 08, 1990, Chennai, Tamil Nadu",35y 302d,India,Bowler,-,2019,IPL 2019,PBKS,10,3,2,3,1*,3.00,5,60.00,0,0,0,0,3,0,5,7.50,204,2/25,2/25,51.00,40.8,0,0,0,,,,
528067,Murugan Ashwin,"September 08, 1990, Chennai, Tamil Nadu",35y 302d,India,Bowler,-,2018,IPL 2018,RCB,2,1,0,1,1,1.00,2,50.00,0,0,0,0,0,0,3,7.57,42,2/36,2/36,17.66,14.0,0,0,0,,,,
528067,Murugan Ashwin,"September 08, 1990, Chennai, Tamil Nadu",35y 302d,India,Bowler,-,2016,IPL 2016,RPS,10,1,0,0,0,0.00,1,0.00,0,0,0,0,0,0,7,8.45,171,3/36,3/36,34.42,24.4,0,0,0,,,,
330902,Mustafizur Rahman,"September 06, 1995, Satkhira",30y 304d,Bangladesh,Bowler,2015 - 2026,2025,IPL 2025,DC,3,1,0,0,0,0.00,1,0.00,0,0,0,0,0,0,4,7.90,66,3/33,3/33,21.75,16.5,0,0,0,"April 24, 2015","June 19, 2026","June 18, 2015","July 06, 2026"
330902,Mustafizur Rahman,"September 06, 1995, Satkhira",30y 304d,Bangladesh,Bowler,2015 - 2026,2024,IPL 2024,CSK,9,-,-,-,-,-,-,-,-,-,-,-,1,0,14,9.26,206,4/29,4/29,22.71,14.7,1,0,0,"April 24, 2015","June 19, 2026","June 18, 2015","July 06, 2026"
330902,Mustafizur Rahman,"September 06, 1995, Satkhira",30y 304d,Bangladesh,Bowler,2015 - 2026,2023,IPL 2023,DC,2,1,1,1,1*,-,1,100.00,0,0,0,0,0,0,1,11.28,42,1/38,1/38,79.00,42.0,0,0,0,"April 24, 2015","June 19, 2026","June 18, 2015","July 06, 2026"
330902,Mustafizur Rahman,"September 06, 1995, Satkhira",30y 304d,Bangladesh,Bowler,2015 - 2026,2022,IPL 2022,DC,8,1,1,3,3*,-,5,60.00,0,0,0,0,1,0,8,7.62,192,3/18,3/18,30.50,24.0,0,0,0,"April 24, 2015","June 19, 2026","June 18, 2015","July 06, 2026"
330902,Mustafizur Rahman,"September 06, 1995, Satkhira",30y 304d,Bangladesh,Bowler,2015 - 2026,2021,IPL 2021,RR,14,5,5,8,8*,-,14,57.14,0,0,0,1,1,0,14,8.41,311,3/20,3/20,31.14,22.2,0,0,0,"April 24, 2015","June 19, 2026","June 18, 2015","July 06, 2026"
330902,Mustafizur Rahman,"September 06, 1995, Satkhira",30y 304d,Bangladesh,Bowler,2015 - 2026,2018,IPL 2018,MI,7,2,1,1,1,1.00,3,33.33,0,0,0,0,2,0,7,8.36,165,3/24,3/24,32.85,23.5,0,0,0,"April 24, 2015","June 19, 2026","June 18, 2015","July 06, 2026"
330902,Mustafizur Rahman,"September 06, 1995, Satkhira",30y 304d,Bangladesh,Bowler,2015 - 2026,2017,IPL 2017,SRH,1,-,-,-,-,-,-,-,-,-,-,-,0,0,0,12.75,16,-,-,-,-,0,0,0,"April 24, 2015","June 19, 2026","June 18, 2015","July 06, 2026"
330902,Mustafizur Rahman,"September 06, 1995, Satkhira",30y 304d,Bangladesh,Bowler,2015 - 2026,2016,IPL 2016,SRH,16,-,-,-,-,-,-,-,-,-,-,-,2,0,17,6.90,366,3/16,3/16,24.76,21.5,0,0,0,"April 24, 2015","June 19, 2026","June 18, 2015","July 06, 2026"
32102,Naman Vinaykumar Ojha,"July 20, 1983, Ujjain, Madhya Pradesh",42y 352d,India,Wicketkeeper Batter,2010 - 2015,2018,IPL 2018,DC,1,1,0,1,1,1.00,4,25.00,0,0,0,0,0,0,-,-,-,-,-,-,-,-,-,-,"June 12, 2010","June 13, 2010","September 01, 2015","June 05, 2010"
32102,Naman Vinaykumar Ojha,"July 20, 1983, Ujjain, Madhya Pradesh",42y 352d,India,Wicketkeeper Batter,2010 - 2015,2017,IPL 2017,SRH,14,5,1,79,34,19.75,65,121.53,0,0,2,3,6,0,-,-,-,-,-,-,-,-,-,-,"June 12, 2010","June 13, 2010","September 01, 2015","June 05, 2010"
32102,Naman Vinaykumar Ojha,"July 20, 1983, Ujjain, Madhya Pradesh",42y 352d,India,Wicketkeeper Batter,2010 - 2015,2016,IPL 2016,SRH,17,13,3,136,37,13.60,138,98.55,0,0,7,5,18,0,-,-,-,-,-,-,-,-,-,-,"June 12, 2010","June 13, 2010","September 01, 2015","June 05, 2010"
32102,Naman Vinaykumar Ojha,"July 20, 1983, Ujjain, Madhya Pradesh",42y 352d,India,Wicketkeeper Batter,2010 - 2015,2015,IPL 2015,SRH,14,11,1,137,28,13.70,121,113.22,0,0,12,4,6,1,-,-,-,-,-,-,-,-,-,-,"June 12, 2010","June 13, 2010","September 01, 2015","June 05, 2010"
32102,Naman Vinaykumar Ojha,"July 20, 1983, Ujjain, Madhya Pradesh",42y 352d,India,Wicketkeeper Batter,2010 - 2015,2014,IPL 2014,SRH,11,10,4,232,79*,38.66,161,144.09,0,1,14,17,6,1,-,-,-,-,-,-,-,-,-,-,"June 12, 2010","June 13, 2010","September 01, 2015","June 05, 2010"
32102,Naman Vinaykumar Ojha,"July 20, 1983, Ujjain, Madhya Pradesh",42y 352d,India,Wicketkeeper Batter,2010 - 2015,2013,IPL 2013,DC,2,2,1,9,9,9.00,10,90.00,0,0,1,0,1,0,-,-,-,-,-,-,-,-,-,-,"June 12, 2010","June 13, 2010","September 01, 2015","June 05, 2010"
32102,Naman Vinaykumar Ojha,"July 20, 1983, Ujjain, Madhya Pradesh",42y 352d,India,Wicketkeeper Batter,2010 - 2015,2012,IPL 2012,DC,18,16,5,255,64*,23.18,224,113.83,0,1,21,13,14,2,-,-,-,-,-,-,-,-,-,-,"June 12, 2010","June 13, 2010","September 01, 2015","June 05, 2010"
32102,Naman Vinaykumar Ojha,"July 20, 1983, Ujjain, Madhya Pradesh",42y 352d,India,Wicketkeeper Batter,2010 - 2015,2011,IPL 2011,DC,14,14,1,160,29,12.30,161,99.37,0,0,11,11,8,0,-,-,-,-,-,-,-,-,-,-,"June 12, 2010","June 13, 2010","September 01, 2015","June 05, 2010"
32102,Naman Vinaykumar Ojha,"July 20, 1983, Ujjain, Madhya Pradesh",42y 352d,India,Wicketkeeper Batter,2010 - 2015,2009/10,IPL 2009/10,RR,14,14,2,377,94*,31.41,285,132.28,0,2,42,15,4,2,-,-,-,-,-,-,-,-,-,-,"June 12, 2010","June 13, 2010","September 01, 2015","June 05, 2010"
32102,Naman Vinaykumar Ojha,"July 20, 1983, Ujjain, Madhya Pradesh",42y 352d,India,Wicketkeeper Batter,2010 - 2015,2009,IPL 2009,RR,8,8,1,168,68,24.00,144,116.66,0,2,11,11,2,4,-,-,-,-,-,-,-,-,-,-,"June 12, 2010","June 13, 2010","September 01, 2015","June 05, 2010"
971349,Nandre Burger,"August 11, 1995, Krugersdorp",30y 330d,South Africa,Bowler,2023 - 2025,2026,IPL 2026,RR,13,3,2,14,10*,14.00,9,155.55,0,0,0,1,4,0,14,10.11,261,2/21,2/21,31.42,18.6,0,0,0,"December 14, 2023","October 31, 2025","December 17, 2023","December 03, 2025"
971349,Nandre Burger,"August 11, 1995, Krugersdorp",30y 330d,South Africa,Bowler,2023 - 2025,2024,IPL 2024,RR,6,-,-,-,-,-,-,-,-,-,-,-,2,0,7,8.52,102,2/29,2/29,20.71,14.5,0,0,0,"December 14, 2023","October 31, 2025","December 17, 2023","December 03, 2025"
261354,Nathan Mitchell Coulter-Nile,"October 11, 1987, Osborne Park, Western Australia",38y 269d,Australia,Bowling Allrounder,2013 - 2019,2022,IPL 2022,RR,1,1,1,1,1*,-,2,50.00,0,0,0,0,0,0,0,16.00,18,-,-,-,-,0,0,0,"February 13, 2013","February 27, 2019","September 14, 2013","June 20, 2019"
261354,Nathan Mitchell Coulter-Nile,"October 11, 1987, Osborne Park, Western Australia",38y 269d,Australia,Bowling Allrounder,2013 - 2019,2021,IPL 2021,MI,5,2,0,4,3,2.00,5,80.00,0,0,0,0,2,0,7,6.35,120,4/14,4/14,18.14,17.1,1,0,0,"February 13, 2013","February 27, 2019","September 14, 2013","June 20, 2019"
261354,Nathan Mitchell Coulter-Nile,"October 11, 1987, Osborne Park, Western Australia",38y 269d,Australia,Bowling Allrounder,2013 - 2019,2020/21,IPL 2020/21,MI,7,2,1,25,24*,25.00,15,166.66,0,0,4,0,2,0,5,7.92,156,2/29,2/29,41.20,31.2,0,0,0,"February 13, 2013","February 27, 2019","September 14, 2013","June 20, 2019"
261354,Nathan Mitchell Coulter-Nile,"October 11, 1987, Osborne Park, Western Australia",38y 269d,Australia,Bowling Allrounder,2013 - 2019,2017,IPL 2017,KKR,8,3,0,14,6,4.66,12,116.66,0,0,0,2,2,0,15,8.04,170,3/20,3/20,15.20,11.3,0,0,0,"February 13, 2013","February 27, 2019","September 14, 2013","June 20, 2019"
261354,Nathan Mitchell Coulter-Nile,"October 11, 1987, Osborne Park, Western Australia",38y 269d,Australia,Bowling Allrounder,2013 - 2019,2016,IPL 2016,DC,4,2,2,9,7*,-,14,64.28,0,0,1,0,0,0,3,7.60,90,2/25,2/25,38.00,30.0,0,0,0,"February 13, 2013","February 27, 2019","September 14, 2013","June 20, 2019"
261354,Nathan Mitchell Coulter-Nile,"October 11, 1987, Osborne Park, Western Australia",38y 269d,Australia,Bowling Allrounder,2013 - 2019,2015,IPL 2015,DC,11,5,1,20,6,5.00,18,111.11,0,0,2,1,5,0,15,7.55,255,4/20,4/20,21.40,17.0,1,0,0,"February 13, 2013","February 27, 2019","September 14, 2013","June 20, 2019"
261354,Nathan Mitchell Coulter-Nile,"October 11, 1987, Osborne Park, Western Australia",38y 269d,Australia,Bowling Allrounder,2013 - 2019,2014,IPL 2014,DC,2,1,1,0,0*,-,0,-,0,0,0,0,0,0,2,6.75,24,2/27,2/27,13.50,12.0,0,0,0,"February 13, 2013","February 27, 2019","September 14, 2013","June 20, 2019"
261354,Nathan Mitchell Coulter-Nile,"October 11, 1987, Osborne Park, Western Australia",38y 269d,Australia,Bowling Allrounder,2013 - 2019,2013,IPL 2013,MI,1,1,0,9,9,9.00,6,150.00,0,0,0,1,1,0,1,7.25,24,1/29,1/29,29.00,24.0,0,0,0,"February 13, 2013","February 27, 2019","September 14, 2013","June 20, 2019"
700167,Navdeep Amarjeet Saini,"November 23, 1992, Karnal, Haryana",33y 226d,India,Bowler,2019 - 2021,2026,IPL 2026,KKR,2,-,-,-,-,-,-,-,-,-,-,-,0,0,0,12.33,18,-,-,-,-,0,0,0,"August 03, 2019","July 28, 2021","December 22, 2019","July 23, 2021"
700167,Navdeep Amarjeet Saini,"November 23, 1992, Karnal, Haryana",33y 226d,India,Bowler,2019 - 2021,2023,IPL 2023,RR,2,-,-,-,-,-,-,-,-,-,-,-,0,0,3,12.33,36,3/40,3/40,24.66,12.0,0,0,0,"August 03, 2019","July 28, 2021","December 22, 2019","July 23, 2021"
700167,Navdeep Amarjeet Saini,"November 23, 1992, Karnal, Haryana",33y 226d,India,Bowler,2019 - 2021,2022,IPL 2022,RR,2,1,0,2,2,2.00,2,100.00,0,0,0,0,2,0,3,12.00,36,2/36,2/36,24.00,12.0,0,0,0,"August 03, 2019","July 28, 2021","December 22, 2019","July 23, 2021"
700167,Navdeep Amarjeet Saini,"November 23, 1992, Karnal, Haryana",33y 226d,India,Bowler,2019 - 2021,2021,IPL 2021,RCB,2,1,0,2,2,2.00,4,50.00,0,0,0,0,1,0,0,13.00,24,-,-,-,-,0,0,0,"August 03, 2019","July 28, 2021","December 22, 2019","July 23, 2021"
700167,Navdeep Amarjeet Saini,"November 23, 1992, Karnal, Haryana",33y 226d,India,Bowler,2019 - 2021,2020/21,IPL 2020/21,RCB,13,3,2,27,12*,27.00,27,100.00,0,0,3,0,2,0,6,8.29,274,2/25,2/25,63.16,45.6,0,0,0,"August 03, 2019","July 28, 2021","December 22, 2019","July 23, 2021"
700167,Navdeep Amarjeet Saini,"November 23, 1992, Karnal, Haryana",33y 226d,India,Bowler,2019 - 2021,2019,IPL 2019,RCB,13,2,1,2,2,2.00,4,50.00,0,0,0,0,3,0,11,8.27,288,2/24,2/24,36.09,26.1,0,0,0,"August 03, 2019","July 28, 2021","December 22, 2019","July 23, 2021"
12440,Nayan Dilip Doshi,"October 06, 1978, Nottingham",47y 274d,England,Bowler,-,2011,IPL 2011,RR,3,1,0,0,0,0.00,13,0.00,0,0,0,0,0,0,1,11.62,32,1/15,1/15,62.00,32.0,0,0,0,,,,
12440,Nayan Dilip Doshi,"October 06, 1978, Nottingham",47y 274d,England,Bowler,-,2009/10,IPL 2009/10,RCB,1,-,-,-,-,-,-,-,-,-,-,-,0,0,1,4.25,24,1/17,1/17,17.00,24.0,0,0,0,,,,
32240,Niraj Kanubhai Patel,"March 26, 1981, Ahmedabad, Gujarat",45y 103d,India,Allrounder,-,2009,IPL 2009,RR,4,2,0,18,14,9.00,38,47.36,0,0,1,0,4,0,-,-,-,-,-,-,-,-,-,-,,,,
32240,Niraj Kanubhai Patel,"March 26, 1981, Ahmedabad, Gujarat",45y 103d,India,Allrounder,-,2007/08,IPL 2007/08,RR,5,4,2,103,57,51.50,81,127.16,0,1,13,1,2,0,-,-,-,-,-,-,-,-,-,-,,,,
604527,Nitish Rana,"December 27, 1993, Delhi",32y 192d,India,Middle order Batter,2021 - 2021,2026,IPL 2026,DC,9,9,0,225,91,25.00,149,151.00,0,2,27,10,3,0,0,13.75,24,-,-,-,-,0,0,0,"July 28, 2021","July 29, 2021","July 23, 2021","July 28, 2021"
604527,Nitish Rana,"December 27, 1993, Delhi",32y 192d,India,Middle order Batter,2021 - 2021,2025,IPL 2025,RR,11,11,1,217,81,21.70,134,161.94,0,2,27,9,2,0,0,9.00,12,-,-,-,-,0,0,0,"July 28, 2021","July 29, 2021","July 23, 2021","July 28, 2021"
604527,Nitish Rana,"December 27, 1993, Delhi",32y 192d,India,Middle order Batter,2021 - 2021,2024,IPL 2024,KKR,2,2,0,42,33,21.00,34,123.52,0,0,5,1,0,0,-,-,-,-,-,-,-,-,-,-,"July 28, 2021","July 29, 2021","July 23, 2021","July 28, 2021"
604527,Nitish Rana,"December 27, 1993, Delhi",32y 192d,India,Middle order Batter,2021 - 2021,2023,IPL 2023,KKR,14,14,1,413,75,31.76,293,140.95,0,3,39,20,3,0,3,8.49,53,2/17,2/17,25.00,17.6,0,0,0,"July 28, 2021","July 29, 2021","July 23, 2021","July 28, 2021"
604527,Nitish Rana,"December 27, 1993, Delhi",32y 192d,India,Middle order Batter,2021 - 2021,2022,IPL 2022,KKR,14,14,1,361,57,27.76,251,143.82,0,2,29,22,6,0,0,11.50,12,-,-,-,-,0,0,0,"July 28, 2021","July 29, 2021","July 23, 2021","July 28, 2021"
604527,Nitish Rana,"December 27, 1993, Delhi",32y 192d,India,Middle order Batter,2021 - 2021,2021,IPL 2021,KKR,17,16,3,383,80,29.46,314,121.97,0,2,34,17,4,0,0,6.00,12,-,-,-,-,0,0,0,"July 28, 2021","July 29, 2021","July 23, 2021","July 28, 2021"
604527,Nitish Rana,"December 27, 1993, Delhi",32y 192d,India,Middle order Batter,2021 - 2021,2020/21,IPL 2020/21,KKR,14,14,0,352,87,25.14,254,138.58,0,3,43,12,2,0,0,11.50,12,-,-,-,-,0,0,0,"July 28, 2021","July 29, 2021","July 23, 2021","July 28, 2021"
604527,Nitish Rana,"December 27, 1993, Delhi",32y 192d,India,Middle order Batter,2021 - 2021,2019,IPL 2019,KKR,14,11,1,344,85*,34.40,235,146.38,0,3,27,21,3,0,3,9.00,48,1/8,1/8,24.00,16.0,0,0,0,"July 28, 2021","July 29, 2021","July 23, 2021","July 28, 2021"
604527,Nitish Rana,"December 27, 1993, Delhi",32y 192d,India,Middle order Batter,2021 - 2021,2018,IPL 2018,KKR,15,15,2,304,59,23.38,232,131.03,0,1,26,14,2,0,4,7.13,37,2/11,2/11,11.00,9.2,0,0,0,"July 28, 2021","July 29, 2021","July 23, 2021","July 28, 2021"
604527,Nitish Rana,"December 27, 1993, Delhi",32y 192d,India,Middle order Batter,2021 - 2021,2017,IPL 2017,MI,13,12,1,333,62*,30.27,264,126.13,0,3,24,17,4,0,-,-,-,-,-,-,-,-,-,-,"July 28, 2021","July 29, 2021","July 23, 2021","July 28, 2021"
604527,Nitish Rana,"December 27, 1993, Delhi",32y 192d,India,Middle order Batter,2021 - 2021,2016,IPL 2016,MI,4,3,0,104,70,34.66,75,138.66,0,1,7,8,0,0,0,3.00,6,-,-,-,-,0,0,0,"July 28, 2021","July 29, 2021","July 23, 2021","July 28, 2021"
906783,Obed  Christopher McCoy,"January 04, 1997",29y 184d,West Indies,Bowler,2018 - 2025,2023,IPL 2023,RR,1,-,-,-,-,-,-,-,-,-,-,-,0,0,0,13.00,6,-,-,-,-,0,0,0,"March 08, 2019","September 27, 2025","October 24, 2018","October 27, 2018"
906783,Obed  Christopher McCoy,"January 04, 1997",29y 184d,West Indies,Bowler,2018 - 2025,2022,IPL 2022,RR,7,1,0,8,8,8.00,5,160.00,0,0,0,1,1,0,11,9.17,155,3/23,3/23,21.54,14.0,0,0,0,"March 08, 2019","September 27, 2025","October 24, 2018","October 27, 2018"
914567,Oshane Romaine Thomas,"February 18, 1997",29y 139d,West Indies,Bowler,2018 - 2024,2019,IPL 2019,RR,4,-,-,-,-,-,-,-,-,-,-,-,1,0,5,7.90,60,2/6,2/6,15.80,12.0,0,0,0,"November 04, 2018","December 21, 2023","October 21, 2018","February 06, 2024"
20123,Owais Alam Shah,"October 22, 1978, Karachi, Sind, Pakistan",47y 258d,England,Batter,2001 - 2009,2013,IPL 2013,RR,2,2,0,25,24,12.50,23,108.69,0,0,2,0,0,0,-,-,-,-,-,-,-,-,-,-,"June 28, 2007","August 30, 2009","June 10, 2001","October 02, 2009"
20123,Owais Alam Shah,"October 22, 1978, Karachi, Sind, Pakistan",47y 258d,England,Batter,2001 - 2009,2012,IPL 2012,RR,13,13,4,340,76,37.77,256,132.81,0,3,24,16,5,0,-,-,-,-,-,-,-,-,-,-,"June 28, 2007","August 30, 2009","June 10, 2001","October 02, 2009"
20123,Owais Alam Shah,"October 22, 1978, Karachi, Sind, Pakistan",47y 258d,England,Batter,2001 - 2009,2011,IPL 2011,Kochi,3,2,0,26,23,13.00,15,173.33,0,0,1,2,2,0,-,-,-,-,-,-,-,-,-,-,"June 28, 2007","August 30, 2009","June 10, 2001","October 02, 2009"
20123,Owais Alam Shah,"October 22, 1978, Karachi, Sind, Pakistan",47y 258d,England,Batter,2001 - 2009,2009/10,IPL 2009/10,KKR,5,5,3,115,58*,57.50,95,121.05,0,1,7,5,0,0,-,-,-,-,-,-,-,-,-,-,"June 28, 2007","August 30, 2009","June 10, 2001","October 02, 2009"
32973,Pankaj Singh,"May 06, 1985, Sultanpur, Uttar Pradesh",41y 62d,India,Bowler,2010 - 2014,2012,IPL 2012,RR,6,-,-,-,-,-,-,-,-,-,-,-,0,0,7,8.09,126,2/18,2/18,24.28,18.0,0,0,0,,,"England vs India  at Southampton - July 27 - 31, 2014","England vs India  at Manchester - August 07 - 09, 2014"
32973,Pankaj Singh,"May 06, 1985, Sultanpur, Uttar Pradesh",41y 62d,India,Bowler,2010 - 2014,2011,IPL 2011,RR,1,-,-,-,-,-,-,-,-,-,-,-,0,0,0,11.50,12,-,-,-,-,0,0,0,,,"England vs India  at Southampton - July 27 - 31, 2014","England vs India  at Manchester - August 07 - 09, 2014"
32973,Pankaj Singh,"May 06, 1985, Sultanpur, Uttar Pradesh",41y 62d,India,Bowler,2010 - 2014,2009/10,IPL 2009/10,RCB,2,1,0,1,1,1.00,2,50.00,0,0,0,0,0,0,2,10.12,48,2/27,2/27,40.50,24.0,0,0,0,,,"England vs India  at Southampton - July 27 - 31, 2014","England vs India  at Manchester - August 07 - 09, 2014"
32973,Pankaj Singh,"May 06, 1985, Sultanpur, Uttar Pradesh",41y 62d,India,Bowler,2010 - 2014,2009,IPL 2009,RCB,3,2,1,1,1*,1.00,2,50.00,0,0,0,0,1,0,2,9.28,42,2/31,2/31,32.50,21.0,0,0,0,,,"England vs India  at Southampton - July 27 - 31, 2014","England vs India  at Manchester - August 07 - 09, 2014"
32973,Pankaj Singh,"May 06, 1985, Sultanpur, Uttar Pradesh",41y 62d,India,Bowler,2010 - 2014,2007/08,IPL 2007/08,RR,5,2,2,5,4*,-,8,62.50,0,0,0,0,1,0,0,10.75,72,-,-,-,-,0,0,0,,,"England vs India  at Southampton - July 27 - 31, 2014","England vs India  at Manchester - August 07 - 09, 2014"
28160,Paras Dogra,"November 19, 1984, Palampur, Himachal Pradesh",41y 230d,India,Batter,-,2013,IPL 2013,KKR,1,1,0,5,5,5.00,8,62.50,0,0,0,0,1,0,-,-,-,-,-,-,-,-,-,-,,,,
28160,Paras Dogra,"November 19, 1984, Palampur, Himachal Pradesh",41y 230d,India,Batter,-,2012,IPL 2012,PBKS,3,3,1,15,6,7.50,24,62.50,0,0,0,0,1,0,-,-,-,-,-,-,-,-,-,-,,,,
28160,Paras Dogra,"November 19, 1984, Palampur, Himachal Pradesh",41y 230d,India,Batter,-,2009/10,IPL 2009/10,RR,9,8,0,107,41,13.37,106,100.94,0,0,4,5,2,0,-,-,-,-,-,-,-,-,-,-,,,,
35630,Paul Chandrashekar Valthaty,"December 07, 1983, Bombay (now Mumbai), Maharashtra",42y 212d,India,Batter,-,2013,IPL 2013,PBKS,1,1,0,6,6,6.00,17,35.29,0,0,0,0,0,0,-,-,-,-,-,-,-,-,-,-,,,,
35630,Paul Chandrashekar Valthaty,"December 07, 1983, Bombay (now Mumbai), Maharashtra",42y 212d,India,Batter,-,2012,IPL 2012,PBKS,6,6,0,30,13,5.00,51,58.82,0,0,4,0,1,0,0,16.00,6,-,-,-,-,0,0,0,,,,
35630,Paul Chandrashekar Valthaty,"December 07, 1983, Bombay (now Mumbai), Maharashtra",42y 212d,India,Batter,-,2011,IPL 2011,PBKS,14,14,1,463,120*,35.61,338,136.98,1,2,55,20,2,0,7,7.82,145,4/29,4/29,27.00,20.7,1,0,0,,,,
35630,Paul Chandrashekar Valthaty,"December 07, 1983, Bombay (now Mumbai), Maharashtra",42y 212d,India,Batter,-,2009,IPL 2009,RR,2,2,0,6,5,3.00,12,50.00,0,0,1,0,0,0,-,-,-,-,-,-,-,-,-,-,,,,
34282,Pinal Rohitbhai Shah,"November 03, 1987, Baroda, Gujarat",38y 246d,India,Wicketkeeper Batter,-,2011,IPL 2011,RR,2,1,0,5,5,5.00,5,100.00,0,0,1,0,0,1,-,-,-,-,-,-,-,-,-,-,,,,
34282,Pinal Rohitbhai Shah,"November 03, 1987, Baroda, Gujarat",38y 246d,India,Wicketkeeper Batter,-,2009,IPL 2009,MI,9,5,2,53,29,17.66,51,103.92,0,0,4,2,6,2,-,-,-,-,-,-,-,-,-,-,,,,
34282,Pinal Rohitbhai Shah,"November 03, 1987, Baroda, Gujarat",38y 246d,India,Wicketkeeper Batter,-,2007/08,IPL 2007/08,MI,5,4,0,34,19,8.50,35,97.14,0,0,4,0,4,0,-,-,-,-,-,-,-,-,-,-,,,,
500135,Prashant Chopra,"October 07, 1992, Solan, Himachal Pradesh",33y 273d,India,Opening Batter,-,2019,IPL 2019,RR,1,-,-,-,-,-,-,-,-,-,-,-,0,0,-,-,-,-,-,-,-,-,-,-,,,,
500135,Prashant Chopra,"October 07, 1992, Solan, Himachal Pradesh",33y 273d,India,Opening Batter,-,2018,IPL 2018,RR,1,1,0,8,8,8.00,6,133.33,0,0,2,0,0,0,-,-,-,-,-,-,-,-,-,-,,,,
917159,Muralikrishna Prasidh Krishna,"February 19, 1996, Bangalore, Karnataka",30y 138d,India,Bowler,2021 - 2026,2026,IPL 2026,GT,12,1,1,6,6*,-,7,85.71,0,0,1,0,5,0,16,10.43,234,4/28,4/28,25.43,14.6,1,0,0,"August 18, 2023","June 26, 2026","March 23, 2021","June 20, 2026"
917159,Muralikrishna Prasidh Krishna,"February 19, 1996, Bangalore, Karnataka",30y 138d,India,Bowler,2021 - 2026,2025,IPL 2025,GT,15,-,-,-,-,-,-,-,-,-,-,-,5,0,25,8.27,354,4/41,4/41,19.52,14.1,1,0,0,"August 18, 2023","June 26, 2026","March 23, 2021","June 20, 2026"
917159,Muralikrishna Prasidh Krishna,"February 19, 1996, Bangalore, Karnataka",30y 138d,India,Bowler,2021 - 2026,2022,IPL 2022,RR,17,3,2,6,4*,6.00,12,50.00,0,0,0,0,2,0,19,8.28,399,3/22,3/22,29.00,21.0,0,0,0,"August 18, 2023","June 26, 2026","March 23, 2021","June 20, 2026"
917159,Muralikrishna Prasidh Krishna,"February 19, 1996, Bangalore, Karnataka",30y 138d,India,Bowler,2021 - 2026,2021,IPL 2021,KKR,10,2,1,0,0*,0.00,1,0.00,0,0,0,0,3,0,12,9.11,231,3/30,3/30,29.25,19.2,0,0,0,"August 18, 2023","June 26, 2026","March 23, 2021","June 20, 2026"
917159,Muralikrishna Prasidh Krishna,"February 19, 1996, Bangalore, Karnataka",30y 138d,India,Bowler,2021 - 2026,2020/21,IPL 2020/21,KKR,6,2,2,2,2*,-,4,50.00,0,0,0,0,1,0,4,9.37,105,3/29,3/29,41.00,26.2,0,0,0,"August 18, 2023","June 26, 2026","March 23, 2021","June 20, 2026"
917159,Muralikrishna Prasidh Krishna,"February 19, 1996, Bangalore, Karnataka",30y 138d,India,Bowler,2021 - 2026,2019,IPL 2019,KKR,11,1,0,0,0,0.00,2,0.00,0,0,0,0,2,0,4,9.34,242,1/22,1/22,94.25,60.5,0,0,0,"August 18, 2023","June 26, 2026","March 23, 2021","June 20, 2026"
917159,Muralikrishna Prasidh Krishna,"February 19, 1996, Bangalore, Karnataka",30y 138d,India,Bowler,2021 - 2026,2018,IPL 2018,KKR,7,2,2,1,1*,-,5,20.00,0,0,0,0,1,0,10,9.28,168,4/30,4/30,26.00,16.8,1,0,0,"August 18, 2023","June 26, 2026","March 23, 2021","June 20, 2026"
587152,Pravin Vijay Tambe,"October 08, 1971, Bombay (now Mumbai), Maharashtra",54y 272d,India,Bowler,-,2016,IPL 2016,GL,7,1,1,7,7*,-,19,36.84,0,0,1,0,1,0,5,8.93,96,2/12,2/12,28.60,19.2,0,0,0,,,,
587152,Pravin Vijay Tambe,"October 08, 1971, Bombay (now Mumbai), Maharashtra",54y 272d,India,Bowler,-,2015,IPL 2015,RR,10,2,2,3,2*,-,5,60.00,0,0,0,0,1,0,7,7.82,204,2/21,2/21,38.00,29.1,0,0,0,,,,
587152,Pravin Vijay Tambe,"October 08, 1971, Bombay (now Mumbai), Maharashtra",54y 272d,India,Bowler,-,2014,IPL 2014,RR,13,2,0,5,3,2.50,9,55.55,0,0,0,0,2,0,15,7.26,294,4/20,4/20,23.73,19.6,1,0,0,,,,
587152,Pravin Vijay Tambe,"October 08, 1971, Bombay (now Mumbai), Maharashtra",54y 272d,India,Bowler,-,2013,IPL 2013,RR,3,1,1,3,3*,-,6,50.00,0,0,0,0,0,0,1,8.00,66,1/38,1/38,88.00,66.0,0,0,0,,,,
28114,Rahul Sharad Dravid,"January 11, 1973, Indore, Madhya Pradesh",53y 177d,India,Top order Batter,1996 - 2012,2013,IPL 2013,RR,18,17,1,471,65,29.43,425,110.82,0,4,64,5,3,0,-,-,-,-,-,-,-,-,-,-,"England vs India  at Lord's - June 20 - 24, 1996","Australia vs India  at Adelaide - January 24 - 28, 2012","April 03, 1996","September 16, 2011"
28114,Rahul Sharad Dravid,"January 11, 1973, Indore, Madhya Pradesh",53y 177d,India,Top order Batter,1996 - 2012,2012,IPL 2012,RR,16,16,0,462,58,28.87,412,112.13,0,2,63,4,5,0,-,-,-,-,-,-,-,-,-,-,"England vs India  at Lord's - June 20 - 24, 1996","Australia vs India  at Adelaide - January 24 - 28, 2012","April 03, 1996","September 16, 2011"
28114,Rahul Sharad Dravid,"January 11, 1973, Indore, Madhya Pradesh",53y 177d,India,Top order Batter,1996 - 2012,2011,IPL 2011,RR,12,12,1,343,66,31.18,314,109.23,0,1,44,2,2,0,-,-,-,-,-,-,-,-,-,-,"England vs India  at Lord's - June 20 - 24, 1996","Australia vs India  at Adelaide - January 24 - 28, 2012","April 03, 1996","September 16, 2011"
28114,Rahul Sharad Dravid,"January 11, 1973, Indore, Madhya Pradesh",53y 177d,India,Top order Batter,1996 - 2012,2009/10,IPL 2009/10,RCB,16,11,2,256,52,28.44,199,128.64,0,1,34,3,4,0,-,-,-,-,-,-,-,-,-,-,"England vs India  at Lord's - June 20 - 24, 1996","Australia vs India  at Adelaide - January 24 - 28, 2012","April 03, 1996","September 16, 2011"
28114,Rahul Sharad Dravid,"January 11, 1973, Indore, Madhya Pradesh",53y 177d,India,Top order Batter,1996 - 2012,2009,IPL 2009,RCB,13,12,0,271,66,22.58,234,115.81,0,1,28,3,2,0,-,-,-,-,-,-,-,-,-,-,"England vs India  at Lord's - June 20 - 24, 1996","Australia vs India  at Adelaide - January 24 - 28, 2012","April 03, 1996","September 16, 2011"
28114,Rahul Sharad Dravid,"January 11, 1973, Indore, Madhya Pradesh",53y 177d,India,Top order Batter,1996 - 2012,2007/08,IPL 2007/08,RCB,14,14,1,371,75*,28.53,298,124.49,0,2,35,11,2,0,-,-,-,-,-,-,-,-,-,-,"England vs India  at Lord's - June 20 - 24, 1996","Australia vs India  at Adelaide - January 24 - 28, 2012","April 03, 1996","September 16, 2011"
390547,Rahul Shukla,"August 28, 1990, Jharkhand",35y 313d,India,Bowler,-,2014,IPL 2014,DC,3,3,2,18,14,18.00,21,85.71,0,0,2,0,1,0,2,10.88,54,1/13,1/13,49.00,27.0,0,0,0,,,,
390547,Rahul Shukla,"August 28, 1990, Jharkhand",35y 313d,India,Bowler,-,2013,IPL 2013,RR,3,1,1,1,1*,-,2,50.00,0,0,0,0,2,0,3,9.87,48,2/28,2/28,26.33,16.0,0,0,0,,,,
390547,Rahul Shukla,"August 28, 1990, Jharkhand",35y 313d,India,Bowler,-,2012,IPL 2012,MI,1,-,-,-,-,-,-,-,-,-,-,-,0,0,0,10.33,18,-,-,-,-,0,0,0,,,,
423838,Rahul Tewatia,"May 20, 1993, Sihi, Haryana",33y 48d,India,Bowling Allrounder,-,2026,IPL 2026,GT,16,15,8,190,68,27.14,132,143.93,0,1,20,8,2,0,-,-,-,-,-,-,-,-,-,-,,,,
423838,Rahul Tewatia,"May 20, 1993, Sihi, Haryana",33y 48d,India,Bowling Allrounder,-,2025,IPL 2025,GT,15,12,4,99,24*,12.37,59,167.79,0,0,6,7,4,0,-,-,-,-,-,-,-,-,-,-,,,,
423838,Rahul Tewatia,"May 20, 1993, Sihi, Haryana",33y 48d,India,Bowling Allrounder,-,2024,IPL 2024,GT,12,9,2,188,36*,26.85,129,145.73,0,0,24,5,6,0,-,-,-,-,-,-,-,-,-,-,,,,
423838,Rahul Tewatia,"May 20, 1993, Sihi, Haryana",33y 48d,India,Bowling Allrounder,-,2023,IPL 2023,GT,17,10,6,87,20*,21.75,57,152.63,0,0,3,7,8,0,0,6.92,13,-,-,-,-,0,0,0,,,,
423838,Rahul Tewatia,"May 20, 1993, Sihi, Haryana",33y 48d,India,Bowling Allrounder,-,2022,IPL 2022,GT,16,12,5,217,43*,31.00,147,147.61,0,0,22,9,5,0,0,12.66,36,-,-,-,-,0,0,0,,,,
423838,Rahul Tewatia,"May 20, 1993, Sihi, Haryana",33y 48d,India,Bowling Allrounder,-,2021,IPL 2021,RR,14,11,1,155,44,15.50,147,105.44,0,0,11,6,2,0,8,9.18,222,3/39,3/39,42.50,27.7,0,0,0,,,,
423838,Rahul Tewatia,"May 20, 1993, Sihi, Haryana",33y 48d,India,Bowling Allrounder,-,2020/21,IPL 2020/21,RR,14,11,5,255,53,42.50,183,139.34,0,1,13,17,9,0,10,7.08,276,3/25,3/25,32.60,27.6,0,0,0,,,,
423838,Rahul Tewatia,"May 20, 1993, Sihi, Haryana",33y 48d,India,Bowling Allrounder,-,2019,IPL 2019,DC,5,4,3,26,11*,26.00,22,118.18,0,0,2,1,6,0,2,6.63,38,1/10,1/10,21.00,19.0,0,0,0,,,,
423838,Rahul Tewatia,"May 20, 1993, Sihi, Haryana",33y 48d,India,Bowling Allrounder,-,2018,IPL 2018,DC,8,5,2,50,24,16.66,43,116.27,0,0,5,1,2,0,6,7.86,132,3/18,3/18,28.83,22.0,0,0,0,,,,
423838,Rahul Tewatia,"May 20, 1993, Sihi, Haryana",33y 48d,India,Bowling Allrounder,-,2017,IPL 2017,PBKS,3,2,1,19,15*,19.00,11,172.72,0,0,4,0,0,0,3,5.44,54,2/18,2/18,16.33,18.0,0,0,0,,,,
423838,Rahul Tewatia,"May 20, 1993, Sihi, Haryana",33y 48d,India,Bowling Allrounder,-,2015,IPL 2015,RR,1,-,-,-,-,-,-,-,-,-,-,-,0,0,1,10.33,18,1/31,1/31,31.00,18.0,0,0,0,,,,
423838,Rahul Tewatia,"May 20, 1993, Sihi, Haryana",33y 48d,India,Bowling Allrounder,-,2014,IPL 2014,RR,3,1,0,16,16,16.00,13,123.07,0,0,0,1,0,0,2,6.55,54,1/17,1/17,29.50,27.0,0,0,0,,,,
446763,Rahul Ajay Tripathi,"March 02, 1991, Ranchi",35y 127d,India,Top order Batter,2023 - 2023,2025,IPL 2025,CSK,5,5,0,55,23,11.00,57,96.49,0,0,6,1,1,0,-,-,-,-,-,-,-,-,-,-,"January 05, 2023","February 01, 2023",,
446763,Rahul Ajay Tripathi,"March 02, 1991, Ranchi",35y 127d,India,Top order Batter,2023 - 2023,2024,IPL 2024,SRH,6,6,0,165,55,27.50,115,143.47,0,1,18,6,2,0,-,-,-,-,-,-,-,-,-,-,"January 05, 2023","February 01, 2023",,
446763,Rahul Ajay Tripathi,"March 02, 1991, Ranchi",35y 127d,India,Top order Batter,2023 - 2023,2023,IPL 2023,SRH,13,13,1,273,74*,22.75,213,128.16,0,1,29,10,2,0,-,-,-,-,-,-,-,-,-,-,"January 05, 2023","February 01, 2023",,
446763,Rahul Ajay Tripathi,"March 02, 1991, Ranchi",35y 127d,India,Top order Batter,2023 - 2023,2022,IPL 2022,SRH,14,14,3,413,76,37.54,261,158.23,0,3,40,20,6,0,-,-,-,-,-,-,-,-,-,-,"January 05, 2023","February 01, 2023",,
446763,Rahul Ajay Tripathi,"March 02, 1991, Ranchi",35y 127d,India,Top order Batter,2023 - 2023,2021,IPL 2021,KKR,17,16,2,397,74*,28.35,283,140.28,0,2,41,11,8,0,-,-,-,-,-,-,-,-,-,-,"January 05, 2023","February 01, 2023",,
446763,Rahul Ajay Tripathi,"March 02, 1991, Ranchi",35y 127d,India,Top order Batter,2023 - 2023,2020/21,IPL 2020/21,KKR,11,11,1,230,81,23.00,181,127.07,0,1,21,10,3,0,-,-,-,-,-,-,-,-,-,-,"January 05, 2023","February 01, 2023",,
446763,Rahul Ajay Tripathi,"March 02, 1991, Ranchi",35y 127d,India,Top order Batter,2023 - 2023,2019,IPL 2019,RR,8,7,1,141,50,23.50,118,119.49,0,1,13,2,3,0,-,-,-,-,-,-,-,-,-,-,"January 05, 2023","February 01, 2023",,
446763,Rahul Ajay Tripathi,"March 02, 1991, Ranchi",35y 127d,India,Top order Batter,2023 - 2023,2018,IPL 2018,RR,12,12,3,226,80*,25.11,167,135.32,0,1,18,8,4,0,-,-,-,-,-,-,-,-,-,-,"January 05, 2023","February 01, 2023",,
446763,Rahul Ajay Tripathi,"March 02, 1991, Ranchi",35y 127d,India,Top order Batter,2023 - 2023,2017,IPL 2017,RPS,14,14,0,391,93,27.92,267,146.44,0,2,43,17,5,0,0,12.00,6,-,-,-,-,0,0,0,"January 05, 2023","February 01, 2023",,
26907,Rajat Bhatia,"October 22, 1979, Delhi",46y 258d,India,Allrounder,-,2017,IPL 2017,RPS,3,2,1,16,16,16.00,17,94.11,0,0,0,1,2,0,2,7.85,42,2/14,2/14,27.50,21.0,0,0,0,,,,
26907,Rajat Bhatia,"October 22, 1979, Delhi",46y 258d,India,Allrounder,-,2016,IPL 2016,RPS,10,6,5,34,21,34.00,20,170.00,0,0,1,2,2,0,6,7.17,204,2/19,2/19,40.66,34.0,0,0,0,,,,
26907,Rajat Bhatia,"October 22, 1979, Delhi",46y 258d,India,Allrounder,-,2015,IPL 2015,RR,2,1,0,0,0,0.00,1,0.00,0,0,0,0,0,0,0,9.20,30,-,-,-,-,0,0,0,,,,
26907,Rajat Bhatia,"October 22, 1979, Delhi",46y 258d,India,Allrounder,-,2014,IPL 2014,RR,12,7,2,67,23,13.40,53,126.41,0,0,4,3,5,0,12,7.44,228,3/23,3/23,23.58,19.0,0,0,0,,,,
26907,Rajat Bhatia,"October 22, 1979, Delhi",46y 258d,India,Allrounder,-,2013,IPL 2013,KKR,15,10,4,99,26*,16.50,80,123.75,0,0,8,3,0,0,11,7.57,263,2/23,2/23,30.18,23.9,0,0,0,,,,
26907,Rajat Bhatia,"October 22, 1979, Delhi",46y 258d,India,Allrounder,-,2012,IPL 2012,KKR,17,6,3,35,12,11.66,28,125.00,0,0,4,0,6,0,13,7.31,319,2/14,2/14,29.92,24.5,0,0,0,,,,
26907,Rajat Bhatia,"October 22, 1979, Delhi",46y 258d,India,Allrounder,-,2011,IPL 2011,KKR,14,6,3,25,11,8.33,22,113.63,0,0,3,0,4,0,8,6.56,192,3/22,3/22,26.25,24.0,0,0,0,,,,
26907,Rajat Bhatia,"October 22, 1979, Delhi",46y 258d,India,Allrounder,-,2009/10,IPL 2009/10,DC,5,3,0,24,21,8.00,17,141.17,0,0,1,2,1,0,3,8.25,96,1/24,1/24,44.00,32.0,0,0,0,,,,
26907,Rajat Bhatia,"October 22, 1979, Delhi",46y 258d,India,Allrounder,-,2009,IPL 2009,DC,8,5,0,8,4,1.60,18,44.44,0,0,1,0,4,0,10,6.73,130,4/15,4/15,14.60,13.0,1,0,0,,,,
26907,Rajat Bhatia,"October 22, 1979, Delhi",46y 258d,India,Allrounder,-,2007/08,IPL 2007/08,DC,9,3,1,34,17,17.00,28,121.42,0,0,2,2,1,0,6,8.31,132,2/17,2/17,30.50,22.0,0,0,0,,,,
337790,Hendrik Erasmus van der Dussen,"February 07, 1989, Pretoria, Transvaal (now Gauteng)",37y 150d,South Africa,Top order Batter,2018 - 2025,2022,IPL 2022,RR,3,3,1,22,12*,11.00,24,91.66,0,0,2,0,0,0,-,-,-,-,-,-,-,-,-,-,"October 09, 2018","August 16, 2025","January 19, 2019","March 05, 2025"
1175441,Ravi Bishnoi,"September 05, 2000, Jodhpur, Rajasthan",25y 305d,India,Bowler,2022 - 2026,2026,IPL 2026,RR,9,2,0,0,0,0.00,3,0.00,0,0,0,0,5,0,11,9.88,156,4/41,4/41,23.36,14.1,1,0,0,"February 16, 2022","July 04, 2026","October 06, 2022","February 16, 2022"
1175441,Ravi Bishnoi,"September 05, 2000, Jodhpur, Rajasthan",25y 305d,India,Bowler,2022 - 2026,2025,IPL 2025,LSG,11,3,1,13,13,6.50,16,81.25,0,0,0,2,4,0,9,10.83,222,2/18,2/18,44.55,24.6,0,0,0,"February 16, 2022","July 04, 2026","October 06, 2022","February 16, 2022"
1175441,Ravi Bishnoi,"September 05, 2000, Jodhpur, Rajasthan",25y 305d,India,Bowler,2022 - 2026,2024,IPL 2024,LSG,14,3,0,4,2,1.33,6,66.66,0,0,0,0,4,0,10,8.77,262,2/25,2/25,38.30,26.2,0,0,0,"February 16, 2022","July 04, 2026","October 06, 2022","February 16, 2022"
1175441,Ravi Bishnoi,"September 05, 2000, Jodhpur, Rajasthan",25y 305d,India,Bowler,2022 - 2026,2023,IPL 2023,LSG,15,7,4,20,5,6.66,27,74.07,0,0,1,0,9,0,16,7.74,303,3/28,3/28,24.43,18.9,0,0,0,"February 16, 2022","July 04, 2026","October 06, 2022","February 16, 2022"
1175441,Ravi Bishnoi,"September 05, 2000, Jodhpur, Rajasthan",25y 305d,India,Bowler,2022 - 2026,2022,IPL 2022,LSG,14,1,1,0,0*,-,1,0.00,0,0,0,0,3,0,13,8.44,324,2/22,2/22,35.07,24.9,0,0,0,"February 16, 2022","July 04, 2026","October 06, 2022","February 16, 2022"
1175441,Ravi Bishnoi,"September 05, 2000, Jodhpur, Rajasthan",25y 305d,India,Bowler,2022 - 2026,2021,IPL 2021,PBKS,9,1,0,1,1,1.00,4,25.00,0,0,0,0,2,0,12,6.38,216,3/24,3/24,19.16,18.0,0,0,0,"February 16, 2022","July 04, 2026","October 06, 2022","February 16, 2022"
1175441,Ravi Bishnoi,"September 05, 2000, Jodhpur, Rajasthan",25y 305d,India,Bowler,2022 - 2026,2020/21,IPL 2020/21,PBKS,14,3,2,7,6*,7.00,12,58.33,0,0,1,0,2,0,12,7.37,306,3/29,3/29,31.33,25.5,0,0,0,"February 16, 2022","July 04, 2026","October 06, 2022","February 16, 2022"
1461577,Ravi Singh,"May 25, 2001, Varanasi, Uttar Pradesh",25y 43d,India,Middle order Batter,-,2026,IPL 2026,RR,1,1,0,4,4,4.00,2,200.00,0,0,1,0,0,0,-,-,-,-,-,-,-,-,-,-,,,,
26421,Ravichandran Ashwin,"September 17, 1986, Madras (now Chennai), Tamil Nadu",39y 293d,India,Bowling Allrounder,2010 - 2024,2025,IPL 2025,CSK,9,4,0,33,13,8.25,30,110.00,0,0,3,1,4,0,7,9.12,186,2/41,2/41,40.42,26.5,0,0,0,"June 12, 2010","November 10, 2022","June 05, 2010","October 08, 2023"
26421,Ravichandran Ashwin,"September 17, 1986, Madras (now Chennai), Tamil Nadu",39y 293d,India,Bowling Allrounder,2010 - 2024,2024,IPL 2024,RR,15,9,3,86,29,14.33,74,116.21,0,0,5,4,5,0,9,8.49,330,3/24,3/24,51.88,36.6,0,0,0,"June 12, 2010","November 10, 2022","June 05, 2010","October 08, 2023"
26421,Ravichandran Ashwin,"September 17, 1986, Madras (now Chennai), Tamil Nadu",39y 293d,India,Bowling Allrounder,2010 - 2024,2023,IPL 2023,RR,13,10,4,67,30,11.16,51,131.37,0,0,5,3,1,0,14,7.51,294,2/23,2/23,26.28,21.0,0,0,0,"June 12, 2010","November 10, 2022","June 05, 2010","October 08, 2023"
26421,Ravichandran Ashwin,"September 17, 1986, Madras (now Chennai), Tamil Nadu",39y 293d,India,Bowling Allrounder,2010 - 2024,2022,IPL 2022,RR,17,12,5,191,50,27.28,135,141.48,0,1,14,9,5,0,12,7.50,402,3/17,3/17,41.91,33.5,0,0,0,"June 12, 2010","November 10, 2022","June 05, 2010","October 08, 2023"
26421,Ravichandran Ashwin,"September 17, 1986, Madras (now Chennai), Tamil Nadu",39y 293d,India,Bowling Allrounder,2010 - 2024,2021,IPL 2021,DC,13,5,2,44,20*,14.66,42,104.76,0,0,2,1,3,0,7,7.41,268,2/27,2/27,47.28,38.2,0,0,0,"June 12, 2010","November 10, 2022","June 05, 2010","October 08, 2023"
26421,Ravichandran Ashwin,"September 17, 1986, Madras (now Chennai), Tamil Nadu",39y 293d,India,Bowling Allrounder,2010 - 2024,2020/21,IPL 2020/21,DC,15,6,3,37,14*,12.33,34,108.82,0,0,3,1,2,0,13,7.66,306,3/29,3/29,30.07,23.5,0,0,0,"June 12, 2010","November 10, 2022","June 05, 2010","October 08, 2023"
26421,Ravichandran Ashwin,"September 17, 1986, Madras (now Chennai), Tamil Nadu",39y 293d,India,Bowling Allrounder,2010 - 2024,2019,IPL 2019,PBKS,14,6,1,42,17*,8.40,28,150.00,0,0,3,3,4,0,15,7.27,330,3/23,3/23,26.66,22.0,0,0,0,"June 12, 2010","November 10, 2022","June 05, 2010","October 08, 2023"
26421,Ravichandran Ashwin,"September 17, 1986, Madras (now Chennai), Tamil Nadu",39y 293d,India,Bowling Allrounder,2010 - 2024,2018,IPL 2018,PBKS,14,9,1,102,45,12.75,71,143.66,0,0,7,5,5,0,10,8.09,304,2/18,2/18,41.00,30.4,0,0,0,"June 12, 2010","November 10, 2022","June 05, 2010","October 08, 2023"
26421,Ravichandran Ashwin,"September 17, 1986, Madras (now Chennai), Tamil Nadu",39y 293d,India,Bowling Allrounder,2010 - 2024,2016,IPL 2016,RPS,14,6,4,41,29,20.50,38,107.89,0,0,3,1,3,0,10,7.25,264,4/34,4/34,31.90,26.4,1,0,0,"June 12, 2010","November 10, 2022","June 05, 2010","October 08, 2023"
26421,Ravichandran Ashwin,"September 17, 1986, Madras (now Chennai), Tamil Nadu",39y 293d,India,Bowling Allrounder,2010 - 2024,2015,IPL 2015,CSK,14,6,3,52,23,17.33,32,162.50,0,0,6,1,3,0,10,5.84,234,2/5,2/5,22.80,23.4,0,0,0,"June 12, 2010","November 10, 2022","June 05, 2010","October 08, 2023"
26421,Ravichandran Ashwin,"September 17, 1986, Madras (now Chennai), Tamil Nadu",39y 293d,India,Bowling Allrounder,2010 - 2024,2014,IPL 2014,CSK,16,6,3,45,14,15.00,45,100.00,0,0,4,0,1,0,16,7.30,359,3/30,3/30,27.31,22.4,0,0,0,"June 12, 2010","November 10, 2022","June 05, 2010","October 08, 2023"
26421,Ravichandran Ashwin,"September 17, 1986, Madras (now Chennai), Tamil Nadu",39y 293d,India,Bowling Allrounder,2010 - 2024,2013,IPL 2013,CSK,18,5,1,35,11*,8.75,49,71.42,0,0,4,0,4,0,15,6.72,348,2/18,2/18,26.00,23.2,0,0,0,"June 12, 2010","November 10, 2022","June 05, 2010","October 08, 2023"
26421,Ravichandran Ashwin,"September 17, 1986, Madras (now Chennai), Tamil Nadu",39y 293d,India,Bowling Allrounder,2010 - 2024,2012,IPL 2012,CSK,19,5,2,18,8,6.00,15,120.00,0,0,2,0,5,0,14,6.54,395,3/23,3/23,30.78,28.2,0,0,0,"June 12, 2010","November 10, 2022","June 05, 2010","October 08, 2023"
26421,Ravichandran Ashwin,"September 17, 1986, Madras (now Chennai), Tamil Nadu",39y 293d,India,Bowling Allrounder,2010 - 2024,2011,IPL 2011,CSK,16,2,0,2,2,1.00,6,33.33,0,0,0,0,4,0,20,6.15,378,3/16,3/16,19.40,18.9,0,0,0,"June 12, 2010","November 10, 2022","June 05, 2010","October 08, 2023"
26421,Ravichandran Ashwin,"September 17, 1986, Madras (now Chennai), Tamil Nadu",39y 293d,India,Bowling Allrounder,2010 - 2024,2009/10,IPL 2009/10,CSK,12,6,2,30,11*,7.50,40,75.00,0,0,2,0,1,0,13,6.10,288,3/16,3/16,22.53,22.1,0,0,0,"June 12, 2010","November 10, 2022","June 05, 2010","October 08, 2023"
26421,Ravichandran Ashwin,"September 17, 1986, Madras (now Chennai), Tamil Nadu",39y 293d,India,Bowling Allrounder,2010 - 2024,2009,IPL 2009,CSK,2,1,0,8,8,8.00,15,53.33,0,0,1,0,2,0,2,3.25,24,2/13,2/13,6.50,12.0,0,0,0,"June 12, 2010","November 10, 2022","June 05, 2010","October 08, 2023"
234675,Ravindrasinh Anirudhsinh Jadeja,"December 06, 1988, Navagam-Khed, Saurashtra",37y 213d,India,Allrounder,2009 - 2026,2026,IPL 2026,RR,14,11,7,266,45*,66.50,197,135.02,0,0,24,5,1,0,10,8.39,198,2/8,2/8,27.70,19.8,0,0,0,"February 10, 2009","June 29, 2024","February 08, 2009","January 18, 2026"
234675,Ravindrasinh Anirudhsinh Jadeja,"December 06, 1988, Navagam-Khed, Saurashtra",37y 213d,India,Allrounder,2009 - 2026,2025,IPL 2025,CSK,14,14,5,301,77*,33.44,222,135.58,0,2,25,10,6,0,10,8.56,227,2/17,2/17,32.40,22.7,0,0,0,"February 10, 2009","June 29, 2024","February 08, 2009","January 18, 2026"
234675,Ravindrasinh Anirudhsinh Jadeja,"December 06, 1988, Navagam-Khed, Saurashtra",37y 213d,India,Allrounder,2009 - 2026,2024,IPL 2024,CSK,14,11,5,267,57*,44.50,187,142.78,0,1,22,8,6,0,8,7.85,282,3/18,3/18,46.12,35.2,0,0,0,"February 10, 2009","June 29, 2024","February 08, 2009","January 18, 2026"
234675,Ravindrasinh Anirudhsinh Jadeja,"December 06, 1988, Navagam-Khed, Saurashtra",37y 213d,India,Allrounder,2009 - 2026,2023,IPL 2023,CSK,16,12,4,190,25*,23.75,133,142.85,0,0,11,9,9,0,20,7.56,342,3/20,3/20,21.55,17.1,0,0,0,"February 10, 2009","June 29, 2024","February 08, 2009","January 18, 2026"
234675,Ravindrasinh Anirudhsinh Jadeja,"December 06, 1988, Navagam-Khed, Saurashtra",37y 213d,India,Allrounder,2009 - 2026,2022,IPL 2022,CSK,10,10,4,116,26*,19.33,98,118.36,0,0,6,5,7,0,5,7.51,198,3/39,3/39,49.60,39.6,0,0,0,"February 10, 2009","June 29, 2024","February 08, 2009","January 18, 2026"
234675,Ravindrasinh Anirudhsinh Jadeja,"December 06, 1988, Navagam-Khed, Saurashtra",37y 213d,India,Allrounder,2009 - 2026,2021,IPL 2021,CSK,16,12,9,227,62*,75.66,156,145.51,0,1,19,9,13,0,13,7.06,294,3/13,3/13,26.61,22.6,0,0,0,"February 10, 2009","June 29, 2024","February 08, 2009","January 18, 2026"
234675,Ravindrasinh Anirudhsinh Jadeja,"December 06, 1988, Navagam-Khed, Saurashtra",37y 213d,India,Allrounder,2009 - 2026,2020/21,IPL 2020/21,CSK,14,11,6,232,50,46.40,135,171.85,0,1,22,11,5,0,6,8.75,218,2/42,2/42,53.00,36.3,0,0,0,"February 10, 2009","June 29, 2024","February 08, 2009","January 18, 2026"
234675,Ravindrasinh Anirudhsinh Jadeja,"December 06, 1988, Navagam-Khed, Saurashtra",37y 213d,India,Allrounder,2009 - 2026,2019,IPL 2019,CSK,16,9,6,106,31*,35.33,88,120.45,0,0,7,4,9,0,15,6.35,324,3/9,3/9,22.86,21.6,0,0,0,"February 10, 2009","June 29, 2024","February 08, 2009","January 18, 2026"
234675,Ravindrasinh Anirudhsinh Jadeja,"December 06, 1988, Navagam-Khed, Saurashtra",37y 213d,India,Allrounder,2009 - 2026,2018,IPL 2018,CSK,16,10,5,89,27*,17.80,74,120.27,0,0,3,4,11,0,11,7.39,246,3/18,3/18,27.54,22.3,0,0,0,"February 10, 2009","June 29, 2024","February 08, 2009","January 18, 2026"
234675,Ravindrasinh Anirudhsinh Jadeja,"December 06, 1988, Navagam-Khed, Saurashtra",37y 213d,India,Allrounder,2009 - 2026,2017,IPL 2017,GL,12,10,6,158,28,39.50,113,139.82,0,0,13,4,2,0,5,9.18,228,2/28,2/28,69.80,45.6,0,0,0,"February 10, 2009","June 29, 2024","February 08, 2009","January 18, 2026"
234675,Ravindrasinh Anirudhsinh Jadeja,"December 06, 1988, Navagam-Khed, Saurashtra",37y 213d,India,Allrounder,2009 - 2026,2016,IPL 2016,GL,15,15,6,191,36*,21.22,177,107.90,0,0,14,4,4,0,8,7.74,241,2/18,2/18,38.87,30.1,0,0,0,"February 10, 2009","June 29, 2024","February 08, 2009","January 18, 2026"
234675,Ravindrasinh Anirudhsinh Jadeja,"December 06, 1988, Navagam-Khed, Saurashtra",37y 213d,India,Allrounder,2009 - 2026,2015,IPL 2015,CSK,17,12,5,132,24,18.85,126,104.76,0,0,7,3,13,0,11,7.73,256,4/11,4/11,30.00,23.2,1,0,0,"February 10, 2009","June 29, 2024","February 08, 2009","January 18, 2026"
234675,Ravindrasinh Anirudhsinh Jadeja,"December 06, 1988, Navagam-Khed, Saurashtra",37y 213d,India,Allrounder,2009 - 2026,2014,IPL 2014,CSK,16,10,5,146,36*,29.20,110,132.72,0,0,9,5,4,0,19,8.15,326,4/12,4/12,23.31,17.1,2,0,0,"February 10, 2009","June 29, 2024","February 08, 2009","January 18, 2026"
234675,Ravindrasinh Anirudhsinh Jadeja,"December 06, 1988, Navagam-Khed, Saurashtra",37y 213d,India,Allrounder,2009 - 2026,2013,IPL 2013,CSK,18,14,6,201,38*,25.12,135,148.88,0,0,17,6,6,0,13,7.48,259,3/20,3/20,24.84,19.9,0,0,0,"February 10, 2009","June 29, 2024","February 08, 2009","January 18, 2026"
234675,Ravindrasinh Anirudhsinh Jadeja,"December 06, 1988, Navagam-Khed, Saurashtra",37y 213d,India,Allrounder,2009 - 2026,2012,IPL 2012,CSK,19,14,2,191,48,15.91,151,126.49,0,0,13,9,2,0,12,7.80,210,5/16,5/16,22.75,17.5,0,1,0,"February 10, 2009","June 29, 2024","February 08, 2009","January 18, 2026"
234675,Ravindrasinh Anirudhsinh Jadeja,"December 06, 1988, Navagam-Khed, Saurashtra",37y 213d,India,Allrounder,2009 - 2026,2011,IPL 2011,Kochi,14,12,3,283,47,31.44,228,124.12,0,0,20,14,1,0,8,7.26,252,2/25,2/25,38.12,31.5,0,0,0,"February 10, 2009","June 29, 2024","February 08, 2009","January 18, 2026"
234675,Ravindrasinh Anirudhsinh Jadeja,"December 06, 1988, Navagam-Khed, Saurashtra",37y 213d,India,Allrounder,2009 - 2026,2009,IPL 2009,RR,13,13,2,295,42,26.81,266,110.90,0,0,21,6,4,0,6,6.47,140,3/15,3/15,25.16,23.3,0,0,0,"February 10, 2009","June 29, 2024","February 08, 2009","January 18, 2026"
234675,Ravindrasinh Anirudhsinh Jadeja,"December 06, 1988, Navagam-Khed, Saurashtra",37y 213d,India,Allrounder,2009 - 2026,2007/08,IPL 2007/08,RR,14,9,2,135,36*,19.28,103,131.06,0,0,11,6,7,0,0,9.69,13,-,-,-,-,0,0,0,"February 10, 2009","June 29, 2024","February 08, 2009","January 18, 2026"
1079434,Riyan Parag,"November 10, 2001, Guwahati, Assam",24y 239d,India,Top order Batter,2024 - 2024,2026,IPL 2026,RR,14,14,1,309,90,23.76,196,157.65,0,2,24,21,4,0,2,9.50,24,1/5,1/5,19.00,12.0,0,0,0,"July 06, 2024","October 12, 2024","August 07, 2024","July 06, 2024"
1079434,Riyan Parag,"November 10, 2001, Guwahati, Assam",24y 239d,India,Top order Batter,2024 - 2024,2025,IPL 2025,RR,14,14,2,393,95,32.75,236,166.52,0,1,27,27,8,0,3,8.50,120,1/12,1/12,56.66,40.0,0,0,0,"July 06, 2024","October 12, 2024","August 07, 2024","July 06, 2024"
1079434,Riyan Parag,"November 10, 2001, Guwahati, Assam",24y 239d,India,Top order Batter,2024 - 2024,2024,IPL 2024,RR,16,14,3,573,84*,52.09,384,149.21,0,4,40,33,7,0,0,9.00,18,-,-,-,-,0,0,0,"July 06, 2024","October 12, 2024","August 07, 2024","July 06, 2024"
1079434,Riyan Parag,"November 10, 2001, Guwahati, Assam",24y 239d,India,Top order Batter,2024 - 2024,2023,IPL 2023,RR,7,7,1,78,20,13.00,66,118.18,0,0,4,5,1,0,-,-,-,-,-,-,-,-,-,-,"July 06, 2024","October 12, 2024","August 07, 2024","July 06, 2024"
1079434,Riyan Parag,"November 10, 2001, Guwahati, Assam",24y 239d,India,Top order Batter,2024 - 2024,2022,IPL 2022,RR,17,14,3,183,56*,16.63,132,138.63,0,1,11,10,17,0,1,14.75,24,1/12,1/12,59.00,24.0,0,0,0,"July 06, 2024","October 12, 2024","August 07, 2024","July 06, 2024"
1079434,Riyan Parag,"November 10, 2001, Guwahati, Assam",24y 239d,India,Top order Batter,2024 - 2024,2021,IPL 2021,RR,11,10,2,93,25,11.62,83,112.04,0,0,6,4,6,0,1,11.83,37,1/7,1/7,73.00,37.0,0,0,0,"July 06, 2024","October 12, 2024","August 07, 2024","July 06, 2024"
1079434,Riyan Parag,"November 10, 2001, Guwahati, Assam",24y 239d,India,Top order Batter,2024 - 2024,2020/21,IPL 2020/21,RR,12,8,1,86,42*,12.28,77,111.68,0,0,6,3,1,0,0,13.50,12,-,-,-,-,0,0,0,"July 06, 2024","October 12, 2024","August 07, 2024","July 06, 2024"
1079434,Riyan Parag,"November 10, 2001, Guwahati, Assam",24y 239d,India,Top order Batter,2024 - 2024,2019,IPL 2019,RR,7,5,0,160,50,32.00,126,126.98,0,1,17,5,5,0,2,8.64,84,1/10,1/10,60.50,42.0,0,0,0,"July 06, 2024","October 12, 2024","August 07, 2024","July 06, 2024"
211854,Robert John Quiney,"August 20, 1982, Brighton, Victoria",43y 321d,Australia,Batter,2012 - 2012,2009,IPL 2009,RR,7,7,0,103,51,14.71,102,100.98,0,1,12,3,1,0,-,-,-,-,-,-,-,-,-,-,,,,
35582,Robin Venu Uthappa,"November 11, 1985, Coorg, Karnataka",40y 238d,India,Batter,2006 - 2015,2022,IPL 2022,CSK,12,11,0,230,88,20.90,171,134.50,0,2,19,14,5,0,-,-,-,-,-,-,-,-,-,-,"September 13, 2007","July 19, 2015","April 15, 2006","July 14, 2015"
35582,Robin Venu Uthappa,"November 11, 1985, Coorg, Karnataka",40y 238d,India,Batter,2006 - 2015,2021,IPL 2021,CSK,4,4,0,115,63,28.75,84,136.90,0,1,8,5,0,0,-,-,-,-,-,-,-,-,-,-,"September 13, 2007","July 19, 2015","April 15, 2006","July 14, 2015"
35582,Robin Venu Uthappa,"November 11, 1985, Coorg, Karnataka",40y 238d,India,Batter,2006 - 2015,2020/21,IPL 2020/21,RR,12,12,0,196,41,16.33,164,119.51,0,0,19,7,3,0,-,-,-,-,-,-,-,-,-,-,"September 13, 2007","July 19, 2015","April 15, 2006","July 14, 2015"
35582,Robin Venu Uthappa,"November 11, 1985, Coorg, Karnataka",40y 238d,India,Batter,2006 - 2015,2019,IPL 2019,KKR,12,11,2,282,67*,31.33,245,115.10,0,1,28,10,4,0,-,-,-,-,-,-,-,-,-,-,"September 13, 2007","July 19, 2015","April 15, 2006","July 14, 2015"
35582,Robin Venu Uthappa,"November 11, 1985, Coorg, Karnataka",40y 238d,India,Batter,2006 - 2015,2018,IPL 2018,KKR,16,16,0,351,54,21.93,265,132.45,0,1,30,21,5,0,-,-,-,-,-,-,-,-,-,-,"September 13, 2007","July 19, 2015","April 15, 2006","July 14, 2015"
35582,Robin Venu Uthappa,"November 11, 1985, Coorg, Karnataka",40y 238d,India,Batter,2006 - 2015,2017,IPL 2017,KKR,14,13,0,388,87,29.84,235,165.10,0,5,36,21,9,6,-,-,-,-,-,-,-,-,-,-,"September 13, 2007","July 19, 2015","April 15, 2006","July 14, 2015"
35582,Robin Venu Uthappa,"November 11, 1985, Coorg, Karnataka",40y 238d,India,Batter,2006 - 2015,2016,IPL 2016,KKR,15,15,0,394,72,26.26,289,136.33,0,3,45,8,10,4,-,-,-,-,-,-,-,-,-,-,"September 13, 2007","July 19, 2015","April 15, 2006","July 14, 2015"
35582,Robin Venu Uthappa,"November 11, 1985, Coorg, Karnataka",40y 238d,India,Batter,2006 - 2015,2015,IPL 2015,KKR,13,13,1,364,80*,30.33,277,131.40,0,1,42,7,7,5,-,-,-,-,-,-,-,-,-,-,"September 13, 2007","July 19, 2015","April 15, 2006","July 14, 2015"
35582,Robin Venu Uthappa,"November 11, 1985, Coorg, Karnataka",40y 238d,India,Batter,2006 - 2015,2014,IPL 2014,KKR,16,16,1,660,83*,44.00,479,137.78,0,5,74,18,1,7,-,-,-,-,-,-,-,-,-,-,"September 13, 2007","July 19, 2015","April 15, 2006","July 14, 2015"
35582,Robin Venu Uthappa,"November 11, 1985, Coorg, Karnataka",40y 238d,India,Batter,2006 - 2015,2013,IPL 2013,PWI,16,16,0,434,75,27.12,371,116.98,0,2,42,12,7,0,-,-,-,-,-,-,-,-,-,-,"September 13, 2007","July 19, 2015","April 15, 2006","July 14, 2015"
35582,Robin Venu Uthappa,"November 11, 1985, Coorg, Karnataka",40y 238d,India,Batter,2006 - 2015,2012,IPL 2012,PWI,16,16,1,405,69,27.00,343,118.07,0,2,38,10,6,3,-,-,-,-,-,-,-,-,-,-,"September 13, 2007","July 19, 2015","April 15, 2006","July 14, 2015"
35582,Robin Venu Uthappa,"November 11, 1985, Coorg, Karnataka",40y 238d,India,Batter,2006 - 2015,2011,IPL 2011,PWI,14,13,3,264,45,26.40,209,126.31,0,0,27,10,12,3,-,-,-,-,-,-,-,-,-,-,"September 13, 2007","July 19, 2015","April 15, 2006","July 14, 2015"
35582,Robin Venu Uthappa,"November 11, 1985, Coorg, Karnataka",40y 238d,India,Batter,2006 - 2015,2009/10,IPL 2009/10,RCB,16,14,2,374,68*,31.16,218,171.55,0,3,21,27,7,3,-,-,-,-,-,-,-,-,-,-,"September 13, 2007","July 19, 2015","April 15, 2006","July 14, 2015"
35582,Robin Venu Uthappa,"November 11, 1985, Coorg, Karnataka",40y 238d,India,Batter,2006 - 2015,2009,IPL 2009,RCB,15,13,2,175,66*,15.90,170,102.94,0,1,18,3,7,1,-,-,-,-,-,-,-,-,-,-,"September 13, 2007","July 19, 2015","April 15, 2006","July 14, 2015"
35582,Robin Venu Uthappa,"November 11, 1985, Coorg, Karnataka",40y 238d,India,Batter,2006 - 2015,2007/08,IPL 2007/08,MI,14,14,5,320,48,35.55,279,114.69,0,0,34,9,9,0,-,-,-,-,-,-,-,-,-,-,"September 13, 2007","July 19, 2015","April 15, 2006","July 14, 2015"
38699,Luteru Ross Poutoa Lote Taylor,"March 08, 1984, Lower Hutt, Wellington",42y 121d,Samoa,Middle order Batter,2006 - 2025,2014,IPL 2014,DC,4,4,1,59,43*,19.66,59,100.00,0,0,6,0,2,0,-,-,-,-,-,-,-,-,-,-,"December 22, 2006","October 15, 2025","March 01, 2006","April 04, 2022"
38699,Luteru Ross Poutoa Lote Taylor,"March 08, 1984, Lower Hutt, Wellington",42y 121d,Samoa,Middle order Batter,2006 - 2025,2013,IPL 2013,PWI,5,5,0,63,19,12.60,76,82.89,0,0,2,1,2,0,-,-,-,-,-,-,-,-,-,-,"December 22, 2006","October 15, 2025","March 01, 2006","April 04, 2022"
38699,Luteru Ross Poutoa Lote Taylor,"March 08, 1984, Lower Hutt, Wellington",42y 121d,Samoa,Middle order Batter,2006 - 2025,2012,IPL 2012,DC,12,12,2,197,55,19.70,171,115.20,0,1,12,7,3,0,-,-,-,-,-,-,-,-,-,-,"December 22, 2006","October 15, 2025","March 01, 2006","April 04, 2022"
38699,Luteru Ross Poutoa Lote Taylor,"March 08, 1984, Lower Hutt, Wellington",42y 121d,Samoa,Middle order Batter,2006 - 2025,2011,IPL 2011,RR,12,11,6,181,47*,36.20,152,119.07,0,0,11,7,4,0,0,11.00,6,-,-,-,-,0,0,0,"December 22, 2006","October 15, 2025","March 01, 2006","April 04, 2022"
38699,Luteru Ross Poutoa Lote Taylor,"March 08, 1984, Lower Hutt, Wellington",42y 121d,Samoa,Middle order Batter,2006 - 2025,2009/10,IPL 2009/10,RCB,7,7,3,88,31*,22.00,75,117.33,0,0,2,6,4,0,-,-,-,-,-,-,-,-,-,-,"December 22, 2006","October 15, 2025","March 01, 2006","April 04, 2022"
38699,Luteru Ross Poutoa Lote Taylor,"March 08, 1984, Lower Hutt, Wellington",42y 121d,Samoa,Middle order Batter,2006 - 2025,2009,IPL 2009,RCB,11,11,2,280,81*,31.11,208,134.61,0,1,20,15,3,0,0,13.00,6,-,-,-,-,0,0,0,"December 22, 2006","October 15, 2025","March 01, 2006","April 04, 2022"
38699,Luteru Ross Poutoa Lote Taylor,"March 08, 1984, Lower Hutt, Wellington",42y 121d,Samoa,Middle order Batter,2006 - 2025,2007/08,IPL 2007/08,RCB,4,4,0,149,53,37.25,81,183.95,0,1,13,10,0,0,-,-,-,-,-,-,-,-,-,-,"December 22, 2006","October 15, 2025","March 01, 2006","April 04, 2022"
820351,Rovman Powell,"July 23, 1993, Jamaica",32y 349d,West Indies,Middle order Batter,2016 - 2026,2026,IPL 2026,KKR,11,7,2,190,40,38.00,141,134.75,0,0,16,10,6,0,-,-,-,-,-,-,-,-,-,-,"March 26, 2017","June 14, 2026","November 16, 2016","July 27, 2023"
820351,Rovman Powell,"July 23, 1993, Jamaica",32y 349d,West Indies,Middle order Batter,2016 - 2026,2025,IPL 2025,KKR,2,1,0,5,5,5.00,5,100.00,0,0,1,0,1,0,-,-,-,-,-,-,-,-,-,-,"March 26, 2017","June 14, 2026","November 16, 2016","July 27, 2023"
820351,Rovman Powell,"July 23, 1993, Jamaica",32y 349d,West Indies,Middle order Batter,2016 - 2026,2024,IPL 2024,RR,10,7,1,103,27,17.16,68,151.47,0,0,10,6,7,0,-,-,-,-,-,-,-,-,-,-,"March 26, 2017","June 14, 2026","November 16, 2016","July 27, 2023"
820351,Rovman Powell,"July 23, 1993, Jamaica",32y 349d,West Indies,Middle order Batter,2016 - 2026,2023,IPL 2023,DC,3,3,0,7,4,2.33,9,77.77,0,0,1,0,0,0,1,9.00,12,1/18,1/18,18.00,12.0,0,0,0,"March 26, 2017","June 14, 2026","November 16, 2016","July 27, 2023"
820351,Rovman Powell,"July 23, 1993, Jamaica",32y 349d,West Indies,Middle order Batter,2016 - 2026,2022,IPL 2022,DC,14,12,2,250,67*,25.00,167,149.70,0,1,10,22,10,0,0,17.00,6,-,-,-,-,0,0,0,"March 26, 2017","June 14, 2026","November 16, 2016","July 27, 2023"
223642,Juan Theron,"July 24, 1985, Potchefstroom",40y 348d,United States of America,Bowler,2010 - 2022,2015,IPL 2015,RR,1,1,1,1,1*,-,1,100.00,0,0,0,0,0,0,1,10.00,24,1/40,1/40,40.00,24.0,0,0,0,"October 08, 2010","July 17, 2022","October 15, 2010","June 12, 2022"
223642,Juan Theron,"July 24, 1985, Potchefstroom",40y 348d,United States of America,Bowler,2010 - 2022,2012,IPL 2012,DCH,2,1,1,7,7*,-,6,116.66,0,0,1,0,0,0,2,8.25,48,2/37,2/37,33.00,24.0,0,0,0,"October 08, 2010","July 17, 2022","October 15, 2010","June 12, 2022"
223642,Juan Theron,"July 24, 1985, Potchefstroom",40y 348d,United States of America,Bowler,2010 - 2022,2009/10,IPL 2009/10,PBKS,7,2,0,2,2,1.00,5,40.00,0,0,0,0,1,0,6,7.79,144,2/17,2/17,31.16,24.0,0,0,0,"October 08, 2010","July 17, 2022","October 15, 2010","June 12, 2022"
432783,Sachin Baby,"December 18, 1988, Thodupuzha, Kerala",37y 201d,India,Batter,-,2025,IPL 2025,SRH,1,-,-,-,-,-,-,-,-,-,-,-,0,0,-,-,-,-,-,-,-,-,-,-,,,,
432783,Sachin Baby,"December 18, 1988, Thodupuzha, Kerala",37y 201d,India,Batter,-,2021,IPL 2021,RCB,1,1,0,7,7,7.00,17,41.17,0,0,0,0,0,0,-,-,-,-,-,-,-,-,-,-,,,,
432783,Sachin Baby,"December 18, 1988, Thodupuzha, Kerala",37y 201d,India,Batter,-,2017,IPL 2017,RCB,3,3,0,15,12,5.00,15,100.00,0,0,2,0,2,0,-,-,-,-,-,-,-,-,-,-,,,,
432783,Sachin Baby,"December 18, 1988, Thodupuzha, Kerala",37y 201d,India,Batter,-,2016,IPL 2016,RCB,11,6,2,119,33,29.75,79,150.63,0,0,9,5,1,0,2,4.80,10,2/4,2/4,4.00,5.0,0,0,0,,,,
432783,Sachin Baby,"December 18, 1988, Thodupuzha, Kerala",37y 201d,India,Batter,-,2013,IPL 2013,RR,4,1,0,3,3,3.00,7,42.85,0,0,0,0,2,0,-,-,-,-,-,-,-,-,-,-,,,,
51433,Samuel Badree,"March 09, 1981, Barrackpore, Trinidad",45y 120d,West Indies,Bowler,2012 - 2018,2017,IPL 2017,RCB,7,5,0,13,8,2.60,23,56.52,0,0,0,0,2,0,9,7.52,150,4/9,4/9,20.88,16.6,1,0,0,"June 30, 2012","August 05, 2018",,
51433,Samuel Badree,"March 09, 1981, Barrackpore, Trinidad",45y 120d,West Indies,Bowler,2012 - 2018,2014,IPL 2014,CSK,4,-,-,-,-,-,-,-,-,-,-,-,0,0,2,6.92,84,1/19,1/19,48.50,42.0,0,0,0,"June 30, 2012","August 05, 2018",,
51433,Samuel Badree,"March 09, 1981, Barrackpore, Trinidad",45y 120d,West Indies,Bowler,2012 - 2018,2013,IPL 2013,RR,1,-,-,-,-,-,-,-,-,-,-,-,0,0,0,8.50,24,-,-,-,-,0,0,0,"June 30, 2012","August 05, 2018",,
438362,Sandeep Sharma,"May 18, 1993, Patiala, Punjab",33y 50d,India,Bowler,2015 - 2015,2026,IPL 2026,RR,6,-,-,-,-,-,-,-,-,-,-,-,3,0,5,11.38,118,2/26,2/26,44.80,23.6,0,0,0,"July 17, 2015","July 19, 2015",,
438362,Sandeep Sharma,"May 18, 1993, Patiala, Punjab",33y 50d,India,Bowler,2015 - 2015,2025,IPL 2025,RR,10,1,1,6,6*,-,5,120.00,0,0,0,0,1,0,9,9.89,219,2/21,2/21,40.11,24.3,0,0,0,"July 17, 2015","July 19, 2015",,
438362,Sandeep Sharma,"May 18, 1993, Patiala, Punjab",33y 50d,India,Bowler,2015 - 2015,2024,IPL 2024,RR,11,-,-,-,-,-,-,-,-,-,-,-,3,0,13,8.18,228,5/18,5/18,23.92,17.5,0,1,0,"July 17, 2015","July 19, 2015",,
438362,Sandeep Sharma,"May 18, 1993, Patiala, Punjab",33y 50d,India,Bowler,2015 - 2015,2023,IPL 2023,RR,12,2,2,2,2*,-,6,33.33,0,0,0,0,4,0,10,8.60,276,2/25,2/25,39.60,27.6,0,0,0,"July 17, 2015","July 19, 2015",,
438362,Sandeep Sharma,"May 18, 1993, Patiala, Punjab",33y 50d,India,Bowler,2015 - 2015,2022,IPL 2022,PBKS,5,-,-,-,-,-,-,-,-,-,-,-,2,0,2,7.65,120,1/18,1/18,76.50,60.0,0,0,0,"July 17, 2015","July 19, 2015",,
438362,Sandeep Sharma,"May 18, 1993, Patiala, Punjab",33y 50d,India,Bowler,2015 - 2015,2021,IPL 2021,SRH,7,2,1,8,8*,8.00,7,114.28,0,0,1,0,1,0,3,8.63,141,1/20,1/20,67.66,47.0,0,0,0,"July 17, 2015","July 19, 2015",,
438362,Sandeep Sharma,"May 18, 1993, Patiala, Punjab",33y 50d,India,Bowler,2015 - 2015,2020/21,IPL 2020/21,SRH,13,5,3,12,9,6.00,15,80.00,0,0,1,0,0,0,14,7.19,312,3/34,3/34,26.71,22.2,0,0,0,"July 17, 2015","July 19, 2015",,
438362,Sandeep Sharma,"May 18, 1993, Patiala, Punjab",33y 50d,India,Bowler,2015 - 2015,2019,IPL 2019,SRH,11,2,2,6,5*,-,3,200.00,0,0,1,0,1,0,12,8.25,256,3/19,3/19,29.33,21.3,0,0,0,"July 17, 2015","July 19, 2015",,
438362,Sandeep Sharma,"May 18, 1993, Patiala, Punjab",33y 50d,India,Bowler,2015 - 2015,2018,IPL 2018,SRH,12,3,1,0,0*,0.00,4,0.00,0,0,0,0,2,0,12,7.56,264,2/17,2/17,27.75,22.0,0,0,0,"July 17, 2015","July 19, 2015",,
438362,Sandeep Sharma,"May 18, 1993, Patiala, Punjab",33y 50d,India,Bowler,2015 - 2015,2017,IPL 2017,PBKS,13,4,4,7,5*,-,6,116.66,0,0,0,0,3,0,17,8.29,288,4/20,4/20,23.41,16.9,1,0,0,"July 17, 2015","July 19, 2015",,
438362,Sandeep Sharma,"May 18, 1993, Patiala, Punjab",33y 50d,India,Bowler,2015 - 2015,2016,IPL 2016,PBKS,14,4,4,8,5*,-,9,88.88,0,0,0,0,2,0,15,7.32,300,2/11,2/11,24.40,20.0,0,0,0,"July 17, 2015","July 19, 2015",,
438362,Sandeep Sharma,"May 18, 1993, Patiala, Punjab",33y 50d,India,Bowler,2015 - 2015,2015,IPL 2015,PBKS,14,3,2,9,7,9.00,14,64.28,0,0,1,0,2,0,13,7.00,300,4/25,4/25,26.92,23.0,1,0,0,"July 17, 2015","July 19, 2015",,
438362,Sandeep Sharma,"May 18, 1993, Patiala, Punjab",33y 50d,India,Bowler,2015 - 2015,2014,IPL 2014,PBKS,11,1,1,2,2*,-,5,40.00,0,0,0,0,1,0,18,8.81,241,3/15,3/15,19.66,13.3,0,0,0,"July 17, 2015","July 19, 2015",,
438362,Sandeep Sharma,"May 18, 1993, Patiala, Punjab",33y 50d,India,Bowler,2015 - 2015,2013,IPL 2013,PBKS,4,1,1,0,0*,-,1,0.00,0,0,0,0,0,0,8,7.43,96,3/21,3/21,14.87,12.0,0,0,0,"July 17, 2015","July 19, 2015",,
425943,Sanju Viswanath Samson,"November 11, 1994, Pulluvila, Vizhinjam, Trivandrum",31y 238d,India,Wicketkeeper Batter,2014 - 2026,2026,IPL 2026,CSK,14,14,3,477,115*,43.36,288,165.62,2,1,53,24,4,2,-,-,-,-,-,-,-,-,-,-,"July 19, 2015","July 01, 2026","July 23, 2021","December 21, 2023"
425943,Sanju Viswanath Samson,"November 11, 1994, Pulluvila, Vizhinjam, Trivandrum",31y 238d,India,Wicketkeeper Batter,2014 - 2026,2025,IPL 2025,RR,9,9,1,285,66,35.62,203,140.39,0,1,27,13,4,1,-,-,-,-,-,-,-,-,-,-,"July 19, 2015","July 01, 2026","July 23, 2021","December 21, 2023"
425943,Sanju Viswanath Samson,"November 11, 1994, Pulluvila, Vizhinjam, Trivandrum",31y 238d,India,Wicketkeeper Batter,2014 - 2026,2024,IPL 2024,RR,16,15,4,531,86,48.27,346,153.46,0,5,48,24,6,1,-,-,-,-,-,-,-,-,-,-,"July 19, 2015","July 01, 2026","July 23, 2021","December 21, 2023"
425943,Sanju Viswanath Samson,"November 11, 1994, Pulluvila, Vizhinjam, Trivandrum",31y 238d,India,Wicketkeeper Batter,2014 - 2026,2023,IPL 2023,RR,14,14,2,362,66*,30.16,236,153.38,0,3,25,24,3,3,-,-,-,-,-,-,-,-,-,-,"July 19, 2015","July 01, 2026","July 23, 2021","December 21, 2023"
425943,Sanju Viswanath Samson,"November 11, 1994, Pulluvila, Vizhinjam, Trivandrum",31y 238d,India,Wicketkeeper Batter,2014 - 2026,2022,IPL 2022,RR,17,17,1,458,55,28.62,312,146.79,0,2,43,26,14,2,-,-,-,-,-,-,-,-,-,-,"July 19, 2015","July 01, 2026","July 23, 2021","December 21, 2023"
425943,Sanju Viswanath Samson,"November 11, 1994, Pulluvila, Vizhinjam, Trivandrum",31y 238d,India,Wicketkeeper Batter,2014 - 2026,2021,IPL 2021,RR,14,14,2,484,119,40.33,354,136.72,1,2,45,17,7,4,-,-,-,-,-,-,-,-,-,-,"July 19, 2015","July 01, 2026","July 23, 2021","December 21, 2023"
425943,Sanju Viswanath Samson,"November 11, 1994, Pulluvila, Vizhinjam, Trivandrum",31y 238d,India,Wicketkeeper Batter,2014 - 2026,2020/21,IPL 2020/21,RR,14,14,1,375,85,28.84,236,158.89,0,3,21,26,9,2,-,-,-,-,-,-,-,-,-,-,"July 19, 2015","July 01, 2026","July 23, 2021","December 21, 2023"
425943,Sanju Viswanath Samson,"November 11, 1994, Pulluvila, Vizhinjam, Trivandrum",31y 238d,India,Wicketkeeper Batter,2014 - 2026,2019,IPL 2019,RR,12,12,2,342,102*,34.20,230,148.69,1,0,28,13,4,1,-,-,-,-,-,-,-,-,-,-,"July 19, 2015","July 01, 2026","July 23, 2021","December 21, 2023"
425943,Sanju Viswanath Samson,"November 11, 1994, Pulluvila, Vizhinjam, Trivandrum",31y 238d,India,Wicketkeeper Batter,2014 - 2026,2018,IPL 2018,RR,15,15,1,441,92*,31.50,320,137.81,0,3,30,19,5,0,-,-,-,-,-,-,-,-,-,-,"July 19, 2015","July 01, 2026","July 23, 2021","December 21, 2023"
425943,Sanju Viswanath Samson,"November 11, 1994, Pulluvila, Vizhinjam, Trivandrum",31y 238d,India,Wicketkeeper Batter,2014 - 2026,2017,IPL 2017,DC,14,14,0,386,102,27.57,273,141.39,1,2,32,19,4,0,-,-,-,-,-,-,-,-,-,-,"July 19, 2015","July 01, 2026","July 23, 2021","December 21, 2023"
425943,Sanju Viswanath Samson,"November 11, 1994, Pulluvila, Vizhinjam, Trivandrum",31y 238d,India,Wicketkeeper Batter,2014 - 2026,2016,IPL 2016,DC,14,14,3,291,60,26.45,259,112.35,0,1,20,8,3,1,-,-,-,-,-,-,-,-,-,-,"July 19, 2015","July 01, 2026","July 23, 2021","December 21, 2023"
425943,Sanju Viswanath Samson,"November 11, 1994, Pulluvila, Vizhinjam, Trivandrum",31y 238d,India,Wicketkeeper Batter,2014 - 2026,2015,IPL 2015,RR,14,11,1,204,76,20.40,163,125.15,0,1,16,8,9,0,-,-,-,-,-,-,-,-,-,-,"July 19, 2015","July 01, 2026","July 23, 2021","December 21, 2023"
425943,Sanju Viswanath Samson,"November 11, 1994, Pulluvila, Vizhinjam, Trivandrum",31y 238d,India,Wicketkeeper Batter,2014 - 2026,2014,IPL 2014,RR,13,13,0,339,74,26.07,273,124.17,0,2,25,17,5,2,-,-,-,-,-,-,-,-,-,-,"July 19, 2015","July 01, 2026","July 23, 2021","December 21, 2023"
425943,Sanju Viswanath Samson,"November 11, 1994, Pulluvila, Vizhinjam, Trivandrum",31y 238d,India,Wicketkeeper Batter,2014 - 2026,2013,IPL 2013,RR,11,10,2,206,63,25.75,178,115.73,0,1,19,5,13,0,-,-,-,-,-,-,-,-,-,-,"July 19, 2015","July 01, 2026","July 23, 2021","December 21, 2023"
5605,Shane Michael Harwood,"March 01, 1974, Ballarat, Victoria",52y 128d,Australia,Bowler,2007 - 2009,2009,IPL 2009,RR,3,2,2,9,6*,-,14,64.28,0,0,0,0,2,0,3,7.30,60,2/25,2/25,24.33,20.0,0,0,0,"January 09, 2007","March 29, 2009","April 13, 2009","January 09, 2007"
8166,Shane Keith Warne,"September 13, 1969, Ferntree Gully, Victoria",,Australia,Bowler,1992 - 2007,2011,IPL 2011,RR,13,4,2,10,5*,5.00,20,50.00,0,0,1,0,2,0,13,6.31,282,3/16,3/16,22.84,21.6,0,0,0,,,"March 24, 1993","January 10, 2005"
8166,Shane Keith Warne,"September 13, 1969, Ferntree Gully, Victoria",,Australia,Bowler,1992 - 2007,2009/10,IPL 2009/10,RR,14,7,2,10,4,2.00,19,52.63,0,0,0,0,2,0,11,7.62,300,4/21,4/21,34.63,27.2,1,0,0,,,"March 24, 1993","January 10, 2005"
8166,Shane Keith Warne,"September 13, 1969, Ferntree Gully, Victoria",,Australia,Bowler,1992 - 2007,2009,IPL 2009,RR,13,11,3,108,34*,13.50,116,93.10,0,0,6,4,6,0,14,7.30,300,3/24,3/24,26.07,21.4,0,0,0,,,"March 24, 1993","January 10, 2005"
8166,Shane Keith Warne,"September 13, 1969, Ferntree Gully, Victoria",,Australia,Bowler,1992 - 2007,2007/08,IPL 2007/08,RR,15,7,2,70,22*,14.00,59,118.64,0,0,7,2,6,0,19,7.76,312,3/19,3/19,21.26,16.4,0,0,0,,,"March 24, 1993","January 10, 2005"
8180,Shane Robert Watson,"June 17, 1981, Ipswich, Queensland",45y 20d,Australia,Allrounder,2002 - 2016,2020/21,IPL 2020/21,CSK,11,11,1,299,83*,29.90,247,121.05,0,2,33,13,2,0,-,-,-,-,-,-,-,-,-,-,"February 24, 2006","March 27, 2016","March 24, 2002","September 05, 2015"
8180,Shane Robert Watson,"June 17, 1981, Ipswich, Queensland",45y 20d,Australia,Allrounder,2002 - 2016,2019,IPL 2019,CSK,17,17,0,398,96,23.41,312,127.56,0,3,42,20,6,0,-,-,-,-,-,-,-,-,-,-,"February 24, 2006","March 27, 2016","March 24, 2002","September 05, 2015"
8180,Shane Robert Watson,"June 17, 1981, Ipswich, Queensland",45y 20d,Australia,Allrounder,2002 - 2016,2018,IPL 2018,CSK,15,15,1,555,117*,39.64,359,154.59,2,2,44,35,3,0,6,8.96,168,2/29,2/29,41.83,28.0,0,0,0,"February 24, 2006","March 27, 2016","March 24, 2002","September 05, 2015"
8180,Shane Robert Watson,"June 17, 1981, Ipswich, Queensland",45y 20d,Australia,Allrounder,2002 - 2016,2017,IPL 2017,RCB,8,7,1,71,24,11.83,78,91.02,0,0,6,1,2,0,5,9.13,161,1/16,1/16,49.00,32.2,0,0,0,"February 24, 2006","March 27, 2016","March 24, 2002","September 05, 2015"
8180,Shane Robert Watson,"June 17, 1981, Ipswich, Queensland",45y 20d,Australia,Allrounder,2002 - 2016,2016,IPL 2016,RCB,16,15,2,179,36,13.76,134,133.58,0,0,14,12,6,0,20,8.58,339,4/29,4/29,24.25,16.9,1,0,0,"February 24, 2006","March 27, 2016","March 24, 2002","September 05, 2015"
8180,Shane Robert Watson,"June 17, 1981, Ipswich, Queensland",45y 20d,Australia,Allrounder,2002 - 2016,2015,IPL 2015,RR,10,9,1,347,104*,43.37,257,135.01,1,1,37,14,1,0,6,9.27,174,2/36,2/36,44.83,29.0,0,0,0,"February 24, 2006","March 27, 2016","March 24, 2002","September 05, 2015"
8180,Shane Robert Watson,"June 17, 1981, Ipswich, Queensland",45y 20d,Australia,Allrounder,2002 - 2016,2014,IPL 2014,RR,13,13,1,240,51,20.00,196,122.44,0,2,19,14,3,0,7,7.85,126,3/13,3/13,23.57,18.0,0,0,0,"February 24, 2006","March 27, 2016","March 24, 2002","September 05, 2015"
8180,Shane Robert Watson,"June 17, 1981, Ipswich, Queensland",45y 20d,Australia,Allrounder,2002 - 2016,2013,IPL 2013,RR,16,16,2,543,101,38.78,380,142.89,1,2,59,22,6,0,13,7.15,250,3/22,3/22,22.92,19.2,0,0,0,"February 24, 2006","March 27, 2016","March 24, 2002","September 05, 2015"
8180,Shane Robert Watson,"June 17, 1981, Ipswich, Queensland",45y 20d,Australia,Allrounder,2002 - 2016,2012,IPL 2012,RR,7,7,1,255,90*,42.50,168,151.78,0,2,26,14,2,0,6,7.00,138,2/19,2/19,26.83,23.0,0,0,0,"February 24, 2006","March 27, 2016","March 24, 2002","September 05, 2015"
8180,Shane Robert Watson,"June 17, 1981, Ipswich, Queensland",45y 20d,Australia,Allrounder,2002 - 2016,2011,IPL 2011,RR,11,11,1,330,89*,33.00,253,130.43,0,1,31,17,4,0,6,6.69,216,3/19,3/19,40.16,36.0,0,0,0,"February 24, 2006","March 27, 2016","March 24, 2002","September 05, 2015"
8180,Shane Robert Watson,"June 17, 1981, Ipswich, Queensland",45y 20d,Australia,Allrounder,2002 - 2016,2009/10,IPL 2009/10,RR,6,5,0,185,60,37.00,114,162.28,0,2,18,9,3,0,6,8.36,132,3/37,3/37,30.66,22.0,0,0,0,"February 24, 2006","March 27, 2016","March 24, 2002","September 05, 2015"
8180,Shane Robert Watson,"June 17, 1981, Ipswich, Queensland",45y 20d,Australia,Allrounder,2002 - 2016,2007/08,IPL 2007/08,RR,15,15,5,472,76*,47.20,311,151.76,0,4,46,19,2,0,17,7.07,325,3/10,3/10,22.52,19.1,0,0,0,"February 24, 2006","March 27, 2016","March 24, 2002","September 05, 2015"
8076,Shaun William Tait,"February 22, 1983, Bedford Park, Adelaide, South Australia",43y 135d,Australia,Bowler,2005 - 2016,2013,IPL 2013,RR,3,1,0,1,1,1.00,3,33.33,0,0,0,0,0,0,1,9.80,60,1/29,1/29,98.00,60.0,0,0,0,"December 11, 2007","January 31, 2016","February 02, 2007","March 24, 2011"
8076,Shaun William Tait,"February 22, 1983, Bedford Park, Adelaide, South Australia",43y 135d,Australia,Bowler,2005 - 2016,2012,IPL 2012,RR,6,-,-,-,-,-,-,-,-,-,-,-,1,0,6,6.61,137,3/13,3/13,25.16,22.8,0,0,0,"December 11, 2007","January 31, 2016","February 02, 2007","March 24, 2011"
8076,Shaun William Tait,"February 22, 1983, Bedford Park, Adelaide, South Australia",43y 135d,Australia,Bowler,2005 - 2016,2011,IPL 2011,RR,4,2,1,10,10*,10.00,10,100.00,0,0,1,0,3,0,6,8.49,89,3/22,3/22,21.00,14.8,0,0,0,"December 11, 2007","January 31, 2016","February 02, 2007","March 24, 2011"
8076,Shaun William Tait,"February 22, 1983, Bedford Park, Adelaide, South Australia",43y 135d,Australia,Bowler,2005 - 2016,2009/10,IPL 2009/10,RR,8,2,1,12,11,12.00,13,92.30,0,0,0,1,2,0,10,8.34,187,3/22,3/22,26.00,18.7,0,0,0,"December 11, 2007","January 31, 2016","February 02, 2007","March 24, 2011"
670025,Shimron Odilon Hetmyer,"December 26, 1996, Cumberland, Berbice, Guyana",29y 193d,West Indies,Middle order Batter,2017 - 2026,2026,IPL 2026,RR,8,7,1,78,22,13.00,69,113.04,0,0,5,3,5,0,-,-,-,-,-,-,-,-,-,-,"January 01, 2018","June 14, 2026","December 20, 2017","June 01, 2025"
670025,Shimron Odilon Hetmyer,"December 26, 1996, Cumberland, Berbice, Guyana",29y 193d,West Indies,Middle order Batter,2017 - 2026,2025,IPL 2025,RR,14,13,2,239,52,21.72,164,145.73,0,1,17,11,13,0,-,-,-,-,-,-,-,-,-,-,"January 01, 2018","June 14, 2026","December 20, 2017","June 01, 2025"
670025,Shimron Odilon Hetmyer,"December 26, 1996, Cumberland, Berbice, Guyana",29y 193d,West Indies,Middle order Batter,2017 - 2026,2024,IPL 2024,RR,12,9,4,113,27*,22.60,69,163.76,0,0,9,7,4,0,-,-,-,-,-,-,-,-,-,-,"January 01, 2018","June 14, 2026","December 20, 2017","June 01, 2025"
670025,Shimron Odilon Hetmyer,"December 26, 1996, Cumberland, Berbice, Guyana",29y 193d,West Indies,Middle order Batter,2017 - 2026,2023,IPL 2023,RR,14,13,5,299,56*,37.37,197,151.77,0,1,12,23,11,0,-,-,-,-,-,-,-,-,-,-,"January 01, 2018","June 14, 2026","December 20, 2017","June 01, 2025"
670025,Shimron Odilon Hetmyer,"December 26, 1996, Cumberland, Berbice, Guyana",29y 193d,West Indies,Middle order Batter,2017 - 2026,2022,IPL 2022,RR,15,15,8,314,59*,44.85,204,153.92,0,1,21,21,3,0,-,-,-,-,-,-,-,-,-,-,"January 01, 2018","June 14, 2026","December 20, 2017","June 01, 2025"
670025,Shimron Odilon Hetmyer,"December 26, 1996, Cumberland, Berbice, Guyana",29y 193d,West Indies,Middle order Batter,2017 - 2026,2021,IPL 2021,DC,14,13,6,242,53*,34.57,144,168.05,0,1,19,12,4,0,-,-,-,-,-,-,-,-,-,-,"January 01, 2018","June 14, 2026","December 20, 2017","June 01, 2025"
670025,Shimron Odilon Hetmyer,"December 26, 1996, Cumberland, Berbice, Guyana",29y 193d,West Indies,Middle order Batter,2017 - 2026,2020/21,IPL 2020/21,DC,12,11,3,185,45,23.12,125,148.00,0,0,11,12,7,0,-,-,-,-,-,-,-,-,-,-,"January 01, 2018","June 14, 2026","December 20, 2017","June 01, 2025"
670025,Shimron Odilon Hetmyer,"December 26, 1996, Cumberland, Berbice, Guyana",29y 193d,West Indies,Middle order Batter,2017 - 2026,2019,IPL 2019,RCB,5,5,0,90,75,18.00,73,123.28,0,1,4,7,3,0,-,-,-,-,-,-,-,-,-,-,"January 01, 2018","June 14, 2026","December 20, 2017","June 01, 2025"
714451,Shivam Dube,"June 26, 1993, Mumbai",33y 11d,India,Allrounder,2019 - 2026,2026,IPL 2026,CSK,13,12,5,270,47,38.57,170,158.82,0,0,24,15,4,0,1,12.80,30,1/30,1/30,64.00,30.0,0,0,0,"November 03, 2019","July 04, 2026","December 15, 2019","August 07, 2024"
714451,Shivam Dube,"June 26, 1993, Mumbai",33y 11d,India,Allrounder,2019 - 2026,2025,IPL 2025,CSK,14,14,3,357,50,32.45,270,132.22,0,1,22,21,4,0,0,16.50,12,-,-,-,-,0,0,0,"November 03, 2019","July 04, 2026","December 15, 2019","August 07, 2024"
714451,Shivam Dube,"June 26, 1993, Mumbai",33y 11d,India,Allrounder,2019 - 2026,2024,IPL 2024,CSK,14,14,3,396,66*,36.00,244,162.29,0,3,28,28,2,0,1,14.00,6,1/14,1/14,14.00,6.0,0,0,0,"November 03, 2019","July 04, 2026","December 15, 2019","August 07, 2024"
714451,Shivam Dube,"June 26, 1993, Mumbai",33y 11d,India,Allrounder,2019 - 2026,2023,IPL 2023,CSK,16,14,3,418,52,38.00,264,158.33,0,3,12,35,6,0,-,-,-,-,-,-,-,-,-,-,"November 03, 2019","July 04, 2026","December 15, 2019","August 07, 2024"
714451,Shivam Dube,"June 26, 1993, Mumbai",33y 11d,India,Allrounder,2019 - 2026,2022,IPL 2022,CSK,11,11,1,289,95*,28.90,185,156.21,0,2,22,16,6,0,0,18.00,12,-,-,-,-,0,0,0,"November 03, 2019","July 04, 2026","December 15, 2019","August 07, 2024"
714451,Shivam Dube,"June 26, 1993, Mumbai",33y 11d,India,Allrounder,2019 - 2026,2021,IPL 2021,RR,9,9,1,230,64*,28.75,193,119.17,0,1,18,10,2,0,0,9.80,30,-,-,-,-,0,0,0,"November 03, 2019","July 04, 2026","December 15, 2019","August 07, 2024"
714451,Shivam Dube,"June 26, 1993, Mumbai",33y 11d,India,Allrounder,2019 - 2026,2020/21,IPL 2020/21,RCB,11,9,2,129,27*,18.42,105,122.85,0,0,5,9,2,0,4,8.11,54,2/15,2/15,18.25,13.5,0,0,0,"November 03, 2019","July 04, 2026","December 15, 2019","August 07, 2024"
714451,Shivam Dube,"June 26, 1993, Mumbai",33y 11d,India,Allrounder,2019 - 2026,2019,IPL 2019,RCB,4,4,1,40,24,13.33,33,121.21,0,0,1,3,1,0,0,4.80,10,-,-,-,-,0,0,0,"November 03, 2019","July 04, 2026","December 15, 2019","August 07, 2024"
302579,Shreevats Pratyush Goswami,"May 18, 1989, Calcutta (now Kolkata), Bengal",37y 50d,India,Wicketkeeper Batter,-,2020/21,IPL 2020/21,SRH,2,2,0,0,0,0.00,4,0.00,0,0,0,0,1,0,-,-,-,-,-,-,-,-,-,-,,,,
302579,Shreevats Pratyush Goswami,"May 18, 1989, Calcutta (now Kolkata), Bengal",37y 50d,India,Wicketkeeper Batter,-,2018,IPL 2018,SRH,6,3,0,52,35,17.33,40,130.00,0,0,6,1,5,0,-,-,-,-,-,-,-,-,-,-,,,,
302579,Shreevats Pratyush Goswami,"May 18, 1989, Calcutta (now Kolkata), Bengal",37y 50d,India,Wicketkeeper Batter,-,2012,IPL 2012,RR,11,6,1,69,24,13.80,67,102.98,0,0,4,1,4,4,-,-,-,-,-,-,-,-,-,-,,,,
302579,Shreevats Pratyush Goswami,"May 18, 1989, Calcutta (now Kolkata), Bengal",37y 50d,India,Wicketkeeper Batter,-,2011,IPL 2011,KKR,5,4,0,29,22,7.25,29,100.00,0,0,5,0,4,1,-,-,-,-,-,-,-,-,-,-,,,,
302579,Shreevats Pratyush Goswami,"May 18, 1989, Calcutta (now Kolkata), Bengal",37y 50d,India,Wicketkeeper Batter,-,2009/10,IPL 2009/10,RCB,1,1,0,8,8,8.00,10,80.00,0,0,2,0,0,0,-,-,-,-,-,-,-,-,-,-,,,,
302579,Shreevats Pratyush Goswami,"May 18, 1989, Calcutta (now Kolkata), Bengal",37y 50d,India,Wicketkeeper Batter,-,2009,IPL 2009,RCB,2,2,0,53,43,26.50,60,88.33,0,0,6,0,1,0,-,-,-,-,-,-,-,-,-,-,,,,
302579,Shreevats Pratyush Goswami,"May 18, 1989, Calcutta (now Kolkata), Bengal",37y 50d,India,Wicketkeeper Batter,-,2007/08,IPL 2007/08,RCB,4,3,0,82,52,27.33,85,96.47,0,1,9,1,2,2,-,-,-,-,-,-,-,-,-,-,,,,
344580,Shreyas Gopal,"September 04, 1993, Banglaore, Karnataka",32y 306d,India,Bowler,-,2024,IPL 2024,MI,3,-,-,-,-,-,-,-,-,-,-,-,1,0,3,9.57,42,1/9,1/9,22.33,14.0,0,0,0,,,,
344580,Shreyas Gopal,"September 04, 1993, Banglaore, Karnataka",32y 306d,India,Bowler,-,2022,IPL 2022,SRH,1,1,1,9,9*,-,7,128.57,0,0,2,0,0,0,1,11.33,18,1/34,1/34,34.00,18.0,0,0,0,,,,
344580,Shreyas Gopal,"September 04, 1993, Banglaore, Karnataka",32y 306d,India,Bowler,-,2021,IPL 2021,RR,3,2,1,7,7*,7.00,5,140.00,0,0,0,1,0,0,0,12.00,42,-,-,-,-,0,0,0,,,,
344580,Shreyas Gopal,"September 04, 1993, Banglaore, Karnataka",32y 306d,India,Bowler,-,2020/21,IPL 2020/21,RR,14,5,1,37,23*,9.25,39,94.87,0,0,3,0,2,0,10,8.54,300,2/28,2/28,42.70,30.0,0,0,0,,,,
344580,Shreyas Gopal,"September 04, 1993, Banglaore, Karnataka",32y 306d,India,Bowler,-,2019,IPL 2019,RR,14,7,3,63,19*,15.75,46,136.95,0,0,8,1,5,0,20,7.22,288,3/12,3/12,17.35,14.4,0,0,0,,,,
344580,Shreyas Gopal,"September 04, 1993, Banglaore, Karnataka",32y 306d,India,Bowler,-,2018,IPL 2018,RR,11,4,1,50,24,16.66,45,111.11,0,0,5,0,3,0,11,7.61,186,4/16,4/16,21.45,16.9,1,0,0,,,,
344580,Shreyas Gopal,"September 04, 1993, Banglaore, Karnataka",32y 306d,India,Bowler,-,2016,IPL 2016,MI,1,1,0,2,2,2.00,16,12.50,0,0,0,0,0,0,0,6.00,18,-,-,-,-,0,0,0,,,,
344580,Shreyas Gopal,"September 04, 1993, Banglaore, Karnataka",32y 306d,India,Bowler,-,2015,IPL 2015,MI,1,1,1,1,1*,-,1,100.00,0,0,0,0,0,0,1,10.61,13,1/23,1/23,23.00,13.0,0,0,0,,,,
344580,Shreyas Gopal,"September 04, 1993, Banglaore, Karnataka",32y 306d,India,Bowler,-,2014,IPL 2014,MI,4,1,0,11,11,11.00,10,110.00,0,0,1,0,1,0,6,8.07,84,2/25,2/25,18.83,14.0,0,0,0,,,,
279552,Shrikant Bhaskar Wagh,"October 09, 1988, Chikhli",37y 271d,India,Allrounder,-,2011,IPL 2011,PWI,7,2,0,2,2,1.00,3,66.66,0,0,0,0,1,0,4,7.56,96,3/16,3/16,30.25,24.0,0,0,0,,,,
279552,Shrikant Bhaskar Wagh,"October 09, 1988, Chikhli",37y 271d,India,Allrounder,-,2009/10,IPL 2009/10,RR,1,-,-,-,-,-,-,-,-,-,-,-,0,0,1,16.00,6,1/16,1/16,16.00,6.0,0,0,0,,,,
1252585,Shubham Badriprasad Dubey,"August 27, 1994, Yavatmal",31y 314d,India,Middle order Batter,-,2026,IPL 2026,RR,7,6,2,81,31*,20.25,58,139.65,0,0,8,3,0,0,-,-,-,-,-,-,-,-,-,-,,,,
1252585,Shubham Badriprasad Dubey,"August 27, 1994, Yavatmal",31y 314d,India,Middle order Batter,-,2025,IPL 2025,RR,9,8,4,106,34*,26.50,66,160.60,0,0,6,8,1,0,-,-,-,-,-,-,-,-,-,-,,,,
1252585,Shubham Badriprasad Dubey,"August 27, 1994, Yavatmal",31y 314d,India,Middle order Batter,-,2024,IPL 2024,RR,4,3,1,33,25,16.50,19,173.68,0,0,3,2,0,0,-,-,-,-,-,-,-,-,-,-,,,,
337916,Siddharth Dilip Chitnis,"May 06, 1987, Bombay (now Mumbai), Maharashtra",39y 62d,India,Batter,-,2012,IPL 2012,PBKS,6,4,1,66,38,22.00,62,106.45,0,0,7,1,1,0,-,-,-,-,-,-,-,-,-,-,,,,
337916,Siddharth Dilip Chitnis,"May 06, 1987, Bombay (now Mumbai), Maharashtra",39y 62d,India,Batter,-,2011,IPL 2011,PBKS,1,1,0,9,9,9.00,9,100.00,0,0,1,0,0,0,-,-,-,-,-,-,-,-,-,-,,,,
337916,Siddharth Dilip Chitnis,"May 06, 1987, Bombay (now Mumbai), Maharashtra",39y 62d,India,Batter,-,2009,IPL 2009,RR,1,1,0,6,6,6.00,8,75.00,0,0,1,0,0,0,-,-,-,-,-,-,-,-,-,-,,,,
337916,Siddharth Dilip Chitnis,"May 06, 1987, Bombay (now Mumbai), Maharashtra",39y 62d,India,Batter,-,2007/08,IPL 2007/08,MI,3,2,0,18,15,9.00,10,180.00,0,0,1,1,1,0,2,10.00,36,2/40,2/40,30.00,18.0,0,0,0,,,,
35353,Siddharth Kishorkumar Trivedi,"September 04, 1982, Ahmedabad, Gujarat",43y 306d,India,Bowler,-,2013,IPL 2013,RR,17,2,1,3,3,3.00,7,42.85,0,0,0,0,4,0,12,6.85,359,3/23,3/23,34.16,29.9,0,0,0,,,,
35353,Siddharth Kishorkumar Trivedi,"September 04, 1982, Ahmedabad, Gujarat",43y 306d,India,Bowler,-,2012,IPL 2012,RR,14,1,1,5,5*,-,6,83.33,0,0,0,0,4,0,13,7.30,312,4/25,4/25,29.23,24.0,1,0,0,,,,
35353,Siddharth Kishorkumar Trivedi,"September 04, 1982, Ahmedabad, Gujarat",43y 306d,India,Bowler,-,2011,IPL 2011,RR,12,2,1,0,0*,0.00,2,0.00,0,0,0,0,0,0,10,8.49,214,3/15,3/15,30.30,21.4,0,0,0,,,,
35353,Siddharth Kishorkumar Trivedi,"September 04, 1982, Ahmedabad, Gujarat",43y 306d,India,Bowler,-,2009/10,IPL 2009/10,RR,11,4,2,20,9,10.00,14,142.85,0,0,3,1,1,0,11,7.32,213,3/16,3/16,23.63,19.3,0,0,0,,,,
35353,Siddharth Kishorkumar Trivedi,"September 04, 1982, Ahmedabad, Gujarat",43y 306d,India,Bowler,-,2009,IPL 2009,RR,7,3,1,9,6*,4.50,18,50.00,0,0,0,0,2,0,6,7.60,120,2/19,2/19,25.33,20.0,0,0,0,,,,
35353,Siddharth Kishorkumar Trivedi,"September 04, 1982, Ahmedabad, Gujarat",43y 306d,India,Bowler,-,2007/08,IPL 2007/08,RR,15,3,2,5,3*,5.00,12,41.66,0,0,0,0,3,0,13,8.31,288,2/25,2/25,30.69,22.1,0,0,0,,,,
43265,Sohail Tanvir,"December 12, 1984, Rawalpindi, Punjab",41y 207d,Pakistan,Bowler,2007 - 2017,2007/08,IPL 2007/08,RR,11,5,2,36,13,12.00,29,124.13,0,0,3,1,4,0,22,6.46,247,6/14,6/14,12.09,11.2,1,1,0,"September 14, 2007","April 01, 2017","October 18, 2007","December 17, 2014"
34274,Shanthakumaran Sreesanth,"February 06, 1983, Kothamangalam, Kerala",43y 151d,India,Bowler,2005 - 2011,2013,IPL 2013,RR,7,3,2,1,1*,1.00,4,25.00,0,0,0,0,0,0,5,7.52,130,2/20,2/20,32.60,26.0,0,0,0,"December 01, 2006","February 01, 2008","October 25, 2005","April 02, 2011"
34274,Shanthakumaran Sreesanth,"February 06, 1983, Kothamangalam, Kerala",43y 151d,India,Bowler,2005 - 2011,2011,IPL 2011,Kochi,9,3,1,1,1,0.50,9,11.11,0,0,0,0,1,0,7,6.47,191,2/10,2/10,29.42,27.2,0,0,0,"December 01, 2006","February 01, 2008","October 25, 2005","April 02, 2011"
34274,Shanthakumaran Sreesanth,"February 06, 1983, Kothamangalam, Kerala",43y 151d,India,Bowler,2005 - 2011,2009/10,IPL 2009/10,PBKS,6,3,3,27,15*,-,21,128.57,0,0,5,0,0,0,3,9.84,114,2/24,2/24,62.33,38.0,0,0,0,"December 01, 2006","February 01, 2008","October 25, 2005","April 02, 2011"
34274,Shanthakumaran Sreesanth,"February 06, 1983, Kothamangalam, Kerala",43y 151d,India,Bowler,2005 - 2011,2009,IPL 2009,PBKS,7,2,2,5,4*,-,18,27.77,0,0,1,0,0,0,6,8.34,138,2/20,2/20,32.00,23.0,0,0,0,"December 01, 2006","February 01, 2008","October 25, 2005","April 02, 2011"
34274,Shanthakumaran Sreesanth,"February 06, 1983, Kothamangalam, Kerala",43y 151d,India,Bowler,2005 - 2011,2007/08,IPL 2007/08,PBKS,15,3,2,0,0*,0.00,3,0.00,0,0,0,0,2,0,19,8.63,307,3/29,3/29,23.26,16.1,0,0,0,"December 01, 2006","February 01, 2008","October 25, 2005","April 02, 2011"
267192,Steven Peter Devereux Smith,"June 02, 1989, Sydney, New South Wales",37y 35d,Australia,Top order Batter,2010 - 2026,2021,IPL 2021,DC,8,7,1,152,39,25.33,135,112.59,0,0,13,2,9,0,-,-,-,-,-,-,-,-,-,-,"February 05, 2010","February 25, 2024","February 19, 2010","March 04, 2025"
267192,Steven Peter Devereux Smith,"June 02, 1989, Sydney, New South Wales",37y 35d,Australia,Top order Batter,2010 - 2026,2020/21,IPL 2020/21,RR,14,14,2,311,69,25.91,237,131.22,0,3,32,9,2,0,-,-,-,-,-,-,-,-,-,-,"February 05, 2010","February 25, 2024","February 19, 2010","March 04, 2025"
267192,Steven Peter Devereux Smith,"June 02, 1989, Sydney, New South Wales",37y 35d,Australia,Top order Batter,2010 - 2026,2019,IPL 2019,RR,12,10,2,319,73*,39.87,275,115.99,0,3,30,4,3,0,-,-,-,-,-,-,-,-,-,-,"February 05, 2010","February 25, 2024","February 19, 2010","March 04, 2025"
267192,Steven Peter Devereux Smith,"June 02, 1989, Sydney, New South Wales",37y 35d,Australia,Top order Batter,2010 - 2026,2017,IPL 2017,RPS,15,15,3,472,84*,39.33,387,121.96,0,3,38,12,7,0,-,-,-,-,-,-,-,-,-,-,"February 05, 2010","February 25, 2024","February 19, 2010","March 04, 2025"
267192,Steven Peter Devereux Smith,"June 02, 1989, Sydney, New South Wales",37y 35d,Australia,Top order Batter,2010 - 2026,2016,IPL 2016,RPS,8,7,1,270,101,45.00,176,153.40,1,0,27,8,2,0,-,-,-,-,-,-,-,-,-,-,"February 05, 2010","February 25, 2024","February 19, 2010","March 04, 2025"
267192,Steven Peter Devereux Smith,"June 02, 1989, Sydney, New South Wales",37y 35d,Australia,Top order Batter,2010 - 2026,2015,IPL 2015,RR,14,12,1,293,79*,26.63,221,132.57,0,2,33,3,7,0,-,-,-,-,-,-,-,-,-,-,"February 05, 2010","February 25, 2024","February 19, 2010","March 04, 2025"
267192,Steven Peter Devereux Smith,"June 02, 1989, Sydney, New South Wales",37y 35d,Australia,Top order Batter,2010 - 2026,2014,IPL 2014,RR,10,7,3,147,48*,36.75,110,133.63,0,0,13,4,9,0,-,-,-,-,-,-,-,-,-,-,"February 05, 2010","February 25, 2024","February 19, 2010","March 04, 2025"
267192,Steven Peter Devereux Smith,"June 02, 1989, Sydney, New South Wales",37y 35d,Australia,Top order Batter,2010 - 2026,2013,IPL 2013,PWI,7,7,3,159,41,39.75,132,120.45,0,0,15,4,4,0,-,-,-,-,-,-,-,-,-,-,"February 05, 2010","February 25, 2024","February 19, 2010","March 04, 2025"
267192,Steven Peter Devereux Smith,"June 02, 1989, Sydney, New South Wales",37y 35d,Australia,Top order Batter,2010 - 2026,2012,IPL 2012,PWI,15,14,5,362,47*,40.22,267,135.58,0,0,24,14,10,0,0,15.00,2,-,-,-,-,0,0,0,"February 05, 2010","February 25, 2024","February 19, 2010","March 04, 2025"
27223,Stuart Terence Roger Binny,"June 03, 1984, Bangalore, Karnataka",42y 34d,India,Allrounder,2014 - 2016,2019,IPL 2019,RR,8,5,2,70,33*,23.33,40,175.00,0,0,5,4,0,0,1,6.28,42,1/19,1/19,44.00,42.0,0,0,0,"July 17, 2015","August 27, 2016","January 28, 2014","October 11, 2015"
27223,Stuart Terence Roger Binny,"June 03, 1984, Bangalore, Karnataka",42y 34d,India,Allrounder,2014 - 2016,2018,IPL 2018,RR,7,5,0,44,22,8.80,39,112.82,0,0,2,2,1,0,0,16.50,12,-,-,-,-,0,0,0,"July 17, 2015","August 27, 2016","January 28, 2014","October 11, 2015"
27223,Stuart Terence Roger Binny,"June 03, 1984, Bangalore, Karnataka",42y 34d,India,Allrounder,2014 - 2016,2017,IPL 2017,RCB,8,7,2,78,18*,15.60,76,102.63,0,0,6,3,1,0,4,8.33,36,1/9,1/9,12.50,9.0,0,0,0,"July 17, 2015","August 27, 2016","January 28, 2014","October 11, 2015"
27223,Stuart Terence Roger Binny,"June 03, 1984, Bangalore, Karnataka",42y 34d,India,Allrounder,2014 - 2016,2016,IPL 2016,RCB,14,6,2,63,21,15.75,39,161.53,0,0,5,4,3,0,1,7.88,102,1/17,1/17,134.00,102.0,0,0,0,"July 17, 2015","August 27, 2016","January 28, 2014","October 11, 2015"
27223,Stuart Terence Roger Binny,"June 03, 1984, Bangalore, Karnataka",42y 34d,India,Allrounder,2014 - 2016,2015,IPL 2015,RR,13,8,4,74,20,18.50,66,112.12,0,0,7,1,5,0,4,7.36,114,2/27,2/27,35.00,28.5,0,0,0,"July 17, 2015","August 27, 2016","January 28, 2014","October 11, 2015"
27223,Stuart Terence Roger Binny,"June 03, 1984, Bangalore, Karnataka",42y 34d,India,Allrounder,2014 - 2016,2014,IPL 2014,RR,13,12,2,123,48*,12.30,121,101.65,0,0,4,5,3,0,3,7.11,54,1/1,1/1,21.33,18.0,0,0,0,"July 17, 2015","August 27, 2016","January 28, 2014","October 11, 2015"
27223,Stuart Terence Roger Binny,"June 03, 1984, Bangalore, Karnataka",42y 34d,India,Allrounder,2014 - 2016,2013,IPL 2013,RR,17,16,7,293,41*,32.55,199,147.23,0,0,25,12,3,0,6,6.75,144,2/14,2/14,27.00,24.0,0,0,0,"July 17, 2015","August 27, 2016","January 28, 2014","October 11, 2015"
27223,Stuart Terence Roger Binny,"June 03, 1984, Bangalore, Karnataka",42y 34d,India,Allrounder,2014 - 2016,2012,IPL 2012,RR,8,6,2,90,30,22.50,67,134.32,0,0,9,3,1,0,3,7.80,60,1/8,1/8,26.00,20.0,0,0,0,"July 17, 2015","August 27, 2016","January 28, 2014","October 11, 2015"
27223,Stuart Terence Roger Binny,"June 03, 1984, Bangalore, Karnataka",42y 34d,India,Allrounder,2014 - 2016,2011,IPL 2011,RR,6,2,1,37,30,37.00,31,119.35,0,0,2,1,2,0,0,11.00,24,-,-,-,-,0,0,0,"July 17, 2015","August 27, 2016","January 28, 2014","October 11, 2015"
27223,Stuart Terence Roger Binny,"June 03, 1984, Bangalore, Karnataka",42y 34d,India,Allrounder,2014 - 2016,2009/10,IPL 2009/10,MI,1,1,0,8,8,8.00,5,160.00,0,0,1,0,0,0,0,9.00,6,-,-,-,-,0,0,0,"July 17, 2015","August 27, 2016","January 28, 2014","October 11, 2015"
1131619,Sudhesan Midhun,"October 07, 1994, Kayamkulam (Allapuzha District)",31y 273d,India,Bowler,-,2019,IPL 2019,RR,1,-,-,-,-,-,-,-,-,-,-,-,1,0,0,13.50,12,-,-,-,-,0,0,0,,,,
32084,Sumit Narwal,"April 16, 1982, Chirao, Karnal, Haryana",44y 82d,India,Allrounder,-,2013,IPL 2013,KKR,2,1,0,23,23,23.00,15,153.33,0,0,4,0,0,0,0,8.50,12,-,-,-,-,0,0,0,,,,
32084,Sumit Narwal,"April 16, 1982, Chirao, Karnal, Haryana",44y 82d,India,Allrounder,-,2009/10,IPL 2009/10,RR,5,3,1,14,12,7.00,12,116.66,0,0,2,0,1,0,5,11.80,94,3/36,3/36,37.00,18.8,0,0,0,,,,
1175457,Sushant Samirkumar Mishra,"December 23, 2000, Ranchi, Bihar",25y 196d,India,Bowler,-,2026,IPL 2026,RR,2,1,1,1,1*,-,3,33.33,0,0,0,0,0,0,2,10.57,38,2/21,2/21,33.50,19.0,0,0,0,,,,
26782,Swapnil Ashok Asnodkar,"March 29, 1984, Porvorim, Goa, India",42y 100d,India,Batter,-,2011,IPL 2011,RR,1,1,0,9,9,9.00,9,100.00,0,0,1,0,0,0,-,-,-,-,-,-,-,-,-,-,,,,
26782,Swapnil Ashok Asnodkar,"March 29, 1984, Porvorim, Goa, India",42y 100d,India,Batter,-,2009/10,IPL 2009/10,RR,2,2,0,5,5,2.50,4,125.00,0,0,1,0,0,0,-,-,-,-,-,-,-,-,-,-,,,,
26782,Swapnil Ashok Asnodkar,"March 29, 1984, Porvorim, Goa, India",42y 100d,India,Batter,-,2009,IPL 2009,RR,8,8,0,98,44,12.25,93,105.37,0,0,11,4,1,0,-,-,-,-,-,-,-,-,-,-,,,,
26782,Swapnil Ashok Asnodkar,"March 29, 1984, Porvorim, Goa, India",42y 100d,India,Batter,-,2007/08,IPL 2007/08,RR,9,9,0,311,60,34.55,233,133.47,0,2,43,6,5,0,-,-,-,-,-,-,-,-,-,-,,,,
379145,Tabraiz Shamsi,"February 18, 1990, Johannesburg, Gauteng",36y 139d,South Africa,Bowler,2016 - 2025,2021,IPL 2021,RR,1,1,1,2,2*,-,4,50.00,0,0,0,0,0,0,0,8.50,24,-,-,-,-,0,0,0,"June 21, 2017","June 29, 2024","June 07, 2016","February 12, 2025"
379145,Tabraiz Shamsi,"February 18, 1990, Johannesburg, Gauteng",36y 139d,South Africa,Bowler,2016 - 2025,2016,IPL 2016,RCB,4,-,-,-,-,-,-,-,-,-,-,-,1,0,3,9.18,96,1/21,1/21,49.00,32.0,0,0,0,"June 21, 2017","June 29, 2024","June 07, 2016","February 12, 2025"
1125960,Tanush Karunakar Kotian,"October 16, 1998, Mumbai, Maharashtra",27y 264d,India,Bowling Allrounder,-,2024,IPL 2024,RR,1,1,0,24,24,24.00,31,77.41,0,0,3,0,0,0,-,-,-,-,-,-,-,-,-,-,,,,
331855,Taruwar Sushil Kohli,"December 17, 1988, Jalandhar, Punjab",37y 202d,India,Top order Batter,-,2009,IPL 2009,PBKS,2,2,1,1,1,1.00,4,25.00,0,0,0,0,0,0,-,-,-,-,-,-,-,-,-,-,,,,
331855,Taruwar Sushil Kohli,"December 17, 1988, Jalandhar, Punjab",37y 202d,India,Top order Batter,-,2007/08,IPL 2007/08,RR,2,2,0,10,7,5.00,15,66.66,0,0,0,1,1,0,-,-,-,-,-,-,-,-,-,-,,,,
232364,Timothy Grant Southee,"December 11, 1988, Whangarei, Northland",37y 208d,New Zealand,Bowler,2008 - 2024,2023,IPL 2023,KKR,2,-,-,-,-,-,-,-,-,-,-,-,0,0,2,13.16,36,2/54,2/54,39.50,18.0,0,0,0,"February 05, 2008","June 17, 2024","June 15, 2008","November 15, 2023"
232364,Timothy Grant Southee,"December 11, 1988, Whangarei, Northland",37y 208d,New Zealand,Bowler,2008 - 2024,2022,IPL 2022,KKR,9,5,1,2,1*,0.50,12,16.66,0,0,0,0,4,0,14,7.85,210,3/20,3/20,19.64,15.0,0,0,0,"February 05, 2008","June 17, 2024","June 15, 2008","November 15, 2023"
232364,Timothy Grant Southee,"December 11, 1988, Whangarei, Northland",37y 208d,New Zealand,Bowler,2008 - 2024,2021,IPL 2021,KKR,3,1,0,3,3,3.00,5,60.00,0,0,0,0,2,0,3,7.91,72,2/26,2/26,31.66,24.0,0,0,0,"February 05, 2008","June 17, 2024","June 15, 2008","November 15, 2023"
232364,Timothy Grant Southee,"December 11, 1988, Whangarei, Northland",37y 208d,New Zealand,Bowler,2008 - 2024,2019,IPL 2019,RCB,3,1,1,9,9*,-,9,100.00,0,0,0,0,3,0,1,13.11,54,1/24,1/24,118.00,54.0,0,0,0,"February 05, 2008","June 17, 2024","June 15, 2008","November 15, 2023"
232364,Timothy Grant Southee,"December 11, 1988, Whangarei, Northland",37y 208d,New Zealand,Bowler,2008 - 2024,2018,IPL 2018,RCB,8,4,2,52,36*,26.00,46,113.04,0,0,5,1,3,0,5,9.00,174,3/30,3/30,52.20,34.8,0,0,0,"February 05, 2008","June 17, 2024","June 15, 2008","November 15, 2023"
232364,Timothy Grant Southee,"December 11, 1988, Whangarei, Northland",37y 208d,New Zealand,Bowler,2008 - 2024,2017,IPL 2017,MI,3,1,0,7,7,7.00,3,233.33,0,0,0,1,1,0,3,9.60,60,2/39,2/39,32.00,20.0,0,0,0,"February 05, 2008","June 17, 2024","June 15, 2008","November 15, 2023"
232364,Timothy Grant Southee,"December 11, 1988, Whangarei, Northland",37y 208d,New Zealand,Bowler,2008 - 2024,2016,IPL 2016,MI,11,4,1,30,25,10.00,19,157.89,0,0,1,2,4,0,9,7.65,258,3/24,3/24,36.55,28.6,0,0,0,"February 05, 2008","June 17, 2024","June 15, 2008","November 15, 2023"
232364,Timothy Grant Southee,"December 11, 1988, Whangarei, Northland",37y 208d,New Zealand,Bowler,2008 - 2024,2015,IPL 2015,RR,7,3,2,13,7*,13.00,9,144.44,0,0,1,0,4,0,6,8.82,168,2/32,2/32,41.16,28.0,0,0,0,"February 05, 2008","June 17, 2024","June 15, 2008","November 15, 2023"
232364,Timothy Grant Southee,"December 11, 1988, Whangarei, Northland",37y 208d,New Zealand,Bowler,2008 - 2024,2014,IPL 2014,RR,3,1,0,4,4,4.00,4,100.00,0,0,1,0,2,0,0,7.60,60,-,-,-,-,0,0,0,"February 05, 2008","June 17, 2024","June 15, 2008","November 15, 2023"
232364,Timothy Grant Southee,"December 11, 1988, Whangarei, Northland",37y 208d,New Zealand,Bowler,2008 - 2024,2011,IPL 2011,CSK,5,-,-,-,-,-,-,-,-,-,-,-,0,0,4,8.73,114,1/30,1/30,41.50,28.5,0,0,0,"February 05, 2008","June 17, 2024","June 15, 2008","November 15, 2023"
550235,Thomas Kevin Curran,"March 12, 1995, Cape Town, Cape Province",31y 117d,England,Allrounder,2017 - 2021,2021,IPL 2021,DC,3,2,1,21,21,21.00,17,123.52,0,0,2,0,0,0,4,9.17,68,3/29,3/29,26.00,17.0,0,0,0,"June 23, 2017","July 18, 2021","September 29, 2017","July 04, 2021"
550235,Thomas Kevin Curran,"March 12, 1995, Cape Town, Cape Province",31y 117d,England,Allrounder,2017 - 2021,2020/21,IPL 2020/21,RR,5,4,3,83,54*,83.00,62,133.87,0,1,5,3,1,0,3,11.44,109,1/37,1/37,69.33,36.3,0,0,0,"June 23, 2017","July 18, 2021","September 29, 2017","July 04, 2021"
550235,Thomas Kevin Curran,"March 12, 1995, Cape Town, Cape Province",31y 117d,England,Allrounder,2017 - 2021,2018,IPL 2018,KKR,5,4,1,23,18,7.66,28,82.14,0,0,3,0,1,0,6,11.60,61,2/19,2/19,19.66,10.1,0,0,0,"June 23, 2017","July 18, 2021","September 29, 2017","July 04, 2021"
470633,Tom Kohler-Cadmore,"August 19, 1994, Chatham, Kent",31y 322d,England,Wicketkeeper Batter,-,2024,IPL 2024,RR,4,3,0,48,20,16.00,54,88.88,0,0,7,1,1,0,-,-,-,-,-,-,-,-,-,-,,,,
277912,Trent Alexander Boult,"July 22, 1989, Rotorua",36y 350d,New Zealand,Bowler,2011 - 2024,2026,IPL 2026,MI,5,2,1,8,7*,8.00,4,200.00,0,0,0,1,1,0,2,11.62,97,1/41,1/41,94.00,48.5,0,0,0,"February 09, 2013","June 17, 2024","July 11, 2012","November 15, 2023"
277912,Trent Alexander Boult,"July 22, 1989, Rotorua",36y 350d,New Zealand,Bowler,2011 - 2024,2025,IPL 2025,MI,16,2,1,2,1*,2.00,3,66.66,0,0,0,0,1,0,22,8.96,346,4/26,4/26,23.50,15.7,1,0,0,"February 09, 2013","June 17, 2024","July 11, 2012","November 15, 2023"
277912,Trent Alexander Boult,"July 22, 1989, Rotorua",36y 350d,New Zealand,Bowler,2011 - 2024,2024,IPL 2024,RR,16,5,3,14,12,7.00,16,87.50,0,0,2,0,4,0,16,8.30,320,3/22,3/22,27.68,20.0,0,0,0,"February 09, 2013","June 17, 2024","July 11, 2012","November 15, 2023"
277912,Trent Alexander Boult,"July 22, 1989, Rotorua",36y 350d,New Zealand,Bowler,2011 - 2024,2023,IPL 2023,RR,10,4,3,16,15,16.00,14,114.28,0,0,1,1,5,0,13,8.21,228,3/29,3/29,24.00,17.5,0,0,0,"February 09, 2013","June 17, 2024","July 11, 2012","November 15, 2023"
277912,Trent Alexander Boult,"July 22, 1989, Rotorua",36y 350d,New Zealand,Bowler,2011 - 2024,2022,IPL 2022,RR,16,8,6,40,17*,20.00,29,137.93,0,0,2,1,2,0,16,7.93,372,2/18,2/18,30.75,23.2,0,0,0,"February 09, 2013","June 17, 2024","July 11, 2012","November 15, 2023"
277912,Trent Alexander Boult,"July 22, 1989, Rotorua",36y 350d,New Zealand,Bowler,2011 - 2024,2021,IPL 2021,MI,14,4,4,1,1*,-,4,25.00,0,0,0,0,5,0,13,7.90,308,3/28,3/28,31.23,23.6,0,0,0,"February 09, 2013","June 17, 2024","July 11, 2012","November 15, 2023"
277912,Trent Alexander Boult,"July 22, 1989, Rotorua",36y 350d,New Zealand,Bowler,2011 - 2024,2020/21,IPL 2020/21,MI,15,1,0,0,0,0.00,1,0.00,0,0,0,0,4,0,25,7.97,344,4/18,4/18,18.28,13.7,1,0,0,"February 09, 2013","June 17, 2024","July 11, 2012","November 15, 2023"
277912,Trent Alexander Boult,"July 22, 1989, Rotorua",36y 350d,New Zealand,Bowler,2011 - 2024,2019,IPL 2019,DC,5,3,2,7,6,7.00,4,175.00,0,0,0,1,2,0,5,8.57,114,2/27,2/27,32.60,22.8,0,0,0,"February 09, 2013","June 17, 2024","July 11, 2012","November 15, 2023"
277912,Trent Alexander Boult,"July 22, 1989, Rotorua",36y 350d,New Zealand,Bowler,2011 - 2024,2018,IPL 2018,DC,14,1,0,0,0,0.00,2,0.00,0,0,0,0,9,0,18,8.84,316,2/20,2/20,25.88,17.5,0,0,0,"February 09, 2013","June 17, 2024","July 11, 2012","November 15, 2023"
277912,Trent Alexander Boult,"July 22, 1989, Rotorua",36y 350d,New Zealand,Bowler,2011 - 2024,2017,IPL 2017,KKR,6,1,1,5,5*,-,8,62.50,0,0,0,0,0,0,5,9.06,143,2/30,2/30,43.20,28.6,0,0,0,"February 09, 2013","June 17, 2024","July 11, 2012","November 15, 2023"
277912,Trent Alexander Boult,"July 22, 1989, Rotorua",36y 350d,New Zealand,Bowler,2011 - 2024,2016,IPL 2016,SRH,1,-,-,-,-,-,-,-,-,-,-,-,1,0,1,9.75,24,1/39,1/39,39.00,24.0,0,0,0,"February 09, 2013","June 17, 2024","July 11, 2012","November 15, 2023"
277912,Trent Alexander Boult,"July 22, 1989, Rotorua",36y 350d,New Zealand,Bowler,2011 - 2024,2015,IPL 2015,SRH,7,-,-,-,-,-,-,-,-,-,-,-,2,0,9,8.42,168,3/19,3/19,26.22,18.6,0,0,0,"February 09, 2013","June 17, 2024","July 11, 2012","November 15, 2023"
822553,Tushar Uday Deshpande,"May 15, 1995, Mumbai",31y 53d,India,Bowler,2024 - 2024,2026,IPL 2026,RR,7,2,0,26,25,13.00,14,185.71,0,0,0,3,2,0,4,11.95,138,1/24,1/24,68.75,34.5,0,0,0,"July 13, 2024","July 14, 2024",,
822553,Tushar Uday Deshpande,"May 15, 1995, Mumbai",31y 53d,India,Bowler,2024 - 2024,2025,IPL 2025,RR,10,4,3,7,3,7.00,8,87.50,0,0,0,0,2,0,9,10.62,192,3/44,3/44,37.77,21.3,0,0,0,"July 13, 2024","July 14, 2024",,
822553,Tushar Uday Deshpande,"May 15, 1995, Mumbai",31y 53d,India,Bowler,2024 - 2024,2024,IPL 2024,CSK,13,1,1,0,0*,-,1,0.00,0,0,0,0,2,0,17,8.83,288,4/27,4/27,24.94,16.9,1,0,0,"July 13, 2024","July 14, 2024",,
822553,Tushar Uday Deshpande,"May 15, 1995, Mumbai",31y 53d,India,Bowler,2024 - 2024,2023,IPL 2023,CSK,16,1,1,0,0*,-,1,0.00,0,0,0,0,2,0,21,9.92,341,3/45,3/45,26.85,16.2,0,0,0,"July 13, 2024","July 14, 2024",,
822553,Tushar Uday Deshpande,"May 15, 1995, Mumbai",31y 53d,India,Bowler,2024 - 2024,2022,IPL 2022,CSK,2,-,-,-,-,-,-,-,-,-,-,-,1,0,1,9.00,42,1/40,1/40,63.00,42.0,0,0,0,"July 13, 2024","July 14, 2024",,
822553,Tushar Uday Deshpande,"May 15, 1995, Mumbai",31y 53d,India,Bowler,2024 - 2024,2020/21,IPL 2020/21,DC,5,2,1,21,20*,21.00,12,175.00,0,0,2,1,1,0,3,11.29,102,2/37,2/37,64.00,34.0,0,0,0,"July 13, 2024","July 14, 2024",,
45434,Tyron Henderson,"August 01, 1974, Durban, Natal",51y 340d,South Africa,Bowler,2006 - 2006,2009,IPL 2009,RR,2,2,0,11,11,5.50,16,68.75,0,0,0,1,0,0,1,6.66,36,1/30,1/30,40.00,36.0,0,0,0,"December 01, 2006",1998/99,,
446499,Unmukt Bharat Thakur Chand,"March 26, 1993, Delhi",33y 103d,United States of America,Wicketkeeper Batter,-,2016,IPL 2016,MI,1,1,0,0,0,0.00,4,0.00,0,0,0,0,0,0,-,-,-,-,-,-,-,-,-,-,,,,
446499,Unmukt Bharat Thakur Chand,"March 26, 1993, Delhi",33y 103d,United States of America,Wicketkeeper Batter,-,2015,IPL 2015,MI,6,5,0,102,58,20.40,83,122.89,0,1,13,2,3,0,-,-,-,-,-,-,-,-,-,-,,,,
446499,Unmukt Bharat Thakur Chand,"March 26, 1993, Delhi",33y 103d,United States of America,Wicketkeeper Batter,-,2014,IPL 2014,RR,1,1,0,2,2,2.00,9,22.22,0,0,0,0,0,0,-,-,-,-,-,-,-,-,-,-,,,,
446499,Unmukt Bharat Thakur Chand,"March 26, 1993, Delhi",33y 103d,United States of America,Wicketkeeper Batter,-,2013,IPL 2013,DC,9,9,0,158,41,17.55,158,100.00,0,0,17,4,4,0,-,-,-,-,-,-,-,-,-,-,,,,
446499,Unmukt Bharat Thakur Chand,"March 26, 1993, Delhi",33y 103d,United States of America,Wicketkeeper Batter,-,2012,IPL 2012,DC,2,2,0,36,18,18.00,34,105.88,0,0,2,3,1,0,-,-,-,-,-,-,-,-,-,-,,,,
446499,Unmukt Bharat Thakur Chand,"March 26, 1993, Delhi",33y 103d,United States of America,Wicketkeeper Batter,-,2011,IPL 2011,DC,2,2,0,2,2,1.00,12,16.66,0,0,0,0,0,0,-,-,-,-,-,-,-,-,-,-,,,,
1408688,Vaibhav Sooryavanshi,"March 27, 2011",15y 102d,India,Top order Batter,2026 - 2026,2026,IPL 2026,RR,16,16,0,776,103,48.50,327,237.30,1,5,63,72,2,0,-,-,-,-,-,-,-,-,-,-,"July 04, 2026","Bihar vs Mumbai  at Patna - January 05 - 08, 2024",,
1408688,Vaibhav Sooryavanshi,"March 27, 2011",15y 102d,India,Top order Batter,2026 - 2026,2025,IPL 2025,RR,7,7,0,252,101,36.00,122,206.55,1,1,18,24,0,0,-,-,-,-,-,-,-,-,-,-,"July 04, 2026","Bihar vs Mumbai  at Patna - January 05 - 08, 2024",,
31738,Vikramjeet Singh Malik,"May 09, 1983, Vishakapatnam (Andhra)",43y 59d,India,Bowler,-,2014,IPL 2014,RR,1,1,1,1,1*,-,2,50.00,0,0,0,0,1,0,1,9.66,18,1/29,1/29,29.00,18.0,0,0,0,,,,
31738,Vikramjeet Singh Malik,"May 09, 1983, Vishakapatnam (Andhra)",43y 59d,India,Bowler,-,2013,IPL 2013,RR,3,-,-,-,-,-,-,-,-,-,-,-,0,0,2,5.90,60,2/14,2/14,29.50,30.0,0,0,0,,,,
31738,Vikramjeet Singh Malik,"May 09, 1983, Vishakapatnam (Andhra)",43y 59d,India,Bowler,-,2011,IPL 2011,PBKS,1,-,-,-,-,-,-,-,-,-,-,-,0,0,0,6.50,12,-,-,-,-,0,0,0,,,,
31738,Vikramjeet Singh Malik,"May 09, 1983, Vishakapatnam (Andhra)",43y 59d,India,Bowler,-,2009/10,IPL 2009/10,PBKS,3,1,0,6,6,6.00,5,120.00,0,0,1,0,0,0,1,8.65,43,1/23,1/23,62.00,43.0,0,0,0,,,,
31738,Vikramjeet Singh Malik,"May 09, 1983, Vishakapatnam (Andhra)",43y 59d,India,Bowler,-,2009,IPL 2009,PBKS,5,-,-,-,-,-,-,-,-,-,-,-,1,0,2,8.16,72,1/12,1/12,49.00,36.0,0,0,0,,,,
784379,Pinnaduwage Wanindu Hasaranga de Silva,"July 29, 1997, Galle",28y 343d,Sri Lanka,Allrounder,2017 - 2026,2025,IPL 2025,RR,11,5,0,9,4,1.80,15,60.00,0,0,0,0,2,0,11,9.04,246,4/35,4/35,33.72,22.3,1,0,0,"September 01, 2019","June 14, 2026","July 02, 2017","June 06, 2026"
784379,Pinnaduwage Wanindu Hasaranga de Silva,"July 29, 1997, Galle",28y 343d,Sri Lanka,Allrounder,2017 - 2026,2023,IPL 2023,RCB,8,5,3,33,12*,16.50,28,117.85,0,0,3,0,0,0,9,8.89,174,2/24,2/24,28.66,19.3,0,0,0,"September 01, 2019","June 14, 2026","July 02, 2017","June 06, 2026"
784379,Pinnaduwage Wanindu Hasaranga de Silva,"July 29, 1997, Galle",28y 343d,Sri Lanka,Allrounder,2017 - 2026,2022,IPL 2022,RCB,16,7,0,38,18,5.42,43,88.37,0,0,4,1,3,0,26,7.54,342,5/18,5/18,16.53,13.1,1,1,0,"September 01, 2019","June 14, 2026","July 02, 2017","June 06, 2026"
784379,Pinnaduwage Wanindu Hasaranga de Silva,"July 29, 1997, Galle",28y 343d,Sri Lanka,Allrounder,2017 - 2026,2021,IPL 2021,RCB,2,2,1,1,1*,1.00,2,50.00,0,0,0,0,0,0,0,10.00,36,-,-,-,-,0,0,0,"September 01, 2019","June 14, 2026","July 02, 2017","June 06, 2026"
1515186,Yash Raj Punja,"June 26, 2006",20y 11d,India,Bowler,-,2026,IPL 2026,RR,8,-,-,-,-,-,-,-,-,-,-,-,0,0,9,9.30,180,2/35,2/35,31.00,20.0,0,0,0,,,,
1151278,Yashasvi Bhupendra Kumar Jaiswal,"December 28, 2001, Suriyawan, Bhadohi, Uttar Pradesh",24y 191d,India,Opening Batter,2023 - 2026,2026,IPL 2026,RR,16,16,2,427,77*,30.50,280,152.50,0,3,52,18,4,0,-,-,-,-,-,-,-,-,-,-,"August 08, 2023","July 30, 2024","February 06, 2025","June 20, 2026"
1151278,Yashasvi Bhupendra Kumar Jaiswal,"December 28, 2001, Suriyawan, Bhadohi, Uttar Pradesh",24y 191d,India,Opening Batter,2023 - 2026,2025,IPL 2025,RR,14,14,1,559,75,43.00,350,159.71,0,6,60,28,10,0,-,-,-,-,-,-,-,-,-,-,"August 08, 2023","July 30, 2024","February 06, 2025","June 20, 2026"
1151278,Yashasvi Bhupendra Kumar Jaiswal,"December 28, 2001, Suriyawan, Bhadohi, Uttar Pradesh",24y 191d,India,Opening Batter,2023 - 2026,2024,IPL 2024,RR,16,15,1,435,104*,31.07,279,155.91,1,1,54,16,4,0,-,-,-,-,-,-,-,-,-,-,"August 08, 2023","July 30, 2024","February 06, 2025","June 20, 2026"
1151278,Yashasvi Bhupendra Kumar Jaiswal,"December 28, 2001, Suriyawan, Bhadohi, Uttar Pradesh",24y 191d,India,Opening Batter,2023 - 2026,2023,IPL 2023,RR,14,14,1,625,124,48.07,382,163.61,1,5,82,26,8,0,-,-,-,-,-,-,-,-,-,-,"August 08, 2023","July 30, 2024","February 06, 2025","June 20, 2026"
1151278,Yashasvi Bhupendra Kumar Jaiswal,"December 28, 2001, Suriyawan, Bhadohi, Uttar Pradesh",24y 191d,India,Opening Batter,2023 - 2026,2022,IPL 2022,RR,10,10,0,258,68,25.80,194,132.98,0,2,28,10,2,0,0,36.00,1,-,-,-,-,0,0,0,"August 08, 2023","July 30, 2024","February 06, 2025","June 20, 2026"
1151278,Yashasvi Bhupendra Kumar Jaiswal,"December 28, 2001, Suriyawan, Bhadohi, Uttar Pradesh",24y 191d,India,Opening Batter,2023 - 2026,2021,IPL 2021,RR,10,10,0,249,50,24.90,168,148.21,0,1,32,10,3,0,-,-,-,-,-,-,-,-,-,-,"August 08, 2023","July 30, 2024","February 06, 2025","June 20, 2026"
1151278,Yashasvi Bhupendra Kumar Jaiswal,"December 28, 2001, Suriyawan, Bhadohi, Uttar Pradesh",24y 191d,India,Opening Batter,2023 - 2026,2020/21,IPL 2020/21,RR,3,3,0,40,34,13.33,44,90.90,0,0,2,2,1,0,-,-,-,-,-,-,-,-,-,-,"August 08, 2023","July 30, 2024","February 06, 2025","June 20, 2026"
43652,Mohammad Younis Khan,"November 29, 1977, Mardan, North-West Frontier Province (now Khyber Pakhtunkhwa)",48y 220d,Pakistan,Middle order Batter,2000 - 2017,2007/08,IPL 2007/08,RR,1,1,0,3,3,3.00,7,42.85,0,0,0,0,1,0,-,-,-,-,-,-,-,-,-,-,"August 28, 2006","December 30, 2010","February 13, 2000","November 11, 2015"
1206052,Yudhvir Singh Charak,"September 13, 1997, Jammu",28y 297d,India,Bowler,-,2025,IPL 2025,RR,4,-,-,-,-,-,-,-,-,-,-,-,0,0,4,11.90,66,3/47,3/47,32.75,16.5,0,0,0,,,,
1206052,Yudhvir Singh Charak,"September 13, 1997, Jammu",28y 297d,India,Bowler,-,2024,IPL 2024,LSG,2,2,0,21,14,10.50,14,150.00,0,0,1,2,0,0,1,13.00,24,1/24,1/24,52.00,24.0,0,0,0,,,,
1206052,Yudhvir Singh Charak,"September 13, 1997, Jammu",28y 297d,India,Bowler,-,2023,IPL 2023,LSG,3,2,0,1,1,0.50,2,50.00,0,0,0,0,0,0,3,8.75,48,2/19,2/19,23.33,16.0,0,0,0,,,,
32498,Yusuf Khan Pathan,"November 17, 1982, Baroda, Gujarat",43y 232d,India,Allrounder,2007 - 2012,2019,IPL 2019,SRH,10,8,5,40,16*,13.33,45,88.88,0,0,1,1,1,0,0,8.00,6,-,-,-,-,0,0,0,"September 24, 2007","March 30, 2012","June 10, 2008","March 18, 2012"
32498,Yusuf Khan Pathan,"November 17, 1982, Baroda, Gujarat",43y 232d,India,Allrounder,2007 - 2012,2018,IPL 2018,SRH,15,13,4,260,45*,28.88,200,130.00,0,0,22,11,3,0,1,7.00,12,1/14,1/14,14.00,12.0,0,0,0,"September 24, 2007","March 30, 2012","June 10, 2008","March 18, 2012"
32498,Yusuf Khan Pathan,"November 17, 1982, Baroda, Gujarat",43y 232d,India,Allrounder,2007 - 2012,2017,IPL 2017,KKR,15,11,3,143,59,17.87,115,124.34,0,1,9,6,2,0,1,10.25,24,1/2,1/2,41.00,24.0,0,0,0,"September 24, 2007","March 30, 2012","June 10, 2008","March 18, 2012"
32498,Yusuf Khan Pathan,"November 17, 1982, Baroda, Gujarat",43y 232d,India,Allrounder,2007 - 2012,2016,IPL 2016,KKR,15,13,8,361,63*,72.20,248,145.56,0,3,33,13,3,0,1,5.50,36,1/6,1/6,33.00,36.0,0,0,0,"September 24, 2007","March 30, 2012","June 10, 2008","March 18, 2012"
32498,Yusuf Khan Pathan,"November 17, 1982, Baroda, Gujarat",43y 232d,India,Allrounder,2007 - 2012,2015,IPL 2015,KKR,13,12,5,312,52,44.57,231,135.06,0,1,29,12,3,0,2,9.70,60,2/40,2/40,48.50,30.0,0,0,0,"September 24, 2007","March 30, 2012","June 10, 2008","March 18, 2012"
32498,Yusuf Khan Pathan,"November 17, 1982, Baroda, Gujarat",43y 232d,India,Allrounder,2007 - 2012,2014,IPL 2014,KKR,15,12,3,268,72,29.77,165,162.42,0,1,15,20,5,0,0,10.00,6,-,-,-,-,0,0,0,"September 24, 2007","March 30, 2012","June 10, 2008","March 18, 2012"
32498,Yusuf Khan Pathan,"November 17, 1982, Baroda, Gujarat",43y 232d,India,Allrounder,2007 - 2012,2013,IPL 2013,KKR,16,16,5,332,72,30.18,240,138.33,0,1,30,14,4,0,1,8.11,54,1/9,1/9,73.00,54.0,0,0,0,"September 24, 2007","March 30, 2012","June 10, 2008","March 18, 2012"
32498,Yusuf Khan Pathan,"November 17, 1982, Baroda, Gujarat",43y 232d,India,Allrounder,2007 - 2012,2012,IPL 2012,KKR,17,16,6,194,40*,19.40,169,114.79,0,0,10,7,3,0,3,8.27,132,2/12,2/12,60.66,44.0,0,0,0,"September 24, 2007","March 30, 2012","June 10, 2008","March 18, 2012"
32498,Yusuf Khan Pathan,"November 17, 1982, Baroda, Gujarat",43y 232d,India,Allrounder,2007 - 2012,2011,IPL 2011,KKR,15,11,1,283,47*,28.30,201,140.79,0,0,24,13,5,0,13,6.10,234,3/20,3/20,18.30,18.0,0,0,0,"September 24, 2007","March 30, 2012","June 10, 2008","March 18, 2012"
32498,Yusuf Khan Pathan,"November 17, 1982, Baroda, Gujarat",43y 232d,India,Allrounder,2007 - 2012,2009/10,IPL 2009/10,RR,14,14,2,333,100,27.75,201,165.67,1,1,22,24,9,0,5,7.23,204,2/9,2/9,49.20,40.8,0,0,0,"September 24, 2007","March 30, 2012","June 10, 2008","March 18, 2012"
32498,Yusuf Khan Pathan,"November 17, 1982, Baroda, Gujarat",43y 232d,India,Allrounder,2007 - 2012,2009,IPL 2009,RR,13,13,1,243,62*,20.25,183,132.78,0,1,24,12,2,0,7,6.94,210,3/34,3/34,34.71,30.0,0,0,0,"September 24, 2007","March 30, 2012","June 10, 2008","March 18, 2012"
32498,Yusuf Khan Pathan,"November 17, 1982, Baroda, Gujarat",43y 232d,India,Allrounder,2007 - 2012,2007/08,IPL 2007/08,RR,16,15,1,435,68,31.07,243,179.01,0,4,43,25,3,0,8,8.16,169,3/22,3/22,28.75,21.1,0,0,0,"September 24, 2007","March 30, 2012","June 10, 2008","March 18, 2012"
430246,Yuzvendra Singh Chahal,"July 23, 1990, Jind, Haryana",35y 349d,India,Bowler,2016 - 2024,2026,IPL 2026,PBKS,14,-,-,-,-,-,-,-,-,-,-,-,3,0,12,9.39,246,3/36,3/36,32.08,20.5,0,0,0,"June 18, 2016","August 13, 2023","June 11, 2016","January 24, 2023"
430246,Yuzvendra Singh Chahal,"July 23, 1990, Jind, Haryana",35y 349d,India,Bowler,2016 - 2024,2025,IPL 2025,PBKS,14,-,-,-,-,-,-,-,-,-,-,-,2,0,16,9.55,270,4/28,4/28,26.87,16.8,2,0,0,"June 18, 2016","August 13, 2023","June 11, 2016","January 24, 2023"
430246,Yuzvendra Singh Chahal,"July 23, 1990, Jind, Haryana",35y 349d,India,Bowler,2016 - 2024,2024,IPL 2024,RR,15,-,-,-,-,-,-,-,-,-,-,-,5,0,18,9.41,348,3/11,3/11,30.33,19.3,0,0,0,"June 18, 2016","August 13, 2023","June 11, 2016","January 24, 2023"
430246,Yuzvendra Singh Chahal,"July 23, 1990, Jind, Haryana",35y 349d,India,Bowler,2016 - 2024,2023,IPL 2023,RR,14,-,-,-,-,-,-,-,-,-,-,-,1,0,21,8.17,317,4/17,4/17,20.57,15.0,3,0,0,"June 18, 2016","August 13, 2023","June 11, 2016","January 24, 2023"
430246,Yuzvendra Singh Chahal,"July 23, 1990, Jind, Haryana",35y 349d,India,Bowler,2016 - 2024,2022,IPL 2022,RR,17,2,1,5,5,5.00,8,62.50,0,0,0,0,0,0,27,7.75,408,5/40,5/40,19.51,15.1,1,1,0,"June 18, 2016","August 13, 2023","June 11, 2016","January 24, 2023"
430246,Yuzvendra Singh Chahal,"July 23, 1990, Jind, Haryana",35y 349d,India,Bowler,2016 - 2024,2021,IPL 2021,RCB,15,2,2,10,8*,-,27,37.03,0,0,0,0,4,0,18,7.05,318,3/11,3/11,20.77,17.6,0,0,0,"June 18, 2016","August 13, 2023","June 11, 2016","January 24, 2023"
430246,Yuzvendra Singh Chahal,"July 23, 1990, Jind, Haryana",35y 349d,India,Bowler,2016 - 2024,2020/21,IPL 2020/21,RCB,15,2,1,1,1,1.00,3,33.33,0,0,0,0,1,0,21,7.08,343,3/18,3/18,19.28,16.3,0,0,0,"June 18, 2016","August 13, 2023","June 11, 2016","January 24, 2023"
430246,Yuzvendra Singh Chahal,"July 23, 1990, Jind, Haryana",35y 349d,India,Bowler,2016 - 2024,2019,IPL 2019,RCB,14,3,1,6,4,3.00,16,37.50,0,0,0,0,3,0,18,7.82,296,4/38,4/38,21.44,16.4,1,0,0,"June 18, 2016","August 13, 2023","June 11, 2016","January 24, 2023"
430246,Yuzvendra Singh Chahal,"July 23, 1990, Jind, Haryana",35y 349d,India,Bowler,2016 - 2024,2018,IPL 2018,RCB,14,1,1,0,0*,-,4,0.00,0,0,0,0,2,0,12,7.26,300,2/22,2/22,30.25,25.0,0,0,0,"June 18, 2016","August 13, 2023","June 11, 2016","January 24, 2023"
430246,Yuzvendra Singh Chahal,"July 23, 1990, Jind, Haryana",35y 349d,India,Bowler,2016 - 2024,2017,IPL 2017,RCB,13,6,3,13,4*,4.33,26,50.00,0,0,0,0,3,0,14,7.65,261,3/16,3/16,23.78,18.6,0,0,0,"June 18, 2016","August 13, 2023","June 11, 2016","January 24, 2023"
430246,Yuzvendra Singh Chahal,"July 23, 1990, Jind, Haryana",35y 349d,India,Bowler,2016 - 2024,2016,IPL 2016,RCB,13,-,-,-,-,-,-,-,-,-,-,-,4,0,21,8.15,295,4/25,4/25,19.09,14.0,1,0,0,"June 18, 2016","August 13, 2023","June 11, 2016","January 24, 2023"
430246,Yuzvendra Singh Chahal,"July 23, 1990, Jind, Haryana",35y 349d,India,Bowler,2016 - 2024,2015,IPL 2015,RCB,15,2,2,1,1*,-,1,100.00,0,0,0,0,4,0,23,8.86,281,3/40,3/40,18.04,12.2,0,0,0,"June 18, 2016","August 13, 2023","June 11, 2016","January 24, 2023"
430246,Yuzvendra Singh Chahal,"July 23, 1990, Jind, Haryana",35y 349d,India,Bowler,2016 - 2024,2014,IPL 2014,RCB,14,2,2,1,1*,-,1,100.00,0,0,0,0,3,0,12,7.01,330,2/17,2/17,32.16,27.5,0,0,0,"June 18, 2016","August 13, 2023","June 11, 2016","January 24, 2023"
430246,Yuzvendra Singh Chahal,"July 23, 1990, Jind, Haryana",35y 349d,India,Bowler,2016 - 2024,2013,IPL 2013,MI,1,-,-,-,-,-,-,-,-,-,-,-,0,0,0,8.50,24,-,-,-,-,0,0,0,"June 18, 2016","August 13, 2023","June 11, 2016","January 24, 2023"
