player_id,player_name,birthdate,age,nationality,player_role,international_career,year,tournament,team,matches,innings,no,runs,highestscore,batting_average,bf,strikerate,100s,50s,4s,6s,Ct,St,wickets,economy,balls,bbi,bbm,bowl_ave,sr,4w,5w,10w,t20_start,t20_end,odi_start,odi_end
5334,Aaron James Finch,"November 17, 1986, Colac, Victoria",39y 229d,Australia,Top order Batter,2011 - 2022,2022,IPL 2022,KKR,5,5,0,86,58,17.20,61,140.98,0,1,10,3,1,0,-,-,-,-,-,-,-,-,-,-,"January 12, 2011","October 31, 2022","January 11, 2013","September 11, 2022"
5334,Aaron James Finch,"November 17, 1986, Colac, Victoria",39y 229d,Australia,Top order Batter,2011 - 2022,2020/21,IPL 2020/21,RCB,12,12,0,268,52,22.33,241,111.20,0,1,28,8,3,0,-,-,-,-,-,-,-,-,-,-,"January 12, 2011","October 31, 2022","January 11, 2013","September 11, 2022"
5334,Aaron James Finch,"November 17, 1986, Colac, Victoria",39y 229d,Australia,Top order Batter,2011 - 2022,2018,IPL 2018,PBKS,10,9,1,134,46,16.75,100,134.00,0,0,6,8,4,0,-,-,-,-,-,-,-,-,-,-,"January 12, 2011","October 31, 2022","January 11, 2013","September 11, 2022"
5334,Aaron James Finch,"November 17, 1986, Colac, Victoria",39y 229d,Australia,Top order Batter,2011 - 2022,2017,IPL 2017,GL,13,13,1,299,72,24.91,180,166.11,0,2,25,19,5,0,-,-,-,-,-,-,-,-,-,-,"January 12, 2011","October 31, 2022","January 11, 2013","September 11, 2022"
5334,Aaron James Finch,"November 17, 1986, Colac, Victoria",39y 229d,Australia,Top order Batter,2011 - 2022,2016,IPL 2016,GL,13,12,2,393,74,39.30,299,131.43,0,5,45,11,3,0,-,-,-,-,-,-,-,-,-,-,"January 12, 2011","October 31, 2022","January 11, 2013","September 11, 2022"
5334,Aaron James Finch,"November 17, 1986, Colac, Victoria",39y 229d,Australia,Top order Batter,2011 - 2022,2015,IPL 2015,MI,3,3,1,23,10*,11.50,33,69.69,0,0,4,0,0,0,-,-,-,-,-,-,-,-,-,-,"January 12, 2011","October 31, 2022","January 11, 2013","September 11, 2022"
5334,Aaron James Finch,"November 17, 1986, Colac, Victoria",39y 229d,Australia,Top order Batter,2011 - 2022,2014,IPL 2014,SRH,13,13,2,309,88*,28.09,263,117.49,0,2,31,9,6,0,-,-,-,-,-,-,-,-,-,-,"January 12, 2011","October 31, 2022","January 11, 2013","September 11, 2022"
5334,Aaron James Finch,"November 17, 1986, Colac, Victoria",39y 229d,Australia,Top order Batter,2011 - 2022,2013,IPL 2013,PWI,14,14,0,456,67,32.57,336,135.71,0,4,54,16,2,0,1,12.25,24,1/11,1/11,49.00,24.0,0,0,0,"January 12, 2011","October 31, 2022","January 11, 2013","September 11, 2022"
5334,Aaron James Finch,"November 17, 1986, Colac, Victoria",39y 229d,Australia,Top order Batter,2011 - 2022,2012,IPL 2012,DC,2,2,0,55,30,27.50,51,107.84,0,0,8,0,0,0,-,-,-,-,-,-,-,-,-,-,"January 12, 2011","October 31, 2022","January 11, 2013","September 11, 2022"
5334,Aaron James Finch,"November 17, 1986, Colac, Victoria",39y 229d,Australia,Top order Batter,2011 - 2022,2011,IPL 2011,DC,6,6,0,47,25,7.83,46,102.17,0,0,3,3,4,0,0,6.50,12,-,-,-,-,0,0,0,"January 12, 2011","October 31, 2022","January 11, 2013","September 11, 2022"
5334,Aaron James Finch,"November 17, 1986, Colac, Victoria",39y 229d,Australia,Top order Batter,2011 - 2022,2009/10,IPL 2009/10,RR,1,1,0,21,21,21.00,21,100.00,0,0,0,1,0,0,0,4.28,7,-,-,-,-,0,0,0,"January 12, 2011","October 31, 2022","January 11, 2013","September 11, 2022"
44936,Abraham Benjamin de Villiers,"February 17, 1984, Pretoria",42y 137d,South Africa,Wicketkeeper Batter,2004 - 2018,2021,IPL 2021,RCB,15,14,4,313,76*,31.30,211,148.34,0,2,23,16,15,0,-,-,-,-,-,-,-,-,-,-,"February 24, 2006","October 29, 2017","February 02, 2005","February 16, 2018"
44936,Abraham Benjamin de Villiers,"February 17, 1984, Pretoria",42y 137d,South Africa,Wicketkeeper Batter,2004 - 2018,2020/21,IPL 2020/21,RCB,15,14,4,454,73*,45.40,286,158.74,0,5,33,23,10,1,-,-,-,-,-,-,-,-,-,-,"February 24, 2006","October 29, 2017","February 02, 2005","February 16, 2018"
44936,Abraham Benjamin de Villiers,"February 17, 1984, Pretoria",42y 137d,South Africa,Wicketkeeper Batter,2004 - 2018,2019,IPL 2019,RCB,13,13,3,442,82*,44.20,287,154.00,0,5,31,26,6,0,-,-,-,-,-,-,-,-,-,-,"February 24, 2006","October 29, 2017","February 02, 2005","February 16, 2018"
44936,Abraham Benjamin de Villiers,"February 17, 1984, Pretoria",42y 137d,South Africa,Wicketkeeper Batter,2004 - 2018,2018,IPL 2018,RCB,12,11,2,480,90*,53.33,275,174.54,0,6,39,30,6,0,-,-,-,-,-,-,-,-,-,-,"February 24, 2006","October 29, 2017","February 02, 2005","February 16, 2018"
44936,Abraham Benjamin de Villiers,"February 17, 1984, Pretoria",42y 137d,South Africa,Wicketkeeper Batter,2004 - 2018,2017,IPL 2017,RCB,9,9,1,216,89*,27.00,163,132.51,0,1,12,16,6,0,-,-,-,-,-,-,-,-,-,-,"February 24, 2006","October 29, 2017","February 02, 2005","February 16, 2018"
44936,Abraham Benjamin de Villiers,"February 17, 1984, Pretoria",42y 137d,South Africa,Wicketkeeper Batter,2004 - 2018,2016,IPL 2016,RCB,16,16,3,687,129*,52.84,407,168.79,1,6,57,37,19,0,-,-,-,-,-,-,-,-,-,-,"February 24, 2006","October 29, 2017","February 02, 2005","February 16, 2018"
44936,Abraham Benjamin de Villiers,"February 17, 1984, Pretoria",42y 137d,South Africa,Wicketkeeper Batter,2004 - 2018,2015,IPL 2015,RCB,16,14,3,513,133*,46.63,293,175.08,1,2,60,22,8,0,-,-,-,-,-,-,-,-,-,-,"February 24, 2006","October 29, 2017","February 02, 2005","February 16, 2018"
44936,Abraham Benjamin de Villiers,"February 17, 1984, Pretoria",42y 137d,South Africa,Wicketkeeper Batter,2004 - 2018,2014,IPL 2014,RCB,14,13,2,395,89*,35.90,249,158.63,0,3,26,24,7,0,-,-,-,-,-,-,-,-,-,-,"February 24, 2006","October 29, 2017","February 02, 2005","February 16, 2018"
44936,Abraham Benjamin de Villiers,"February 17, 1984, Pretoria",42y 137d,South Africa,Wicketkeeper Batter,2004 - 2018,2013,IPL 2013,RCB,14,14,4,360,64,36.00,219,164.38,0,2,34,15,8,0,-,-,-,-,-,-,-,-,-,-,"February 24, 2006","October 29, 2017","February 02, 2005","February 16, 2018"
44936,Abraham Benjamin de Villiers,"February 17, 1984, Pretoria",42y 137d,South Africa,Wicketkeeper Batter,2004 - 2018,2012,IPL 2012,RCB,16,13,5,319,64*,39.87,198,161.11,0,3,26,15,4,5,-,-,-,-,-,-,-,-,-,-,"February 24, 2006","October 29, 2017","February 02, 2005","February 16, 2018"
44936,Abraham Benjamin de Villiers,"February 17, 1984, Pretoria",42y 137d,South Africa,Wicketkeeper Batter,2004 - 2018,2011,IPL 2011,RCB,16,13,4,312,65,34.66,243,128.39,0,2,21,14,7,2,-,-,-,-,-,-,-,-,-,-,"February 24, 2006","October 29, 2017","February 02, 2005","February 16, 2018"
44936,Abraham Benjamin de Villiers,"February 17, 1984, Pretoria",42y 137d,South Africa,Wicketkeeper Batter,2004 - 2018,2009/10,IPL 2009/10,DC,7,7,0,111,45,15.85,119,93.27,0,0,7,0,6,0,-,-,-,-,-,-,-,-,-,-,"February 24, 2006","October 29, 2017","February 02, 2005","February 16, 2018"
44936,Abraham Benjamin de Villiers,"February 17, 1984, Pretoria",42y 137d,South Africa,Wicketkeeper Batter,2004 - 2018,2009,IPL 2009,DC,15,13,4,465,105*,51.66,355,130.98,1,3,39,12,13,0,-,-,-,-,-,-,-,-,-,-,"February 24, 2006","October 29, 2017","February 02, 2005","February 16, 2018"
44936,Abraham Benjamin de Villiers,"February 17, 1984, Pretoria",42y 137d,South Africa,Wicketkeeper Batter,2004 - 2018,2007/08,IPL 2007/08,DC,6,6,1,95,26*,19.00,98,96.93,0,0,5,1,3,0,-,-,-,-,-,-,-,-,-,-,"February 24, 2006","October 29, 2017","February 02, 2005","February 16, 2018"
1287067,Pappanayil Abdul Basith,"October 09, 1998, Ernakulam, Kerala",27y 271d,India,Allrounder,-,2023,IPL 2023,RR,1,1,1,1,1*,-,1,100.00,0,0,0,0,0,0,-,-,-,-,-,-,-,-,-,-,,,,
56283,Abdur Razzak,"June 15, 1982, Khulna",44y 22d,Bangladesh,Bowler,2004 - 2018,2007/08,IPL 2007/08,RCB,1,1,1,0,0*,-,2,0.00,0,0,0,0,0,0,0,14.50,12,-,-,-,-,0,0,0,"November 28, 2006","August 27, 2014","July 16, 2004","August 25, 2014"
1449085,Abhinandan Singh,"March 30, 1997",29y 99d,India,Bowler,-,2026,IPL 2026,RCB,3,-,-,-,-,-,-,-,-,-,-,-,2,0,3,12.62,58,2/30,2/30,40.66,19.3,0,0,0,,,,
1070183,Abhishek Sharma,"September 04, 2000, Amritsar, Punjab",25y 303d,India,Batting Allrounder,2024 - 2026,2026,IPL 2026,SRH,15,15,1,563,135*,40.21,275,204.72,1,4,50,43,10,0,0,10.13,29,-,-,-,-,0,0,0,"July 06, 2024","July 01, 2026",,
1070183,Abhishek Sharma,"September 04, 2000, Amritsar, Punjab",25y 303d,India,Batting Allrounder,2024 - 2026,2025,IPL 2025,SRH,14,13,0,439,141,33.76,227,193.39,1,2,46,28,8,0,0,10.18,66,-,-,-,-,0,0,0,"July 06, 2024","July 01, 2026",,
1070183,Abhishek Sharma,"September 04, 2000, Amritsar, Punjab",25y 303d,India,Batting Allrounder,2024 - 2026,2024,IPL 2024,SRH,16,16,1,484,75*,32.26,237,204.21,0,3,36,42,7,0,2,7.28,42,2/24,2/24,25.50,21.0,0,0,0,"July 06, 2024","July 01, 2026",,
1070183,Abhishek Sharma,"September 04, 2000, Amritsar, Punjab",25y 303d,India,Batting Allrounder,2024 - 2026,2023,IPL 2023,SRH,11,11,0,226,67,20.54,157,143.94,0,2,28,6,4,0,2,10.33,72,1/26,1/26,62.00,36.0,0,0,0,"July 06, 2024","July 01, 2026",,
1070183,Abhishek Sharma,"September 04, 2000, Amritsar, Punjab",25y 303d,India,Batting Allrounder,2024 - 2026,2022,IPL 2022,SRH,14,14,0,426,75,30.42,320,133.12,0,2,47,13,1,0,0,9.50,24,-,-,-,-,0,0,0,"July 06, 2024","July 01, 2026",,
1070183,Abhishek Sharma,"September 04, 2000, Amritsar, Punjab",25y 303d,India,Batting Allrounder,2024 - 2026,2021,IPL 2021,SRH,8,7,1,98,33,16.33,75,130.66,0,0,7,4,2,0,4,6.40,60,2/4,2/4,16.00,15.0,0,0,0,"July 06, 2024","July 01, 2026",,
1070183,Abhishek Sharma,"September 04, 2000, Amritsar, Punjab",25y 303d,India,Batting Allrounder,2024 - 2026,2020/21,IPL 2020/21,SRH,8,7,2,71,31,14.20,56,126.78,0,0,6,3,1,0,2,9.10,60,1/15,1/15,45.50,30.0,0,0,0,"July 06, 2024","July 01, 2026",,
1070183,Abhishek Sharma,"September 04, 2000, Amritsar, Punjab",25y 303d,India,Batting Allrounder,2024 - 2026,2019,IPL 2019,SRH,3,3,1,9,5*,4.50,9,100.00,0,0,1,0,1,0,1,10.50,12,1/10,1/10,21.00,12.0,0,0,0,"July 06, 2024","July 01, 2026",,
1070183,Abhishek Sharma,"September 04, 2000, Amritsar, Punjab",25y 303d,India,Batting Allrounder,2024 - 2026,2018,IPL 2018,DC,3,3,2,63,46*,63.00,33,190.90,0,0,3,5,1,0,-,-,-,-,-,-,-,-,-,-,"July 06, 2024","July 01, 2026",,
1277545,Abishek Porel,"October 17, 2002",23y 260d,India,Wicketkeeper Batter,-,2026,IPL 2026,DC,4,4,0,108,51,27.00,88,122.72,0,1,15,1,0,0,-,-,-,-,-,-,-,-,-,-,,,,
1277545,Abishek Porel,"October 17, 2002",23y 260d,India,Wicketkeeper Batter,-,2025,IPL 2025,DC,13,13,1,301,51,25.08,205,146.82,0,1,28,12,3,0,-,-,-,-,-,-,-,-,-,-,,,,
1277545,Abishek Porel,"October 17, 2002",23y 260d,India,Wicketkeeper Batter,-,2024,IPL 2024,DC,14,12,2,327,65,32.70,205,159.51,0,2,36,13,2,0,-,-,-,-,-,-,-,-,-,-,,,,
1277545,Abishek Porel,"October 17, 2002",23y 260d,India,Wicketkeeper Batter,-,2023,IPL 2023,DC,4,4,0,33,20,8.25,31,106.45,0,0,1,2,4,0,-,-,-,-,-,-,-,-,-,-,,,,
228430,Abu Nechim Ahmed,"November 05, 1988, Guwahati, Assam",37y 244d,India,Bowler,-,2015,IPL 2015,RCB,3,3,2,10,5*,10.00,5,200.00,0,0,2,0,0,0,1,10.66,72,1/28,1/28,128.00,72.0,0,0,0,,,,
228430,Abu Nechim Ahmed,"November 05, 1988, Guwahati, Assam",37y 244d,India,Bowler,-,2014,IPL 2014,RCB,4,1,1,4,4*,-,1,400.00,0,0,1,0,0,0,3,7.88,86,1/18,1/18,37.66,28.6,0,0,0,,,,
228430,Abu Nechim Ahmed,"November 05, 1988, Guwahati, Assam",37y 244d,India,Bowler,-,2013,IPL 2013,MI,2,-,-,-,-,-,-,-,-,-,-,-,1,0,3,6.42,42,2/27,2/27,15.00,14.0,0,0,0,,,,
228430,Abu Nechim Ahmed,"November 05, 1988, Guwahati, Assam",37y 244d,India,Bowler,-,2012,IPL 2012,MI,1,-,-,-,-,-,-,-,-,-,-,-,0,0,0,8.50,12,-,-,-,-,0,0,0,,,,
228430,Abu Nechim Ahmed,"November 05, 1988, Guwahati, Assam",37y 244d,India,Bowler,-,2011,IPL 2011,MI,6,1,1,18,18*,-,13,138.46,0,0,1,1,1,0,5,8.45,120,2/13,2/13,33.80,24.0,0,0,0,,,,
228430,Abu Nechim Ahmed,"November 05, 1988, Guwahati, Assam",37y 244d,India,Bowler,-,2009/10,IPL 2009/10,MI,1,1,1,4,4*,-,7,57.14,0,0,0,0,0,0,0,13.00,12,-,-,-,-,0,0,0,,,,
26184,Ajit Bhalchandra Agarkar,"December 04, 1977, Bombay (now Mumbai), Maharashtra",48y 212d,India,Bowler,1998 - 2007,2013,IPL 2013,DC,4,2,1,12,9*,12.00,16,75.00,0,0,0,0,1,0,0,9.20,60,-,-,-,-,0,0,0,"December 01, 2006","September 16, 2007","April 01, 1998","September 05, 2007"
26184,Ajit Bhalchandra Agarkar,"December 04, 1977, Bombay (now Mumbai), Maharashtra",48y 212d,India,Bowler,1998 - 2007,2012,IPL 2012,DC,4,1,1,0,0*,-,0,-,0,0,0,0,2,0,3,9.34,86,2/27,2/27,44.66,28.6,0,0,0,"December 01, 2006","September 16, 2007","April 01, 1998","September 05, 2007"
26184,Ajit Bhalchandra Agarkar,"December 04, 1977, Bombay (now Mumbai), Maharashtra",48y 212d,India,Bowler,1998 - 2007,2011,IPL 2011,DC,7,2,1,7,7*,7.00,6,116.66,0,0,1,0,0,0,8,8.55,162,2/23,2/23,28.87,20.2,0,0,0,"December 01, 2006","September 16, 2007","April 01, 1998","September 05, 2007"
26184,Ajit Bhalchandra Agarkar,"December 04, 1977, Bombay (now Mumbai), Maharashtra",48y 212d,India,Bowler,1998 - 2007,2009/10,IPL 2009/10,KKR,7,4,3,40,17,40.00,29,137.93,0,0,4,0,1,0,4,9.22,132,2/32,2/32,50.75,33.0,0,0,0,"December 01, 2006","September 16, 2007","April 01, 1998","September 05, 2007"
26184,Ajit Bhalchandra Agarkar,"December 04, 1977, Bombay (now Mumbai), Maharashtra",48y 212d,India,Bowler,1998 - 2007,2009,IPL 2009,KKR,11,7,5,66,39,33.00,57,115.78,0,0,3,3,0,0,6,9.16,186,2/15,2/15,47.33,31.0,0,0,0,"December 01, 2006","September 16, 2007","April 01, 1998","September 05, 2007"
26184,Ajit Bhalchandra Agarkar,"December 04, 1977, Bombay (now Mumbai), Maharashtra",48y 212d,India,Bowler,1998 - 2007,2007/08,IPL 2007/08,KKR,9,6,1,54,20,10.80,46,117.39,0,0,5,2,1,0,8,7.96,156,3/25,3/25,25.87,19.5,0,0,0,"December 01, 2006","September 16, 2007","April 01, 1998","September 05, 2007"
1176959,Akash Deep,"December 15, 1996, Dehri, (Rotas), Bihar",29y 204d,India,Bowler,2024 - 2025,2025,IPL 2025,LSG,6,2,1,6,6*,6.00,2,300.00,0,0,0,1,0,0,3,12.05,114,2/55,2/55,76.33,38.0,0,0,0,,,,
1176959,Akash Deep,"December 15, 1996, Dehri, (Rotas), Bihar",29y 204d,India,Bowler,2024 - 2025,2024,IPL 2024,RCB,1,1,1,2,2*,-,2,100.00,0,0,0,0,0,0,1,15.71,21,1/55,1/55,55.00,21.0,0,0,0,,,,
1176959,Akash Deep,"December 15, 1996, Dehri, (Rotas), Bihar",29y 204d,India,Bowler,2024 - 2025,2023,IPL 2023,RCB,2,1,0,17,17,17.00,8,212.50,0,0,2,1,1,0,1,11.80,30,1/29,1/29,59.00,30.0,0,0,0,,,,
1176959,Akash Deep,"December 15, 1996, Dehri, (Rotas), Bihar",29y 204d,India,Bowler,2024 - 2025,2022,IPL 2022,RCB,5,1,0,0,0,0.00,2,0.00,0,0,0,0,2,0,5,10.88,113,3/45,3/45,41.00,22.6,0,0,0,,,,
1175458,Akash Maharaj Singh,"April 26, 2002, Bharatpur, Rajasthan",24y 72d,India,Bowler,-,2026,IPL 2026,LSG,2,-,-,-,-,-,-,-,-,-,-,-,1,0,4,11.42,42,3/26,3/26,20.00,10.5,0,0,0,,,,
1175458,Akash Maharaj Singh,"April 26, 2002, Bharatpur, Rajasthan",24y 72d,India,Bowler,-,2025,IPL 2025,LSG,3,-,-,-,-,-,-,-,-,-,-,-,0,0,4,8.86,67,2/30,2/30,24.75,16.7,0,0,0,,,,
1175458,Akash Maharaj Singh,"April 26, 2002, Bharatpur, Rajasthan",24y 72d,India,Bowler,-,2023,IPL 2023,CSK,6,-,-,-,-,-,-,-,-,-,-,-,1,0,5,9.89,114,2/40,2/40,37.60,22.8,0,0,0,,,,
1175458,Akash Maharaj Singh,"April 26, 2002, Bharatpur, Rajasthan",24y 72d,India,Bowler,-,2021,IPL 2021,RR,1,-,-,-,-,-,-,-,-,-,-,-,0,0,0,9.75,24,-,-,-,-,0,0,0,,,,
500360,Akshdeep Deependra Nath,"May 10, 1993, Lucknow",33y 58d,United Arab Emirates,Middle order Batter,2026 - 2026,2019,IPL 2019,RCB,8,5,0,61,24,12.20,57,107.01,0,0,5,2,1,0,-,-,-,-,-,-,-,-,-,-,"April 20, 2026","April 21, 2026","April 25, 2026","May 03, 2026"
500360,Akshdeep Deependra Nath,"May 10, 1993, Lucknow",33y 58d,United Arab Emirates,Middle order Batter,2026 - 2026,2018,IPL 2018,PBKS,1,1,0,9,9,9.00,13,69.23,0,0,1,0,1,0,-,-,-,-,-,-,-,-,-,-,"April 20, 2026","April 21, 2026","April 25, 2026","May 03, 2026"
500360,Akshdeep Deependra Nath,"May 10, 1993, Lucknow",33y 58d,United Arab Emirates,Middle order Batter,2026 - 2026,2017,IPL 2017,GL,1,1,0,0,0,0.00,1,0.00,0,0,0,0,0,0,-,-,-,-,-,-,-,-,-,-,"April 20, 2026","April 21, 2026","April 25, 2026","May 03, 2026"
500360,Akshdeep Deependra Nath,"May 10, 1993, Lucknow",33y 58d,United Arab Emirates,Middle order Batter,2026 - 2026,2016,IPL 2016,GL,4,3,0,20,12,6.66,27,74.07,0,0,1,0,0,0,-,-,-,-,-,-,-,-,-,-,"April 20, 2026","April 21, 2026","April 25, 2026","May 03, 2026"
326434,Alex Tyson Carey,"August 27, 1991, Loxton, South Australia",34y 311d,Australia,Wicketkeeper Batter,2018 - 2026,2020/21,IPL 2020/21,DC,3,3,1,32,14*,16.00,29,110.34,0,0,0,1,2,0,-,-,-,-,-,-,-,-,-,-,"February 03, 2018","October 04, 2025","January 19, 2018","June 14, 2026"
1254269,Aman Khan,"November 23, 1996",29y 223d,India,Allrounder,-,2023,IPL 2023,DC,11,9,1,110,51,13.75,101,108.91,0,1,7,6,9,0,-,-,-,-,-,-,-,-,-,-,,,,
1254269,Aman Khan,"November 23, 1996",29y 223d,India,Allrounder,-,2022,IPL 2022,KKR,1,1,0,5,5,5.00,3,166.66,0,0,1,0,0,0,0,13.00,6,-,-,-,-,0,0,0,,,,
26797,Anand Rajan,"April 17, 1987, Nagpur, Maharashtra",39y 78d,India,Bowler,-,2013,IPL 2013,SRH,2,-,-,-,-,-,-,-,-,-,-,-,1,0,2,5.25,48,1/20,1/20,21.00,24.0,0,0,0,,,,
26797,Anand Rajan,"April 17, 1987, Nagpur, Maharashtra",39y 78d,India,Bowler,-,2012,IPL 2012,DCH,4,-,-,-,-,-,-,-,-,-,-,-,0,0,3,9.21,71,1/11,1/11,36.33,23.6,0,0,0,,,,
26797,Anand Rajan,"April 17, 1987, Nagpur, Maharashtra",39y 78d,India,Bowler,-,2011,IPL 2011,DCH,2,-,-,-,-,-,-,-,-,-,-,-,2,0,3,10.00,30,3/27,3/27,16.66,10.0,0,0,0,,,,
7702,Andrew Symonds,"June 09, 1975, Birmingham, Warwickshire, England",,Australia,Allrounder,1998 - 2009,2011,IPL 2011,MI,11,9,5,135,44*,33.75,138,97.82,0,0,9,3,5,0,1,10.25,24,1/11,1/11,41.00,24.0,0,0,0,"February 17, 2005","May 07, 2009","November 10, 1998","May 03, 2009"
7702,Andrew Symonds,"June 09, 1975, Birmingham, Warwickshire, England",,Australia,Allrounder,1998 - 2009,2009/10,IPL 2009/10,DCH,16,16,2,429,54,30.64,341,125.80,0,4,35,18,12,0,12,7.01,318,3/21,3/21,31.00,26.5,0,0,0,"February 17, 2005","May 07, 2009","November 10, 1998","May 03, 2009"
7702,Andrew Symonds,"June 09, 1975, Birmingham, Warwickshire, England",,Australia,Allrounder,1998 - 2009,2009,IPL 2009,DCH,8,8,1,249,60*,35.57,166,150.00,0,1,15,11,1,0,7,6.66,144,2/18,2/18,22.85,20.5,0,0,0,"February 17, 2005","May 07, 2009","November 10, 1998","May 03, 2009"
7702,Andrew Symonds,"June 09, 1975, Birmingham, Warwickshire, England",,Australia,Allrounder,1998 - 2009,2007/08,IPL 2007/08,DCH,4,3,1,161,117*,80.50,105,153.33,1,0,15,9,3,0,0,14.78,41,-,-,-,-,0,0,0,"February 17, 2005","May 07, 2009","November 10, 1998","May 03, 2009"
26252,Anirudh Singh,"August 02, 1980, Hyderabad, Andhra Pradesh",45y 336d,India,,-,2009/10,IPL 2009/10,DCH,5,4,0,63,40,15.75,66,95.45,0,0,6,1,3,0,-,-,-,-,-,-,-,-,-,-,,,,
327123,Ankit Ramdas Bawne,"December 17, 1992, Paitha, Aurangabad",33y 199d,India,Middle order Batter,-,2017,IPL 2017,DC,1,1,1,12,12*,-,12,100.00,0,0,1,0,0,0,-,-,-,-,-,-,-,-,-,-,,,,
422992,Ankit Nagendra Sharma,"April 20, 1991, Gwalior, Madhya Pradesh",35y 78d,India,Bowler,-,2018,IPL 2018,RR,1,-,-,-,-,-,-,-,-,-,-,-,0,0,0,11.00,6,-,-,-,-,0,0,0,,,,
422992,Ankit Nagendra Sharma,"April 20, 1991, Gwalior, Madhya Pradesh",35y 78d,India,Bowler,-,2017,IPL 2017,RPS,1,1,0,25,25,25.00,15,166.66,0,0,2,1,0,0,0,16.00,6,-,-,-,-,0,0,0,,,,
422992,Ankit Nagendra Sharma,"April 20, 1991, Gwalior, Madhya Pradesh",35y 78d,India,Bowler,-,2016,IPL 2016,RPS,3,1,1,3,3*,-,3,100.00,0,0,0,0,1,0,1,7.63,66,1/27,1/27,84.00,66.0,0,0,0,,,,
422992,Ankit Nagendra Sharma,"April 20, 1991, Gwalior, Madhya Pradesh",35y 78d,India,Bowler,-,2015,IPL 2015,RR,4,2,1,7,7*,7.00,6,116.66,0,0,1,0,2,0,3,8.14,84,1/26,1/26,38.00,28.0,0,0,0,,,,
422992,Ankit Nagendra Sharma,"April 20, 1991, Gwalior, Madhya Pradesh",35y 78d,India,Bowler,-,2014,IPL 2014,RR,3,2,0,34,30,17.00,30,113.33,0,0,4,1,0,0,4,5.37,48,2/20,2/20,10.75,12.0,0,0,0,,,,
422992,Ankit Nagendra Sharma,"April 20, 1991, Gwalior, Madhya Pradesh",35y 78d,India,Bowler,-,2013,IPL 2013,SRH,1,-,-,-,-,-,-,-,-,-,-,-,1,0,0,8.50,12,-,-,-,-,0,0,0,,,,
422992,Ankit Nagendra Sharma,"April 20, 1991, Gwalior, Madhya Pradesh",35y 78d,India,Bowler,-,2012,IPL 2012,DCH,9,4,1,18,15,6.00,13,138.46,0,0,0,2,0,0,4,6.82,145,1/9,1/9,41.25,36.2,0,0,0,,,,
1123073,Anuj Rawat,"October 17, 1999, Ram Nagar, Uttarakhand",26y 263d,India,Wicketkeeper Batter,-,2024,IPL 2024,RCB,5,5,1,98,48,24.50,77,127.27,0,0,10,3,5,0,-,-,-,-,-,-,-,-,-,-,,,,
1123073,Anuj Rawat,"October 17, 1999, Ram Nagar, Uttarakhand",26y 263d,India,Wicketkeeper Batter,-,2023,IPL 2023,RCB,9,7,4,91,29*,30.33,71,128.16,0,0,6,4,3,0,-,-,-,-,-,-,-,-,-,-,,,,
1123073,Anuj Rawat,"October 17, 1999, Ram Nagar, Uttarakhand",26y 263d,India,Wicketkeeper Batter,-,2022,IPL 2022,RCB,8,8,0,129,66,16.12,118,109.32,0,1,10,7,5,0,-,-,-,-,-,-,-,-,-,-,,,,
1123073,Anuj Rawat,"October 17, 1999, Ram Nagar, Uttarakhand",26y 263d,India,Wicketkeeper Batter,-,2021,IPL 2021,RR,2,1,0,0,0,0.00,1,0.00,0,0,0,0,3,0,-,-,-,-,-,-,-,-,-,-,,,,
376324,Kathuria Anureet Singh,"March 02, 1988, Delhi",38y 127d,India,Bowler,-,2018,IPL 2018,RR,3,1,1,3,3*,-,4,75.00,0,0,0,0,1,0,1,10.50,24,1/20,1/20,42.00,24.0,0,0,0,,,,
376324,Kathuria Anureet Singh,"March 02, 1988, Delhi",38y 127d,India,Bowler,-,2017,IPL 2017,PBKS,1,1,0,15,15,15.00,12,125.00,0,0,2,0,0,0,0,13.00,12,-,-,-,-,0,0,0,,,,
376324,Kathuria Anureet Singh,"March 02, 1988, Delhi",38y 127d,India,Bowler,-,2016,IPL 2016,PBKS,2,-,-,-,-,-,-,-,-,-,-,-,0,0,0,7.16,36,-,-,-,-,0,0,0,,,,
376324,Kathuria Anureet Singh,"March 02, 1988, Delhi",38y 127d,India,Bowler,-,2015,IPL 2015,PBKS,14,6,3,18,10,6.00,31,58.06,0,0,0,1,4,0,15,9.00,310,3/23,3/23,31.00,20.6,0,0,0,,,,
376324,Kathuria Anureet Singh,"March 02, 1988, Delhi",38y 127d,India,Bowler,-,2009,IPL 2009,KKR,3,-,-,-,-,-,-,-,-,-,-,-,0,0,2,9.40,30,2/35,2/35,23.50,15.0,0,0,0,,,,
36110,Arjun Shivlal Yadav,"December 23, 1981, Palghat (now Palakkad), Kerala",44y 193d,India,Batter,-,2007/08,IPL 2007/08,DCH,8,6,1,49,16,9.80,39,125.64,0,0,5,2,1,0,-,-,-,-,-,-,-,-,-,-,,,,
319745,Konda Bhaskir Arun Karthik,"February 15, 1986, Walajapet, Tamil Nadu",40y 142d,India,Wicketkeeper Batter,-,2013,IPL 2013,RCB,12,5,2,41,19*,13.66,38,107.89,0,0,3,1,9,2,-,-,-,-,-,-,-,-,-,-,,,,
319745,Konda Bhaskir Arun Karthik,"February 15, 1986, Walajapet, Tamil Nadu",40y 142d,India,Wicketkeeper Batter,-,2012,IPL 2012,RCB,1,-,-,-,-,-,-,-,-,-,-,-,0,0,-,-,-,-,-,-,-,-,-,-,,,,
319745,Konda Bhaskir Arun Karthik,"February 15, 1986, Walajapet, Tamil Nadu",40y 142d,India,Wicketkeeper Batter,-,2011,IPL 2011,RCB,3,2,0,7,6,3.50,8,87.50,0,0,1,0,2,0,-,-,-,-,-,-,-,-,-,-,,,,
319745,Konda Bhaskir Arun Karthik,"February 15, 1986, Walajapet, Tamil Nadu",40y 142d,India,Wicketkeeper Batter,-,2009/10,IPL 2009/10,CSK,1,1,1,3,3*,-,5,60.00,0,0,0,0,0,0,-,-,-,-,-,-,-,-,-,-,,,,
389605,Ammana Ashish Reddy,"February 24, 1991, Secunderabad",35y 130d,India,Allrounder,-,2016,IPL 2016,SRH,4,3,1,47,32,23.50,29,162.06,0,0,2,4,1,0,1,10.17,23,1/14,1/14,39.00,23.0,0,0,0,,,,
389605,Ammana Ashish Reddy,"February 24, 1991, Secunderabad",35y 130d,India,Allrounder,-,2015,IPL 2015,SRH,6,5,2,73,22*,24.33,46,158.69,0,0,3,5,1,0,3,8.33,36,1/11,1/11,16.66,12.0,0,0,0,,,,
389605,Ammana Ashish Reddy,"February 24, 1991, Secunderabad",35y 130d,India,Allrounder,-,2013,IPL 2013,SRH,12,10,4,125,36*,20.83,89,140.44,0,0,9,4,7,0,3,10.50,40,1/7,1/7,23.33,13.3,0,0,0,,,,
389605,Ammana Ashish Reddy,"February 24, 1991, Secunderabad",35y 130d,India,Allrounder,-,2012,IPL 2012,DCH,9,5,1,35,10*,8.75,29,120.68,0,0,3,1,0,0,11,8.72,163,3/25,3/25,21.54,14.8,0,0,0,,,,
227712,Ashok Bhimchandra Dinda,"March 25, 1984, Medinipur, Calcutta (now Kolkata)",42y 101d,India,Bowler,2009 - 2013,2017,IPL 2017,RPS,3,1,0,7,7,7.00,7,100.00,0,0,1,0,0,0,1,11.90,60,1/26,1/26,119.00,60.0,0,0,0,"December 09, 2009","December 28, 2012","May 28, 2010","January 11, 2013"
227712,Ashok Bhimchandra Dinda,"March 25, 1984, Medinipur, Calcutta (now Kolkata)",42y 101d,India,Bowler,2009 - 2013,2016,IPL 2016,RPS,9,-,-,-,-,-,-,-,-,-,-,-,0,0,11,7.57,183,3/20,3/20,21.00,16.6,0,0,0,"December 09, 2009","December 28, 2012","May 28, 2010","January 11, 2013"
227712,Ashok Bhimchandra Dinda,"March 25, 1984, Medinipur, Calcutta (now Kolkata)",42y 101d,India,Bowler,2009 - 2013,2015,IPL 2015,RCB,2,-,-,-,-,-,-,-,-,-,-,-,1,0,0,12.40,30,-,-,-,-,0,0,0,"December 09, 2009","December 28, 2012","May 28, 2010","January 11, 2013"
227712,Ashok Bhimchandra Dinda,"March 25, 1984, Medinipur, Calcutta (now Kolkata)",42y 101d,India,Bowler,2009 - 2013,2014,IPL 2014,RCB,9,3,2,4,2*,4.00,12,33.33,0,0,0,0,0,0,5,8.70,186,1/14,1/14,54.00,37.2,0,0,0,"December 09, 2009","December 28, 2012","May 28, 2010","January 11, 2013"
227712,Ashok Bhimchandra Dinda,"March 25, 1984, Medinipur, Calcutta (now Kolkata)",42y 101d,India,Bowler,2009 - 2013,2013,IPL 2013,PWI,13,5,3,9,6*,4.50,11,81.81,0,0,1,0,3,0,16,9.48,294,3/31,3/31,29.06,18.3,0,0,0,"December 09, 2009","December 28, 2012","May 28, 2010","January 11, 2013"
227712,Ashok Bhimchandra Dinda,"March 25, 1984, Medinipur, Calcutta (now Kolkata)",42y 101d,India,Bowler,2009 - 2013,2012,IPL 2012,PWI,7,1,0,2,2,2.00,5,40.00,0,0,0,0,1,0,9,7.04,144,4/18,4/18,18.77,16.0,1,0,0,"December 09, 2009","December 28, 2012","May 28, 2010","January 11, 2013"
227712,Ashok Bhimchandra Dinda,"March 25, 1984, Medinipur, Calcutta (now Kolkata)",42y 101d,India,Bowler,2009 - 2013,2011,IPL 2011,DC,6,1,0,0,0,0.00,5,0.00,0,0,0,0,0,0,5,8.94,102,2/42,2/42,30.40,20.4,0,0,0,"December 09, 2009","December 28, 2012","May 28, 2010","January 11, 2013"
227712,Ashok Bhimchandra Dinda,"March 25, 1984, Medinipur, Calcutta (now Kolkata)",42y 101d,India,Bowler,2009 - 2013,2009/10,IPL 2009/10,KKR,7,1,0,0,0,0.00,1,0.00,0,0,0,0,0,0,9,6.56,139,2/15,2/15,16.88,15.4,0,0,0,"December 09, 2009","December 28, 2012","May 28, 2010","January 11, 2013"
227712,Ashok Bhimchandra Dinda,"March 25, 1984, Medinipur, Calcutta (now Kolkata)",42y 101d,India,Bowler,2009 - 2013,2009,IPL 2009,KKR,9,2,0,2,2,1.00,3,66.66,0,0,0,0,1,0,4,8.04,144,1/24,1/24,48.25,36.0,0,0,0,"December 09, 2009","December 28, 2012","May 28, 2010","January 11, 2013"
227712,Ashok Bhimchandra Dinda,"March 25, 1984, Medinipur, Calcutta (now Kolkata)",42y 101d,India,Bowler,2009 - 2013,2007/08,IPL 2007/08,KKR,13,3,2,2,1*,2.00,4,50.00,0,0,0,0,1,0,9,6.66,234,3/33,3/33,28.88,26.0,0,0,0,"December 09, 2009","December 28, 2012","May 28, 2010","January 11, 2013"
1159732,Auqib Nabi,"November 04, 1996",29y 242d,India,Bowler,-,2026,IPL 2026,DC,5,2,1,14,10*,14.00,4,350.00,0,0,2,1,1,0,0,11.46,78,-,-,-,-,0,0,0,,,,
694211,Avesh Khan,"December 13, 1996, Indore, Madhya Pradesh",29y 206d,India,Bowler,2022 - 2024,2026,IPL 2026,LSG,7,4,3,6,4*,6.00,6,100.00,0,0,1,0,2,0,6,11.06,148,2/23,2/23,45.50,24.6,0,0,0,"February 20, 2022","November 10, 2024","July 24, 2022","December 21, 2023"
694211,Avesh Khan,"December 13, 1996, Indore, Madhya Pradesh",29y 206d,India,Bowler,2022 - 2024,2025,IPL 2025,LSG,13,4,3,21,19*,21.00,12,175.00,0,0,3,1,2,0,13,10.28,284,3/37,3/37,37.46,21.8,0,0,0,"February 20, 2022","November 10, 2024","July 24, 2022","December 21, 2023"
694211,Avesh Khan,"December 13, 1996, Indore, Madhya Pradesh",29y 206d,India,Bowler,2022 - 2024,2024,IPL 2024,RR,16,3,3,10,7*,-,5,200.00,0,0,1,0,2,0,19,9.59,329,3/27,3/27,27.68,17.3,0,0,0,"February 20, 2022","November 10, 2024","July 24, 2022","December 21, 2023"
694211,Avesh Khan,"December 13, 1996, Indore, Madhya Pradesh",29y 206d,India,Bowler,2022 - 2024,2023,IPL 2023,LSG,9,1,1,0,0*,-,1,0.00,0,0,0,0,2,0,8,9.75,174,3/25,3/25,35.37,21.7,0,0,0,"February 20, 2022","November 10, 2024","July 24, 2022","December 21, 2023"
694211,Avesh Khan,"December 13, 1996, Indore, Madhya Pradesh",29y 206d,India,Bowler,2022 - 2024,2022,IPL 2022,LSG,13,4,3,22,12,22.00,13,169.23,0,0,0,3,2,0,18,8.72,286,4/24,4/24,23.11,15.8,1,0,0,"February 20, 2022","November 10, 2024","July 24, 2022","December 21, 2023"
694211,Avesh Khan,"December 13, 1996, Indore, Madhya Pradesh",29y 206d,India,Bowler,2022 - 2024,2021,IPL 2021,DC,16,1,0,5,5,5.00,3,166.66,0,0,1,0,1,0,24,7.37,366,3/13,3/13,18.75,15.2,0,0,0,"February 20, 2022","November 10, 2024","July 24, 2022","December 21, 2023"
694211,Avesh Khan,"December 13, 1996, Indore, Madhya Pradesh",29y 206d,India,Bowler,2022 - 2024,2020/21,IPL 2020/21,DC,1,-,-,-,-,-,-,-,-,-,-,-,0,0,0,10.50,24,-,-,-,-,0,0,0,"February 20, 2022","November 10, 2024","July 24, 2022","December 21, 2023"
694211,Avesh Khan,"December 13, 1996, Indore, Madhya Pradesh",29y 206d,India,Bowler,2022 - 2024,2019,IPL 2019,DC,1,1,1,4,4*,-,3,133.33,0,0,1,0,1,0,0,10.00,18,-,-,-,-,0,0,0,"February 20, 2022","November 10, 2024","July 24, 2022","December 21, 2023"
694211,Avesh Khan,"December 13, 1996, Indore, Madhya Pradesh",29y 206d,India,Bowler,2022 - 2024,2018,IPL 2018,DC,6,-,-,-,-,-,-,-,-,-,-,-,3,0,4,10.73,114,2/29,2/29,51.00,28.5,0,0,0,"February 20, 2022","November 10, 2024","July 24, 2022","December 21, 2023"
694211,Avesh Khan,"December 13, 1996, Indore, Madhya Pradesh",29y 206d,India,Bowler,2022 - 2024,2017,IPL 2017,RCB,1,-,-,-,-,-,-,-,-,-,-,-,0,0,1,5.75,24,1/23,1/23,23.00,24.0,0,0,0,"February 20, 2022","November 10, 2024","July 24, 2022","December 21, 2023"
26946,Azharuddin Anjum Bilakhia,"May 31, 1986, Mohwa, Bhavnagar, Gujarat",40y 34d,India,,-,2009/10,IPL 2009/10,DCH,1,1,0,2,2,2.00,4,50.00,0,0,0,0,1,0,-,-,-,-,-,-,-,-,-,-,,,,
26946,Azharuddin Anjum Bilakhia,"May 31, 1986, Mohwa, Bhavnagar, Gujarat",40y 34d,India,,-,2009,IPL 2009,DCH,6,6,2,67,22,16.75,81,82.71,0,0,5,0,0,0,-,-,-,-,-,-,-,-,-,-,,,,
26206,Balachandra Akhil,"October 07, 1977, Bangalore, Karnataka",48y 273d,India,Bowler,-,2011,IPL 2011,Kochi,1,1,0,13,13,13.00,9,144.44,0,0,0,1,0,0,0,11.00,12,-,-,-,-,0,0,0,,,,
26206,Balachandra Akhil,"October 07, 1977, Bangalore, Karnataka",48y 273d,India,Bowler,-,2009/10,IPL 2009/10,RCB,1,-,-,-,-,-,-,-,-,-,-,-,0,0,0,6.00,6,-,-,-,-,0,0,0,,,,
26206,Balachandra Akhil,"October 07, 1977, Bangalore, Karnataka",48y 273d,India,Bowler,-,2009,IPL 2009,RCB,6,3,1,17,9,8.50,15,113.33,0,0,1,1,0,0,4,7.27,66,2/18,2/18,20.00,16.5,0,0,0,,,,
26206,Balachandra Akhil,"October 07, 1977, Bangalore, Karnataka",48y 273d,India,Bowler,-,2007/08,IPL 2007/08,RCB,7,7,4,46,27*,15.33,31,148.38,0,0,4,3,3,0,2,7.73,104,2/17,2/17,67.00,52.0,0,0,0,,,,
27685,Bharat Chipli,"January 27, 1983, Sagar, Shivmoga, Karantaka",43y 158d,India,Batter,-,2013,IPL 2013,DC,1,1,0,16,16,16.00,18,88.88,0,0,1,1,0,0,-,-,-,-,-,-,-,-,-,-,,,,
27685,Bharat Chipli,"January 27, 1983, Sagar, Shivmoga, Karantaka",43y 158d,India,Batter,-,2012,IPL 2012,DCH,5,4,1,37,25*,12.33,35,105.71,0,0,3,2,1,0,-,-,-,-,-,-,-,-,-,-,,,,
27685,Bharat Chipli,"January 27, 1983, Sagar, Shivmoga, Karantaka",43y 158d,India,Batter,-,2011,IPL 2011,DCH,14,13,5,207,61*,25.87,170,121.76,0,1,21,4,1,0,0,20.00,6,-,-,-,-,0,0,0,,,,
27685,Bharat Chipli,"January 27, 1983, Sagar, Shivmoga, Karantaka",43y 158d,India,Batter,-,2007/08,IPL 2007/08,RCB,3,3,0,20,10,6.66,28,71.42,0,0,3,0,1,0,-,-,-,-,-,-,-,-,-,-,,,,
253798,Bodapati Apparao Sumanth,"May 10, 1988, Visakhapatnam, Andhra Pradesh",38y 55d,India,Middle order Batter,-,2009/10,IPL 2009/10,DCH,5,4,3,35,16,35.00,37,94.59,0,0,3,0,4,0,-,-,-,-,-,-,-,-,-,-,,,,
5472,Brett Geeves,"June 13, 1982, Claremont, Tasmania",44y 21d,Australia,Bowler,2008 - 2009,2007/08,IPL 2007/08,DC,2,-,-,-,-,-,-,-,-,-,-,-,3,0,1,11.37,48,1/50,1/50,91.00,48.0,0,0,0,"August 30, 2008","April 09, 2009","August 30, 2008","April 09, 2009"
8291,Cameron Leon White,"August 18, 1983, Bairnsdale, Victoria",42y 324d,Australia,Middle order Batter,2005 - 2018,2013,IPL 2013,SRH,13,13,1,209,52,17.41,191,109.42,0,1,18,7,10,0,1,8.00,12,1/14,1/14,16.00,12.0,0,0,0,"January 09, 2007","November 09, 2014","October 05, 2005","January 26, 2018"
8291,Cameron Leon White,"August 18, 1983, Bairnsdale, Victoria",42y 324d,Australia,Middle order Batter,2005 - 2018,2012,IPL 2012,DCH,13,13,2,479,78,43.54,320,149.68,0,5,41,20,3,0,0,9.00,18,-,-,-,-,0,0,0,"January 09, 2007","November 09, 2014","October 05, 2005","January 26, 2018"
8291,Cameron Leon White,"August 18, 1983, Bairnsdale, Victoria",42y 324d,Australia,Middle order Batter,2005 - 2018,2011,IPL 2011,DCH,6,6,2,104,31*,26.00,109,95.41,0,0,6,2,2,0,-,-,-,-,-,-,-,-,-,-,"January 09, 2007","November 09, 2014","October 05, 2005","January 26, 2018"
8291,Cameron Leon White,"August 18, 1983, Bairnsdale, Victoria",42y 324d,Australia,Middle order Batter,2005 - 2018,2009/10,IPL 2009/10,RCB,7,5,3,48,21*,24.00,33,145.45,0,0,3,3,4,0,0,19.00,6,-,-,-,-,0,0,0,"January 09, 2007","November 09, 2014","October 05, 2005","January 26, 2018"
8291,Cameron Leon White,"August 18, 1983, Bairnsdale, Victoria",42y 324d,Australia,Middle order Batter,2005 - 2018,2007/08,IPL 2007/08,RCB,8,8,1,114,31*,16.28,102,111.76,0,0,8,4,3,0,0,24.00,6,-,-,-,-,0,0,0,"January 09, 2007","November 09, 2014","October 05, 2005","January 26, 2018"
457249,Carlos Ricardo Brathwaite,"July 18, 1988, Barbados",37y 351d,West Indies,Allrounder,2011 - 2019,2019,IPL 2019,KKR,2,2,0,11,6,5.50,10,110.00,0,0,1,0,0,0,0,9.66,18,-,-,-,-,0,0,0,"October 11, 2011","August 06, 2019","October 18, 2011","August 14, 2019"
457249,Carlos Ricardo Brathwaite,"July 18, 1988, Barbados",37y 351d,West Indies,Allrounder,2011 - 2019,2018,IPL 2018,SRH,4,4,1,75,43*,25.00,48,156.25,0,0,1,8,2,0,5,9.24,61,2/15,2/15,18.80,12.2,0,0,0,"October 11, 2011","August 06, 2019","October 18, 2011","August 14, 2019"
457249,Carlos Ricardo Brathwaite,"July 18, 1988, Barbados",37y 351d,West Indies,Allrounder,2011 - 2019,2017,IPL 2017,DC,2,2,0,12,11,6.00,15,80.00,0,0,2,0,0,0,1,11.16,36,1/38,1/38,67.00,36.0,0,0,0,"October 11, 2011","August 06, 2019","October 18, 2011","August 14, 2019"
457249,Carlos Ricardo Brathwaite,"July 18, 1988, Barbados",37y 351d,West Indies,Allrounder,2011 - 2019,2016,IPL 2016,DC,8,6,0,83,34,13.83,38,218.42,0,0,6,8,3,0,7,8.15,139,3/47,3/47,27.00,19.8,0,0,0,"October 11, 2011","August 06, 2019","October 18, 2011","August 14, 2019"
50431,Lindamlilage Prageeth Chamara Silva,"December 14, 1979, Panadura",46y 202d,Sri Lanka,Batter,1999 - 2011,2007/08,IPL 2007/08,DCH,3,3,1,40,23*,20.00,26,153.84,0,0,5,1,3,0,0,21.00,6,-,-,-,-,0,0,0,"December 22, 2006","November 25, 2011","August 26, 1999","November 23, 2011"
50804,Warnakulasuriya Patabendige Ushantha Joseph Chaminda Vaas,"January 27, 1974, Mattumagala",52y 158d,Sri Lanka,Bowler,1994 - 2009,2009/10,IPL 2009/10,DCH,6,5,1,30,16,7.50,34,88.23,0,0,1,1,0,0,9,6.31,132,3/21,3/21,15.44,14.6,0,0,0,"December 22, 2006","September 20, 2007","February 15, 1994","August 27, 2008"
50804,Warnakulasuriya Patabendige Ushantha Joseph Chaminda Vaas,"January 27, 1974, Mattumagala",52y 158d,Sri Lanka,Bowler,1994 - 2009,2009,IPL 2009,DCH,2,2,1,30,20,30.00,21,142.85,0,0,1,1,0,0,4,8.87,48,2/19,2/19,17.75,12.0,0,0,0,"December 22, 2006","September 20, 2007","February 15, 1994","August 27, 2008"
50804,Warnakulasuriya Patabendige Ushantha Joseph Chaminda Vaas,"January 27, 1974, Mattumagala",52y 158d,Sri Lanka,Bowler,1994 - 2009,2007/08,IPL 2007/08,DCH,5,4,1,21,12*,7.00,18,116.66,0,0,0,1,0,0,5,8.52,102,2/9,2/9,29.00,20.4,0,0,0,"December 22, 2006","September 20, 2007","February 15, 1994","August 27, 2008"
302208,Chidhambaram Muralidharen Gautam,"March 08, 1986, Bangalore, Karnataka",40y 118d,India,Wicketkeeper,-,2015,IPL 2015,DC,1,1,0,4,4,4.00,5,80.00,0,0,0,0,0,1,-,-,-,-,-,-,-,-,-,-,,,,
302208,Chidhambaram Muralidharen Gautam,"March 08, 1986, Bangalore, Karnataka",40y 118d,India,Wicketkeeper,-,2014,IPL 2014,MI,9,9,2,121,33,17.28,111,109.00,0,0,13,5,3,3,-,-,-,-,-,-,-,-,-,-,,,,
302208,Chidhambaram Muralidharen Gautam,"March 08, 1986, Bangalore, Karnataka",40y 118d,India,Wicketkeeper,-,2013,IPL 2013,DC,3,3,1,44,30,22.00,34,129.41,0,0,4,1,0,0,-,-,-,-,-,-,-,-,-,-,,,,
45705,Colin Alexander Ingram,"July 03, 1985, Port Elizabeth",41y 1d,South Africa,Top order Batter,2010 - 2013,2019,IPL 2019,DC,12,12,2,184,47,18.40,154,119.48,0,0,20,5,1,0,-,-,-,-,-,-,-,-,-,-,"October 08, 2010","March 30, 2012","October 15, 2010","November 01, 2013"
45705,Colin Alexander Ingram,"July 03, 1985, Port Elizabeth",41y 1d,South Africa,Top order Batter,2010 - 2013,2011,IPL 2011,DC,3,3,1,21,13*,10.50,26,80.76,0,0,2,0,0,0,-,-,-,-,-,-,-,-,-,-,"October 08, 2010","March 30, 2012","October 15, 2010","November 01, 2013"
277662,Corey James Anderson,"December 13, 1990, Christchurch, Canterbury",35y 206d,United States of America,Batting Allrounder,2012 - 2024,2018,IPL 2018,RCB,3,3,0,17,15,5.66,22,77.27,0,0,0,1,0,0,3,13.26,52,2/47,2/47,38.33,17.3,0,0,0,"December 21, 2012","June 23, 2024","June 16, 2013","June 09, 2017"
277662,Corey James Anderson,"December 13, 1990, Christchurch, Canterbury",35y 206d,United States of America,Batting Allrounder,2012 - 2024,2017,IPL 2017,DC,11,11,4,142,41*,20.28,123,115.44,0,0,8,9,5,0,3,9.87,113,1/23,1/23,62.00,37.6,0,0,0,"December 21, 2012","June 23, 2024","June 16, 2013","June 09, 2017"
277662,Corey James Anderson,"December 13, 1990, Christchurch, Canterbury",35y 206d,United States of America,Batting Allrounder,2012 - 2024,2015,IPL 2015,MI,4,4,1,114,55*,38.00,97,117.52,0,2,11,6,1,0,1,8.25,24,1/21,1/21,33.00,24.0,0,0,0,"December 21, 2012","June 23, 2024","June 16, 2013","June 09, 2017"
277662,Corey James Anderson,"December 13, 1990, Christchurch, Canterbury",35y 206d,United States of America,Batting Allrounder,2012 - 2024,2014,IPL 2014,MI,12,11,2,265,95*,29.44,181,146.40,0,1,21,15,5,0,4,10.22,108,2/18,2/18,46.00,27.0,0,0,0,"December 21, 2012","June 23, 2024","June 16, 2013","June 09, 2017"
47492,Dale Willem Steyn,"June 27, 1983, Phalaborwa",43y 7d,South Africa,Bowler,2004 - 2020,2020/21,IPL 2020/21,RCB,3,1,1,1,1*,-,2,50.00,0,0,0,0,0,0,1,11.40,70,1/33,1/33,133.00,70.0,0,0,0,"November 23, 2007","February 21, 2020","August 17, 2005","March 13, 2019"
47492,Dale Willem Steyn,"June 27, 1983, Phalaborwa",43y 7d,South Africa,Bowler,2004 - 2020,2019,IPL 2019,RCB,2,1,1,0,0*,-,0,-,0,0,0,0,0,0,4,8.62,48,2/29,2/29,17.25,12.0,0,0,0,"November 23, 2007","February 21, 2020","August 17, 2005","March 13, 2019"
47492,Dale Willem Steyn,"June 27, 1983, Phalaborwa",43y 7d,South Africa,Bowler,2004 - 2020,2016,IPL 2016,GL,1,1,0,1,1,1.00,2,50.00,0,0,0,0,0,0,0,8.50,12,-,-,-,-,0,0,0,"November 23, 2007","February 21, 2020","August 17, 2005","March 13, 2019"
47492,Dale Willem Steyn,"June 27, 1983, Phalaborwa",43y 7d,South Africa,Bowler,2004 - 2020,2015,IPL 2015,SRH,6,3,2,20,19*,20.00,13,153.84,0,0,3,0,2,0,3,8.94,114,2/38,2/38,56.66,38.0,0,0,0,"November 23, 2007","February 21, 2020","August 17, 2005","March 13, 2019"
47492,Dale Willem Steyn,"June 27, 1983, Phalaborwa",43y 7d,South Africa,Bowler,2004 - 2020,2014,IPL 2014,SRH,14,4,1,22,12,7.33,26,84.61,0,0,1,0,7,0,11,7.69,336,2/20,2/20,39.18,30.5,0,0,0,"November 23, 2007","February 21, 2020","August 17, 2005","March 13, 2019"
47492,Dale Willem Steyn,"June 27, 1983, Phalaborwa",43y 7d,South Africa,Bowler,2004 - 2020,2013,IPL 2013,SRH,17,8,6,53,18*,26.50,36,147.22,0,0,5,2,3,0,19,5.66,407,3/11,3/11,20.21,21.4,0,0,0,"November 23, 2007","February 21, 2020","August 17, 2005","March 13, 2019"
47492,Dale Willem Steyn,"June 27, 1983, Phalaborwa",43y 7d,South Africa,Bowler,2004 - 2020,2012,IPL 2012,DCH,12,6,1,19,7,3.80,21,90.47,0,0,0,1,4,0,18,6.10,280,3/8,3/8,15.83,15.5,0,0,0,"November 23, 2007","February 21, 2020","August 17, 2005","March 13, 2019"
47492,Dale Willem Steyn,"June 27, 1983, Phalaborwa",43y 7d,South Africa,Bowler,2004 - 2020,2011,IPL 2011,DCH,12,5,1,36,13,9.00,35,102.85,0,0,3,0,1,0,14,6.57,273,3/16,3/16,21.35,19.5,0,0,0,"November 23, 2007","February 21, 2020","August 17, 2005","March 13, 2019"
47492,Dale Willem Steyn,"June 27, 1983, Phalaborwa",43y 7d,South Africa,Bowler,2004 - 2020,2009/10,IPL 2009/10,RCB,15,4,0,13,8,3.25,17,76.47,0,0,2,0,1,0,15,6.88,354,3/18,3/18,27.06,23.6,0,0,0,"November 23, 2007","February 21, 2020","August 17, 2005","March 13, 2019"
47492,Dale Willem Steyn,"June 27, 1983, Phalaborwa",43y 7d,South Africa,Bowler,2004 - 2020,2009,IPL 2009,RCB,3,2,1,0,0*,0.00,3,0.00,0,0,0,0,2,0,2,6.88,54,1/21,1/21,31.00,27.0,0,0,0,"November 23, 2007","February 21, 2020","August 17, 2005","March 13, 2019"
47492,Dale Willem Steyn,"June 27, 1983, Phalaborwa",43y 7d,South Africa,Bowler,2004 - 2020,2007/08,IPL 2007/08,RCB,10,2,1,2,1*,2.00,5,40.00,0,0,0,0,4,0,10,6.63,228,3/27,3/27,25.20,22.8,0,0,0,"November 23, 2007","February 21, 2020","August 17, 2005","March 13, 2019"
4864,Daniel Trevor Christian,"May 04, 1983, Camperdown, Sydney, New South Wales",43y 61d,Australia,Allrounder,2010 - 2021,2021,IPL 2021,RCB,9,7,1,14,9,2.33,24,58.33,0,0,1,0,9,0,4,9.30,100,2/14,2/14,38.75,25.0,0,0,0,"February 23, 2010","August 09, 2021","February 05, 2012","July 26, 2021"
4864,Daniel Trevor Christian,"May 04, 1983, Camperdown, Sydney, New South Wales",43y 61d,Australia,Allrounder,2010 - 2021,2018,IPL 2018,DC,4,3,1,26,13,13.00,33,78.78,0,0,0,1,0,0,4,8.53,71,2/35,2/35,25.25,17.7,0,0,0,"February 23, 2010","August 09, 2021","February 05, 2012","July 26, 2021"
4864,Daniel Trevor Christian,"May 04, 1983, Camperdown, Sydney, New South Wales",43y 61d,Australia,Allrounder,2010 - 2021,2017,IPL 2017,RPS,13,9,4,79,17*,15.80,49,161.22,0,0,5,5,6,0,11,7.45,240,2/10,2/10,27.09,21.8,0,0,0,"February 23, 2010","August 09, 2021","February 05, 2012","July 26, 2021"
4864,Daniel Trevor Christian,"May 04, 1983, Camperdown, Sydney, New South Wales",43y 61d,Australia,Allrounder,2010 - 2021,2013,IPL 2013,RCB,2,2,0,6,4,3.00,15,40.00,0,0,0,0,0,0,0,9.16,36,-,-,-,-,0,0,0,"February 23, 2010","August 09, 2021","February 05, 2012","July 26, 2021"
4864,Daniel Trevor Christian,"May 04, 1983, Camperdown, Sydney, New South Wales",43y 61d,Australia,Allrounder,2010 - 2021,2012,IPL 2012,DCH,7,7,2,145,39,29.00,118,122.88,0,0,8,6,6,0,8,8.62,162,2/26,2/26,29.12,20.2,0,0,0,"February 23, 2010","August 09, 2021","February 05, 2012","July 26, 2021"
4864,Daniel Trevor Christian,"May 04, 1983, Camperdown, Sydney, New South Wales",43y 61d,Australia,Allrounder,2010 - 2021,2011,IPL 2011,DCH,14,13,2,190,30,17.27,159,119.49,0,0,9,7,7,0,11,7.66,274,2/13,2/13,31.81,24.9,0,0,0,"February 23, 2010","August 09, 2021","February 05, 2012","July 26, 2021"
30045,Krishnakumar Dinesh Karthik,"June 01, 1985, Madras (now Chennai), Tamil Nadu",41y 33d,India,Wicketkeeper Batter,2004 - 2022,2024,IPL 2024,RCB,15,13,4,326,83,36.22,174,187.35,0,2,27,22,4,1,-,-,-,-,-,-,-,-,-,-,"December 01, 2006","November 02, 2022","September 05, 2004","India vs New Zealand  at Manchester - July 09 - 10, 2019"
30045,Krishnakumar Dinesh Karthik,"June 01, 1985, Madras (now Chennai), Tamil Nadu",41y 33d,India,Wicketkeeper Batter,2004 - 2022,2023,IPL 2023,RCB,13,13,1,140,30,11.66,104,134.61,0,0,13,5,8,2,-,-,-,-,-,-,-,-,-,-,"December 01, 2006","November 02, 2022","September 05, 2004","India vs New Zealand  at Manchester - July 09 - 10, 2019"
30045,Krishnakumar Dinesh Karthik,"June 01, 1985, Madras (now Chennai), Tamil Nadu",41y 33d,India,Wicketkeeper Batter,2004 - 2022,2022,IPL 2022,RCB,16,16,10,330,66*,55.00,180,183.33,0,1,27,22,10,2,-,-,-,-,-,-,-,-,-,-,"December 01, 2006","November 02, 2022","September 05, 2004","India vs New Zealand  at Manchester - July 09 - 10, 2019"
30045,Krishnakumar Dinesh Karthik,"June 01, 1985, Madras (now Chennai), Tamil Nadu",41y 33d,India,Wicketkeeper Batter,2004 - 2022,2021,IPL 2021,KKR,17,15,5,223,40,22.30,170,131.17,0,0,22,7,5,2,-,-,-,-,-,-,-,-,-,-,"December 01, 2006","November 02, 2022","September 05, 2004","India vs New Zealand  at Manchester - July 09 - 10, 2019"
30045,Krishnakumar Dinesh Karthik,"June 01, 1985, Madras (now Chennai), Tamil Nadu",41y 33d,India,Wicketkeeper Batter,2004 - 2022,2020/21,IPL 2020/21,KKR,14,14,2,169,58,14.08,134,126.11,0,1,20,4,9,0,-,-,-,-,-,-,-,-,-,-,"December 01, 2006","November 02, 2022","September 05, 2004","India vs New Zealand  at Manchester - July 09 - 10, 2019"
30045,Krishnakumar Dinesh Karthik,"June 01, 1985, Madras (now Chennai), Tamil Nadu",41y 33d,India,Wicketkeeper Batter,2004 - 2022,2019,IPL 2019,KKR,14,13,5,253,97*,31.62,173,146.24,0,2,22,14,7,0,-,-,-,-,-,-,-,-,-,-,"December 01, 2006","November 02, 2022","September 05, 2004","India vs New Zealand  at Manchester - July 09 - 10, 2019"
30045,Krishnakumar Dinesh Karthik,"June 01, 1985, Madras (now Chennai), Tamil Nadu",41y 33d,India,Wicketkeeper Batter,2004 - 2022,2018,IPL 2018,KKR,16,16,6,498,52,49.80,337,147.77,0,2,49,16,14,4,-,-,-,-,-,-,-,-,-,-,"December 01, 2006","November 02, 2022","September 05, 2004","India vs New Zealand  at Manchester - July 09 - 10, 2019"
30045,Krishnakumar Dinesh Karthik,"June 01, 1985, Madras (now Chennai), Tamil Nadu",41y 33d,India,Wicketkeeper Batter,2004 - 2022,2017,IPL 2017,GL,14,13,3,361,65,36.10,259,139.38,0,2,30,11,8,0,-,-,-,-,-,-,-,-,-,-,"December 01, 2006","November 02, 2022","September 05, 2004","India vs New Zealand  at Manchester - July 09 - 10, 2019"
30045,Krishnakumar Dinesh Karthik,"June 01, 1985, Madras (now Chennai), Tamil Nadu",41y 33d,India,Wicketkeeper Batter,2004 - 2022,2016,IPL 2016,GL,16,15,2,335,53,25.76,266,125.93,0,3,38,3,11,3,-,-,-,-,-,-,-,-,-,-,"December 01, 2006","November 02, 2022","September 05, 2004","India vs New Zealand  at Manchester - July 09 - 10, 2019"
30045,Krishnakumar Dinesh Karthik,"June 01, 1985, Madras (now Chennai), Tamil Nadu",41y 33d,India,Wicketkeeper Batter,2004 - 2022,2015,IPL 2015,RCB,16,11,0,141,28,12.81,117,120.51,0,0,15,4,14,4,-,-,-,-,-,-,-,-,-,-,"December 01, 2006","November 02, 2022","September 05, 2004","India vs New Zealand  at Manchester - July 09 - 10, 2019"
30045,Krishnakumar Dinesh Karthik,"June 01, 1985, Madras (now Chennai), Tamil Nadu",41y 33d,India,Wicketkeeper Batter,2004 - 2022,2014,IPL 2014,DC,14,14,0,325,69,23.21,258,125.96,0,3,28,11,7,2,-,-,-,-,-,-,-,-,-,-,"December 01, 2006","November 02, 2022","September 05, 2004","India vs New Zealand  at Manchester - July 09 - 10, 2019"
30045,Krishnakumar Dinesh Karthik,"June 01, 1985, Madras (now Chennai), Tamil Nadu",41y 33d,India,Wicketkeeper Batter,2004 - 2022,2013,IPL 2013,MI,19,19,1,510,86,28.33,411,124.08,0,2,54,14,12,2,-,-,-,-,-,-,-,-,-,-,"December 01, 2006","November 02, 2022","September 05, 2004","India vs New Zealand  at Manchester - July 09 - 10, 2019"
30045,Krishnakumar Dinesh Karthik,"June 01, 1985, Madras (now Chennai), Tamil Nadu",41y 33d,India,Wicketkeeper Batter,2004 - 2022,2012,IPL 2012,MI,17,14,1,238,44,18.30,213,111.73,0,0,30,2,5,2,-,-,-,-,-,-,-,-,-,-,"December 01, 2006","November 02, 2022","September 05, 2004","India vs New Zealand  at Manchester - July 09 - 10, 2019"
30045,Krishnakumar Dinesh Karthik,"June 01, 1985, Madras (now Chennai), Tamil Nadu",41y 33d,India,Wicketkeeper Batter,2004 - 2022,2011,IPL 2011,PBKS,14,13,2,282,69,25.63,220,128.18,0,1,32,7,7,0,-,-,-,-,-,-,-,-,-,-,"December 01, 2006","November 02, 2022","September 05, 2004","India vs New Zealand  at Manchester - July 09 - 10, 2019"
30045,Krishnakumar Dinesh Karthik,"June 01, 1985, Madras (now Chennai), Tamil Nadu",41y 33d,India,Wicketkeeper Batter,2004 - 2022,2009/10,IPL 2009/10,DC,14,14,1,278,69,21.38,237,117.29,0,1,26,6,6,6,-,-,-,-,-,-,-,-,-,-,"December 01, 2006","November 02, 2022","September 05, 2004","India vs New Zealand  at Manchester - July 09 - 10, 2019"
30045,Krishnakumar Dinesh Karthik,"June 01, 1985, Madras (now Chennai), Tamil Nadu",41y 33d,India,Wicketkeeper Batter,2004 - 2022,2009,IPL 2009,DC,15,13,5,288,52,36.00,217,132.71,0,1,20,9,12,5,-,-,-,-,-,-,-,-,-,-,"December 01, 2006","November 02, 2022","September 05, 2004","India vs New Zealand  at Manchester - July 09 - 10, 2019"
30045,Krishnakumar Dinesh Karthik,"June 01, 1985, Madras (now Chennai), Tamil Nadu",41y 33d,India,Wicketkeeper Batter,2004 - 2022,2007/08,IPL 2007/08,DC,13,8,2,145,56*,24.16,107,135.51,0,1,13,4,6,2,-,-,-,-,-,-,-,-,-,-,"December 01, 2006","November 02, 2022","September 05, 2004","India vs New Zealand  at Manchester - July 09 - 10, 2019"
698315,Donovan Ferreira,"July 21, 1998, Pretoria",27y 348d,South Africa,Allrounder,2023 - 2025,2026,IPL 2026,RR,15,13,4,317,69,35.22,177,179.09,0,2,25,23,13,0,1,13.66,18,1/14,1/14,41.00,18.0,0,0,0,"September 03, 2023","December 19, 2025","November 04, 2025","November 08, 2025"
698315,Donovan Ferreira,"July 21, 1998, Pretoria",27y 348d,South Africa,Allrounder,2023 - 2025,2025,IPL 2025,DC,1,1,0,1,1,1.00,3,33.33,0,0,0,0,0,0,-,-,-,-,-,-,-,-,-,-,"September 03, 2023","December 19, 2025","November 04, 2025","November 08, 2025"
698315,Donovan Ferreira,"July 21, 1998, Pretoria",27y 348d,South Africa,Allrounder,2023 - 2025,2024,IPL 2024,RR,2,2,0,8,7,4.00,11,72.72,0,0,0,0,1,0,-,-,-,-,-,-,-,-,-,-,"September 03, 2023","December 19, 2025","November 04, 2025","November 08, 2025"
362541,Douglas Andrew John Bracewell,"September 28, 1990, Tauranga, Bay of Plenty",35y 279d,New Zealand,Bowler,2011 - 2023,2012,IPL 2012,DC,1,1,1,12,12*,-,9,133.33,0,0,1,0,1,0,3,8.00,24,3/32,3/32,10.66,8.0,0,0,0,"October 15, 2011","September 03, 2021","October 20, 2011","April 04, 2022"
552152,Pathira Vasan Dushmantha Chameera,"January 11, 1992, Ragama",34y 174d,Sri Lanka,Bowler,2015 - 2026,2026,IPL 2026,DC,1,1,1,0,0*,-,3,0.00,0,0,0,0,0,0,0,9.00,12,-,-,-,-,0,0,0,"November 09, 2015","June 14, 2026","January 29, 2015","June 06, 2026"
552152,Pathira Vasan Dushmantha Chameera,"January 11, 1992, Ragama",34y 174d,Sri Lanka,Bowler,2015 - 2026,2025,IPL 2025,DC,6,3,3,10,8*,-,14,71.42,0,0,0,0,1,0,4,11.40,90,1/24,1/24,42.75,22.5,0,0,0,"November 09, 2015","June 14, 2026","January 29, 2015","June 06, 2026"
552152,Pathira Vasan Dushmantha Chameera,"January 11, 1992, Ragama",34y 174d,Sri Lanka,Bowler,2015 - 2026,2024,IPL 2024,KKR,1,-,-,-,-,-,-,-,-,-,-,-,0,0,0,16.00,18,-,-,-,-,0,0,0,"November 09, 2015","June 14, 2026","January 29, 2015","June 06, 2026"
552152,Pathira Vasan Dushmantha Chameera,"January 11, 1992, Ragama",34y 174d,Sri Lanka,Bowler,2015 - 2026,2022,IPL 2022,LSG,12,8,4,43,17,10.75,28,153.57,0,0,3,3,2,0,9,8.72,264,2/17,2/17,42.66,29.3,0,0,0,"November 09, 2015","June 14, 2026","January 29, 2015","June 06, 2026"
53118,Dwayne Romel Smith,"April 12, 1983, Storey Gap, Codrington Hill, St Michael, Barbados",43y 83d,West Indies,Allrounder,2004 - 2015,2017,IPL 2017,GL,12,12,1,239,74,21.72,156,153.20,0,2,32,8,3,0,2,11.38,78,1/10,1/10,74.00,39.0,0,0,0,"February 16, 2006","January 14, 2015","January 25, 2004","March 15, 2015"
53118,Dwayne Romel Smith,"April 12, 1983, Storey Gap, Codrington Hill, St Michael, Barbados",43y 83d,West Indies,Allrounder,2004 - 2015,2016,IPL 2016,GL,12,12,1,324,73,29.45,221,146.60,0,3,35,16,7,0,8,8.50,108,4/8,4/8,19.12,13.5,1,0,0,"February 16, 2006","January 14, 2015","January 25, 2004","March 15, 2015"
53118,Dwayne Romel Smith,"April 12, 1983, Storey Gap, Codrington Hill, St Michael, Barbados",43y 83d,West Indies,Allrounder,2004 - 2015,2015,IPL 2015,CSK,16,16,0,399,62,24.93,335,119.10,0,2,52,16,9,0,1,8.50,12,1/17,1/17,17.00,12.0,0,0,0,"February 16, 2006","January 14, 2015","January 25, 2004","March 15, 2015"
53118,Dwayne Romel Smith,"April 12, 1983, Storey Gap, Codrington Hill, St Michael, Barbados",43y 83d,West Indies,Allrounder,2004 - 2015,2014,IPL 2014,CSK,16,16,0,566,79,35.37,416,136.05,0,5,50,34,5,0,4,9.50,60,1/11,1/11,23.75,15.0,0,0,0,"February 16, 2006","January 14, 2015","January 25, 2004","March 15, 2015"
53118,Dwayne Romel Smith,"April 12, 1983, Storey Gap, Codrington Hill, St Michael, Barbados",43y 83d,West Indies,Allrounder,2004 - 2015,2013,IPL 2013,MI,13,13,0,418,68,32.15,341,122.58,0,4,40,19,8,0,2,11.80,30,2/20,2/20,29.50,15.0,0,0,0,"February 16, 2006","January 14, 2015","January 25, 2004","March 15, 2015"
53118,Dwayne Romel Smith,"April 12, 1983, Storey Gap, Codrington Hill, St Michael, Barbados",43y 83d,West Indies,Allrounder,2004 - 2015,2012,IPL 2012,MI,7,6,2,157,87*,39.25,98,160.20,0,1,18,7,1,0,2,7.30,78,1/8,1/8,47.50,39.0,0,0,0,"February 16, 2006","January 14, 2015","January 25, 2004","March 15, 2015"
53118,Dwayne Romel Smith,"April 12, 1983, Storey Gap, Codrington Hill, St Michael, Barbados",43y 83d,West Indies,Allrounder,2004 - 2015,2009/10,IPL 2009/10,DCH,3,3,1,22,13*,11.00,25,88.00,0,0,1,1,0,0,1,9.39,23,1/22,1/22,36.00,23.0,0,0,0,"February 16, 2006","January 14, 2015","January 25, 2004","March 15, 2015"
53118,Dwayne Romel Smith,"April 12, 1983, Storey Gap, Codrington Hill, St Michael, Barbados",43y 83d,West Indies,Allrounder,2004 - 2015,2009,IPL 2009,DCH,8,8,0,215,49,26.87,132,162.87,0,0,12,15,6,0,1,8.85,84,1/25,1/25,124.00,84.0,0,0,0,"February 16, 2006","January 14, 2015","January 25, 2004","March 15, 2015"
53118,Dwayne Romel Smith,"April 12, 1983, Storey Gap, Codrington Hill, St Michael, Barbados",43y 83d,West Indies,Allrounder,2004 - 2015,2007/08,IPL 2007/08,MI,4,3,0,45,20,15.00,40,112.50,0,0,5,1,2,0,5,7.54,66,3/26,3/26,16.60,13.2,0,0,0,"February 16, 2006","January 14, 2015","January 25, 2004","March 15, 2015"
44828,Francois du Plessis,"July 13, 1984, Pretoria",41y 356d,South Africa,Middle order Batter,2011 - 2021,2025,IPL 2025,DC,9,9,0,202,62,22.44,163,123.92,0,2,18,8,4,0,-,-,-,-,-,-,-,-,-,-,"September 08, 2012","December 01, 2020","January 18, 2011","July 06, 2019"
44828,Francois du Plessis,"July 13, 1984, Pretoria",41y 356d,South Africa,Middle order Batter,2011 - 2021,2024,IPL 2024,RCB,15,15,0,438,64,29.20,271,161.62,0,4,47,21,8,0,-,-,-,-,-,-,-,-,-,-,"September 08, 2012","December 01, 2020","January 18, 2011","July 06, 2019"
44828,Francois du Plessis,"July 13, 1984, Pretoria",41y 356d,South Africa,Middle order Batter,2011 - 2021,2023,IPL 2023,RCB,14,14,1,730,84,56.15,475,153.68,0,8,60,36,3,0,-,-,-,-,-,-,-,-,-,-,"September 08, 2012","December 01, 2020","January 18, 2011","July 06, 2019"
44828,Francois du Plessis,"July 13, 1984, Pretoria",41y 356d,South Africa,Middle order Batter,2011 - 2021,2022,IPL 2022,RCB,16,16,1,468,96,31.20,367,127.52,0,3,49,13,4,0,-,-,-,-,-,-,-,-,-,-,"September 08, 2012","December 01, 2020","January 18, 2011","July 06, 2019"
44828,Francois du Plessis,"July 13, 1984, Pretoria",41y 356d,South Africa,Middle order Batter,2011 - 2021,2021,IPL 2021,CSK,16,16,2,633,95*,45.21,458,138.20,0,6,60,23,12,0,-,-,-,-,-,-,-,-,-,-,"September 08, 2012","December 01, 2020","January 18, 2011","July 06, 2019"
44828,Francois du Plessis,"July 13, 1984, Pretoria",41y 356d,South Africa,Middle order Batter,2011 - 2021,2020/21,IPL 2020/21,CSK,13,13,2,449,87*,40.81,319,140.75,0,4,42,14,12,0,-,-,-,-,-,-,-,-,-,-,"September 08, 2012","December 01, 2020","January 18, 2011","July 06, 2019"
44828,Francois du Plessis,"July 13, 1984, Pretoria",41y 356d,South Africa,Middle order Batter,2011 - 2021,2019,IPL 2019,CSK,12,12,1,396,96,36.00,321,123.36,0,3,36,15,12,0,-,-,-,-,-,-,-,-,-,-,"September 08, 2012","December 01, 2020","January 18, 2011","July 06, 2019"
44828,Francois du Plessis,"July 13, 1984, Pretoria",41y 356d,South Africa,Middle order Batter,2011 - 2021,2018,IPL 2018,CSK,6,6,1,162,67*,32.40,129,125.58,0,1,17,6,1,0,-,-,-,-,-,-,-,-,-,-,"September 08, 2012","December 01, 2020","January 18, 2011","July 06, 2019"
44828,Francois du Plessis,"July 13, 1984, Pretoria",41y 356d,South Africa,Middle order Batter,2011 - 2021,2017,IPL 2017,RPS,2,1,0,8,8,8.00,7,114.28,0,0,1,0,0,0,-,-,-,-,-,-,-,-,-,-,"September 08, 2012","December 01, 2020","January 18, 2011","July 06, 2019"
44828,Francois du Plessis,"July 13, 1984, Pretoria",41y 356d,South Africa,Middle order Batter,2011 - 2021,2016,IPL 2016,RPS,6,6,0,206,69,34.33,162,127.16,0,2,17,9,4,0,-,-,-,-,-,-,-,-,-,-,"September 08, 2012","December 01, 2020","January 18, 2011","July 06, 2019"
44828,Francois du Plessis,"July 13, 1984, Pretoria",41y 356d,South Africa,Middle order Batter,2011 - 2021,2015,IPL 2015,CSK,17,15,2,380,55,29.23,304,125.00,0,1,37,5,8,0,-,-,-,-,-,-,-,-,-,-,"September 08, 2012","December 01, 2020","January 18, 2011","July 06, 2019"
44828,Francois du Plessis,"July 13, 1984, Pretoria",41y 356d,South Africa,Middle order Batter,2011 - 2021,2014,IPL 2014,CSK,15,12,1,303,54*,27.54,235,128.93,0,2,26,7,13,0,-,-,-,-,-,-,-,-,-,-,"September 08, 2012","December 01, 2020","January 18, 2011","July 06, 2019"
44828,Francois du Plessis,"July 13, 1984, Pretoria",41y 356d,South Africa,Middle order Batter,2011 - 2021,2012,IPL 2012,CSK,13,12,0,398,73,33.16,304,130.92,0,3,29,17,4,0,0,16.00,6,-,-,-,-,0,0,0,"September 08, 2012","December 01, 2020","January 18, 2011","July 06, 2019"
28763,Gautam Gambhir,"October 14, 1981, Delhi",44y 263d,India,Top order Batter,2003 - 2016,2018,IPL 2018,DC,6,5,0,85,55,17.00,88,96.59,0,1,8,1,1,0,-,-,-,-,-,-,-,-,-,-,"September 13, 2007","December 28, 2012","April 11, 2003","January 27, 2013"
28763,Gautam Gambhir,"October 14, 1981, Delhi",44y 263d,India,Top order Batter,2003 - 2016,2017,IPL 2017,KKR,16,16,4,498,76*,41.50,389,128.02,0,4,62,7,6,0,-,-,-,-,-,-,-,-,-,-,"September 13, 2007","December 28, 2012","April 11, 2003","January 27, 2013"
28763,Gautam Gambhir,"October 14, 1981, Delhi",44y 263d,India,Top order Batter,2003 - 2016,2016,IPL 2016,KKR,15,15,2,501,90*,38.53,411,121.89,0,5,54,6,1,0,-,-,-,-,-,-,-,-,-,-,"September 13, 2007","December 28, 2012","April 11, 2003","January 27, 2013"
28763,Gautam Gambhir,"October 14, 1981, Delhi",44y 263d,India,Top order Batter,2003 - 2016,2015,IPL 2015,KKR,13,13,0,327,60,25.15,278,117.62,0,3,41,4,3,0,-,-,-,-,-,-,-,-,-,-,"September 13, 2007","December 28, 2012","April 11, 2003","January 27, 2013"
28763,Gautam Gambhir,"October 14, 1981, Delhi",44y 263d,India,Top order Batter,2003 - 2016,2014,IPL 2014,KKR,16,16,1,335,69,22.33,293,114.33,0,3,36,4,3,0,-,-,-,-,-,-,-,-,-,-,"September 13, 2007","December 28, 2012","April 11, 2003","January 27, 2013"
28763,Gautam Gambhir,"October 14, 1981, Delhi",44y 263d,India,Top order Batter,2003 - 2016,2013,IPL 2013,KKR,16,16,0,406,60,25.37,343,118.36,0,4,51,5,2,0,-,-,-,-,-,-,-,-,-,-,"September 13, 2007","December 28, 2012","April 11, 2003","January 27, 2013"
28763,Gautam Gambhir,"October 14, 1981, Delhi",44y 263d,India,Top order Batter,2003 - 2016,2012,IPL 2012,KKR,17,17,1,590,93,36.87,411,143.55,0,6,64,17,4,0,-,-,-,-,-,-,-,-,-,-,"September 13, 2007","December 28, 2012","April 11, 2003","January 27, 2013"
28763,Gautam Gambhir,"October 14, 1981, Delhi",44y 263d,India,Top order Batter,2003 - 2016,2011,IPL 2011,KKR,15,15,4,378,75*,34.36,317,119.24,0,2,44,3,1,0,-,-,-,-,-,-,-,-,-,-,"September 13, 2007","December 28, 2012","April 11, 2003","January 27, 2013"
28763,Gautam Gambhir,"October 14, 1981, Delhi",44y 263d,India,Top order Batter,2003 - 2016,2009/10,IPL 2009/10,DC,11,10,1,277,72,30.77,217,127.64,0,2,32,2,3,0,-,-,-,-,-,-,-,-,-,-,"September 13, 2007","December 28, 2012","April 11, 2003","January 27, 2013"
28763,Gautam Gambhir,"October 14, 1981, Delhi",44y 263d,India,Top order Batter,2003 - 2016,2009,IPL 2009,DC,15,15,2,286,71*,22.00,278,102.87,0,1,32,2,2,0,-,-,-,-,-,-,-,-,-,-,"September 13, 2007","December 28, 2012","April 11, 2003","January 27, 2013"
28763,Gautam Gambhir,"October 14, 1981, Delhi",44y 263d,India,Top order Batter,2003 - 2016,2007/08,IPL 2007/08,DC,14,14,1,534,86,41.07,379,140.89,0,5,68,8,2,0,-,-,-,-,-,-,-,-,-,-,"September 13, 2007","December 28, 2012","April 11, 2003","January 27, 2013"
352048,Gulbadin Naib,"June 04, 1991, Logar, Afghanistan",35y 30d,Afghanistan,Batting Allrounder,2011 - 2026,2024,IPL 2024,DC,2,1,0,19,19,19.00,15,126.66,0,0,1,1,1,0,0,12.00,6,-,-,-,-,0,0,0,"March 14, 2012","February 19, 2026","August 09, 2011","February 28, 2025"
236810,Halhadar Das,"December 10, 1986, Dhankanal, Orissa",39y 206d,India,,-,2007/08,IPL 2007/08,DCH,1,1,0,2,2,2.00,5,40.00,0,0,0,0,0,0,-,-,-,-,-,-,-,-,-,-,,,,
40618,Mohammad Imran Tahir,"March 27, 1979, Lahore, Punjab",47y 99d,South Africa,Bowler,2011 - 2019,2021,IPL 2021,CSK,1,-,-,-,-,-,-,-,-,-,-,-,0,0,2,4.00,24,2/16,2/16,8.00,12.0,0,0,0,"August 02, 2013","March 19, 2019","February 24, 2011","July 06, 2019"
40618,Mohammad Imran Tahir,"March 27, 1979, Lahore, Punjab",47y 99d,South Africa,Bowler,2011 - 2019,2020/21,IPL 2020/21,CSK,3,1,1,13,13*,-,10,130.00,0,0,2,0,0,0,1,6.90,66,1/24,1/24,76.00,66.0,0,0,0,"August 02, 2013","March 19, 2019","February 24, 2011","July 06, 2019"
40618,Mohammad Imran Tahir,"March 27, 1979, Lahore, Punjab",47y 99d,South Africa,Bowler,2011 - 2019,2019,IPL 2019,CSK,17,1,1,0,0*,-,0,-,0,0,0,0,6,0,26,6.69,386,4/12,4/12,16.57,14.8,2,0,0,"August 02, 2013","March 19, 2019","February 24, 2011","July 06, 2019"
40618,Mohammad Imran Tahir,"March 27, 1979, Lahore, Punjab",47y 99d,South Africa,Bowler,2011 - 2019,2018,IPL 2018,CSK,6,1,1,2,2*,-,2,100.00,0,0,0,0,2,0,6,9.09,124,2/34,2/34,31.33,20.6,0,0,0,"August 02, 2013","March 19, 2019","February 24, 2011","July 06, 2019"
40618,Mohammad Imran Tahir,"March 27, 1979, Lahore, Punjab",47y 99d,South Africa,Bowler,2011 - 2019,2017,IPL 2017,RPS,12,1,1,0,0*,-,2,0.00,0,0,0,0,2,0,18,7.85,282,3/18,3/18,20.50,15.6,0,0,0,"August 02, 2013","March 19, 2019","February 24, 2011","July 06, 2019"
40618,Mohammad Imran Tahir,"March 27, 1979, Lahore, Punjab",47y 99d,South Africa,Bowler,2011 - 2019,2016,IPL 2016,DC,4,1,0,5,5,5.00,7,71.42,0,0,1,0,0,0,5,8.62,96,3/24,3/24,27.60,19.2,0,0,0,"August 02, 2013","March 19, 2019","February 24, 2011","July 06, 2019"
40618,Mohammad Imran Tahir,"March 27, 1979, Lahore, Punjab",47y 99d,South Africa,Bowler,2011 - 2019,2015,IPL 2015,DC,10,2,1,5,3*,5.00,6,83.33,0,0,0,0,3,0,15,8.84,213,4/28,4/28,20.93,14.2,1,0,0,"August 02, 2013","March 19, 2019","February 24, 2011","July 06, 2019"
40618,Mohammad Imran Tahir,"March 27, 1979, Lahore, Punjab",47y 99d,South Africa,Bowler,2011 - 2019,2014,IPL 2014,DC,6,2,0,8,4,4.00,10,80.00,0,0,2,0,0,0,9,8.20,125,3/22,3/22,19.00,13.8,0,0,0,"August 02, 2013","March 19, 2019","February 24, 2011","July 06, 2019"
32685,Irfan Khan Pathan,"October 27, 1984, Baroda, Gujarat",41y 250d,India,Allrounder,2003 - 2012,2017,IPL 2017,GL,1,1,0,2,2,2.00,3,66.66,0,0,0,0,0,0,0,13.00,12,-,-,-,-,0,0,0,"December 01, 2006","October 02, 2012","January 09, 2004","August 04, 2012"
32685,Irfan Khan Pathan,"October 27, 1984, Baroda, Gujarat",41y 250d,India,Allrounder,2003 - 2012,2016,IPL 2016,RPS,4,3,0,11,7,3.66,13,84.61,0,0,0,0,1,0,0,7.62,48,-,-,-,-,0,0,0,"December 01, 2006","October 02, 2012","January 09, 2004","August 04, 2012"
32685,Irfan Khan Pathan,"October 27, 1984, Baroda, Gujarat",41y 250d,India,Allrounder,2003 - 2012,2014,IPL 2014,SRH,10,6,4,55,23*,27.50,54,101.85,0,0,5,0,2,0,4,8.66,142,2/10,2/10,51.25,35.5,0,0,0,"December 01, 2006","October 02, 2012","January 09, 2004","August 04, 2012"
32685,Irfan Khan Pathan,"October 27, 1984, Baroda, Gujarat",41y 250d,India,Allrounder,2003 - 2012,2013,IPL 2013,DC,15,13,5,142,24,17.75,152,93.42,0,0,9,3,4,0,10,7.44,308,2/29,2/29,38.20,30.8,0,0,0,"December 01, 2006","October 02, 2012","January 09, 2004","August 04, 2012"
32685,Irfan Khan Pathan,"October 27, 1984, Baroda, Gujarat",41y 250d,India,Allrounder,2003 - 2012,2012,IPL 2012,DC,17,12,5,176,42*,25.14,126,139.68,0,0,14,6,8,0,8,7.75,360,2/46,2/46,58.12,45.0,0,0,0,"December 01, 2006","October 02, 2012","January 09, 2004","August 04, 2012"
32685,Irfan Khan Pathan,"October 27, 1984, Baroda, Gujarat",41y 250d,India,Allrounder,2003 - 2012,2011,IPL 2011,DC,14,12,4,150,44*,18.75,138,108.69,0,0,12,6,4,0,11,7.50,275,3/28,3/28,31.27,25.0,0,0,0,"December 01, 2006","October 02, 2012","January 09, 2004","August 04, 2012"
32685,Irfan Khan Pathan,"October 27, 1984, Baroda, Gujarat",41y 250d,India,Allrounder,2003 - 2012,2009/10,IPL 2009/10,PBKS,14,13,5,276,60,34.50,186,148.38,0,1,21,10,4,0,15,9.19,278,3/24,3/24,28.40,18.5,0,0,0,"December 01, 2006","October 02, 2012","January 09, 2004","August 04, 2012"
32685,Irfan Khan Pathan,"October 27, 1984, Baroda, Gujarat",41y 250d,India,Allrounder,2003 - 2012,2009,IPL 2009,PBKS,14,12,2,196,39,19.60,158,124.05,0,0,17,6,4,0,17,7.74,302,3/35,3/35,22.94,17.7,0,0,0,"December 01, 2006","October 02, 2012","January 09, 2004","August 04, 2012"
32685,Irfan Khan Pathan,"October 27, 1984, Baroda, Gujarat",41y 250d,India,Allrounder,2003 - 2012,2007/08,IPL 2007/08,PBKS,14,10,4,131,40,21.83,116,112.93,0,0,9,6,4,0,15,6.60,318,2/18,2/18,23.33,21.2,0,0,0,"December 01, 2006","October 02, 2012","January 09, 2004","August 04, 2012"
236779,Ishant Sharma,"September 02, 1988, Delhi",37y 305d,India,Bowler,2007 - 2021,2025,IPL 2025,GT,7,-,-,-,-,-,-,-,-,-,-,-,2,0,4,11.18,110,1/18,1/18,51.25,27.5,0,0,0,"February 01, 2008","October 10, 2013","June 29, 2007","January 23, 2016"
236779,Ishant Sharma,"September 02, 1988, Delhi",37y 305d,India,Bowler,2007 - 2021,2024,IPL 2024,DC,9,2,2,1,1*,-,7,14.28,0,0,0,0,2,0,10,9.81,162,3/34,3/34,26.50,16.2,0,0,0,"February 01, 2008","October 10, 2013","June 29, 2007","January 23, 2016"
236779,Ishant Sharma,"September 02, 1988, Delhi",37y 305d,India,Bowler,2007 - 2021,2023,IPL 2023,DC,8,1,1,1,1*,-,1,100.00,0,0,0,0,0,0,10,8.24,150,2/19,2/19,20.60,15.0,0,0,0,"February 01, 2008","October 10, 2013","June 29, 2007","January 23, 2016"
236779,Ishant Sharma,"September 02, 1988, Delhi",37y 305d,India,Bowler,2007 - 2021,2021,IPL 2021,DC,3,-,-,-,-,-,-,-,-,-,-,-,0,0,1,8.08,72,1/26,1/26,97.00,72.0,0,0,0,"February 01, 2008","October 10, 2013","June 29, 2007","January 23, 2016"
236779,Ishant Sharma,"September 02, 1988, Delhi",37y 305d,India,Bowler,2007 - 2021,2020/21,IPL 2020/21,DC,1,-,-,-,-,-,-,-,-,-,-,-,0,0,0,8.66,18,-,-,-,-,0,0,0,"February 01, 2008","October 10, 2013","June 29, 2007","January 23, 2016"
236779,Ishant Sharma,"September 02, 1988, Delhi",37y 305d,India,Bowler,2007 - 2021,2019,IPL 2019,DC,13,3,3,10,10*,-,3,333.33,0,0,1,1,1,0,13,7.58,276,3/38,3/38,26.84,21.2,0,0,0,"February 01, 2008","October 10, 2013","June 29, 2007","January 23, 2016"
236779,Ishant Sharma,"September 02, 1988, Delhi",37y 305d,India,Bowler,2007 - 2021,2017,IPL 2017,PBKS,6,3,1,8,5*,4.00,12,66.66,0,0,1,0,0,0,0,9.94,108,-,-,-,-,0,0,0,"February 01, 2008","October 10, 2013","June 29, 2007","January 23, 2016"
236779,Ishant Sharma,"September 02, 1988, Delhi",37y 305d,India,Bowler,2007 - 2021,2016,IPL 2016,RPS,4,1,1,0,0*,-,0,-,0,0,0,0,2,0,3,9.86,90,2/36,2/36,49.33,30.0,0,0,0,"February 01, 2008","October 10, 2013","June 29, 2007","January 23, 2016"
236779,Ishant Sharma,"September 02, 1988, Delhi",37y 305d,India,Bowler,2007 - 2021,2015,IPL 2015,SRH,4,-,-,-,-,-,-,-,-,-,-,-,0,0,1,11.35,84,1/25,1/25,159.00,84.0,0,0,0,"February 01, 2008","October 10, 2013","June 29, 2007","January 23, 2016"
236779,Ishant Sharma,"September 02, 1988, Delhi",37y 305d,India,Bowler,2007 - 2021,2014,IPL 2014,SRH,3,-,-,-,-,-,-,-,-,-,-,-,0,0,3,9.18,66,2/37,2/37,33.66,22.0,0,0,0,"February 01, 2008","October 10, 2013","June 29, 2007","January 23, 2016"
236779,Ishant Sharma,"September 02, 1988, Delhi",37y 305d,India,Bowler,2007 - 2021,2013,IPL 2013,SRH,16,2,2,0,0*,-,0,-,0,0,0,0,6,0,15,7.81,358,3/27,3/27,31.06,23.8,0,0,0,"February 01, 2008","October 10, 2013","June 29, 2007","January 23, 2016"
236779,Ishant Sharma,"September 02, 1988, Delhi",37y 305d,India,Bowler,2007 - 2021,2011,IPL 2011,DCH,12,5,5,4,1*,-,5,80.00,0,0,0,0,3,0,11,7.13,264,5/12,5/12,28.54,24.0,0,1,0,"February 01, 2008","October 10, 2013","June 29, 2007","January 23, 2016"
236779,Ishant Sharma,"September 02, 1988, Delhi",37y 305d,India,Bowler,2007 - 2021,2009/10,IPL 2009/10,KKR,7,2,1,6,6*,6.00,17,35.29,0,0,0,0,1,0,7,9.44,150,2/33,2/33,33.71,21.4,0,0,0,"February 01, 2008","October 10, 2013","June 29, 2007","January 23, 2016"
236779,Ishant Sharma,"September 02, 1988, Delhi",37y 305d,India,Bowler,2007 - 2021,2009,IPL 2009,KKR,11,3,1,16,9,8.00,13,123.07,0,0,1,1,1,0,11,6.90,258,2/15,2/15,27.00,23.4,0,0,0,"February 01, 2008","October 10, 2013","June 29, 2007","January 23, 2016"
236779,Ishant Sharma,"September 02, 1988, Delhi",37y 305d,India,Bowler,2007 - 2021,2007/08,IPL 2007/08,KKR,13,6,5,11,4*,11.00,11,100.00,0,0,1,0,2,0,7,7.80,253,1/7,1/7,47.00,36.1,0,0,0,"February 01, 2008","October 10, 2013","June 29, 2007","January 23, 2016"
1194959,Jacob Graham Bethell,"October 23, 2003, Barbados",22y 257d,England,Batting Allrounder,2024 - 2026,2026,IPL 2026,RCB,7,7,0,96,27,13.71,77,124.67,0,0,12,3,3,0,-,-,-,-,-,-,-,-,-,-,"September 11, 2024","July 04, 2026","September 19, 2024","January 27, 2026"
1194959,Jacob Graham Bethell,"October 23, 2003, Barbados",22y 257d,England,Batting Allrounder,2024 - 2026,2025,IPL 2025,RCB,2,2,0,67,55,33.50,39,171.79,0,1,9,3,1,0,-,-,-,-,-,-,-,-,-,-,"September 11, 2024","July 04, 2026","September 19, 2024","January 27, 2026"
26291,Jagadeesh Arunkumar,"January 18, 1975, Bangalore, Karnataka",51y 170d,India,,-,2007/08,IPL 2007/08,RCB,3,3,0,23,22,7.66,23,100.00,0,0,5,0,0,0,-,-,-,-,-,-,-,-,-,-,,,,
1168049,Jake Matthew Fraser-McGurk,"April 11, 2002",24y 84d,Australia,Batter,2024 - 2025,2025,IPL 2025,DC,6,6,0,55,38,9.16,52,105.76,0,0,7,2,3,0,-,-,-,-,-,-,-,-,-,-,"September 04, 2024","July 20, 2025","February 04, 2024","February 14, 2025"
1168049,Jake Matthew Fraser-McGurk,"April 11, 2002",24y 84d,Australia,Batter,2024 - 2025,2024,IPL 2024,DC,9,9,0,330,84,36.66,141,234.04,0,4,32,28,3,0,-,-,-,-,-,-,-,-,-,-,"September 04, 2024","July 20, 2025","February 04, 2024","February 14, 2025"
237199,Jalaj Sahai Saxena,"December 15, 1986, Indore, Madhya Pradesh",39y 202d,India,Allrounder,-,2021,IPL 2021,PBKS,1,-,-,-,-,-,-,-,-,-,-,-,0,0,0,9.00,18,-,-,-,-,0,0,0,,,,
5702,James Redfern Hopes,"October 24, 1978, Townsville, Queensland",47y 253d,Australia,Allrounder,2005 - 2010,2011,IPL 2011,DC,10,8,3,196,55,39.20,158,124.05,0,2,22,3,3,0,7,8.50,192,1/25,1/25,38.85,27.4,0,0,0,"February 17, 2005","July 06, 2010","March 01, 2005","October 20, 2010"
5702,James Redfern Hopes,"October 24, 1978, Townsville, Queensland",47y 253d,Australia,Allrounder,2005 - 2010,2007/08,IPL 2007/08,PBKS,11,11,0,221,71,20.09,148,149.32,0,2,27,8,3,0,7,9.85,168,2/2,2/2,39.42,24.0,0,0,0,"February 17, 2005","July 06, 2010","March 01, 2005","October 20, 2010"
44932,Jean-Paul Duminy,"April 14, 1984, Strandfontein, Cape Town, Cape Province",42y 81d,South Africa,Batting Allrounder,2004 - 2019,2018,IPL 2018,MI,6,4,3,36,23,36.00,40,90.00,0,0,3,1,2,0,0,12.00,18,-,-,-,-,0,0,0,"September 15, 2007","March 24, 2019","August 20, 2004","July 06, 2019"
44932,Jean-Paul Duminy,"April 14, 1984, Strandfontein, Cape Town, Cape Province",42y 81d,South Africa,Batting Allrounder,2004 - 2019,2016,IPL 2016,DC,10,8,3,191,49*,38.20,156,122.43,0,0,13,3,3,0,2,7.85,42,1/4,1/4,27.50,21.0,0,0,0,"September 15, 2007","March 24, 2019","August 20, 2004","July 06, 2019"
44932,Jean-Paul Duminy,"April 14, 1984, Strandfontein, Cape Town, Cape Province",42y 81d,South Africa,Batting Allrounder,2004 - 2019,2015,IPL 2015,DC,14,13,3,414,78*,41.40,315,131.42,0,4,27,20,8,0,8,7.41,102,4/17,4/17,15.75,12.7,1,0,0,"September 15, 2007","March 24, 2019","August 20, 2004","July 06, 2019"
44932,Jean-Paul Duminy,"April 14, 1984, Strandfontein, Cape Town, Cape Province",42y 81d,South Africa,Batting Allrounder,2004 - 2019,2014,IPL 2014,DC,14,14,6,410,67*,51.25,305,134.42,0,2,22,20,2,0,3,7.27,198,2/27,2/27,80.00,66.0,0,0,0,"September 15, 2007","March 24, 2019","August 20, 2004","July 06, 2019"
44932,Jean-Paul Duminy,"April 14, 1984, Strandfontein, Cape Town, Cape Province",42y 81d,South Africa,Batting Allrounder,2004 - 2019,2012,IPL 2012,DCH,9,9,6,244,74,81.33,190,128.42,0,2,13,11,6,0,1,8.66,72,1/8,1/8,104.00,72.0,0,0,0,"September 15, 2007","March 24, 2019","August 20, 2004","July 06, 2019"
44932,Jean-Paul Duminy,"April 14, 1984, Strandfontein, Cape Town, Cape Province",42y 81d,South Africa,Batting Allrounder,2004 - 2019,2011,IPL 2011,DCH,10,10,0,205,55,20.50,174,117.81,0,1,9,8,2,0,4,7.94,108,1/3,1/3,35.75,27.0,0,0,0,"September 15, 2007","March 24, 2019","August 20, 2004","July 06, 2019"
44932,Jean-Paul Duminy,"April 14, 1984, Strandfontein, Cape Town, Cape Province",42y 81d,South Africa,Batting Allrounder,2004 - 2019,2009/10,IPL 2009/10,MI,7,7,2,157,42*,31.40,131,119.84,0,0,13,5,3,0,1,6.72,33,1/15,1/15,37.00,33.0,0,0,0,"September 15, 2007","March 24, 2019","August 20, 2004","July 06, 2019"
44932,Jean-Paul Duminy,"April 14, 1984, Strandfontein, Cape Town, Cape Province",42y 81d,South Africa,Batting Allrounder,2004 - 2019,2009,IPL 2009,MI,13,12,3,372,62,41.33,325,114.46,0,5,26,11,4,0,4,5.31,105,2/15,2/15,23.25,26.2,0,0,0,"September 15, 2007","March 24, 2019","August 20, 2004","July 06, 2019"
44149,Johan Botha,"May 02, 1982, Johannesburg, Transvaal",44y 63d,South Africa,Allrounder,2005 - 2012,2015,IPL 2015,KKR,4,3,0,31,17,10.33,15,206.66,0,0,5,1,4,0,1,8.10,60,1/32,1/32,81.00,60.0,0,0,0,"January 09, 2006","October 02, 2012","November 16, 2005","March 03, 2012"
44149,Johan Botha,"May 02, 1982, Johannesburg, Transvaal",44y 63d,South Africa,Allrounder,2005 - 2012,2013,IPL 2013,DC,6,6,0,43,23,7.16,52,82.69,0,0,5,1,5,0,5,6.54,100,2/11,2/11,21.80,20.0,0,0,0,"January 09, 2006","October 02, 2012","November 16, 2005","March 03, 2012"
44149,Johan Botha,"May 02, 1982, Johannesburg, Transvaal",44y 63d,South Africa,Allrounder,2005 - 2012,2012,IPL 2012,RR,11,7,3,58,14*,14.50,54,107.40,0,0,4,1,3,0,9,7.24,246,2/21,2/21,33.00,27.3,0,0,0,"January 09, 2006","October 02, 2012","November 16, 2005","March 03, 2012"
44149,Johan Botha,"May 02, 1982, Johannesburg, Transvaal",44y 63d,South Africa,Allrounder,2005 - 2012,2011,IPL 2011,RR,10,9,4,230,67*,46.00,198,116.16,0,1,20,2,6,0,7,6.63,216,3/6,3/6,34.14,30.8,0,0,0,"January 09, 2006","October 02, 2012","November 16, 2005","March 03, 2012"
44149,Johan Botha,"May 02, 1982, Johannesburg, Transvaal",44y 63d,South Africa,Allrounder,2005 - 2012,2009,IPL 2009,RR,3,3,1,47,37,23.50,40,117.50,0,0,5,0,0,0,3,6.16,72,2/19,2/19,24.66,24.0,0,0,0,"January 09, 2006","October 02, 2012","November 16, 2005","March 03, 2012"
545467,Carl Junior Dala,"December 29, 1989, Lusaka, Zambia",36y 187d,South Africa,Bowler,2018 - 2025,2018,IPL 2018,DC,1,-,-,-,-,-,-,-,-,-,-,-,0,0,0,11.33,18,-,-,-,-,0,0,0,"February 18, 2018","February 11, 2021","August 08, 2018","February 10, 2025"
290716,Kedar Mahadav Jadhav,"March 26, 1985, Pune, Maharashtra",41y 100d,India,Batting Allrounder,2014 - 2020,2023,IPL 2023,RCB,2,1,1,12,12*,-,10,120.00,0,0,1,0,1,0,-,-,-,-,-,-,-,-,-,-,"July 17, 2015","October 10, 2017","November 16, 2014","February 08, 2020"
290716,Kedar Mahadav Jadhav,"March 26, 1985, Pune, Maharashtra",41y 100d,India,Batting Allrounder,2014 - 2020,2021,IPL 2021,SRH,6,5,1,55,19,13.75,52,105.76,0,0,2,2,2,0,-,-,-,-,-,-,-,-,-,-,"July 17, 2015","October 10, 2017","November 16, 2014","February 08, 2020"
290716,Kedar Mahadav Jadhav,"March 26, 1985, Pune, Maharashtra",41y 100d,India,Batting Allrounder,2014 - 2020,2020/21,IPL 2020/21,CSK,8,5,2,62,26,20.66,66,93.93,0,0,7,0,1,0,-,-,-,-,-,-,-,-,-,-,"July 17, 2015","October 10, 2017","November 16, 2014","February 08, 2020"
290716,Kedar Mahadav Jadhav,"March 26, 1985, Pune, Maharashtra",41y 100d,India,Batting Allrounder,2014 - 2020,2019,IPL 2019,CSK,14,12,3,162,58,18.00,169,95.85,0,1,19,3,4,0,-,-,-,-,-,-,-,-,-,-,"July 17, 2015","October 10, 2017","November 16, 2014","February 08, 2020"
290716,Kedar Mahadav Jadhav,"March 26, 1985, Pune, Maharashtra",41y 100d,India,Batting Allrounder,2014 - 2020,2018,IPL 2018,CSK,1,1,1,24,24*,-,22,109.09,0,0,1,2,0,0,-,-,-,-,-,-,-,-,-,-,"July 17, 2015","October 10, 2017","November 16, 2014","February 08, 2020"
290716,Kedar Mahadav Jadhav,"March 26, 1985, Pune, Maharashtra",41y 100d,India,Batting Allrounder,2014 - 2020,2017,IPL 2017,RCB,13,13,1,267,69,22.25,186,143.54,0,1,25,10,7,3,-,-,-,-,-,-,-,-,-,-,"July 17, 2015","October 10, 2017","November 16, 2014","February 08, 2020"
290716,Kedar Mahadav Jadhav,"March 26, 1985, Pune, Maharashtra",41y 100d,India,Batting Allrounder,2014 - 2020,2016,IPL 2016,RCB,4,3,3,42,25*,-,32,131.25,0,0,2,2,1,0,-,-,-,-,-,-,-,-,-,-,"July 17, 2015","October 10, 2017","November 16, 2014","February 08, 2020"
290716,Kedar Mahadav Jadhav,"March 26, 1985, Pune, Maharashtra",41y 100d,India,Batting Allrounder,2014 - 2020,2015,IPL 2015,DC,14,12,4,189,63*,23.62,140,135.00,0,1,16,7,6,2,-,-,-,-,-,-,-,-,-,-,"July 17, 2015","October 10, 2017","November 16, 2014","February 08, 2020"
290716,Kedar Mahadav Jadhav,"March 26, 1985, Pune, Maharashtra",41y 100d,India,Batting Allrounder,2014 - 2020,2014,IPL 2014,DC,10,10,5,149,37,29.80,101,147.52,0,0,13,7,3,0,-,-,-,-,-,-,-,-,-,-,"July 17, 2015","October 10, 2017","November 16, 2014","February 08, 2020"
290716,Kedar Mahadav Jadhav,"March 26, 1985, Pune, Maharashtra",41y 100d,India,Batting Allrounder,2014 - 2020,2013,IPL 2013,DC,12,10,3,152,31,21.71,124,122.58,0,0,8,5,4,2,-,-,-,-,-,-,-,-,-,-,"July 17, 2015","October 10, 2017","November 16, 2014","February 08, 2020"
290716,Kedar Mahadav Jadhav,"March 26, 1985, Pune, Maharashtra",41y 100d,India,Batting Allrounder,2014 - 2020,2011,IPL 2011,Kochi,6,4,1,18,12,6.00,23,78.26,0,0,1,0,2,0,-,-,-,-,-,-,-,-,-,-,"July 17, 2015","October 10, 2017","November 16, 2014","February 08, 2020"
290716,Kedar Mahadav Jadhav,"March 26, 1985, Pune, Maharashtra",41y 100d,India,Batting Allrounder,2014 - 2020,2009/10,IPL 2009/10,DC,5,5,2,76,50*,25.33,56,135.71,0,1,7,2,0,0,-,-,-,-,-,-,-,-,-,-,"July 17, 2015","October 10, 2017","November 16, 2014","February 08, 2020"
942645,Khaleel Khursheed Ahmed,"December 05, 1997, Tonk, Rajasthan",28y 211d,India,Bowler,2018 - 2024,2026,IPL 2026,CSK,5,-,-,-,-,-,-,-,-,-,-,-,0,0,2,8.67,101,1/24,1/24,73.00,50.5,0,0,0,"November 04, 2018","July 30, 2024","September 18, 2018","August 14, 2019"
942645,Khaleel Khursheed Ahmed,"December 05, 1997, Tonk, Rajasthan",28y 211d,India,Bowler,2018 - 2024,2025,IPL 2025,CSK,14,2,2,1,1*,-,2,50.00,0,0,0,0,1,0,15,9.57,280,3/29,3/29,29.80,18.6,0,0,0,"November 04, 2018","July 30, 2024","September 18, 2018","August 14, 2019"
942645,Khaleel Khursheed Ahmed,"December 05, 1997, Tonk, Rajasthan",28y 211d,India,Bowler,2018 - 2024,2024,IPL 2024,DC,14,-,-,-,-,-,-,-,-,-,-,-,1,0,17,9.58,300,2/21,2/21,28.17,17.6,0,0,0,"November 04, 2018","July 30, 2024","September 18, 2018","August 14, 2019"
942645,Khaleel Khursheed Ahmed,"December 05, 1997, Tonk, Rajasthan",28y 211d,India,Bowler,2018 - 2024,2023,IPL 2023,DC,9,-,-,-,-,-,-,-,-,-,-,-,2,0,9,9.12,198,2/24,2/24,33.44,22.0,0,0,0,"November 04, 2018","July 30, 2024","September 18, 2018","August 14, 2019"
942645,Khaleel Khursheed Ahmed,"December 05, 1997, Tonk, Rajasthan",28y 211d,India,Bowler,2018 - 2024,2022,IPL 2022,DC,10,2,0,0,0,0.00,2,0.00,0,0,0,0,0,0,16,8.04,235,3/25,3/25,19.68,14.6,0,0,0,"November 04, 2018","July 30, 2024","September 18, 2018","August 14, 2019"
942645,Khaleel Khursheed Ahmed,"December 05, 1997, Tonk, Rajasthan",28y 211d,India,Bowler,2018 - 2024,2021,IPL 2021,SRH,7,1,0,1,1,1.00,2,50.00,0,0,0,0,0,0,5,8.11,162,3/21,3/21,43.80,32.4,0,0,0,"November 04, 2018","July 30, 2024","September 18, 2018","August 14, 2019"
942645,Khaleel Khursheed Ahmed,"December 05, 1997, Tonk, Rajasthan",28y 211d,India,Bowler,2018 - 2024,2020/21,IPL 2020/21,SRH,7,1,0,0,0,0.00,2,0.00,0,0,0,0,1,0,8,9.42,154,2/24,2/24,30.25,19.2,0,0,0,"November 04, 2018","July 30, 2024","September 18, 2018","August 14, 2019"
942645,Khaleel Khursheed Ahmed,"December 05, 1997, Tonk, Rajasthan",28y 211d,India,Bowler,2018 - 2024,2019,IPL 2019,SRH,9,1,0,0,0,0.00,1,0.00,0,0,0,0,0,0,19,8.23,209,3/30,3/30,15.10,11.0,0,0,0,"November 04, 2018","July 30, 2024","September 18, 2018","August 14, 2019"
942645,Khaleel Khursheed Ahmed,"December 05, 1997, Tonk, Rajasthan",28y 211d,India,Bowler,2018 - 2024,2018,IPL 2018,SRH,1,-,-,-,-,-,-,-,-,-,-,-,0,0,0,12.66,18,-,-,-,-,0,0,0,"November 04, 2018","July 30, 2024","September 18, 2018","August 14, 2019"
269170,Kotarangada Prabhu Appanna,"December 20, 1988, Kodagu, Karnataka",37y 199d,India,Bowler,-,2012,IPL 2012,RCB,7,-,-,-,-,-,-,-,-,-,-,-,1,0,6,8.70,102,4/19,4/19,24.66,17.0,1,0,0,,,,
269170,Kotarangada Prabhu Appanna,"December 20, 1988, Kodagu, Karnataka",37y 199d,India,Bowler,-,2009/10,IPL 2009/10,RCB,2,2,1,2,1*,2.00,3,66.66,0,0,0,0,0,0,1,7.28,42,1/24,1/24,51.00,42.0,0,0,0,,,,
269170,Kotarangada Prabhu Appanna,"December 20, 1988, Kodagu, Karnataka",37y 199d,India,Bowler,-,2009,IPL 2009,RCB,5,1,1,0,0*,-,1,0.00,0,0,0,0,0,0,2,7.25,72,1/24,1/24,43.50,36.0,0,0,0,,,,
625960,Kyle Alex Jamieson,"December 30, 1994, Auckland",31y 186d,New Zealand,Bowler,2020 - 2026,2026,IPL 2026,DC,2,1,0,12,12,12.00,13,92.30,0,0,1,1,0,0,2,12.85,42,1/42,1/42,45.00,21.0,0,0,0,"November 27, 2020","March 25, 2026","February 08, 2020","January 18, 2026"
625960,Kyle Alex Jamieson,"December 30, 1994, Auckland",31y 186d,New Zealand,Bowler,2020 - 2026,2025,IPL 2025,PBKS,4,2,2,0,0*,-,5,0.00,0,0,0,0,0,0,5,9.80,90,3/48,3/48,29.40,18.0,0,0,0,"November 27, 2020","March 25, 2026","February 08, 2020","January 18, 2026"
625960,Kyle Alex Jamieson,"December 30, 1994, Auckland",31y 186d,New Zealand,Bowler,2020 - 2026,2021,IPL 2021,RCB,9,7,3,65,16*,16.25,55,118.18,0,0,5,3,2,0,9,9.60,168,3/41,3/41,29.88,18.6,0,0,0,"November 27, 2020","March 25, 2026","February 08, 2020","January 18, 2026"
49289,Denagamage Proboth Mahela de Silva Jayawardene,"May 27, 1977, Colombo",49y 38d,Sri Lanka,Batter,1997 - 2015,2013,IPL 2013,DC,15,15,0,331,66,22.06,313,105.75,0,2,39,6,4,0,-,-,-,-,-,-,-,-,-,-,"June 15, 2006","April 06, 2014","January 24, 1998","March 18, 2015"
49289,Denagamage Proboth Mahela de Silva Jayawardene,"May 27, 1977, Colombo",49y 38d,Sri Lanka,Batter,1997 - 2015,2012,IPL 2012,DC,16,15,3,335,56*,27.91,298,112.41,0,3,39,3,6,0,-,-,-,-,-,-,-,-,-,-,"June 15, 2006","April 06, 2014","January 24, 1998","March 18, 2015"
49289,Denagamage Proboth Mahela de Silva Jayawardene,"May 27, 1977, Colombo",49y 38d,Sri Lanka,Batter,1997 - 2015,2011,IPL 2011,Kochi,13,13,0,299,76,23.00,257,116.34,0,3,35,5,6,0,-,-,-,-,-,-,-,-,-,-,"June 15, 2006","April 06, 2014","January 24, 1998","March 18, 2015"
49289,Denagamage Proboth Mahela de Silva Jayawardene,"May 27, 1977, Colombo",49y 38d,Sri Lanka,Batter,1997 - 2015,2009/10,IPL 2009/10,PBKS,13,13,3,439,110*,43.90,298,147.31,1,1,55,11,5,0,-,-,-,-,-,-,-,-,-,-,"June 15, 2006","April 06, 2014","January 24, 1998","March 18, 2015"
49289,Denagamage Proboth Mahela de Silva Jayawardene,"May 27, 1977, Colombo",49y 38d,Sri Lanka,Batter,1997 - 2015,2009,IPL 2009,PBKS,10,10,4,219,52*,36.50,165,132.72,0,1,17,7,8,0,-,-,-,-,-,-,-,-,-,-,"June 15, 2006","April 06, 2014","January 24, 1998","March 18, 2015"
49289,Denagamage Proboth Mahela de Silva Jayawardene,"May 27, 1977, Colombo",49y 38d,Sri Lanka,Batter,1997 - 2015,2007/08,IPL 2007/08,PBKS,13,12,5,179,45*,25.57,131,136.64,0,0,15,7,3,0,-,-,-,-,-,-,-,-,-,-,"June 15, 2006","April 06, 2014","January 24, 1998","March 18, 2015"
1057399,Manoj Shivaramsa Bhandage,"October 05, 1998, Raichur, Karnataka",27y 275d,India,Allrounder,-,2025,IPL 2025,RCB,1,1,0,1,1,1.00,4,25.00,0,0,0,0,0,0,-,-,-,-,-,-,-,-,-,-,,,,
390480,Manprit Charanjit Juneja,"September 12, 1990, Ahmedabad, Gujarat",35y 295d,India,Top order Batter,-,2013,IPL 2013,DC,7,7,0,125,49,17.85,128,97.65,0,0,11,1,0,0,-,-,-,-,-,-,-,-,-,-,,,,
27280,Manvinder Sultansingh Bisla,"December 27, 1984, Hisar, Haryana",41y 192d,India,Wicketkeeper,-,2015,IPL 2015,RCB,2,2,0,37,20,18.50,30,123.33,0,0,6,1,1,0,-,-,-,-,-,-,-,-,-,-,,,,
27280,Manvinder Sultansingh Bisla,"December 27, 1984, Hisar, Haryana",41y 192d,India,Wicketkeeper,-,2014,IPL 2014,KKR,1,1,0,3,3,3.00,9,33.33,0,0,0,0,1,0,-,-,-,-,-,-,-,-,-,-,,,,
27280,Manvinder Sultansingh Bisla,"December 27, 1984, Hisar, Haryana",41y 192d,India,Wicketkeeper,-,2013,IPL 2013,KKR,14,14,1,255,92,19.61,236,108.05,0,2,36,6,7,3,-,-,-,-,-,-,-,-,-,-,,,,
27280,Manvinder Sultansingh Bisla,"December 27, 1984, Hisar, Haryana",41y 192d,India,Wicketkeeper,-,2012,IPL 2012,KKR,7,7,0,213,89,30.42,160,133.12,0,1,16,10,6,2,-,-,-,-,-,-,-,-,-,-,,,,
27280,Manvinder Sultansingh Bisla,"December 27, 1984, Hisar, Haryana",41y 192d,India,Wicketkeeper,-,2011,IPL 2011,KKR,5,5,0,72,27,14.40,89,80.89,0,0,8,0,1,2,-,-,-,-,-,-,-,-,-,-,,,,
27280,Manvinder Sultansingh Bisla,"December 27, 1984, Hisar, Haryana",41y 192d,India,Wicketkeeper,-,2009/10,IPL 2009/10,PBKS,10,10,0,218,75,21.80,178,122.47,0,1,27,6,4,0,-,-,-,-,-,-,-,-,-,-,,,,
44111,Mark Verdon Boucher,"December 03, 1976, East London, Cape Province",49y 216d,South Africa,Wicketkeeper Batter,1997 - 2012,2011,IPL 2011,KKR,4,3,2,6,5,6.00,6,100.00,0,0,0,0,1,0,-,-,-,-,-,-,-,-,-,-,"October 21, 2005","May 10, 2010","January 16, 1998","October 28, 2011"
44111,Mark Verdon Boucher,"December 03, 1976, East London, Cape Province",49y 216d,South Africa,Wicketkeeper Batter,1997 - 2012,2009/10,IPL 2009/10,RCB,5,2,1,13,11*,13.00,10,130.00,0,0,0,1,3,2,-,-,-,-,-,-,-,-,-,-,"October 21, 2005","May 10, 2010","January 16, 1998","October 28, 2011"
44111,Mark Verdon Boucher,"December 03, 1976, East London, Cape Province",49y 216d,South Africa,Wicketkeeper Batter,1997 - 2012,2009,IPL 2009,RCB,12,9,4,150,48*,30.00,116,129.31,0,0,8,6,7,0,-,-,-,-,-,-,-,-,-,-,"October 21, 2005","May 10, 2010","January 16, 1998","October 28, 2011"
44111,Mark Verdon Boucher,"December 03, 1976, East London, Cape Province",49y 216d,South Africa,Wicketkeeper Batter,1997 - 2012,2007/08,IPL 2007/08,RCB,10,10,3,225,50*,32.14,177,127.11,0,1,24,6,3,1,-,-,-,-,-,-,-,-,-,-,"October 21, 2005","May 10, 2010","January 16, 1998","October 28, 2011"
398438,Mayank Anurag Agarwal,"February 16, 1991, Bangalore, Karnataka",35y 141d,India,Batter,2018 - 2022,2025,IPL 2025,RCB,4,4,1,95,41*,31.66,64,148.43,0,0,10,2,0,0,-,-,-,-,-,-,-,-,-,-,,,"February 05, 2020","November 29, 2020"
398438,Mayank Anurag Agarwal,"February 16, 1991, Bangalore, Karnataka",35y 141d,India,Batter,2018 - 2022,2024,IPL 2024,SRH,4,4,0,64,32,16.00,57,112.28,0,0,8,1,2,0,-,-,-,-,-,-,-,-,-,-,,,"February 05, 2020","November 29, 2020"
398438,Mayank Anurag Agarwal,"February 16, 1991, Bangalore, Karnataka",35y 141d,India,Batter,2018 - 2022,2023,IPL 2023,SRH,10,10,0,270,83,27.00,210,128.57,0,1,29,6,6,0,-,-,-,-,-,-,-,-,-,-,,,"February 05, 2020","November 29, 2020"
398438,Mayank Anurag Agarwal,"February 16, 1991, Bangalore, Karnataka",35y 141d,India,Batter,2018 - 2022,2022,IPL 2022,PBKS,13,12,0,196,52,16.33,160,122.50,0,1,23,6,10,0,-,-,-,-,-,-,-,-,-,-,,,"February 05, 2020","November 29, 2020"
398438,Mayank Anurag Agarwal,"February 16, 1991, Bangalore, Karnataka",35y 141d,India,Batter,2018 - 2022,2021,IPL 2021,PBKS,12,12,1,441,99*,40.09,314,140.44,0,4,42,18,5,0,-,-,-,-,-,-,-,-,-,-,,,"February 05, 2020","November 29, 2020"
398438,Mayank Anurag Agarwal,"February 16, 1991, Bangalore, Karnataka",35y 141d,India,Batter,2018 - 2022,2020/21,IPL 2020/21,PBKS,11,11,0,424,106,38.54,271,156.45,1,2,44,15,6,0,-,-,-,-,-,-,-,-,-,-,,,"February 05, 2020","November 29, 2020"
398438,Mayank Anurag Agarwal,"February 16, 1991, Bangalore, Karnataka",35y 141d,India,Batter,2018 - 2022,2019,IPL 2019,PBKS,13,13,0,332,58,25.53,234,141.88,0,2,26,14,7,0,-,-,-,-,-,-,-,-,-,-,,,"February 05, 2020","November 29, 2020"
398438,Mayank Anurag Agarwal,"February 16, 1991, Bangalore, Karnataka",35y 141d,India,Batter,2018 - 2022,2018,IPL 2018,PBKS,11,11,1,120,30,12.00,94,127.65,0,0,9,5,2,0,-,-,-,-,-,-,-,-,-,-,,,"February 05, 2020","November 29, 2020"
398438,Mayank Anurag Agarwal,"February 16, 1991, Bangalore, Karnataka",35y 141d,India,Batter,2018 - 2022,2017,IPL 2017,RPS,3,3,0,26,20,8.66,27,96.29,0,0,3,0,1,0,-,-,-,-,-,-,-,-,-,-,,,"February 05, 2020","November 29, 2020"
398438,Mayank Anurag Agarwal,"February 16, 1991, Bangalore, Karnataka",35y 141d,India,Batter,2018 - 2022,2016,IPL 2016,DC,3,3,0,27,10,9.00,25,108.00,0,0,3,1,0,0,-,-,-,-,-,-,-,-,-,-,,,"February 05, 2020","November 29, 2020"
398438,Mayank Anurag Agarwal,"February 16, 1991, Bangalore, Karnataka",35y 141d,India,Batter,2018 - 2022,2015,IPL 2015,DC,10,10,1,213,68,23.66,177,120.33,0,2,23,7,3,0,-,-,-,-,-,-,-,-,-,-,,,"February 05, 2020","November 29, 2020"
398438,Mayank Anurag Agarwal,"February 16, 1991, Bangalore, Karnataka",35y 141d,India,Batter,2018 - 2022,2014,IPL 2014,DC,8,8,0,115,31,14.37,91,126.37,0,0,12,3,1,0,-,-,-,-,-,-,-,-,-,-,,,"February 05, 2020","November 29, 2020"
398438,Mayank Anurag Agarwal,"February 16, 1991, Bangalore, Karnataka",35y 141d,India,Batter,2018 - 2022,2013,IPL 2013,RCB,5,5,0,67,29,13.40,62,108.06,0,0,6,3,3,0,-,-,-,-,-,-,-,-,-,-,,,"February 05, 2020","November 29, 2020"
398438,Mayank Anurag Agarwal,"February 16, 1991, Bangalore, Karnataka",35y 141d,India,Batter,2018 - 2022,2012,IPL 2012,RCB,16,12,1,225,64*,20.45,158,142.40,0,1,19,15,9,0,-,-,-,-,-,-,-,-,-,-,,,"February 05, 2020","November 29, 2020"
398438,Mayank Anurag Agarwal,"February 16, 1991, Bangalore, Karnataka",35y 141d,India,Batter,2018 - 2022,2011,IPL 2011,RCB,8,7,0,141,41,20.14,120,117.50,0,0,16,4,3,0,-,-,-,-,-,-,-,-,-,-,,,"February 05, 2020","November 29, 2020"
8917,Moeen Munir Ali,"June 18, 1987, Birmingham",39y 19d,England,Batting Allrounder,2014 - 2024,2025,IPL 2025,KKR,6,2,0,5,5,2.50,14,35.71,0,0,0,0,2,0,6,8.50,96,2/23,2/23,22.66,16.0,0,0,0,"March 11, 2014","June 27, 2024","February 28, 2014","November 11, 2023"
8917,Moeen Munir Ali,"June 18, 1987, Birmingham",39y 19d,England,Batting Allrounder,2014 - 2024,2024,IPL 2024,CSK,8,5,0,128,56,25.60,98,130.61,0,1,7,8,2,0,2,8.87,48,2/23,2/23,35.50,24.0,0,0,0,"March 11, 2014","June 27, 2024","February 28, 2014","November 11, 2023"
8917,Moeen Munir Ali,"June 18, 1987, Birmingham",39y 19d,England,Batting Allrounder,2014 - 2024,2023,IPL 2023,CSK,15,10,3,124,23,17.71,91,136.26,0,0,12,6,4,0,9,7.50,156,4/26,4/26,21.66,17.3,1,0,0,"March 11, 2014","June 27, 2024","February 28, 2014","November 11, 2023"
8917,Moeen Munir Ali,"June 18, 1987, Birmingham",39y 19d,England,Batting Allrounder,2014 - 2024,2022,IPL 2022,CSK,10,10,0,244,93,24.40,177,137.85,0,1,24,11,5,0,8,6.62,143,3/13,3/13,19.75,17.8,0,0,0,"March 11, 2014","June 27, 2024","February 28, 2014","November 11, 2023"
8917,Moeen Munir Ali,"June 18, 1987, Birmingham",39y 19d,England,Batting Allrounder,2014 - 2024,2021,IPL 2021,CSK,15,15,1,357,58,25.50,260,137.30,0,1,31,19,7,0,6,6.35,152,3/7,3/7,26.83,25.3,0,0,0,"March 11, 2014","June 27, 2024","February 28, 2014","November 11, 2023"
8917,Moeen Munir Ali,"June 18, 1987, Birmingham",39y 19d,England,Batting Allrounder,2014 - 2024,2020/21,IPL 2020/21,RCB,3,3,0,12,11,4.00,16,75.00,0,0,1,0,1,0,1,8.40,30,1/21,1/21,42.00,30.0,0,0,0,"March 11, 2014","June 27, 2024","February 28, 2014","November 11, 2023"
8917,Moeen Munir Ali,"June 18, 1987, Birmingham",39y 19d,England,Batting Allrounder,2014 - 2024,2019,IPL 2019,RCB,11,10,2,220,66,27.50,133,165.41,0,2,16,17,1,0,6,6.76,150,2/18,2/18,28.16,25.0,0,0,0,"March 11, 2014","June 27, 2024","February 28, 2014","November 11, 2023"
8917,Moeen Munir Ali,"June 18, 1987, Birmingham",39y 19d,England,Batting Allrounder,2014 - 2024,2018,IPL 2018,RCB,5,4,0,77,65,19.25,46,167.39,0,1,4,6,2,0,3,7.36,79,1/13,1/13,32.33,26.3,0,0,0,"March 11, 2014","June 27, 2024","February 28, 2014","November 11, 2023"
5961,Moises Constantino Henriques,"February 01, 1987, Funchal, Portugal",39y 153d,Australia,Allrounder,2009 - 2021,2021,IPL 2021,PBKS,5,4,2,31,14,15.50,32,96.87,0,0,0,1,1,0,4,4.50,60,3/12,3/12,11.25,15.0,0,0,0,"February 15, 2009","August 09, 2021","October 31, 2009","July 26, 2021"
5961,Moises Constantino Henriques,"February 01, 1987, Funchal, Portugal",39y 153d,Australia,Allrounder,2009 - 2021,2017,IPL 2017,SRH,12,11,5,277,55*,46.16,203,136.45,0,3,28,4,5,0,1,10.33,144,1/6,1/6,248.00,144.0,0,0,0,"February 15, 2009","August 09, 2021","October 31, 2009","July 26, 2021"
5961,Moises Constantino Henriques,"February 01, 1987, Funchal, Portugal",39y 153d,Australia,Allrounder,2009 - 2021,2016,IPL 2016,SRH,17,15,3,182,31*,15.16,158,115.18,0,0,15,6,11,0,12,7.98,312,2/17,2/17,34.58,26.0,0,0,0,"February 15, 2009","August 09, 2021","October 31, 2009","July 26, 2021"
5961,Moises Constantino Henriques,"February 01, 1987, Funchal, Portugal",39y 153d,Australia,Allrounder,2009 - 2021,2015,IPL 2015,SRH,9,9,2,287,74*,41.00,211,136.01,0,2,19,13,1,0,11,6.32,150,3/16,3/16,14.36,13.6,0,0,0,"February 15, 2009","August 09, 2021","October 31, 2009","July 26, 2021"
5961,Moises Constantino Henriques,"February 01, 1987, Funchal, Portugal",39y 153d,Australia,Allrounder,2009 - 2021,2014,IPL 2014,SRH,4,2,0,9,9,4.50,14,64.28,0,0,1,0,1,0,4,9.60,60,2/26,2/26,24.00,15.0,0,0,0,"February 15, 2009","August 09, 2021","October 31, 2009","July 26, 2021"
5961,Moises Constantino Henriques,"February 01, 1987, Funchal, Portugal",39y 153d,Australia,Allrounder,2009 - 2021,2013,IPL 2013,RCB,10,9,5,165,44,41.25,125,132.00,0,0,20,3,5,0,7,8.74,127,2/14,2/14,26.42,18.1,0,0,0,"February 15, 2009","August 09, 2021","October 31, 2009","July 26, 2021"
5961,Moises Constantino Henriques,"February 01, 1987, Funchal, Portugal",39y 153d,Australia,Allrounder,2009 - 2021,2009/10,IPL 2009/10,DC,1,1,0,11,11,11.00,5,220.00,0,0,2,0,1,0,1,8.75,24,1/35,1/35,35.00,24.0,0,0,0,"February 15, 2009","August 09, 2021","October 31, 2009","July 26, 2021"
5961,Moises Constantino Henriques,"February 01, 1987, Funchal, Portugal",39y 153d,Australia,Allrounder,2009 - 2021,2009,IPL 2009,KKR,4,3,1,38,30*,19.00,40,95.00,0,0,2,1,3,0,2,8.79,73,1/32,1/32,53.50,36.5,0,0,0,"February 15, 2009","August 09, 2021","October 31, 2009","July 26, 2021"
528067,Murugan Ashwin,"September 08, 1990, Chennai, Tamil Nadu",35y 302d,India,Bowler,-,2023,IPL 2023,RR,2,-,-,-,-,-,-,-,-,-,-,-,0,0,0,13.25,24,-,-,-,-,0,0,0,,,,
528067,Murugan Ashwin,"September 08, 1990, Chennai, Tamil Nadu",35y 302d,India,Bowler,-,2022,IPL 2022,MI,8,5,2,12,6,4.00,14,85.71,0,0,1,1,0,0,9,7.86,174,2/14,2/14,25.33,19.3,0,0,0,,,,
528067,Murugan Ashwin,"September 08, 1990, Chennai, Tamil Nadu",35y 302d,India,Bowler,-,2021,IPL 2021,PBKS,3,2,0,15,9,7.50,24,62.50,0,0,1,0,0,0,1,8.81,66,1/32,1/32,97.00,66.0,0,0,0,,,,
528067,Murugan Ashwin,"September 08, 1990, Chennai, Tamil Nadu",35y 302d,India,Bowler,-,2020/21,IPL 2020/21,PBKS,9,1,0,4,4,4.00,4,100.00,0,0,0,0,4,0,10,7.46,189,3/21,3/21,23.50,18.9,0,0,0,,,,
528067,Murugan Ashwin,"September 08, 1990, Chennai, Tamil Nadu",35y 302d,India,Bowler,-,2019,IPL 2019,PBKS,10,3,2,3,1*,3.00,5,60.00,0,0,0,0,3,0,5,7.50,204,2/25,2/25,51.00,40.8,0,0,0,,,,
528067,Murugan Ashwin,"September 08, 1990, Chennai, Tamil Nadu",35y 302d,India,Bowler,-,2018,IPL 2018,RCB,2,1,0,1,1,1.00,2,50.00,0,0,0,0,0,0,3,7.57,42,2/36,2/36,17.66,14.0,0,0,0,,,,
528067,Murugan Ashwin,"September 08, 1990, Chennai, Tamil Nadu",35y 302d,India,Bowler,-,2016,IPL 2016,RPS,10,1,0,0,0,0.00,1,0.00,0,0,0,0,0,0,7,8.45,171,3/36,3/36,34.42,24.4,0,0,0,,,,
261354,Nathan Mitchell Coulter-Nile,"October 11, 1987, Osborne Park, Western Australia",38y 266d,Australia,Bowling Allrounder,2013 - 2019,2022,IPL 2022,RR,1,1,1,1,1*,-,2,50.00,0,0,0,0,0,0,0,16.00,18,-,-,-,-,0,0,0,"February 13, 2013","February 27, 2019","September 14, 2013","June 20, 2019"
261354,Nathan Mitchell Coulter-Nile,"October 11, 1987, Osborne Park, Western Australia",38y 266d,Australia,Bowling Allrounder,2013 - 2019,2021,IPL 2021,MI,5,2,0,4,3,2.00,5,80.00,0,0,0,0,2,0,7,6.35,120,4/14,4/14,18.14,17.1,1,0,0,"February 13, 2013","February 27, 2019","September 14, 2013","June 20, 2019"
261354,Nathan Mitchell Coulter-Nile,"October 11, 1987, Osborne Park, Western Australia",38y 266d,Australia,Bowling Allrounder,2013 - 2019,2020/21,IPL 2020/21,MI,7,2,1,25,24*,25.00,15,166.66,0,0,4,0,2,0,5,7.92,156,2/29,2/29,41.20,31.2,0,0,0,"February 13, 2013","February 27, 2019","September 14, 2013","June 20, 2019"
261354,Nathan Mitchell Coulter-Nile,"October 11, 1987, Osborne Park, Western Australia",38y 266d,Australia,Bowling Allrounder,2013 - 2019,2017,IPL 2017,KKR,8,3,0,14,6,4.66,12,116.66,0,0,0,2,2,0,15,8.04,170,3/20,3/20,15.20,11.3,0,0,0,"February 13, 2013","February 27, 2019","September 14, 2013","June 20, 2019"
261354,Nathan Mitchell Coulter-Nile,"October 11, 1987, Osborne Park, Western Australia",38y 266d,Australia,Bowling Allrounder,2013 - 2019,2016,IPL 2016,DC,4,2,2,9,7*,-,14,64.28,0,0,1,0,0,0,3,7.60,90,2/25,2/25,38.00,30.0,0,0,0,"February 13, 2013","February 27, 2019","September 14, 2013","June 20, 2019"
261354,Nathan Mitchell Coulter-Nile,"October 11, 1987, Osborne Park, Western Australia",38y 266d,Australia,Bowling Allrounder,2013 - 2019,2015,IPL 2015,DC,11,5,1,20,6,5.00,18,111.11,0,0,2,1,5,0,15,7.55,255,4/20,4/20,21.40,17.0,1,0,0,"February 13, 2013","February 27, 2019","September 14, 2013","June 20, 2019"
261354,Nathan Mitchell Coulter-Nile,"October 11, 1987, Osborne Park, Western Australia",38y 266d,Australia,Bowling Allrounder,2013 - 2019,2014,IPL 2014,DC,2,1,1,0,0*,-,0,-,0,0,0,0,0,0,2,6.75,24,2/27,2/27,13.50,12.0,0,0,0,"February 13, 2013","February 27, 2019","September 14, 2013","June 20, 2019"
261354,Nathan Mitchell Coulter-Nile,"October 11, 1987, Osborne Park, Western Australia",38y 266d,Australia,Bowling Allrounder,2013 - 2019,2013,IPL 2013,MI,1,1,0,9,9,9.00,6,150.00,0,0,0,1,1,0,1,7.25,24,1/29,1/29,29.00,24.0,0,0,0,"February 13, 2013","February 27, 2019","September 14, 2013","June 20, 2019"
51050,Demuni Nuwan Tharanga Zoysa,"May 13, 1978, Colombo",48y 52d,Sri Lanka,Bowler,1997 - 2007,2007/08,IPL 2007/08,DCH,3,2,1,11,10*,11.00,9,122.22,0,0,1,0,1,0,2,9.00,66,1/30,1/30,49.50,33.0,0,0,0,,,"March 25, 1997","February 08, 2007"
272949,David Paidikalva Vijaykumar,"October 20, 1986, Paidikalva, Andhra Pradesh",39y 257d,India,,-,2007/08,IPL 2007/08,DCH,9,2,2,1,1*,-,1,100.00,0,0,0,0,0,0,4,7.85,152,1/17,1/17,49.75,38.0,0,0,0,,,,
290629,Palani Amarnath,"June 01, 1982",44y 28d,India,,-,2007/08,IPL 2007/08,CSK,6,-,-,-,-,-,-,-,-,-,-,-,2,0,7,10.72,132,2/29,2/29,33.71,18.8,0,0,0,,,,
489889,Patrick James Cummins,"May 08, 1993, Westmead, Sydney",33y 57d,Australia,Bowler,2011 - 2025,2026,IPL 2026,SRH,8,3,0,30,19,10.00,19,157.89,0,0,1,3,2,0,8,9.59,192,3/28,3/28,38.37,24.0,0,0,0,"October 13, 2011","June 24, 2024","October 19, 2011","November 08, 2024"
489889,Patrick James Cummins,"May 08, 1993, Westmead, Sydney",33y 57d,Australia,Bowler,2011 - 2025,2025,IPL 2025,SRH,14,9,5,97,22*,24.25,58,167.24,0,0,6,7,5,0,16,9.06,298,3/19,3/19,28.12,18.6,0,0,0,"October 13, 2011","June 24, 2024","October 19, 2011","November 08, 2024"
489889,Patrick James Cummins,"May 08, 1993, Westmead, Sydney",33y 57d,Australia,Bowler,2011 - 2025,2024,IPL 2024,SRH,16,10,4,136,35*,22.66,95,143.15,0,0,9,8,7,0,18,9.27,366,3/43,3/43,31.44,20.3,0,0,0,"October 13, 2011","June 24, 2024","October 19, 2011","November 08, 2024"
489889,Patrick James Cummins,"May 08, 1993, Westmead, Sydney",33y 57d,Australia,Bowler,2011 - 2025,2022,IPL 2022,KKR,5,5,1,63,56*,15.75,24,262.50,0,1,5,6,1,0,7,10.68,119,3/22,3/22,30.28,17.0,0,0,0,"October 13, 2011","June 24, 2024","October 19, 2011","November 08, 2024"
489889,Patrick James Cummins,"May 08, 1993, Westmead, Sydney",33y 57d,Australia,Bowler,2011 - 2025,2021,IPL 2021,KKR,7,5,2,93,66*,31.00,56,166.07,0,1,5,8,2,0,9,8.83,161,3/24,3/24,26.33,17.8,0,0,0,"October 13, 2011","June 24, 2024","October 19, 2011","November 08, 2024"
489889,Patrick James Cummins,"May 08, 1993, Westmead, Sydney",33y 57d,Australia,Bowler,2011 - 2025,2020/21,IPL 2020/21,KKR,14,11,4,146,53*,20.85,114,128.07,0,1,9,8,3,0,12,7.86,312,4/34,4/34,34.08,26.0,1,0,0,"October 13, 2011","June 24, 2024","October 19, 2011","November 08, 2024"
489889,Patrick James Cummins,"May 08, 1993, Westmead, Sydney",33y 57d,Australia,Bowler,2011 - 2025,2017,IPL 2017,DC,12,9,4,77,24,15.40,53,145.28,0,0,5,4,1,0,15,8.07,277,2/20,2/20,24.86,18.4,0,0,0,"October 13, 2011","June 24, 2024","October 19, 2011","November 08, 2024"
489889,Patrick James Cummins,"May 08, 1993, Westmead, Sydney",33y 57d,Australia,Bowler,2011 - 2025,2015,IPL 2015,KKR,3,1,0,0,0,0.00,2,0.00,0,0,0,0,1,0,1,9.70,60,1/54,1/54,97.00,60.0,0,0,0,"October 13, 2011","June 24, 2024","October 19, 2011","November 08, 2024"
489889,Patrick James Cummins,"May 08, 1993, Westmead, Sydney",33y 57d,Australia,Bowler,2011 - 2025,2014,IPL 2014,KKR,1,-,-,-,-,-,-,-,-,-,-,-,0,0,1,7.25,24,1/29,1/29,29.00,24.0,0,0,0,"October 13, 2011","June 24, 2024","October 19, 2011","November 08, 2024"
10772,Paul David Collingwood,"May 26, 1976, Shotley Bridge, Co Durham",50y 39d,England,Allrounder,2001 - 2017,2009/10,IPL 2009/10,DC,8,7,2,203,75*,40.60,156,130.12,0,3,9,13,4,0,5,6.80,89,2/19,2/19,20.20,17.8,0,0,0,"June 13, 2005","September 13, 2017","June 07, 2001","March 11, 2011"
327127,PM Sarvesh Kumar,"April 26, 1989, Hyderabad, Andhra Pradesh",37y 69d,India,,-,2007/08,IPL 2007/08,DCH,2,1,1,1,1*,-,2,50.00,0,0,0,0,0,0,1,8.40,30,1/18,1/18,42.00,30.0,0,0,0,,,,
777515,Praveen Dubey,"July 01, 1993, Azamgarh, Uttar Pradesh",33y 3d,India,Bowler,-,2025,IPL 2025,PBKS,1,-,-,-,-,-,-,-,-,-,-,-,0,0,1,10.00,12,1/20,1/20,20.00,12.0,0,0,0,,,,
777515,Praveen Dubey,"July 01, 1993, Azamgarh, Uttar Pradesh",33y 3d,India,Bowler,-,2023,IPL 2023,DC,1,1,0,16,16,16.00,20,80.00,0,0,2,0,0,0,1,6.33,18,1/19,1/19,19.00,18.0,0,0,0,,,,
777515,Praveen Dubey,"July 01, 1993, Azamgarh, Uttar Pradesh",33y 3d,India,Bowler,-,2020/21,IPL 2020/21,DC,3,1,1,7,7*,-,13,53.84,0,0,0,0,1,0,0,9.00,48,-,-,-,-,0,0,0,,,,
1070180,Priyam K Garg,"November 30, 2000, Meerut, Uttar Pradesh",25y 216d,India,Top order Batter,-,2023,IPL 2023,DC,2,2,0,22,12,11.00,23,95.65,0,0,1,0,0,0,-,-,-,-,-,-,-,-,-,-,,,,
1070180,Priyam K Garg,"November 30, 2000, Meerut, Uttar Pradesh",25y 216d,India,Top order Batter,-,2022,IPL 2022,SRH,2,2,0,46,42,23.00,33,139.39,0,0,4,2,3,0,-,-,-,-,-,-,-,-,-,-,,,,
1070180,Priyam K Garg,"November 30, 2000, Meerut, Uttar Pradesh",25y 216d,India,Top order Batter,-,2021,IPL 2021,SRH,5,5,0,72,29,14.40,74,97.29,0,0,2,3,0,0,-,-,-,-,-,-,-,-,-,-,,,,
1070180,Priyam K Garg,"November 30, 2000, Meerut, Uttar Pradesh",25y 216d,India,Top order Batter,-,2020/21,IPL 2020/21,SRH,14,10,1,133,51*,14.77,111,119.81,0,1,9,4,6,0,-,-,-,-,-,-,-,-,-,-,,,,
379143,Quinton de Kock,"December 17, 1992, Johannesburg, Gauteng",33y 199d,South Africa,Wicketkeeper Batter,2012 - 2026,2026,IPL 2026,MI,3,3,1,132,112*,66.00,81,162.96,1,0,9,9,2,1,-,-,-,-,-,-,-,-,-,-,"December 21, 2012","March 04, 2026","January 19, 2013","December 06, 2025"
379143,Quinton de Kock,"December 17, 1992, Johannesburg, Gauteng",33y 199d,South Africa,Wicketkeeper Batter,2012 - 2026,2025,IPL 2025,KKR,8,8,1,152,97*,21.71,117,129.91,0,1,9,11,3,0,-,-,-,-,-,-,-,-,-,-,"December 21, 2012","March 04, 2026","January 19, 2013","December 06, 2025"
379143,Quinton de Kock,"December 17, 1992, Johannesburg, Gauteng",33y 199d,South Africa,Wicketkeeper Batter,2012 - 2026,2024,IPL 2024,LSG,11,11,0,250,81,22.72,186,134.40,0,3,29,9,3,0,-,-,-,-,-,-,-,-,-,-,"December 21, 2012","March 04, 2026","January 19, 2013","December 06, 2025"
379143,Quinton de Kock,"December 17, 1992, Johannesburg, Gauteng",33y 199d,South Africa,Wicketkeeper Batter,2012 - 2026,2023,IPL 2023,LSG,4,4,0,143,70,35.75,102,140.19,0,1,10,8,2,1,-,-,-,-,-,-,-,-,-,-,"December 21, 2012","March 04, 2026","January 19, 2013","December 06, 2025"
379143,Quinton de Kock,"December 17, 1992, Johannesburg, Gauteng",33y 199d,South Africa,Wicketkeeper Batter,2012 - 2026,2022,IPL 2022,LSG,15,15,1,508,140*,36.28,341,148.97,1,3,47,23,12,1,-,-,-,-,-,-,-,-,-,-,"December 21, 2012","March 04, 2026","January 19, 2013","December 06, 2025"
379143,Quinton de Kock,"December 17, 1992, Johannesburg, Gauteng",33y 199d,South Africa,Wicketkeeper Batter,2012 - 2026,2021,IPL 2021,MI,11,11,1,297,70*,29.70,256,116.01,0,2,29,7,4,2,-,-,-,-,-,-,-,-,-,-,"December 21, 2012","March 04, 2026","January 19, 2013","December 06, 2025"
379143,Quinton de Kock,"December 17, 1992, Johannesburg, Gauteng",33y 199d,South Africa,Wicketkeeper Batter,2012 - 2026,2020/21,IPL 2020/21,MI,16,16,2,503,78*,35.92,358,140.50,0,4,46,22,18,4,-,-,-,-,-,-,-,-,-,-,"December 21, 2012","March 04, 2026","January 19, 2013","December 06, 2025"
379143,Quinton de Kock,"December 17, 1992, Johannesburg, Gauteng",33y 199d,South Africa,Wicketkeeper Batter,2012 - 2026,2019,IPL 2019,MI,16,16,1,529,81,35.26,398,132.91,0,4,45,25,17,2,-,-,-,-,-,-,-,-,-,-,"December 21, 2012","March 04, 2026","January 19, 2013","December 06, 2025"
379143,Quinton de Kock,"December 17, 1992, Johannesburg, Gauteng",33y 199d,South Africa,Wicketkeeper Batter,2012 - 2026,2018,IPL 2018,RCB,8,8,0,201,53,25.12,162,124.07,0,1,20,8,7,3,-,-,-,-,-,-,-,-,-,-,"December 21, 2012","March 04, 2026","January 19, 2013","December 06, 2025"
379143,Quinton de Kock,"December 17, 1992, Johannesburg, Gauteng",33y 199d,South Africa,Wicketkeeper Batter,2012 - 2026,2016,IPL 2016,DC,13,13,1,445,108,37.08,327,136.08,1,3,52,13,2,2,-,-,-,-,-,-,-,-,-,-,"December 21, 2012","March 04, 2026","January 19, 2013","December 06, 2025"
379143,Quinton de Kock,"December 17, 1992, Johannesburg, Gauteng",33y 199d,South Africa,Wicketkeeper Batter,2012 - 2026,2015,IPL 2015,DC,3,3,0,122,69,40.66,77,158.44,0,2,18,4,0,0,-,-,-,-,-,-,-,-,-,-,"December 21, 2012","March 04, 2026","January 19, 2013","December 06, 2025"
379143,Quinton de Kock,"December 17, 1992, Johannesburg, Gauteng",33y 199d,South Africa,Wicketkeeper Batter,2012 - 2026,2014,IPL 2014,DC,7,7,0,153,48,21.85,130,117.69,0,0,19,4,2,0,-,-,-,-,-,-,-,-,-,-,"December 21, 2012","March 04, 2026","January 19, 2013","December 06, 2025"
379143,Quinton de Kock,"December 17, 1992, Johannesburg, Gauteng",33y 199d,South Africa,Wicketkeeper Batter,2012 - 2026,2013,IPL 2013,SRH,3,3,0,6,4,2.00,15,40.00,0,0,1,0,3,1,-,-,-,-,-,-,-,-,-,-,"December 21, 2012","March 04, 2026","January 19, 2013","December 06, 2025"
272994,Rahul Sharma,"November 30, 1986, Jalandhar",39y 216d,India,Bowler,2011 - 2012,2014,IPL 2014,DC,2,-,-,-,-,-,-,-,-,-,-,-,0,0,1,10.83,36,1/33,1/33,65.00,36.0,0,0,0,"February 01, 2012","February 03, 2012","December 08, 2011","July 28, 2012"
272994,Rahul Sharma,"November 30, 1986, Jalandhar",39y 216d,India,Bowler,2011 - 2012,2013,IPL 2013,PWI,11,6,2,11,10*,2.75,17,64.70,0,0,1,0,2,0,9,6.85,246,2/16,2/16,31.22,27.3,0,0,0,"February 01, 2012","February 03, 2012","December 08, 2011","July 28, 2012"
272994,Rahul Sharma,"November 30, 1986, Jalandhar",39y 216d,India,Bowler,2011 - 2012,2012,IPL 2012,PWI,11,5,1,2,2,0.50,11,18.18,0,0,0,0,2,0,9,8.10,222,2/16,2/16,33.33,24.6,0,0,0,"February 01, 2012","February 03, 2012","December 08, 2011","July 28, 2012"
272994,Rahul Sharma,"November 30, 1986, Jalandhar",39y 216d,India,Bowler,2011 - 2012,2011,IPL 2011,PWI,14,5,2,24,13,8.00,21,114.28,0,0,1,2,7,0,16,5.46,300,3/13,3/13,17.06,18.7,0,0,0,"February 01, 2012","February 03, 2012","December 08, 2011","July 28, 2012"
272994,Rahul Sharma,"November 30, 1986, Jalandhar",39y 216d,India,Bowler,2011 - 2012,2009/10,IPL 2009/10,DCH,6,4,1,29,14*,9.66,26,111.53,0,0,3,1,1,0,5,8.08,124,2/42,2/42,33.40,24.8,0,0,0,"February 01, 2012","February 03, 2012","December 08, 2011","July 28, 2012"
26907,Rajat Bhatia,"October 22, 1979, Delhi",46y 255d,India,Allrounder,-,2017,IPL 2017,RPS,3,2,1,16,16,16.00,17,94.11,0,0,0,1,2,0,2,7.85,42,2/14,2/14,27.50,21.0,0,0,0,,,,
26907,Rajat Bhatia,"October 22, 1979, Delhi",46y 255d,India,Allrounder,-,2016,IPL 2016,RPS,10,6,5,34,21,34.00,20,170.00,0,0,1,2,2,0,6,7.17,204,2/19,2/19,40.66,34.0,0,0,0,,,,
26907,Rajat Bhatia,"October 22, 1979, Delhi",46y 255d,India,Allrounder,-,2015,IPL 2015,RR,2,1,0,0,0,0.00,1,0.00,0,0,0,0,0,0,0,9.20,30,-,-,-,-,0,0,0,,,,
26907,Rajat Bhatia,"October 22, 1979, Delhi",46y 255d,India,Allrounder,-,2014,IPL 2014,RR,12,7,2,67,23,13.40,53,126.41,0,0,4,3,5,0,12,7.44,228,3/23,3/23,23.58,19.0,0,0,0,,,,
26907,Rajat Bhatia,"October 22, 1979, Delhi",46y 255d,India,Allrounder,-,2013,IPL 2013,KKR,15,10,4,99,26*,16.50,80,123.75,0,0,8,3,0,0,11,7.57,263,2/23,2/23,30.18,23.9,0,0,0,,,,
26907,Rajat Bhatia,"October 22, 1979, Delhi",46y 255d,India,Allrounder,-,2012,IPL 2012,KKR,17,6,3,35,12,11.66,28,125.00,0,0,4,0,6,0,13,7.31,319,2/14,2/14,29.92,24.5,0,0,0,,,,
26907,Rajat Bhatia,"October 22, 1979, Delhi",46y 255d,India,Allrounder,-,2011,IPL 2011,KKR,14,6,3,25,11,8.33,22,113.63,0,0,3,0,4,0,8,6.56,192,3/22,3/22,26.25,24.0,0,0,0,,,,
26907,Rajat Bhatia,"October 22, 1979, Delhi",46y 255d,India,Allrounder,-,2009/10,IPL 2009/10,DC,5,3,0,24,21,8.00,17,141.17,0,0,1,2,1,0,3,8.25,96,1/24,1/24,44.00,32.0,0,0,0,,,,
26907,Rajat Bhatia,"October 22, 1979, Delhi",46y 255d,India,Allrounder,-,2009,IPL 2009,DC,8,5,0,8,4,1.60,18,44.44,0,0,1,0,4,0,10,6.73,130,4/15,4/15,14.60,13.0,1,0,0,,,,
26907,Rajat Bhatia,"October 22, 1979, Delhi",46y 255d,India,Allrounder,-,2007/08,IPL 2007/08,DC,9,3,1,34,17,17.00,28,121.42,0,0,2,2,1,0,6,8.31,132,2/17,2/17,30.50,22.0,0,0,0,,,,
236766,Rajesh Bishnoi,"October 08, 1987, Bikaner",38y 272d,India,Middle order Batter,-,2009,IPL 2009,RCB,3,3,0,19,18,6.33,17,111.76,0,0,1,2,1,0,-,-,-,-,-,-,-,-,-,-,,,,
27150,Raju Ravi Bhatkal,"September 01, 1985, Belgaum, Karnataka",40y 309d,India,Allrounder,-,2012,IPL 2012,RCB,1,1,0,0,0,0.00,2,0.00,0,0,0,0,1,0,0,17.50,12,-,-,-,-,0,0,0,,,,
26421,Ravichandran Ashwin,"September 17, 1986, Madras (now Chennai), Tamil Nadu",39y 290d,India,Bowling Allrounder,2010 - 2024,2025,IPL 2025,CSK,9,4,0,33,13,8.25,30,110.00,0,0,3,1,4,0,7,9.12,186,2/41,2/41,40.42,26.5,0,0,0,"June 12, 2010","November 10, 2022","June 05, 2010","October 08, 2023"
26421,Ravichandran Ashwin,"September 17, 1986, Madras (now Chennai), Tamil Nadu",39y 290d,India,Bowling Allrounder,2010 - 2024,2024,IPL 2024,RR,15,9,3,86,29,14.33,74,116.21,0,0,5,4,5,0,9,8.49,330,3/24,3/24,51.88,36.6,0,0,0,"June 12, 2010","November 10, 2022","June 05, 2010","October 08, 2023"
26421,Ravichandran Ashwin,"September 17, 1986, Madras (now Chennai), Tamil Nadu",39y 290d,India,Bowling Allrounder,2010 - 2024,2023,IPL 2023,RR,13,10,4,67,30,11.16,51,131.37,0,0,5,3,1,0,14,7.51,294,2/23,2/23,26.28,21.0,0,0,0,"June 12, 2010","November 10, 2022","June 05, 2010","October 08, 2023"
26421,Ravichandran Ashwin,"September 17, 1986, Madras (now Chennai), Tamil Nadu",39y 290d,India,Bowling Allrounder,2010 - 2024,2022,IPL 2022,RR,17,12,5,191,50,27.28,135,141.48,0,1,14,9,5,0,12,7.50,402,3/17,3/17,41.91,33.5,0,0,0,"June 12, 2010","November 10, 2022","June 05, 2010","October 08, 2023"
26421,Ravichandran Ashwin,"September 17, 1986, Madras (now Chennai), Tamil Nadu",39y 290d,India,Bowling Allrounder,2010 - 2024,2021,IPL 2021,DC,13,5,2,44,20*,14.66,42,104.76,0,0,2,1,3,0,7,7.41,268,2/27,2/27,47.28,38.2,0,0,0,"June 12, 2010","November 10, 2022","June 05, 2010","October 08, 2023"
26421,Ravichandran Ashwin,"September 17, 1986, Madras (now Chennai), Tamil Nadu",39y 290d,India,Bowling Allrounder,2010 - 2024,2020/21,IPL 2020/21,DC,15,6,3,37,14*,12.33,34,108.82,0,0,3,1,2,0,13,7.66,306,3/29,3/29,30.07,23.5,0,0,0,"June 12, 2010","November 10, 2022","June 05, 2010","October 08, 2023"
26421,Ravichandran Ashwin,"September 17, 1986, Madras (now Chennai), Tamil Nadu",39y 290d,India,Bowling Allrounder,2010 - 2024,2019,IPL 2019,PBKS,14,6,1,42,17*,8.40,28,150.00,0,0,3,3,4,0,15,7.27,330,3/23,3/23,26.66,22.0,0,0,0,"June 12, 2010","November 10, 2022","June 05, 2010","October 08, 2023"
26421,Ravichandran Ashwin,"September 17, 1986, Madras (now Chennai), Tamil Nadu",39y 290d,India,Bowling Allrounder,2010 - 2024,2018,IPL 2018,PBKS,14,9,1,102,45,12.75,71,143.66,0,0,7,5,5,0,10,8.09,304,2/18,2/18,41.00,30.4,0,0,0,"June 12, 2010","November 10, 2022","June 05, 2010","October 08, 2023"
26421,Ravichandran Ashwin,"September 17, 1986, Madras (now Chennai), Tamil Nadu",39y 290d,India,Bowling Allrounder,2010 - 2024,2016,IPL 2016,RPS,14,6,4,41,29,20.50,38,107.89,0,0,3,1,3,0,10,7.25,264,4/34,4/34,31.90,26.4,1,0,0,"June 12, 2010","November 10, 2022","June 05, 2010","October 08, 2023"
26421,Ravichandran Ashwin,"September 17, 1986, Madras (now Chennai), Tamil Nadu",39y 290d,India,Bowling Allrounder,2010 - 2024,2015,IPL 2015,CSK,14,6,3,52,23,17.33,32,162.50,0,0,6,1,3,0,10,5.84,234,2/5,2/5,22.80,23.4,0,0,0,"June 12, 2010","November 10, 2022","June 05, 2010","October 08, 2023"
26421,Ravichandran Ashwin,"September 17, 1986, Madras (now Chennai), Tamil Nadu",39y 290d,India,Bowling Allrounder,2010 - 2024,2014,IPL 2014,CSK,16,6,3,45,14,15.00,45,100.00,0,0,4,0,1,0,16,7.30,359,3/30,3/30,27.31,22.4,0,0,0,"June 12, 2010","November 10, 2022","June 05, 2010","October 08, 2023"
26421,Ravichandran Ashwin,"September 17, 1986, Madras (now Chennai), Tamil Nadu",39y 290d,India,Bowling Allrounder,2010 - 2024,2013,IPL 2013,CSK,18,5,1,35,11*,8.75,49,71.42,0,0,4,0,4,0,15,6.72,348,2/18,2/18,26.00,23.2,0,0,0,"June 12, 2010","November 10, 2022","June 05, 2010","October 08, 2023"
26421,Ravichandran Ashwin,"September 17, 1986, Madras (now Chennai), Tamil Nadu",39y 290d,India,Bowling Allrounder,2010 - 2024,2012,IPL 2012,CSK,19,5,2,18,8,6.00,15,120.00,0,0,2,0,5,0,14,6.54,395,3/23,3/23,30.78,28.2,0,0,0,"June 12, 2010","November 10, 2022","June 05, 2010","October 08, 2023"
26421,Ravichandran Ashwin,"September 17, 1986, Madras (now Chennai), Tamil Nadu",39y 290d,India,Bowling Allrounder,2010 - 2024,2011,IPL 2011,CSK,16,2,0,2,2,1.00,6,33.33,0,0,0,0,4,0,20,6.15,378,3/16,3/16,19.40,18.9,0,0,0,"June 12, 2010","November 10, 2022","June 05, 2010","October 08, 2023"
26421,Ravichandran Ashwin,"September 17, 1986, Madras (now Chennai), Tamil Nadu",39y 290d,India,Bowling Allrounder,2010 - 2024,2009/10,IPL 2009/10,CSK,12,6,2,30,11*,7.50,40,75.00,0,0,2,0,1,0,13,6.10,288,3/16,3/16,22.53,22.1,0,0,0,"June 12, 2010","November 10, 2022","June 05, 2010","October 08, 2023"
26421,Ravichandran Ashwin,"September 17, 1986, Madras (now Chennai), Tamil Nadu",39y 290d,India,Bowling Allrounder,2010 - 2024,2009,IPL 2009,CSK,2,1,0,8,8,8.00,15,53.33,0,0,1,0,2,0,2,3.25,24,2/13,2/13,6.50,12.0,0,0,0,"June 12, 2010","November 10, 2022","June 05, 2010","October 08, 2023"
642531,Ricky Kannakumar Bhui,"September 29, 1996, Bhopal, Madhya Pradesh",29y 278d,India,Top order Batter,-,2024,IPL 2024,DC,2,2,0,3,3,1.50,9,33.33,0,0,0,0,0,0,-,-,-,-,-,-,-,-,-,-,,,,
642531,Ricky Kannakumar Bhui,"September 29, 1996, Bhopal, Madhya Pradesh",29y 278d,India,Top order Batter,-,2019,IPL 2019,SRH,1,1,0,7,7,7.00,12,58.33,0,0,0,0,0,0,-,-,-,-,-,-,-,-,-,-,,,,
642531,Ricky Kannakumar Bhui,"September 29, 1996, Bhopal, Madhya Pradesh",29y 278d,India,Top order Batter,-,2018,IPL 2018,SRH,1,1,0,0,0,0.00,5,0.00,0,0,0,0,0,0,-,-,-,-,-,-,-,-,-,-,,,,
1201520,Ripal Vinubhai Patel,"September 28, 1995, Nadiad",30y 279d,India,Middle order Batter,-,2023,IPL 2023,DC,5,4,1,49,23,16.33,43,113.95,0,0,3,1,1,0,-,-,-,-,-,-,-,-,-,-,,,,
1201520,Ripal Vinubhai Patel,"September 28, 1995, Nadiad",30y 279d,India,Middle order Batter,-,2022,IPL 2022,DC,2,1,0,6,6,6.00,3,200.00,0,0,0,1,1,0,-,-,-,-,-,-,-,-,-,-,,,,
1201520,Ripal Vinubhai Patel,"September 28, 1995, Nadiad",30y 279d,India,Middle order Batter,-,2021,IPL 2021,DC,2,2,1,25,18,25.00,27,92.59,0,0,3,0,0,0,0,7.33,18,-,-,-,-,0,0,0,,,,
34102,Rohit Gurunath Sharma,"April 30, 1987, Bansod, Nagpur, Maharashtra",39y 65d,India,Top order Batter,2007 - 2026,2026,IPL 2026,MI,9,9,1,283,84,35.37,180,157.22,0,2,21,21,0,0,-,-,-,-,-,-,-,-,-,-,"September 19, 2007","June 29, 2024","June 23, 2007","June 20, 2026"
34102,Rohit Gurunath Sharma,"April 30, 1987, Bansod, Nagpur, Maharashtra",39y 65d,India,Top order Batter,2007 - 2026,2025,IPL 2025,MI,15,15,1,418,81,29.85,280,149.28,0,4,41,22,1,0,-,-,-,-,-,-,-,-,-,-,"September 19, 2007","June 29, 2024","June 23, 2007","June 20, 2026"
34102,Rohit Gurunath Sharma,"April 30, 1987, Bansod, Nagpur, Maharashtra",39y 65d,India,Top order Batter,2007 - 2026,2024,IPL 2024,MI,14,14,1,417,105*,32.07,278,150.00,1,1,45,23,3,0,-,-,-,-,-,-,-,-,-,-,"September 19, 2007","June 29, 2024","June 23, 2007","June 20, 2026"
34102,Rohit Gurunath Sharma,"April 30, 1987, Bansod, Nagpur, Maharashtra",39y 65d,India,Top order Batter,2007 - 2026,2023,IPL 2023,MI,16,16,0,332,65,20.75,250,132.80,0,2,35,17,1,0,-,-,-,-,-,-,-,-,-,-,"September 19, 2007","June 29, 2024","June 23, 2007","June 20, 2026"
34102,Rohit Gurunath Sharma,"April 30, 1987, Bansod, Nagpur, Maharashtra",39y 65d,India,Top order Batter,2007 - 2026,2022,IPL 2022,MI,14,14,0,268,48,19.14,223,120.17,0,0,28,13,7,0,-,-,-,-,-,-,-,-,-,-,"September 19, 2007","June 29, 2024","June 23, 2007","June 20, 2026"
34102,Rohit Gurunath Sharma,"April 30, 1987, Bansod, Nagpur, Maharashtra",39y 65d,India,Top order Batter,2007 - 2026,2021,IPL 2021,MI,13,13,0,381,63,29.30,299,127.42,0,1,33,14,1,0,0,11.14,7,-,-,-,-,0,0,0,"September 19, 2007","June 29, 2024","June 23, 2007","June 20, 2026"
34102,Rohit Gurunath Sharma,"April 30, 1987, Bansod, Nagpur, Maharashtra",39y 65d,India,Top order Batter,2007 - 2026,2020/21,IPL 2020/21,MI,12,12,0,332,80,27.66,260,127.69,0,3,27,19,6,0,-,-,-,-,-,-,-,-,-,-,"September 19, 2007","June 29, 2024","June 23, 2007","June 20, 2026"
34102,Rohit Gurunath Sharma,"April 30, 1987, Bansod, Nagpur, Maharashtra",39y 65d,India,Top order Batter,2007 - 2026,2019,IPL 2019,MI,15,15,1,405,67,28.92,315,128.57,0,2,52,10,4,0,-,-,-,-,-,-,-,-,-,-,"September 19, 2007","June 29, 2024","June 23, 2007","June 20, 2026"
34102,Rohit Gurunath Sharma,"April 30, 1987, Bansod, Nagpur, Maharashtra",39y 65d,India,Top order Batter,2007 - 2026,2018,IPL 2018,MI,14,14,2,286,94,23.83,215,133.02,0,2,25,12,8,0,-,-,-,-,-,-,-,-,-,-,"September 19, 2007","June 29, 2024","June 23, 2007","June 20, 2026"
34102,Rohit Gurunath Sharma,"April 30, 1987, Bansod, Nagpur, Maharashtra",39y 65d,India,Top order Batter,2007 - 2026,2017,IPL 2017,MI,17,16,2,333,67,23.78,273,121.97,0,3,31,9,10,0,-,-,-,-,-,-,-,-,-,-,"September 19, 2007","June 29, 2024","June 23, 2007","June 20, 2026"
34102,Rohit Gurunath Sharma,"April 30, 1987, Bansod, Nagpur, Maharashtra",39y 65d,India,Top order Batter,2007 - 2026,2016,IPL 2016,MI,14,14,3,489,85*,44.45,368,132.88,0,5,49,16,2,0,-,-,-,-,-,-,-,-,-,-,"September 19, 2007","June 29, 2024","June 23, 2007","June 20, 2026"
34102,Rohit Gurunath Sharma,"April 30, 1987, Bansod, Nagpur, Maharashtra",39y 65d,India,Top order Batter,2007 - 2026,2015,IPL 2015,MI,16,16,2,482,98*,34.42,333,144.74,0,3,41,21,5,0,-,-,-,-,-,-,-,-,-,-,"September 19, 2007","June 29, 2024","June 23, 2007","June 20, 2026"
34102,Rohit Gurunath Sharma,"April 30, 1987, Bansod, Nagpur, Maharashtra",39y 65d,India,Top order Batter,2007 - 2026,2014,IPL 2014,MI,15,15,2,390,59*,30.00,302,129.13,0,3,31,16,5,0,1,8.66,18,1/20,1/20,26.00,18.0,0,0,0,"September 19, 2007","June 29, 2024","June 23, 2007","June 20, 2026"
34102,Rohit Gurunath Sharma,"April 30, 1987, Bansod, Nagpur, Maharashtra",39y 65d,India,Top order Batter,2007 - 2026,2013,IPL 2013,MI,19,19,5,538,79*,38.42,409,131.54,0,4,35,28,7,0,0,4.50,8,-,-,-,-,0,0,0,"September 19, 2007","June 29, 2024","June 23, 2007","June 20, 2026"
34102,Rohit Gurunath Sharma,"April 30, 1987, Bansod, Nagpur, Maharashtra",39y 65d,India,Top order Batter,2007 - 2026,2012,IPL 2012,MI,17,16,2,433,109*,30.92,342,126.60,1,3,39,18,13,0,0,16.00,6,-,-,-,-,0,0,0,"September 19, 2007","June 29, 2024","June 23, 2007","June 20, 2026"
34102,Rohit Gurunath Sharma,"April 30, 1987, Bansod, Nagpur, Maharashtra",39y 65d,India,Top order Batter,2007 - 2026,2011,IPL 2011,MI,16,14,3,372,87,33.81,297,125.25,0,3,32,13,7,0,0,13.25,24,-,-,-,-,0,0,0,"September 19, 2007","June 29, 2024","June 23, 2007","June 20, 2026"
34102,Rohit Gurunath Sharma,"April 30, 1987, Bansod, Nagpur, Maharashtra",39y 65d,India,Top order Batter,2007 - 2026,2009/10,IPL 2009/10,DCH,16,16,2,404,73,28.85,302,133.77,0,3,36,14,9,0,2,8.05,114,1/19,1/19,76.50,57.0,0,0,0,"September 19, 2007","June 29, 2024","June 23, 2007","June 20, 2026"
34102,Rohit Gurunath Sharma,"April 30, 1987, Bansod, Nagpur, Maharashtra",39y 65d,India,Top order Batter,2007 - 2026,2009,IPL 2009,DCH,16,16,3,362,52,27.84,315,114.92,0,1,22,18,5,0,11,7.00,138,4/6,4/6,14.63,12.5,1,0,0,"September 19, 2007","June 29, 2024","June 23, 2007","June 20, 2026"
34102,Rohit Gurunath Sharma,"April 30, 1987, Bansod, Nagpur, Maharashtra",39y 65d,India,Top order Batter,2007 - 2026,2007/08,IPL 2007/08,DCH,13,12,1,404,76*,36.72,273,147.98,0,4,38,19,8,0,1,6.25,24,1/25,1/25,25.00,24.0,0,0,0,"September 19, 2007","June 29, 2024","June 23, 2007","June 20, 2026"
35280,Rudra Pratap Singh,"December 06, 1985, Rae Bareli, Uttar Pradesh",40y 210d,India,Bowler,2005 - 2011,2016,IPL 2016,RPS,4,-,-,-,-,-,-,-,-,-,-,-,0,0,3,9.25,72,1/23,1/23,37.00,24.0,0,0,0,"September 13, 2007","June 16, 2009","September 04, 2005","September 16, 2011"
35280,Rudra Pratap Singh,"December 06, 1985, Rae Bareli, Uttar Pradesh",40y 210d,India,Bowler,2005 - 2011,2013,IPL 2013,RCB,11,-,-,-,-,-,-,-,-,-,-,-,4,0,13,8.41,239,3/13,3/13,25.76,18.3,0,0,0,"September 13, 2007","June 16, 2009","September 04, 2005","September 16, 2011"
35280,Rudra Pratap Singh,"December 06, 1985, Rae Bareli, Uttar Pradesh",40y 210d,India,Bowler,2005 - 2011,2012,IPL 2012,MI,11,5,3,6,3,3.00,12,50.00,0,0,0,0,3,0,10,7.75,246,3/28,3/28,31.80,24.6,0,0,0,"September 13, 2007","June 16, 2009","September 04, 2005","September 16, 2011"
35280,Rudra Pratap Singh,"December 06, 1985, Rae Bareli, Uttar Pradesh",40y 210d,India,Bowler,2005 - 2011,2011,IPL 2011,Kochi,14,5,2,2,1*,0.66,4,50.00,0,0,0,0,6,0,13,6.90,300,4/25,4/25,26.53,23.0,1,0,0,"September 13, 2007","June 16, 2009","September 04, 2005","September 16, 2011"
35280,Rudra Pratap Singh,"December 06, 1985, Rae Bareli, Uttar Pradesh",40y 210d,India,Bowler,2005 - 2011,2009/10,IPL 2009/10,DCH,12,5,3,9,4*,4.50,19,47.36,0,0,0,0,4,0,13,8.80,252,3/17,3/17,28.46,19.3,0,0,0,"September 13, 2007","June 16, 2009","September 04, 2005","September 16, 2011"
35280,Rudra Pratap Singh,"December 06, 1985, Rae Bareli, Uttar Pradesh",40y 210d,India,Bowler,2005 - 2011,2009,IPL 2009,DCH,16,6,2,8,4,2.00,17,47.05,0,0,0,0,7,0,23,6.98,358,4/22,4/22,18.13,15.5,1,0,0,"September 13, 2007","June 16, 2009","September 04, 2005","September 16, 2011"
35280,Rudra Pratap Singh,"December 06, 1985, Rae Bareli, Uttar Pradesh",40y 210d,India,Bowler,2005 - 2011,2007/08,IPL 2007/08,DCH,14,9,5,27,10,6.75,24,112.50,0,0,2,1,5,0,15,8.61,308,3/35,3/35,29.46,20.5,0,0,0,"September 13, 2007","June 16, 2009","September 04, 2005","September 16, 2011"
223642,Juan Theron,"July 24, 1985, Potchefstroom",40y 345d,United States of America,Bowler,2010 - 2022,2015,IPL 2015,RR,1,1,1,1,1*,-,1,100.00,0,0,0,0,0,0,1,10.00,24,1/40,1/40,40.00,24.0,0,0,0,"October 08, 2010","July 17, 2022","October 15, 2010","June 12, 2022"
223642,Juan Theron,"July 24, 1985, Potchefstroom",40y 345d,United States of America,Bowler,2010 - 2022,2012,IPL 2012,DCH,2,1,1,7,7*,-,6,116.66,0,0,1,0,0,0,2,8.25,48,2/37,2/37,33.00,24.0,0,0,0,"October 08, 2010","July 17, 2022","October 15, 2010","June 12, 2022"
223642,Juan Theron,"July 24, 1985, Potchefstroom",40y 345d,United States of America,Bowler,2010 - 2022,2009/10,IPL 2009/10,PBKS,7,2,0,2,2,1.00,5,40.00,0,0,0,0,1,0,6,7.79,144,2/17,2/17,31.16,24.0,0,0,0,"October 08, 2010","July 17, 2022","October 15, 2010","June 12, 2022"
297628,Samuel William Billings,"June 15, 1991, Pembury, Kent",35y 19d,England,Wicketkeeper Batter,2015 - 2022,2022,IPL 2022,KKR,8,8,1,169,36,24.14,138,122.46,0,0,9,10,6,1,-,-,-,-,-,-,-,-,-,-,"June 23, 2015","January 30, 2022","June 09, 2015","November 22, 2022"
297628,Samuel William Billings,"June 15, 1991, Pembury, Kent",35y 19d,England,Wicketkeeper Batter,2015 - 2022,2019,IPL 2019,CSK,1,1,0,0,0,0.00,4,0.00,0,0,0,0,1,0,-,-,-,-,-,-,-,-,-,-,"June 23, 2015","January 30, 2022","June 09, 2015","November 22, 2022"
297628,Samuel William Billings,"June 15, 1991, Pembury, Kent",35y 19d,England,Wicketkeeper Batter,2015 - 2022,2018,IPL 2018,CSK,10,8,0,108,56,13.50,78,138.46,0,1,8,5,5,0,-,-,-,-,-,-,-,-,-,-,"June 23, 2015","January 30, 2022","June 09, 2015","November 22, 2022"
297628,Samuel William Billings,"June 15, 1991, Pembury, Kent",35y 19d,England,Wicketkeeper Batter,2015 - 2022,2017,IPL 2017,DC,6,6,0,138,55,23.00,104,132.69,0,1,19,1,4,0,-,-,-,-,-,-,-,-,-,-,"June 23, 2015","January 30, 2022","June 09, 2015","November 22, 2022"
297628,Samuel William Billings,"June 15, 1991, Pembury, Kent",35y 19d,England,Wicketkeeper Batter,2015 - 2022,2016,IPL 2016,DC,5,4,0,88,54,22.00,64,137.50,0,1,4,4,3,0,-,-,-,-,-,-,-,-,-,-,"June 23, 2015","January 30, 2022","June 09, 2015","November 22, 2022"
51433,Samuel Badree,"March 09, 1981, Barrackpore, Trinidad",45y 120d,West Indies,Bowler,2012 - 2018,2017,IPL 2017,RCB,7,5,0,13,8,2.60,23,56.52,0,0,0,0,2,0,9,7.52,150,4/9,4/9,20.88,16.6,1,0,0,"June 30, 2012","August 05, 2018",,
51433,Samuel Badree,"March 09, 1981, Barrackpore, Trinidad",45y 120d,West Indies,Bowler,2012 - 2018,2014,IPL 2014,CSK,4,-,-,-,-,-,-,-,-,-,-,-,0,0,2,6.92,84,1/19,1/19,48.50,42.0,0,0,0,"June 30, 2012","August 05, 2018",,
51433,Samuel Badree,"March 09, 1981, Barrackpore, Trinidad",45y 120d,West Indies,Bowler,2012 - 2018,2013,IPL 2013,RR,1,-,-,-,-,-,-,-,-,-,-,-,0,0,0,8.50,24,-,-,-,-,0,0,0,"June 30, 2012","August 05, 2018",,
27225,Sanjay Bapusaheb Bangar,"October 11, 1972, Bid, Maharashtra",53y 266d,India,,2001 - 2004,2009,IPL 2009,KKR,1,1,0,2,2,2.00,9,22.22,0,0,0,0,0,0,-,-,-,-,-,-,-,-,-,-,,,"January 25, 2002","January 24, 2004"
27225,Sanjay Bapusaheb Bangar,"October 11, 1972, Bid, Maharashtra",53y 266d,India,,2001 - 2004,2007/08,IPL 2007/08,DCH,11,7,1,47,17*,7.83,49,95.91,0,0,1,3,2,0,4,8.76,150,2/34,2/34,54.75,37.5,0,0,0,,,"January 25, 2002","January 24, 2004"
317292,Sarabjit Ladda,"July 10, 1986, Patiala",39y 359d,India,Bowler,-,2016,IPL 2016,GL,1,-,-,-,-,-,-,-,-,-,-,-,0,0,0,10.50,12,-,-,-,-,0,0,0,,,,
317292,Sarabjit Ladda,"July 10, 1986, Patiala",39y 359d,India,Bowler,-,2013,IPL 2013,KKR,1,-,-,-,-,-,-,-,-,-,-,-,0,0,1,9.00,12,1/18,1/18,18.00,12.0,0,0,0,,,,
317292,Sarabjit Ladda,"July 10, 1986, Patiala",39y 359d,India,Bowler,-,2011,IPL 2011,KKR,2,-,-,-,-,-,-,-,-,-,-,-,1,0,0,10.50,24,-,-,-,-,0,0,0,,,,
317292,Sarabjit Ladda,"July 10, 1986, Patiala",39y 359d,India,Bowler,-,2009/10,IPL 2009/10,DC,5,2,1,0,0*,0.00,9,0.00,0,0,0,0,0,0,4,9.53,90,2/44,2/44,35.75,22.5,0,0,0,,,,
38407,Scott Bernard Styris,"July 10, 1975, Brisbane, Queensland, Australia",50y 359d,New Zealand,Allrounder,1999 - 2011,2011,IPL 2011,CSK,2,1,1,5,5*,-,2,250.00,0,0,1,0,1,0,0,13.00,6,-,-,-,-,0,0,0,"February 17, 2005","December 30, 2010","November 05, 1999","March 29, 2011"
38407,Scott Bernard Styris,"July 10, 1975, Brisbane, Queensland, Australia",50y 359d,New Zealand,Allrounder,1999 - 2011,2009,IPL 2009,DCH,2,1,0,14,14,14.00,8,175.00,0,0,0,1,0,0,5,8.00,48,3/32,3/32,12.80,9.6,0,0,0,"February 17, 2005","December 30, 2010","November 05, 1999","March 29, 2011"
38407,Scott Bernard Styris,"July 10, 1975, Brisbane, Queensland, Australia",50y 359d,New Zealand,Allrounder,1999 - 2011,2007/08,IPL 2007/08,DCH,8,8,2,112,36*,18.66,123,91.05,0,0,9,2,1,0,3,7.37,162,1/24,1/24,66.33,54.0,0,0,0,"February 17, 2005","December 30, 2010","November 05, 1999","March 29, 2011"
398666,Sean Anthony Abbott,"February 29, 1992, Windsor, New South Wales",34y 129d,Australia,Bowling Allrounder,2014 - 2026,2022,IPL 2022,SRH,1,1,0,7,7,7.00,5,140.00,0,0,0,1,1,0,1,11.75,24,1/47,1/47,47.00,24.0,0,0,0,"October 05, 2014","January 31, 2026","October 07, 2014","August 24, 2025"
398666,Sean Anthony Abbott,"February 29, 1992, Windsor, New South Wales",34y 129d,Australia,Bowling Allrounder,2014 - 2026,2015,IPL 2015,RCB,2,2,0,15,14,7.50,13,115.38,0,0,1,1,0,0,0,11.40,30,-,-,-,-,0,0,0,"October 05, 2014","January 31, 2026","October 07, 2014","August 24, 2025"
42639,Sahibzada Mohammad Shahid Khan Afridi,"March 01, 1980, Khyber Agency",46y 125d,Pakistan,Allrounder,1996 - 2018,2007/08,IPL 2007/08,DCH,10,9,1,81,33,10.12,46,176.08,0,0,7,6,4,0,9,7.50,180,3/28,3/28,25.00,20.0,0,0,0,"August 28, 2006","May 31, 2018","October 02, 1996","March 20, 2015"
581379,Shai Diego Hope,"November 10, 1993, Barbados",32y 236d,West Indies,Wicketkeeper Batter,2015 - 2026,2024,IPL 2024,DC,9,9,1,183,41,22.87,122,150.00,0,0,12,12,6,0,-,-,-,-,-,-,-,-,-,-,"December 29, 2017","June 14, 2026","November 16, 2016","June 06, 2026"
28235,Shikhar Dhawan,"December 05, 1985, Delhi",40y 211d,India,Opening Batter,2010 - 2022,2024,IPL 2024,PBKS,5,5,0,152,70,30.40,121,125.61,0,1,18,4,3,0,-,-,-,-,-,-,-,-,-,-,"June 04, 2011","July 29, 2021","October 20, 2010","December 10, 2022"
28235,Shikhar Dhawan,"December 05, 1985, Delhi",40y 211d,India,Opening Batter,2010 - 2022,2023,IPL 2023,PBKS,11,11,2,373,99*,41.44,261,142.91,0,3,49,12,4,0,-,-,-,-,-,-,-,-,-,-,"June 04, 2011","July 29, 2021","October 20, 2010","December 10, 2022"
28235,Shikhar Dhawan,"December 05, 1985, Delhi",40y 211d,India,Opening Batter,2010 - 2022,2022,IPL 2022,PBKS,14,14,2,460,88*,38.33,375,122.66,0,3,47,12,10,0,-,-,-,-,-,-,-,-,-,-,"June 04, 2011","July 29, 2021","October 20, 2010","December 10, 2022"
28235,Shikhar Dhawan,"December 05, 1985, Delhi",40y 211d,India,Opening Batter,2010 - 2022,2021,IPL 2021,DC,16,16,1,587,92,39.13,471,124.62,0,3,63,16,9,0,-,-,-,-,-,-,-,-,-,-,"June 04, 2011","July 29, 2021","October 20, 2010","December 10, 2022"
28235,Shikhar Dhawan,"December 05, 1985, Delhi",40y 211d,India,Opening Batter,2010 - 2022,2020/21,IPL 2020/21,DC,17,17,3,618,106*,44.14,427,144.73,2,4,67,12,5,0,-,-,-,-,-,-,-,-,-,-,"June 04, 2011","July 29, 2021","October 20, 2010","December 10, 2022"
28235,Shikhar Dhawan,"December 05, 1985, Delhi",40y 211d,India,Opening Batter,2010 - 2022,2019,IPL 2019,DC,16,16,1,521,97*,34.73,384,135.67,0,5,64,11,5,0,-,-,-,-,-,-,-,-,-,-,"June 04, 2011","July 29, 2021","October 20, 2010","December 10, 2022"
28235,Shikhar Dhawan,"December 05, 1985, Delhi",40y 211d,India,Opening Batter,2010 - 2022,2018,IPL 2018,SRH,16,16,3,497,92*,38.23,363,136.91,0,4,59,14,12,0,-,-,-,-,-,-,-,-,-,-,"June 04, 2011","July 29, 2021","October 20, 2010","December 10, 2022"
28235,Shikhar Dhawan,"December 05, 1985, Delhi",40y 211d,India,Opening Batter,2010 - 2022,2017,IPL 2017,SRH,14,14,1,479,77,36.84,376,127.39,0,3,53,9,7,0,-,-,-,-,-,-,-,-,-,-,"June 04, 2011","July 29, 2021","October 20, 2010","December 10, 2022"
28235,Shikhar Dhawan,"December 05, 1985, Delhi",40y 211d,India,Opening Batter,2010 - 2022,2016,IPL 2016,SRH,17,17,4,501,82*,38.53,429,116.78,0,4,51,8,5,0,-,-,-,-,-,-,-,-,-,-,"June 04, 2011","July 29, 2021","October 20, 2010","December 10, 2022"
28235,Shikhar Dhawan,"December 05, 1985, Delhi",40y 211d,India,Opening Batter,2010 - 2022,2015,IPL 2015,SRH,14,14,1,353,54,27.15,286,123.42,0,3,45,6,6,0,-,-,-,-,-,-,-,-,-,-,"June 04, 2011","July 29, 2021","October 20, 2010","December 10, 2022"
28235,Shikhar Dhawan,"December 05, 1985, Delhi",40y 211d,India,Opening Batter,2010 - 2022,2014,IPL 2014,SRH,14,14,1,377,64*,29.00,319,118.18,0,2,49,7,5,0,-,-,-,-,-,-,-,-,-,-,"June 04, 2011","July 29, 2021","October 20, 2010","December 10, 2022"
28235,Shikhar Dhawan,"December 05, 1985, Delhi",40y 211d,India,Opening Batter,2010 - 2022,2013,IPL 2013,SRH,10,10,2,311,73*,38.87,253,122.92,0,3,37,5,3,0,-,-,-,-,-,-,-,-,-,-,"June 04, 2011","July 29, 2021","October 20, 2010","December 10, 2022"
28235,Shikhar Dhawan,"December 05, 1985, Delhi",40y 211d,India,Opening Batter,2010 - 2022,2012,IPL 2012,DCH,15,15,1,569,84,40.64,439,129.61,0,5,58,18,5,0,3,9.16,36,1/8,1/8,18.33,12.0,0,0,0,"June 04, 2011","July 29, 2021","October 20, 2010","December 10, 2022"
28235,Shikhar Dhawan,"December 05, 1985, Delhi",40y 211d,India,Opening Batter,2010 - 2022,2011,IPL 2011,DCH,14,14,2,400,95*,33.33,310,129.03,0,2,47,7,6,0,1,5.50,12,1/7,1/7,11.00,12.0,0,0,0,"June 04, 2011","July 29, 2021","October 20, 2010","December 10, 2022"
28235,Shikhar Dhawan,"December 05, 1985, Delhi",40y 211d,India,Opening Batter,2010 - 2022,2009/10,IPL 2009/10,MI,10,10,0,191,56,19.10,170,112.35,0,2,23,3,4,0,-,-,-,-,-,-,-,-,-,-,"June 04, 2011","July 29, 2021","October 20, 2010","December 10, 2022"
28235,Shikhar Dhawan,"December 05, 1985, Delhi",40y 211d,India,Opening Batter,2010 - 2022,2009,IPL 2009,MI,5,4,0,40,22,10.00,45,88.88,0,0,3,0,2,0,-,-,-,-,-,-,-,-,-,-,"June 04, 2011","July 29, 2021","October 20, 2010","December 10, 2022"
28235,Shikhar Dhawan,"December 05, 1985, Delhi",40y 211d,India,Opening Batter,2010 - 2022,2007/08,IPL 2007/08,DC,14,14,5,340,68*,37.77,295,115.25,0,4,35,8,8,0,-,-,-,-,-,-,-,-,-,-,"June 04, 2011","July 29, 2021","October 20, 2010","December 10, 2022"
670025,Shimron Odilon Hetmyer,"December 26, 1996, Cumberland, Berbice, Guyana",29y 190d,West Indies,Middle order Batter,2017 - 2026,2026,IPL 2026,RR,8,7,1,78,22,13.00,69,113.04,0,0,5,3,5,0,-,-,-,-,-,-,-,-,-,-,"January 01, 2018","June 14, 2026","December 20, 2017","June 01, 2025"
670025,Shimron Odilon Hetmyer,"December 26, 1996, Cumberland, Berbice, Guyana",29y 190d,West Indies,Middle order Batter,2017 - 2026,2025,IPL 2025,RR,14,13,2,239,52,21.72,164,145.73,0,1,17,11,13,0,-,-,-,-,-,-,-,-,-,-,"January 01, 2018","June 14, 2026","December 20, 2017","June 01, 2025"
670025,Shimron Odilon Hetmyer,"December 26, 1996, Cumberland, Berbice, Guyana",29y 190d,West Indies,Middle order Batter,2017 - 2026,2024,IPL 2024,RR,12,9,4,113,27*,22.60,69,163.76,0,0,9,7,4,0,-,-,-,-,-,-,-,-,-,-,"January 01, 2018","June 14, 2026","December 20, 2017","June 01, 2025"
670025,Shimron Odilon Hetmyer,"December 26, 1996, Cumberland, Berbice, Guyana",29y 190d,West Indies,Middle order Batter,2017 - 2026,2023,IPL 2023,RR,14,13,5,299,56*,37.37,197,151.77,0,1,12,23,11,0,-,-,-,-,-,-,-,-,-,-,"January 01, 2018","June 14, 2026","December 20, 2017","June 01, 2025"
670025,Shimron Odilon Hetmyer,"December 26, 1996, Cumberland, Berbice, Guyana",29y 190d,West Indies,Middle order Batter,2017 - 2026,2022,IPL 2022,RR,15,15,8,314,59*,44.85,204,153.92,0,1,21,21,3,0,-,-,-,-,-,-,-,-,-,-,"January 01, 2018","June 14, 2026","December 20, 2017","June 01, 2025"
670025,Shimron Odilon Hetmyer,"December 26, 1996, Cumberland, Berbice, Guyana",29y 190d,West Indies,Middle order Batter,2017 - 2026,2021,IPL 2021,DC,14,13,6,242,53*,34.57,144,168.05,0,1,19,12,4,0,-,-,-,-,-,-,-,-,-,-,"January 01, 2018","June 14, 2026","December 20, 2017","June 01, 2025"
670025,Shimron Odilon Hetmyer,"December 26, 1996, Cumberland, Berbice, Guyana",29y 190d,West Indies,Middle order Batter,2017 - 2026,2020/21,IPL 2020/21,DC,12,11,3,185,45,23.12,125,148.00,0,0,11,12,7,0,-,-,-,-,-,-,-,-,-,-,"January 01, 2018","June 14, 2026","December 20, 2017","June 01, 2025"
670025,Shimron Odilon Hetmyer,"December 26, 1996, Cumberland, Berbice, Guyana",29y 190d,West Indies,Middle order Batter,2017 - 2026,2019,IPL 2019,RCB,5,5,0,90,75,18.00,73,123.28,0,1,4,7,3,0,-,-,-,-,-,-,-,-,-,-,"January 01, 2018","June 14, 2026","December 20, 2017","June 01, 2025"
1079848,Shivam Pankaj Mavi,"November 26, 1998, Noida, Uttar Pradesh",27y 221d,India,Bowling Allrounder,2023 - 2023,2022,IPL 2022,KKR,6,3,1,3,2,1.50,7,42.85,0,0,0,0,4,0,5,10.31,132,1/33,1/33,45.40,26.4,0,0,0,"January 03, 2023","February 01, 2023",,
1079848,Shivam Pankaj Mavi,"November 26, 1998, Noida, Uttar Pradesh",27y 221d,India,Bowling Allrounder,2023 - 2023,2021,IPL 2021,KKR,9,2,0,25,20,12.50,20,125.00,0,0,2,2,5,0,11,7.24,193,4/21,4/21,21.18,17.5,1,0,0,"January 03, 2023","February 01, 2023",,
1079848,Shivam Pankaj Mavi,"November 26, 1998, Noida, Uttar Pradesh",27y 221d,India,Bowling Allrounder,2023 - 2023,2020/21,IPL 2020/21,KKR,8,3,1,10,9,5.00,14,71.42,0,0,1,0,4,0,9,8.15,156,2/15,2/15,23.55,17.3,0,0,0,"January 03, 2023","February 01, 2023",,
1079848,Shivam Pankaj Mavi,"November 26, 1998, Noida, Uttar Pradesh",27y 221d,India,Bowling Allrounder,2023 - 2023,2018,IPL 2018,KKR,9,4,1,13,7,4.33,15,86.66,0,0,1,0,3,0,5,9.64,168,1/14,1/14,54.00,33.6,0,0,0,"January 03, 2023","February 01, 2023",,
317709,Syed Mohammad Shoaib Ahmed,"November 19, 1987, Hyderabad, Andhra Pradesh",38y 227d,India,,-,2009,IPL 2009,DCH,8,3,1,1,1*,0.50,6,16.66,0,0,0,0,4,0,5,8.94,102,2/20,2/20,30.40,20.4,0,0,0,,,,
642519,Shreyas Santosh Iyer,"December 06, 1994, Mumbai",31y 210d,India,Top order Batter,2017 - 2026,2026,IPL 2026,PBKS,14,13,4,498,101*,55.33,295,168.81,1,5,39,30,8,0,-,-,-,-,-,-,-,-,-,-,"November 01, 2017","July 01, 2026","December 10, 2017","June 20, 2026"
642519,Shreyas Santosh Iyer,"December 06, 1994, Mumbai",31y 210d,India,Top order Batter,2017 - 2026,2025,IPL 2025,PBKS,17,17,5,604,97*,50.33,345,175.07,0,6,43,39,7,0,-,-,-,-,-,-,-,-,-,-,"November 01, 2017","July 01, 2026","December 10, 2017","June 20, 2026"
642519,Shreyas Santosh Iyer,"December 06, 1994, Mumbai",31y 210d,India,Top order Batter,2017 - 2026,2024,IPL 2024,KKR,15,14,5,351,58*,39.00,239,146.86,0,2,34,14,10,0,-,-,-,-,-,-,-,-,-,-,"November 01, 2017","July 01, 2026","December 10, 2017","June 20, 2026"
642519,Shreyas Santosh Iyer,"December 06, 1994, Mumbai",31y 210d,India,Top order Batter,2017 - 2026,2022,IPL 2022,KKR,14,14,1,401,85,30.84,298,134.56,0,3,41,11,5,0,0,7.00,6,-,-,-,-,0,0,0,"November 01, 2017","July 01, 2026","December 10, 2017","June 20, 2026"
642519,Shreyas Santosh Iyer,"December 06, 1994, Mumbai",31y 210d,India,Top order Batter,2017 - 2026,2021,IPL 2021,DC,8,8,3,175,47*,35.00,171,102.33,0,0,7,5,6,0,-,-,-,-,-,-,-,-,-,-,"November 01, 2017","July 01, 2026","December 10, 2017","June 20, 2026"
642519,Shreyas Santosh Iyer,"December 06, 1994, Mumbai",31y 210d,India,Top order Batter,2017 - 2026,2020/21,IPL 2020/21,DC,17,17,2,519,88*,34.60,421,123.27,0,3,40,16,6,0,-,-,-,-,-,-,-,-,-,-,"November 01, 2017","July 01, 2026","December 10, 2017","June 20, 2026"
642519,Shreyas Santosh Iyer,"December 06, 1994, Mumbai",31y 210d,India,Top order Batter,2017 - 2026,2019,IPL 2019,DC,16,16,1,463,67,30.86,386,119.94,0,3,41,14,8,0,-,-,-,-,-,-,-,-,-,-,"November 01, 2017","July 01, 2026","December 10, 2017","June 20, 2026"
642519,Shreyas Santosh Iyer,"December 06, 1994, Mumbai",31y 210d,India,Top order Batter,2017 - 2026,2018,IPL 2018,DC,14,14,3,411,93*,37.36,310,132.58,0,4,29,21,5,0,-,-,-,-,-,-,-,-,-,-,"November 01, 2017","July 01, 2026","December 10, 2017","June 20, 2026"
642519,Shreyas Santosh Iyer,"December 06, 1994, Mumbai",31y 210d,India,Top order Batter,2017 - 2026,2017,IPL 2017,DC,12,12,2,338,96,33.80,243,139.09,0,2,36,10,3,0,-,-,-,-,-,-,-,-,-,-,"November 01, 2017","July 01, 2026","December 10, 2017","June 20, 2026"
642519,Shreyas Santosh Iyer,"December 06, 1994, Mumbai",31y 210d,India,Top order Batter,2017 - 2026,2016,IPL 2016,DC,6,6,0,30,19,5.00,43,69.76,0,0,2,1,4,0,-,-,-,-,-,-,-,-,-,-,"November 01, 2017","July 01, 2026","December 10, 2017","June 20, 2026"
642519,Shreyas Santosh Iyer,"December 06, 1994, Mumbai",31y 210d,India,Top order Batter,2017 - 2026,2015,IPL 2015,DC,14,14,1,439,83,33.76,342,128.36,0,4,41,21,2,0,-,-,-,-,-,-,-,-,-,-,"November 01, 2017","July 01, 2026","December 10, 2017","June 20, 2026"
290632,Sreenath Aravind,"April 08, 1984, Bangalore, Karnataka",42y 90d,India,Bowler,2015 - 2015,2017,IPL 2017,RCB,10,8,4,32,9,8.00,40,80.00,0,0,2,0,1,0,5,9.01,183,2/29,2/29,55.00,36.6,0,0,0,"October 02, 2015","Saurashtra vs Karnataka  at Brabourne - December 26 - 29, 2008",,
290632,Sreenath Aravind,"April 08, 1984, Bangalore, Karnataka",42y 90d,India,Bowler,2015 - 2015,2016,IPL 2016,RCB,9,-,-,-,-,-,-,-,-,-,-,-,3,0,11,7.40,175,2/18,2/18,19.63,15.9,0,0,0,"October 02, 2015","Saurashtra vs Karnataka  at Brabourne - December 26 - 29, 2008",,
290632,Sreenath Aravind,"April 08, 1984, Bangalore, Karnataka",42y 90d,India,Bowler,2015 - 2015,2015,IPL 2015,RCB,5,1,1,0,0*,-,1,0.00,0,0,0,0,1,0,8,7.33,108,4/27,4/27,16.50,13.5,1,0,0,"October 02, 2015","Saurashtra vs Karnataka  at Brabourne - December 26 - 29, 2008",,
290632,Sreenath Aravind,"April 08, 1984, Bangalore, Karnataka",42y 90d,India,Bowler,2015 - 2015,2012,IPL 2012,RCB,1,1,1,14,14*,-,8,175.00,0,0,3,0,0,0,0,16.00,18,-,-,-,-,0,0,0,"October 02, 2015","Saurashtra vs Karnataka  at Brabourne - December 26 - 29, 2008",,
290632,Sreenath Aravind,"April 08, 1984, Bangalore, Karnataka",42y 90d,India,Bowler,2015 - 2015,2011,IPL 2011,RCB,13,2,2,13,11*,-,8,162.50,0,0,2,0,3,0,21,8.00,276,4/14,4/14,17.52,13.1,1,0,0,"October 02, 2015","Saurashtra vs Karnataka  at Brabourne - December 26 - 29, 2008",,
529436,Kona Srikar Bharat,"October 03, 1993, Visakhapatnam, Andhra Pradesh",32y 277d,India,Wicketkeeper Batter,2023 - 2024,2022,IPL 2022,DC,2,2,0,8,8,4.00,7,114.28,0,0,2,0,0,0,-,-,-,-,-,-,-,-,-,-,,,,
529436,Kona Srikar Bharat,"October 03, 1993, Visakhapatnam, Andhra Pradesh",32y 277d,India,Wicketkeeper Batter,2023 - 2024,2021,IPL 2021,RCB,8,7,2,191,78*,38.20,156,122.43,0,1,10,8,4,1,-,-,-,-,-,-,-,-,-,-,,,,
27223,Stuart Terence Roger Binny,"June 03, 1984, Bangalore, Karnataka",42y 34d,India,Allrounder,2014 - 2016,2019,IPL 2019,RR,8,5,2,70,33*,23.33,40,175.00,0,0,5,4,0,0,1,6.28,42,1/19,1/19,44.00,42.0,0,0,0,"July 17, 2015","August 27, 2016","January 28, 2014","October 11, 2015"
27223,Stuart Terence Roger Binny,"June 03, 1984, Bangalore, Karnataka",42y 34d,India,Allrounder,2014 - 2016,2018,IPL 2018,RR,7,5,0,44,22,8.80,39,112.82,0,0,2,2,1,0,0,16.50,12,-,-,-,-,0,0,0,"July 17, 2015","August 27, 2016","January 28, 2014","October 11, 2015"
27223,Stuart Terence Roger Binny,"June 03, 1984, Bangalore, Karnataka",42y 34d,India,Allrounder,2014 - 2016,2017,IPL 2017,RCB,8,7,2,78,18*,15.60,76,102.63,0,0,6,3,1,0,4,8.33,36,1/9,1/9,12.50,9.0,0,0,0,"July 17, 2015","August 27, 2016","January 28, 2014","October 11, 2015"
27223,Stuart Terence Roger Binny,"June 03, 1984, Bangalore, Karnataka",42y 34d,India,Allrounder,2014 - 2016,2016,IPL 2016,RCB,14,6,2,63,21,15.75,39,161.53,0,0,5,4,3,0,1,7.88,102,1/17,1/17,134.00,102.0,0,0,0,"July 17, 2015","August 27, 2016","January 28, 2014","October 11, 2015"
27223,Stuart Terence Roger Binny,"June 03, 1984, Bangalore, Karnataka",42y 34d,India,Allrounder,2014 - 2016,2015,IPL 2015,RR,13,8,4,74,20,18.50,66,112.12,0,0,7,1,5,0,4,7.36,114,2/27,2/27,35.00,28.5,0,0,0,"July 17, 2015","August 27, 2016","January 28, 2014","October 11, 2015"
27223,Stuart Terence Roger Binny,"June 03, 1984, Bangalore, Karnataka",42y 34d,India,Allrounder,2014 - 2016,2014,IPL 2014,RR,13,12,2,123,48*,12.30,121,101.65,0,0,4,5,3,0,3,7.11,54,1/1,1/1,21.33,18.0,0,0,0,"July 17, 2015","August 27, 2016","January 28, 2014","October 11, 2015"
27223,Stuart Terence Roger Binny,"June 03, 1984, Bangalore, Karnataka",42y 34d,India,Allrounder,2014 - 2016,2013,IPL 2013,RR,17,16,7,293,41*,32.55,199,147.23,0,0,25,12,3,0,6,6.75,144,2/14,2/14,27.00,24.0,0,0,0,"July 17, 2015","August 27, 2016","January 28, 2014","October 11, 2015"
27223,Stuart Terence Roger Binny,"June 03, 1984, Bangalore, Karnataka",42y 34d,India,Allrounder,2014 - 2016,2012,IPL 2012,RR,8,6,2,90,30,22.50,67,134.32,0,0,9,3,1,0,3,7.80,60,1/8,1/8,26.00,20.0,0,0,0,"July 17, 2015","August 27, 2016","January 28, 2014","October 11, 2015"
27223,Stuart Terence Roger Binny,"June 03, 1984, Bangalore, Karnataka",42y 34d,India,Allrounder,2014 - 2016,2011,IPL 2011,RR,6,2,1,37,30,37.00,31,119.35,0,0,2,1,2,0,0,11.00,24,-,-,-,-,0,0,0,"July 17, 2015","August 27, 2016","January 28, 2014","October 11, 2015"
27223,Stuart Terence Roger Binny,"June 03, 1984, Bangalore, Karnataka",42y 34d,India,Allrounder,2014 - 2016,2009/10,IPL 2009/10,MI,1,1,0,8,8,8.00,5,160.00,0,0,1,0,0,0,0,9.00,6,-,-,-,-,0,0,0,"July 17, 2015","August 27, 2016","January 28, 2014","October 11, 2015"
271315,Sunny Gupta,"September 27, 1988, Jamshedpur, Bihar",37y 280d,India,,-,2012,IPL 2012,DC,1,1,0,0,0,0.00,1,0.00,0,0,0,0,0,0,0,15.66,18,-,-,-,-,0,0,0,,,,
228943,Sunny Sohal,"November 10, 1987, Mohali, Punjab, India",38y 236d,United States of America,Batter,2019 - 2019,2011,IPL 2011,DCH,11,10,0,249,62,24.90,191,130.36,0,2,25,10,0,0,-,-,-,-,-,-,-,-,-,-,"August 22, 2019","August 25, 2019",,
228943,Sunny Sohal,"November 10, 1987, Mohali, Punjab, India",38y 236d,United States of America,Batter,2019 - 2019,2009/10,IPL 2009/10,PBKS,1,-,-,-,-,-,-,-,-,-,-,-,0,0,-,-,-,-,-,-,-,-,-,-,"August 22, 2019","August 25, 2019",,
228943,Sunny Sohal,"November 10, 1987, Mohali, Punjab, India",38y 236d,United States of America,Batter,2019 - 2019,2009,IPL 2009,PBKS,8,8,0,115,43,14.37,93,123.65,0,0,9,8,2,0,-,-,-,-,-,-,-,-,-,-,"August 22, 2019","August 25, 2019",,
228943,Sunny Sohal,"November 10, 1987, Mohali, Punjab, India",38y 236d,United States of America,Batter,2019 - 2019,2007/08,IPL 2007/08,PBKS,2,2,0,4,4,2.00,8,50.00,0,0,0,0,0,0,-,-,-,-,-,-,-,-,-,-,"August 22, 2019","August 25, 2019",,
48472,Tillakaratne Mudiyanselage Dilshan,"October 14, 1976, Kalutara",49y 263d,Sri Lanka,Allrounder,1999 - 2016,2013,IPL 2013,RCB,5,5,0,76,33,15.20,93,81.72,0,0,12,0,2,0,0,10.00,6,-,-,-,-,0,0,0,"June 15, 2006","September 09, 2016","December 11, 1999","August 28, 2016"
48472,Tillakaratne Mudiyanselage Dilshan,"October 14, 1976, Kalutara",49y 263d,Sri Lanka,Allrounder,1999 - 2016,2012,IPL 2012,RCB,10,9,1,285,76*,35.62,261,109.19,0,3,33,5,4,0,0,11.00,42,-,-,-,-,0,0,0,"June 15, 2006","September 09, 2016","December 11, 1999","August 28, 2016"
48472,Tillakaratne Mudiyanselage Dilshan,"October 14, 1976, Kalutara",49y 263d,Sri Lanka,Allrounder,1999 - 2016,2011,IPL 2011,RCB,10,10,2,226,59*,28.25,180,125.55,0,2,33,3,1,0,1,9.00,72,1/30,1/30,108.00,72.0,0,0,0,"June 15, 2006","September 09, 2016","December 11, 1999","August 28, 2016"
48472,Tillakaratne Mudiyanselage Dilshan,"October 14, 1976, Kalutara",49y 263d,Sri Lanka,Allrounder,1999 - 2016,2009/10,IPL 2009/10,DC,6,6,0,44,17,7.33,53,83.01,0,0,6,0,4,0,3,8.57,49,1/7,1/7,23.33,16.3,0,0,0,"June 15, 2006","September 09, 2016","December 11, 1999","August 28, 2016"
48472,Tillakaratne Mudiyanselage Dilshan,"October 14, 1976, Kalutara",49y 263d,Sri Lanka,Allrounder,1999 - 2016,2009,IPL 2009,DC,14,13,3,418,67*,41.80,341,122.58,0,4,42,13,4,0,0,6.12,96,-,-,-,-,0,0,0,"June 15, 2006","September 09, 2016","December 11, 1999","August 28, 2016"
48472,Tillakaratne Mudiyanselage Dilshan,"October 14, 1976, Kalutara",49y 263d,Sri Lanka,Allrounder,1999 - 2016,2007/08,IPL 2007/08,DC,7,7,1,104,33,17.33,79,131.64,0,0,14,3,5,0,1,3.00,6,1/3,1/3,3.00,6.0,0,0,0,"June 15, 2006","September 09, 2016","December 11, 1999","August 28, 2016"
34281,Tirumalasetti Laxminarayana Suman,"December 15, 1983, Hyderabad, Andhra Pradesh",42y 201d,India,Batter,-,2013,IPL 2013,PWI,7,5,0,52,23,10.40,58,89.65,0,0,8,0,2,0,1,7.50,12,1/15,1/15,15.00,12.0,0,0,0,,,,
34281,Tirumalasetti Laxminarayana Suman,"December 15, 1983, Hyderabad, Andhra Pradesh",42y 201d,India,Batter,-,2012,IPL 2012,MI,2,2,0,15,10,7.50,19,78.94,0,0,1,1,1,0,-,-,-,-,-,-,-,-,-,-,,,,
34281,Tirumalasetti Laxminarayana Suman,"December 15, 1983, Hyderabad, Andhra Pradesh",42y 201d,India,Batter,-,2011,IPL 2011,MI,8,7,1,65,36,10.83,51,127.45,0,0,5,5,2,0,0,8.33,36,-,-,-,-,0,0,0,,,,
34281,Tirumalasetti Laxminarayana Suman,"December 15, 1983, Hyderabad, Andhra Pradesh",42y 201d,India,Batter,-,2009/10,IPL 2009/10,DCH,14,14,5,307,78*,34.11,257,119.45,0,2,23,12,3,0,0,12.00,12,-,-,-,-,0,0,0,,,,
34281,Tirumalasetti Laxminarayana Suman,"December 15, 1983, Hyderabad, Andhra Pradesh",42y 201d,India,Batter,-,2009,IPL 2009,DCH,12,12,2,237,41*,23.70,190,124.73,0,0,18,8,2,0,5,7.20,90,2/14,2/14,21.60,18.0,0,0,0,,,,
550235,Thomas Kevin Curran,"March 12, 1995, Cape Town, Cape Province",31y 114d,England,Allrounder,2017 - 2021,2021,IPL 2021,DC,3,2,1,21,21,21.00,17,123.52,0,0,2,0,0,0,4,9.17,68,3/29,3/29,26.00,17.0,0,0,0,"June 23, 2017","July 18, 2021","September 29, 2017","July 04, 2021"
550235,Thomas Kevin Curran,"March 12, 1995, Cape Town, Cape Province",31y 114d,England,Allrounder,2017 - 2021,2020/21,IPL 2020/21,RR,5,4,3,83,54*,83.00,62,133.87,0,1,5,3,1,0,3,11.44,109,1/37,1/37,69.33,36.3,0,0,0,"June 23, 2017","July 18, 2021","September 29, 2017","July 04, 2021"
550235,Thomas Kevin Curran,"March 12, 1995, Cape Town, Cape Province",31y 114d,England,Allrounder,2017 - 2021,2018,IPL 2018,KKR,5,4,1,23,18,7.66,28,82.14,0,0,3,0,1,0,6,11.60,61,2/19,2/19,19.66,10.1,0,0,0,"June 23, 2017","July 18, 2021","September 29, 2017","July 04, 2021"
34139,Taduri Prakash Chandra Sudhindra,"April 24, 1984, Hindupur, Andhra Pradesh",42y 71d,India,,-,2012,IPL 2012,DCH,3,1,1,0,0*,-,0,-,0,0,0,0,0,0,1,11.65,70,1/46,1/46,136.00,70.0,0,0,0,,,,
4292,Travis Rodney Birt,"December 09, 1981, Sale, Victoria",44y 207d,Australia,Middle order Batter,2010 - 2012,2011,IPL 2011,DC,5,5,0,75,27,15.00,58,129.31,0,0,9,2,0,0,-,-,-,-,-,-,-,-,-,-,"February 05, 2010","February 01, 2012",,
277912,Trent Alexander Boult,"July 22, 1989, Rotorua",36y 347d,New Zealand,Bowler,2011 - 2024,2026,IPL 2026,MI,5,2,1,8,7*,8.00,4,200.00,0,0,0,1,1,0,2,11.62,97,1/41,1/41,94.00,48.5,0,0,0,"February 09, 2013","June 17, 2024","July 11, 2012","November 15, 2023"
277912,Trent Alexander Boult,"July 22, 1989, Rotorua",36y 347d,New Zealand,Bowler,2011 - 2024,2025,IPL 2025,MI,16,2,1,2,1*,2.00,3,66.66,0,0,0,0,1,0,22,8.96,346,4/26,4/26,23.50,15.7,1,0,0,"February 09, 2013","June 17, 2024","July 11, 2012","November 15, 2023"
277912,Trent Alexander Boult,"July 22, 1989, Rotorua",36y 347d,New Zealand,Bowler,2011 - 2024,2024,IPL 2024,RR,16,5,3,14,12,7.00,16,87.50,0,0,2,0,4,0,16,8.30,320,3/22,3/22,27.68,20.0,0,0,0,"February 09, 2013","June 17, 2024","July 11, 2012","November 15, 2023"
277912,Trent Alexander Boult,"July 22, 1989, Rotorua",36y 347d,New Zealand,Bowler,2011 - 2024,2023,IPL 2023,RR,10,4,3,16,15,16.00,14,114.28,0,0,1,1,5,0,13,8.21,228,3/29,3/29,24.00,17.5,0,0,0,"February 09, 2013","June 17, 2024","July 11, 2012","November 15, 2023"
277912,Trent Alexander Boult,"July 22, 1989, Rotorua",36y 347d,New Zealand,Bowler,2011 - 2024,2022,IPL 2022,RR,16,8,6,40,17*,20.00,29,137.93,0,0,2,1,2,0,16,7.93,372,2/18,2/18,30.75,23.2,0,0,0,"February 09, 2013","June 17, 2024","July 11, 2012","November 15, 2023"
277912,Trent Alexander Boult,"July 22, 1989, Rotorua",36y 347d,New Zealand,Bowler,2011 - 2024,2021,IPL 2021,MI,14,4,4,1,1*,-,4,25.00,0,0,0,0,5,0,13,7.90,308,3/28,3/28,31.23,23.6,0,0,0,"February 09, 2013","June 17, 2024","July 11, 2012","November 15, 2023"
277912,Trent Alexander Boult,"July 22, 1989, Rotorua",36y 347d,New Zealand,Bowler,2011 - 2024,2020/21,IPL 2020/21,MI,15,1,0,0,0,0.00,1,0.00,0,0,0,0,4,0,25,7.97,344,4/18,4/18,18.28,13.7,1,0,0,"February 09, 2013","June 17, 2024","July 11, 2012","November 15, 2023"
277912,Trent Alexander Boult,"July 22, 1989, Rotorua",36y 347d,New Zealand,Bowler,2011 - 2024,2019,IPL 2019,DC,5,3,2,7,6,7.00,4,175.00,0,0,0,1,2,0,5,8.57,114,2/27,2/27,32.60,22.8,0,0,0,"February 09, 2013","June 17, 2024","July 11, 2012","November 15, 2023"
277912,Trent Alexander Boult,"July 22, 1989, Rotorua",36y 347d,New Zealand,Bowler,2011 - 2024,2018,IPL 2018,DC,14,1,0,0,0,0.00,2,0.00,0,0,0,0,9,0,18,8.84,316,2/20,2/20,25.88,17.5,0,0,0,"February 09, 2013","June 17, 2024","July 11, 2012","November 15, 2023"
277912,Trent Alexander Boult,"July 22, 1989, Rotorua",36y 347d,New Zealand,Bowler,2011 - 2024,2017,IPL 2017,KKR,6,1,1,5,5*,-,8,62.50,0,0,0,0,0,0,5,9.06,143,2/30,2/30,43.20,28.6,0,0,0,"February 09, 2013","June 17, 2024","July 11, 2012","November 15, 2023"
277912,Trent Alexander Boult,"July 22, 1989, Rotorua",36y 347d,New Zealand,Bowler,2011 - 2024,2016,IPL 2016,SRH,1,-,-,-,-,-,-,-,-,-,-,-,1,0,1,9.75,24,1/39,1/39,39.00,24.0,0,0,0,"February 09, 2013","June 17, 2024","July 11, 2012","November 15, 2023"
277912,Trent Alexander Boult,"July 22, 1989, Rotorua",36y 347d,New Zealand,Bowler,2011 - 2024,2015,IPL 2015,SRH,7,-,-,-,-,-,-,-,-,-,-,-,2,0,9,8.42,168,3/19,3/19,26.22,18.6,0,0,0,"February 09, 2013","June 17, 2024","July 11, 2012","November 15, 2023"
822553,Tushar Uday Deshpande,"May 15, 1995, Mumbai",31y 50d,India,Bowler,2024 - 2024,2026,IPL 2026,RR,7,2,0,26,25,13.00,14,185.71,0,0,0,3,2,0,4,11.95,138,1/24,1/24,68.75,34.5,0,0,0,"July 13, 2024","July 14, 2024",,
822553,Tushar Uday Deshpande,"May 15, 1995, Mumbai",31y 50d,India,Bowler,2024 - 2024,2025,IPL 2025,RR,10,4,3,7,3,7.00,8,87.50,0,0,0,0,2,0,9,10.62,192,3/44,3/44,37.77,21.3,0,0,0,"July 13, 2024","July 14, 2024",,
822553,Tushar Uday Deshpande,"May 15, 1995, Mumbai",31y 50d,India,Bowler,2024 - 2024,2024,IPL 2024,CSK,13,1,1,0,0*,-,1,0.00,0,0,0,0,2,0,17,8.83,288,4/27,4/27,24.94,16.9,1,0,0,"July 13, 2024","July 14, 2024",,
822553,Tushar Uday Deshpande,"May 15, 1995, Mumbai",31y 50d,India,Bowler,2024 - 2024,2023,IPL 2023,CSK,16,1,1,0,0*,-,1,0.00,0,0,0,0,2,0,21,9.92,341,3/45,3/45,26.85,16.2,0,0,0,"July 13, 2024","July 14, 2024",,
822553,Tushar Uday Deshpande,"May 15, 1995, Mumbai",31y 50d,India,Bowler,2024 - 2024,2022,IPL 2022,CSK,2,-,-,-,-,-,-,-,-,-,-,-,1,0,1,9.00,42,1/40,1/40,63.00,42.0,0,0,0,"July 13, 2024","July 14, 2024",,
822553,Tushar Uday Deshpande,"May 15, 1995, Mumbai",31y 50d,India,Bowler,2024 - 2024,2020/21,IPL 2020/21,DC,5,2,1,21,20*,21.00,12,175.00,0,0,2,1,1,0,3,11.29,102,2/37,2/37,64.00,34.0,0,0,0,"July 13, 2024","July 14, 2024",,
446499,Unmukt Bharat Thakur Chand,"March 26, 1993, Delhi",33y 100d,United States of America,Wicketkeeper Batter,-,2016,IPL 2016,MI,1,1,0,0,0,0.00,4,0.00,0,0,0,0,0,0,-,-,-,-,-,-,-,-,-,-,,,,
446499,Unmukt Bharat Thakur Chand,"March 26, 1993, Delhi",33y 100d,United States of America,Wicketkeeper Batter,-,2015,IPL 2015,MI,6,5,0,102,58,20.40,83,122.89,0,1,13,2,3,0,-,-,-,-,-,-,-,-,-,-,,,,
446499,Unmukt Bharat Thakur Chand,"March 26, 1993, Delhi",33y 100d,United States of America,Wicketkeeper Batter,-,2014,IPL 2014,RR,1,1,0,2,2,2.00,9,22.22,0,0,0,0,0,0,-,-,-,-,-,-,-,-,-,-,,,,
446499,Unmukt Bharat Thakur Chand,"March 26, 1993, Delhi",33y 100d,United States of America,Wicketkeeper Batter,-,2013,IPL 2013,DC,9,9,0,158,41,17.55,158,100.00,0,0,17,4,4,0,-,-,-,-,-,-,-,-,-,-,,,,
446499,Unmukt Bharat Thakur Chand,"March 26, 1993, Delhi",33y 100d,United States of America,Wicketkeeper Batter,-,2012,IPL 2012,DC,2,2,0,36,18,18.00,34,105.88,0,0,2,3,1,0,-,-,-,-,-,-,-,-,-,-,,,,
446499,Unmukt Bharat Thakur Chand,"March 26, 1993, Delhi",33y 100d,United States of America,Wicketkeeper Batter,-,2011,IPL 2011,DC,2,2,0,2,2,1.00,12,16.66,0,0,0,0,0,0,-,-,-,-,-,-,-,-,-,-,,,,
360911,Varun Raymond Aaron,"October 29, 1989, Singhbhum, Bihar (now Jharkhand)",36y 251d,India,Bowler,2011 - 2015,2022,IPL 2022,GT,2,-,-,-,-,-,-,-,-,-,-,-,0,0,2,10.40,30,2/45,2/45,26.00,15.0,0,0,0,,,"October 23, 2011","November 02, 2014"
360911,Varun Raymond Aaron,"October 29, 1989, Singhbhum, Bihar (now Jharkhand)",36y 251d,India,Bowler,2011 - 2015,2020/21,IPL 2020/21,RR,3,2,1,1,1,1.00,10,10.00,0,0,0,0,0,0,0,11.75,48,-,-,-,-,0,0,0,,,"October 23, 2011","November 02, 2014"
360911,Varun Raymond Aaron,"October 29, 1989, Singhbhum, Bihar (now Jharkhand)",36y 251d,India,Bowler,2011 - 2015,2019,IPL 2019,RR,5,1,1,3,3*,-,7,42.85,0,0,0,0,1,0,4,9.66,72,2/20,2/20,29.00,18.0,0,0,0,,,"October 23, 2011","November 02, 2014"
360911,Varun Raymond Aaron,"October 29, 1989, Singhbhum, Bihar (now Jharkhand)",36y 251d,India,Bowler,2011 - 2015,2017,IPL 2017,PBKS,6,2,1,4,4,4.00,10,40.00,0,0,0,0,0,0,7,8.15,120,2/3,2/3,23.28,17.1,0,0,0,,,"October 23, 2011","November 02, 2014"
360911,Varun Raymond Aaron,"October 29, 1989, Singhbhum, Bihar (now Jharkhand)",36y 251d,India,Bowler,2011 - 2015,2016,IPL 2016,RCB,8,1,1,0,0*,-,0,-,0,0,0,0,0,0,2,9.59,142,2/37,2/37,113.50,71.0,0,0,0,,,"October 23, 2011","November 02, 2014"
360911,Varun Raymond Aaron,"October 29, 1989, Singhbhum, Bihar (now Jharkhand)",36y 251d,India,Bowler,2011 - 2015,2015,IPL 2015,RCB,6,1,0,6,6,6.00,3,200.00,0,0,0,1,1,0,3,10.21,104,2/24,2/24,59.00,34.6,0,0,0,,,"October 23, 2011","November 02, 2014"
360911,Varun Raymond Aaron,"October 29, 1989, Singhbhum, Bihar (now Jharkhand)",36y 251d,India,Bowler,2011 - 2015,2014,IPL 2014,RCB,10,3,3,35,17*,-,34,102.94,0,0,2,1,0,0,16,8.15,220,3/16,3/16,18.68,13.7,0,0,0,,,"October 23, 2011","November 02, 2014"
360911,Varun Raymond Aaron,"October 29, 1989, Singhbhum, Bihar (now Jharkhand)",36y 251d,India,Bowler,2011 - 2015,2012,IPL 2012,DC,8,2,0,1,1,0.50,3,33.33,0,0,0,0,1,0,8,8.74,186,2/19,2/19,33.87,23.2,0,0,0,,,"October 23, 2011","November 02, 2014"
360911,Varun Raymond Aaron,"October 29, 1989, Singhbhum, Bihar (now Jharkhand)",36y 251d,India,Bowler,2011 - 2015,2011,IPL 2011,DC,4,1,1,0,0*,-,5,0.00,0,0,0,0,0,0,2,6.83,72,1/20,1/20,41.00,36.0,0,0,0,,,"October 23, 2011","November 02, 2014"
35805,Yalaka Venugopal Rao,"February 26, 1982, Visakhapatnam, Andhra Pradesh",44y 128d,India,Middle order Batter,2005 - 2006,2014,IPL 2014,SRH,7,5,2,71,27,23.66,63,112.69,0,0,8,0,2,0,0,8.00,12,-,-,-,-,0,0,0,,,"July 30, 2005","May 23, 2006"
35805,Yalaka Venugopal Rao,"February 26, 1982, Visakhapatnam, Andhra Pradesh",44y 128d,India,Middle order Batter,2005 - 2006,2013,IPL 2013,DC,1,-,-,-,-,-,-,-,-,-,-,-,0,0,-,-,-,-,-,-,-,-,-,-,,,"July 30, 2005","May 23, 2006"
35805,Yalaka Venugopal Rao,"February 26, 1982, Visakhapatnam, Andhra Pradesh",44y 128d,India,Middle order Batter,2005 - 2006,2012,IPL 2012,DC,10,7,1,132,36,22.00,126,104.76,0,0,8,5,0,0,0,13.00,12,-,-,-,-,0,0,0,,,"July 30, 2005","May 23, 2006"
35805,Yalaka Venugopal Rao,"February 26, 1982, Visakhapatnam, Andhra Pradesh",44y 128d,India,Middle order Batter,2005 - 2006,2011,IPL 2011,DC,14,14,2,336,60,28.00,280,120.00,0,1,30,13,4,0,0,13.00,12,-,-,-,-,0,0,0,,,"July 30, 2005","May 23, 2006"
35805,Yalaka Venugopal Rao,"February 26, 1982, Visakhapatnam, Andhra Pradesh",44y 128d,India,Middle order Batter,2005 - 2006,2009/10,IPL 2009/10,DCH,6,5,1,34,24,8.50,43,79.06,0,0,3,1,0,0,0,10.00,6,-,-,-,-,0,0,0,,,"July 30, 2005","May 23, 2006"
35805,Yalaka Venugopal Rao,"February 26, 1982, Visakhapatnam, Andhra Pradesh",44y 128d,India,Middle order Batter,2005 - 2006,2009,IPL 2009,DCH,16,13,2,124,32,11.27,114,108.77,0,0,6,3,7,0,4,8.13,90,2/23,2/23,30.50,22.5,0,0,0,,,"July 30, 2005","May 23, 2006"
35805,Yalaka Venugopal Rao,"February 26, 1982, Visakhapatnam, Andhra Pradesh",44y 128d,India,Middle order Batter,2005 - 2006,2007/08,IPL 2007/08,DCH,11,10,2,288,71*,36.00,210,137.14,0,2,22,15,0,0,2,9.78,84,2/25,2/25,68.50,42.0,0,0,0,,,"July 30, 2005","May 23, 2006"
784379,Pinnaduwage Wanindu Hasaranga de Silva,"July 29, 1997, Galle",28y 343d,Sri Lanka,Allrounder,2017 - 2026,2025,IPL 2025,RR,11,5,0,9,4,1.80,15,60.00,0,0,0,0,2,0,11,9.04,246,4/35,4/35,33.72,22.3,1,0,0,"September 01, 2019","June 14, 2026","July 02, 2017","June 06, 2026"
784379,Pinnaduwage Wanindu Hasaranga de Silva,"July 29, 1997, Galle",28y 343d,Sri Lanka,Allrounder,2017 - 2026,2023,IPL 2023,RCB,8,5,3,33,12*,16.50,28,117.85,0,0,3,0,0,0,9,8.89,174,2/24,2/24,28.66,19.3,0,0,0,"September 01, 2019","June 14, 2026","July 02, 2017","June 06, 2026"
784379,Pinnaduwage Wanindu Hasaranga de Silva,"July 29, 1997, Galle",28y 343d,Sri Lanka,Allrounder,2017 - 2026,2022,IPL 2022,RCB,16,7,0,38,18,5.42,43,88.37,0,0,4,1,3,0,26,7.54,342,5/18,5/18,16.53,13.1,1,1,0,"September 01, 2019","June 14, 2026","July 02, 2017","June 06, 2026"
784379,Pinnaduwage Wanindu Hasaranga de Silva,"July 29, 1997, Galle",28y 343d,Sri Lanka,Allrounder,2017 - 2026,2021,IPL 2021,RCB,2,2,1,1,1*,1.00,2,50.00,0,0,0,0,0,0,0,10.00,36,-,-,-,-,0,0,0,"September 01, 2019","June 14, 2026","July 02, 2017","June 06, 2026"
1292498,Yash Vijay Dhull,"November 11, 2002, New Delhi",23y 235d,India,Top order Batter,-,2023,IPL 2023,DC,4,3,0,16,13,5.33,23,69.56,0,0,1,0,2,0,-,-,-,-,-,-,-,-,-,-,,,,
