player_id,player_name,birthdate,age,nationality,player_role,international_career,year,tournament,team,matches,innings,no,runs,highestscore,batting_average,bf,strikerate,100s,50s,4s,6s,Ct,St,wickets,economy,balls,bbi,bbm,bowl_ave,sr,4w,5w,10w,t20_start,t20_end,odi_start,odi_end
5334,Aaron James Finch,"November 17, 1986, Colac, Victoria",39y 232d,Australia,Top order Batter,2011 - 2022,2022,IPL 2022,KKR,5,5,0,86,58,17.20,61,140.98,0,1,10,3,1,0,-,-,-,-,-,-,-,-,-,-,"January 12, 2011","October 31, 2022","January 11, 2013","September 11, 2022"
5334,Aaron James Finch,"November 17, 1986, Colac, Victoria",39y 232d,Australia,Top order Batter,2011 - 2022,2020/21,IPL 2020/21,RCB,12,12,0,268,52,22.33,241,111.20,0,1,28,8,3,0,-,-,-,-,-,-,-,-,-,-,"January 12, 2011","October 31, 2022","January 11, 2013","September 11, 2022"
5334,Aaron James Finch,"November 17, 1986, Colac, Victoria",39y 232d,Australia,Top order Batter,2011 - 2022,2018,IPL 2018,PBKS,10,9,1,134,46,16.75,100,134.00,0,0,6,8,4,0,-,-,-,-,-,-,-,-,-,-,"January 12, 2011","October 31, 2022","January 11, 2013","September 11, 2022"
5334,Aaron James Finch,"November 17, 1986, Colac, Victoria",39y 232d,Australia,Top order Batter,2011 - 2022,2017,IPL 2017,GL,13,13,1,299,72,24.91,180,166.11,0,2,25,19,5,0,-,-,-,-,-,-,-,-,-,-,"January 12, 2011","October 31, 2022","January 11, 2013","September 11, 2022"
5334,Aaron James Finch,"November 17, 1986, Colac, Victoria",39y 232d,Australia,Top order Batter,2011 - 2022,2016,IPL 2016,GL,13,12,2,393,74,39.30,299,131.43,0,5,45,11,3,0,-,-,-,-,-,-,-,-,-,-,"January 12, 2011","October 31, 2022","January 11, 2013","September 11, 2022"
5334,Aaron James Finch,"November 17, 1986, Colac, Victoria",39y 232d,Australia,Top order Batter,2011 - 2022,2015,IPL 2015,MI,3,3,1,23,10*,11.50,33,69.69,0,0,4,0,0,0,-,-,-,-,-,-,-,-,-,-,"January 12, 2011","October 31, 2022","January 11, 2013","September 11, 2022"
5334,Aaron James Finch,"November 17, 1986, Colac, Victoria",39y 232d,Australia,Top order Batter,2011 - 2022,2014,IPL 2014,SRH,13,13,2,309,88*,28.09,263,117.49,0,2,31,9,6,0,-,-,-,-,-,-,-,-,-,-,"January 12, 2011","October 31, 2022","January 11, 2013","September 11, 2022"
5334,Aaron James Finch,"November 17, 1986, Colac, Victoria",39y 232d,Australia,Top order Batter,2011 - 2022,2013,IPL 2013,PWI,14,14,0,456,67,32.57,336,135.71,0,4,54,16,2,0,1,12.25,24,1/11,1/11,49.00,24.0,0,0,0,"January 12, 2011","October 31, 2022","January 11, 2013","September 11, 2022"
5334,Aaron James Finch,"November 17, 1986, Colac, Victoria",39y 232d,Australia,Top order Batter,2011 - 2022,2012,IPL 2012,DC,2,2,0,55,30,27.50,51,107.84,0,0,8,0,0,0,-,-,-,-,-,-,-,-,-,-,"January 12, 2011","October 31, 2022","January 11, 2013","September 11, 2022"
5334,Aaron James Finch,"November 17, 1986, Colac, Victoria",39y 232d,Australia,Top order Batter,2011 - 2022,2011,IPL 2011,DC,6,6,0,47,25,7.83,46,102.17,0,0,3,3,4,0,0,6.50,12,-,-,-,-,0,0,0,"January 12, 2011","October 31, 2022","January 11, 2013","September 11, 2022"
5334,Aaron James Finch,"November 17, 1986, Colac, Victoria",39y 232d,Australia,Top order Batter,2011 - 2022,2009/10,IPL 2009/10,RR,1,1,0,21,21,21.00,21,100.00,0,0,0,1,0,0,0,4.28,7,-,-,-,-,0,0,0,"January 12, 2011","October 31, 2022","January 11, 2013","September 11, 2022"
1175485,Abdul Samad Farooq,"October 28, 2001, Kala Kot, Jammu & Kashmir",24y 252d,India,Batter,-,2026,IPL 2026,LSG,8,8,2,116,37*,19.33,88,131.81,0,0,10,5,2,0,0,36.00,1,-,-,-,-,0,0,0,,,,
1175485,Abdul Samad Farooq,"October 28, 2001, Kala Kot, Jammu & Kashmir",24y 252d,India,Batter,-,2025,IPL 2025,LSG,13,12,4,164,45,20.50,93,176.34,0,0,8,14,4,0,0,18.00,2,-,-,-,-,0,0,0,,,,
1175485,Abdul Samad Farooq,"October 28, 2001, Kala Kot, Jammu & Kashmir",24y 252d,India,Batter,-,2024,IPL 2024,SRH,16,12,2,182,37*,18.20,108,168.51,0,0,15,11,9,0,-,-,-,-,-,-,-,-,-,-,,,,
1175485,Abdul Samad Farooq,"October 28, 2001, Kala Kot, Jammu & Kashmir",24y 252d,India,Batter,-,2023,IPL 2023,SRH,9,8,4,169,37*,42.25,128,132.03,0,0,10,11,4,0,-,-,-,-,-,-,-,-,-,-,,,,
1175485,Abdul Samad Farooq,"October 28, 2001, Kala Kot, Jammu & Kashmir",24y 252d,India,Batter,-,2022,IPL 2022,SRH,2,2,0,4,4,2.00,7,57.14,0,0,0,0,1,0,0,8.00,6,-,-,-,-,0,0,0,,,,
1175485,Abdul Samad Farooq,"October 28, 2001, Kala Kot, Jammu & Kashmir",24y 252d,India,Batter,-,2021,IPL 2021,SRH,11,10,1,111,28,12.33,87,127.58,0,0,4,8,8,0,1,9.00,6,1/9,1/9,9.00,6.0,0,0,0,,,,
1175485,Abdul Samad Farooq,"October 28, 2001, Kala Kot, Jammu & Kashmir",24y 252d,India,Batter,-,2020/21,IPL 2020/21,SRH,12,8,3,111,33,22.20,65,170.76,0,0,8,6,5,0,1,13.71,42,1/41,1/41,96.00,42.0,0,0,0,,,,
778963,Abhinav Manohar,"September 16, 1994, Bangalore, Karnataka",31y 294d,India,Batting Allrounder,-,2025,IPL 2025,SRH,8,5,0,61,43,12.20,61,100.00,0,0,2,4,7,0,-,-,-,-,-,-,-,-,-,-,,,,
778963,Abhinav Manohar,"September 16, 1994, Bangalore, Karnataka",31y 294d,India,Batting Allrounder,-,2024,IPL 2024,GT,2,2,0,9,8,4.50,16,56.25,0,0,1,0,1,0,-,-,-,-,-,-,-,-,-,-,,,,
778963,Abhinav Manohar,"September 16, 1994, Bangalore, Karnataka",31y 294d,India,Batting Allrounder,-,2023,IPL 2023,GT,9,6,0,114,42,19.00,83,137.34,0,0,6,7,4,0,-,-,-,-,-,-,-,-,-,-,,,,
778963,Abhinav Manohar,"September 16, 1994, Bangalore, Karnataka",31y 294d,India,Batting Allrounder,-,2022,IPL 2022,GT,8,7,1,108,43,18.00,75,144.00,0,0,14,3,4,0,-,-,-,-,-,-,-,-,-,-,,,,
1070183,Abhishek Sharma,"September 04, 2000, Amritsar, Punjab",25y 306d,India,Batting Allrounder,2024 - 2026,2026,IPL 2026,SRH,15,15,1,563,135*,40.21,275,204.72,1,4,50,43,10,0,0,10.13,29,-,-,-,-,0,0,0,"July 06, 2024","July 04, 2026",,
1070183,Abhishek Sharma,"September 04, 2000, Amritsar, Punjab",25y 306d,India,Batting Allrounder,2024 - 2026,2025,IPL 2025,SRH,14,13,0,439,141,33.76,227,193.39,1,2,46,28,8,0,0,10.18,66,-,-,-,-,0,0,0,"July 06, 2024","July 04, 2026",,
1070183,Abhishek Sharma,"September 04, 2000, Amritsar, Punjab",25y 306d,India,Batting Allrounder,2024 - 2026,2024,IPL 2024,SRH,16,16,1,484,75*,32.26,237,204.21,0,3,36,42,7,0,2,7.28,42,2/24,2/24,25.50,21.0,0,0,0,"July 06, 2024","July 04, 2026",,
1070183,Abhishek Sharma,"September 04, 2000, Amritsar, Punjab",25y 306d,India,Batting Allrounder,2024 - 2026,2023,IPL 2023,SRH,11,11,0,226,67,20.54,157,143.94,0,2,28,6,4,0,2,10.33,72,1/26,1/26,62.00,36.0,0,0,0,"July 06, 2024","July 04, 2026",,
1070183,Abhishek Sharma,"September 04, 2000, Amritsar, Punjab",25y 306d,India,Batting Allrounder,2024 - 2026,2022,IPL 2022,SRH,14,14,0,426,75,30.42,320,133.12,0,2,47,13,1,0,0,9.50,24,-,-,-,-,0,0,0,"July 06, 2024","July 04, 2026",,
1070183,Abhishek Sharma,"September 04, 2000, Amritsar, Punjab",25y 306d,India,Batting Allrounder,2024 - 2026,2021,IPL 2021,SRH,8,7,1,98,33,16.33,75,130.66,0,0,7,4,2,0,4,6.40,60,2/4,2/4,16.00,15.0,0,0,0,"July 06, 2024","July 04, 2026",,
1070183,Abhishek Sharma,"September 04, 2000, Amritsar, Punjab",25y 306d,India,Batting Allrounder,2024 - 2026,2020/21,IPL 2020/21,SRH,8,7,2,71,31,14.20,56,126.78,0,0,6,3,1,0,2,9.10,60,1/15,1/15,45.50,30.0,0,0,0,"July 06, 2024","July 04, 2026",,
1070183,Abhishek Sharma,"September 04, 2000, Amritsar, Punjab",25y 306d,India,Batting Allrounder,2024 - 2026,2019,IPL 2019,SRH,3,3,1,9,5*,4.50,9,100.00,0,0,1,0,1,0,1,10.50,12,1/10,1/10,21.00,12.0,0,0,0,"July 06, 2024","July 04, 2026",,
1070183,Abhishek Sharma,"September 04, 2000, Amritsar, Punjab",25y 306d,India,Batting Allrounder,2024 - 2026,2018,IPL 2018,DC,3,3,2,63,46*,63.00,33,190.90,0,0,3,5,1,0,-,-,-,-,-,-,-,-,-,-,"July 06, 2024","July 04, 2026",,
379504,Adam Zampa,"March 31, 1992, Shellharbour, New South Wales",34y 98d,Australia,Bowler,2016 - 2026,2025,IPL 2025,SRH,2,-,-,-,-,-,-,-,-,-,-,-,0,0,2,11.75,48,1/46,1/46,47.00,24.0,0,0,0,"March 04, 2016","June 21, 2026","February 06, 2016","June 14, 2026"
379504,Adam Zampa,"March 31, 1992, Shellharbour, New South Wales",34y 98d,Australia,Bowler,2016 - 2026,2023,IPL 2023,RR,6,3,0,10,7,3.33,16,62.50,0,0,0,0,0,0,8,8.54,132,3/22,3/22,23.50,16.5,0,0,0,"March 04, 2016","June 21, 2026","February 06, 2016","June 14, 2026"
379504,Adam Zampa,"March 31, 1992, Shellharbour, New South Wales",34y 98d,Australia,Bowler,2016 - 2026,2020/21,IPL 2020/21,RCB,3,-,-,-,-,-,-,-,-,-,-,-,1,0,2,8.36,66,1/12,1/12,46.00,33.0,0,0,0,"March 04, 2016","June 21, 2026","February 06, 2016","June 14, 2026"
379504,Adam Zampa,"March 31, 1992, Shellharbour, New South Wales",34y 98d,Australia,Bowler,2016 - 2026,2017,IPL 2017,RPS,6,1,0,5,5,5.00,7,71.42,0,0,1,0,0,0,7,8.21,119,2/22,2/22,23.28,17.0,0,0,0,"March 04, 2016","June 21, 2026","February 06, 2016","June 14, 2026"
379504,Adam Zampa,"March 31, 1992, Shellharbour, New South Wales",34y 98d,Australia,Bowler,2016 - 2026,2016,IPL 2016,RPS,5,1,0,0,0,0.00,1,0.00,0,0,0,0,0,0,12,6.76,102,6/19,6/19,9.58,8.5,0,1,0,"March 04, 2016","June 21, 2026","February 06, 2016","June 14, 2026"
244497,Adil Usman Rashid,"February 17, 1988, Bradford, Yorkshire",38y 140d,England,Bowler,2009 - 2026,2023,IPL 2023,SRH,2,2,0,22,18,11.00,16,137.50,0,0,2,1,0,0,2,8.00,42,2/23,2/23,28.00,21.0,0,0,0,"June 05, 2009","July 04, 2026","August 27, 2009","January 27, 2026"
244497,Adil Usman Rashid,"February 17, 1988, Bradford, Yorkshire",38y 140d,England,Bowler,2009 - 2026,2021,IPL 2021,PBKS,1,-,-,-,-,-,-,-,-,-,-,-,0,0,0,11.66,18,-,-,-,-,0,0,0,"June 05, 2009","July 04, 2026","August 27, 2009","January 27, 2026"
333904,Aditya Prakash Tare,"November 07, 1987, Bombay (now Mumbai), Maharashtra",38y 242d,India,Wicketkeeper,-,2017,IPL 2017,DC,3,3,0,18,18,6.00,23,78.26,0,0,3,0,0,0,-,-,-,-,-,-,-,-,-,-,,,,
333904,Aditya Prakash Tare,"November 07, 1987, Bombay (now Mumbai), Maharashtra",38y 242d,India,Wicketkeeper,-,2016,IPL 2016,SRH,3,2,0,8,8,4.00,15,53.33,0,0,1,0,1,0,-,-,-,-,-,-,-,-,-,-,,,,
333904,Aditya Prakash Tare,"November 07, 1987, Bombay (now Mumbai), Maharashtra",38y 242d,India,Wicketkeeper,-,2015,IPL 2015,MI,2,2,0,14,7,7.00,17,82.35,0,0,1,0,1,0,-,-,-,-,-,-,-,-,-,-,,,,
333904,Aditya Prakash Tare,"November 07, 1987, Bombay (now Mumbai), Maharashtra",38y 242d,India,Wicketkeeper,-,2014,IPL 2014,MI,15,12,4,126,24,15.75,98,128.57,0,0,16,3,0,3,-,-,-,-,-,-,-,-,-,-,,,,
333904,Aditya Prakash Tare,"November 07, 1987, Bombay (now Mumbai), Maharashtra",38y 242d,India,Wicketkeeper,-,2013,IPL 2013,MI,5,5,0,123,59,24.60,84,146.42,0,1,14,5,0,0,-,-,-,-,-,-,-,-,-,-,,,,
333904,Aditya Prakash Tare,"November 07, 1987, Bombay (now Mumbai), Maharashtra",38y 242d,India,Wicketkeeper,-,2009/10,IPL 2009/10,MI,7,4,0,50,23,12.50,36,138.88,0,0,5,3,1,2,-,-,-,-,-,-,-,-,-,-,,,,
600498,Aiden Kyle Markram,"October 04, 1994, Centurion",31y 276d,South Africa,Middle order Batter,2017 - 2026,2026,IPL 2026,LSG,12,11,2,231,45,25.66,167,138.32,0,0,20,11,8,0,0,13.83,36,-,-,-,-,0,0,0,"March 22, 2019","March 04, 2026","October 22, 2017","December 06, 2025"
600498,Aiden Kyle Markram,"October 04, 1994, Centurion",31y 276d,South Africa,Middle order Batter,2017 - 2026,2025,IPL 2025,LSG,13,13,0,445,66,34.23,299,148.82,0,5,38,22,7,0,4,9.27,66,2/30,2/30,25.50,16.5,0,0,0,"March 22, 2019","March 04, 2026","October 22, 2017","December 06, 2025"
600498,Aiden Kyle Markram,"October 04, 1994, Centurion",31y 276d,South Africa,Middle order Batter,2017 - 2026,2024,IPL 2024,SRH,11,11,2,220,50,24.44,177,124.29,0,1,18,4,5,0,0,7.50,12,-,-,-,-,0,0,0,"March 22, 2019","March 04, 2026","October 22, 2017","December 06, 2025"
600498,Aiden Kyle Markram,"October 04, 1994, Centurion",31y 276d,South Africa,Middle order Batter,2017 - 2026,2023,IPL 2023,SRH,13,13,2,248,50,22.54,197,125.88,0,1,18,8,11,0,1,8.57,49,1/24,1/24,70.00,49.0,0,0,0,"March 22, 2019","March 04, 2026","October 22, 2017","December 06, 2025"
600498,Aiden Kyle Markram,"October 04, 1994, Centurion",31y 276d,South Africa,Middle order Batter,2017 - 2026,2022,IPL 2022,SRH,14,12,4,381,68*,47.62,274,139.05,0,3,25,19,6,0,1,10.66,36,1/8,1/8,64.00,36.0,0,0,0,"March 22, 2019","March 04, 2026","October 22, 2017","December 06, 2025"
600498,Aiden Kyle Markram,"October 04, 1994, Centurion",31y 276d,South Africa,Middle order Batter,2017 - 2026,2021,IPL 2021,PBKS,6,6,1,146,42,29.20,119,122.68,0,0,12,4,3,0,0,5.75,24,-,-,-,-,0,0,0,"March 22, 2019","March 04, 2026","October 22, 2017","December 06, 2025"
530812,Akeal Jerome Hosein,"April 25, 1993, Port-of-Spain",33y 73d,West Indies,Bowler,2021 - 2026,2026,IPL 2026,CSK,7,3,3,5,3*,-,3,166.66,0,0,0,0,2,0,8,8.02,148,4/17,4/17,24.75,18.5,1,0,0,"July 03, 2021","June 14, 2026","January 20, 2021","October 23, 2025"
530812,Akeal Jerome Hosein,"April 25, 1993, Port-of-Spain",33y 73d,West Indies,Bowler,2021 - 2026,2023,IPL 2023,SRH,1,1,1,16,16*,-,10,160.00,0,0,1,1,0,0,1,10.00,24,1/40,1/40,40.00,24.0,0,0,0,"July 03, 2021","June 14, 2026","January 20, 2021","October 23, 2025"
376109,Produturi Akshath Reddy,"February 11, 1991, Hyderabad",35y 146d,India,Opening Batter,-,2013,IPL 2013,SRH,7,7,0,91,27,13.00,101,90.09,0,0,9,0,2,0,-,-,-,-,-,-,-,-,-,-,,,,
376109,Produturi Akshath Reddy,"February 11, 1991, Hyderabad",35y 146d,India,Opening Batter,-,2012,IPL 2012,DCH,5,4,1,73,42,24.33,59,123.72,0,0,6,2,0,0,-,-,-,-,-,-,-,-,-,-,,,,
249866,Alexander Daniel Hales,"January 03, 1989, Hillingdon, Middlesex",37y 185d,England,Opening Batter,2011 - 2022,2018,IPL 2018,SRH,6,6,0,148,45,24.66,118,125.42,0,0,13,6,2,0,-,-,-,-,-,-,-,-,-,-,"August 31, 2011","November 13, 2022","August 27, 2014","March 02, 2019"
31107,Amit Mishra,"November 24, 1982, Delhi",43y 225d,India,Bowler,2003 - 2017,2024,IPL 2024,LSG,1,-,-,-,-,-,-,-,-,-,-,-,0,0,1,10.00,12,1/20,1/20,20.00,12.0,0,0,0,"June 13, 2010","February 01, 2017","April 13, 2003","October 29, 2016"
31107,Amit Mishra,"November 24, 1982, Delhi",43y 225d,India,Bowler,2003 - 2017,2023,IPL 2023,LSG,7,1,0,19,19,19.00,30,63.33,0,0,2,0,2,0,7,7.84,114,2/21,2/21,21.28,16.2,0,0,0,"June 13, 2010","February 01, 2017","April 13, 2003","October 29, 2016"
31107,Amit Mishra,"November 24, 1982, Delhi",43y 225d,India,Bowler,2003 - 2017,2021,IPL 2021,DC,4,-,-,-,-,-,-,-,-,-,-,-,0,0,6,7.78,84,4/24,4/24,18.16,14.0,1,0,0,"June 13, 2010","February 01, 2017","April 13, 2003","October 29, 2016"
31107,Amit Mishra,"November 24, 1982, Delhi",43y 225d,India,Bowler,2003 - 2017,2020/21,IPL 2020/21,DC,3,-,-,-,-,-,-,-,-,-,-,-,1,0,3,7.20,60,2/35,2/35,24.00,20.0,0,0,0,"June 13, 2010","February 01, 2017","April 13, 2003","October 29, 2016"
31107,Amit Mishra,"November 24, 1982, Delhi",43y 225d,India,Bowler,2003 - 2017,2019,IPL 2019,DC,11,4,2,21,8,10.50,24,87.50,0,0,2,0,1,0,11,6.75,240,3/17,3/17,24.54,21.8,0,0,0,"June 13, 2010","February 01, 2017","April 13, 2003","October 29, 2016"
31107,Amit Mishra,"November 24, 1982, Delhi",43y 225d,India,Bowler,2003 - 2017,2018,IPL 2018,DC,10,1,1,1,1*,-,2,50.00,0,0,0,0,0,0,12,7.13,222,3/19,3/19,22.00,18.5,0,0,0,"June 13, 2010","February 01, 2017","April 13, 2003","October 29, 2016"
31107,Amit Mishra,"November 24, 1982, Delhi",43y 225d,India,Bowler,2003 - 2017,2017,IPL 2017,DC,14,6,5,49,13*,49.00,52,94.23,0,0,2,2,3,0,10,8.83,233,3/11,3/11,34.30,23.3,0,0,0,"June 13, 2010","February 01, 2017","April 13, 2003","October 29, 2016"
31107,Amit Mishra,"November 24, 1982, Delhi",43y 225d,India,Bowler,2003 - 2017,2016,IPL 2016,DC,14,2,0,4,3,2.00,14,28.57,0,0,0,0,3,0,13,7.47,276,4/11,4/11,26.46,21.2,1,0,0,"June 13, 2010","February 01, 2017","April 13, 2003","October 29, 2016"
31107,Amit Mishra,"November 24, 1982, Delhi",43y 225d,India,Bowler,2003 - 2017,2015,IPL 2015,DC,12,4,2,8,4,4.00,12,66.66,0,0,0,0,2,0,9,7.71,241,2/32,2/32,34.44,26.7,0,0,0,"June 13, 2010","February 01, 2017","April 13, 2003","October 29, 2016"
31107,Amit Mishra,"November 24, 1982, Delhi",43y 225d,India,Bowler,2003 - 2017,2014,IPL 2014,SRH,10,2,1,4,4*,4.00,7,57.14,0,0,0,0,0,0,7,9.06,225,2/23,2/23,48.57,32.1,0,0,0,"June 13, 2010","February 01, 2017","April 13, 2003","October 29, 2016"
31107,Amit Mishra,"November 24, 1982, Delhi",43y 225d,India,Bowler,2003 - 2017,2013,IPL 2013,SRH,17,8,2,89,30,14.83,96,92.70,0,0,9,0,2,0,21,6.35,372,4/19,4/19,18.76,17.7,1,0,0,"June 13, 2010","February 01, 2017","April 13, 2003","October 29, 2016"
31107,Amit Mishra,"November 24, 1982, Delhi",43y 225d,India,Bowler,2003 - 2017,2012,IPL 2012,DCH,14,5,2,16,8*,5.33,20,80.00,0,0,1,0,1,0,13,8.02,282,3/32,3/32,29.00,21.6,0,0,0,"June 13, 2010","February 01, 2017","April 13, 2003","October 29, 2016"
31107,Amit Mishra,"November 24, 1982, Delhi",43y 225d,India,Bowler,2003 - 2017,2011,IPL 2011,DCH,14,9,5,68,25*,17.00,49,138.77,0,0,9,1,2,0,19,6.71,320,4/9,4/9,18.84,16.8,1,0,0,"June 13, 2010","February 01, 2017","April 13, 2003","October 29, 2016"
31107,Amit Mishra,"November 24, 1982, Delhi",43y 225d,India,Bowler,2003 - 2017,2009/10,IPL 2009/10,DC,14,7,3,39,12,9.75,51,76.47,0,0,1,0,4,0,17,6.84,318,3/25,3/25,21.35,18.7,0,0,0,"June 13, 2010","February 01, 2017","April 13, 2003","October 29, 2016"
31107,Amit Mishra,"November 24, 1982, Delhi",43y 225d,India,Bowler,2003 - 2017,2009,IPL 2009,DC,11,5,2,26,13*,8.66,20,130.00,0,0,2,2,2,0,14,7.00,252,3/14,3/14,21.00,18.0,0,0,0,"June 13, 2010","February 01, 2017","April 13, 2003","October 29, 2016"
31107,Amit Mishra,"November 24, 1982, Delhi",43y 225d,India,Bowler,2003 - 2017,2007/08,IPL 2007/08,DC,6,3,0,37,31,12.33,42,88.09,0,0,3,0,0,0,11,6.90,120,5/17,5/17,12.54,10.9,0,1,0,"June 13, 2010","February 01, 2017","April 13, 2003","October 29, 2016"
26797,Anand Rajan,"April 17, 1987, Nagpur, Maharashtra",39y 81d,India,Bowler,-,2013,IPL 2013,SRH,2,-,-,-,-,-,-,-,-,-,-,-,1,0,2,5.25,48,1/20,1/20,21.00,24.0,0,0,0,,,,
26797,Anand Rajan,"April 17, 1987, Nagpur, Maharashtra",39y 81d,India,Bowler,-,2012,IPL 2012,DCH,4,-,-,-,-,-,-,-,-,-,-,-,0,0,3,9.21,71,1/11,1/11,36.33,23.6,0,0,0,,,,
26797,Anand Rajan,"April 17, 1987, Nagpur, Maharashtra",39y 81d,India,Bowler,-,2011,IPL 2011,DCH,2,-,-,-,-,-,-,-,-,-,-,-,2,0,3,10.00,30,3/27,3/27,16.66,10.0,0,0,0,,,,
1409976,Aniket Umashankar Verma,"February 05, 2002, Jhansi. Uttar Pradesh",24y 152d,India,Batter,-,2026,IPL 2026,SRH,10,8,2,79,43,13.16,54,146.29,0,0,6,5,5,0,-,-,-,-,-,-,-,-,-,-,,,,
1409976,Aniket Umashankar Verma,"February 05, 2002, Jhansi. Uttar Pradesh",24y 152d,India,Batter,-,2025,IPL 2025,SRH,14,12,3,236,74,26.22,142,166.19,0,1,12,20,6,0,-,-,-,-,-,-,-,-,-,-,,,,
422992,Ankit Nagendra Sharma,"April 20, 1991, Gwalior, Madhya Pradesh",35y 78d,India,Bowler,-,2018,IPL 2018,RR,1,-,-,-,-,-,-,-,-,-,-,-,0,0,0,11.00,6,-,-,-,-,0,0,0,,,,
422992,Ankit Nagendra Sharma,"April 20, 1991, Gwalior, Madhya Pradesh",35y 78d,India,Bowler,-,2017,IPL 2017,RPS,1,1,0,25,25,25.00,15,166.66,0,0,2,1,0,0,0,16.00,6,-,-,-,-,0,0,0,,,,
422992,Ankit Nagendra Sharma,"April 20, 1991, Gwalior, Madhya Pradesh",35y 78d,India,Bowler,-,2016,IPL 2016,RPS,3,1,1,3,3*,-,3,100.00,0,0,0,0,1,0,1,7.63,66,1/27,1/27,84.00,66.0,0,0,0,,,,
422992,Ankit Nagendra Sharma,"April 20, 1991, Gwalior, Madhya Pradesh",35y 78d,India,Bowler,-,2015,IPL 2015,RR,4,2,1,7,7*,7.00,6,116.66,0,0,1,0,2,0,3,8.14,84,1/26,1/26,38.00,28.0,0,0,0,,,,
422992,Ankit Nagendra Sharma,"April 20, 1991, Gwalior, Madhya Pradesh",35y 78d,India,Bowler,-,2014,IPL 2014,RR,3,2,0,34,30,17.00,30,113.33,0,0,4,1,0,0,4,5.37,48,2/20,2/20,10.75,12.0,0,0,0,,,,
422992,Ankit Nagendra Sharma,"April 20, 1991, Gwalior, Madhya Pradesh",35y 78d,India,Bowler,-,2013,IPL 2013,SRH,1,-,-,-,-,-,-,-,-,-,-,-,1,0,0,8.50,12,-,-,-,-,0,0,0,,,,
422992,Ankit Nagendra Sharma,"April 20, 1991, Gwalior, Madhya Pradesh",35y 78d,India,Bowler,-,2012,IPL 2012,DCH,9,4,1,18,15,6.00,13,138.46,0,0,0,2,0,0,4,6.82,145,1/9,1/9,41.25,36.2,0,0,0,,,,
851261,Anmolpreet Singh,"March 28, 1998, Patiala, Punjab",28y 101d,India,Batter,-,2024,IPL 2024,SRH,2,2,0,5,5,2.50,6,83.33,0,0,1,0,0,0,-,-,-,-,-,-,-,-,-,-,,,,
851261,Anmolpreet Singh,"March 28, 1998, Patiala, Punjab",28y 101d,India,Batter,-,2023,IPL 2023,SRH,4,4,0,105,36,26.25,82,128.04,0,0,15,2,1,0,-,-,-,-,-,-,-,-,-,-,,,,
851261,Anmolpreet Singh,"March 28, 1998, Patiala, Punjab",28y 101d,India,Batter,-,2022,IPL 2022,MI,2,2,0,13,8,6.50,13,100.00,0,0,1,0,0,0,-,-,-,-,-,-,-,-,-,-,,,,
851261,Anmolpreet Singh,"March 28, 1998, Patiala, Punjab",28y 101d,India,Batter,-,2021,IPL 2021,MI,1,1,0,16,16,16.00,14,114.28,0,0,2,1,0,0,-,-,-,-,-,-,-,-,-,-,,,,
31820,Ashish Nehra,"April 29, 1979, Delhi",47y 69d,India,Bowler,1999 - 2017,2017,IPL 2017,SRH,6,2,2,0,0*,-,0,-,0,0,0,0,1,0,8,9.30,127,3/42,3/42,24.62,15.8,0,0,0,"December 09, 2009","November 01, 2017","June 24, 2001","March 30, 2011"
31820,Ashish Nehra,"April 29, 1979, Delhi",47y 69d,India,Bowler,1999 - 2017,2016,IPL 2016,SRH,8,2,2,1,1*,-,1,100.00,0,0,0,0,1,0,9,7.65,156,3/15,3/15,22.11,17.3,0,0,0,"December 09, 2009","November 01, 2017","June 24, 2001","March 30, 2011"
31820,Ashish Nehra,"April 29, 1979, Delhi",47y 69d,India,Bowler,1999 - 2017,2015,IPL 2015,CSK,16,4,3,1,1*,1.00,7,14.28,0,0,0,0,3,0,22,7.24,372,4/10,4/10,20.40,16.9,1,0,0,"December 09, 2009","November 01, 2017","June 24, 2001","March 30, 2011"
31820,Ashish Nehra,"April 29, 1979, Delhi",47y 69d,India,Bowler,1999 - 2017,2014,IPL 2014,CSK,4,-,-,-,-,-,-,-,-,-,-,-,0,0,8,9.46,90,3/33,3/33,17.75,11.2,0,0,0,"December 09, 2009","November 01, 2017","June 24, 2001","March 30, 2011"
31820,Ashish Nehra,"April 29, 1979, Delhi",47y 69d,India,Bowler,1999 - 2017,2013,IPL 2013,DC,10,4,0,1,1,0.25,8,12.50,0,0,0,0,1,0,11,8.77,216,2/35,2/35,28.72,19.6,0,0,0,"December 09, 2009","November 01, 2017","June 24, 2001","March 30, 2011"
31820,Ashish Nehra,"April 29, 1979, Delhi",47y 69d,India,Bowler,1999 - 2017,2012,IPL 2012,PWI,13,2,2,11,9*,-,12,91.66,0,0,1,0,1,0,11,8.37,288,3/23,3/23,36.54,26.1,0,0,0,"December 09, 2009","November 01, 2017","June 24, 2001","March 30, 2011"
31820,Ashish Nehra,"April 29, 1979, Delhi",47y 69d,India,Bowler,1999 - 2017,2009/10,IPL 2009/10,DC,4,2,1,23,22*,23.00,20,114.99,0,0,2,1,2,0,6,6.85,84,3/26,3/26,16.00,14.0,0,0,0,"December 09, 2009","November 01, 2017","June 24, 2001","March 30, 2011"
31820,Ashish Nehra,"April 29, 1979, Delhi",47y 69d,India,Bowler,1999 - 2017,2009,IPL 2009,DC,13,2,2,1,1*,-,1,100.00,0,0,0,0,3,0,19,6.78,306,3/27,3/27,18.21,16.1,0,0,0,"December 09, 2009","November 01, 2017","June 24, 2001","March 30, 2011"
31820,Ashish Nehra,"April 29, 1979, Delhi",47y 69d,India,Bowler,1999 - 2017,2007/08,IPL 2007/08,MI,14,4,3,3,2*,3.00,13,23.07,0,0,0,0,7,0,12,7.76,269,3/13,3/13,29.00,22.4,0,0,0,"December 09, 2009","November 01, 2017","June 24, 2001","March 30, 2011"
389605,Ammana Ashish Reddy,"February 24, 1991, Secunderabad",35y 133d,India,Allrounder,-,2016,IPL 2016,SRH,4,3,1,47,32,23.50,29,162.06,0,0,2,4,1,0,1,10.17,23,1/14,1/14,39.00,23.0,0,0,0,,,,
389605,Ammana Ashish Reddy,"February 24, 1991, Secunderabad",35y 133d,India,Allrounder,-,2015,IPL 2015,SRH,6,5,2,73,22*,24.33,46,158.69,0,0,3,5,1,0,3,8.33,36,1/11,1/11,16.66,12.0,0,0,0,,,,
389605,Ammana Ashish Reddy,"February 24, 1991, Secunderabad",35y 133d,India,Allrounder,-,2013,IPL 2013,SRH,12,10,4,125,36*,20.83,89,140.44,0,0,9,4,7,0,3,10.50,40,1/7,1/7,23.33,13.3,0,0,0,,,,
389605,Ammana Ashish Reddy,"February 24, 1991, Secunderabad",35y 133d,India,Allrounder,-,2012,IPL 2012,DCH,9,5,1,35,10*,8.75,29,120.68,0,0,3,1,0,0,11,8.72,163,3/25,3/25,21.54,14.8,0,0,0,,,,
1125958,Atharva Taide,"April 26, 2000, Akola Maharashtra",26y 72d,India,Batting Allrounder,-,2025,IPL 2025,SRH,1,1,0,13,13,13.00,9,144.44,0,0,3,0,0,0,-,-,-,-,-,-,-,-,-,-,,,,
1125958,Atharva Taide,"April 26, 2000, Akola Maharashtra",26y 72d,India,Batting Allrounder,-,2024,IPL 2024,PBKS,2,2,0,61,46,30.50,39,156.41,0,0,7,2,0,0,0,24.00,1,-,-,-,-,0,0,0,,,,
1125958,Atharva Taide,"April 26, 2000, Akola Maharashtra",26y 72d,India,Batting Allrounder,-,2023,IPL 2023,PBKS,7,7,0,186,66,26.57,129,144.18,0,2,20,6,5,0,-,-,-,-,-,-,-,-,-,-,,,,
537126,Barinder Balbirsingh Sran,"December 10, 1992, Sirsa",33y 209d,India,Bowler,2016 - 2016,2019,IPL 2019,MI,2,1,1,3,3*,-,3,100.00,0,0,0,0,0,0,0,12.75,24,-,-,-,-,0,0,0,"June 20, 2016","June 22, 2016","January 12, 2016","June 15, 2016"
537126,Barinder Balbirsingh Sran,"December 10, 1992, Sirsa",33y 209d,India,Bowler,2016 - 2016,2018,IPL 2018,PBKS,6,4,3,3,2,3.00,7,42.85,0,0,0,0,2,0,4,10.40,132,2/50,2/50,57.25,33.0,0,0,0,"June 20, 2016","June 22, 2016","January 12, 2016","June 15, 2016"
537126,Barinder Balbirsingh Sran,"December 10, 1992, Sirsa",33y 209d,India,Bowler,2016 - 2016,2017,IPL 2017,SRH,1,-,-,-,-,-,-,-,-,-,-,-,0,0,0,14.50,12,-,-,-,-,0,0,0,"June 20, 2016","June 22, 2016","January 12, 2016","June 15, 2016"
537126,Barinder Balbirsingh Sran,"December 10, 1992, Sirsa",33y 209d,India,Bowler,2016 - 2016,2016,IPL 2016,SRH,14,4,4,4,2*,-,4,100.00,0,0,0,0,2,0,14,8.34,297,3/28,3/28,29.50,21.2,0,0,0,"June 20, 2016","June 22, 2016","January 12, 2016","June 15, 2016"
537126,Barinder Balbirsingh Sran,"December 10, 1992, Sirsa",33y 209d,India,Bowler,2016 - 2016,2015,IPL 2015,RR,1,-,-,-,-,-,-,-,-,-,-,-,0,0,0,11.66,18,-,-,-,-,0,0,0,"June 20, 2016","June 22, 2016","January 12, 2016","June 15, 2016"
732291,Basil Thampi,"September 11, 1993, Ernakulam, Kerala",32y 299d,India,Bowler,-,2022,IPL 2022,MI,5,-,-,-,-,-,-,-,-,-,-,-,1,0,5,9.50,96,3/35,3/35,30.40,19.2,0,0,0,,,,
732291,Basil Thampi,"September 11, 1993, Ernakulam, Kerala",32y 299d,India,Bowler,-,2020/21,IPL 2020/21,SRH,1,-,-,-,-,-,-,-,-,-,-,-,0,0,1,11.50,24,1/46,1/46,46.00,24.0,0,0,0,,,,
732291,Basil Thampi,"September 11, 1993, Ernakulam, Kerala",32y 299d,India,Bowler,-,2019,IPL 2019,SRH,3,1,1,1,1*,-,1,100.00,0,0,0,0,0,0,0,9.16,72,-,-,-,-,0,0,0,,,,
732291,Basil Thampi,"September 11, 1993, Ernakulam, Kerala",32y 299d,India,Bowler,-,2018,IPL 2018,SRH,4,2,1,3,3,3.00,6,50.00,0,0,0,0,2,0,5,11.21,61,2/4,2/4,22.80,12.2,0,0,0,,,,
732291,Basil Thampi,"September 11, 1993, Ernakulam, Kerala",32y 299d,India,Bowler,-,2017,IPL 2017,GL,12,5,5,28,13*,-,28,100.00,0,0,1,1,2,0,11,9.49,268,3/29,3/29,38.54,24.3,0,0,0,,,,
230371,Benjamin Colin James Cutting,"January 30, 1987, Sunnybank, Brisbane, Queensland",39y 158d,Australia,Allrounder,2013 - 2017,2019,IPL 2019,MI,3,3,1,18,13*,9.00,17,105.88,0,0,1,1,0,0,1,13.50,12,1/27,1/27,27.00,12.0,0,0,0,"January 26, 2013","September 15, 2017","January 13, 2013","August 31, 2014"
230371,Benjamin Colin James Cutting,"January 30, 1987, Sunnybank, Brisbane, Queensland",39y 158d,Australia,Allrounder,2013 - 2017,2018,IPL 2018,MI,9,6,2,96,37,24.00,58,165.51,0,0,5,8,7,0,2,9.88,102,1/12,1/12,84.00,51.0,0,0,0,"January 26, 2013","September 15, 2017","January 13, 2013","August 31, 2014"
230371,Benjamin Colin James Cutting,"January 30, 1987, Sunnybank, Brisbane, Queensland",39y 158d,Australia,Allrounder,2013 - 2017,2017,IPL 2017,SRH,4,3,1,51,20,25.50,26,196.15,0,0,5,3,1,0,1,9.71,76,1/41,1/41,123.00,76.0,0,0,0,"January 26, 2013","September 15, 2017","January 13, 2013","August 31, 2014"
230371,Benjamin Colin James Cutting,"January 30, 1987, Sunnybank, Brisbane, Queensland",39y 158d,Australia,Allrounder,2013 - 2017,2016,IPL 2016,SRH,4,4,2,65,39*,32.50,34,191.17,0,0,4,6,1,0,5,7.16,67,2/20,2/20,16.00,13.4,0,0,0,"January 26, 2013","September 15, 2017","January 13, 2013","August 31, 2014"
230371,Benjamin Colin James Cutting,"January 30, 1987, Sunnybank, Brisbane, Queensland",39y 158d,Australia,Allrounder,2013 - 2017,2014,IPL 2014,RR,1,1,0,8,8,8.00,6,133.33,0,0,0,1,1,0,1,7.75,24,1/31,1/31,31.00,24.0,0,0,0,"January 26, 2013","September 15, 2017","January 13, 2013","August 31, 2014"
326016,Bhuvneshwar Kumar Singh,"February 05, 1990, Meerut, Uttar Pradesh",36y 152d,India,Bowler,2012 - 2022,2026,IPL 2026,RCB,16,4,4,34,15*,-,26,130.76,0,0,3,1,1,0,28,7.95,378,4/23,4/23,17.89,13.5,1,0,0,"December 25, 2012","November 22, 2022","December 30, 2012","January 21, 2022"
326016,Bhuvneshwar Kumar Singh,"February 05, 1990, Meerut, Uttar Pradesh",36y 152d,India,Bowler,2012 - 2022,2025,IPL 2025,RCB,14,6,3,14,8,4.66,25,56.00,0,0,1,0,5,0,17,9.28,312,3/33,3/33,28.41,18.3,0,0,0,"December 25, 2012","November 22, 2022","December 30, 2012","January 21, 2022"
326016,Bhuvneshwar Kumar Singh,"February 05, 1990, Meerut, Uttar Pradesh",36y 152d,India,Bowler,2012 - 2022,2024,IPL 2024,SRH,16,5,2,23,13,7.66,29,79.31,0,0,3,0,1,0,11,9.35,342,3/41,3/41,48.45,31.0,0,0,0,"December 25, 2012","November 22, 2022","December 30, 2012","January 21, 2022"
326016,Bhuvneshwar Kumar Singh,"February 05, 1990, Meerut, Uttar Pradesh",36y 152d,India,Bowler,2012 - 2022,2023,IPL 2023,SRH,14,6,3,42,27,14.00,47,89.36,0,0,4,0,3,0,16,8.33,306,5/30,5/30,26.56,19.1,0,1,0,"December 25, 2012","November 22, 2022","December 30, 2012","January 21, 2022"
326016,Bhuvneshwar Kumar Singh,"February 05, 1990, Meerut, Uttar Pradesh",36y 152d,India,Bowler,2012 - 2022,2022,IPL 2022,SRH,14,6,3,24,8,8.00,26,92.30,0,0,3,0,2,0,12,7.34,313,3/22,3/22,31.91,26.0,0,0,0,"December 25, 2012","November 22, 2022","December 30, 2012","January 21, 2022"
326016,Bhuvneshwar Kumar Singh,"February 05, 1990, Meerut, Uttar Pradesh",36y 152d,India,Bowler,2012 - 2022,2021,IPL 2021,SRH,11,7,6,34,14*,34.00,30,113.33,0,0,3,0,0,0,6,7.97,252,1/16,1/16,55.83,42.0,0,0,0,"December 25, 2012","November 22, 2022","December 30, 2012","January 21, 2022"
326016,Bhuvneshwar Kumar Singh,"February 05, 1990, Meerut, Uttar Pradesh",36y 152d,India,Bowler,2012 - 2022,2020/21,IPL 2020/21,SRH,4,1,0,0,0,0.00,2,0.00,0,0,0,0,0,0,3,6.98,85,2/25,2/25,33.00,28.3,0,0,0,"December 25, 2012","November 22, 2022","December 30, 2012","January 21, 2022"
326016,Bhuvneshwar Kumar Singh,"February 05, 1990, Meerut, Uttar Pradesh",36y 152d,India,Bowler,2012 - 2022,2019,IPL 2019,SRH,15,5,2,12,7*,4.00,19,63.15,0,0,1,0,4,0,13,7.81,354,2/24,2/24,35.46,27.2,0,0,0,"December 25, 2012","November 22, 2022","December 30, 2012","January 21, 2022"
326016,Bhuvneshwar Kumar Singh,"February 05, 1990, Meerut, Uttar Pradesh",36y 152d,India,Bowler,2012 - 2022,2018,IPL 2018,SRH,12,4,2,13,7,6.50,16,81.25,0,0,1,0,2,0,9,7.66,277,3/26,3/26,39.33,30.7,0,0,0,"December 25, 2012","November 22, 2022","December 30, 2012","January 21, 2022"
326016,Bhuvneshwar Kumar Singh,"February 05, 1990, Meerut, Uttar Pradesh",36y 152d,India,Bowler,2012 - 2022,2017,IPL 2017,SRH,14,2,1,4,4*,4.00,4,100.00,0,0,0,0,4,0,26,7.05,314,5/19,5/19,14.19,12.0,0,1,0,"December 25, 2012","November 22, 2022","December 30, 2012","January 21, 2022"
326016,Bhuvneshwar Kumar Singh,"February 05, 1990, Meerut, Uttar Pradesh",36y 152d,India,Bowler,2012 - 2022,2016,IPL 2016,SRH,17,8,2,43,21,7.16,27,159.25,0,0,6,1,6,0,23,7.42,396,4/29,4/29,21.30,17.2,1,0,0,"December 25, 2012","November 22, 2022","December 30, 2012","January 21, 2022"
326016,Bhuvneshwar Kumar Singh,"February 05, 1990, Meerut, Uttar Pradesh",36y 152d,India,Bowler,2012 - 2022,2015,IPL 2015,SRH,14,3,2,17,11*,17.00,10,170.00,0,0,2,1,5,0,18,7.87,310,3/26,3/26,22.61,17.2,0,0,0,"December 25, 2012","November 22, 2022","December 30, 2012","January 21, 2022"
326016,Bhuvneshwar Kumar Singh,"February 05, 1990, Meerut, Uttar Pradesh",36y 152d,India,Bowler,2012 - 2022,2014,IPL 2014,SRH,14,2,1,1,1,1.00,4,25.00,0,0,0,0,2,0,20,6.65,319,4/14,4/14,17.70,15.9,1,0,0,"December 25, 2012","November 22, 2022","December 30, 2012","January 21, 2022"
326016,Bhuvneshwar Kumar Singh,"February 05, 1990, Meerut, Uttar Pradesh",36y 152d,India,Bowler,2012 - 2022,2013,IPL 2013,PWI,16,9,2,52,24*,7.42,71,73.23,0,0,3,1,2,0,13,6.50,342,3/18,3/18,28.53,26.3,0,0,0,"December 25, 2012","November 22, 2022","December 30, 2012","January 21, 2022"
326016,Bhuvneshwar Kumar Singh,"February 05, 1990, Meerut, Uttar Pradesh",36y 152d,India,Bowler,2012 - 2022,2012,IPL 2012,PWI,11,9,6,40,11*,13.33,40,100.00,0,0,4,0,0,0,8,7.20,234,2/9,2/9,35.12,29.2,0,0,0,"December 25, 2012","November 22, 2022","December 30, 2012","January 21, 2022"
326016,Bhuvneshwar Kumar Singh,"February 05, 1990, Meerut, Uttar Pradesh",36y 152d,India,Bowler,2012 - 2022,2011,IPL 2011,PWI,4,1,1,1,1*,-,1,100.00,0,0,0,0,2,0,3,6.09,66,2/14,2/14,22.33,22.0,0,0,0,"December 25, 2012","November 22, 2022","December 30, 2012","January 21, 2022"
533042,Billy James Stanlake,"November 04, 1994, Hervey Bay, Australia",31y 245d,Australia,Bowler,2017 - 2026,2018,IPL 2018,SRH,4,1,1,5,5*,-,2,250.00,0,0,1,0,0,0,5,8.12,96,2/21,2/21,26.00,19.2,0,0,0,"February 17, 2017","November 08, 2019","January 13, 2017","May 30, 2026"
533042,Billy James Stanlake,"November 04, 1994, Hervey Bay, Australia",31y 245d,Australia,Bowler,2017 - 2026,2017,IPL 2017,RCB,2,-,-,-,-,-,-,-,-,-,-,-,1,0,2,8.75,48,2/29,2/29,35.00,24.0,0,0,0,"February 17, 2017","November 08, 2019","January 13, 2017","May 30, 2026"
430125,Biplab Bipin Samantray,"December 14, 1988, Cuttack, Orissa",37y 205d,India,Allrounder,-,2013,IPL 2013,SRH,8,7,2,123,55,24.60,111,110.81,0,1,13,2,3,0,-,-,-,-,-,-,-,-,-,-,,,,
430125,Biplab Bipin Samantray,"December 14, 1988, Cuttack, Orissa",37y 205d,India,Allrounder,-,2012,IPL 2012,DCH,1,1,1,2,2*,-,2,100.00,0,0,0,0,0,0,-,-,-,-,-,-,-,-,-,-,,,,
35928,Bipul Sharma,"September 28, 1983, Amritsar, Punjab",42y 282d,India,Allrounder,-,2017,IPL 2017,SRH,7,3,2,31,21*,31.00,24,129.16,0,0,2,1,1,0,3,7.89,98,1/4,1/4,43.00,32.6,0,0,0,,,,
35928,Bipul Sharma,"September 28, 1983, Amritsar, Punjab",42y 282d,India,Allrounder,-,2016,IPL 2016,SRH,7,4,2,51,27*,25.50,25,204.00,0,0,1,5,2,0,3,8.64,84,1/10,1/10,40.33,28.0,0,0,0,,,,
35928,Bipul Sharma,"September 28, 1983, Amritsar, Punjab",42y 282d,India,Allrounder,-,2015,IPL 2015,SRH,4,1,0,1,1,1.00,2,50.00,0,0,0,0,0,0,3,7.14,42,2/13,2/13,16.66,14.0,0,0,0,,,,
35928,Bipul Sharma,"September 28, 1983, Amritsar, Punjab",42y 282d,India,Allrounder,-,2013,IPL 2013,PBKS,1,-,-,-,-,-,-,-,-,-,-,-,0,0,1,5.25,24,1/21,1/21,21.00,24.0,0,0,0,,,,
35928,Bipul Sharma,"September 28, 1983, Amritsar, Punjab",42y 282d,India,Allrounder,-,2012,IPL 2012,PBKS,5,4,1,72,35*,24.00,47,153.19,0,0,6,3,1,0,0,10.30,46,-,-,-,-,0,0,0,,,,
35928,Bipul Sharma,"September 28, 1983, Amritsar, Punjab",42y 282d,India,Allrounder,-,2011,IPL 2011,PBKS,4,3,2,23,16*,23.00,18,127.77,0,0,1,0,1,0,4,6.50,72,2/32,2/32,19.50,18.0,0,0,0,,,,
35928,Bipul Sharma,"September 28, 1983, Amritsar, Punjab",42y 282d,India,Allrounder,-,2009/10,IPL 2009/10,PBKS,5,2,2,9,8*,-,7,128.57,0,0,1,0,2,0,3,9.40,60,1/19,1/19,31.33,20.0,0,0,0,,,,
8291,Cameron Leon White,"August 18, 1983, Bairnsdale, Victoria",42y 323d,Australia,Middle order Batter,2005 - 2018,2013,IPL 2013,SRH,13,13,1,209,52,17.41,191,109.42,0,1,18,7,10,0,1,8.00,12,1/14,1/14,16.00,12.0,0,0,0,"January 09, 2007","November 09, 2014","October 05, 2005","January 26, 2018"
8291,Cameron Leon White,"August 18, 1983, Bairnsdale, Victoria",42y 323d,Australia,Middle order Batter,2005 - 2018,2012,IPL 2012,DCH,13,13,2,479,78,43.54,320,149.68,0,5,41,20,3,0,0,9.00,18,-,-,-,-,0,0,0,"January 09, 2007","November 09, 2014","October 05, 2005","January 26, 2018"
8291,Cameron Leon White,"August 18, 1983, Bairnsdale, Victoria",42y 323d,Australia,Middle order Batter,2005 - 2018,2011,IPL 2011,DCH,6,6,2,104,31*,26.00,109,95.41,0,0,6,2,2,0,-,-,-,-,-,-,-,-,-,-,"January 09, 2007","November 09, 2014","October 05, 2005","January 26, 2018"
8291,Cameron Leon White,"August 18, 1983, Bairnsdale, Victoria",42y 323d,Australia,Middle order Batter,2005 - 2018,2009/10,IPL 2009/10,RCB,7,5,3,48,21*,24.00,33,145.45,0,0,3,3,4,0,0,19.00,6,-,-,-,-,0,0,0,"January 09, 2007","November 09, 2014","October 05, 2005","January 26, 2018"
8291,Cameron Leon White,"August 18, 1983, Bairnsdale, Victoria",42y 323d,Australia,Middle order Batter,2005 - 2018,2007/08,IPL 2007/08,RCB,8,8,1,114,31*,16.28,102,111.76,0,0,8,4,3,0,0,24.00,6,-,-,-,-,0,0,0,"January 09, 2007","November 09, 2014","October 05, 2005","January 26, 2018"
457249,Carlos Ricardo Brathwaite,"July 18, 1988, Barbados",37y 354d,West Indies,Allrounder,2011 - 2019,2019,IPL 2019,KKR,2,2,0,11,6,5.50,10,110.00,0,0,1,0,0,0,0,9.66,18,-,-,-,-,0,0,0,"October 11, 2011","August 06, 2019","October 18, 2011","August 14, 2019"
457249,Carlos Ricardo Brathwaite,"July 18, 1988, Barbados",37y 354d,West Indies,Allrounder,2011 - 2019,2018,IPL 2018,SRH,4,4,1,75,43*,25.00,48,156.25,0,0,1,8,2,0,5,9.24,61,2/15,2/15,18.80,12.2,0,0,0,"October 11, 2011","August 06, 2019","October 18, 2011","August 14, 2019"
457249,Carlos Ricardo Brathwaite,"July 18, 1988, Barbados",37y 354d,West Indies,Allrounder,2011 - 2019,2017,IPL 2017,DC,2,2,0,12,11,6.00,15,80.00,0,0,2,0,0,0,1,11.16,36,1/38,1/38,67.00,36.0,0,0,0,"October 11, 2011","August 06, 2019","October 18, 2011","August 14, 2019"
457249,Carlos Ricardo Brathwaite,"July 18, 1988, Barbados",37y 354d,West Indies,Allrounder,2011 - 2019,2016,IPL 2016,DC,8,6,0,83,34,13.83,38,218.42,0,0,6,8,3,0,7,8.15,139,3/47,3/47,27.00,19.8,0,0,0,"October 11, 2011","August 06, 2019","October 18, 2011","August 14, 2019"
288992,Christopher James Jordan,"October 04, 1988, Barbados",37y 276d,England,Bowler,2013 - 2024,2023,IPL 2023,MI,6,2,0,6,4,3.00,12,50.00,0,0,0,0,1,0,3,10.77,132,1/7,1/7,79.00,44.0,0,0,0,"February 02, 2014","June 27, 2024","September 16, 2013","November 17, 2022"
288992,Christopher James Jordan,"October 04, 1988, Barbados",37y 276d,England,Bowler,2013 - 2024,2022,IPL 2022,CSK,4,2,1,11,6*,11.00,8,137.50,0,0,0,0,4,0,2,10.51,77,2/23,2/23,67.50,38.5,0,0,0,"February 02, 2014","June 27, 2024","September 16, 2013","November 17, 2022"
288992,Christopher James Jordan,"October 04, 1988, Barbados",37y 276d,England,Bowler,2013 - 2024,2021,IPL 2021,PBKS,4,2,0,32,30,16.00,21,152.38,0,0,1,3,0,0,4,8.00,72,2/20,2/20,24.00,18.0,0,0,0,"February 02, 2014","June 27, 2024","September 16, 2013","November 17, 2022"
288992,Christopher James Jordan,"October 04, 1988, Barbados",37y 276d,England,Bowler,2013 - 2024,2020/21,IPL 2020/21,PBKS,9,5,2,29,13,9.66,31,93.54,0,0,2,0,5,0,9,9.65,189,3/17,3/17,33.77,21.0,0,0,0,"February 02, 2014","June 27, 2024","September 16, 2013","November 17, 2022"
288992,Christopher James Jordan,"October 04, 1988, Barbados",37y 276d,England,Bowler,2013 - 2024,2018,IPL 2018,SRH,1,-,-,-,-,-,-,-,-,-,-,-,0,0,0,7.75,24,-,-,-,-,0,0,0,"February 02, 2014","June 27, 2024","September 16, 2013","November 17, 2022"
288992,Christopher James Jordan,"October 04, 1988, Barbados",37y 276d,England,Bowler,2013 - 2024,2017,IPL 2017,SRH,1,1,0,0,0,0.00,1,0.00,0,0,0,0,0,0,1,9.00,6,1/9,1/9,9.00,6.0,0,0,0,"February 02, 2014","June 27, 2024","September 16, 2013","November 17, 2022"
288992,Christopher James Jordan,"October 04, 1988, Barbados",37y 276d,England,Bowler,2013 - 2024,2016,IPL 2016,RCB,9,1,0,3,3,3.00,4,75.00,0,0,0,0,4,0,11,9.21,168,4/11,4/11,23.45,15.2,1,0,0,"February 02, 2014","June 27, 2024","September 16, 2013","November 17, 2022"
47492,Dale Willem Steyn,"June 27, 1983, Phalaborwa",43y 10d,South Africa,Bowler,2004 - 2020,2020/21,IPL 2020/21,RCB,3,1,1,1,1*,-,2,50.00,0,0,0,0,0,0,1,11.40,70,1/33,1/33,133.00,70.0,0,0,0,"November 23, 2007","February 21, 2020","August 17, 2005","March 13, 2019"
47492,Dale Willem Steyn,"June 27, 1983, Phalaborwa",43y 10d,South Africa,Bowler,2004 - 2020,2019,IPL 2019,RCB,2,1,1,0,0*,-,0,-,0,0,0,0,0,0,4,8.62,48,2/29,2/29,17.25,12.0,0,0,0,"November 23, 2007","February 21, 2020","August 17, 2005","March 13, 2019"
47492,Dale Willem Steyn,"June 27, 1983, Phalaborwa",43y 10d,South Africa,Bowler,2004 - 2020,2016,IPL 2016,GL,1,1,0,1,1,1.00,2,50.00,0,0,0,0,0,0,0,8.50,12,-,-,-,-,0,0,0,"November 23, 2007","February 21, 2020","August 17, 2005","March 13, 2019"
47492,Dale Willem Steyn,"June 27, 1983, Phalaborwa",43y 10d,South Africa,Bowler,2004 - 2020,2015,IPL 2015,SRH,6,3,2,20,19*,20.00,13,153.84,0,0,3,0,2,0,3,8.94,114,2/38,2/38,56.66,38.0,0,0,0,"November 23, 2007","February 21, 2020","August 17, 2005","March 13, 2019"
47492,Dale Willem Steyn,"June 27, 1983, Phalaborwa",43y 10d,South Africa,Bowler,2004 - 2020,2014,IPL 2014,SRH,14,4,1,22,12,7.33,26,84.61,0,0,1,0,7,0,11,7.69,336,2/20,2/20,39.18,30.5,0,0,0,"November 23, 2007","February 21, 2020","August 17, 2005","March 13, 2019"
47492,Dale Willem Steyn,"June 27, 1983, Phalaborwa",43y 10d,South Africa,Bowler,2004 - 2020,2013,IPL 2013,SRH,17,8,6,53,18*,26.50,36,147.22,0,0,5,2,3,0,19,5.66,407,3/11,3/11,20.21,21.4,0,0,0,"November 23, 2007","February 21, 2020","August 17, 2005","March 13, 2019"
47492,Dale Willem Steyn,"June 27, 1983, Phalaborwa",43y 10d,South Africa,Bowler,2004 - 2020,2012,IPL 2012,DCH,12,6,1,19,7,3.80,21,90.47,0,0,0,1,4,0,18,6.10,280,3/8,3/8,15.83,15.5,0,0,0,"November 23, 2007","February 21, 2020","August 17, 2005","March 13, 2019"
47492,Dale Willem Steyn,"June 27, 1983, Phalaborwa",43y 10d,South Africa,Bowler,2004 - 2020,2011,IPL 2011,DCH,12,5,1,36,13,9.00,35,102.85,0,0,3,0,1,0,14,6.57,273,3/16,3/16,21.35,19.5,0,0,0,"November 23, 2007","February 21, 2020","August 17, 2005","March 13, 2019"
47492,Dale Willem Steyn,"June 27, 1983, Phalaborwa",43y 10d,South Africa,Bowler,2004 - 2020,2009/10,IPL 2009/10,RCB,15,4,0,13,8,3.25,17,76.47,0,0,2,0,1,0,15,6.88,354,3/18,3/18,27.06,23.6,0,0,0,"November 23, 2007","February 21, 2020","August 17, 2005","March 13, 2019"
47492,Dale Willem Steyn,"June 27, 1983, Phalaborwa",43y 10d,South Africa,Bowler,2004 - 2020,2009,IPL 2009,RCB,3,2,1,0,0*,0.00,3,0.00,0,0,0,0,2,0,2,6.88,54,1/21,1/21,31.00,27.0,0,0,0,"November 23, 2007","February 21, 2020","August 17, 2005","March 13, 2019"
47492,Dale Willem Steyn,"June 27, 1983, Phalaborwa",43y 10d,South Africa,Bowler,2004 - 2020,2007/08,IPL 2007/08,RCB,10,2,1,2,1*,2.00,5,40.00,0,0,0,0,4,0,10,6.63,228,3/27,3/27,25.20,22.8,0,0,0,"November 23, 2007","February 21, 2020","August 17, 2005","March 13, 2019"
53115,Daren Julius Garvey Sammy,"December 20, 1983, Micoud, St Lucia",42y 199d,West Indies,Allrounder,2004 - 2017,2015,IPL 2015,RCB,2,2,0,13,7,6.50,18,72.22,0,0,0,0,1,0,0,8.33,18,-,-,-,-,0,0,0,"June 28, 2007","September 15, 2017","July 08, 2004","March 21, 2015"
53115,Daren Julius Garvey Sammy,"December 20, 1983, Micoud, St Lucia",42y 199d,West Indies,Allrounder,2004 - 2017,2014,IPL 2014,SRH,10,9,2,108,29,15.42,91,118.68,0,0,4,8,5,0,3,11.21,84,1/20,1/20,52.33,28.0,0,0,0,"June 28, 2007","September 15, 2017","July 08, 2004","March 21, 2015"
53115,Daren Julius Garvey Sammy,"December 20, 1983, Micoud, St Lucia",42y 199d,West Indies,Allrounder,2004 - 2017,2013,IPL 2013,SRH,10,9,3,174,60,29.00,132,131.81,0,1,11,10,3,0,8,7.52,134,4/22,4/22,21.00,16.7,1,0,0,"June 28, 2007","September 15, 2017","July 08, 2004","March 21, 2015"
362710,David Alan Payne,"February 15, 1991, Poole, Dorset",35y 142d,England,Bowler,2022 - 2022,2026,IPL 2026,SRH,2,1,1,6,6*,-,5,120.00,0,0,0,0,0,0,2,14.00,30,2/35,2/35,35.00,15.0,0,0,0,,,"June 22, 2022","Gloucs vs Derbyshire  at Bristol - April 08 - 11, 2011"
219889,David Andrew Warner,"October 27, 1986, Paddington, New South Wales",39y 253d,Australia,Opening Batter,2009 - 2024,2024,IPL 2024,DC,8,8,0,168,52,21.00,125,134.40,0,1,17,10,5,0,-,-,-,-,-,-,-,-,-,-,"January 11, 2009","June 24, 2024","January 18, 2009","November 19, 2023"
219889,David Andrew Warner,"October 27, 1986, Paddington, New South Wales",39y 253d,Australia,Opening Batter,2009 - 2024,2023,IPL 2023,DC,14,14,0,516,86,36.85,392,131.63,0,6,69,10,7,0,-,-,-,-,-,-,-,-,-,-,"January 11, 2009","June 24, 2024","January 18, 2009","November 19, 2023"
219889,David Andrew Warner,"October 27, 1986, Paddington, New South Wales",39y 253d,Australia,Opening Batter,2009 - 2024,2022,IPL 2022,DC,12,12,3,432,92*,48.00,287,150.52,0,5,52,15,6,0,-,-,-,-,-,-,-,-,-,-,"January 11, 2009","June 24, 2024","January 18, 2009","November 19, 2023"
219889,David Andrew Warner,"October 27, 1986, Paddington, New South Wales",39y 253d,Australia,Opening Batter,2009 - 2024,2021,IPL 2021,SRH,8,8,0,195,57,24.37,181,107.73,0,2,15,6,2,0,-,-,-,-,-,-,-,-,-,-,"January 11, 2009","June 24, 2024","January 18, 2009","November 19, 2023"
219889,David Andrew Warner,"October 27, 1986, Paddington, New South Wales",39y 253d,Australia,Opening Batter,2009 - 2024,2020/21,IPL 2020/21,SRH,16,16,2,548,85*,39.14,407,134.64,0,4,52,14,12,0,0,12.00,1,-,-,-,-,0,0,0,"January 11, 2009","June 24, 2024","January 18, 2009","November 19, 2023"
219889,David Andrew Warner,"October 27, 1986, Paddington, New South Wales",39y 253d,Australia,Opening Batter,2009 - 2024,2019,IPL 2019,SRH,12,12,2,692,100*,69.20,481,143.86,1,8,57,21,2,0,-,-,-,-,-,-,-,-,-,-,"January 11, 2009","June 24, 2024","January 18, 2009","November 19, 2023"
219889,David Andrew Warner,"October 27, 1986, Paddington, New South Wales",39y 253d,Australia,Opening Batter,2009 - 2024,2017,IPL 2017,SRH,14,14,3,641,126,58.27,452,141.81,1,4,63,26,10,0,-,-,-,-,-,-,-,-,-,-,"January 11, 2009","June 24, 2024","January 18, 2009","November 19, 2023"
219889,David Andrew Warner,"October 27, 1986, Paddington, New South Wales",39y 253d,Australia,Opening Batter,2009 - 2024,2016,IPL 2016,SRH,17,17,3,848,93*,60.57,560,151.42,0,9,88,31,4,0,-,-,-,-,-,-,-,-,-,-,"January 11, 2009","June 24, 2024","January 18, 2009","November 19, 2023"
219889,David Andrew Warner,"October 27, 1986, Paddington, New South Wales",39y 253d,Australia,Opening Batter,2009 - 2024,2015,IPL 2015,SRH,14,14,1,562,91,43.23,359,156.54,0,7,65,21,8,0,-,-,-,-,-,-,-,-,-,-,"January 11, 2009","June 24, 2024","January 18, 2009","November 19, 2023"
219889,David Andrew Warner,"October 27, 1986, Paddington, New South Wales",39y 253d,Australia,Opening Batter,2009 - 2024,2014,IPL 2014,SRH,14,14,3,528,90,48.00,375,140.79,0,6,39,24,8,0,-,-,-,-,-,-,-,-,-,-,"January 11, 2009","June 24, 2024","January 18, 2009","November 19, 2023"
219889,David Andrew Warner,"October 27, 1986, Paddington, New South Wales",39y 253d,Australia,Opening Batter,2009 - 2024,2013,IPL 2013,DC,16,16,3,410,77,31.53,323,126.93,0,4,41,14,6,0,-,-,-,-,-,-,-,-,-,-,"January 11, 2009","June 24, 2024","January 18, 2009","November 19, 2023"
219889,David Andrew Warner,"October 27, 1986, Paddington, New South Wales",39y 253d,Australia,Opening Batter,2009 - 2024,2012,IPL 2012,DC,8,8,1,256,109*,36.57,156,164.10,1,1,28,14,1,0,-,-,-,-,-,-,-,-,-,-,"January 11, 2009","June 24, 2024","January 18, 2009","November 19, 2023"
219889,David Andrew Warner,"October 27, 1986, Paddington, New South Wales",39y 253d,Australia,Opening Batter,2009 - 2024,2011,IPL 2011,DC,13,13,0,324,77,24.92,276,117.39,0,3,34,11,4,0,-,-,-,-,-,-,-,-,-,-,"January 11, 2009","June 24, 2024","January 18, 2009","November 19, 2023"
219889,David Andrew Warner,"October 27, 1986, Paddington, New South Wales",39y 253d,Australia,Opening Batter,2009 - 2024,2009/10,IPL 2009/10,DC,11,11,1,282,107*,28.20,191,147.64,1,1,27,14,8,0,-,-,-,-,-,-,-,-,-,-,"January 11, 2009","June 24, 2024","January 18, 2009","November 19, 2023"
219889,David Andrew Warner,"October 27, 1986, Paddington, New South Wales",39y 253d,Australia,Opening Batter,2009 - 2024,2009,IPL 2009,DC,7,7,0,163,51,23.28,132,123.48,0,1,16,5,3,0,-,-,-,-,-,-,-,-,-,-,"January 11, 2009","June 24, 2024","January 18, 2009","November 19, 2023"
497121,Deepak Jagbir Hooda,"April 19, 1995, Rohtak",31y 79d,India,Allrounder,2022 - 2023,2025,IPL 2025,CSK,7,5,0,31,22,6.20,41,75.60,0,0,2,1,3,0,0,15.00,6,-,-,-,-,0,0,0,"February 24, 2022","February 01, 2023","February 06, 2022","November 30, 2022"
497121,Deepak Jagbir Hooda,"April 19, 1995, Rohtak",31y 79d,India,Allrounder,2022 - 2023,2024,IPL 2024,LSG,11,9,1,145,50,18.12,105,138.09,0,1,16,3,2,0,0,7.33,18,-,-,-,-,0,0,0,"February 24, 2022","February 01, 2023","February 06, 2022","November 30, 2022"
497121,Deepak Jagbir Hooda,"April 19, 1995, Rohtak",31y 79d,India,Allrounder,2022 - 2023,2023,IPL 2023,LSG,12,12,1,84,17,7.63,90,93.33,0,0,3,2,10,0,0,8.00,6,-,-,-,-,0,0,0,"February 24, 2022","February 01, 2023","February 06, 2022","November 30, 2022"
497121,Deepak Jagbir Hooda,"April 19, 1995, Rohtak",31y 79d,India,Allrounder,2022 - 2023,2022,IPL 2022,LSG,15,14,0,451,59,32.21,330,136.66,0,4,36,18,8,0,1,10.75,24,1/31,1/31,43.00,24.0,0,0,0,"February 24, 2022","February 01, 2023","February 06, 2022","November 30, 2022"
497121,Deepak Jagbir Hooda,"April 19, 1995, Rohtak",31y 79d,India,Allrounder,2022 - 2023,2021,IPL 2021,PBKS,12,11,1,160,64,16.00,123,130.08,0,1,9,9,7,0,2,8.50,96,1/15,1/15,68.00,48.0,0,0,0,"February 24, 2022","February 01, 2023","February 06, 2022","November 30, 2022"
497121,Deepak Jagbir Hooda,"April 19, 1995, Rohtak",31y 79d,India,Allrounder,2022 - 2023,2020/21,IPL 2020/21,PBKS,7,5,4,101,62*,101.00,71,142.25,0,1,5,5,3,0,0,9.00,6,-,-,-,-,0,0,0,"February 24, 2022","February 01, 2023","February 06, 2022","November 30, 2022"
497121,Deepak Jagbir Hooda,"April 19, 1995, Rohtak",31y 79d,India,Allrounder,2022 - 2023,2019,IPL 2019,SRH,11,7,1,64,20,10.66,63,101.58,0,0,5,1,10,0,1,10.50,12,1/13,1/13,21.00,12.0,0,0,0,"February 24, 2022","February 01, 2023","February 06, 2022","November 30, 2022"
497121,Deepak Jagbir Hooda,"April 19, 1995, Rohtak",31y 79d,India,Allrounder,2022 - 2023,2018,IPL 2018,SRH,9,8,4,87,32*,21.75,81,107.40,0,0,2,3,3,0,0,8.00,18,-,-,-,-,0,0,0,"February 24, 2022","February 01, 2023","February 06, 2022","November 30, 2022"
497121,Deepak Jagbir Hooda,"April 19, 1995, Rohtak",31y 79d,India,Allrounder,2022 - 2023,2017,IPL 2017,SRH,10,6,3,78,19*,26.00,52,150.00,0,0,5,4,5,0,2,10.50,24,1/7,1/7,21.00,12.0,0,0,0,"February 24, 2022","February 01, 2023","February 06, 2022","November 30, 2022"
497121,Deepak Jagbir Hooda,"April 19, 1995, Rohtak",31y 79d,India,Allrounder,2022 - 2023,2016,IPL 2016,SRH,17,15,1,144,34,10.28,121,119.00,0,0,9,5,3,0,3,7.46,78,2/16,2/16,32.33,26.0,0,0,0,"February 24, 2022","February 01, 2023","February 06, 2022","November 30, 2022"
497121,Deepak Jagbir Hooda,"April 19, 1995, Rohtak",31y 79d,India,Allrounder,2022 - 2023,2015,IPL 2015,RR,14,9,0,151,54,16.77,95,158.94,0,1,6,11,1,0,1,8.50,91,1/35,1/35,129.00,91.0,0,0,0,"February 24, 2022","February 01, 2023","February 06, 2022","November 30, 2022"
793007,Lokumarakkalage Dilshan Madushanka,"September 18, 2000, Hambantota",25y 292d,Sri Lanka,Bowler,2022 - 2026,2026,IPL 2026,SRH,1,-,-,-,-,-,-,-,-,-,-,-,2,0,1,9.00,24,1/36,1/36,36.00,24.0,0,0,0,"August 27, 2022","June 11, 2026","January 10, 2023","August 31, 2025"
237701,Dwaraka Bhamidipati Ravi Teja,"September 05, 1987, Kakinada, Andhra Pradesh",38y 305d,India,Batter,-,2013,IPL 2013,SRH,2,2,1,14,10,14.00,17,82.35,0,0,0,0,0,0,-,-,-,-,-,-,-,-,-,-,,,,
237701,Dwaraka Bhamidipati Ravi Teja,"September 05, 1987, Kakinada, Andhra Pradesh",38y 305d,India,Batter,-,2012,IPL 2012,DCH,2,2,0,4,4,2.00,4,100.00,0,0,1,0,0,0,-,-,-,-,-,-,-,-,-,-,,,,
237701,Dwaraka Bhamidipati Ravi Teja,"September 05, 1987, Kakinada, Andhra Pradesh",38y 305d,India,Batter,-,2011,IPL 2011,DCH,12,9,2,183,60,26.14,144,127.08,0,1,17,4,5,0,0,9.00,6,-,-,-,-,0,0,0,,,,
237701,Dwaraka Bhamidipati Ravi Teja,"September 05, 1987, Kakinada, Andhra Pradesh",38y 305d,India,Batter,-,2009,IPL 2009,DCH,9,6,3,65,27,21.66,70,92.85,0,0,7,0,4,0,-,-,-,-,-,-,-,-,-,-,,,,
237701,Dwaraka Bhamidipati Ravi Teja,"September 05, 1987, Kakinada, Andhra Pradesh",38y 305d,India,Batter,-,2007/08,IPL 2007/08,DCH,7,6,0,109,40,18.16,82,132.92,0,0,10,5,2,0,1,9.50,12,1/19,1/19,19.00,12.0,0,0,0,,,,
24598,Eoin Joseph Gerard Morgan,"September 10, 1986, Dublin",39y 300d,England,Middle order Batter,2006 - 2022,2021,IPL 2021,KKR,17,16,4,133,47*,11.08,139,95.68,0,0,8,6,9,0,-,-,-,-,-,-,-,-,-,-,"June 05, 2009","January 23, 2022","August 05, 2006","June 19, 2022"
24598,Eoin Joseph Gerard Morgan,"September 10, 1986, Dublin",39y 300d,England,Middle order Batter,2006 - 2022,2020/21,IPL 2020/21,KKR,14,14,4,418,68*,41.80,302,138.41,0,1,32,24,3,0,-,-,-,-,-,-,-,-,-,-,"June 05, 2009","January 23, 2022","August 05, 2006","June 19, 2022"
24598,Eoin Joseph Gerard Morgan,"September 10, 1986, Dublin",39y 300d,England,Middle order Batter,2006 - 2022,2017,IPL 2017,PBKS,4,4,0,65,26,16.25,62,104.83,0,0,6,2,3,0,-,-,-,-,-,-,-,-,-,-,"June 05, 2009","January 23, 2022","August 05, 2006","June 19, 2022"
24598,Eoin Joseph Gerard Morgan,"September 10, 1986, Dublin",39y 300d,England,Middle order Batter,2006 - 2022,2016,IPL 2016,SRH,7,6,1,123,51,24.60,105,117.14,0,1,8,4,3,0,-,-,-,-,-,-,-,-,-,-,"June 05, 2009","January 23, 2022","August 05, 2006","June 19, 2022"
24598,Eoin Joseph Gerard Morgan,"September 10, 1986, Dublin",39y 300d,England,Middle order Batter,2006 - 2022,2015,IPL 2015,SRH,9,9,1,187,63,23.37,151,123.84,0,1,11,11,5,0,-,-,-,-,-,-,-,-,-,-,"June 05, 2009","January 23, 2022","August 05, 2006","June 19, 2022"
24598,Eoin Joseph Gerard Morgan,"September 10, 1986, Dublin",39y 300d,England,Middle order Batter,2006 - 2022,2013,IPL 2013,KKR,14,13,2,307,51,27.90,240,127.91,0,1,28,13,6,0,-,-,-,-,-,-,-,-,-,-,"June 05, 2009","January 23, 2022","August 05, 2006","June 19, 2022"
24598,Eoin Joseph Gerard Morgan,"September 10, 1986, Dublin",39y 300d,England,Middle order Batter,2006 - 2022,2011,IPL 2011,KKR,12,9,0,137,66,15.22,117,117.09,0,1,17,3,3,0,-,-,-,-,-,-,-,-,-,-,"June 05, 2009","January 23, 2022","August 05, 2006","June 19, 2022"
24598,Eoin Joseph Gerard Morgan,"September 10, 1986, Dublin",39y 300d,England,Middle order Batter,2006 - 2022,2009/10,IPL 2009/10,RCB,6,4,1,35,17,11.66,30,116.66,0,0,2,1,4,0,-,-,-,-,-,-,-,-,-,-,"June 05, 2009","January 23, 2022","August 05, 2006","June 19, 2022"
1306214,Kiribathgala Kankanamalage Eshan Malinga Dharmasena,"February 04, 2001, Ratnapura",25y 153d,Sri Lanka,Bowler,2025 - 2026,2026,IPL 2026,SRH,15,3,2,7,5,7.00,17,41.17,0,0,0,0,4,0,20,9.33,326,4/32,4/32,25.35,16.3,1,0,0,"November 20, 2025","June 14, 2026","January 05, 2025","June 06, 2026"
1306214,Kiribathgala Kankanamalage Eshan Malinga Dharmasena,"February 04, 2001, Ratnapura",25y 153d,Sri Lanka,Bowler,2025 - 2026,2025,IPL 2025,SRH,7,-,-,-,-,-,-,-,-,-,-,-,4,0,13,8.92,160,3/31,3/31,18.30,12.3,0,0,0,"November 20, 2025","June 14, 2026","January 05, 2025","June 06, 2026"
974175,Fazalhaq Farooqi,"September 22, 2000, Baghlan",25y 288d,Afghanistan,Bowler,2021 - 2026,2025,IPL 2025,RR,5,1,1,2,2*,-,2,100.00,0,0,0,0,0,0,0,12.35,102,-,-,-,-,0,0,0,"March 20, 2021","February 11, 2026","January 25, 2022","February 28, 2025"
974175,Fazalhaq Farooqi,"September 22, 2000, Baghlan",25y 288d,Afghanistan,Bowler,2021 - 2026,2023,IPL 2023,SRH,4,1,1,1,1*,-,5,20.00,0,0,0,0,1,0,4,8.77,80,2/41,2/41,29.25,20.0,0,0,0,"March 20, 2021","February 11, 2026","January 25, 2022","February 28, 2025"
974175,Fazalhaq Farooqi,"September 22, 2000, Baghlan",25y 288d,Afghanistan,Bowler,2021 - 2026,2022,IPL 2022,SRH,3,1,1,2,2*,-,8,25.00,0,0,0,0,0,0,2,9.16,72,2/32,2/32,55.00,36.0,0,0,0,"March 20, 2021","February 11, 2026","January 25, 2022","February 28, 2025"
823509,Glenn Dominic Phillips,"December 06, 1996, East London, Eastern Cape, South Africa",29y 213d,New Zealand,Allrounder,2017 - 2026,2026,IPL 2026,GT,6,5,1,67,25,16.75,54,124.07,0,0,4,2,8,0,-,-,-,-,-,-,-,-,-,-,"February 17, 2017","March 08, 2026","July 10, 2022","January 18, 2026"
823509,Glenn Dominic Phillips,"December 06, 1996, East London, Eastern Cape, South Africa",29y 213d,New Zealand,Allrounder,2017 - 2026,2023,IPL 2023,SRH,5,5,0,39,25,7.80,22,177.27,0,0,2,4,1,0,1,6.66,18,1/10,1/10,20.00,18.0,0,0,0,"February 17, 2017","March 08, 2026","July 10, 2022","January 18, 2026"
823509,Glenn Dominic Phillips,"December 06, 1996, East London, Eastern Cape, South Africa",29y 213d,New Zealand,Allrounder,2017 - 2026,2021,IPL 2021,RR,3,3,1,26,14*,13.00,33,78.78,0,0,1,2,1,0,1,10.00,12,1/17,1/17,20.00,12.0,0,0,0,"February 17, 2017","March 08, 2026","July 10, 2022","January 18, 2026"
452044,Gade Hanuma Vihari,"October 13, 1993, Kakinada, Andhra Pradesh",32y 267d,India,Batting Allrounder,2018 - 2022,2019,IPL 2019,DC,2,2,0,4,2,2.00,8,50.00,0,0,0,0,0,0,0,9.00,6,-,-,-,-,0,0,0,,,,
452044,Gade Hanuma Vihari,"October 13, 1993, Kakinada, Andhra Pradesh",32y 267d,India,Batting Allrounder,2018 - 2022,2015,IPL 2015,SRH,5,4,0,39,16,9.75,35,111.42,0,0,6,0,2,0,-,-,-,-,-,-,-,-,-,-,,,,
452044,Gade Hanuma Vihari,"October 13, 1993, Kakinada, Andhra Pradesh",32y 267d,India,Batting Allrounder,2018 - 2022,2013,IPL 2013,SRH,17,17,3,241,46,17.21,278,86.69,0,0,17,1,4,0,1,6.33,36,1/5,1/5,38.00,36.0,0,0,0,,,,
911707,Harry Cherrington Brook,"February 22, 1999, Keighley, Yorkshire",27y 135d,England,Middle order Batter,2022 - 2026,2023,IPL 2023,SRH,11,11,2,190,100*,21.11,154,123.37,1,0,23,4,3,0,-,-,-,-,-,-,-,-,-,-,"January 26, 2022","July 04, 2026","January 27, 2023","January 27, 2026"
1216159,Harsh Surendra Dubey,"July 23, 2002, Pune, Maharashtra",23y 349d,India,Bowling Allrounder,2026 - 2026,2026,IPL 2026,SRH,8,5,3,13,9*,6.50,9,144.44,0,0,2,0,4,0,8,10.36,132,3/12,3/12,28.50,16.5,0,0,0,,,"June 13, 2026","June 20, 2026"
1216159,Harsh Surendra Dubey,"July 23, 2002, Pune, Maharashtra",23y 349d,India,Bowling Allrounder,2026 - 2026,2025,IPL 2025,SRH,3,-,-,-,-,-,-,-,-,-,-,-,0,0,5,9.80,60,3/34,3/34,19.60,12.0,0,0,0,,,"June 13, 2026","June 20, 2026"
390481,Harshal Vikram Patel,"November 23, 1990, Sanand, Gujarat",35y 226d,India,Bowling Allrounder,2021 - 2023,2026,IPL 2026,SRH,5,3,0,10,6,3.33,9,111.11,0,0,2,0,0,0,0,10.82,82,-,-,-,-,0,0,0,"November 19, 2021","January 03, 2023",,
390481,Harshal Vikram Patel,"November 23, 1990, Sanand, Gujarat",35y 226d,India,Bowling Allrounder,2021 - 2023,2025,IPL 2025,SRH,13,4,2,21,12*,10.50,26,80.76,0,0,0,0,3,0,16,9.80,263,4/28,4/28,26.87,16.4,2,0,0,"November 19, 2021","January 03, 2023",,
390481,Harshal Vikram Patel,"November 23, 1990, Sanand, Gujarat",35y 226d,India,Bowling Allrounder,2021 - 2023,2024,IPL 2024,PBKS,14,4,1,13,12,4.33,19,68.42,0,0,1,1,5,0,24,9.73,294,3/15,3/15,19.87,12.2,0,0,0,"November 19, 2021","January 03, 2023",,
390481,Harshal Vikram Patel,"November 23, 1990, Sanand, Gujarat",35y 226d,India,Bowling Allrounder,2021 - 2023,2023,IPL 2023,RCB,14,2,0,6,6,3.00,6,100.00,0,0,0,1,2,0,14,9.65,282,3/32,3/32,32.42,20.1,0,0,0,"November 19, 2021","January 03, 2023",,
390481,Harshal Vikram Patel,"November 23, 1990, Sanand, Gujarat",35y 226d,India,Bowling Allrounder,2021 - 2023,2022,IPL 2022,RCB,15,8,3,43,11,8.60,39,110.25,0,0,4,2,3,0,19,7.66,321,4/34,4/34,21.57,16.8,1,0,0,"November 19, 2021","January 03, 2023",,
390481,Harshal Vikram Patel,"November 23, 1990, Sanand, Gujarat",35y 226d,India,Bowling Allrounder,2021 - 2023,2021,IPL 2021,RCB,15,8,4,59,31,14.75,46,128.26,0,0,6,2,3,0,32,8.14,338,5/27,5/27,14.34,10.5,1,1,0,"November 19, 2021","January 03, 2023",,
390481,Harshal Vikram Patel,"November 23, 1990, Sanand, Gujarat",35y 226d,India,Bowling Allrounder,2021 - 2023,2020/21,IPL 2020/21,DC,5,2,0,21,16,10.50,24,87.50,0,0,2,0,1,0,3,8.93,90,2/34,2/34,44.66,30.0,0,0,0,"November 19, 2021","January 03, 2023",,
390481,Harshal Vikram Patel,"November 23, 1990, Sanand, Gujarat",35y 226d,India,Bowling Allrounder,2021 - 2023,2019,IPL 2019,DC,2,2,1,0,0*,0.00,2,0.00,0,0,0,0,0,0,2,9.62,48,2/40,2/40,38.50,24.0,0,0,0,"November 19, 2021","January 03, 2023",,
390481,Harshal Vikram Patel,"November 23, 1990, Sanand, Gujarat",35y 226d,India,Bowling Allrounder,2021 - 2023,2018,IPL 2018,DC,5,2,1,60,36*,60.00,33,181.81,0,0,1,6,0,0,7,9.54,105,3/28,3/28,23.85,15.0,0,0,0,"November 19, 2021","January 03, 2023",,
390481,Harshal Vikram Patel,"November 23, 1990, Sanand, Gujarat",35y 226d,India,Bowling Allrounder,2021 - 2023,2017,IPL 2017,RCB,1,-,-,-,-,-,-,-,-,-,-,-,0,0,3,10.75,24,3/43,3/43,14.33,8.0,0,0,0,"November 19, 2021","January 03, 2023",,
390481,Harshal Vikram Patel,"November 23, 1990, Sanand, Gujarat",35y 226d,India,Bowling Allrounder,2021 - 2023,2016,IPL 2016,RCB,5,1,1,0,0*,-,0,-,0,0,0,0,2,0,1,10.50,84,1/46,1/46,147.00,84.0,0,0,0,"November 19, 2021","January 03, 2023",,
390481,Harshal Vikram Patel,"November 23, 1990, Sanand, Gujarat",35y 226d,India,Bowling Allrounder,2021 - 2023,2015,IPL 2015,RCB,15,7,2,19,9*,3.80,12,158.33,0,0,0,2,1,0,17,7.48,263,2/12,2/12,19.29,15.4,0,0,0,"November 19, 2021","January 03, 2023",,
390481,Harshal Vikram Patel,"November 23, 1990, Sanand, Gujarat",35y 226d,India,Bowling Allrounder,2021 - 2023,2014,IPL 2014,RCB,3,3,1,13,6,6.50,7,185.71,0,0,1,1,0,0,4,10.27,66,2/56,2/56,28.25,16.5,0,0,0,"November 19, 2021","January 03, 2023",,
390481,Harshal Vikram Patel,"November 23, 1990, Sanand, Gujarat",35y 226d,India,Bowling Allrounder,2021 - 2023,2012,IPL 2012,RCB,12,3,1,15,10,7.50,15,100.00,0,0,1,0,8,0,9,8.29,246,2/24,2/24,37.77,27.3,0,0,0,"November 19, 2021","January 03, 2023",,
436757,Heinrich Klaasen,"July 30, 1991, Pretoria, Transvaal",34y 342d,South Africa,Wicketkeeper Batter,2018 - 2025,2026,IPL 2026,SRH,15,15,2,624,69,48.00,390,160.00,0,6,48,31,13,0,-,-,-,-,-,-,-,-,-,-,"February 18, 2018","December 13, 2024","February 07, 2018","March 05, 2025"
436757,Heinrich Klaasen,"July 30, 1991, Pretoria, Transvaal",34y 342d,South Africa,Wicketkeeper Batter,2018 - 2025,2025,IPL 2025,SRH,14,13,2,487,105*,44.27,282,172.69,1,1,42,25,7,0,-,-,-,-,-,-,-,-,-,-,"February 18, 2018","December 13, 2024","February 07, 2018","March 05, 2025"
436757,Heinrich Klaasen,"July 30, 1991, Pretoria, Transvaal",34y 342d,South Africa,Wicketkeeper Batter,2018 - 2025,2024,IPL 2024,SRH,16,15,3,479,80*,39.91,280,171.07,0,4,19,38,8,2,-,-,-,-,-,-,-,-,-,-,"February 18, 2018","December 13, 2024","February 07, 2018","March 05, 2025"
436757,Heinrich Klaasen,"July 30, 1991, Pretoria, Transvaal",34y 342d,South Africa,Wicketkeeper Batter,2018 - 2025,2023,IPL 2023,SRH,12,11,2,448,104,49.77,253,177.07,1,2,32,25,3,1,-,-,-,-,-,-,-,-,-,-,"February 18, 2018","December 13, 2024","February 07, 2018","March 05, 2025"
436757,Heinrich Klaasen,"July 30, 1991, Pretoria, Transvaal",34y 342d,South Africa,Wicketkeeper Batter,2018 - 2025,2019,IPL 2019,RCB,3,2,0,9,6,4.50,10,90.00,0,0,0,0,0,0,-,-,-,-,-,-,-,-,-,-,"February 18, 2018","December 13, 2024","February 07, 2018","March 05, 2025"
436757,Heinrich Klaasen,"July 30, 1991, Pretoria, Transvaal",34y 342d,South Africa,Wicketkeeper Batter,2018 - 2025,2018,IPL 2018,RR,4,4,1,57,32,19.00,47,121.27,0,0,5,1,3,4,-,-,-,-,-,-,-,-,-,-,"February 18, 2018","December 13, 2024","February 07, 2018","March 05, 2025"
32685,Irfan Khan Pathan,"October 27, 1984, Baroda, Gujarat",41y 253d,India,Allrounder,2003 - 2012,2017,IPL 2017,GL,1,1,0,2,2,2.00,3,66.66,0,0,0,0,0,0,0,13.00,12,-,-,-,-,0,0,0,"December 01, 2006","October 02, 2012","January 09, 2004","August 04, 2012"
32685,Irfan Khan Pathan,"October 27, 1984, Baroda, Gujarat",41y 253d,India,Allrounder,2003 - 2012,2016,IPL 2016,RPS,4,3,0,11,7,3.66,13,84.61,0,0,0,0,1,0,0,7.62,48,-,-,-,-,0,0,0,"December 01, 2006","October 02, 2012","January 09, 2004","August 04, 2012"
32685,Irfan Khan Pathan,"October 27, 1984, Baroda, Gujarat",41y 253d,India,Allrounder,2003 - 2012,2014,IPL 2014,SRH,10,6,4,55,23*,27.50,54,101.85,0,0,5,0,2,0,4,8.66,142,2/10,2/10,51.25,35.5,0,0,0,"December 01, 2006","October 02, 2012","January 09, 2004","August 04, 2012"
32685,Irfan Khan Pathan,"October 27, 1984, Baroda, Gujarat",41y 253d,India,Allrounder,2003 - 2012,2013,IPL 2013,DC,15,13,5,142,24,17.75,152,93.42,0,0,9,3,4,0,10,7.44,308,2/29,2/29,38.20,30.8,0,0,0,"December 01, 2006","October 02, 2012","January 09, 2004","August 04, 2012"
32685,Irfan Khan Pathan,"October 27, 1984, Baroda, Gujarat",41y 253d,India,Allrounder,2003 - 2012,2012,IPL 2012,DC,17,12,5,176,42*,25.14,126,139.68,0,0,14,6,8,0,8,7.75,360,2/46,2/46,58.12,45.0,0,0,0,"December 01, 2006","October 02, 2012","January 09, 2004","August 04, 2012"
32685,Irfan Khan Pathan,"October 27, 1984, Baroda, Gujarat",41y 253d,India,Allrounder,2003 - 2012,2011,IPL 2011,DC,14,12,4,150,44*,18.75,138,108.69,0,0,12,6,4,0,11,7.50,275,3/28,3/28,31.27,25.0,0,0,0,"December 01, 2006","October 02, 2012","January 09, 2004","August 04, 2012"
32685,Irfan Khan Pathan,"October 27, 1984, Baroda, Gujarat",41y 253d,India,Allrounder,2003 - 2012,2009/10,IPL 2009/10,PBKS,14,13,5,276,60,34.50,186,148.38,0,1,21,10,4,0,15,9.19,278,3/24,3/24,28.40,18.5,0,0,0,"December 01, 2006","October 02, 2012","January 09, 2004","August 04, 2012"
32685,Irfan Khan Pathan,"October 27, 1984, Baroda, Gujarat",41y 253d,India,Allrounder,2003 - 2012,2009,IPL 2009,PBKS,14,12,2,196,39,19.60,158,124.05,0,0,17,6,4,0,17,7.74,302,3/35,3/35,22.94,17.7,0,0,0,"December 01, 2006","October 02, 2012","January 09, 2004","August 04, 2012"
32685,Irfan Khan Pathan,"October 27, 1984, Baroda, Gujarat",41y 253d,India,Allrounder,2003 - 2012,2007/08,IPL 2007/08,PBKS,14,10,4,131,40,21.83,116,112.93,0,0,9,6,4,0,15,6.60,318,2/18,2/18,23.33,21.2,0,0,0,"December 01, 2006","October 02, 2012","January 09, 2004","August 04, 2012"
720471,Ishan Pranav Kumar Pandey Kishan,"July 18, 1998, Patna, Bihar",27y 354d,India,Wicketkeeper Batter,2021 - 2026,2026,IPL 2026,SRH,15,15,0,602,91,40.13,330,182.42,0,6,60,32,9,1,-,-,-,-,-,-,-,-,-,-,"March 14, 2021","July 04, 2026","July 18, 2021","June 20, 2026"
720471,Ishan Pranav Kumar Pandey Kishan,"July 18, 1998, Patna, Bihar",27y 354d,India,Wicketkeeper Batter,2021 - 2026,2025,IPL 2025,SRH,14,13,3,354,106*,35.40,232,152.58,1,1,33,15,8,0,0,24.00,1,-,-,-,-,0,0,0,"March 14, 2021","July 04, 2026","July 18, 2021","June 20, 2026"
720471,Ishan Pranav Kumar Pandey Kishan,"July 18, 1998, Patna, Bihar",27y 354d,India,Wicketkeeper Batter,2021 - 2026,2024,IPL 2024,MI,14,14,0,320,69,22.85,215,148.83,0,1,35,16,9,0,-,-,-,-,-,-,-,-,-,-,"March 14, 2021","July 04, 2026","July 18, 2021","June 20, 2026"
720471,Ishan Pranav Kumar Pandey Kishan,"July 18, 1998, Patna, Bihar",27y 354d,India,Wicketkeeper Batter,2021 - 2026,2023,IPL 2023,MI,16,15,0,454,75,30.26,318,142.76,0,3,54,18,10,3,-,-,-,-,-,-,-,-,-,-,"March 14, 2021","July 04, 2026","July 18, 2021","June 20, 2026"
720471,Ishan Pranav Kumar Pandey Kishan,"July 18, 1998, Patna, Bihar",27y 354d,India,Wicketkeeper Batter,2021 - 2026,2022,IPL 2022,MI,14,14,1,418,81*,32.15,348,120.11,0,3,45,11,13,0,-,-,-,-,-,-,-,-,-,-,"March 14, 2021","July 04, 2026","July 18, 2021","June 20, 2026"
720471,Ishan Pranav Kumar Pandey Kishan,"July 18, 1998, Patna, Bihar",27y 354d,India,Wicketkeeper Batter,2021 - 2026,2021,IPL 2021,MI,10,10,1,241,84,26.77,180,133.88,0,2,21,10,3,0,-,-,-,-,-,-,-,-,-,-,"March 14, 2021","July 04, 2026","July 18, 2021","June 20, 2026"
720471,Ishan Pranav Kumar Pandey Kishan,"July 18, 1998, Patna, Bihar",27y 354d,India,Wicketkeeper Batter,2021 - 2026,2020/21,IPL 2020/21,MI,14,13,4,516,99,57.33,354,145.76,0,4,36,30,1,0,-,-,-,-,-,-,-,-,-,-,"March 14, 2021","July 04, 2026","July 18, 2021","June 20, 2026"
720471,Ishan Pranav Kumar Pandey Kishan,"July 18, 1998, Patna, Bihar",27y 354d,India,Wicketkeeper Batter,2021 - 2026,2019,IPL 2019,MI,7,6,0,101,28,16.83,100,101.00,0,0,8,4,2,0,-,-,-,-,-,-,-,-,-,-,"March 14, 2021","July 04, 2026","July 18, 2021","June 20, 2026"
720471,Ishan Pranav Kumar Pandey Kishan,"July 18, 1998, Patna, Bihar",27y 354d,India,Wicketkeeper Batter,2021 - 2026,2018,IPL 2018,MI,14,12,0,275,62,22.91,184,149.45,0,2,22,17,9,2,-,-,-,-,-,-,-,-,-,-,"March 14, 2021","July 04, 2026","July 18, 2021","June 20, 2026"
720471,Ishan Pranav Kumar Pandey Kishan,"July 18, 1998, Patna, Bihar",27y 354d,India,Wicketkeeper Batter,2021 - 2026,2017,IPL 2017,GL,11,10,0,277,61,27.70,206,134.46,0,1,29,13,3,0,-,-,-,-,-,-,-,-,-,-,"March 14, 2021","July 04, 2026","July 18, 2021","June 20, 2026"
720471,Ishan Pranav Kumar Pandey Kishan,"July 18, 1998, Patna, Bihar",27y 354d,India,Wicketkeeper Batter,2021 - 2026,2016,IPL 2016,GL,5,5,0,42,27,8.40,41,102.43,0,0,5,0,1,0,-,-,-,-,-,-,-,-,-,-,"March 14, 2021","July 04, 2026","July 18, 2021","June 20, 2026"
236779,Ishant Sharma,"September 02, 1988, Delhi",37y 308d,India,Bowler,2007 - 2021,2025,IPL 2025,GT,7,-,-,-,-,-,-,-,-,-,-,-,2,0,4,11.18,110,1/18,1/18,51.25,27.5,0,0,0,"February 01, 2008","October 10, 2013","June 29, 2007","January 23, 2016"
236779,Ishant Sharma,"September 02, 1988, Delhi",37y 308d,India,Bowler,2007 - 2021,2024,IPL 2024,DC,9,2,2,1,1*,-,7,14.28,0,0,0,0,2,0,10,9.81,162,3/34,3/34,26.50,16.2,0,0,0,"February 01, 2008","October 10, 2013","June 29, 2007","January 23, 2016"
236779,Ishant Sharma,"September 02, 1988, Delhi",37y 308d,India,Bowler,2007 - 2021,2023,IPL 2023,DC,8,1,1,1,1*,-,1,100.00,0,0,0,0,0,0,10,8.24,150,2/19,2/19,20.60,15.0,0,0,0,"February 01, 2008","October 10, 2013","June 29, 2007","January 23, 2016"
236779,Ishant Sharma,"September 02, 1988, Delhi",37y 308d,India,Bowler,2007 - 2021,2021,IPL 2021,DC,3,-,-,-,-,-,-,-,-,-,-,-,0,0,1,8.08,72,1/26,1/26,97.00,72.0,0,0,0,"February 01, 2008","October 10, 2013","June 29, 2007","January 23, 2016"
236779,Ishant Sharma,"September 02, 1988, Delhi",37y 308d,India,Bowler,2007 - 2021,2020/21,IPL 2020/21,DC,1,-,-,-,-,-,-,-,-,-,-,-,0,0,0,8.66,18,-,-,-,-,0,0,0,"February 01, 2008","October 10, 2013","June 29, 2007","January 23, 2016"
236779,Ishant Sharma,"September 02, 1988, Delhi",37y 308d,India,Bowler,2007 - 2021,2019,IPL 2019,DC,13,3,3,10,10*,-,3,333.33,0,0,1,1,1,0,13,7.58,276,3/38,3/38,26.84,21.2,0,0,0,"February 01, 2008","October 10, 2013","June 29, 2007","January 23, 2016"
236779,Ishant Sharma,"September 02, 1988, Delhi",37y 308d,India,Bowler,2007 - 2021,2017,IPL 2017,PBKS,6,3,1,8,5*,4.00,12,66.66,0,0,1,0,0,0,0,9.94,108,-,-,-,-,0,0,0,"February 01, 2008","October 10, 2013","June 29, 2007","January 23, 2016"
236779,Ishant Sharma,"September 02, 1988, Delhi",37y 308d,India,Bowler,2007 - 2021,2016,IPL 2016,RPS,4,1,1,0,0*,-,0,-,0,0,0,0,2,0,3,9.86,90,2/36,2/36,49.33,30.0,0,0,0,"February 01, 2008","October 10, 2013","June 29, 2007","January 23, 2016"
236779,Ishant Sharma,"September 02, 1988, Delhi",37y 308d,India,Bowler,2007 - 2021,2015,IPL 2015,SRH,4,-,-,-,-,-,-,-,-,-,-,-,0,0,1,11.35,84,1/25,1/25,159.00,84.0,0,0,0,"February 01, 2008","October 10, 2013","June 29, 2007","January 23, 2016"
236779,Ishant Sharma,"September 02, 1988, Delhi",37y 308d,India,Bowler,2007 - 2021,2014,IPL 2014,SRH,3,-,-,-,-,-,-,-,-,-,-,-,0,0,3,9.18,66,2/37,2/37,33.66,22.0,0,0,0,"February 01, 2008","October 10, 2013","June 29, 2007","January 23, 2016"
236779,Ishant Sharma,"September 02, 1988, Delhi",37y 308d,India,Bowler,2007 - 2021,2013,IPL 2013,SRH,16,2,2,0,0*,-,0,-,0,0,0,0,6,0,15,7.81,358,3/27,3/27,31.06,23.8,0,0,0,"February 01, 2008","October 10, 2013","June 29, 2007","January 23, 2016"
236779,Ishant Sharma,"September 02, 1988, Delhi",37y 308d,India,Bowler,2007 - 2021,2011,IPL 2011,DCH,12,5,5,4,1*,-,5,80.00,0,0,0,0,3,0,11,7.13,264,5/12,5/12,28.54,24.0,0,1,0,"February 01, 2008","October 10, 2013","June 29, 2007","January 23, 2016"
236779,Ishant Sharma,"September 02, 1988, Delhi",37y 308d,India,Bowler,2007 - 2021,2009/10,IPL 2009/10,KKR,7,2,1,6,6*,6.00,17,35.29,0,0,0,0,1,0,7,9.44,150,2/33,2/33,33.71,21.4,0,0,0,"February 01, 2008","October 10, 2013","June 29, 2007","January 23, 2016"
236779,Ishant Sharma,"September 02, 1988, Delhi",37y 308d,India,Bowler,2007 - 2021,2009,IPL 2009,KKR,11,3,1,16,9,8.00,13,123.07,0,0,1,1,1,0,11,6.90,258,2/15,2/15,27.00,23.4,0,0,0,"February 01, 2008","October 10, 2013","June 29, 2007","January 23, 2016"
236779,Ishant Sharma,"September 02, 1988, Delhi",37y 308d,India,Bowler,2007 - 2021,2007/08,IPL 2007/08,KKR,13,6,5,11,4*,11.00,11,100.00,0,0,1,0,2,0,7,7.80,253,1/7,1/7,47.00,36.1,0,0,0,"February 01, 2008","October 10, 2013","June 29, 2007","January 23, 2016"
527663,Jagadeesha Suchith,"January 16, 1994, Mysore",32y 172d,India,Bowler,-,2022,IPL 2022,SRH,5,2,0,2,2,1.00,8,25.00,0,0,0,0,1,0,7,7.77,108,2/12,2/12,20.00,15.4,0,0,0,,,,
527663,Jagadeesha Suchith,"January 16, 1994, Mysore",32y 172d,India,Bowler,-,2021,IPL 2021,SRH,2,1,1,14,14*,-,6,233.33,0,0,2,1,1,0,0,9.42,42,-,-,-,-,0,0,0,,,,
527663,Jagadeesha Suchith,"January 16, 1994, Mysore",32y 172d,India,Bowler,-,2019,IPL 2019,DC,1,1,0,6,6,6.00,15,40.00,0,0,0,0,0,0,2,7.00,24,2/28,2/28,14.00,12.0,0,0,0,,,,
527663,Jagadeesha Suchith,"January 16, 1994, Mysore",32y 172d,India,Bowler,-,2016,IPL 2016,MI,1,-,-,-,-,-,-,-,-,-,-,-,0,0,0,15.50,12,-,-,-,-,0,0,0,,,,
527663,Jagadeesha Suchith,"January 16, 1994, Mysore",32y 172d,India,Bowler,-,2015,IPL 2015,MI,13,6,5,48,34*,48.00,32,150.00,0,0,4,2,8,0,10,8.64,234,2/14,2/14,33.70,23.4,0,0,0,,,,
391485,Jason Omar Holder,"November 05, 1991, Barbados",34y 244d,West Indies,Bowling Allrounder,2013 - 2026,2026,IPL 2026,GT,11,7,2,65,23*,13.00,52,125.00,0,0,3,3,8,0,17,7.56,230,4/24,4/24,17.05,13.5,1,0,0,"January 15, 2014","June 14, 2026","February 01, 2013","July 01, 2023"
391485,Jason Omar Holder,"November 05, 1991, Barbados",34y 244d,West Indies,Bowling Allrounder,2013 - 2026,2023,IPL 2023,RR,8,3,1,12,11,6.00,11,109.09,0,0,0,1,3,0,4,9.96,171,2/29,2/29,71.00,42.7,0,0,0,"January 15, 2014","June 14, 2026","February 01, 2013","July 01, 2023"
391485,Jason Omar Holder,"November 05, 1991, Barbados",34y 244d,West Indies,Bowling Allrounder,2013 - 2026,2022,IPL 2022,LSG,12,8,2,58,16,9.66,44,131.81,0,0,2,6,4,0,14,9.42,249,3/31,3/31,27.92,17.7,0,0,0,"January 15, 2014","June 14, 2026","February 01, 2013","July 01, 2023"
391485,Jason Omar Holder,"November 05, 1991, Barbados",34y 244d,West Indies,Bowling Allrounder,2013 - 2026,2021,IPL 2021,SRH,8,7,1,85,47*,14.16,72,118.05,0,0,2,6,2,0,16,7.75,191,4/52,4/52,15.43,11.9,1,0,0,"January 15, 2014","June 14, 2026","February 01, 2013","July 01, 2023"
391485,Jason Omar Holder,"November 05, 1991, Barbados",34y 244d,West Indies,Bowling Allrounder,2013 - 2026,2020/21,IPL 2020/21,SRH,7,4,2,66,26*,33.00,53,124.52,0,0,5,3,0,0,14,8.32,168,3/25,3/25,16.64,12.0,0,0,0,"January 15, 2014","June 14, 2026","February 01, 2013","July 01, 2023"
391485,Jason Omar Holder,"November 05, 1991, Barbados",34y 244d,West Indies,Bowling Allrounder,2013 - 2026,2016,IPL 2016,KKR,4,4,0,22,13,5.50,19,115.78,0,0,2,1,0,0,2,7.92,78,2/33,2/33,51.50,39.0,0,0,0,"January 15, 2014","June 14, 2026","February 01, 2013","July 01, 2023"
391485,Jason Omar Holder,"November 05, 1991, Barbados",34y 244d,West Indies,Bowling Allrounder,2013 - 2026,2014,IPL 2014,SRH,1,1,0,16,16,16.00,12,133.33,0,0,2,1,2,0,1,11.66,18,1/35,1/35,35.00,18.0,0,0,0,"January 15, 2014","June 14, 2026","February 01, 2013","July 01, 2023"
391485,Jason Omar Holder,"November 05, 1991, Barbados",34y 244d,West Indies,Bowling Allrounder,2013 - 2026,2013,IPL 2013,CSK,6,-,-,-,-,-,-,-,-,-,-,-,3,0,2,8.40,120,2/20,2/20,84.00,60.0,0,0,0,"January 15, 2014","June 14, 2026","February 01, 2013","July 01, 2023"
298438,Jason Jonathan Roy,"July 21, 1990, Durban, South Africa",35y 351d,England,Opening Batter,2014 - 2023,2023,IPL 2023,KKR,8,8,0,285,61,35.62,188,151.59,0,2,36,12,2,0,-,-,-,-,-,-,-,-,-,-,"September 07, 2014","July 31, 2022","May 08, 2015","March 06, 2023"
298438,Jason Jonathan Roy,"July 21, 1990, Durban, South Africa",35y 351d,England,Opening Batter,2014 - 2023,2021,IPL 2021,SRH,5,5,0,150,60,30.00,121,123.96,0,1,21,1,3,0,-,-,-,-,-,-,-,-,-,-,"September 07, 2014","July 31, 2022","May 08, 2015","March 06, 2023"
298438,Jason Jonathan Roy,"July 21, 1990, Durban, South Africa",35y 351d,England,Opening Batter,2014 - 2023,2018,IPL 2018,DC,5,5,1,120,91*,30.00,94,127.65,0,1,9,7,4,0,-,-,-,-,-,-,-,-,-,-,"September 07, 2014","July 31, 2022","May 08, 2015","March 06, 2023"
298438,Jason Jonathan Roy,"July 21, 1990, Durban, South Africa",35y 351d,England,Opening Batter,2014 - 2023,2017,IPL 2017,GL,3,3,1,59,31,29.50,40,147.50,0,0,9,1,1,0,-,-,-,-,-,-,-,-,-,-,"September 07, 2014","July 31, 2022","May 08, 2015","March 06, 2023"
390484,Jaydev Dipakbhai Unadkat,"October 18, 1991, Porbandar",34y 262d,India,Bowler,2010 - 2023,2026,IPL 2026,SRH,4,1,1,4,4*,-,3,133.33,0,0,0,0,3,0,4,10.90,77,3/21,3/21,35.00,19.2,0,0,0,"June 18, 2016","March 18, 2018","July 24, 2013","August 01, 2023"
390484,Jaydev Dipakbhai Unadkat,"October 18, 1991, Porbandar",34y 262d,India,Bowler,2010 - 2023,2025,IPL 2025,SRH,7,-,-,-,-,-,-,-,-,-,-,-,2,0,11,7.34,143,3/24,3/24,15.90,13.0,0,0,0,"June 18, 2016","March 18, 2018","July 24, 2013","August 01, 2023"
390484,Jaydev Dipakbhai Unadkat,"October 18, 1991, Porbandar",34y 262d,India,Bowler,2010 - 2023,2024,IPL 2024,SRH,11,5,2,24,8*,8.00,26,92.30,0,0,2,1,0,0,8,10.23,187,3/30,3/30,39.87,23.3,0,0,0,"June 18, 2016","March 18, 2018","July 24, 2013","August 01, 2023"
390484,Jaydev Dipakbhai Unadkat,"October 18, 1991, Porbandar",34y 262d,India,Bowler,2010 - 2023,2023,IPL 2023,LSG,3,1,0,9,9,9.00,7,128.57,0,0,1,0,0,0,0,11.50,48,-,-,-,-,0,0,0,"June 18, 2016","March 18, 2018","July 24, 2013","August 01, 2023"
390484,Jaydev Dipakbhai Unadkat,"October 18, 1991, Porbandar",34y 262d,India,Bowler,2010 - 2023,2022,IPL 2022,MI,5,5,2,59,19*,19.66,37,159.45,0,0,4,3,1,0,6,9.50,120,2/32,2/32,31.66,20.0,0,0,0,"June 18, 2016","March 18, 2018","July 24, 2013","August 01, 2023"
390484,Jaydev Dipakbhai Unadkat,"October 18, 1991, Porbandar",34y 262d,India,Bowler,2010 - 2023,2021,IPL 2021,RR,6,3,1,41,24,20.50,29,141.37,0,0,3,2,1,0,4,7.63,132,3/15,3/15,42.00,33.0,0,0,0,"June 18, 2016","March 18, 2018","July 24, 2013","August 01, 2023"
390484,Jaydev Dipakbhai Unadkat,"October 18, 1991, Porbandar",34y 262d,India,Bowler,2010 - 2023,2020/21,IPL 2020/21,RR,7,1,0,9,9,9.00,13,69.23,0,0,0,0,1,0,4,9.91,138,2/32,2/32,57.00,34.5,0,0,0,"June 18, 2016","March 18, 2018","July 24, 2013","August 01, 2023"
390484,Jaydev Dipakbhai Unadkat,"October 18, 1991, Porbandar",34y 262d,India,Bowler,2010 - 2023,2019,IPL 2019,RR,11,4,3,1,1,1.00,3,33.33,0,0,0,0,3,0,10,10.66,224,2/26,2/26,39.80,22.4,0,0,0,"June 18, 2016","March 18, 2018","July 24, 2013","August 01, 2023"
390484,Jaydev Dipakbhai Unadkat,"October 18, 1991, Porbandar",34y 262d,India,Bowler,2010 - 2023,2018,IPL 2018,RR,15,7,3,49,26,12.25,38,128.94,0,0,6,1,6,0,11,9.65,302,3/46,3/46,44.18,27.4,0,0,0,"June 18, 2016","March 18, 2018","July 24, 2013","August 01, 2023"
390484,Jaydev Dipakbhai Unadkat,"October 18, 1991, Porbandar",34y 262d,India,Bowler,2010 - 2023,2017,IPL 2017,RPS,12,2,2,2,2*,-,5,40.00,0,0,0,0,9,0,24,7.02,275,5/30,5/30,13.41,11.4,0,1,0,"June 18, 2016","March 18, 2018","July 24, 2013","August 01, 2023"
390484,Jaydev Dipakbhai Unadkat,"October 18, 1991, Porbandar",34y 262d,India,Bowler,2010 - 2023,2016,IPL 2016,KKR,1,-,-,-,-,-,-,-,-,-,-,-,0,0,0,16.33,18,-,-,-,-,0,0,0,"June 18, 2016","March 18, 2018","July 24, 2013","August 01, 2023"
390484,Jaydev Dipakbhai Unadkat,"October 18, 1991, Porbandar",34y 262d,India,Bowler,2010 - 2023,2015,IPL 2015,DC,1,-,-,-,-,-,-,-,-,-,-,-,0,0,0,10.00,18,-,-,-,-,0,0,0,"June 18, 2016","March 18, 2018","July 24, 2013","August 01, 2023"
390484,Jaydev Dipakbhai Unadkat,"October 18, 1991, Porbandar",34y 262d,India,Bowler,2010 - 2023,2014,IPL 2014,DC,9,2,1,1,1*,1.00,6,16.66,0,0,0,0,0,0,9,8.66,187,3/32,3/32,30.00,20.7,0,0,0,"June 18, 2016","March 18, 2018","July 24, 2013","August 01, 2023"
390484,Jaydev Dipakbhai Unadkat,"October 18, 1991, Porbandar",34y 262d,India,Bowler,2010 - 2023,2013,IPL 2013,RCB,13,2,2,2,1*,-,2,100.00,0,0,0,0,1,0,13,7.55,294,5/25,5/25,28.46,22.6,0,1,0,"June 18, 2016","March 18, 2018","July 24, 2013","August 01, 2023"
390484,Jaydev Dipakbhai Unadkat,"October 18, 1991, Porbandar",34y 262d,India,Bowler,2010 - 2023,2012,IPL 2012,KKR,1,-,-,-,-,-,-,-,-,-,-,-,0,0,0,10.66,18,-,-,-,-,0,0,0,"June 18, 2016","March 18, 2018","July 24, 2013","August 01, 2023"
390484,Jaydev Dipakbhai Unadkat,"October 18, 1991, Porbandar",34y 262d,India,Bowler,2010 - 2023,2011,IPL 2011,KKR,7,-,-,-,-,-,-,-,-,-,-,-,2,0,6,8.33,108,2/25,2/25,25.00,18.0,0,0,0,"June 18, 2016","March 18, 2018","July 24, 2013","August 01, 2023"
390484,Jaydev Dipakbhai Unadkat,"October 18, 1991, Porbandar",34y 262d,India,Bowler,2010 - 2023,2009/10,IPL 2009/10,KKR,3,-,-,-,-,-,-,-,-,-,-,-,1,0,4,8.22,62,3/26,3/26,21.25,15.5,0,0,0,"June 18, 2016","March 18, 2018","July 24, 2013","August 01, 2023"
297433,Jonathan Marc Bairstow,"September 26, 1989, Bradford, Yorkshire",36y 284d,England,Wicketkeeper Batter,2011 - 2024,2025,IPL 2025,MI,2,2,0,85,47,42.50,46,184.78,0,0,7,5,1,0,-,-,-,-,-,-,-,-,-,-,"September 23, 2011","June 27, 2024","September 16, 2011","November 11, 2023"
297433,Jonathan Marc Bairstow,"September 26, 1989, Bradford, Yorkshire",36y 284d,England,Wicketkeeper Batter,2011 - 2024,2024,IPL 2024,PBKS,11,11,1,298,108*,29.80,195,152.82,1,0,33,14,8,0,-,-,-,-,-,-,-,-,-,-,"September 23, 2011","June 27, 2024","September 16, 2011","November 11, 2023"
297433,Jonathan Marc Bairstow,"September 26, 1989, Bradford, Yorkshire",36y 284d,England,Wicketkeeper Batter,2011 - 2024,2022,IPL 2022,PBKS,11,11,0,253,66,23.00,175,144.57,0,2,34,9,2,0,-,-,-,-,-,-,-,-,-,-,"September 23, 2011","June 27, 2024","September 16, 2011","November 11, 2023"
297433,Jonathan Marc Bairstow,"September 26, 1989, Bradford, Yorkshire",36y 284d,England,Wicketkeeper Batter,2011 - 2024,2021,IPL 2021,SRH,7,7,1,248,63*,41.33,175,141.71,0,2,20,15,2,1,-,-,-,-,-,-,-,-,-,-,"September 23, 2011","June 27, 2024","September 16, 2011","November 11, 2023"
297433,Jonathan Marc Bairstow,"September 26, 1989, Bradford, Yorkshire",36y 284d,England,Wicketkeeper Batter,2011 - 2024,2020/21,IPL 2020/21,SRH,11,11,0,345,97,31.36,272,126.83,0,3,31,13,7,1,-,-,-,-,-,-,-,-,-,-,"September 23, 2011","June 27, 2024","September 16, 2011","November 11, 2023"
297433,Jonathan Marc Bairstow,"September 26, 1989, Bradford, Yorkshire",36y 284d,England,Wicketkeeper Batter,2011 - 2024,2019,IPL 2019,SRH,10,10,2,445,114,55.62,283,157.24,1,2,48,18,9,2,-,-,-,-,-,-,-,-,-,-,"September 23, 2011","June 27, 2024","September 16, 2011","November 11, 2023"
784373,Pasqual Handi Kamindu Dilanka Mendis,"September 30, 1998, Galle",27y 280d,Sri Lanka,Allrounder,2018 - 2026,2025,IPL 2025,SRH,5,5,2,92,32*,30.66,69,133.33,0,0,7,2,1,0,2,8.57,42,1/4,1/4,30.00,21.0,0,0,0,"October 27, 2018","June 14, 2026","March 10, 2019","June 06, 2026"
277906,Kane Stuart Williamson,"August 08, 1990, Tauranga",35y 333d,New Zealand,Top order Batter,2010 - 2026,2024,IPL 2024,GT,2,2,0,27,26,13.50,27,100.00,0,0,4,0,1,0,-,-,-,-,-,-,-,-,-,-,"October 15, 2011","June 17, 2024","August 10, 2010","October 29, 2025"
277906,Kane Stuart Williamson,"August 08, 1990, Tauranga",35y 333d,New Zealand,Top order Batter,2010 - 2026,2023,IPL 2023,GT,1,-,-,-,-,-,-,-,-,-,-,-,0,0,-,-,-,-,-,-,-,-,-,-,"October 15, 2011","June 17, 2024","August 10, 2010","October 29, 2025"
277906,Kane Stuart Williamson,"August 08, 1990, Tauranga",35y 333d,New Zealand,Top order Batter,2010 - 2026,2022,IPL 2022,SRH,13,13,2,216,57,19.63,231,93.50,0,1,16,8,10,0,-,-,-,-,-,-,-,-,-,-,"October 15, 2011","June 17, 2024","August 10, 2010","October 29, 2025"
277906,Kane Stuart Williamson,"August 08, 1990, Tauranga",35y 333d,New Zealand,Top order Batter,2010 - 2026,2021,IPL 2021,SRH,10,10,4,266,66*,44.33,235,113.19,0,2,29,2,7,0,-,-,-,-,-,-,-,-,-,-,"October 15, 2011","June 17, 2024","August 10, 2010","October 29, 2025"
277906,Kane Stuart Williamson,"August 08, 1990, Tauranga",35y 333d,New Zealand,Top order Batter,2010 - 2026,2020/21,IPL 2020/21,SRH,12,11,4,317,67,45.28,237,133.75,0,3,26,10,6,0,0,12.00,12,-,-,-,-,0,0,0,"October 15, 2011","June 17, 2024","August 10, 2010","October 29, 2025"
277906,Kane Stuart Williamson,"August 08, 1990, Tauranga",35y 333d,New Zealand,Top order Batter,2010 - 2026,2019,IPL 2019,SRH,9,9,2,156,70*,22.28,130,120.00,0,1,12,5,2,0,-,-,-,-,-,-,-,-,-,-,"October 15, 2011","June 17, 2024","August 10, 2010","October 29, 2025"
277906,Kane Stuart Williamson,"August 08, 1990, Tauranga",35y 333d,New Zealand,Top order Batter,2010 - 2026,2018,IPL 2018,SRH,17,17,3,735,84,52.50,516,142.44,0,8,63,28,6,0,-,-,-,-,-,-,-,-,-,-,"October 15, 2011","June 17, 2024","August 10, 2010","October 29, 2025"
277906,Kane Stuart Williamson,"August 08, 1990, Tauranga",35y 333d,New Zealand,Top order Batter,2010 - 2026,2017,IPL 2017,SRH,7,7,1,256,89,42.66,169,151.47,0,2,20,10,1,0,-,-,-,-,-,-,-,-,-,-,"October 15, 2011","June 17, 2024","August 10, 2010","October 29, 2025"
277906,Kane Stuart Williamson,"August 08, 1990, Tauranga",35y 333d,New Zealand,Top order Batter,2010 - 2026,2016,IPL 2016,SRH,6,6,0,124,50,20.66,122,101.63,0,1,14,0,5,0,0,7.00,6,-,-,-,-,0,0,0,"October 15, 2011","June 17, 2024","August 10, 2010","October 29, 2025"
277906,Kane Stuart Williamson,"August 08, 1990, Tauranga",35y 333d,New Zealand,Top order Batter,2010 - 2026,2015,IPL 2015,SRH,2,2,1,31,26*,31.00,27,114.81,0,0,1,1,2,0,-,-,-,-,-,-,-,-,-,-,"October 15, 2011","June 17, 2024","August 10, 2010","October 29, 2025"
30288,Karn Vinod Sharma,"October 23, 1987, Meerut, Uttar Pradesh",38y 257d,India,Bowler,2014 - 2014,2025,IPL 2025,MI,6,1,1,1,1*,-,1,100.00,0,0,0,0,3,0,7,8.53,90,3/23,3/23,18.28,12.8,0,0,0,"Australia vs India  at Adelaide - December 09 - 13, 2014","November 13, 2014","November 13, 2014","November 16, 2014"
30288,Karn Vinod Sharma,"October 23, 1987, Meerut, Uttar Pradesh",38y 257d,India,Bowler,2014 - 2014,2024,IPL 2024,RCB,9,3,0,31,20,10.33,15,206.66,0,0,2,3,6,0,7,10.58,144,2/29,2/29,36.28,20.5,0,0,0,"Australia vs India  at Adelaide - December 09 - 13, 2014","November 13, 2014","November 13, 2014","November 16, 2014"
30288,Karn Vinod Sharma,"October 23, 1987, Meerut, Uttar Pradesh",38y 257d,India,Bowler,2014 - 2014,2023,IPL 2023,RCB,7,2,0,3,2,1.50,5,60.00,0,0,0,0,0,0,10,10.37,129,2/19,2/19,22.30,12.9,0,0,0,"Australia vs India  at Adelaide - December 09 - 13, 2014","November 13, 2014","November 13, 2014","November 16, 2014"
30288,Karn Vinod Sharma,"October 23, 1987, Meerut, Uttar Pradesh",38y 257d,India,Bowler,2014 - 2014,2020/21,IPL 2020/21,CSK,5,-,-,-,-,-,-,-,-,-,-,-,0,0,5,8.68,114,2/25,2/25,33.00,22.8,0,0,0,"Australia vs India  at Adelaide - December 09 - 13, 2014","November 13, 2014","November 13, 2014","November 16, 2014"
30288,Karn Vinod Sharma,"October 23, 1987, Meerut, Uttar Pradesh",38y 257d,India,Bowler,2014 - 2014,2019,IPL 2019,CSK,1,-,-,-,-,-,-,-,-,-,-,-,0,0,1,11.64,17,1/33,1/33,33.00,17.0,0,0,0,"Australia vs India  at Adelaide - December 09 - 13, 2014","November 13, 2014","November 13, 2014","November 16, 2014"
30288,Karn Vinod Sharma,"October 23, 1987, Meerut, Uttar Pradesh",38y 257d,India,Bowler,2014 - 2014,2018,IPL 2018,CSK,6,1,1,0,0*,-,0,-,0,0,0,0,3,0,4,9.36,57,2/13,2/13,22.25,14.2,0,0,0,"Australia vs India  at Adelaide - December 09 - 13, 2014","November 13, 2014","November 13, 2014","November 16, 2014"
30288,Karn Vinod Sharma,"October 23, 1987, Meerut, Uttar Pradesh",38y 257d,India,Bowler,2014 - 2014,2017,IPL 2017,MI,9,6,0,49,19,8.16,41,119.51,0,0,5,2,3,0,13,6.97,184,4/16,4/16,16.46,14.1,1,0,0,"Australia vs India  at Adelaide - December 09 - 13, 2014","November 13, 2014","November 13, 2014","November 16, 2014"
30288,Karn Vinod Sharma,"October 23, 1987, Meerut, Uttar Pradesh",38y 257d,India,Bowler,2014 - 2014,2016,IPL 2016,SRH,5,3,3,36,26*,-,30,120.00,0,0,3,1,0,0,0,10.46,98,-,-,-,-,0,0,0,"Australia vs India  at Adelaide - December 09 - 13, 2014","November 13, 2014","November 13, 2014","November 16, 2014"
30288,Karn Vinod Sharma,"October 23, 1987, Meerut, Uttar Pradesh",38y 257d,India,Bowler,2014 - 2014,2015,IPL 2015,SRH,14,9,3,104,32,17.33,85,122.35,0,0,3,6,4,0,10,8.33,239,2/12,2/12,33.20,23.9,0,0,0,"Australia vs India  at Adelaide - December 09 - 13, 2014","November 13, 2014","November 13, 2014","November 16, 2014"
30288,Karn Vinod Sharma,"October 23, 1987, Meerut, Uttar Pradesh",38y 257d,India,Bowler,2014 - 2014,2014,IPL 2014,SRH,14,8,4,42,17*,10.50,29,144.82,0,0,1,3,0,0,15,7.42,304,4/38,4/38,25.06,20.2,1,0,0,"Australia vs India  at Adelaide - December 09 - 13, 2014","November 13, 2014","November 13, 2014","November 16, 2014"
30288,Karn Vinod Sharma,"October 23, 1987, Meerut, Uttar Pradesh",38y 257d,India,Bowler,2014 - 2014,2013,IPL 2013,SRH,13,7,3,85,39*,21.25,86,98.83,0,0,6,2,4,0,11,6.60,209,2/19,2/19,20.90,19.0,0,0,0,"Australia vs India  at Adelaide - December 09 - 13, 2014","November 13, 2014","November 13, 2014","November 16, 2014"
30288,Karn Vinod Sharma,"October 23, 1987, Meerut, Uttar Pradesh",38y 257d,India,Bowler,2014 - 2014,2009,IPL 2009,RCB,1,1,0,1,1,1.00,3,33.33,0,0,0,0,0,0,-,-,-,-,-,-,-,-,-,-,"Australia vs India  at Adelaide - December 09 - 13, 2014","November 13, 2014","November 13, 2014","November 16, 2014"
1122918,Kartik Tyagi,"November 08, 2000, Hapur, Uttar Pradesh",25y 241d,India,Bowler,-,2026,IPL 2026,KKR,14,3,0,11,6,3.66,10,110.00,0,0,1,1,4,0,18,9.76,306,3/22,3/22,27.66,17.0,0,0,0,,,,
1122918,Kartik Tyagi,"November 08, 2000, Hapur, Uttar Pradesh",25y 241d,India,Bowler,-,2024,IPL 2024,GT,1,-,-,-,-,-,-,-,-,-,-,-,0,0,0,12.75,24,-,-,-,-,0,0,0,,,,
1122918,Kartik Tyagi,"November 08, 2000, Hapur, Uttar Pradesh",25y 241d,India,Bowler,-,2023,IPL 2023,SRH,3,-,-,-,-,-,-,-,-,-,-,-,0,0,1,14.91,37,1/30,1/30,92.00,37.0,0,0,0,,,,
1122918,Kartik Tyagi,"November 08, 2000, Hapur, Uttar Pradesh",25y 241d,India,Bowler,-,2022,IPL 2022,SRH,2,2,0,7,7,3.50,6,116.66,0,0,1,0,0,0,1,9.87,48,1/42,1/42,79.00,48.0,0,0,0,,,,
1122918,Kartik Tyagi,"November 08, 2000, Hapur, Uttar Pradesh",25y 241d,India,Bowler,-,2021,IPL 2021,RR,4,2,1,2,1*,2.00,4,50.00,0,0,0,0,1,0,4,8.85,84,2/29,2/29,31.00,21.0,0,0,0,,,,
1122918,Kartik Tyagi,"November 08, 2000, Hapur, Uttar Pradesh",25y 241d,India,Bowler,-,2020/21,IPL 2020/21,RR,10,3,2,4,2*,4.00,6,66.66,0,0,0,0,2,0,9,9.61,229,2/36,2/36,40.77,25.4,0,0,0,,,,
290716,Kedar Mahadav Jadhav,"March 26, 1985, Pune, Maharashtra",41y 103d,India,Batting Allrounder,2014 - 2020,2023,IPL 2023,RCB,2,1,1,12,12*,-,10,120.00,0,0,1,0,1,0,-,-,-,-,-,-,-,-,-,-,"July 17, 2015","October 10, 2017","November 16, 2014","February 08, 2020"
290716,Kedar Mahadav Jadhav,"March 26, 1985, Pune, Maharashtra",41y 103d,India,Batting Allrounder,2014 - 2020,2021,IPL 2021,SRH,6,5,1,55,19,13.75,52,105.76,0,0,2,2,2,0,-,-,-,-,-,-,-,-,-,-,"July 17, 2015","October 10, 2017","November 16, 2014","February 08, 2020"
290716,Kedar Mahadav Jadhav,"March 26, 1985, Pune, Maharashtra",41y 103d,India,Batting Allrounder,2014 - 2020,2020/21,IPL 2020/21,CSK,8,5,2,62,26,20.66,66,93.93,0,0,7,0,1,0,-,-,-,-,-,-,-,-,-,-,"July 17, 2015","October 10, 2017","November 16, 2014","February 08, 2020"
290716,Kedar Mahadav Jadhav,"March 26, 1985, Pune, Maharashtra",41y 103d,India,Batting Allrounder,2014 - 2020,2019,IPL 2019,CSK,14,12,3,162,58,18.00,169,95.85,0,1,19,3,4,0,-,-,-,-,-,-,-,-,-,-,"July 17, 2015","October 10, 2017","November 16, 2014","February 08, 2020"
290716,Kedar Mahadav Jadhav,"March 26, 1985, Pune, Maharashtra",41y 103d,India,Batting Allrounder,2014 - 2020,2018,IPL 2018,CSK,1,1,1,24,24*,-,22,109.09,0,0,1,2,0,0,-,-,-,-,-,-,-,-,-,-,"July 17, 2015","October 10, 2017","November 16, 2014","February 08, 2020"
290716,Kedar Mahadav Jadhav,"March 26, 1985, Pune, Maharashtra",41y 103d,India,Batting Allrounder,2014 - 2020,2017,IPL 2017,RCB,13,13,1,267,69,22.25,186,143.54,0,1,25,10,7,3,-,-,-,-,-,-,-,-,-,-,"July 17, 2015","October 10, 2017","November 16, 2014","February 08, 2020"
290716,Kedar Mahadav Jadhav,"March 26, 1985, Pune, Maharashtra",41y 103d,India,Batting Allrounder,2014 - 2020,2016,IPL 2016,RCB,4,3,3,42,25*,-,32,131.25,0,0,2,2,1,0,-,-,-,-,-,-,-,-,-,-,"July 17, 2015","October 10, 2017","November 16, 2014","February 08, 2020"
290716,Kedar Mahadav Jadhav,"March 26, 1985, Pune, Maharashtra",41y 103d,India,Batting Allrounder,2014 - 2020,2015,IPL 2015,DC,14,12,4,189,63*,23.62,140,135.00,0,1,16,7,6,2,-,-,-,-,-,-,-,-,-,-,"July 17, 2015","October 10, 2017","November 16, 2014","February 08, 2020"
290716,Kedar Mahadav Jadhav,"March 26, 1985, Pune, Maharashtra",41y 103d,India,Batting Allrounder,2014 - 2020,2014,IPL 2014,DC,10,10,5,149,37,29.80,101,147.52,0,0,13,7,3,0,-,-,-,-,-,-,-,-,-,-,"July 17, 2015","October 10, 2017","November 16, 2014","February 08, 2020"
290716,Kedar Mahadav Jadhav,"March 26, 1985, Pune, Maharashtra",41y 103d,India,Batting Allrounder,2014 - 2020,2013,IPL 2013,DC,12,10,3,152,31,21.71,124,122.58,0,0,8,5,4,2,-,-,-,-,-,-,-,-,-,-,"July 17, 2015","October 10, 2017","November 16, 2014","February 08, 2020"
290716,Kedar Mahadav Jadhav,"March 26, 1985, Pune, Maharashtra",41y 103d,India,Batting Allrounder,2014 - 2020,2011,IPL 2011,Kochi,6,4,1,18,12,6.00,23,78.26,0,0,1,0,2,0,-,-,-,-,-,-,-,-,-,-,"July 17, 2015","October 10, 2017","November 16, 2014","February 08, 2020"
290716,Kedar Mahadav Jadhav,"March 26, 1985, Pune, Maharashtra",41y 103d,India,Batting Allrounder,2014 - 2020,2009/10,IPL 2009/10,DC,5,5,2,76,50*,25.33,56,135.71,0,1,7,2,0,0,-,-,-,-,-,-,-,-,-,-,"July 17, 2015","October 10, 2017","November 16, 2014","February 08, 2020"
942645,Khaleel Khursheed Ahmed,"December 05, 1997, Tonk, Rajasthan",28y 214d,India,Bowler,2018 - 2024,2026,IPL 2026,CSK,5,-,-,-,-,-,-,-,-,-,-,-,0,0,2,8.67,101,1/24,1/24,73.00,50.5,0,0,0,"November 04, 2018","July 30, 2024","September 18, 2018","August 14, 2019"
942645,Khaleel Khursheed Ahmed,"December 05, 1997, Tonk, Rajasthan",28y 214d,India,Bowler,2018 - 2024,2025,IPL 2025,CSK,14,2,2,1,1*,-,2,50.00,0,0,0,0,1,0,15,9.57,280,3/29,3/29,29.80,18.6,0,0,0,"November 04, 2018","July 30, 2024","September 18, 2018","August 14, 2019"
942645,Khaleel Khursheed Ahmed,"December 05, 1997, Tonk, Rajasthan",28y 214d,India,Bowler,2018 - 2024,2024,IPL 2024,DC,14,-,-,-,-,-,-,-,-,-,-,-,1,0,17,9.58,300,2/21,2/21,28.17,17.6,0,0,0,"November 04, 2018","July 30, 2024","September 18, 2018","August 14, 2019"
942645,Khaleel Khursheed Ahmed,"December 05, 1997, Tonk, Rajasthan",28y 214d,India,Bowler,2018 - 2024,2023,IPL 2023,DC,9,-,-,-,-,-,-,-,-,-,-,-,2,0,9,9.12,198,2/24,2/24,33.44,22.0,0,0,0,"November 04, 2018","July 30, 2024","September 18, 2018","August 14, 2019"
942645,Khaleel Khursheed Ahmed,"December 05, 1997, Tonk, Rajasthan",28y 214d,India,Bowler,2018 - 2024,2022,IPL 2022,DC,10,2,0,0,0,0.00,2,0.00,0,0,0,0,0,0,16,8.04,235,3/25,3/25,19.68,14.6,0,0,0,"November 04, 2018","July 30, 2024","September 18, 2018","August 14, 2019"
942645,Khaleel Khursheed Ahmed,"December 05, 1997, Tonk, Rajasthan",28y 214d,India,Bowler,2018 - 2024,2021,IPL 2021,SRH,7,1,0,1,1,1.00,2,50.00,0,0,0,0,0,0,5,8.11,162,3/21,3/21,43.80,32.4,0,0,0,"November 04, 2018","July 30, 2024","September 18, 2018","August 14, 2019"
942645,Khaleel Khursheed Ahmed,"December 05, 1997, Tonk, Rajasthan",28y 214d,India,Bowler,2018 - 2024,2020/21,IPL 2020/21,SRH,7,1,0,0,0,0.00,2,0.00,0,0,0,0,1,0,8,9.42,154,2/24,2/24,30.25,19.2,0,0,0,"November 04, 2018","July 30, 2024","September 18, 2018","August 14, 2019"
942645,Khaleel Khursheed Ahmed,"December 05, 1997, Tonk, Rajasthan",28y 214d,India,Bowler,2018 - 2024,2019,IPL 2019,SRH,9,1,0,0,0,0.00,1,0.00,0,0,0,0,0,0,19,8.23,209,3/30,3/30,15.10,11.0,0,0,0,"November 04, 2018","July 30, 2024","September 18, 2018","August 14, 2019"
942645,Khaleel Khursheed Ahmed,"December 05, 1997, Tonk, Rajasthan",28y 214d,India,Bowler,2018 - 2024,2018,IPL 2018,SRH,1,-,-,-,-,-,-,-,-,-,-,-,0,0,0,12.66,18,-,-,-,-,0,0,0,"November 04, 2018","July 30, 2024","September 18, 2018","August 14, 2019"
422108,Kannaur Lokesh Rahul,"April 18, 1992, Bangalore, Karnataka",34y 80d,India,Wicketkeeper Batter,2014 - 2026,2026,IPL 2026,DC,14,14,1,593,152*,45.61,340,174.41,1,5,56,31,2,1,-,-,-,-,-,-,-,-,-,-,"June 18, 2016","November 10, 2022","June 11, 2016","June 17, 2026"
422108,Kannaur Lokesh Rahul,"April 18, 1992, Bangalore, Karnataka",34y 80d,India,Wicketkeeper Batter,2014 - 2026,2025,IPL 2025,DC,13,13,3,539,112*,53.90,360,149.72,1,3,52,21,3,0,-,-,-,-,-,-,-,-,-,-,"June 18, 2016","November 10, 2022","June 11, 2016","June 17, 2026"
422108,Kannaur Lokesh Rahul,"April 18, 1992, Bangalore, Karnataka",34y 80d,India,Wicketkeeper Batter,2014 - 2026,2024,IPL 2024,LSG,14,14,0,520,82,37.14,382,136.12,0,4,45,19,15,2,-,-,-,-,-,-,-,-,-,-,"June 18, 2016","November 10, 2022","June 11, 2016","June 17, 2026"
422108,Kannaur Lokesh Rahul,"April 18, 1992, Bangalore, Karnataka",34y 80d,India,Wicketkeeper Batter,2014 - 2026,2023,IPL 2023,LSG,9,9,1,274,74,34.25,242,113.22,0,2,28,4,4,0,-,-,-,-,-,-,-,-,-,-,"June 18, 2016","November 10, 2022","June 11, 2016","June 17, 2026"
422108,Kannaur Lokesh Rahul,"April 18, 1992, Bangalore, Karnataka",34y 80d,India,Wicketkeeper Batter,2014 - 2026,2022,IPL 2022,LSG,15,15,3,616,103*,51.33,455,135.38,2,4,45,30,9,0,-,-,-,-,-,-,-,-,-,-,"June 18, 2016","November 10, 2022","June 11, 2016","June 17, 2026"
422108,Kannaur Lokesh Rahul,"April 18, 1992, Bangalore, Karnataka",34y 80d,India,Wicketkeeper Batter,2014 - 2026,2021,IPL 2021,PBKS,13,13,3,626,98*,62.60,451,138.80,0,6,48,30,11,0,-,-,-,-,-,-,-,-,-,-,"June 18, 2016","November 10, 2022","June 11, 2016","June 17, 2026"
422108,Kannaur Lokesh Rahul,"April 18, 1992, Bangalore, Karnataka",34y 80d,India,Wicketkeeper Batter,2014 - 2026,2020/21,IPL 2020/21,PBKS,14,14,2,670,132*,55.83,518,129.34,1,5,58,23,10,0,-,-,-,-,-,-,-,-,-,-,"June 18, 2016","November 10, 2022","June 11, 2016","June 17, 2026"
422108,Kannaur Lokesh Rahul,"April 18, 1992, Bangalore, Karnataka",34y 80d,India,Wicketkeeper Batter,2014 - 2026,2019,IPL 2019,PBKS,14,14,3,593,100*,53.90,438,135.38,1,6,49,25,7,0,-,-,-,-,-,-,-,-,-,-,"June 18, 2016","November 10, 2022","June 11, 2016","June 17, 2026"
422108,Kannaur Lokesh Rahul,"April 18, 1992, Bangalore, Karnataka",34y 80d,India,Wicketkeeper Batter,2014 - 2026,2018,IPL 2018,PBKS,14,14,2,659,95*,54.91,416,158.41,0,6,66,32,10,1,-,-,-,-,-,-,-,-,-,-,"June 18, 2016","November 10, 2022","June 11, 2016","June 17, 2026"
422108,Kannaur Lokesh Rahul,"April 18, 1992, Bangalore, Karnataka",34y 80d,India,Wicketkeeper Batter,2014 - 2026,2016,IPL 2016,RCB,14,12,3,397,68*,44.11,271,146.49,0,4,37,16,5,4,-,-,-,-,-,-,-,-,-,-,"June 18, 2016","November 10, 2022","June 11, 2016","June 17, 2026"
422108,Kannaur Lokesh Rahul,"April 18, 1992, Bangalore, Karnataka",34y 80d,India,Wicketkeeper Batter,2014 - 2026,2015,IPL 2015,SRH,9,8,3,142,44*,28.40,126,112.69,0,0,8,5,1,0,-,-,-,-,-,-,-,-,-,-,"June 18, 2016","November 10, 2022","June 11, 2016","June 17, 2026"
422108,Kannaur Lokesh Rahul,"April 18, 1992, Bangalore, Karnataka",34y 80d,India,Wicketkeeper Batter,2014 - 2026,2014,IPL 2014,SRH,11,8,0,166,46,20.75,164,101.21,0,0,12,3,4,0,-,-,-,-,-,-,-,-,-,-,"June 18, 2016","November 10, 2022","June 11, 2016","June 17, 2026"
422108,Kannaur Lokesh Rahul,"April 18, 1992, Bangalore, Karnataka",34y 80d,India,Wicketkeeper Batter,2014 - 2026,2013,IPL 2013,RCB,5,2,0,20,12,10.00,16,125.00,0,0,4,0,2,0,-,-,-,-,-,-,-,-,-,-,"June 18, 2016","November 10, 2022","June 11, 2016","June 17, 2026"
50710,Kumar Chokshanada Sangakkara,"October 27, 1977, Matale",48y 253d,Sri Lanka,Wicketkeeper Batter,2000 - 2015,2013,IPL 2013,SRH,9,9,0,120,28,13.33,136,88.23,0,0,13,0,3,0,-,-,-,-,-,-,-,-,-,-,"June 15, 2006","April 06, 2014","July 05, 2000","March 18, 2015"
50710,Kumar Chokshanada Sangakkara,"October 27, 1977, Matale",48y 253d,Sri Lanka,Wicketkeeper Batter,2000 - 2015,2012,IPL 2012,DCH,12,12,1,200,82,18.18,184,108.69,0,1,21,4,9,0,-,-,-,-,-,-,-,-,-,-,"June 15, 2006","April 06, 2014","July 05, 2000","March 18, 2015"
50710,Kumar Chokshanada Sangakkara,"October 27, 1977, Matale",48y 253d,Sri Lanka,Wicketkeeper Batter,2000 - 2015,2011,IPL 2011,DCH,13,13,0,358,65,27.53,293,122.18,0,1,44,5,17,2,-,-,-,-,-,-,-,-,-,-,"June 15, 2006","April 06, 2014","July 05, 2000","March 18, 2015"
50710,Kumar Chokshanada Sangakkara,"October 27, 1977, Matale",48y 253d,Sri Lanka,Wicketkeeper Batter,2000 - 2015,2009/10,IPL 2009/10,PBKS,13,12,0,357,56,29.75,257,138.91,0,2,47,5,6,5,-,-,-,-,-,-,-,-,-,-,"June 15, 2006","April 06, 2014","July 05, 2000","March 18, 2015"
50710,Kumar Chokshanada Sangakkara,"October 27, 1977, Matale",48y 253d,Sri Lanka,Wicketkeeper Batter,2000 - 2015,2009,IPL 2009,PBKS,14,13,2,332,60,30.18,324,102.46,0,2,29,5,6,2,-,-,-,-,-,-,-,-,-,-,"June 15, 2006","April 06, 2014","July 05, 2000","March 18, 2015"
50710,Kumar Chokshanada Sangakkara,"October 27, 1977, Matale",48y 253d,Sri Lanka,Wicketkeeper Batter,2000 - 2015,2007/08,IPL 2007/08,PBKS,10,9,0,320,94,35.55,198,161.61,0,4,41,8,4,0,-,-,-,-,-,-,-,-,-,-,"June 15, 2006","April 06, 2014","July 05, 2000","March 18, 2015"
403902,Liam Stephen Livingstone,"August 04, 1993, Barrow-in-Furness, Cumberland",32y 337d,England,Batting Allrounder,2017 - 2025,2026,IPL 2026,SRH,2,2,0,15,14,7.50,25,60.00,0,0,0,1,4,0,-,-,-,-,-,-,-,-,-,-,"June 23, 2017","February 02, 2025","March 26, 2021","March 01, 2025"
403902,Liam Stephen Livingstone,"August 04, 1993, Barrow-in-Furness, Cumberland",32y 337d,England,Batting Allrounder,2017 - 2025,2025,IPL 2025,RCB,10,8,1,112,54,16.00,84,133.33,0,1,4,9,4,0,2,8.44,54,2/28,2/28,38.00,27.0,0,0,0,"June 23, 2017","February 02, 2025","March 26, 2021","March 01, 2025"
403902,Liam Stephen Livingstone,"August 04, 1993, Barrow-in-Furness, Cumberland",32y 337d,England,Batting Allrounder,2017 - 2025,2024,IPL 2024,PBKS,7,7,2,111,38*,22.20,78,142.30,0,0,8,7,1,0,3,7.00,72,2/19,2/19,28.00,24.0,0,0,0,"June 23, 2017","February 02, 2025","March 26, 2021","March 01, 2025"
403902,Liam Stephen Livingstone,"August 04, 1993, Barrow-in-Furness, Cumberland",32y 337d,England,Batting Allrounder,2017 - 2025,2023,IPL 2023,PBKS,9,9,1,279,94,34.87,171,163.15,0,2,20,19,4,0,2,13.42,42,1/19,1/19,47.00,21.0,0,0,0,"June 23, 2017","February 02, 2025","March 26, 2021","March 01, 2025"
403902,Liam Stephen Livingstone,"August 04, 1993, Barrow-in-Furness, Cumberland",32y 337d,England,Batting Allrounder,2017 - 2025,2022,IPL 2022,PBKS,14,14,2,437,70,36.41,240,182.08,0,4,29,34,6,0,6,8.78,138,3/27,3/27,33.66,23.0,0,0,0,"June 23, 2017","February 02, 2025","March 26, 2021","March 01, 2025"
403902,Liam Stephen Livingstone,"August 04, 1993, Barrow-in-Furness, Cumberland",32y 337d,England,Batting Allrounder,2017 - 2025,2021,IPL 2021,RR,5,5,0,42,25,8.40,41,102.43,0,0,3,1,3,0,-,-,-,-,-,-,-,-,-,-,"June 23, 2017","February 02, 2025","March 26, 2021","March 01, 2025"
403902,Liam Stephen Livingstone,"August 04, 1993, Barrow-in-Furness, Cumberland",32y 337d,England,Batting Allrounder,2017 - 2025,2019,IPL 2019,RR,4,4,1,70,44,23.33,48,145.83,0,0,6,5,4,0,0,13.00,6,-,-,-,-,0,0,0,"June 23, 2017","February 02, 2025","March 26, 2021","March 01, 2025"
290630,Manish Krishnanand Pandey,"September 10, 1989, Nainital, Uttaranchal",36y 300d,India,Top order Batter,2015 - 2021,2026,IPL 2026,KKR,6,2,0,70,45,35.00,49,142.85,0,0,8,2,3,0,-,-,-,-,-,-,-,-,-,-,"July 17, 2015","December 04, 2020","July 14, 2015","July 23, 2021"
290630,Manish Krishnanand Pandey,"September 10, 1989, Nainital, Uttaranchal",36y 300d,India,Top order Batter,2015 - 2021,2025,IPL 2025,KKR,3,3,1,92,37,46.00,65,141.53,0,0,5,5,0,0,-,-,-,-,-,-,-,-,-,-,"July 17, 2015","December 04, 2020","July 14, 2015","July 23, 2021"
290630,Manish Krishnanand Pandey,"September 10, 1989, Nainital, Uttaranchal",36y 300d,India,Top order Batter,2015 - 2021,2024,IPL 2024,KKR,1,1,0,42,42,42.00,31,135.48,0,0,2,2,2,0,-,-,-,-,-,-,-,-,-,-,"July 17, 2015","December 04, 2020","July 14, 2015","July 23, 2021"
290630,Manish Krishnanand Pandey,"September 10, 1989, Nainital, Uttaranchal",36y 300d,India,Top order Batter,2015 - 2021,2023,IPL 2023,DC,10,9,0,160,50,17.77,146,109.58,0,1,15,3,3,0,-,-,-,-,-,-,-,-,-,-,"July 17, 2015","December 04, 2020","July 14, 2015","July 23, 2021"
290630,Manish Krishnanand Pandey,"September 10, 1989, Nainital, Uttaranchal",36y 300d,India,Top order Batter,2015 - 2021,2022,IPL 2022,LSG,6,6,0,88,38,14.66,80,110.00,0,0,9,2,3,0,-,-,-,-,-,-,-,-,-,-,"July 17, 2015","December 04, 2020","July 14, 2015","July 23, 2021"
290630,Manish Krishnanand Pandey,"September 10, 1989, Nainital, Uttaranchal",36y 300d,India,Top order Batter,2015 - 2021,2021,IPL 2021,SRH,8,8,2,292,69*,48.66,236,123.72,0,3,21,10,5,0,-,-,-,-,-,-,-,-,-,-,"July 17, 2015","December 04, 2020","July 14, 2015","July 23, 2021"
290630,Manish Krishnanand Pandey,"September 10, 1989, Nainital, Uttaranchal",36y 300d,India,Top order Batter,2015 - 2021,2020/21,IPL 2020/21,SRH,16,15,2,425,83*,32.69,333,127.62,0,3,35,18,7,0,-,-,-,-,-,-,-,-,-,-,"July 17, 2015","December 04, 2020","July 14, 2015","July 23, 2021"
290630,Manish Krishnanand Pandey,"September 10, 1989, Nainital, Uttaranchal",36y 300d,India,Top order Batter,2015 - 2021,2019,IPL 2019,SRH,12,11,3,344,83*,43.00,263,130.79,0,3,34,6,7,0,-,-,-,-,-,-,-,-,-,-,"July 17, 2015","December 04, 2020","July 14, 2015","July 23, 2021"
290630,Manish Krishnanand Pandey,"September 10, 1989, Nainital, Uttaranchal",36y 300d,India,Top order Batter,2015 - 2021,2018,IPL 2018,SRH,15,13,2,284,62*,25.81,246,115.44,0,3,22,5,9,0,-,-,-,-,-,-,-,-,-,-,"July 17, 2015","December 04, 2020","July 14, 2015","July 23, 2021"
290630,Manish Krishnanand Pandey,"September 10, 1989, Nainital, Uttaranchal",36y 300d,India,Top order Batter,2015 - 2021,2017,IPL 2017,KKR,14,13,5,396,81*,49.50,308,128.57,0,2,28,12,8,0,-,-,-,-,-,-,-,-,-,-,"July 17, 2015","December 04, 2020","July 14, 2015","July 23, 2021"
290630,Manish Krishnanand Pandey,"September 10, 1989, Nainital, Uttaranchal",36y 300d,India,Top order Batter,2015 - 2021,2016,IPL 2016,KKR,12,11,3,248,52,31.00,183,135.51,0,2,17,9,7,0,-,-,-,-,-,-,-,-,-,-,"July 17, 2015","December 04, 2020","July 14, 2015","July 23, 2021"
290630,Manish Krishnanand Pandey,"September 10, 1989, Nainital, Uttaranchal",36y 300d,India,Top order Batter,2015 - 2021,2015,IPL 2015,KKR,13,12,1,225,40,20.45,184,122.28,0,0,22,7,5,0,-,-,-,-,-,-,-,-,-,-,"July 17, 2015","December 04, 2020","July 14, 2015","July 23, 2021"
290630,Manish Krishnanand Pandey,"September 10, 1989, Nainital, Uttaranchal",36y 300d,India,Top order Batter,2015 - 2021,2014,IPL 2014,KKR,16,16,3,401,94,30.84,340,117.94,0,2,35,10,3,0,-,-,-,-,-,-,-,-,-,-,"July 17, 2015","December 04, 2020","July 14, 2015","July 23, 2021"
290630,Manish Krishnanand Pandey,"September 10, 1989, Nainital, Uttaranchal",36y 300d,India,Top order Batter,2015 - 2021,2013,IPL 2013,PWI,7,7,1,136,66,22.66,137,99.27,0,1,11,3,6,0,-,-,-,-,-,-,-,-,-,-,"July 17, 2015","December 04, 2020","July 14, 2015","July 23, 2021"
290630,Manish Krishnanand Pandey,"September 10, 1989, Nainital, Uttaranchal",36y 300d,India,Top order Batter,2015 - 2021,2012,IPL 2012,PWI,10,9,2,143,80*,20.42,112,127.67,0,1,12,6,3,0,-,-,-,-,-,-,-,-,-,-,"July 17, 2015","December 04, 2020","July 14, 2015","July 23, 2021"
290630,Manish Krishnanand Pandey,"September 10, 1989, Nainital, Uttaranchal",36y 300d,India,Top order Batter,2015 - 2021,2011,IPL 2011,PWI,10,9,0,246,59,27.33,227,108.37,0,1,28,6,5,0,-,-,-,-,-,-,-,-,-,-,"July 17, 2015","December 04, 2020","July 14, 2015","July 23, 2021"
290630,Manish Krishnanand Pandey,"September 10, 1989, Nainital, Uttaranchal",36y 300d,India,Top order Batter,2015 - 2021,2009/10,IPL 2009/10,RCB,13,13,1,249,42*,20.75,226,110.17,0,0,27,7,6,0,-,-,-,-,-,-,-,-,-,-,"July 17, 2015","December 04, 2020","July 14, 2015","July 23, 2021"
290630,Manish Krishnanand Pandey,"September 10, 1989, Nainital, Uttaranchal",36y 300d,India,Top order Batter,2015 - 2021,2009,IPL 2009,RCB,5,4,2,168,114*,84.00,118,142.37,1,0,17,4,4,0,-,-,-,-,-,-,-,-,-,-,"July 17, 2015","December 04, 2020","July 14, 2015","July 23, 2021"
290630,Manish Krishnanand Pandey,"September 10, 1989, Nainital, Uttaranchal",36y 300d,India,Top order Batter,2015 - 2021,2007/08,IPL 2007/08,MI,3,2,0,3,3,1.50,9,33.33,0,0,0,0,0,0,-,-,-,-,-,-,-,-,-,-,"July 17, 2015","December 04, 2020","July 14, 2015","July 23, 2021"
696401,Marco Jansen,"May 01, 2000",26y 67d,South Africa,Bowling Allrounder,2021 - 2026,2026,IPL 2026,PBKS,13,5,1,51,20,12.75,45,113.33,0,0,1,3,7,0,9,10.20,284,2/33,2/33,53.66,31.5,0,0,0,"June 17, 2022","March 04, 2026","January 19, 2022","December 06, 2025"
696401,Marco Jansen,"May 01, 2000",26y 67d,South Africa,Bowling Allrounder,2021 - 2026,2025,IPL 2025,PBKS,14,8,4,75,34*,18.75,63,119.04,0,0,3,4,8,0,16,9.20,283,3/17,3/17,27.12,17.6,0,0,0,"June 17, 2022","March 04, 2026","January 19, 2022","December 06, 2025"
696401,Marco Jansen,"May 01, 2000",26y 67d,South Africa,Bowling Allrounder,2021 - 2026,2024,IPL 2024,SRH,3,2,1,18,17,18.00,13,138.46,0,0,1,1,6,0,1,12.90,60,1/45,1/45,129.00,60.0,0,0,0,"June 17, 2022","March 04, 2026","January 19, 2022","December 06, 2025"
696401,Marco Jansen,"May 01, 2000",26y 67d,South Africa,Bowling Allrounder,2021 - 2026,2023,IPL 2023,SRH,8,6,3,39,17*,13.00,43,90.69,0,0,4,0,3,0,10,9.88,162,2/16,2/16,26.70,16.2,0,0,0,"June 17, 2022","March 04, 2026","January 19, 2022","December 06, 2025"
696401,Marco Jansen,"May 01, 2000",26y 67d,South Africa,Bowling Allrounder,2021 - 2026,2022,IPL 2022,SRH,8,3,2,9,8*,9.00,7,128.57,0,0,0,1,3,0,7,8.56,192,3/25,3/25,39.14,27.4,0,0,0,"June 17, 2022","March 04, 2026","January 19, 2022","December 06, 2025"
696401,Marco Jansen,"May 01, 2000",26y 67d,South Africa,Bowling Allrounder,2021 - 2026,2021,IPL 2021,MI,2,2,0,0,0,0.00,3,0.00,0,0,0,0,1,0,2,7.50,36,2/28,2/28,22.50,18.0,0,0,0,"June 17, 2022","March 04, 2026","January 19, 2022","December 06, 2025"
226492,Martin James Guptill,"September 30, 1986, Auckland",39y 280d,New Zealand,Opening Batter,2009 - 2022,2019,IPL 2019,SRH,3,3,0,81,36,27.00,53,152.83,0,0,4,7,1,0,-,-,-,-,-,-,-,-,-,-,"February 15, 2009","October 12, 2022","January 10, 2009","September 08, 2022"
226492,Martin James Guptill,"September 30, 1986, Auckland",39y 280d,New Zealand,Opening Batter,2009 - 2022,2017,IPL 2017,PBKS,7,7,1,132,50*,22.00,88,150.00,0,1,17,5,6,0,-,-,-,-,-,-,-,-,-,-,"February 15, 2009","October 12, 2022","January 10, 2009","September 08, 2022"
226492,Martin James Guptill,"September 30, 1986, Auckland",39y 280d,New Zealand,Opening Batter,2009 - 2022,2016,IPL 2016,MI,3,3,0,57,48,19.00,55,103.63,0,0,3,3,0,0,-,-,-,-,-,-,-,-,-,-,"February 15, 2009","October 12, 2022","January 10, 2009","September 08, 2022"
398438,Mayank Anurag Agarwal,"February 16, 1991, Bangalore, Karnataka",35y 141d,India,Batter,2018 - 2022,2025,IPL 2025,RCB,4,4,1,95,41*,31.66,64,148.43,0,0,10,2,0,0,-,-,-,-,-,-,-,-,-,-,,,"February 05, 2020","November 29, 2020"
398438,Mayank Anurag Agarwal,"February 16, 1991, Bangalore, Karnataka",35y 141d,India,Batter,2018 - 2022,2024,IPL 2024,SRH,4,4,0,64,32,16.00,57,112.28,0,0,8,1,2,0,-,-,-,-,-,-,-,-,-,-,,,"February 05, 2020","November 29, 2020"
398438,Mayank Anurag Agarwal,"February 16, 1991, Bangalore, Karnataka",35y 141d,India,Batter,2018 - 2022,2023,IPL 2023,SRH,10,10,0,270,83,27.00,210,128.57,0,1,29,6,6,0,-,-,-,-,-,-,-,-,-,-,,,"February 05, 2020","November 29, 2020"
398438,Mayank Anurag Agarwal,"February 16, 1991, Bangalore, Karnataka",35y 141d,India,Batter,2018 - 2022,2022,IPL 2022,PBKS,13,12,0,196,52,16.33,160,122.50,0,1,23,6,10,0,-,-,-,-,-,-,-,-,-,-,,,"February 05, 2020","November 29, 2020"
398438,Mayank Anurag Agarwal,"February 16, 1991, Bangalore, Karnataka",35y 141d,India,Batter,2018 - 2022,2021,IPL 2021,PBKS,12,12,1,441,99*,40.09,314,140.44,0,4,42,18,5,0,-,-,-,-,-,-,-,-,-,-,,,"February 05, 2020","November 29, 2020"
398438,Mayank Anurag Agarwal,"February 16, 1991, Bangalore, Karnataka",35y 141d,India,Batter,2018 - 2022,2020/21,IPL 2020/21,PBKS,11,11,0,424,106,38.54,271,156.45,1,2,44,15,6,0,-,-,-,-,-,-,-,-,-,-,,,"February 05, 2020","November 29, 2020"
398438,Mayank Anurag Agarwal,"February 16, 1991, Bangalore, Karnataka",35y 141d,India,Batter,2018 - 2022,2019,IPL 2019,PBKS,13,13,0,332,58,25.53,234,141.88,0,2,26,14,7,0,-,-,-,-,-,-,-,-,-,-,,,"February 05, 2020","November 29, 2020"
398438,Mayank Anurag Agarwal,"February 16, 1991, Bangalore, Karnataka",35y 141d,India,Batter,2018 - 2022,2018,IPL 2018,PBKS,11,11,1,120,30,12.00,94,127.65,0,0,9,5,2,0,-,-,-,-,-,-,-,-,-,-,,,"February 05, 2020","November 29, 2020"
398438,Mayank Anurag Agarwal,"February 16, 1991, Bangalore, Karnataka",35y 141d,India,Batter,2018 - 2022,2017,IPL 2017,RPS,3,3,0,26,20,8.66,27,96.29,0,0,3,0,1,0,-,-,-,-,-,-,-,-,-,-,,,"February 05, 2020","November 29, 2020"
398438,Mayank Anurag Agarwal,"February 16, 1991, Bangalore, Karnataka",35y 141d,India,Batter,2018 - 2022,2016,IPL 2016,DC,3,3,0,27,10,9.00,25,108.00,0,0,3,1,0,0,-,-,-,-,-,-,-,-,-,-,,,"February 05, 2020","November 29, 2020"
398438,Mayank Anurag Agarwal,"February 16, 1991, Bangalore, Karnataka",35y 141d,India,Batter,2018 - 2022,2015,IPL 2015,DC,10,10,1,213,68,23.66,177,120.33,0,2,23,7,3,0,-,-,-,-,-,-,-,-,-,-,,,"February 05, 2020","November 29, 2020"
398438,Mayank Anurag Agarwal,"February 16, 1991, Bangalore, Karnataka",35y 141d,India,Batter,2018 - 2022,2014,IPL 2014,DC,8,8,0,115,31,14.37,91,126.37,0,0,12,3,1,0,-,-,-,-,-,-,-,-,-,-,,,"February 05, 2020","November 29, 2020"
398438,Mayank Anurag Agarwal,"February 16, 1991, Bangalore, Karnataka",35y 141d,India,Batter,2018 - 2022,2013,IPL 2013,RCB,5,5,0,67,29,13.40,62,108.06,0,0,6,3,3,0,-,-,-,-,-,-,-,-,-,-,,,"February 05, 2020","November 29, 2020"
398438,Mayank Anurag Agarwal,"February 16, 1991, Bangalore, Karnataka",35y 141d,India,Batter,2018 - 2022,2012,IPL 2012,RCB,16,12,1,225,64*,20.45,158,142.40,0,1,19,15,9,0,-,-,-,-,-,-,-,-,-,-,,,"February 05, 2020","November 29, 2020"
398438,Mayank Anurag Agarwal,"February 16, 1991, Bangalore, Karnataka",35y 141d,India,Batter,2018 - 2022,2011,IPL 2011,RCB,8,7,0,141,41,20.14,120,117.50,0,0,16,4,3,0,-,-,-,-,-,-,-,-,-,-,,,"February 05, 2020","November 29, 2020"
942367,Mayank J Dagar,"November 11, 1996, Delhi",29y 238d,India,Bowler,-,2024,IPL 2024,RCB,5,1,0,0,0,0.00,1,0.00,0,0,0,0,3,0,1,10.14,71,1/23,1/23,120.00,71.0,0,0,0,,,,
942367,Mayank J Dagar,"November 11, 1996, Delhi",29y 238d,India,Bowler,-,2023,IPL 2023,SRH,3,-,-,-,-,-,-,-,-,-,-,-,0,0,1,7.54,66,1/37,1/37,83.00,66.0,0,0,0,,,,
1081442,Mayank Markande,"November 11, 1997, Bathinda, Punjab",28y 238d,India,Bowler,2019 - 2019,2026,IPL 2026,MI,3,-,-,-,-,-,-,-,-,-,-,-,1,0,0,15.20,30,-,-,-,-,0,0,0,"February 24, 2019","Andhra vs Punjab  at Visakhapatnam - November 01 - 04, 2018",,
1081442,Mayank Markande,"November 11, 1997, Bathinda, Punjab",28y 238d,India,Bowler,2019 - 2019,2024,IPL 2024,SRH,7,-,-,-,-,-,-,-,-,-,-,-,2,0,8,11.77,132,2/26,2/26,32.37,16.5,0,0,0,"February 24, 2019","Andhra vs Punjab  at Visakhapatnam - November 01 - 04, 2018",,
1081442,Mayank Markande,"November 11, 1997, Bathinda, Punjab",28y 238d,India,Bowler,2019 - 2019,2023,IPL 2023,SRH,10,3,3,21,18*,-,13,161.53,0,0,2,1,1,0,12,7.89,228,4/15,4/15,25.00,19.0,1,0,0,"February 24, 2019","Andhra vs Punjab  at Visakhapatnam - November 01 - 04, 2018",,
1081442,Mayank Markande,"November 11, 1997, Bathinda, Punjab",28y 238d,India,Bowler,2019 - 2019,2022,IPL 2022,MI,2,-,-,-,-,-,-,-,-,-,-,-,2,0,1,8.14,42,1/26,1/26,57.00,42.0,0,0,0,"February 24, 2019","Andhra vs Punjab  at Visakhapatnam - November 01 - 04, 2018",,
1081442,Mayank Markande,"November 11, 1997, Bathinda, Punjab",28y 238d,India,Bowler,2019 - 2019,2021,IPL 2021,RR,1,-,-,-,-,-,-,-,-,-,-,-,0,0,0,8.66,18,-,-,-,-,0,0,0,"February 24, 2019","Andhra vs Punjab  at Visakhapatnam - November 01 - 04, 2018",,
1081442,Mayank Markande,"November 11, 1997, Bathinda, Punjab",28y 238d,India,Bowler,2019 - 2019,2019,IPL 2019,MI,3,2,1,6,6,6.00,5,120.00,0,0,1,0,0,0,1,9.83,36,1/23,1/23,59.00,36.0,0,0,0,"February 24, 2019","Andhra vs Punjab  at Visakhapatnam - November 01 - 04, 2018",,
1081442,Mayank Markande,"November 11, 1997, Bathinda, Punjab",28y 238d,India,Bowler,2019 - 2019,2018,IPL 2018,MI,14,6,4,21,7*,10.50,24,87.50,0,0,2,0,3,0,15,8.36,264,4/23,4/23,24.53,17.6,1,0,0,"February 24, 2019","Andhra vs Punjab  at Visakhapatnam - November 01 - 04, 2018",,
272450,Mitchell Ross Marsh,"October 20, 1991, Attadale, Perth",34y 260d,Australia,Allrounder,2011 - 2026,2026,IPL 2026,LSG,13,13,0,563,111,43.30,345,163.18,1,3,51,36,4,0,-,-,-,-,-,-,-,-,-,-,"October 16, 2011","June 21, 2026","October 19, 2011","October 25, 2025"
272450,Mitchell Ross Marsh,"October 20, 1991, Attadale, Perth",34y 260d,Australia,Allrounder,2011 - 2026,2025,IPL 2025,LSG,13,13,0,627,117,48.23,383,163.70,1,6,56,37,1,0,-,-,-,-,-,-,-,-,-,-,"October 16, 2011","June 21, 2026","October 19, 2011","October 25, 2025"
272450,Mitchell Ross Marsh,"October 20, 1991, Attadale, Perth",34y 260d,Australia,Allrounder,2011 - 2026,2024,IPL 2024,DC,4,4,0,61,23,15.25,38,160.52,0,0,9,3,0,0,1,12.87,48,1/37,1/37,103.00,48.0,0,0,0,"October 16, 2011","June 21, 2026","October 19, 2011","October 25, 2025"
272450,Mitchell Ross Marsh,"October 20, 1991, Attadale, Perth",34y 260d,Australia,Allrounder,2011 - 2026,2023,IPL 2023,DC,9,9,0,128,63,14.22,97,131.95,0,1,11,7,3,0,12,8.42,121,4/27,4/27,14.16,10.0,1,0,0,"October 16, 2011","June 21, 2026","October 19, 2011","October 25, 2025"
272450,Mitchell Ross Marsh,"October 20, 1991, Attadale, Perth",34y 260d,Australia,Allrounder,2011 - 2026,2022,IPL 2022,DC,8,8,0,251,89,31.37,189,132.80,0,2,19,14,0,0,4,8.50,72,2/25,2/25,25.50,18.0,0,0,0,"October 16, 2011","June 21, 2026","October 19, 2011","October 25, 2025"
272450,Mitchell Ross Marsh,"October 20, 1991, Attadale, Perth",34y 260d,Australia,Allrounder,2011 - 2026,2020/21,IPL 2020/21,SRH,1,1,0,0,0,0.00,1,0.00,0,0,0,0,0,0,0,9.00,4,-,-,-,-,0,0,0,"October 16, 2011","June 21, 2026","October 19, 2011","October 25, 2025"
272450,Mitchell Ross Marsh,"October 20, 1991, Attadale, Perth",34y 260d,Australia,Allrounder,2011 - 2026,2016,IPL 2016,RPS,3,1,0,7,7,7.00,11,63.63,0,0,0,0,0,0,4,5.00,54,2/14,2/14,11.25,13.5,0,0,0,"October 16, 2011","June 21, 2026","October 19, 2011","October 25, 2025"
272450,Mitchell Ross Marsh,"October 20, 1991, Attadale, Perth",34y 260d,Australia,Allrounder,2011 - 2026,2013,IPL 2013,PWI,9,8,1,140,38,20.00,106,132.07,0,0,6,10,7,0,7,9.41,116,2/7,2/7,26.00,16.5,0,0,0,"October 16, 2011","June 21, 2026","October 19, 2011","October 25, 2025"
272450,Mitchell Ross Marsh,"October 20, 1991, Attadale, Perth",34y 260d,Australia,Allrounder,2011 - 2026,2011,IPL 2011,PWI,5,3,1,50,37,25.00,49,102.04,0,0,2,3,0,0,7,6.98,85,4/25,4/25,14.14,12.1,1,0,0,"October 16, 2011","June 21, 2026","October 19, 2011","October 25, 2025"
272450,Mitchell Ross Marsh,"October 20, 1991, Attadale, Perth",34y 260d,Australia,Allrounder,2011 - 2026,2009/10,IPL 2009/10,DCH,3,2,0,28,15,14.00,30,93.33,0,0,1,1,0,0,2,8.80,60,1/19,1/19,44.00,30.0,0,0,0,"October 16, 2011","June 21, 2026","October 19, 2011","October 25, 2025"
25913,Mohammad Nabi,"January 01, 1985, Loger, Afghanistan",41y 187d,Afghanistan,Allrounder,2009 - 2026,2024,IPL 2024,MI,7,5,1,35,23,8.75,31,112.90,0,0,2,2,7,0,2,8.83,74,1/16,1/16,54.50,37.0,0,0,0,"February 01, 2010","February 19, 2026","April 19, 2009","June 20, 2026"
25913,Mohammad Nabi,"January 01, 1985, Loger, Afghanistan",41y 187d,Afghanistan,Allrounder,2009 - 2026,2021,IPL 2021,SRH,3,3,0,34,17,11.33,20,170.00,0,0,3,2,5,0,2,10.75,48,2/32,2/32,43.00,24.0,0,0,0,"February 01, 2010","February 19, 2026","April 19, 2009","June 20, 2026"
25913,Mohammad Nabi,"January 01, 1985, Loger, Afghanistan",41y 187d,Afghanistan,Allrounder,2009 - 2026,2020/21,IPL 2020/21,SRH,1,1,1,11,11*,-,8,137.50,0,0,2,0,0,0,0,5.75,24,-,-,-,-,0,0,0,"February 01, 2010","February 19, 2026","April 19, 2009","June 20, 2026"
25913,Mohammad Nabi,"January 01, 1985, Loger, Afghanistan",41y 187d,Afghanistan,Allrounder,2009 - 2026,2019,IPL 2019,SRH,8,7,1,115,31,19.16,76,151.31,0,0,8,7,6,0,8,6.65,175,4/11,4/11,24.25,21.8,1,0,0,"February 01, 2010","February 19, 2026","April 19, 2009","June 20, 2026"
25913,Mohammad Nabi,"January 01, 1985, Loger, Afghanistan",41y 187d,Afghanistan,Allrounder,2009 - 2026,2018,IPL 2018,SRH,2,2,0,18,14,9.00,12,150.00,0,0,3,0,0,0,1,9.40,30,1/23,1/23,47.00,30.0,0,0,0,"February 01, 2010","February 19, 2026","April 19, 2009","June 20, 2026"
25913,Mohammad Nabi,"January 01, 1985, Loger, Afghanistan",41y 187d,Afghanistan,Allrounder,2009 - 2026,2017,IPL 2017,SRH,3,1,0,2,2,2.00,3,66.66,0,0,0,0,0,0,2,5.27,66,1/13,1/13,29.00,33.0,0,0,0,"February 01, 2010","February 19, 2026","April 19, 2009","June 20, 2026"
481896,Mohammed Shami Ahmed,"September 03, 1990, Amroha, Uttar Pradesh",35y 307d,India,Bowler,2013 - 2025,2026,IPL 2026,LSG,13,7,2,31,12*,6.20,22,140.90,0,0,2,3,3,0,12,9.00,306,2/9,2/9,38.25,25.5,0,0,0,"March 21, 2014","February 02, 2025","January 06, 2013","March 09, 2025"
481896,Mohammed Shami Ahmed,"September 03, 1990, Amroha, Uttar Pradesh",35y 307d,India,Bowler,2013 - 2025,2025,IPL 2025,SRH,9,4,3,10,6*,10.00,10,100.00,0,0,1,0,2,0,6,11.23,180,2/28,2/28,56.16,30.0,0,0,0,"March 21, 2014","February 02, 2025","January 06, 2013","March 09, 2025"
481896,Mohammed Shami Ahmed,"September 03, 1990, Amroha, Uttar Pradesh",35y 307d,India,Bowler,2013 - 2025,2023,IPL 2023,GT,17,2,0,5,5,2.50,6,83.33,0,0,1,0,5,0,28,8.03,390,4/11,4/11,18.64,13.9,2,0,0,"March 21, 2014","February 02, 2025","January 06, 2013","March 09, 2025"
481896,Mohammed Shami Ahmed,"September 03, 1990, Amroha, Uttar Pradesh",35y 307d,India,Bowler,2013 - 2025,2022,IPL 2022,GT,16,-,-,-,-,-,-,-,-,-,-,-,3,0,20,8.00,366,3/25,3/25,24.40,18.3,0,0,0,"March 21, 2014","February 02, 2025","January 06, 2013","March 09, 2025"
481896,Mohammed Shami Ahmed,"September 03, 1990, Amroha, Uttar Pradesh",35y 307d,India,Bowler,2013 - 2025,2021,IPL 2021,PBKS,14,4,3,13,9*,13.00,17,76.47,0,0,0,0,1,0,19,7.50,316,3/21,3/21,20.78,16.6,0,0,0,"March 21, 2014","February 02, 2025","January 06, 2013","March 09, 2025"
481896,Mohammed Shami Ahmed,"September 03, 1990, Amroha, Uttar Pradesh",35y 307d,India,Bowler,2013 - 2025,2020/21,IPL 2020/21,PBKS,14,3,2,2,2*,2.00,3,66.66,0,0,0,0,2,0,20,8.57,322,3/15,3/15,23.00,16.1,0,0,0,"March 21, 2014","February 02, 2025","January 06, 2013","March 09, 2025"
481896,Mohammed Shami Ahmed,"September 03, 1990, Amroha, Uttar Pradesh",35y 307d,India,Bowler,2013 - 2025,2019,IPL 2019,PBKS,14,2,1,1,1*,1.00,2,50.00,0,0,0,0,5,0,19,8.68,324,3/21,3/21,24.68,17.0,0,0,0,"March 21, 2014","February 02, 2025","January 06, 2013","March 09, 2025"
481896,Mohammed Shami Ahmed,"September 03, 1990, Amroha, Uttar Pradesh",35y 307d,India,Bowler,2013 - 2025,2018,IPL 2018,DC,4,1,0,7,7,7.00,6,116.66,0,0,1,0,2,0,3,10.40,83,1/29,1/29,48.00,27.6,0,0,0,"March 21, 2014","February 02, 2025","January 06, 2013","March 09, 2025"
481896,Mohammed Shami Ahmed,"September 03, 1990, Amroha, Uttar Pradesh",35y 307d,India,Bowler,2013 - 2025,2017,IPL 2017,DC,8,6,2,36,21,9.00,24,150.00,0,0,4,2,0,0,5,9.34,156,2/36,2/36,48.60,31.2,0,0,0,"March 21, 2014","February 02, 2025","January 06, 2013","March 09, 2025"
481896,Mohammed Shami Ahmed,"September 03, 1990, Amroha, Uttar Pradesh",35y 307d,India,Bowler,2013 - 2025,2016,IPL 2016,DC,8,2,2,2,2*,-,4,50.00,0,0,0,0,1,0,5,9.69,151,2/34,2/34,48.80,30.2,0,0,0,"March 21, 2014","February 02, 2025","January 06, 2013","March 09, 2025"
481896,Mohammed Shami Ahmed,"September 03, 1990, Amroha, Uttar Pradesh",35y 307d,India,Bowler,2013 - 2025,2014,IPL 2014,DC,12,4,2,3,1*,1.50,7,42.85,0,0,0,0,0,0,7,8.38,264,1/22,1/22,52.71,37.7,0,0,0,"March 21, 2014","February 02, 2025","January 06, 2013","March 09, 2025"
481896,Mohammed Shami Ahmed,"September 03, 1990, Amroha, Uttar Pradesh",35y 307d,India,Bowler,2013 - 2025,2013,IPL 2013,KKR,3,1,0,5,5,5.00,10,50.00,0,0,0,0,0,0,1,8.66,54,1/32,1/32,78.00,54.0,0,0,0,"March 21, 2014","February 02, 2025","January 06, 2013","March 09, 2025"
940973,Mohammed Siraj,"March 13, 1994, Hyderabad",32y 116d,India,Bowler,2017 - 2026,2026,IPL 2026,GT,17,2,0,5,5,2.50,16,31.25,0,0,1,0,4,0,19,9.06,372,3/26,3/26,29.57,19.5,0,0,0,"November 04, 2017","February 07, 2026","January 15, 2019","January 18, 2026"
940973,Mohammed Siraj,"March 13, 1994, Hyderabad",32y 116d,India,Bowler,2017 - 2026,2025,IPL 2025,GT,15,1,1,3,3*,-,4,75.00,0,0,0,0,5,0,16,9.24,342,4/17,4/17,32.93,21.3,1,0,0,"November 04, 2017","February 07, 2026","January 15, 2019","January 18, 2026"
940973,Mohammed Siraj,"March 13, 1994, Hyderabad",32y 116d,India,Bowler,2017 - 2026,2024,IPL 2024,RCB,14,3,1,12,12,6.00,8,150.00,0,0,0,2,3,0,15,9.18,324,3/43,3/43,33.06,21.6,0,0,0,"November 04, 2017","February 07, 2026","January 15, 2019","January 18, 2026"
940973,Mohammed Siraj,"March 13, 1994, Hyderabad",32y 116d,India,Bowler,2017 - 2026,2023,IPL 2023,RCB,14,2,1,1,1*,1.00,2,50.00,0,0,0,0,4,0,19,7.50,300,4/21,4/21,19.73,15.7,1,0,0,"November 04, 2017","February 07, 2026","January 15, 2019","January 18, 2026"
940973,Mohammed Siraj,"March 13, 1994, Hyderabad",32y 116d,India,Bowler,2017 - 2026,2022,IPL 2022,RCB,15,5,3,30,14*,15.00,33,90.90,0,0,5,0,6,0,9,10.07,306,2/30,2/30,57.11,34.0,0,0,0,"November 04, 2017","February 07, 2026","January 15, 2019","January 18, 2026"
940973,Mohammed Siraj,"March 13, 1994, Hyderabad",32y 116d,India,Bowler,2017 - 2026,2021,IPL 2021,RCB,15,4,3,20,12*,20.00,26,76.92,0,0,1,1,4,0,11,6.78,312,3/27,3/27,32.09,28.3,0,0,0,"November 04, 2017","February 07, 2026","January 15, 2019","January 18, 2026"
940973,Mohammed Siraj,"March 13, 1994, Hyderabad",32y 116d,India,Bowler,2017 - 2026,2020/21,IPL 2020/21,RCB,9,3,2,17,10*,17.00,14,121.42,0,0,2,0,4,0,11,8.68,163,3/8,3/8,21.45,14.8,0,0,0,"November 04, 2017","February 07, 2026","January 15, 2019","January 18, 2026"
940973,Mohammed Siraj,"March 13, 1994, Hyderabad",32y 116d,India,Bowler,2017 - 2026,2019,IPL 2019,RCB,9,4,3,4,3*,4.00,14,28.57,0,0,0,0,2,0,7,9.55,169,2/38,2/38,38.42,24.1,0,0,0,"November 04, 2017","February 07, 2026","January 15, 2019","January 18, 2026"
940973,Mohammed Siraj,"March 13, 1994, Hyderabad",32y 116d,India,Bowler,2017 - 2026,2018,IPL 2018,RCB,11,4,2,25,14,12.50,22,113.63,0,0,2,1,5,0,11,8.95,246,3/25,3/25,33.36,22.3,0,0,0,"November 04, 2017","February 07, 2026","January 15, 2019","January 18, 2026"
940973,Mohammed Siraj,"March 13, 1994, Hyderabad",32y 116d,India,Bowler,2017 - 2026,2017,IPL 2017,SRH,6,-,-,-,-,-,-,-,-,-,-,-,1,0,10,9.21,138,4/32,4/32,21.20,13.8,1,0,0,"November 04, 2017","February 07, 2026","January 15, 2019","January 18, 2026"
5961,Moises Constantino Henriques,"February 01, 1987, Funchal, Portugal",39y 156d,Australia,Allrounder,2009 - 2021,2021,IPL 2021,PBKS,5,4,2,31,14,15.50,32,96.87,0,0,0,1,1,0,4,4.50,60,3/12,3/12,11.25,15.0,0,0,0,"February 15, 2009","August 09, 2021","October 31, 2009","July 26, 2021"
5961,Moises Constantino Henriques,"February 01, 1987, Funchal, Portugal",39y 156d,Australia,Allrounder,2009 - 2021,2017,IPL 2017,SRH,12,11,5,277,55*,46.16,203,136.45,0,3,28,4,5,0,1,10.33,144,1/6,1/6,248.00,144.0,0,0,0,"February 15, 2009","August 09, 2021","October 31, 2009","July 26, 2021"
5961,Moises Constantino Henriques,"February 01, 1987, Funchal, Portugal",39y 156d,Australia,Allrounder,2009 - 2021,2016,IPL 2016,SRH,17,15,3,182,31*,15.16,158,115.18,0,0,15,6,11,0,12,7.98,312,2/17,2/17,34.58,26.0,0,0,0,"February 15, 2009","August 09, 2021","October 31, 2009","July 26, 2021"
5961,Moises Constantino Henriques,"February 01, 1987, Funchal, Portugal",39y 156d,Australia,Allrounder,2009 - 2021,2015,IPL 2015,SRH,9,9,2,287,74*,41.00,211,136.01,0,2,19,13,1,0,11,6.32,150,3/16,3/16,14.36,13.6,0,0,0,"February 15, 2009","August 09, 2021","October 31, 2009","July 26, 2021"
5961,Moises Constantino Henriques,"February 01, 1987, Funchal, Portugal",39y 156d,Australia,Allrounder,2009 - 2021,2014,IPL 2014,SRH,4,2,0,9,9,4.50,14,64.28,0,0,1,0,1,0,4,9.60,60,2/26,2/26,24.00,15.0,0,0,0,"February 15, 2009","August 09, 2021","October 31, 2009","July 26, 2021"
5961,Moises Constantino Henriques,"February 01, 1987, Funchal, Portugal",39y 156d,Australia,Allrounder,2009 - 2021,2013,IPL 2013,RCB,10,9,5,165,44,41.25,125,132.00,0,0,20,3,5,0,7,8.74,127,2/14,2/14,26.42,18.1,0,0,0,"February 15, 2009","August 09, 2021","October 31, 2009","July 26, 2021"
5961,Moises Constantino Henriques,"February 01, 1987, Funchal, Portugal",39y 156d,Australia,Allrounder,2009 - 2021,2009/10,IPL 2009/10,DC,1,1,0,11,11,11.00,5,220.00,0,0,2,0,1,0,1,8.75,24,1/35,1/35,35.00,24.0,0,0,0,"February 15, 2009","August 09, 2021","October 31, 2009","July 26, 2021"
5961,Moises Constantino Henriques,"February 01, 1987, Funchal, Portugal",39y 156d,Australia,Allrounder,2009 - 2021,2009,IPL 2009,KKR,4,3,1,38,30*,19.00,40,95.00,0,0,2,1,3,0,2,8.79,73,1/32,1/32,53.50,36.5,0,0,0,"February 15, 2009","August 09, 2021","October 31, 2009","July 26, 2021"
974109,Mujeeb Ur Rahman,"March 28, 2001, Khost",25y 101d,Afghanistan,Bowler,2017 - 2026,2025,IPL 2025,MI,1,-,-,-,-,-,-,-,-,-,-,-,0,0,1,14.00,12,1/28,1/28,28.00,12.0,0,0,0,"February 05, 2018","February 19, 2026","December 05, 2017","November 10, 2023"
974109,Mujeeb Ur Rahman,"March 28, 2001, Khost",25y 101d,Afghanistan,Bowler,2017 - 2026,2021,IPL 2021,SRH,1,1,1,1,1*,-,1,100.00,0,0,0,0,0,0,2,7.25,24,2/29,2/29,14.50,12.0,0,0,0,"February 05, 2018","February 19, 2026","December 05, 2017","November 10, 2023"
974109,Mujeeb Ur Rahman,"March 28, 2001, Khost",25y 101d,Afghanistan,Bowler,2017 - 2026,2020/21,IPL 2020/21,PBKS,2,1,0,1,1,1.00,3,33.33,0,0,0,0,0,0,0,10.37,48,-,-,-,-,0,0,0,"February 05, 2018","February 19, 2026","December 05, 2017","November 10, 2023"
974109,Mujeeb Ur Rahman,"March 28, 2001, Khost",25y 101d,Afghanistan,Bowler,2017 - 2026,2019,IPL 2019,PBKS,5,3,2,0,0*,0.00,4,0.00,0,0,0,0,1,0,3,10.05,114,2/31,2/31,63.66,38.0,0,0,0,"February 05, 2018","February 19, 2026","December 05, 2017","November 10, 2023"
974109,Mujeeb Ur Rahman,"March 28, 2001, Khost",25y 101d,Afghanistan,Bowler,2017 - 2026,2018,IPL 2018,PBKS,11,2,1,10,10*,10.00,7,142.85,0,0,2,0,1,0,14,6.99,248,3/27,3/27,20.64,17.7,0,0,0,"February 05, 2018","February 19, 2026","December 05, 2017","November 10, 2023"
330902,Mustafizur Rahman,"September 06, 1995, Satkhira",30y 304d,Bangladesh,Bowler,2015 - 2026,2025,IPL 2025,DC,3,1,0,0,0,0.00,1,0.00,0,0,0,0,0,0,4,7.90,66,3/33,3/33,21.75,16.5,0,0,0,"April 24, 2015","June 19, 2026","June 18, 2015","July 06, 2026"
330902,Mustafizur Rahman,"September 06, 1995, Satkhira",30y 304d,Bangladesh,Bowler,2015 - 2026,2024,IPL 2024,CSK,9,-,-,-,-,-,-,-,-,-,-,-,1,0,14,9.26,206,4/29,4/29,22.71,14.7,1,0,0,"April 24, 2015","June 19, 2026","June 18, 2015","July 06, 2026"
330902,Mustafizur Rahman,"September 06, 1995, Satkhira",30y 304d,Bangladesh,Bowler,2015 - 2026,2023,IPL 2023,DC,2,1,1,1,1*,-,1,100.00,0,0,0,0,0,0,1,11.28,42,1/38,1/38,79.00,42.0,0,0,0,"April 24, 2015","June 19, 2026","June 18, 2015","July 06, 2026"
330902,Mustafizur Rahman,"September 06, 1995, Satkhira",30y 304d,Bangladesh,Bowler,2015 - 2026,2022,IPL 2022,DC,8,1,1,3,3*,-,5,60.00,0,0,0,0,1,0,8,7.62,192,3/18,3/18,30.50,24.0,0,0,0,"April 24, 2015","June 19, 2026","June 18, 2015","July 06, 2026"
330902,Mustafizur Rahman,"September 06, 1995, Satkhira",30y 304d,Bangladesh,Bowler,2015 - 2026,2021,IPL 2021,RR,14,5,5,8,8*,-,14,57.14,0,0,0,1,1,0,14,8.41,311,3/20,3/20,31.14,22.2,0,0,0,"April 24, 2015","June 19, 2026","June 18, 2015","July 06, 2026"
330902,Mustafizur Rahman,"September 06, 1995, Satkhira",30y 304d,Bangladesh,Bowler,2015 - 2026,2018,IPL 2018,MI,7,2,1,1,1,1.00,3,33.33,0,0,0,0,2,0,7,8.36,165,3/24,3/24,32.85,23.5,0,0,0,"April 24, 2015","June 19, 2026","June 18, 2015","July 06, 2026"
330902,Mustafizur Rahman,"September 06, 1995, Satkhira",30y 304d,Bangladesh,Bowler,2015 - 2026,2017,IPL 2017,SRH,1,-,-,-,-,-,-,-,-,-,-,-,0,0,0,12.75,16,-,-,-,-,0,0,0,"April 24, 2015","June 19, 2026","June 18, 2015","July 06, 2026"
330902,Mustafizur Rahman,"September 06, 1995, Satkhira",30y 304d,Bangladesh,Bowler,2015 - 2026,2016,IPL 2016,SRH,16,-,-,-,-,-,-,-,-,-,-,-,2,0,17,6.90,366,3/16,3/16,24.76,21.5,0,0,0,"April 24, 2015","June 19, 2026","June 18, 2015","July 06, 2026"
32102,Naman Vinaykumar Ojha,"July 20, 1983, Ujjain, Madhya Pradesh",42y 352d,India,Wicketkeeper Batter,2010 - 2015,2018,IPL 2018,DC,1,1,0,1,1,1.00,4,25.00,0,0,0,0,0,0,-,-,-,-,-,-,-,-,-,-,"June 12, 2010","June 13, 2010","September 01, 2015","June 05, 2010"
32102,Naman Vinaykumar Ojha,"July 20, 1983, Ujjain, Madhya Pradesh",42y 352d,India,Wicketkeeper Batter,2010 - 2015,2017,IPL 2017,SRH,14,5,1,79,34,19.75,65,121.53,0,0,2,3,6,0,-,-,-,-,-,-,-,-,-,-,"June 12, 2010","June 13, 2010","September 01, 2015","June 05, 2010"
32102,Naman Vinaykumar Ojha,"July 20, 1983, Ujjain, Madhya Pradesh",42y 352d,India,Wicketkeeper Batter,2010 - 2015,2016,IPL 2016,SRH,17,13,3,136,37,13.60,138,98.55,0,0,7,5,18,0,-,-,-,-,-,-,-,-,-,-,"June 12, 2010","June 13, 2010","September 01, 2015","June 05, 2010"
32102,Naman Vinaykumar Ojha,"July 20, 1983, Ujjain, Madhya Pradesh",42y 352d,India,Wicketkeeper Batter,2010 - 2015,2015,IPL 2015,SRH,14,11,1,137,28,13.70,121,113.22,0,0,12,4,6,1,-,-,-,-,-,-,-,-,-,-,"June 12, 2010","June 13, 2010","September 01, 2015","June 05, 2010"
32102,Naman Vinaykumar Ojha,"July 20, 1983, Ujjain, Madhya Pradesh",42y 352d,India,Wicketkeeper Batter,2010 - 2015,2014,IPL 2014,SRH,11,10,4,232,79*,38.66,161,144.09,0,1,14,17,6,1,-,-,-,-,-,-,-,-,-,-,"June 12, 2010","June 13, 2010","September 01, 2015","June 05, 2010"
32102,Naman Vinaykumar Ojha,"July 20, 1983, Ujjain, Madhya Pradesh",42y 352d,India,Wicketkeeper Batter,2010 - 2015,2013,IPL 2013,DC,2,2,1,9,9,9.00,10,90.00,0,0,1,0,1,0,-,-,-,-,-,-,-,-,-,-,"June 12, 2010","June 13, 2010","September 01, 2015","June 05, 2010"
32102,Naman Vinaykumar Ojha,"July 20, 1983, Ujjain, Madhya Pradesh",42y 352d,India,Wicketkeeper Batter,2010 - 2015,2012,IPL 2012,DC,18,16,5,255,64*,23.18,224,113.83,0,1,21,13,14,2,-,-,-,-,-,-,-,-,-,-,"June 12, 2010","June 13, 2010","September 01, 2015","June 05, 2010"
32102,Naman Vinaykumar Ojha,"July 20, 1983, Ujjain, Madhya Pradesh",42y 352d,India,Wicketkeeper Batter,2010 - 2015,2011,IPL 2011,DC,14,14,1,160,29,12.30,161,99.37,0,0,11,11,8,0,-,-,-,-,-,-,-,-,-,-,"June 12, 2010","June 13, 2010","September 01, 2015","June 05, 2010"
32102,Naman Vinaykumar Ojha,"July 20, 1983, Ujjain, Madhya Pradesh",42y 352d,India,Wicketkeeper Batter,2010 - 2015,2009/10,IPL 2009/10,RR,14,14,2,377,94*,31.41,285,132.28,0,2,42,15,4,2,-,-,-,-,-,-,-,-,-,-,"June 12, 2010","June 13, 2010","September 01, 2015","June 05, 2010"
32102,Naman Vinaykumar Ojha,"July 20, 1983, Ujjain, Madhya Pradesh",42y 352d,India,Wicketkeeper Batter,2010 - 2015,2009,IPL 2009,RR,8,8,1,168,68,24.00,144,116.66,0,2,11,11,2,4,-,-,-,-,-,-,-,-,-,-,"June 12, 2010","June 13, 2010","September 01, 2015","June 05, 2010"
604302,Nicholas Pooran,"October 02, 1995, Trinidad",30y 278d,West Indies,Wicketkeeper Batter,2016 - 2024,2026,IPL 2026,LSG,14,14,1,234,63,18.00,183,127.86,0,1,11,19,5,0,-,-,-,-,-,-,-,-,-,-,"September 23, 2016","December 19, 2024","February 20, 2019","July 07, 2023"
604302,Nicholas Pooran,"October 02, 1995, Trinidad",30y 278d,West Indies,Wicketkeeper Batter,2016 - 2024,2025,IPL 2025,LSG,14,14,2,524,87*,43.66,267,196.25,0,5,45,40,8,0,-,-,-,-,-,-,-,-,-,-,"September 23, 2016","December 19, 2024","February 20, 2019","July 07, 2023"
604302,Nicholas Pooran,"October 02, 1995, Trinidad",30y 278d,West Indies,Wicketkeeper Batter,2016 - 2024,2024,IPL 2024,LSG,14,14,6,499,75,62.37,280,178.21,0,3,35,36,7,0,-,-,-,-,-,-,-,-,-,-,"September 23, 2016","December 19, 2024","February 20, 2019","July 07, 2023"
604302,Nicholas Pooran,"October 02, 1995, Trinidad",30y 278d,West Indies,Wicketkeeper Batter,2016 - 2024,2023,IPL 2023,LSG,15,15,3,358,62,29.83,207,172.94,0,2,26,26,6,3,-,-,-,-,-,-,-,-,-,-,"September 23, 2016","December 19, 2024","February 20, 2019","July 07, 2023"
604302,Nicholas Pooran,"October 02, 1995, Trinidad",30y 278d,West Indies,Wicketkeeper Batter,2016 - 2024,2022,IPL 2022,SRH,14,13,5,306,64*,38.25,212,144.33,0,2,16,21,8,1,-,-,-,-,-,-,-,-,-,-,"September 23, 2016","December 19, 2024","February 20, 2019","July 07, 2023"
604302,Nicholas Pooran,"October 02, 1995, Trinidad",30y 278d,West Indies,Wicketkeeper Batter,2016 - 2024,2021,IPL 2021,PBKS,12,11,0,85,32,7.72,76,111.84,0,0,3,5,3,0,-,-,-,-,-,-,-,-,-,-,"September 23, 2016","December 19, 2024","February 20, 2019","July 07, 2023"
604302,Nicholas Pooran,"October 02, 1995, Trinidad",30y 278d,West Indies,Wicketkeeper Batter,2016 - 2024,2020/21,IPL 2020/21,PBKS,14,14,4,353,77,35.30,208,169.71,0,2,23,25,7,0,-,-,-,-,-,-,-,-,-,-,"September 23, 2016","December 19, 2024","February 20, 2019","July 07, 2023"
604302,Nicholas Pooran,"October 02, 1995, Trinidad",30y 278d,West Indies,Wicketkeeper Batter,2016 - 2024,2019,IPL 2019,PBKS,7,6,0,168,48,28.00,107,157.00,0,0,9,14,1,0,-,-,-,-,-,-,-,-,-,-,"September 23, 2016","December 19, 2024","February 20, 2019","July 07, 2023"
1175496,Kaki Nitish Kumar Reddy,"May 26, 2003, Visakhapatnam, Andhra Pradesh",23y 42d,India,Batting Allrounder,2024 - 2026,2026,IPL 2026,SRH,14,13,3,302,56,30.20,176,171.59,0,1,19,21,10,0,8,10.41,186,2/17,2/17,40.37,23.2,0,0,0,"October 06, 2024","January 22, 2025","October 19, 2025","June 20, 2026"
1175496,Kaki Nitish Kumar Reddy,"May 26, 2003, Visakhapatnam, Andhra Pradesh",23y 42d,India,Batting Allrounder,2024 - 2026,2025,IPL 2025,SRH,13,11,3,182,32,22.75,153,118.95,0,0,16,4,6,0,2,9.40,30,1/13,1/13,23.50,15.0,0,0,0,"October 06, 2024","January 22, 2025","October 19, 2025","June 20, 2026"
1175496,Kaki Nitish Kumar Reddy,"May 26, 2003, Visakhapatnam, Andhra Pradesh",23y 42d,India,Batting Allrounder,2024 - 2026,2024,IPL 2024,SRH,13,11,2,303,76*,33.66,212,142.92,0,2,15,21,5,0,3,11.62,79,2/17,2/17,51.00,26.3,0,0,0,"October 06, 2024","January 22, 2025","October 19, 2025","June 20, 2026"
1175496,Kaki Nitish Kumar Reddy,"May 26, 2003, Visakhapatnam, Andhra Pradesh",23y 42d,India,Batting Allrounder,2024 - 2026,2023,IPL 2023,SRH,2,-,-,-,-,-,-,-,-,-,-,-,1,0,0,10.80,30,-,-,-,-,0,0,0,"October 06, 2024","January 22, 2025","October 19, 2025","June 20, 2026"
32242,Parthiv Ajay Patel,"March 09, 1985, Ahmedabad, Gujarat",41y 120d,India,Wicketkeeper Batter,2002 - 2018,2019,IPL 2019,RCB,14,14,0,373,67,26.64,268,139.17,0,2,48,10,6,2,-,-,-,-,-,-,-,-,-,-,"June 04, 2011","August 31, 2011","January 04, 2003","February 21, 2012"
32242,Parthiv Ajay Patel,"March 09, 1985, Ahmedabad, Gujarat",41y 120d,India,Wicketkeeper Batter,2002 - 2018,2018,IPL 2018,RCB,6,6,1,153,53,30.60,109,140.36,0,1,20,4,3,0,-,-,-,-,-,-,-,-,-,-,"June 04, 2011","August 31, 2011","January 04, 2003","February 21, 2012"
32242,Parthiv Ajay Patel,"March 09, 1985, Ahmedabad, Gujarat",41y 120d,India,Wicketkeeper Batter,2002 - 2018,2017,IPL 2017,MI,16,16,0,395,70,24.68,293,134.81,0,2,49,8,6,2,-,-,-,-,-,-,-,-,-,-,"June 04, 2011","August 31, 2011","January 04, 2003","February 21, 2012"
32242,Parthiv Ajay Patel,"March 09, 1985, Ahmedabad, Gujarat",41y 120d,India,Wicketkeeper Batter,2002 - 2018,2016,IPL 2016,MI,10,10,0,177,81,17.70,152,116.44,0,1,23,4,9,1,-,-,-,-,-,-,-,-,-,-,"June 04, 2011","August 31, 2011","January 04, 2003","February 21, 2012"
32242,Parthiv Ajay Patel,"March 09, 1985, Ahmedabad, Gujarat",41y 120d,India,Wicketkeeper Batter,2002 - 2018,2015,IPL 2015,MI,14,14,1,339,59,26.07,246,137.80,0,2,47,5,7,3,-,-,-,-,-,-,-,-,-,-,"June 04, 2011","August 31, 2011","January 04, 2003","February 21, 2012"
32242,Parthiv Ajay Patel,"March 09, 1985, Ahmedabad, Gujarat",41y 120d,India,Wicketkeeper Batter,2002 - 2018,2014,IPL 2014,RCB,12,12,2,205,57*,20.50,185,110.81,0,1,30,1,11,1,-,-,-,-,-,-,-,-,-,-,"June 04, 2011","August 31, 2011","January 04, 2003","February 21, 2012"
32242,Parthiv Ajay Patel,"March 09, 1985, Ahmedabad, Gujarat",41y 120d,India,Wicketkeeper Batter,2002 - 2018,2013,IPL 2013,SRH,13,13,0,294,61,22.61,255,115.29,0,1,37,4,5,3,-,-,-,-,-,-,-,-,-,-,"June 04, 2011","August 31, 2011","January 04, 2003","February 21, 2012"
32242,Parthiv Ajay Patel,"March 09, 1985, Ahmedabad, Gujarat",41y 120d,India,Wicketkeeper Batter,2002 - 2018,2012,IPL 2012,DCH,14,13,2,194,45,17.63,165,117.57,0,0,19,4,5,1,-,-,-,-,-,-,-,-,-,-,"June 04, 2011","August 31, 2011","January 04, 2003","February 21, 2012"
32242,Parthiv Ajay Patel,"March 09, 1985, Ahmedabad, Gujarat",41y 120d,India,Wicketkeeper Batter,2002 - 2018,2011,IPL 2011,Kochi,14,13,3,202,37*,20.20,183,110.38,0,0,25,2,8,1,-,-,-,-,-,-,-,-,-,-,"June 04, 2011","August 31, 2011","January 04, 2003","February 21, 2012"
32242,Parthiv Ajay Patel,"March 09, 1985, Ahmedabad, Gujarat",41y 120d,India,Wicketkeeper Batter,2002 - 2018,2009/10,IPL 2009/10,CSK,4,4,0,72,57,18.00,79,91.13,0,1,6,2,0,2,-,-,-,-,-,-,-,-,-,-,"June 04, 2011","August 31, 2011","January 04, 2003","February 21, 2012"
32242,Parthiv Ajay Patel,"March 09, 1985, Ahmedabad, Gujarat",41y 120d,India,Wicketkeeper Batter,2002 - 2018,2009,IPL 2009,CSK,9,9,0,142,36,15.77,126,112.69,0,0,19,2,3,0,-,-,-,-,-,-,-,-,-,-,"June 04, 2011","August 31, 2011","January 04, 2003","February 21, 2012"
32242,Parthiv Ajay Patel,"March 09, 1985, Ahmedabad, Gujarat",41y 120d,India,Wicketkeeper Batter,2002 - 2018,2007/08,IPL 2007/08,CSK,13,13,2,302,54,27.45,297,101.68,0,2,42,3,6,0,-,-,-,-,-,-,-,-,-,-,"June 04, 2011","August 31, 2011","January 04, 2003","February 21, 2012"
378496,Parvez Ghulam Rasool Zargar,"February 13, 1989, Bijbehara, Jammu and Kashmir",37y 144d,India,Bowling Allrounder,2014 - 2017,2016,IPL 2016,RCB,4,1,0,10,10,10.00,9,111.11,0,0,1,0,2,0,1,9.21,84,1/31,1/31,129.00,84.0,0,0,0,"June 15, 2014","January 26, 2017","June 15, 2014","January 26, 2017"
378496,Parvez Ghulam Rasool Zargar,"February 13, 1989, Bijbehara, Jammu and Kashmir",37y 144d,India,Bowling Allrounder,2014 - 2017,2015,IPL 2015,SRH,2,1,1,2,2*,-,2,100.00,0,0,0,0,0,0,1,6.20,30,1/20,1/20,31.00,30.0,0,0,0,"June 15, 2014","January 26, 2017","June 15, 2014","January 26, 2017"
378496,Parvez Ghulam Rasool Zargar,"February 13, 1989, Bijbehara, Jammu and Kashmir",37y 144d,India,Bowling Allrounder,2014 - 2017,2014,IPL 2014,SRH,3,1,1,0,0*,-,0,-,0,0,0,0,1,0,1,9.22,54,1/26,1/26,83.00,54.0,0,0,0,"June 15, 2014","January 26, 2017","June 15, 2014","January 26, 2017"
378496,Parvez Ghulam Rasool Zargar,"February 13, 1989, Bijbehara, Jammu and Kashmir",37y 144d,India,Bowling Allrounder,2014 - 2017,2013,IPL 2013,PWI,2,2,1,5,4*,5.00,9,55.55,0,0,0,0,0,0,1,5.60,30,1/23,1/23,28.00,30.0,0,0,0,"June 15, 2014","January 26, 2017","June 15, 2014","January 26, 2017"
489889,Patrick James Cummins,"May 08, 1993, Westmead, Sydney",33y 60d,Australia,Bowler,2011 - 2025,2026,IPL 2026,SRH,8,3,0,30,19,10.00,19,157.89,0,0,1,3,2,0,8,9.59,192,3/28,3/28,38.37,24.0,0,0,0,"October 13, 2011","June 24, 2024","October 19, 2011","November 08, 2024"
489889,Patrick James Cummins,"May 08, 1993, Westmead, Sydney",33y 60d,Australia,Bowler,2011 - 2025,2025,IPL 2025,SRH,14,9,5,97,22*,24.25,58,167.24,0,0,6,7,5,0,16,9.06,298,3/19,3/19,28.12,18.6,0,0,0,"October 13, 2011","June 24, 2024","October 19, 2011","November 08, 2024"
489889,Patrick James Cummins,"May 08, 1993, Westmead, Sydney",33y 60d,Australia,Bowler,2011 - 2025,2024,IPL 2024,SRH,16,10,4,136,35*,22.66,95,143.15,0,0,9,8,7,0,18,9.27,366,3/43,3/43,31.44,20.3,0,0,0,"October 13, 2011","June 24, 2024","October 19, 2011","November 08, 2024"
489889,Patrick James Cummins,"May 08, 1993, Westmead, Sydney",33y 60d,Australia,Bowler,2011 - 2025,2022,IPL 2022,KKR,5,5,1,63,56*,15.75,24,262.50,0,1,5,6,1,0,7,10.68,119,3/22,3/22,30.28,17.0,0,0,0,"October 13, 2011","June 24, 2024","October 19, 2011","November 08, 2024"
489889,Patrick James Cummins,"May 08, 1993, Westmead, Sydney",33y 60d,Australia,Bowler,2011 - 2025,2021,IPL 2021,KKR,7,5,2,93,66*,31.00,56,166.07,0,1,5,8,2,0,9,8.83,161,3/24,3/24,26.33,17.8,0,0,0,"October 13, 2011","June 24, 2024","October 19, 2011","November 08, 2024"
489889,Patrick James Cummins,"May 08, 1993, Westmead, Sydney",33y 60d,Australia,Bowler,2011 - 2025,2020/21,IPL 2020/21,KKR,14,11,4,146,53*,20.85,114,128.07,0,1,9,8,3,0,12,7.86,312,4/34,4/34,34.08,26.0,1,0,0,"October 13, 2011","June 24, 2024","October 19, 2011","November 08, 2024"
489889,Patrick James Cummins,"May 08, 1993, Westmead, Sydney",33y 60d,Australia,Bowler,2011 - 2025,2017,IPL 2017,DC,12,9,4,77,24,15.40,53,145.28,0,0,5,4,1,0,15,8.07,277,2/20,2/20,24.86,18.4,0,0,0,"October 13, 2011","June 24, 2024","October 19, 2011","November 08, 2024"
489889,Patrick James Cummins,"May 08, 1993, Westmead, Sydney",33y 60d,Australia,Bowler,2011 - 2025,2015,IPL 2015,KKR,3,1,0,0,0,0.00,2,0.00,0,0,0,0,1,0,1,9.70,60,1/54,1/54,97.00,60.0,0,0,0,"October 13, 2011","June 24, 2024","October 19, 2011","November 08, 2024"
489889,Patrick James Cummins,"May 08, 1993, Westmead, Sydney",33y 60d,Australia,Bowler,2011 - 2025,2014,IPL 2014,KKR,1,-,-,-,-,-,-,-,-,-,-,-,0,0,1,7.25,24,1/29,1/29,29.00,24.0,0,0,0,"October 13, 2011","June 24, 2024","October 19, 2011","November 08, 2024"
1216167,Praful Prakash Hinge,"January 18, 2002, Nagpur, Vidarbha",24y 170d,India,Bowler,-,2026,IPL 2026,SRH,7,2,1,3,3,3.00,9,33.33,0,0,0,0,3,0,14,11.73,156,4/34,4/34,21.78,11.1,1,0,0,,,,
30732,Praveenkumar Sakat Singh,"October 02, 1986, Meerut, Uttar Pradesh",39y 278d,India,Bowler,2007 - 2012,2017,IPL 2017,GL,6,2,1,8,7*,8.00,9,88.88,0,0,0,0,0,0,6,9.15,99,2/22,2/22,25.16,16.5,0,0,0,"February 01, 2008","March 30, 2012","November 18, 2007","March 18, 2012"
30732,Praveenkumar Sakat Singh,"October 02, 1986, Meerut, Uttar Pradesh",39y 278d,India,Bowler,2007 - 2012,2016,IPL 2016,GL,16,7,3,24,15,6.00,26,92.30,0,0,3,0,2,0,9,7.78,309,2/19,2/19,44.55,34.3,0,0,0,"February 01, 2008","March 30, 2012","November 18, 2007","March 18, 2012"
30732,Praveenkumar Sakat Singh,"October 02, 1986, Meerut, Uttar Pradesh",39y 278d,India,Bowler,2007 - 2012,2015,IPL 2015,SRH,12,4,1,17,12,5.66,25,68.00,0,0,1,0,3,0,7,9.13,216,2/35,2/35,47.00,30.8,0,0,0,"February 01, 2008","March 30, 2012","November 18, 2007","March 18, 2012"
30732,Praveenkumar Sakat Singh,"October 02, 1986, Meerut, Uttar Pradesh",39y 278d,India,Bowler,2007 - 2012,2014,IPL 2014,MI,3,1,0,1,1,1.00,2,50.00,0,0,0,0,0,0,3,6.50,72,2/31,2/31,26.00,24.0,0,0,0,"February 01, 2008","March 30, 2012","November 18, 2007","March 18, 2012"
30732,Praveenkumar Sakat Singh,"October 02, 1986, Meerut, Uttar Pradesh",39y 278d,India,Bowler,2007 - 2012,2013,IPL 2013,PBKS,15,7,1,47,24,7.83,39,120.51,0,0,3,3,1,0,12,6.62,338,2/10,2/10,31.08,28.1,0,0,0,"February 01, 2008","March 30, 2012","November 18, 2007","March 18, 2012"
30732,Praveenkumar Sakat Singh,"October 02, 1986, Meerut, Uttar Pradesh",39y 278d,India,Bowler,2007 - 2012,2012,IPL 2012,PBKS,16,7,4,35,10,11.66,30,116.66,0,0,2,1,1,0,9,6.88,378,2/15,2/15,48.22,42.0,0,0,0,"February 01, 2008","March 30, 2012","November 18, 2007","March 18, 2012"
30732,Praveenkumar Sakat Singh,"October 02, 1986, Meerut, Uttar Pradesh",39y 278d,India,Bowler,2007 - 2012,2011,IPL 2011,PBKS,13,7,4,27,15*,9.00,31,87.09,0,0,2,1,2,0,10,7.50,276,2/19,2/19,34.50,27.6,0,0,0,"February 01, 2008","March 30, 2012","November 18, 2007","March 18, 2012"
30732,Praveenkumar Sakat Singh,"October 02, 1986, Meerut, Uttar Pradesh",39y 278d,India,Bowler,2007 - 2012,2009/10,IPL 2009/10,RCB,12,4,2,4,3*,2.00,8,50.00,0,0,0,0,1,0,10,8.44,270,3/18,3/18,38.00,27.0,0,0,0,"February 01, 2008","March 30, 2012","November 18, 2007","March 18, 2012"
30732,Praveenkumar Sakat Singh,"October 02, 1986, Meerut, Uttar Pradesh",39y 278d,India,Bowler,2007 - 2012,2009,IPL 2009,RCB,13,8,3,65,14*,13.00,46,141.30,0,0,1,6,1,0,13,7.93,298,3/30,3/30,30.30,22.9,0,0,0,"February 01, 2008","March 30, 2012","November 18, 2007","March 18, 2012"
30732,Praveenkumar Sakat Singh,"October 02, 1986, Meerut, Uttar Pradesh",39y 278d,India,Bowler,2007 - 2012,2007/08,IPL 2007/08,RCB,13,12,2,112,34,11.20,98,114.28,0,0,10,6,3,0,11,8.19,268,3/23,3/23,33.27,24.3,0,0,0,"February 01, 2008","March 30, 2012","November 18, 2007","March 18, 2012"
1070180,Priyam K Garg,"November 30, 2000, Meerut, Uttar Pradesh",25y 219d,India,Top order Batter,-,2023,IPL 2023,DC,2,2,0,22,12,11.00,23,95.65,0,0,1,0,0,0,-,-,-,-,-,-,-,-,-,-,,,,
1070180,Priyam K Garg,"November 30, 2000, Meerut, Uttar Pradesh",25y 219d,India,Top order Batter,-,2022,IPL 2022,SRH,2,2,0,46,42,23.00,33,139.39,0,0,4,2,3,0,-,-,-,-,-,-,-,-,-,-,,,,
1070180,Priyam K Garg,"November 30, 2000, Meerut, Uttar Pradesh",25y 219d,India,Top order Batter,-,2021,IPL 2021,SRH,5,5,0,72,29,14.40,74,97.29,0,0,2,3,0,0,-,-,-,-,-,-,-,-,-,-,,,,
1070180,Priyam K Garg,"November 30, 2000, Meerut, Uttar Pradesh",25y 219d,India,Top order Batter,-,2020/21,IPL 2020/21,SRH,14,10,1,133,51*,14.77,111,119.81,0,1,9,4,6,0,-,-,-,-,-,-,-,-,-,-,,,,
379143,Quinton de Kock,"December 17, 1992, Johannesburg, Gauteng",33y 202d,South Africa,Wicketkeeper Batter,2012 - 2026,2026,IPL 2026,MI,3,3,1,132,112*,66.00,81,162.96,1,0,9,9,2,1,-,-,-,-,-,-,-,-,-,-,"December 21, 2012","March 04, 2026","January 19, 2013","December 06, 2025"
379143,Quinton de Kock,"December 17, 1992, Johannesburg, Gauteng",33y 202d,South Africa,Wicketkeeper Batter,2012 - 2026,2025,IPL 2025,KKR,8,8,1,152,97*,21.71,117,129.91,0,1,9,11,3,0,-,-,-,-,-,-,-,-,-,-,"December 21, 2012","March 04, 2026","January 19, 2013","December 06, 2025"
379143,Quinton de Kock,"December 17, 1992, Johannesburg, Gauteng",33y 202d,South Africa,Wicketkeeper Batter,2012 - 2026,2024,IPL 2024,LSG,11,11,0,250,81,22.72,186,134.40,0,3,29,9,3,0,-,-,-,-,-,-,-,-,-,-,"December 21, 2012","March 04, 2026","January 19, 2013","December 06, 2025"
379143,Quinton de Kock,"December 17, 1992, Johannesburg, Gauteng",33y 202d,South Africa,Wicketkeeper Batter,2012 - 2026,2023,IPL 2023,LSG,4,4,0,143,70,35.75,102,140.19,0,1,10,8,2,1,-,-,-,-,-,-,-,-,-,-,"December 21, 2012","March 04, 2026","January 19, 2013","December 06, 2025"
379143,Quinton de Kock,"December 17, 1992, Johannesburg, Gauteng",33y 202d,South Africa,Wicketkeeper Batter,2012 - 2026,2022,IPL 2022,LSG,15,15,1,508,140*,36.28,341,148.97,1,3,47,23,12,1,-,-,-,-,-,-,-,-,-,-,"December 21, 2012","March 04, 2026","January 19, 2013","December 06, 2025"
379143,Quinton de Kock,"December 17, 1992, Johannesburg, Gauteng",33y 202d,South Africa,Wicketkeeper Batter,2012 - 2026,2021,IPL 2021,MI,11,11,1,297,70*,29.70,256,116.01,0,2,29,7,4,2,-,-,-,-,-,-,-,-,-,-,"December 21, 2012","March 04, 2026","January 19, 2013","December 06, 2025"
379143,Quinton de Kock,"December 17, 1992, Johannesburg, Gauteng",33y 202d,South Africa,Wicketkeeper Batter,2012 - 2026,2020/21,IPL 2020/21,MI,16,16,2,503,78*,35.92,358,140.50,0,4,46,22,18,4,-,-,-,-,-,-,-,-,-,-,"December 21, 2012","March 04, 2026","January 19, 2013","December 06, 2025"
379143,Quinton de Kock,"December 17, 1992, Johannesburg, Gauteng",33y 202d,South Africa,Wicketkeeper Batter,2012 - 2026,2019,IPL 2019,MI,16,16,1,529,81,35.26,398,132.91,0,4,45,25,17,2,-,-,-,-,-,-,-,-,-,-,"December 21, 2012","March 04, 2026","January 19, 2013","December 06, 2025"
379143,Quinton de Kock,"December 17, 1992, Johannesburg, Gauteng",33y 202d,South Africa,Wicketkeeper Batter,2012 - 2026,2018,IPL 2018,RCB,8,8,0,201,53,25.12,162,124.07,0,1,20,8,7,3,-,-,-,-,-,-,-,-,-,-,"December 21, 2012","March 04, 2026","January 19, 2013","December 06, 2025"
379143,Quinton de Kock,"December 17, 1992, Johannesburg, Gauteng",33y 202d,South Africa,Wicketkeeper Batter,2012 - 2026,2016,IPL 2016,DC,13,13,1,445,108,37.08,327,136.08,1,3,52,13,2,2,-,-,-,-,-,-,-,-,-,-,"December 21, 2012","March 04, 2026","January 19, 2013","December 06, 2025"
379143,Quinton de Kock,"December 17, 1992, Johannesburg, Gauteng",33y 202d,South Africa,Wicketkeeper Batter,2012 - 2026,2015,IPL 2015,DC,3,3,0,122,69,40.66,77,158.44,0,2,18,4,0,0,-,-,-,-,-,-,-,-,-,-,"December 21, 2012","March 04, 2026","January 19, 2013","December 06, 2025"
379143,Quinton de Kock,"December 17, 1992, Johannesburg, Gauteng",33y 202d,South Africa,Wicketkeeper Batter,2012 - 2026,2014,IPL 2014,DC,7,7,0,153,48,21.85,130,117.69,0,0,19,4,2,0,-,-,-,-,-,-,-,-,-,-,"December 21, 2012","March 04, 2026","January 19, 2013","December 06, 2025"
379143,Quinton de Kock,"December 17, 1992, Johannesburg, Gauteng",33y 202d,South Africa,Wicketkeeper Batter,2012 - 2026,2013,IPL 2013,SRH,3,3,0,6,4,2.00,15,40.00,0,0,1,0,3,1,-,-,-,-,-,-,-,-,-,-,"December 21, 2012","March 04, 2026","January 19, 2013","December 06, 2025"
1064812,Rahul Desraj Chahar,"August 04, 1999, Bharaatpur, Rajasthan",26y 337d,India,Bowler,2019 - 2021,2026,IPL 2026,CSK,1,-,-,-,-,-,-,-,-,-,-,-,1,0,0,11.50,24,-,-,-,-,0,0,0,"August 06, 2019","November 08, 2021","July 23, 2021","August 06, 2019"
1064812,Rahul Desraj Chahar,"August 04, 1999, Bharaatpur, Rajasthan",26y 337d,India,Bowler,2019 - 2021,2025,IPL 2025,SRH,1,-,-,-,-,-,-,-,-,-,-,-,0,0,0,9.00,6,-,-,-,-,0,0,0,"August 06, 2019","November 08, 2021","July 23, 2021","August 06, 2019"
1064812,Rahul Desraj Chahar,"August 04, 1999, Bharaatpur, Rajasthan",26y 337d,India,Bowler,2019 - 2021,2024,IPL 2024,PBKS,9,2,1,21,16,21.00,15,140.00,0,0,3,1,3,0,10,9.00,186,3/23,3/23,27.90,18.6,0,0,0,"August 06, 2019","November 08, 2021","July 23, 2021","August 06, 2019"
1064812,Rahul Desraj Chahar,"August 04, 1999, Bharaatpur, Rajasthan",26y 337d,India,Bowler,2019 - 2021,2023,IPL 2023,PBKS,14,3,1,0,0*,0.00,9,0.00,0,0,0,0,4,0,8,7.75,298,2/16,2/16,48.12,37.2,0,0,0,"August 06, 2019","November 08, 2021","July 23, 2021","August 06, 2019"
1064812,Rahul Desraj Chahar,"August 04, 1999, Bharaatpur, Rajasthan",26y 337d,India,Bowler,2019 - 2021,2022,IPL 2022,PBKS,13,8,2,77,25*,12.83,68,113.23,0,0,7,4,5,0,14,7.71,280,3/25,3/25,25.71,20.0,0,0,0,"August 06, 2019","November 08, 2021","July 23, 2021","August 06, 2019"
1064812,Rahul Desraj Chahar,"August 04, 1999, Bharaatpur, Rajasthan",26y 337d,India,Bowler,2019 - 2021,2021,IPL 2021,MI,11,5,0,14,8,2.80,15,93.33,0,0,1,0,3,0,13,7.39,258,4/27,4/27,24.46,19.8,1,0,0,"August 06, 2019","November 08, 2021","July 23, 2021","August 06, 2019"
1064812,Rahul Desraj Chahar,"August 04, 1999, Bharaatpur, Rajasthan",26y 337d,India,Bowler,2019 - 2021,2020/21,IPL 2020/21,MI,15,1,1,2,2*,-,4,50.00,0,0,0,0,4,0,15,8.16,318,2/18,2/18,28.86,21.2,0,0,0,"August 06, 2019","November 08, 2021","July 23, 2021","August 06, 2019"
1064812,Rahul Desraj Chahar,"August 04, 1999, Bharaatpur, Rajasthan",26y 337d,India,Bowler,2019 - 2021,2019,IPL 2019,MI,13,4,2,12,10,6.00,11,109.09,0,0,2,0,3,0,13,6.55,282,3/19,3/19,23.69,21.6,0,0,0,"August 06, 2019","November 08, 2021","July 23, 2021","August 06, 2019"
1064812,Rahul Desraj Chahar,"August 04, 1999, Bharaatpur, Rajasthan",26y 337d,India,Bowler,2019 - 2021,2017,IPL 2017,RPS,3,1,1,3,3*,-,2,150.00,0,0,0,0,1,0,2,8.28,42,1/26,1/26,29.00,21.0,0,0,0,"August 06, 2019","November 08, 2021","July 23, 2021","August 06, 2019"
446763,Rahul Ajay Tripathi,"March 02, 1991, Ranchi",35y 127d,India,Top order Batter,2023 - 2023,2025,IPL 2025,CSK,5,5,0,55,23,11.00,57,96.49,0,0,6,1,1,0,-,-,-,-,-,-,-,-,-,-,"January 05, 2023","February 01, 2023",,
446763,Rahul Ajay Tripathi,"March 02, 1991, Ranchi",35y 127d,India,Top order Batter,2023 - 2023,2024,IPL 2024,SRH,6,6,0,165,55,27.50,115,143.47,0,1,18,6,2,0,-,-,-,-,-,-,-,-,-,-,"January 05, 2023","February 01, 2023",,
446763,Rahul Ajay Tripathi,"March 02, 1991, Ranchi",35y 127d,India,Top order Batter,2023 - 2023,2023,IPL 2023,SRH,13,13,1,273,74*,22.75,213,128.16,0,1,29,10,2,0,-,-,-,-,-,-,-,-,-,-,"January 05, 2023","February 01, 2023",,
446763,Rahul Ajay Tripathi,"March 02, 1991, Ranchi",35y 127d,India,Top order Batter,2023 - 2023,2022,IPL 2022,SRH,14,14,3,413,76,37.54,261,158.23,0,3,40,20,6,0,-,-,-,-,-,-,-,-,-,-,"January 05, 2023","February 01, 2023",,
446763,Rahul Ajay Tripathi,"March 02, 1991, Ranchi",35y 127d,India,Top order Batter,2023 - 2023,2021,IPL 2021,KKR,17,16,2,397,74*,28.35,283,140.28,0,2,41,11,8,0,-,-,-,-,-,-,-,-,-,-,"January 05, 2023","February 01, 2023",,
446763,Rahul Ajay Tripathi,"March 02, 1991, Ranchi",35y 127d,India,Top order Batter,2023 - 2023,2020/21,IPL 2020/21,KKR,11,11,1,230,81,23.00,181,127.07,0,1,21,10,3,0,-,-,-,-,-,-,-,-,-,-,"January 05, 2023","February 01, 2023",,
446763,Rahul Ajay Tripathi,"March 02, 1991, Ranchi",35y 127d,India,Top order Batter,2023 - 2023,2019,IPL 2019,RR,8,7,1,141,50,23.50,118,119.49,0,1,13,2,3,0,-,-,-,-,-,-,-,-,-,-,"January 05, 2023","February 01, 2023",,
446763,Rahul Ajay Tripathi,"March 02, 1991, Ranchi",35y 127d,India,Top order Batter,2023 - 2023,2018,IPL 2018,RR,12,12,3,226,80*,25.11,167,135.32,0,1,18,8,4,0,-,-,-,-,-,-,-,-,-,-,"January 05, 2023","February 01, 2023",,
446763,Rahul Ajay Tripathi,"March 02, 1991, Ranchi",35y 127d,India,Top order Batter,2023 - 2023,2017,IPL 2017,RPS,14,14,0,391,93,27.92,267,146.44,0,2,43,17,5,0,0,12.00,6,-,-,-,-,0,0,0,"January 05, 2023","February 01, 2023",,
793463,Rashid Khan Arman,"September 20, 1998, Nangarhar",27y 290d,Afghanistan,Bowling Allrounder,2015 - 2026,2026,IPL 2026,GT,17,6,2,50,24,12.50,41,121.95,0,0,4,2,4,0,21,9.07,341,4/33,4/33,24.57,16.2,1,0,0,"October 26, 2015","February 19, 2026","October 18, 2015","June 20, 2026"
793463,Rashid Khan Arman,"September 20, 1998, Nangarhar",27y 290d,Afghanistan,Bowling Allrounder,2015 - 2026,2025,IPL 2025,GT,15,8,3,40,12,8.00,28,142.85,0,0,2,3,6,0,9,9.34,330,2/25,2/25,57.11,36.6,0,0,0,"October 26, 2015","February 19, 2026","October 18, 2015","June 20, 2026"
793463,Rashid Khan Arman,"September 20, 1998, Nangarhar",27y 290d,Afghanistan,Bowling Allrounder,2015 - 2026,2024,IPL 2024,GT,12,8,3,102,31,20.40,71,143.66,0,0,11,3,6,0,10,8.40,262,2/38,2/38,36.70,26.2,0,0,0,"October 26, 2015","February 19, 2026","October 18, 2015","June 20, 2026"
793463,Rashid Khan Arman,"September 20, 1998, Nangarhar",27y 290d,Afghanistan,Bowling Allrounder,2015 - 2026,2023,IPL 2023,GT,17,9,5,130,79*,32.50,60,216.66,0,1,8,13,10,0,27,8.23,402,4/30,4/30,20.44,14.8,1,0,0,"October 26, 2015","February 19, 2026","October 18, 2015","June 20, 2026"
793463,Rashid Khan Arman,"September 20, 1998, Nangarhar",27y 290d,Afghanistan,Bowling Allrounder,2015 - 2026,2022,IPL 2022,GT,16,8,4,91,40,22.75,44,206.81,0,0,3,9,7,0,19,6.59,383,4/24,4/24,22.15,20.1,1,0,0,"October 26, 2015","February 19, 2026","October 18, 2015","June 20, 2026"
793463,Rashid Khan Arman,"September 20, 1998, Nangarhar",27y 290d,Afghanistan,Bowling Allrounder,2015 - 2026,2021,IPL 2021,SRH,14,10,2,83,22,10.37,69,120.28,0,0,9,2,2,0,18,6.69,336,3/36,3/36,20.83,18.6,0,0,0,"October 26, 2015","February 19, 2026","October 18, 2015","June 20, 2026"
793463,Rashid Khan Arman,"September 20, 1998, Nangarhar",27y 290d,Afghanistan,Bowling Allrounder,2015 - 2026,2020/21,IPL 2020/21,SRH,16,7,3,35,14,8.75,30,116.66,0,0,3,2,3,0,20,5.37,384,3/7,3/7,17.20,19.2,0,0,0,"October 26, 2015","February 19, 2026","October 18, 2015","June 20, 2026"
793463,Rashid Khan Arman,"September 20, 1998, Nangarhar",27y 290d,Afghanistan,Bowling Allrounder,2015 - 2026,2019,IPL 2019,SRH,15,8,3,34,17*,6.80,23,147.82,0,0,2,2,4,0,17,6.28,360,3/21,3/21,22.17,21.1,0,0,0,"October 26, 2015","February 19, 2026","October 18, 2015","June 20, 2026"
793463,Rashid Khan Arman,"September 20, 1998, Nangarhar",27y 290d,Afghanistan,Bowling Allrounder,2015 - 2026,2018,IPL 2018,SRH,17,7,2,59,34*,11.80,31,190.32,0,0,3,6,6,0,21,6.73,408,3/19,3/19,21.80,19.4,0,0,0,"October 26, 2015","February 19, 2026","October 18, 2015","June 20, 2026"
793463,Rashid Khan Arman,"September 20, 1998, Nangarhar",27y 290d,Afghanistan,Bowling Allrounder,2015 - 2026,2017,IPL 2017,SRH,14,3,1,11,6*,5.50,9,122.22,0,0,0,1,5,0,17,6.62,324,3/19,3/19,21.05,19.0,0,0,0,"October 26, 2015","February 19, 2026","October 18, 2015","June 20, 2026"
10582,Ravinder Singh Bopara,"May 04, 1985, Forest Gate, London",41y 64d,England,Batting Allrounder,2007 - 2015,2015,IPL 2015,SRH,9,8,3,145,41,29.00,120,120.83,0,0,6,6,2,0,6,8.00,120,2/18,2/18,26.66,20.0,0,0,0,"June 13, 2008","September 07, 2014","February 02, 2007","March 13, 2015"
10582,Ravinder Singh Bopara,"May 04, 1985, Forest Gate, London",41y 64d,England,Batting Allrounder,2007 - 2015,2009/10,IPL 2009/10,PBKS,10,9,1,248,77,31.00,214,115.88,0,2,25,3,4,0,5,9.76,78,3/31,3/31,25.40,15.6,0,0,0,"June 13, 2008","September 07, 2014","February 02, 2007","March 13, 2015"
10582,Ravinder Singh Bopara,"May 04, 1985, Forest Gate, London",41y 64d,England,Batting Allrounder,2007 - 2015,2009,IPL 2009,PBKS,5,5,0,138,84,27.60,119,115.96,0,1,8,7,1,0,0,3.75,8,-,-,-,-,0,0,0,"June 13, 2008","September 07, 2014","February 02, 2007","March 13, 2015"
1327722,Ravichandran Smaran,"May 05, 2003",23y 63d,India,Batter,-,2026,IPL 2026,SRH,6,4,1,19,9,6.33,25,76.00,0,0,3,0,4,0,-,-,-,-,-,-,-,-,-,-,,,,
642531,Ricky Kannakumar Bhui,"September 29, 1996, Bhopal, Madhya Pradesh",29y 281d,India,Top order Batter,-,2024,IPL 2024,DC,2,2,0,3,3,1.50,9,33.33,0,0,0,0,0,0,-,-,-,-,-,-,-,-,-,-,,,,
642531,Ricky Kannakumar Bhui,"September 29, 1996, Bhopal, Madhya Pradesh",29y 281d,India,Top order Batter,-,2019,IPL 2019,SRH,1,1,0,7,7,7.00,12,58.33,0,0,0,0,0,0,-,-,-,-,-,-,-,-,-,-,,,,
642531,Ricky Kannakumar Bhui,"September 29, 1996, Bhopal, Madhya Pradesh",29y 281d,India,Top order Batter,-,2018,IPL 2018,SRH,1,1,0,0,0,0.00,5,0.00,0,0,0,0,0,0,-,-,-,-,-,-,-,-,-,-,,,,
677077,Romario Shepherd,"November 26, 1994, Guyana",31y 223d,West Indies,Bowling Allrounder,2019 - 2026,2026,IPL 2026,RCB,15,7,3,83,23*,20.75,66,125.75,0,0,6,5,3,0,7,11.92,150,3/54,3/54,42.57,21.4,0,0,0,"January 18, 2020","June 13, 2026","November 06, 2019","November 19, 2025"
677077,Romario Shepherd,"November 26, 1994, Guyana",31y 223d,West Indies,Bowling Allrounder,2019 - 2026,2025,IPL 2025,RCB,8,3,1,70,53*,35.00,24,291.66,0,1,5,7,4,0,6,10.78,84,2/14,2/14,25.16,14.0,0,0,0,"January 18, 2020","June 13, 2026","November 06, 2019","November 19, 2025"
677077,Romario Shepherd,"November 26, 1994, Guyana",31y 223d,West Indies,Bowling Allrounder,2019 - 2026,2024,IPL 2024,MI,6,5,3,57,39*,28.50,21,271.42,0,0,5,5,0,0,1,13.25,72,1/54,1/54,159.00,72.0,0,0,0,"January 18, 2020","June 13, 2026","November 06, 2019","November 19, 2025"
677077,Romario Shepherd,"November 26, 1994, Guyana",31y 223d,West Indies,Bowling Allrounder,2019 - 2026,2023,IPL 2023,LSG,1,1,0,0,0,0.00,1,0.00,0,0,0,0,0,0,-,-,-,-,-,-,-,-,-,-,"January 18, 2020","June 13, 2026","November 06, 2019","November 19, 2025"
677077,Romario Shepherd,"November 26, 1994, Guyana",31y 223d,West Indies,Bowling Allrounder,2019 - 2026,2022,IPL 2022,SRH,3,3,1,58,26*,29.00,41,141.46,0,0,2,5,0,0,3,10.88,54,2/42,2/42,32.66,18.0,0,0,0,"January 18, 2020","June 13, 2026","November 06, 2019","November 19, 2025"
432783,Sachin Baby,"December 18, 1988, Thodupuzha, Kerala",37y 201d,India,Batter,-,2025,IPL 2025,SRH,1,-,-,-,-,-,-,-,-,-,-,-,0,0,-,-,-,-,-,-,-,-,-,-,,,,
432783,Sachin Baby,"December 18, 1988, Thodupuzha, Kerala",37y 201d,India,Batter,-,2021,IPL 2021,RCB,1,1,0,7,7,7.00,17,41.17,0,0,0,0,0,0,-,-,-,-,-,-,-,-,-,-,,,,
432783,Sachin Baby,"December 18, 1988, Thodupuzha, Kerala",37y 201d,India,Batter,-,2017,IPL 2017,RCB,3,3,0,15,12,5.00,15,100.00,0,0,2,0,2,0,-,-,-,-,-,-,-,-,-,-,,,,
432783,Sachin Baby,"December 18, 1988, Thodupuzha, Kerala",37y 201d,India,Batter,-,2016,IPL 2016,RCB,11,6,2,119,33,29.75,79,150.63,0,0,9,5,1,0,2,4.80,10,2/4,2/4,4.00,5.0,0,0,0,,,,
432783,Sachin Baby,"December 18, 1988, Thodupuzha, Kerala",37y 201d,India,Batter,-,2013,IPL 2013,RR,4,1,0,3,3,3.00,7,42.85,0,0,0,0,2,0,-,-,-,-,-,-,-,-,-,-,,,,
1340422,Sakib Hussain,"December 14, 2004",21y 205d,India,Bowler,-,2026,IPL 2026,SRH,11,1,1,5,5*,-,7,71.42,0,0,1,0,1,0,15,9.45,252,4/24,4/24,26.46,16.8,1,0,0,,,,
1199281,Salil Arora,"November 07, 2002, Amristar, Punjab",23y 242d,India,Wicketkeeper Batter,-,2026,IPL 2026,SRH,14,11,4,156,35,22.28,98,159.18,0,0,11,11,3,0,-,-,-,-,-,-,-,-,-,-,,,,
438362,Sandeep Sharma,"May 18, 1993, Patiala, Punjab",33y 50d,India,Bowler,2015 - 2015,2026,IPL 2026,RR,6,-,-,-,-,-,-,-,-,-,-,-,3,0,5,11.38,118,2/26,2/26,44.80,23.6,0,0,0,"July 17, 2015","July 19, 2015",,
438362,Sandeep Sharma,"May 18, 1993, Patiala, Punjab",33y 50d,India,Bowler,2015 - 2015,2025,IPL 2025,RR,10,1,1,6,6*,-,5,120.00,0,0,0,0,1,0,9,9.89,219,2/21,2/21,40.11,24.3,0,0,0,"July 17, 2015","July 19, 2015",,
438362,Sandeep Sharma,"May 18, 1993, Patiala, Punjab",33y 50d,India,Bowler,2015 - 2015,2024,IPL 2024,RR,11,-,-,-,-,-,-,-,-,-,-,-,3,0,13,8.18,228,5/18,5/18,23.92,17.5,0,1,0,"July 17, 2015","July 19, 2015",,
438362,Sandeep Sharma,"May 18, 1993, Patiala, Punjab",33y 50d,India,Bowler,2015 - 2015,2023,IPL 2023,RR,12,2,2,2,2*,-,6,33.33,0,0,0,0,4,0,10,8.60,276,2/25,2/25,39.60,27.6,0,0,0,"July 17, 2015","July 19, 2015",,
438362,Sandeep Sharma,"May 18, 1993, Patiala, Punjab",33y 50d,India,Bowler,2015 - 2015,2022,IPL 2022,PBKS,5,-,-,-,-,-,-,-,-,-,-,-,2,0,2,7.65,120,1/18,1/18,76.50,60.0,0,0,0,"July 17, 2015","July 19, 2015",,
438362,Sandeep Sharma,"May 18, 1993, Patiala, Punjab",33y 50d,India,Bowler,2015 - 2015,2021,IPL 2021,SRH,7,2,1,8,8*,8.00,7,114.28,0,0,1,0,1,0,3,8.63,141,1/20,1/20,67.66,47.0,0,0,0,"July 17, 2015","July 19, 2015",,
438362,Sandeep Sharma,"May 18, 1993, Patiala, Punjab",33y 50d,India,Bowler,2015 - 2015,2020/21,IPL 2020/21,SRH,13,5,3,12,9,6.00,15,80.00,0,0,1,0,0,0,14,7.19,312,3/34,3/34,26.71,22.2,0,0,0,"July 17, 2015","July 19, 2015",,
438362,Sandeep Sharma,"May 18, 1993, Patiala, Punjab",33y 50d,India,Bowler,2015 - 2015,2019,IPL 2019,SRH,11,2,2,6,5*,-,3,200.00,0,0,1,0,1,0,12,8.25,256,3/19,3/19,29.33,21.3,0,0,0,"July 17, 2015","July 19, 2015",,
438362,Sandeep Sharma,"May 18, 1993, Patiala, Punjab",33y 50d,India,Bowler,2015 - 2015,2018,IPL 2018,SRH,12,3,1,0,0*,0.00,4,0.00,0,0,0,0,2,0,12,7.56,264,2/17,2/17,27.75,22.0,0,0,0,"July 17, 2015","July 19, 2015",,
438362,Sandeep Sharma,"May 18, 1993, Patiala, Punjab",33y 50d,India,Bowler,2015 - 2015,2017,IPL 2017,PBKS,13,4,4,7,5*,-,6,116.66,0,0,0,0,3,0,17,8.29,288,4/20,4/20,23.41,16.9,1,0,0,"July 17, 2015","July 19, 2015",,
438362,Sandeep Sharma,"May 18, 1993, Patiala, Punjab",33y 50d,India,Bowler,2015 - 2015,2016,IPL 2016,PBKS,14,4,4,8,5*,-,9,88.88,0,0,0,0,2,0,15,7.32,300,2/11,2/11,24.40,20.0,0,0,0,"July 17, 2015","July 19, 2015",,
438362,Sandeep Sharma,"May 18, 1993, Patiala, Punjab",33y 50d,India,Bowler,2015 - 2015,2015,IPL 2015,PBKS,14,3,2,9,7,9.00,14,64.28,0,0,1,0,2,0,13,7.00,300,4/25,4/25,26.92,23.0,1,0,0,"July 17, 2015","July 19, 2015",,
438362,Sandeep Sharma,"May 18, 1993, Patiala, Punjab",33y 50d,India,Bowler,2015 - 2015,2014,IPL 2014,PBKS,11,1,1,2,2*,-,5,40.00,0,0,0,0,1,0,18,8.81,241,3/15,3/15,19.66,13.3,0,0,0,"July 17, 2015","July 19, 2015",,
438362,Sandeep Sharma,"May 18, 1993, Patiala, Punjab",33y 50d,India,Bowler,2015 - 2015,2013,IPL 2013,PBKS,4,1,1,0,0*,-,1,0.00,0,0,0,0,0,0,8,7.43,96,3/21,3/21,14.87,12.0,0,0,0,"July 17, 2015","July 19, 2015",,
1132219,Sanvir Singh,"October 12, 1996, Ludhiana, Punjab",29y 268d,India,Allrounder,-,2024,IPL 2024,SRH,4,3,2,14,8*,14.00,12,116.66,0,0,1,0,3,0,-,-,-,-,-,-,-,-,-,-,,,,
1132219,Sanvir Singh,"October 12, 1996, Ludhiana, Punjab",29y 268d,India,Allrounder,-,2023,IPL 2023,SRH,2,2,1,11,7,11.00,9,122.22,0,0,1,1,0,0,-,-,-,-,-,-,-,-,-,-,,,,
398666,Sean Anthony Abbott,"February 29, 1992, Windsor, New South Wales",34y 129d,Australia,Bowling Allrounder,2014 - 2026,2022,IPL 2022,SRH,1,1,0,7,7,7.00,5,140.00,0,0,0,1,1,0,1,11.75,24,1/47,1/47,47.00,24.0,0,0,0,"October 05, 2014","January 31, 2026","October 07, 2014","August 24, 2025"
398666,Sean Anthony Abbott,"February 29, 1992, Windsor, New South Wales",34y 129d,Australia,Bowling Allrounder,2014 - 2026,2015,IPL 2015,RCB,2,2,0,15,14,7.50,13,115.38,0,0,1,1,0,0,0,11.40,30,-,-,-,-,0,0,0,"October 05, 2014","January 31, 2026","October 07, 2014","August 24, 2025"
1159711,Shahbaz Ahmed,"December 11, 1994, Mewat, Haryana",31y 208d,India,Allrounder,2022 - 2025,2026,IPL 2026,LSG,5,2,2,58,43*,-,41,141.46,0,0,4,3,0,0,5,11.64,67,2/30,2/30,26.00,13.4,0,0,0,"October 06, 2023","October 07, 2023","October 09, 2022","December 04, 2022"
1159711,Shahbaz Ahmed,"December 11, 1994, Mewat, Haryana",31y 208d,India,Allrounder,2022 - 2025,2025,IPL 2025,LSG,3,1,0,9,9,9.00,8,112.50,0,0,1,0,0,0,1,12.00,51,1/41,1/41,102.00,51.0,0,0,0,"October 06, 2023","October 07, 2023","October 09, 2022","December 04, 2022"
1159711,Shahbaz Ahmed,"December 11, 1994, Mewat, Haryana",31y 208d,India,Allrounder,2022 - 2025,2024,IPL 2024,SRH,16,12,3,215,59*,23.88,166,129.51,0,1,7,13,3,0,7,9.81,165,3/23,3/23,38.57,23.5,0,0,0,"October 06, 2023","October 07, 2023","October 09, 2022","December 04, 2022"
1159711,Shahbaz Ahmed,"December 11, 1994, Mewat, Haryana",31y 208d,India,Allrounder,2022 - 2025,2023,IPL 2023,RCB,10,6,2,42,20*,10.50,39,107.69,0,0,3,1,5,0,1,13.57,42,1/38,1/38,95.00,42.0,0,0,0,"October 06, 2023","October 07, 2023","October 09, 2022","December 04, 2022"
1159711,Shahbaz Ahmed,"December 11, 1994, Mewat, Haryana",31y 208d,India,Allrounder,2022 - 2025,2022,IPL 2022,RCB,16,11,3,219,45,27.37,181,120.99,0,0,14,9,8,0,4,9.60,210,2/26,2/26,84.00,52.5,0,0,0,"October 06, 2023","October 07, 2023","October 09, 2022","December 04, 2022"
1159711,Shahbaz Ahmed,"December 11, 1994, Mewat, Haryana",31y 208d,India,Allrounder,2022 - 2025,2021,IPL 2021,RCB,11,7,0,59,14,8.42,53,111.32,0,0,4,2,4,0,7,6.57,84,3/7,3/7,13.14,12.0,0,0,0,"October 06, 2023","October 07, 2023","October 09, 2022","December 04, 2022"
1159711,Shahbaz Ahmed,"December 11, 1994, Mewat, Haryana",31y 208d,India,Allrounder,2022 - 2025,2020/21,IPL 2020/21,RCB,2,1,1,1,1*,-,1,100.00,0,0,0,0,1,0,2,7.33,36,2/26,2/26,22.00,18.0,0,0,0,"October 06, 2023","October 07, 2023","October 09, 2022","December 04, 2022"
31872,Shahbaz Nadeem,"August 12, 1989, Bokaro, Bihar",36y 329d,India,Bowler,2019 - 2021,2021,IPL 2021,SRH,1,1,0,0,0,0.00,1,0.00,0,0,0,0,1,0,1,9.00,24,1/36,1/36,36.00,24.0,0,0,0,,,,
31872,Shahbaz Nadeem,"August 12, 1989, Bokaro, Bihar",36y 329d,India,Bowler,2019 - 2021,2020/21,IPL 2020/21,SRH,7,2,1,7,5,7.00,8,87.50,0,0,1,0,1,0,5,8.09,132,2/19,2/19,35.60,26.4,0,0,0,,,,
31872,Shahbaz Nadeem,"August 12, 1989, Bokaro, Bihar",36y 329d,India,Bowler,2019 - 2021,2019,IPL 2019,SRH,3,-,-,-,-,-,-,-,-,-,-,-,0,0,2,10.00,54,1/24,1/24,45.00,27.0,0,0,0,,,,
31872,Shahbaz Nadeem,"August 12, 1989, Bokaro, Bihar",36y 329d,India,Bowler,2019 - 2021,2018,IPL 2018,DC,6,1,1,6,6*,-,8,75.00,0,0,0,0,1,0,3,10.73,90,2/34,2/34,53.66,30.0,0,0,0,,,,
31872,Shahbaz Nadeem,"August 12, 1989, Bokaro, Bihar",36y 329d,India,Bowler,2019 - 2021,2017,IPL 2017,DC,7,4,1,2,2,0.66,9,22.22,0,0,0,0,2,0,6,6.67,107,2/13,2/13,19.83,17.8,0,0,0,,,,
31872,Shahbaz Nadeem,"August 12, 1989, Bokaro, Bihar",36y 329d,India,Bowler,2019 - 2021,2016,IPL 2016,DC,4,1,1,1,1*,-,5,20.00,0,0,0,0,0,0,2,8.46,90,2/23,2/23,63.50,45.0,0,0,0,,,,
31872,Shahbaz Nadeem,"August 12, 1989, Bokaro, Bihar",36y 329d,India,Bowler,2019 - 2021,2015,IPL 2015,DC,4,1,0,2,2,2.00,7,28.57,0,0,0,0,3,0,0,6.14,42,-,-,-,-,0,0,0,,,,
31872,Shahbaz Nadeem,"August 12, 1989, Bokaro, Bihar",36y 329d,India,Bowler,2019 - 2021,2014,IPL 2014,DC,11,3,1,7,3*,3.50,19,36.84,0,0,0,0,0,0,8,8.18,228,2/35,2/35,38.87,28.5,0,0,0,,,,
31872,Shahbaz Nadeem,"August 12, 1989, Bokaro, Bihar",36y 329d,India,Bowler,2019 - 2021,2013,IPL 2013,DC,12,6,1,14,6,2.80,27,51.85,0,0,1,0,5,0,9,5.88,264,2/17,2/17,28.77,29.3,0,0,0,,,,
31872,Shahbaz Nadeem,"August 12, 1989, Bokaro, Bihar",36y 329d,India,Bowler,2019 - 2021,2012,IPL 2012,DC,12,1,1,0,0*,-,2,0.00,0,0,0,0,3,0,8,7.06,270,3/16,3/16,39.75,33.7,0,0,0,,,,
31872,Shahbaz Nadeem,"August 12, 1989, Bokaro, Bihar",36y 329d,India,Bowler,2019 - 2021,2011,IPL 2011,DC,5,2,1,0,0*,0.00,1,0.00,0,0,0,0,0,0,4,7.47,114,2/39,2/39,35.50,28.5,0,0,0,,,,
56143,Shakib Al Hasan,"March 24, 1987, Magura, Jessore",39y 105d,Bangladesh,Allrounder,2006 - 2024,2021,IPL 2021,KKR,8,6,1,47,26,9.40,48,97.91,0,0,3,1,3,0,4,7.19,156,1/1,1/1,46.75,39.0,0,0,0,"November 28, 2006","June 24, 2024","August 06, 2006","November 06, 2023"
56143,Shakib Al Hasan,"March 24, 1987, Magura, Jessore",39y 105d,Bangladesh,Allrounder,2006 - 2024,2019,IPL 2019,SRH,3,1,0,9,9,9.00,10,90.00,0,0,0,0,0,0,2,8.76,65,1/26,1/26,47.50,32.5,0,0,0,"November 28, 2006","June 24, 2024","August 06, 2006","November 06, 2023"
56143,Shakib Al Hasan,"March 24, 1987, Magura, Jessore",39y 105d,Bangladesh,Allrounder,2006 - 2024,2018,IPL 2018,SRH,17,13,2,239,35,21.72,197,121.31,0,0,26,5,3,0,14,8.00,342,2/18,2/18,32.57,24.4,0,0,0,"November 28, 2006","June 24, 2024","August 06, 2006","November 06, 2023"
56143,Shakib Al Hasan,"March 24, 1987, Magura, Jessore",39y 105d,Bangladesh,Allrounder,2006 - 2024,2017,IPL 2017,KKR,1,1,1,1,1*,-,1,100.00,0,0,0,0,0,0,0,10.33,18,-,-,-,-,0,0,0,"November 28, 2006","June 24, 2024","August 06, 2006","November 06, 2023"
56143,Shakib Al Hasan,"March 24, 1987, Magura, Jessore",39y 105d,Bangladesh,Allrounder,2006 - 2024,2016,IPL 2016,KKR,10,7,2,114,66*,22.80,106,107.54,0,1,7,5,4,0,5,7.83,186,1/14,1/14,48.60,37.2,0,0,0,"November 28, 2006","June 24, 2024","August 06, 2006","November 06, 2023"
56143,Shakib Al Hasan,"March 24, 1987, Magura, Jessore",39y 105d,Bangladesh,Allrounder,2006 - 2024,2015,IPL 2015,KKR,4,3,0,36,23,12.00,27,133.33,0,0,5,0,0,0,4,8.78,84,2/22,2/22,30.75,21.0,0,0,0,"November 28, 2006","June 24, 2024","August 06, 2006","November 06, 2023"
56143,Shakib Al Hasan,"March 24, 1987, Magura, Jessore",39y 105d,Bangladesh,Allrounder,2006 - 2024,2014,IPL 2014,KKR,13,11,4,227,60,32.42,152,149.34,0,1,22,7,3,0,11,6.68,300,2/22,2/22,30.36,27.2,0,0,0,"November 28, 2006","June 24, 2024","August 06, 2006","November 06, 2023"
56143,Shakib Al Hasan,"March 24, 1987, Magura, Jessore",39y 105d,Bangladesh,Allrounder,2006 - 2024,2012,IPL 2012,KKR,8,7,1,91,42,15.16,74,122.97,0,0,6,3,1,0,12,6.50,180,3/17,3/17,16.25,15.0,0,0,0,"November 28, 2006","June 24, 2024","August 06, 2006","November 06, 2023"
56143,Shakib Al Hasan,"March 24, 1987, Magura, Jessore",39y 105d,Bangladesh,Allrounder,2006 - 2024,2011,IPL 2011,KKR,7,3,1,29,26,14.50,22,131.81,0,0,4,0,0,0,11,6.86,153,3/28,3/28,15.90,13.9,0,0,0,"November 28, 2006","June 24, 2024","August 06, 2006","November 06, 2023"
377534,Shashank Singh,"November 21, 1991",34y 228d,India,Batting Allrounder,-,2026,IPL 2026,PBKS,12,9,3,132,56,22.00,70,188.57,0,1,11,8,1,0,4,8.80,60,2/20,2/20,22.00,15.0,0,0,0,,,,
377534,Shashank Singh,"November 21, 1991",34y 228d,India,Batting Allrounder,-,2025,IPL 2025,PBKS,17,14,7,350,61*,50.00,228,153.50,0,3,23,18,7,0,0,13.50,12,-,-,-,-,0,0,0,,,,
377534,Shashank Singh,"November 21, 1991",34y 228d,India,Batting Allrounder,-,2024,IPL 2024,PBKS,14,14,6,354,68*,44.25,215,164.65,0,2,28,21,7,0,1,5.00,6,1/5,1/5,5.00,6.0,0,0,0,,,,
377534,Shashank Singh,"November 21, 1991",34y 228d,India,Batting Allrounder,-,2022,IPL 2022,SRH,10,5,1,69,25*,17.25,47,146.80,0,0,5,4,3,0,0,10.00,12,-,-,-,-,0,0,0,,,,
28235,Shikhar Dhawan,"December 05, 1985, Delhi",40y 214d,India,Opening Batter,2010 - 2022,2024,IPL 2024,PBKS,5,5,0,152,70,30.40,121,125.61,0,1,18,4,3,0,-,-,-,-,-,-,-,-,-,-,"June 04, 2011","July 29, 2021","October 20, 2010","December 10, 2022"
28235,Shikhar Dhawan,"December 05, 1985, Delhi",40y 214d,India,Opening Batter,2010 - 2022,2023,IPL 2023,PBKS,11,11,2,373,99*,41.44,261,142.91,0,3,49,12,4,0,-,-,-,-,-,-,-,-,-,-,"June 04, 2011","July 29, 2021","October 20, 2010","December 10, 2022"
28235,Shikhar Dhawan,"December 05, 1985, Delhi",40y 214d,India,Opening Batter,2010 - 2022,2022,IPL 2022,PBKS,14,14,2,460,88*,38.33,375,122.66,0,3,47,12,10,0,-,-,-,-,-,-,-,-,-,-,"June 04, 2011","July 29, 2021","October 20, 2010","December 10, 2022"
28235,Shikhar Dhawan,"December 05, 1985, Delhi",40y 214d,India,Opening Batter,2010 - 2022,2021,IPL 2021,DC,16,16,1,587,92,39.13,471,124.62,0,3,63,16,9,0,-,-,-,-,-,-,-,-,-,-,"June 04, 2011","July 29, 2021","October 20, 2010","December 10, 2022"
28235,Shikhar Dhawan,"December 05, 1985, Delhi",40y 214d,India,Opening Batter,2010 - 2022,2020/21,IPL 2020/21,DC,17,17,3,618,106*,44.14,427,144.73,2,4,67,12,5,0,-,-,-,-,-,-,-,-,-,-,"June 04, 2011","July 29, 2021","October 20, 2010","December 10, 2022"
28235,Shikhar Dhawan,"December 05, 1985, Delhi",40y 214d,India,Opening Batter,2010 - 2022,2019,IPL 2019,DC,16,16,1,521,97*,34.73,384,135.67,0,5,64,11,5,0,-,-,-,-,-,-,-,-,-,-,"June 04, 2011","July 29, 2021","October 20, 2010","December 10, 2022"
28235,Shikhar Dhawan,"December 05, 1985, Delhi",40y 214d,India,Opening Batter,2010 - 2022,2018,IPL 2018,SRH,16,16,3,497,92*,38.23,363,136.91,0,4,59,14,12,0,-,-,-,-,-,-,-,-,-,-,"June 04, 2011","July 29, 2021","October 20, 2010","December 10, 2022"
28235,Shikhar Dhawan,"December 05, 1985, Delhi",40y 214d,India,Opening Batter,2010 - 2022,2017,IPL 2017,SRH,14,14,1,479,77,36.84,376,127.39,0,3,53,9,7,0,-,-,-,-,-,-,-,-,-,-,"June 04, 2011","July 29, 2021","October 20, 2010","December 10, 2022"
28235,Shikhar Dhawan,"December 05, 1985, Delhi",40y 214d,India,Opening Batter,2010 - 2022,2016,IPL 2016,SRH,17,17,4,501,82*,38.53,429,116.78,0,4,51,8,5,0,-,-,-,-,-,-,-,-,-,-,"June 04, 2011","July 29, 2021","October 20, 2010","December 10, 2022"
28235,Shikhar Dhawan,"December 05, 1985, Delhi",40y 214d,India,Opening Batter,2010 - 2022,2015,IPL 2015,SRH,14,14,1,353,54,27.15,286,123.42,0,3,45,6,6,0,-,-,-,-,-,-,-,-,-,-,"June 04, 2011","July 29, 2021","October 20, 2010","December 10, 2022"
28235,Shikhar Dhawan,"December 05, 1985, Delhi",40y 214d,India,Opening Batter,2010 - 2022,2014,IPL 2014,SRH,14,14,1,377,64*,29.00,319,118.18,0,2,49,7,5,0,-,-,-,-,-,-,-,-,-,-,"June 04, 2011","July 29, 2021","October 20, 2010","December 10, 2022"
28235,Shikhar Dhawan,"December 05, 1985, Delhi",40y 214d,India,Opening Batter,2010 - 2022,2013,IPL 2013,SRH,10,10,2,311,73*,38.87,253,122.92,0,3,37,5,3,0,-,-,-,-,-,-,-,-,-,-,"June 04, 2011","July 29, 2021","October 20, 2010","December 10, 2022"
28235,Shikhar Dhawan,"December 05, 1985, Delhi",40y 214d,India,Opening Batter,2010 - 2022,2012,IPL 2012,DCH,15,15,1,569,84,40.64,439,129.61,0,5,58,18,5,0,3,9.16,36,1/8,1/8,18.33,12.0,0,0,0,"June 04, 2011","July 29, 2021","October 20, 2010","December 10, 2022"
28235,Shikhar Dhawan,"December 05, 1985, Delhi",40y 214d,India,Opening Batter,2010 - 2022,2011,IPL 2011,DCH,14,14,2,400,95*,33.33,310,129.03,0,2,47,7,6,0,1,5.50,12,1/7,1/7,11.00,12.0,0,0,0,"June 04, 2011","July 29, 2021","October 20, 2010","December 10, 2022"
28235,Shikhar Dhawan,"December 05, 1985, Delhi",40y 214d,India,Opening Batter,2010 - 2022,2009/10,IPL 2009/10,MI,10,10,0,191,56,19.10,170,112.35,0,2,23,3,4,0,-,-,-,-,-,-,-,-,-,-,"June 04, 2011","July 29, 2021","October 20, 2010","December 10, 2022"
28235,Shikhar Dhawan,"December 05, 1985, Delhi",40y 214d,India,Opening Batter,2010 - 2022,2009,IPL 2009,MI,5,4,0,40,22,10.00,45,88.88,0,0,3,0,2,0,-,-,-,-,-,-,-,-,-,-,"June 04, 2011","July 29, 2021","October 20, 2010","December 10, 2022"
28235,Shikhar Dhawan,"December 05, 1985, Delhi",40y 214d,India,Opening Batter,2010 - 2022,2007/08,IPL 2007/08,DC,14,14,5,340,68*,37.77,295,115.25,0,4,35,8,8,0,-,-,-,-,-,-,-,-,-,-,"June 04, 2011","July 29, 2021","October 20, 2010","December 10, 2022"
1512089,Shivang Kumar,"May 26, 2002",24y 42d,India,Bowling Allrounder,-,2026,IPL 2026,SRH,13,6,0,53,27,8.83,46,115.21,0,0,6,1,0,0,9,9.61,234,3/33,3/33,41.66,26.0,0,0,0,,,,
302579,Shreevats Pratyush Goswami,"May 18, 1989, Calcutta (now Kolkata), Bengal",37y 50d,India,Wicketkeeper Batter,-,2020/21,IPL 2020/21,SRH,2,2,0,0,0,0.00,4,0.00,0,0,0,0,1,0,-,-,-,-,-,-,-,-,-,-,,,,
302579,Shreevats Pratyush Goswami,"May 18, 1989, Calcutta (now Kolkata), Bengal",37y 50d,India,Wicketkeeper Batter,-,2018,IPL 2018,SRH,6,3,0,52,35,17.33,40,130.00,0,0,6,1,5,0,-,-,-,-,-,-,-,-,-,-,,,,
302579,Shreevats Pratyush Goswami,"May 18, 1989, Calcutta (now Kolkata), Bengal",37y 50d,India,Wicketkeeper Batter,-,2012,IPL 2012,RR,11,6,1,69,24,13.80,67,102.98,0,0,4,1,4,4,-,-,-,-,-,-,-,-,-,-,,,,
302579,Shreevats Pratyush Goswami,"May 18, 1989, Calcutta (now Kolkata), Bengal",37y 50d,India,Wicketkeeper Batter,-,2011,IPL 2011,KKR,5,4,0,29,22,7.25,29,100.00,0,0,5,0,4,1,-,-,-,-,-,-,-,-,-,-,,,,
302579,Shreevats Pratyush Goswami,"May 18, 1989, Calcutta (now Kolkata), Bengal",37y 50d,India,Wicketkeeper Batter,-,2009/10,IPL 2009/10,RCB,1,1,0,8,8,8.00,10,80.00,0,0,2,0,0,0,-,-,-,-,-,-,-,-,-,-,,,,
302579,Shreevats Pratyush Goswami,"May 18, 1989, Calcutta (now Kolkata), Bengal",37y 50d,India,Wicketkeeper Batter,-,2009,IPL 2009,RCB,2,2,0,53,43,26.50,60,88.33,0,0,6,0,1,0,-,-,-,-,-,-,-,-,-,-,,,,
302579,Shreevats Pratyush Goswami,"May 18, 1989, Calcutta (now Kolkata), Bengal",37y 50d,India,Wicketkeeper Batter,-,2007/08,IPL 2007/08,RCB,4,3,0,82,52,27.33,85,96.47,0,1,9,1,2,2,-,-,-,-,-,-,-,-,-,-,,,,
344580,Shreyas Gopal,"September 04, 1993, Banglaore, Karnataka",32y 306d,India,Bowler,-,2024,IPL 2024,MI,3,-,-,-,-,-,-,-,-,-,-,-,1,0,3,9.57,42,1/9,1/9,22.33,14.0,0,0,0,,,,
344580,Shreyas Gopal,"September 04, 1993, Banglaore, Karnataka",32y 306d,India,Bowler,-,2022,IPL 2022,SRH,1,1,1,9,9*,-,7,128.57,0,0,2,0,0,0,1,11.33,18,1/34,1/34,34.00,18.0,0,0,0,,,,
344580,Shreyas Gopal,"September 04, 1993, Banglaore, Karnataka",32y 306d,India,Bowler,-,2021,IPL 2021,RR,3,2,1,7,7*,7.00,5,140.00,0,0,0,1,0,0,0,12.00,42,-,-,-,-,0,0,0,,,,
344580,Shreyas Gopal,"September 04, 1993, Banglaore, Karnataka",32y 306d,India,Bowler,-,2020/21,IPL 2020/21,RR,14,5,1,37,23*,9.25,39,94.87,0,0,3,0,2,0,10,8.54,300,2/28,2/28,42.70,30.0,0,0,0,,,,
344580,Shreyas Gopal,"September 04, 1993, Banglaore, Karnataka",32y 306d,India,Bowler,-,2019,IPL 2019,RR,14,7,3,63,19*,15.75,46,136.95,0,0,8,1,5,0,20,7.22,288,3/12,3/12,17.35,14.4,0,0,0,,,,
344580,Shreyas Gopal,"September 04, 1993, Banglaore, Karnataka",32y 306d,India,Bowler,-,2018,IPL 2018,RR,11,4,1,50,24,16.66,45,111.11,0,0,5,0,3,0,11,7.61,186,4/16,4/16,21.45,16.9,1,0,0,,,,
344580,Shreyas Gopal,"September 04, 1993, Banglaore, Karnataka",32y 306d,India,Bowler,-,2016,IPL 2016,MI,1,1,0,2,2,2.00,16,12.50,0,0,0,0,0,0,0,6.00,18,-,-,-,-,0,0,0,,,,
344580,Shreyas Gopal,"September 04, 1993, Banglaore, Karnataka",32y 306d,India,Bowler,-,2015,IPL 2015,MI,1,1,1,1,1*,-,1,100.00,0,0,0,0,0,0,1,10.61,13,1/23,1/23,23.00,13.0,0,0,0,,,,
344580,Shreyas Gopal,"September 04, 1993, Banglaore, Karnataka",32y 306d,India,Bowler,-,2014,IPL 2014,MI,4,1,0,11,11,11.00,10,110.00,0,0,1,0,1,0,6,8.07,84,2/25,2/25,18.83,14.0,0,0,0,,,,
326017,Siddarth Kaul,"May 19, 1990, Pathankot, Punjab",36y 49d,India,Bowler,2018 - 2019,2022,IPL 2022,RCB,1,-,-,-,-,-,-,-,-,-,-,-,0,0,0,10.75,24,-,-,-,-,0,0,0,"June 29, 2018","February 27, 2019","July 12, 2018","September 25, 2018"
326017,Siddarth Kaul,"May 19, 1990, Pathankot, Punjab",36y 49d,India,Bowler,2018 - 2019,2021,IPL 2021,SRH,8,2,2,8,7*,-,8,100.00,0,0,1,0,1,0,7,8.23,180,2/31,2/31,35.28,25.7,0,0,0,"June 29, 2018","February 27, 2019","July 12, 2018","September 25, 2018"
326017,Siddarth Kaul,"May 19, 1990, Pathankot, Punjab",36y 49d,India,Bowler,2018 - 2019,2020/21,IPL 2020/21,SRH,1,-,-,-,-,-,-,-,-,-,-,-,0,0,2,16.00,24,2/64,2/64,32.00,12.0,0,0,0,"June 29, 2018","February 27, 2019","July 12, 2018","September 25, 2018"
326017,Siddarth Kaul,"May 19, 1990, Pathankot, Punjab",36y 49d,India,Bowler,2018 - 2019,2019,IPL 2019,SRH,7,2,1,0,0*,0.00,1,0.00,0,0,0,0,1,0,6,8.96,162,2/34,2/34,40.33,27.0,0,0,0,"June 29, 2018","February 27, 2019","July 12, 2018","September 25, 2018"
326017,Siddarth Kaul,"May 19, 1990, Pathankot, Punjab",36y 49d,India,Bowler,2018 - 2019,2018,IPL 2018,SRH,17,4,1,3,2,1.00,14,21.42,0,0,0,0,2,0,21,8.28,396,3/23,3/23,26.04,18.8,0,0,0,"June 29, 2018","February 27, 2019","July 12, 2018","September 25, 2018"
326017,Siddarth Kaul,"May 19, 1990, Pathankot, Punjab",36y 49d,India,Bowler,2018 - 2019,2017,IPL 2017,SRH,10,1,1,0,0*,-,2,0.00,0,0,0,0,3,0,16,8.41,214,4/29,4/29,18.75,13.3,1,0,0,"June 29, 2018","February 27, 2019","July 12, 2018","September 25, 2018"
326017,Siddarth Kaul,"May 19, 1990, Pathankot, Punjab",36y 49d,India,Bowler,2018 - 2019,2014,IPL 2014,DC,5,1,1,2,2*,-,2,100.00,0,0,0,0,0,0,2,9.69,78,1/5,1/5,63.00,39.0,0,0,0,"June 29, 2018","February 27, 2019","July 12, 2018","September 25, 2018"
326017,Siddarth Kaul,"May 19, 1990, Pathankot, Punjab",36y 49d,India,Bowler,2018 - 2019,2013,IPL 2013,DC,6,2,2,7,7*,-,9,77.77,0,0,0,0,1,0,4,7.78,131,2/27,2/27,42.50,32.7,0,0,0,"June 29, 2018","February 27, 2019","July 12, 2018","September 25, 2018"
1159722,Simarjeet Singh,"January 17, 1998, Delhi",28y 171d,India,Bowler,-,2025,IPL 2025,SRH,4,3,1,3,3*,1.50,7,42.85,0,0,0,0,0,0,2,14.10,60,2/46,2/46,70.50,30.0,0,0,0,,,,
1159722,Simarjeet Singh,"January 17, 1998, Delhi",28y 171d,India,Bowler,-,2024,IPL 2024,CSK,4,-,-,-,-,-,-,-,-,-,-,-,2,0,5,10.08,72,3/26,3/26,24.20,14.4,0,0,0,,,,
1159722,Simarjeet Singh,"January 17, 1998, Delhi",28y 171d,India,Bowler,-,2022,IPL 2022,CSK,6,3,2,7,3*,7.00,8,87.50,0,0,0,0,1,0,4,7.66,108,2/27,2/27,34.50,27.0,0,0,0,,,,
26798,Srikkanth Anirudha,"April 14, 1987, Madras (now Chennai), Tamil Nadu",39y 84d,India,Top order Batter,-,2014,IPL 2014,SRH,1,1,0,3,3,3.00,5,60.00,0,0,0,0,0,0,-,-,-,-,-,-,-,-,-,-,,,,
26798,Srikkanth Anirudha,"April 14, 1987, Madras (now Chennai), Tamil Nadu",39y 84d,India,Top order Batter,-,2013,IPL 2013,CSK,1,1,0,0,0,0.00,2,0.00,0,0,0,0,0,0,-,-,-,-,-,-,-,-,-,-,,,,
26798,Srikkanth Anirudha,"April 14, 1987, Madras (now Chennai), Tamil Nadu",39y 84d,India,Top order Batter,-,2012,IPL 2012,CSK,4,2,2,19,18*,-,7,271.42,0,0,1,2,0,0,-,-,-,-,-,-,-,-,-,-,,,,
26798,Srikkanth Anirudha,"April 14, 1987, Madras (now Chennai), Tamil Nadu",39y 84d,India,Top order Batter,-,2011,IPL 2011,CSK,9,5,1,83,64,20.75,74,112.16,0,1,6,3,8,0,-,-,-,-,-,-,-,-,-,-,,,,
26798,Srikkanth Anirudha,"April 14, 1987, Madras (now Chennai), Tamil Nadu",39y 84d,India,Top order Batter,-,2009/10,IPL 2009/10,CSK,4,3,2,30,24,30.00,18,166.66,0,0,2,2,3,0,-,-,-,-,-,-,-,-,-,-,,,,
26798,Srikkanth Anirudha,"April 14, 1987, Madras (now Chennai), Tamil Nadu",39y 84d,India,Top order Batter,-,2007/08,IPL 2007/08,CSK,1,1,0,1,1,1.00,7,14.28,0,0,0,0,0,0,-,-,-,-,-,-,-,-,-,-,,,,
802575,Thangarasu Natarajan,"April 04, 1991, Salem",35y 94d,India,Bowler,2020 - 2021,2026,IPL 2026,DC,10,1,1,1,1*,-,2,50.00,0,0,0,0,2,0,5,11.18,191,3/29,3/29,71.20,38.2,0,0,0,"December 04, 2020","March 20, 2021","December 02, 2020","March 28, 2021"
802575,Thangarasu Natarajan,"April 04, 1991, Salem",35y 94d,India,Bowler,2020 - 2021,2025,IPL 2025,DC,2,-,-,-,-,-,-,-,-,-,-,-,0,0,0,16.33,18,-,-,-,-,0,0,0,"December 04, 2020","March 20, 2021","December 02, 2020","March 28, 2021"
802575,Thangarasu Natarajan,"April 04, 1991, Salem",35y 94d,India,Bowler,2020 - 2021,2024,IPL 2024,SRH,14,-,-,-,-,-,-,-,-,-,-,-,2,0,19,9.05,308,4/19,4/19,24.47,16.2,1,0,0,"December 04, 2020","March 20, 2021","December 02, 2020","March 28, 2021"
802575,Thangarasu Natarajan,"April 04, 1991, Salem",35y 94d,India,Bowler,2020 - 2021,2023,IPL 2023,SRH,12,-,-,-,-,-,-,-,-,-,-,-,3,0,10,9.11,270,2/23,2/23,41.00,27.0,0,0,0,"December 04, 2020","March 20, 2021","December 02, 2020","March 28, 2021"
802575,Thangarasu Natarajan,"April 04, 1991, Salem",35y 94d,India,Bowler,2020 - 2021,2022,IPL 2022,SRH,11,-,-,-,-,-,-,-,-,-,-,-,1,0,18,9.44,258,3/10,3/10,22.55,14.3,0,0,0,"December 04, 2020","March 20, 2021","December 02, 2020","March 28, 2021"
802575,Thangarasu Natarajan,"April 04, 1991, Salem",35y 94d,India,Bowler,2020 - 2021,2021,IPL 2021,SRH,2,1,1,0,0*,-,0,-,0,0,0,0,0,0,2,8.62,48,1/32,1/32,34.50,24.0,0,0,0,"December 04, 2020","March 20, 2021","December 02, 2020","March 28, 2021"
802575,Thangarasu Natarajan,"April 04, 1991, Salem",35y 94d,India,Bowler,2020 - 2021,2020/21,IPL 2020/21,SRH,16,3,3,3,3*,-,5,60.00,0,0,0,0,3,0,16,8.02,377,2/24,2/24,31.50,23.5,0,0,0,"December 04, 2020","March 20, 2021","December 02, 2020","March 28, 2021"
802575,Thangarasu Natarajan,"April 04, 1991, Salem",35y 94d,India,Bowler,2020 - 2021,2017,IPL 2017,PBKS,6,-,-,-,-,-,-,-,-,-,-,-,0,0,2,9.07,76,1/26,1/26,57.50,38.0,0,0,0,"December 04, 2020","March 20, 2021","December 02, 2020","March 28, 2021"
319744,Xavier Thalaivan Sargunam,"May 15, 1985, Nagar Kowil, Tamil Nadu",41y 53d,India,,-,2013,IPL 2013,SRH,1,1,0,10,10,10.00,17,58.82,0,0,0,0,0,0,-,-,-,-,-,-,-,-,-,-,,,,
233514,Narangoda Liyanaarachchilage Thisara Chirantha Perera,"April 03, 1989, Colombo",37y 95d,Sri Lanka,Bowling Allrounder,2009 - 2021,2016,IPL 2016,RPS,12,10,3,150,34,21.42,93,161.29,0,0,7,11,5,0,9,9.82,199,3/34,3/34,36.22,22.1,0,0,0,"May 03, 2010","March 07, 2021","December 24, 2009","March 14, 2021"
233514,Narangoda Liyanaarachchilage Thisara Chirantha Perera,"April 03, 1989, Colombo",37y 95d,Sri Lanka,Bowling Allrounder,2009 - 2021,2015,IPL 2015,PBKS,2,2,0,12,9,6.00,15,80.00,0,0,0,1,0,0,1,9.16,36,1/33,1/33,55.00,36.0,0,0,0,"May 03, 2010","March 07, 2021","December 24, 2009","March 14, 2021"
233514,Narangoda Liyanaarachchilage Thisara Chirantha Perera,"April 03, 1989, Colombo",37y 95d,Sri Lanka,Bowling Allrounder,2009 - 2021,2013,IPL 2013,SRH,16,14,4,233,40,23.30,163,142.94,0,0,12,14,5,0,19,8.01,358,3/20,3/20,25.15,18.8,0,0,0,"May 03, 2010","March 07, 2021","December 24, 2009","March 14, 2021"
233514,Narangoda Liyanaarachchilage Thisara Chirantha Perera,"April 03, 1989, Colombo",37y 95d,Sri Lanka,Bowling Allrounder,2009 - 2021,2012,IPL 2012,MI,2,2,1,4,4*,4.00,9,44.44,0,0,0,0,2,0,0,10.80,15,-,-,-,-,0,0,0,"May 03, 2010","March 07, 2021","December 24, 2009","March 14, 2021"
233514,Narangoda Liyanaarachchilage Thisara Chirantha Perera,"April 03, 1989, Colombo",37y 95d,Sri Lanka,Bowling Allrounder,2009 - 2021,2011,IPL 2011,Kochi,4,2,0,23,22,11.50,27,85.18,0,0,4,0,0,0,2,7.92,84,1/30,1/30,55.50,42.0,0,0,0,"May 03, 2010","March 07, 2021","December 24, 2009","March 14, 2021"
233514,Narangoda Liyanaarachchilage Thisara Chirantha Perera,"April 03, 1989, Colombo",37y 95d,Sri Lanka,Bowling Allrounder,2009 - 2021,2009/10,IPL 2009/10,CSK,1,-,-,-,-,-,-,-,-,-,-,-,0,0,0,19.00,6,-,-,-,-,0,0,0,"May 03, 2010","March 07, 2021","December 24, 2009","March 14, 2021"
530011,Travis Michael Head,"December 29, 1993, Adelaide, South Australia",32y 190d,Australia,Middle order Batter,2016 - 2026,2026,IPL 2026,SRH,15,15,0,410,76,27.33,241,170.12,0,2,46,23,0,0,1,7.00,6,1/7,1/7,7.00,6.0,0,0,0,"January 26, 2016","February 20, 2026","June 13, 2016","October 25, 2025"
530011,Travis Michael Head,"December 29, 1993, Adelaide, South Australia",32y 190d,Australia,Middle order Batter,2016 - 2026,2025,IPL 2025,SRH,13,12,0,374,76,31.16,230,162.60,0,3,50,15,3,0,-,-,-,-,-,-,-,-,-,-,"January 26, 2016","February 20, 2026","June 13, 2016","October 25, 2025"
530011,Travis Michael Head,"December 29, 1993, Adelaide, South Australia",32y 190d,Australia,Middle order Batter,2016 - 2026,2024,IPL 2024,SRH,15,15,1,567,102,40.50,296,191.55,1,4,64,32,0,0,0,19.20,10,-,-,-,-,0,0,0,"January 26, 2016","February 20, 2026","June 13, 2016","October 25, 2025"
530011,Travis Michael Head,"December 29, 1993, Adelaide, South Australia",32y 190d,Australia,Middle order Batter,2016 - 2026,2017,IPL 2017,RCB,7,7,2,151,75*,30.20,108,139.81,0,1,9,6,3,0,2,10.12,48,2/30,2/30,40.50,24.0,0,0,0,"January 26, 2016","February 20, 2026","June 13, 2016","October 25, 2025"
530011,Travis Michael Head,"December 29, 1993, Adelaide, South Australia",32y 190d,Australia,Middle order Batter,2016 - 2026,2016,IPL 2016,RCB,3,3,1,54,37,27.00,40,135.00,0,0,3,2,0,0,-,-,-,-,-,-,-,-,-,-,"January 26, 2016","February 20, 2026","June 13, 2016","October 25, 2025"
277912,Trent Alexander Boult,"July 22, 1989, Rotorua",36y 350d,New Zealand,Bowler,2011 - 2024,2026,IPL 2026,MI,5,2,1,8,7*,8.00,4,200.00,0,0,0,1,1,0,2,11.62,97,1/41,1/41,94.00,48.5,0,0,0,"February 09, 2013","June 17, 2024","July 11, 2012","November 15, 2023"
277912,Trent Alexander Boult,"July 22, 1989, Rotorua",36y 350d,New Zealand,Bowler,2011 - 2024,2025,IPL 2025,MI,16,2,1,2,1*,2.00,3,66.66,0,0,0,0,1,0,22,8.96,346,4/26,4/26,23.50,15.7,1,0,0,"February 09, 2013","June 17, 2024","July 11, 2012","November 15, 2023"
277912,Trent Alexander Boult,"July 22, 1989, Rotorua",36y 350d,New Zealand,Bowler,2011 - 2024,2024,IPL 2024,RR,16,5,3,14,12,7.00,16,87.50,0,0,2,0,4,0,16,8.30,320,3/22,3/22,27.68,20.0,0,0,0,"February 09, 2013","June 17, 2024","July 11, 2012","November 15, 2023"
277912,Trent Alexander Boult,"July 22, 1989, Rotorua",36y 350d,New Zealand,Bowler,2011 - 2024,2023,IPL 2023,RR,10,4,3,16,15,16.00,14,114.28,0,0,1,1,5,0,13,8.21,228,3/29,3/29,24.00,17.5,0,0,0,"February 09, 2013","June 17, 2024","July 11, 2012","November 15, 2023"
277912,Trent Alexander Boult,"July 22, 1989, Rotorua",36y 350d,New Zealand,Bowler,2011 - 2024,2022,IPL 2022,RR,16,8,6,40,17*,20.00,29,137.93,0,0,2,1,2,0,16,7.93,372,2/18,2/18,30.75,23.2,0,0,0,"February 09, 2013","June 17, 2024","July 11, 2012","November 15, 2023"
277912,Trent Alexander Boult,"July 22, 1989, Rotorua",36y 350d,New Zealand,Bowler,2011 - 2024,2021,IPL 2021,MI,14,4,4,1,1*,-,4,25.00,0,0,0,0,5,0,13,7.90,308,3/28,3/28,31.23,23.6,0,0,0,"February 09, 2013","June 17, 2024","July 11, 2012","November 15, 2023"
277912,Trent Alexander Boult,"July 22, 1989, Rotorua",36y 350d,New Zealand,Bowler,2011 - 2024,2020/21,IPL 2020/21,MI,15,1,0,0,0,0.00,1,0.00,0,0,0,0,4,0,25,7.97,344,4/18,4/18,18.28,13.7,1,0,0,"February 09, 2013","June 17, 2024","July 11, 2012","November 15, 2023"
277912,Trent Alexander Boult,"July 22, 1989, Rotorua",36y 350d,New Zealand,Bowler,2011 - 2024,2019,IPL 2019,DC,5,3,2,7,6,7.00,4,175.00,0,0,0,1,2,0,5,8.57,114,2/27,2/27,32.60,22.8,0,0,0,"February 09, 2013","June 17, 2024","July 11, 2012","November 15, 2023"
277912,Trent Alexander Boult,"July 22, 1989, Rotorua",36y 350d,New Zealand,Bowler,2011 - 2024,2018,IPL 2018,DC,14,1,0,0,0,0.00,2,0.00,0,0,0,0,9,0,18,8.84,316,2/20,2/20,25.88,17.5,0,0,0,"February 09, 2013","June 17, 2024","July 11, 2012","November 15, 2023"
277912,Trent Alexander Boult,"July 22, 1989, Rotorua",36y 350d,New Zealand,Bowler,2011 - 2024,2017,IPL 2017,KKR,6,1,1,5,5*,-,8,62.50,0,0,0,0,0,0,5,9.06,143,2/30,2/30,43.20,28.6,0,0,0,"February 09, 2013","June 17, 2024","July 11, 2012","November 15, 2023"
277912,Trent Alexander Boult,"July 22, 1989, Rotorua",36y 350d,New Zealand,Bowler,2011 - 2024,2016,IPL 2016,SRH,1,-,-,-,-,-,-,-,-,-,-,-,1,0,1,9.75,24,1/39,1/39,39.00,24.0,0,0,0,"February 09, 2013","June 17, 2024","July 11, 2012","November 15, 2023"
277912,Trent Alexander Boult,"July 22, 1989, Rotorua",36y 350d,New Zealand,Bowler,2011 - 2024,2015,IPL 2015,SRH,7,-,-,-,-,-,-,-,-,-,-,-,2,0,9,8.42,168,3/19,3/19,26.22,18.6,0,0,0,"February 09, 2013","June 17, 2024","July 11, 2012","November 15, 2023"
1246528,Umran Malik,"November 22, 1999, Gujjar Nagar, Jammu & Kashmir",26y 227d,India,Bowler,2022 - 2023,2024,IPL 2024,SRH,1,-,-,-,-,-,-,-,-,-,-,-,0,0,0,15.00,6,-,-,-,-,0,0,0,"June 26, 2022","February 01, 2023","November 25, 2022","July 29, 2023"
1246528,Umran Malik,"November 22, 1999, Gujjar Nagar, Jammu & Kashmir",26y 227d,India,Bowler,2022 - 2023,2023,IPL 2023,SRH,8,2,1,19,19*,19.00,8,237.50,0,0,1,2,1,0,5,10.85,120,2/32,2/32,43.40,24.0,0,0,0,"June 26, 2022","February 01, 2023","November 25, 2022","July 29, 2023"
1246528,Umran Malik,"November 22, 1999, Gujjar Nagar, Jammu & Kashmir",26y 227d,India,Bowler,2022 - 2023,2022,IPL 2022,SRH,14,4,3,4,3*,4.00,8,50.00,0,0,0,0,5,0,22,9.03,295,5/25,5/25,20.18,13.4,1,1,0,"June 26, 2022","February 01, 2023","November 25, 2022","July 29, 2023"
1246528,Umran Malik,"November 22, 1999, Gujjar Nagar, Jammu & Kashmir",26y 227d,India,Bowler,2022 - 2023,2021,IPL 2021,SRH,3,-,-,-,-,-,-,-,-,-,-,-,0,0,2,8.00,72,1/21,1/21,48.00,36.0,0,0,0,"June 26, 2022","February 01, 2023","November 25, 2022","July 29, 2023"
35805,Yalaka Venugopal Rao,"February 26, 1982, Visakhapatnam, Andhra Pradesh",44y 131d,India,Middle order Batter,2005 - 2006,2014,IPL 2014,SRH,7,5,2,71,27,23.66,63,112.69,0,0,8,0,2,0,0,8.00,12,-,-,-,-,0,0,0,,,"July 30, 2005","May 23, 2006"
35805,Yalaka Venugopal Rao,"February 26, 1982, Visakhapatnam, Andhra Pradesh",44y 131d,India,Middle order Batter,2005 - 2006,2013,IPL 2013,DC,1,-,-,-,-,-,-,-,-,-,-,-,0,0,-,-,-,-,-,-,-,-,-,-,,,"July 30, 2005","May 23, 2006"
35805,Yalaka Venugopal Rao,"February 26, 1982, Visakhapatnam, Andhra Pradesh",44y 131d,India,Middle order Batter,2005 - 2006,2012,IPL 2012,DC,10,7,1,132,36,22.00,126,104.76,0,0,8,5,0,0,0,13.00,12,-,-,-,-,0,0,0,,,"July 30, 2005","May 23, 2006"
35805,Yalaka Venugopal Rao,"February 26, 1982, Visakhapatnam, Andhra Pradesh",44y 131d,India,Middle order Batter,2005 - 2006,2011,IPL 2011,DC,14,14,2,336,60,28.00,280,120.00,0,1,30,13,4,0,0,13.00,12,-,-,-,-,0,0,0,,,"July 30, 2005","May 23, 2006"
35805,Yalaka Venugopal Rao,"February 26, 1982, Visakhapatnam, Andhra Pradesh",44y 131d,India,Middle order Batter,2005 - 2006,2009/10,IPL 2009/10,DCH,6,5,1,34,24,8.50,43,79.06,0,0,3,1,0,0,0,10.00,6,-,-,-,-,0,0,0,,,"July 30, 2005","May 23, 2006"
35805,Yalaka Venugopal Rao,"February 26, 1982, Visakhapatnam, Andhra Pradesh",44y 131d,India,Middle order Batter,2005 - 2006,2009,IPL 2009,DCH,16,13,2,124,32,11.27,114,108.77,0,0,6,3,7,0,4,8.13,90,2/23,2/23,30.50,22.5,0,0,0,,,"July 30, 2005","May 23, 2006"
35805,Yalaka Venugopal Rao,"February 26, 1982, Visakhapatnam, Andhra Pradesh",44y 131d,India,Middle order Batter,2005 - 2006,2007/08,IPL 2007/08,DCH,11,10,2,288,71*,36.00,210,137.14,0,2,22,15,0,0,2,9.78,84,2/25,2/25,68.50,42.0,0,0,0,,,"July 30, 2005","May 23, 2006"
477021,Vijay Shankar,"January 26, 1991, Tirunelveli, Tamil Nadu",35y 162d,India,Allrounder,2018 - 2019,2025,IPL 2025,CSK,6,5,2,118,69*,39.33,91,129.67,0,1,8,3,2,0,-,-,-,-,-,-,-,-,-,-,"March 06, 2018","February 27, 2019","January 18, 2019","June 27, 2019"
477021,Vijay Shankar,"January 26, 1991, Tirunelveli, Tamil Nadu",35y 162d,India,Allrounder,2018 - 2019,2024,IPL 2024,GT,7,7,2,83,17,16.60,72,115.27,0,0,7,2,3,0,-,-,-,-,-,-,-,-,-,-,"March 06, 2018","February 27, 2019","January 18, 2019","June 27, 2019"
477021,Vijay Shankar,"January 26, 1991, Tirunelveli, Tamil Nadu",35y 162d,India,Allrounder,2018 - 2019,2023,IPL 2023,GT,14,10,2,301,63*,37.62,188,160.10,0,3,27,15,2,0,-,-,-,-,-,-,-,-,-,-,"March 06, 2018","February 27, 2019","January 18, 2019","June 27, 2019"
477021,Vijay Shankar,"January 26, 1991, Tirunelveli, Tamil Nadu",35y 162d,India,Allrounder,2018 - 2019,2022,IPL 2022,GT,4,4,0,19,13,4.75,35,54.28,0,0,1,0,3,0,0,10.00,9,-,-,-,-,0,0,0,"March 06, 2018","February 27, 2019","January 18, 2019","June 27, 2019"
477021,Vijay Shankar,"January 26, 1991, Tirunelveli, Tamil Nadu",35y 162d,India,Allrounder,2018 - 2019,2021,IPL 2021,SRH,7,5,0,58,28,11.60,52,111.53,0,0,1,3,3,0,3,9.09,66,2/19,2/19,33.33,22.0,0,0,0,"March 06, 2018","February 27, 2019","January 18, 2019","June 27, 2019"
477021,Vijay Shankar,"January 26, 1991, Tirunelveli, Tamil Nadu",35y 162d,India,Allrounder,2018 - 2019,2020/21,IPL 2020/21,SRH,7,5,1,97,52*,24.25,96,101.04,0,1,10,1,1,0,4,6.22,79,1/11,1/11,20.50,19.7,0,0,0,"March 06, 2018","February 27, 2019","January 18, 2019","June 27, 2019"
477021,Vijay Shankar,"January 26, 1991, Tirunelveli, Tamil Nadu",35y 162d,India,Allrounder,2018 - 2019,2019,IPL 2019,SRH,15,14,2,244,40*,20.33,193,126.42,0,0,11,12,10,0,1,8.75,48,1/11,1/11,70.00,48.0,0,0,0,"March 06, 2018","February 27, 2019","January 18, 2019","June 27, 2019"
477021,Vijay Shankar,"January 26, 1991, Tirunelveli, Tamil Nadu",35y 162d,India,Allrounder,2018 - 2019,2018,IPL 2018,DC,13,11,7,212,54*,53.00,148,143.24,0,1,11,11,6,0,1,11.60,30,1/22,1/22,58.00,30.0,0,0,0,"March 06, 2018","February 27, 2019","January 18, 2019","June 27, 2019"
477021,Vijay Shankar,"January 26, 1991, Tirunelveli, Tamil Nadu",35y 162d,India,Allrounder,2018 - 2019,2017,IPL 2017,SRH,4,4,2,101,63*,50.50,75,134.66,0,1,12,1,1,0,-,-,-,-,-,-,-,-,-,-,"March 06, 2018","February 27, 2019","January 18, 2019","June 27, 2019"
477021,Vijay Shankar,"January 26, 1991, Tirunelveli, Tamil Nadu",35y 162d,India,Allrounder,2018 - 2019,2014,IPL 2014,CSK,1,-,-,-,-,-,-,-,-,-,-,-,0,0,0,19.00,6,-,-,-,-,0,0,0,"March 06, 2018","February 27, 2019","January 18, 2019","June 27, 2019"
1153149,Vijayakanth Viyaskanth,"December 05, 2001, Jaffna",24y 214d,Sri Lanka,Bowler,2023 - 2025,2024,IPL 2024,SRH,3,1,1,7,7*,-,5,140.00,0,0,0,0,2,0,1,8.60,60,1/37,1/37,86.00,60.0,0,0,0,"October 04, 2023","November 22, 2025",,
720465,Virat Binod Singh,"December 08, 1997, East Singhbhum, Bihar",28y 211d,India,Top order Batter,-,2021,IPL 2021,SRH,3,2,0,15,11,7.50,26,57.69,0,0,1,0,2,0,-,-,-,-,-,-,-,-,-,-,,,,
1252370,Vivrant Sharma,"October 30, 1999, Jammu, India",26y 250d,India,Allrounder,-,2023,IPL 2023,SRH,3,1,0,69,69,69.00,47,146.80,0,1,9,2,0,0,0,12.33,18,-,-,-,-,0,0,0,,,,
719715,Washington Sundar,"October 05, 1999, Chennai, Tamil Nadu",26y 275d,India,Bowling Allrounder,2017 - 2026,2026,IPL 2026,GT,17,16,6,377,55,37.70,251,150.19,0,3,40,12,6,0,1,9.16,55,1/27,1/27,84.00,55.0,0,0,0,"December 24, 2017","June 26, 2026","December 13, 2017","June 20, 2026"
719715,Washington Sundar,"October 05, 1999, Chennai, Tamil Nadu",26y 275d,India,Bowling Allrounder,2017 - 2026,2025,IPL 2025,GT,6,5,0,133,49,26.60,80,166.25,0,0,10,7,3,0,2,10.24,65,1/28,1/28,55.50,32.5,0,0,0,"December 24, 2017","June 26, 2026","December 13, 2017","June 20, 2026"
719715,Washington Sundar,"October 05, 1999, Chennai, Tamil Nadu",26y 275d,India,Bowling Allrounder,2017 - 2026,2024,IPL 2024,SRH,2,2,1,0,0*,0.00,1,0.00,0,0,0,0,0,0,1,14.60,30,1/46,1/46,73.00,30.0,0,0,0,"December 24, 2017","June 26, 2026","December 13, 2017","June 20, 2026"
719715,Washington Sundar,"October 05, 1999, Chennai, Tamil Nadu",26y 275d,India,Bowling Allrounder,2017 - 2026,2023,IPL 2023,SRH,7,5,1,60,24*,15.00,60,100.00,0,0,6,0,2,0,3,8.26,106,3/28,3/28,48.66,35.3,0,0,0,"December 24, 2017","June 26, 2026","December 13, 2017","June 20, 2026"
719715,Washington Sundar,"October 05, 1999, Chennai, Tamil Nadu",26y 275d,India,Bowling Allrounder,2017 - 2026,2022,IPL 2022,SRH,9,7,0,101,40,14.42,69,146.37,0,0,9,3,1,0,6,8.53,168,2/21,2/21,39.83,28.0,0,0,0,"December 24, 2017","June 26, 2026","December 13, 2017","June 20, 2026"
719715,Washington Sundar,"October 05, 1999, Chennai, Tamil Nadu",26y 275d,India,Bowling Allrounder,2017 - 2026,2021,IPL 2021,RCB,6,4,0,31,10,7.75,47,65.95,0,0,2,0,2,0,3,7.37,96,1/7,1/7,39.33,32.0,0,0,0,"December 24, 2017","June 26, 2026","December 13, 2017","June 20, 2026"
719715,Washington Sundar,"October 05, 1999, Chennai, Tamil Nadu",26y 275d,India,Bowling Allrounder,2017 - 2026,2020/21,IPL 2020/21,RCB,15,9,3,111,30,18.50,95,116.84,0,0,10,2,0,0,8,5.96,300,2/16,2/16,37.25,37.5,0,0,0,"December 24, 2017","June 26, 2026","December 13, 2017","June 20, 2026"
719715,Washington Sundar,"October 05, 1999, Chennai, Tamil Nadu",26y 275d,India,Bowling Allrounder,2017 - 2026,2019,IPL 2019,RCB,3,2,0,1,1,0.50,3,33.33,0,0,0,0,2,0,4,8.22,54,3/24,3/24,18.50,13.5,0,0,0,"December 24, 2017","June 26, 2026","December 13, 2017","June 20, 2026"
719715,Washington Sundar,"October 05, 1999, Chennai, Tamil Nadu",26y 275d,India,Bowling Allrounder,2017 - 2026,2018,IPL 2018,RCB,7,6,3,65,35,21.66,38,171.05,0,0,5,4,0,0,4,9.60,120,2/22,2/22,48.00,30.0,0,0,0,"December 24, 2017","June 26, 2026","December 13, 2017","June 20, 2026"
719715,Washington Sundar,"October 05, 1999, Chennai, Tamil Nadu",26y 275d,India,Bowling Allrounder,2017 - 2026,2017,IPL 2017,RPS,11,5,4,9,5*,9.00,12,75.00,0,0,0,0,5,0,8,6.16,180,3/16,3/16,23.12,22.5,0,0,0,"December 24, 2017","June 26, 2026","December 13, 2017","June 20, 2026"
698189,Pieter Willem Adriaan Mulder,"February 19, 1998, Gauteng",28y 138d,South Africa,Allrounder,2017 - 2026,2025,IPL 2025,SRH,1,1,0,9,9,9.00,11,81.81,0,0,1,0,1,0,0,16.00,6,-,-,-,-,0,0,0,"April 16, 2021","March 25, 2026","October 22, 2017","September 07, 2025"
279810,Wriddhiman Prasanta Saha,"October 24, 1984, Shaktigarh, Siliguri, Bengal, India",41y 256d,India,Wicketkeeper Batter,2010 - 2021,2024,IPL 2024,GT,9,9,0,136,39,15.11,115,118.26,0,0,18,3,5,2,-,-,-,-,-,-,-,-,-,-,,,"November 28, 2010","November 09, 2014"
279810,Wriddhiman Prasanta Saha,"October 24, 1984, Shaktigarh, Siliguri, Bengal, India",41y 256d,India,Wicketkeeper Batter,2010 - 2021,2023,IPL 2023,GT,17,17,1,371,81,23.18,287,129.26,0,2,47,8,9,2,-,-,-,-,-,-,-,-,-,-,,,"November 28, 2010","November 09, 2014"
279810,Wriddhiman Prasanta Saha,"October 24, 1984, Shaktigarh, Siliguri, Bengal, India",41y 256d,India,Wicketkeeper Batter,2010 - 2021,2022,IPL 2022,GT,11,11,1,317,68,31.70,259,122.39,0,3,40,7,11,2,-,-,-,-,-,-,-,-,-,-,,,"November 28, 2010","November 09, 2014"
279810,Wriddhiman Prasanta Saha,"October 24, 1984, Shaktigarh, Siliguri, Bengal, India",41y 256d,India,Wicketkeeper Batter,2010 - 2021,2021,IPL 2021,SRH,9,9,0,131,44,14.55,140,93.57,0,0,7,5,6,0,-,-,-,-,-,-,-,-,-,-,,,"November 28, 2010","November 09, 2014"
279810,Wriddhiman Prasanta Saha,"October 24, 1984, Shaktigarh, Siliguri, Bengal, India",41y 256d,India,Wicketkeeper Batter,2010 - 2021,2020/21,IPL 2020/21,SRH,4,4,1,214,87,71.33,153,139.86,0,2,24,5,2,1,-,-,-,-,-,-,-,-,-,-,,,"November 28, 2010","November 09, 2014"
279810,Wriddhiman Prasanta Saha,"October 24, 1984, Shaktigarh, Siliguri, Bengal, India",41y 256d,India,Wicketkeeper Batter,2010 - 2021,2019,IPL 2019,SRH,5,5,0,86,28,17.20,53,162.26,0,0,13,1,3,1,-,-,-,-,-,-,-,-,-,-,,,"November 28, 2010","November 09, 2014"
279810,Wriddhiman Prasanta Saha,"October 24, 1984, Shaktigarh, Siliguri, Bengal, India",41y 256d,India,Wicketkeeper Batter,2010 - 2021,2018,IPL 2018,SRH,11,10,2,122,35,15.25,102,119.60,0,0,17,1,5,1,-,-,-,-,-,-,-,-,-,-,,,"November 28, 2010","November 09, 2014"
279810,Wriddhiman Prasanta Saha,"October 24, 1984, Shaktigarh, Siliguri, Bengal, India",41y 256d,India,Wicketkeeper Batter,2010 - 2021,2017,IPL 2017,PBKS,14,11,1,234,93*,23.40,187,125.13,0,1,20,8,10,2,-,-,-,-,-,-,-,-,-,-,,,"November 28, 2010","November 09, 2014"
279810,Wriddhiman Prasanta Saha,"October 24, 1984, Shaktigarh, Siliguri, Bengal, India",41y 256d,India,Wicketkeeper Batter,2010 - 2021,2016,IPL 2016,PBKS,12,12,1,270,56,24.54,212,127.35,0,2,29,1,7,3,-,-,-,-,-,-,-,-,-,-,,,"November 28, 2010","November 09, 2014"
279810,Wriddhiman Prasanta Saha,"October 24, 1984, Shaktigarh, Siliguri, Bengal, India",41y 256d,India,Wicketkeeper Batter,2010 - 2021,2015,IPL 2015,PBKS,14,13,0,249,42,19.15,197,126.39,0,0,16,10,11,3,-,-,-,-,-,-,-,-,-,-,,,"November 28, 2010","November 09, 2014"
279810,Wriddhiman Prasanta Saha,"October 24, 1984, Shaktigarh, Siliguri, Bengal, India",41y 256d,India,Wicketkeeper Batter,2010 - 2021,2014,IPL 2014,PBKS,17,13,2,362,115*,32.90,249,145.38,1,2,33,18,8,4,-,-,-,-,-,-,-,-,-,-,,,"November 28, 2010","November 09, 2014"
279810,Wriddhiman Prasanta Saha,"October 24, 1984, Shaktigarh, Siliguri, Bengal, India",41y 256d,India,Wicketkeeper Batter,2010 - 2021,2013,IPL 2013,CSK,3,3,0,70,39,23.33,56,125.00,0,0,6,4,0,0,-,-,-,-,-,-,-,-,-,-,,,"November 28, 2010","November 09, 2014"
279810,Wriddhiman Prasanta Saha,"October 24, 1984, Shaktigarh, Siliguri, Bengal, India",41y 256d,India,Wicketkeeper Batter,2010 - 2021,2012,IPL 2012,CSK,4,1,0,6,6,6.00,14,42.85,0,0,0,0,0,0,-,-,-,-,-,-,-,-,-,-,,,"November 28, 2010","November 09, 2014"
279810,Wriddhiman Prasanta Saha,"October 24, 1984, Shaktigarh, Siliguri, Bengal, India",41y 256d,India,Wicketkeeper Batter,2010 - 2021,2011,IPL 2011,CSK,7,3,2,68,46*,68.00,63,107.93,0,0,2,4,2,0,-,-,-,-,-,-,-,-,-,-,,,"November 28, 2010","November 09, 2014"
279810,Wriddhiman Prasanta Saha,"October 24, 1984, Shaktigarh, Siliguri, Bengal, India",41y 256d,India,Wicketkeeper Batter,2010 - 2021,2009/10,IPL 2009/10,KKR,13,7,4,67,22,22.33,53,126.41,0,0,9,1,3,3,-,-,-,-,-,-,-,-,-,-,,,"November 28, 2010","November 09, 2014"
279810,Wriddhiman Prasanta Saha,"October 24, 1984, Shaktigarh, Siliguri, Bengal, India",41y 256d,India,Wicketkeeper Batter,2010 - 2021,2009,IPL 2009,KKR,8,7,4,72,25*,24.00,41,175.60,0,0,3,4,2,0,-,-,-,-,-,-,-,-,-,-,,,"November 28, 2010","November 09, 2014"
279810,Wriddhiman Prasanta Saha,"October 24, 1984, Shaktigarh, Siliguri, Bengal, India",41y 256d,India,Wicketkeeper Batter,2010 - 2021,2007/08,IPL 2007/08,KKR,12,10,5,159,59*,31.80,119,133.61,0,1,12,7,8,2,-,-,-,-,-,-,-,-,-,-,,,"November 28, 2010","November 09, 2014"
32498,Yusuf Khan Pathan,"November 17, 1982, Baroda, Gujarat",43y 232d,India,Allrounder,2007 - 2012,2019,IPL 2019,SRH,10,8,5,40,16*,13.33,45,88.88,0,0,1,1,1,0,0,8.00,6,-,-,-,-,0,0,0,"September 24, 2007","March 30, 2012","June 10, 2008","March 18, 2012"
32498,Yusuf Khan Pathan,"November 17, 1982, Baroda, Gujarat",43y 232d,India,Allrounder,2007 - 2012,2018,IPL 2018,SRH,15,13,4,260,45*,28.88,200,130.00,0,0,22,11,3,0,1,7.00,12,1/14,1/14,14.00,12.0,0,0,0,"September 24, 2007","March 30, 2012","June 10, 2008","March 18, 2012"
32498,Yusuf Khan Pathan,"November 17, 1982, Baroda, Gujarat",43y 232d,India,Allrounder,2007 - 2012,2017,IPL 2017,KKR,15,11,3,143,59,17.87,115,124.34,0,1,9,6,2,0,1,10.25,24,1/2,1/2,41.00,24.0,0,0,0,"September 24, 2007","March 30, 2012","June 10, 2008","March 18, 2012"
32498,Yusuf Khan Pathan,"November 17, 1982, Baroda, Gujarat",43y 232d,India,Allrounder,2007 - 2012,2016,IPL 2016,KKR,15,13,8,361,63*,72.20,248,145.56,0,3,33,13,3,0,1,5.50,36,1/6,1/6,33.00,36.0,0,0,0,"September 24, 2007","March 30, 2012","June 10, 2008","March 18, 2012"
32498,Yusuf Khan Pathan,"November 17, 1982, Baroda, Gujarat",43y 232d,India,Allrounder,2007 - 2012,2015,IPL 2015,KKR,13,12,5,312,52,44.57,231,135.06,0,1,29,12,3,0,2,9.70,60,2/40,2/40,48.50,30.0,0,0,0,"September 24, 2007","March 30, 2012","June 10, 2008","March 18, 2012"
32498,Yusuf Khan Pathan,"November 17, 1982, Baroda, Gujarat",43y 232d,India,Allrounder,2007 - 2012,2014,IPL 2014,KKR,15,12,3,268,72,29.77,165,162.42,0,1,15,20,5,0,0,10.00,6,-,-,-,-,0,0,0,"September 24, 2007","March 30, 2012","June 10, 2008","March 18, 2012"
32498,Yusuf Khan Pathan,"November 17, 1982, Baroda, Gujarat",43y 232d,India,Allrounder,2007 - 2012,2013,IPL 2013,KKR,16,16,5,332,72,30.18,240,138.33,0,1,30,14,4,0,1,8.11,54,1/9,1/9,73.00,54.0,0,0,0,"September 24, 2007","March 30, 2012","June 10, 2008","March 18, 2012"
32498,Yusuf Khan Pathan,"November 17, 1982, Baroda, Gujarat",43y 232d,India,Allrounder,2007 - 2012,2012,IPL 2012,KKR,17,16,6,194,40*,19.40,169,114.79,0,0,10,7,3,0,3,8.27,132,2/12,2/12,60.66,44.0,0,0,0,"September 24, 2007","March 30, 2012","June 10, 2008","March 18, 2012"
32498,Yusuf Khan Pathan,"November 17, 1982, Baroda, Gujarat",43y 232d,India,Allrounder,2007 - 2012,2011,IPL 2011,KKR,15,11,1,283,47*,28.30,201,140.79,0,0,24,13,5,0,13,6.10,234,3/20,3/20,18.30,18.0,0,0,0,"September 24, 2007","March 30, 2012","June 10, 2008","March 18, 2012"
32498,Yusuf Khan Pathan,"November 17, 1982, Baroda, Gujarat",43y 232d,India,Allrounder,2007 - 2012,2009/10,IPL 2009/10,RR,14,14,2,333,100,27.75,201,165.67,1,1,22,24,9,0,5,7.23,204,2/9,2/9,49.20,40.8,0,0,0,"September 24, 2007","March 30, 2012","June 10, 2008","March 18, 2012"
32498,Yusuf Khan Pathan,"November 17, 1982, Baroda, Gujarat",43y 232d,India,Allrounder,2007 - 2012,2009,IPL 2009,RR,13,13,1,243,62*,20.25,183,132.78,0,1,24,12,2,0,7,6.94,210,3/34,3/34,34.71,30.0,0,0,0,"September 24, 2007","March 30, 2012","June 10, 2008","March 18, 2012"
32498,Yusuf Khan Pathan,"November 17, 1982, Baroda, Gujarat",43y 232d,India,Allrounder,2007 - 2012,2007/08,IPL 2007/08,RR,16,15,1,435,68,31.07,243,179.01,0,4,43,25,3,0,8,8.16,169,3/22,3/22,28.75,21.1,0,0,0,"September 24, 2007","March 30, 2012","June 10, 2008","March 18, 2012"
36084,Yuvraj Singh,"December 12, 1981, Chandigarh",44y 207d,India,Middle order Batter,2000 - 2017,2019,IPL 2019,MI,4,4,0,98,53,24.50,75,130.66,0,1,7,6,0,0,-,-,-,-,-,-,-,-,-,-,"September 13, 2007","February 01, 2017","October 03, 2000","June 30, 2017"
36084,Yuvraj Singh,"December 12, 1981, Chandigarh",44y 207d,India,Middle order Batter,2000 - 2017,2018,IPL 2018,PBKS,8,6,0,65,20,10.83,73,89.04,0,0,6,2,1,0,0,11.50,12,-,-,-,-,0,0,0,"September 13, 2007","February 01, 2017","October 03, 2000","June 30, 2017"
36084,Yuvraj Singh,"December 12, 1981, Chandigarh",44y 207d,India,Middle order Batter,2000 - 2017,2017,IPL 2017,SRH,12,11,2,252,70*,28.00,177,142.37,0,2,30,8,3,0,1,11.00,12,1/6,1/6,22.00,12.0,0,0,0,"September 13, 2007","February 01, 2017","October 03, 2000","June 30, 2017"
36084,Yuvraj Singh,"December 12, 1981, Chandigarh",44y 207d,India,Middle order Batter,2000 - 2017,2016,IPL 2016,SRH,10,10,1,236,44,26.22,179,131.84,0,0,22,13,1,0,0,8.43,37,-,-,-,-,0,0,0,"September 13, 2007","February 01, 2017","October 03, 2000","June 30, 2017"
36084,Yuvraj Singh,"December 12, 1981, Chandigarh",44y 207d,India,Middle order Batter,2000 - 2017,2015,IPL 2015,DC,14,13,0,248,57,19.07,210,118.09,0,2,23,10,2,0,1,8.00,54,1/14,1/14,72.00,54.0,0,0,0,"September 13, 2007","February 01, 2017","October 03, 2000","June 30, 2017"
36084,Yuvraj Singh,"December 12, 1981, Chandigarh",44y 207d,India,Middle order Batter,2000 - 2017,2014,IPL 2014,RCB,14,14,3,376,83,34.18,278,135.25,0,3,22,28,4,0,5,8.25,136,4/35,4/35,37.40,27.2,1,0,0,"September 13, 2007","February 01, 2017","October 03, 2000","June 30, 2017"
36084,Yuvraj Singh,"December 12, 1981, Chandigarh",44y 207d,India,Middle order Batter,2000 - 2017,2013,IPL 2013,PWI,13,13,1,238,34,19.83,190,125.26,0,0,14,15,1,0,6,6.90,132,2/27,2/27,25.33,22.0,0,0,0,"September 13, 2007","February 01, 2017","October 03, 2000","June 30, 2017"
36084,Yuvraj Singh,"December 12, 1981, Chandigarh",44y 207d,India,Middle order Batter,2000 - 2017,2011,IPL 2011,PWI,14,13,3,343,66*,34.30,261,131.41,0,2,24,18,5,0,9,6.62,174,4/29,4/29,21.33,19.3,1,0,0,"September 13, 2007","February 01, 2017","October 03, 2000","June 30, 2017"
36084,Yuvraj Singh,"December 12, 1981, Chandigarh",44y 207d,India,Middle order Batter,2000 - 2017,2009/10,IPL 2009/10,PBKS,14,14,2,255,43,21.25,199,128.14,0,0,20,14,2,0,5,6.60,138,2/21,2/21,30.40,27.6,0,0,0,"September 13, 2007","February 01, 2017","October 03, 2000","June 30, 2017"
36084,Yuvraj Singh,"December 12, 1981, Chandigarh",44y 207d,India,Middle order Batter,2000 - 2017,2009,IPL 2009,PBKS,14,14,2,340,58*,28.33,294,115.64,0,2,25,16,5,0,6,7.10,120,3/13,3/13,23.66,20.0,0,0,0,"September 13, 2007","February 01, 2017","October 03, 2000","June 30, 2017"
36084,Yuvraj Singh,"December 12, 1981, Chandigarh",44y 207d,India,Middle order Batter,2000 - 2017,2007/08,IPL 2007/08,PBKS,15,14,1,299,57,23.00,184,162.50,0,1,24,19,7,0,3,9.22,54,2/12,2/12,27.66,18.0,0,0,0,"September 13, 2007","February 01, 2017","October 03, 2000","June 30, 2017"
942371,Zeeshan Ansari,"December 16, 1999, Lucknow, Uttar Pradesh",26y 203d,India,Bowler,-,2025,IPL 2025,SRH,10,-,-,-,-,-,-,-,-,-,-,-,4,0,6,9.84,203,3/42,3/42,55.50,33.8,0,0,0,,,,
