player_id,player_name,birthdate,age,nationality,player_role,international_career,year,tournament,team,matches,innings,no,runs,highestscore,batting_average,bf,strikerate,100s,50s,4s,6s,Ct,St,wickets,economy,balls,bbi,bbm,bowl_ave,sr,4w,5w,10w,t20_start,t20_end,odi_start,odi_end
302582,Abhinav Mukund,"January 06, 1990, Madras (now Chennai), Tamil Nadu",36y 174d,India,Top order Batter,2011 - 2017,2013,IPL 2013,RCB,1,1,0,19,19,19.00,21,90.47,0,0,1,0,0,0,-,-,-,-,-,-,-,-,-,-,,,,
302582,Abhinav Mukund,"January 06, 1990, Madras (now Chennai), Tamil Nadu",36y 174d,India,Top order Batter,2011 - 2017,2007/08,IPL 2007/08,CSK,2,1,0,0,0,0.00,1,0.00,0,0,0,0,3,0,-,-,-,-,-,-,-,-,-,-,,,,
450860,Adam Fraser Milne,"April 13, 1992, Palmerston North",34y 77d,New Zealand,Bowler,2010 - 2025,2026,IPL 2026,RR,1,1,1,2,2*,-,2,100.00,0,0,0,0,0,0,0,12.30,20,-,-,-,-,0,0,0,"December 26, 2010","July 26, 2025","November 10, 2012","November 19, 2024"
450860,Adam Fraser Milne,"April 13, 1992, Palmerston North",34y 77d,New Zealand,Bowler,2010 - 2025,2022,IPL 2022,CSK,1,-,-,-,-,-,-,-,-,-,-,-,0,0,0,7.60,15,-,-,-,-,0,0,0,"December 26, 2010","July 26, 2025","November 10, 2012","November 19, 2024"
450860,Adam Fraser Milne,"April 13, 1992, Palmerston North",34y 77d,New Zealand,Bowler,2010 - 2025,2021,IPL 2021,MI,4,3,1,16,15,8.00,17,94.11,0,0,0,1,2,0,3,9.35,84,2/21,2/21,43.66,28.0,0,0,0,"December 26, 2010","July 26, 2025","November 10, 2012","November 19, 2024"
450860,Adam Fraser Milne,"April 13, 1992, Palmerston North",34y 77d,New Zealand,Bowler,2010 - 2025,2017,IPL 2017,RCB,4,3,1,7,5,3.50,12,58.33,0,0,0,0,4,0,3,9.57,84,2/27,2/27,44.66,28.0,0,0,0,"December 26, 2010","July 26, 2025","November 10, 2012","November 19, 2024"
450860,Adam Fraser Milne,"April 13, 1992, Palmerston North",34y 77d,New Zealand,Bowler,2010 - 2025,2016,IPL 2016,RCB,1,-,-,-,-,-,-,-,-,-,-,-,1,0,1,10.75,24,1/43,1/43,43.00,24.0,0,0,0,"December 26, 2010","July 26, 2025","November 10, 2012","November 19, 2024"
277916,Ajinkya Madhukar Rahane,"June 06, 1988, Ashwi-KD, Maharashtra",38y 23d,India,Top order Batter,2011 - 2023,2026,IPL 2026,KKR,14,14,1,335,67,25.76,248,135.08,0,2,25,18,8,0,-,-,-,-,-,-,-,-,-,-,"August 31, 2011","August 28, 2016","September 03, 2011","February 16, 2018"
277916,Ajinkya Madhukar Rahane,"June 06, 1988, Ashwi-KD, Maharashtra",38y 23d,India,Top order Batter,2011 - 2023,2025,IPL 2025,KKR,13,12,1,390,61,35.45,264,147.72,0,3,36,20,5,0,-,-,-,-,-,-,-,-,-,-,"August 31, 2011","August 28, 2016","September 03, 2011","February 16, 2018"
277916,Ajinkya Madhukar Rahane,"June 06, 1988, Ashwi-KD, Maharashtra",38y 23d,India,Top order Batter,2011 - 2023,2024,IPL 2024,CSK,13,12,0,242,45,20.16,196,123.46,0,0,23,7,1,0,-,-,-,-,-,-,-,-,-,-,"August 31, 2011","August 28, 2016","September 03, 2011","February 16, 2018"
277916,Ajinkya Madhukar Rahane,"June 06, 1988, Ashwi-KD, Maharashtra",38y 23d,India,Top order Batter,2011 - 2023,2023,IPL 2023,CSK,14,11,1,326,71*,32.60,189,172.48,0,2,24,16,8,0,-,-,-,-,-,-,-,-,-,-,"August 31, 2011","August 28, 2016","September 03, 2011","February 16, 2018"
277916,Ajinkya Madhukar Rahane,"June 06, 1988, Ashwi-KD, Maharashtra",38y 23d,India,Top order Batter,2011 - 2023,2022,IPL 2022,KKR,7,7,0,133,44,19.00,128,103.90,0,0,14,4,3,0,-,-,-,-,-,-,-,-,-,-,"August 31, 2011","August 28, 2016","September 03, 2011","February 16, 2018"
277916,Ajinkya Madhukar Rahane,"June 06, 1988, Ashwi-KD, Maharashtra",38y 23d,India,Top order Batter,2011 - 2023,2021,IPL 2021,DC,2,1,0,8,8,8.00,8,100.00,0,0,1,0,0,0,-,-,-,-,-,-,-,-,-,-,"August 31, 2011","August 28, 2016","September 03, 2011","February 16, 2018"
277916,Ajinkya Madhukar Rahane,"June 06, 1988, Ashwi-KD, Maharashtra",38y 23d,India,Top order Batter,2011 - 2023,2020/21,IPL 2020/21,DC,9,8,0,113,60,14.12,107,105.60,0,1,12,2,4,0,-,-,-,-,-,-,-,-,-,-,"August 31, 2011","August 28, 2016","September 03, 2011","February 16, 2018"
277916,Ajinkya Madhukar Rahane,"June 06, 1988, Ashwi-KD, Maharashtra",38y 23d,India,Top order Batter,2011 - 2023,2019,IPL 2019,RR,14,13,1,393,105*,32.75,285,137.89,1,1,45,9,5,0,-,-,-,-,-,-,-,-,-,-,"August 31, 2011","August 28, 2016","September 03, 2011","February 16, 2018"
277916,Ajinkya Madhukar Rahane,"June 06, 1988, Ashwi-KD, Maharashtra",38y 23d,India,Top order Batter,2011 - 2023,2018,IPL 2018,RR,15,14,1,370,65*,28.46,313,118.21,0,1,39,5,4,0,-,-,-,-,-,-,-,-,-,-,"August 31, 2011","August 28, 2016","September 03, 2011","February 16, 2018"
277916,Ajinkya Madhukar Rahane,"June 06, 1988, Ashwi-KD, Maharashtra",38y 23d,India,Top order Batter,2011 - 2023,2017,IPL 2017,RPS,16,16,1,382,60,25.46,323,118.26,0,2,35,9,6,0,-,-,-,-,-,-,-,-,-,-,"August 31, 2011","August 28, 2016","September 03, 2011","February 16, 2018"
277916,Ajinkya Madhukar Rahane,"June 06, 1988, Ashwi-KD, Maharashtra",38y 23d,India,Top order Batter,2011 - 2023,2016,IPL 2016,RPS,14,14,3,480,74,43.63,379,126.64,0,6,54,9,7,0,-,-,-,-,-,-,-,-,-,-,"August 31, 2011","August 28, 2016","September 03, 2011","February 16, 2018"
277916,Ajinkya Madhukar Rahane,"June 06, 1988, Ashwi-KD, Maharashtra",38y 23d,India,Top order Batter,2011 - 2023,2015,IPL 2015,RR,14,13,2,540,91*,49.09,413,130.75,0,4,53,13,3,0,-,-,-,-,-,-,-,-,-,-,"August 31, 2011","August 28, 2016","September 03, 2011","February 16, 2018"
277916,Ajinkya Madhukar Rahane,"June 06, 1988, Ashwi-KD, Maharashtra",38y 23d,India,Top order Batter,2011 - 2023,2014,IPL 2014,RR,13,12,0,339,72,28.25,291,116.49,0,3,38,3,6,0,-,-,-,-,-,-,-,-,-,-,"August 31, 2011","August 28, 2016","September 03, 2011","February 16, 2018"
277916,Ajinkya Madhukar Rahane,"June 06, 1988, Ashwi-KD, Maharashtra",38y 23d,India,Top order Batter,2011 - 2023,2013,IPL 2013,RR,18,18,4,488,68*,34.85,458,106.55,0,4,42,11,10,0,-,-,-,-,-,-,-,-,-,-,"August 31, 2011","August 28, 2016","September 03, 2011","February 16, 2018"
277916,Ajinkya Madhukar Rahane,"June 06, 1988, Ashwi-KD, Maharashtra",38y 23d,India,Top order Batter,2011 - 2023,2012,IPL 2012,RR,16,16,2,560,103*,40.00,433,129.33,1,3,73,10,11,0,-,-,-,-,-,-,-,-,-,-,"August 31, 2011","August 28, 2016","September 03, 2011","February 16, 2018"
277916,Ajinkya Madhukar Rahane,"June 06, 1988, Ashwi-KD, Maharashtra",38y 23d,India,Top order Batter,2011 - 2023,2011,IPL 2011,RR,10,7,1,120,52,20.00,98,122.44,0,1,12,2,1,0,-,-,-,-,-,-,-,-,-,-,"August 31, 2011","August 28, 2016","September 03, 2011","February 16, 2018"
277916,Ajinkya Madhukar Rahane,"June 06, 1988, Ashwi-KD, Maharashtra",38y 23d,India,Top order Batter,2011 - 2023,2009,IPL 2009,MI,8,7,1,144,62*,24.00,123,117.07,0,2,12,3,1,0,1,5.00,6,1/5,1/5,5.00,6.0,0,0,0,"August 31, 2011","August 28, 2016","September 03, 2011","February 16, 2018"
277916,Ajinkya Madhukar Rahane,"June 06, 1988, Ashwi-KD, Maharashtra",38y 23d,India,Top order Batter,2011 - 2023,2007/08,IPL 2007/08,MI,2,2,0,4,4,2.00,17,23.52,0,0,1,0,0,0,-,-,-,-,-,-,-,-,-,-,"August 31, 2011","August 28, 2016","September 03, 2011","February 16, 2018"
530812,Akeal Jerome Hosein,"April 25, 1993, Port-of-Spain",33y 65d,West Indies,Bowler,2021 - 2026,2026,IPL 2026,CSK,7,3,3,5,3*,-,3,166.66,0,0,0,0,2,0,8,8.02,148,4/17,4/17,24.75,18.5,1,0,0,"July 03, 2021","June 14, 2026","January 20, 2021","October 23, 2025"
530812,Akeal Jerome Hosein,"April 25, 1993, Port-of-Spain",33y 65d,West Indies,Bowler,2021 - 2026,2023,IPL 2023,SRH,1,1,1,16,16*,-,10,160.00,0,0,1,1,0,0,1,10.00,24,1/40,1/40,40.00,24.0,0,0,0,"July 03, 2021","June 14, 2026","January 20, 2021","October 23, 2025"
46248,Johannes Albertus Morkel,"June 10, 1981, Vereeniging, Transvaal",45y 19d,South Africa,Bowling Allrounder,2004 - 2015,2016,IPL 2016,RPS,2,1,0,16,16,16.00,9,177.77,0,0,0,2,1,0,2,13.20,30,2/36,2/36,33.00,15.0,0,0,0,"October 21, 2005","October 05, 2015","February 20, 2004","March 03, 2012"
46248,Johannes Albertus Morkel,"June 10, 1981, Vereeniging, Transvaal",45y 19d,South Africa,Bowling Allrounder,2004 - 2015,2015,IPL 2015,DC,4,3,2,86,73*,86.00,65,132.30,0,1,9,2,1,0,3,9.08,72,2/21,2/21,36.33,24.0,0,0,0,"October 21, 2005","October 05, 2015","February 20, 2004","March 03, 2012"
46248,Johannes Albertus Morkel,"June 10, 1981, Vereeniging, Transvaal",45y 19d,South Africa,Bowling Allrounder,2004 - 2015,2014,IPL 2014,RCB,7,5,2,45,16,15.00,41,109.75,0,0,1,3,2,0,4,7.87,96,1/18,1/18,31.50,24.0,0,0,0,"October 21, 2005","October 05, 2015","February 20, 2004","March 03, 2012"
46248,Johannes Albertus Morkel,"June 10, 1981, Vereeniging, Transvaal",45y 19d,South Africa,Bowling Allrounder,2004 - 2015,2013,IPL 2013,CSK,8,3,0,46,23,15.33,37,124.32,0,0,2,3,2,0,7,6.62,144,3/32,3/32,22.71,20.5,0,0,0,"October 21, 2005","October 05, 2015","February 20, 2004","March 03, 2012"
46248,Johannes Albertus Morkel,"June 10, 1981, Vereeniging, Transvaal",45y 19d,South Africa,Bowling Allrounder,2004 - 2015,2012,IPL 2012,CSK,16,12,5,107,28,15.28,68,157.35,0,0,5,6,2,0,13,7.77,297,3/29,3/29,29.61,22.8,0,0,0,"October 21, 2005","October 05, 2015","February 20, 2004","March 03, 2012"
46248,Johannes Albertus Morkel,"June 10, 1981, Vereeniging, Transvaal",45y 19d,South Africa,Bowling Allrounder,2004 - 2015,2011,IPL 2011,CSK,15,13,7,138,30*,23.00,102,135.29,0,0,8,8,4,0,15,8.48,270,3/29,3/29,25.46,18.0,0,0,0,"October 21, 2005","October 05, 2015","February 20, 2004","March 03, 2012"
46248,Johannes Albertus Morkel,"June 10, 1981, Vereeniging, Transvaal",45y 19d,South Africa,Bowling Allrounder,2004 - 2015,2009/10,IPL 2009/10,CSK,14,11,3,198,62,24.75,131,151.14,0,1,10,13,3,0,11,8.49,286,2/23,2/23,36.81,26.0,0,0,0,"October 21, 2005","October 05, 2015","February 20, 2004","March 03, 2012"
46248,Johannes Albertus Morkel,"June 10, 1981, Vereeniging, Transvaal",45y 19d,South Africa,Bowling Allrounder,2004 - 2015,2009,IPL 2009,CSK,12,10,6,97,21*,24.25,70,138.57,0,0,8,4,1,0,13,8.10,240,2/13,2/13,24.92,18.4,0,0,0,"October 21, 2005","October 05, 2015","February 20, 2004","March 03, 2012"
46248,Johannes Albertus Morkel,"June 10, 1981, Vereeniging, Transvaal",45y 19d,South Africa,Bowling Allrounder,2004 - 2015,2007/08,IPL 2007/08,CSK,13,10,3,241,71,34.42,163,147.85,0,1,18,14,3,0,17,8.31,288,4/32,4/32,23.47,16.9,1,0,0,"October 21, 2005","October 05, 2015","February 20, 2004","March 03, 2012"
33141,Ambati Thirupathi Rayudu,"September 23, 1985, Guntur, Andhra Pradesh",40y 279d,India,Middle order Batter,2013 - 2019,2023,IPL 2023,CSK,16,12,2,158,27*,15.80,113,139.82,0,0,10,9,2,0,-,-,-,-,-,-,-,-,-,-,"September 07, 2014","June 22, 2016","July 24, 2013","March 08, 2019"
33141,Ambati Thirupathi Rayudu,"September 23, 1985, Guntur, Andhra Pradesh",40y 279d,India,Middle order Batter,2013 - 2019,2022,IPL 2022,CSK,13,11,0,274,78,24.90,224,122.32,0,1,25,15,4,0,-,-,-,-,-,-,-,-,-,-,"September 07, 2014","June 22, 2016","July 24, 2013","March 08, 2019"
33141,Ambati Thirupathi Rayudu,"September 23, 1985, Guntur, Andhra Pradesh",40y 279d,India,Middle order Batter,2013 - 2019,2021,IPL 2021,CSK,16,13,4,257,72*,28.55,170,151.17,0,2,16,17,2,0,-,-,-,-,-,-,-,-,-,-,"September 07, 2014","June 22, 2016","July 24, 2013","March 08, 2019"
33141,Ambati Thirupathi Rayudu,"September 23, 1985, Guntur, Andhra Pradesh",40y 279d,India,Middle order Batter,2013 - 2019,2020/21,IPL 2020/21,CSK,12,11,2,359,71,39.88,282,127.30,0,1,30,12,3,0,-,-,-,-,-,-,-,-,-,-,"September 07, 2014","June 22, 2016","July 24, 2013","March 08, 2019"
33141,Ambati Thirupathi Rayudu,"September 23, 1985, Guntur, Andhra Pradesh",40y 279d,India,Middle order Batter,2013 - 2019,2019,IPL 2019,CSK,17,17,5,282,57,23.50,303,93.06,0,1,20,7,6,0,-,-,-,-,-,-,-,-,-,-,"September 07, 2014","June 22, 2016","July 24, 2013","March 08, 2019"
33141,Ambati Thirupathi Rayudu,"September 23, 1985, Guntur, Andhra Pradesh",40y 279d,India,Middle order Batter,2013 - 2019,2018,IPL 2018,CSK,16,16,2,602,100*,43.00,402,149.75,1,3,53,34,2,0,-,-,-,-,-,-,-,-,-,-,"September 07, 2014","June 22, 2016","July 24, 2013","March 08, 2019"
33141,Ambati Thirupathi Rayudu,"September 23, 1985, Guntur, Andhra Pradesh",40y 279d,India,Middle order Batter,2013 - 2019,2017,IPL 2017,MI,5,5,0,91,63,18.20,78,116.66,0,1,7,3,3,0,-,-,-,-,-,-,-,-,-,-,"September 07, 2014","June 22, 2016","July 24, 2013","March 08, 2019"
33141,Ambati Thirupathi Rayudu,"September 23, 1985, Guntur, Andhra Pradesh",40y 279d,India,Middle order Batter,2013 - 2019,2016,IPL 2016,MI,13,12,1,334,65,30.36,278,120.14,0,2,28,12,4,0,-,-,-,-,-,-,-,-,-,-,"September 07, 2014","June 22, 2016","July 24, 2013","March 08, 2019"
33141,Ambati Thirupathi Rayudu,"September 23, 1985, Guntur, Andhra Pradesh",40y 279d,India,Middle order Batter,2013 - 2019,2015,IPL 2015,MI,15,14,5,281,53*,31.22,193,145.59,0,1,18,16,9,0,-,-,-,-,-,-,-,-,-,-,"September 07, 2014","June 22, 2016","July 24, 2013","March 08, 2019"
33141,Ambati Thirupathi Rayudu,"September 23, 1985, Guntur, Andhra Pradesh",40y 279d,India,Middle order Batter,2013 - 2019,2014,IPL 2014,MI,15,14,0,361,68,25.78,287,125.78,0,2,31,8,6,0,-,-,-,-,-,-,-,-,-,-,"September 07, 2014","June 22, 2016","July 24, 2013","March 08, 2019"
33141,Ambati Thirupathi Rayudu,"September 23, 1985, Guntur, Andhra Pradesh",40y 279d,India,Middle order Batter,2013 - 2019,2013,IPL 2013,MI,19,17,3,265,37,18.92,231,114.71,0,0,22,4,8,0,-,-,-,-,-,-,-,-,-,-,"September 07, 2014","June 22, 2016","July 24, 2013","March 08, 2019"
33141,Ambati Thirupathi Rayudu,"September 23, 1985, Guntur, Andhra Pradesh",40y 279d,India,Middle order Batter,2013 - 2019,2012,IPL 2012,MI,17,15,6,333,81*,37.00,252,132.14,0,2,21,14,2,0,-,-,-,-,-,-,-,-,-,-,"September 07, 2014","June 22, 2016","July 24, 2013","March 08, 2019"
33141,Ambati Thirupathi Rayudu,"September 23, 1985, Guntur, Andhra Pradesh",40y 279d,India,Middle order Batter,2013 - 2019,2011,IPL 2011,MI,16,16,2,395,63*,28.21,350,112.85,0,4,44,9,7,1,-,-,-,-,-,-,-,-,-,-,"September 07, 2014","June 22, 2016","July 24, 2013","March 08, 2019"
33141,Ambati Thirupathi Rayudu,"September 23, 1985, Guntur, Andhra Pradesh",40y 279d,India,Middle order Batter,2013 - 2019,2009/10,IPL 2009/10,MI,14,14,1,356,55*,27.38,246,144.71,0,2,34,13,6,1,-,-,-,-,-,-,-,-,-,-,"September 07, 2014","June 22, 2016","July 24, 2013","March 08, 2019"
12856,Andrew Flintoff,"December 06, 1977, Preston, Lancashire",48y 205d,England,Allrounder,1998 - 2009,2009,IPL 2009,CSK,3,3,1,62,24,31.00,53,116.98,0,0,5,2,4,0,2,9.54,66,1/11,1/11,52.50,33.0,0,0,0,"June 13, 2005","September 19, 2007","April 07, 1999","April 03, 2009"
591650,Ankit Singh Rajpoot,"December 04, 1993, Kanpur",32y 207d,India,Bowler,-,2020/21,IPL 2020/21,RR,6,2,1,9,7*,9.00,10,90.00,0,0,0,1,0,0,2,11.70,102,1/39,1/39,99.50,51.0,0,0,0,,,,
591650,Ankit Singh Rajpoot,"December 04, 1993, Kanpur",32y 207d,India,Bowler,-,2019,IPL 2019,PBKS,4,-,-,-,-,-,-,-,-,-,-,-,1,0,3,9.50,96,2/33,2/33,50.66,32.0,0,0,0,,,,
591650,Ankit Singh Rajpoot,"December 04, 1993, Kanpur",32y 207d,India,Bowler,-,2018,IPL 2018,PBKS,8,3,0,11,8,3.66,18,61.11,0,0,1,0,2,0,11,8.52,157,5/14,5/14,20.27,14.2,0,1,0,,,,
591650,Ankit Singh Rajpoot,"December 04, 1993, Kanpur",32y 207d,India,Bowler,-,2017,IPL 2017,KKR,5,1,0,4,4,4.00,7,57.14,0,0,1,0,1,0,4,7.64,84,3/37,3/37,26.75,21.0,0,0,0,,,,
591650,Ankit Singh Rajpoot,"December 04, 1993, Kanpur",32y 207d,India,Bowler,-,2016,IPL 2016,KKR,4,-,-,-,-,-,-,-,-,-,-,-,0,0,3,8.90,66,1/14,1/14,32.66,22.0,0,0,0,,,,
591650,Ankit Singh Rajpoot,"December 04, 1993, Kanpur",32y 207d,India,Bowler,-,2013,IPL 2013,CSK,2,1,1,2,2*,-,6,33.33,0,0,0,0,0,0,1,8.75,24,1/25,1/25,35.00,24.0,0,0,0,,,,
1175428,Anshul Kamboj,"December 06, 2000, Karnal, Haryana",25y 205d,India,Bowling Allrounder,2025 - 2025,2026,IPL 2026,CSK,14,4,2,58,19*,29.00,38,152.63,0,0,3,4,2,0,21,10.52,302,3/22,3/22,25.23,14.3,0,0,0,,,,
1175428,Anshul Kamboj,"December 06, 2000, Karnal, Haryana",25y 205d,India,Bowling Allrounder,2025 - 2025,2025,IPL 2025,CSK,8,5,3,14,5*,7.00,12,116.66,0,0,2,0,1,0,8,8.00,129,3/13,3/13,21.50,16.1,0,0,0,,,,
1175428,Anshul Kamboj,"December 06, 2000, Karnal, Haryana",25y 205d,India,Bowling Allrounder,2025 - 2025,2024,IPL 2024,MI,3,1,1,2,2*,-,2,100.00,0,0,0,0,3,0,2,11.40,60,1/24,1/24,57.00,30.0,0,0,0,,,,
319745,Konda Bhaskir Arun Karthik,"February 15, 1986, Walajapet, Tamil Nadu",40y 134d,India,Wicketkeeper Batter,-,2013,IPL 2013,RCB,12,5,2,41,19*,13.66,38,107.89,0,0,3,1,9,2,-,-,-,-,-,-,-,-,-,-,,,,
319745,Konda Bhaskir Arun Karthik,"February 15, 1986, Walajapet, Tamil Nadu",40y 134d,India,Wicketkeeper Batter,-,2012,IPL 2012,RCB,1,-,-,-,-,-,-,-,-,-,-,-,0,0,-,-,-,-,-,-,-,-,-,-,,,,
319745,Konda Bhaskir Arun Karthik,"February 15, 1986, Walajapet, Tamil Nadu",40y 134d,India,Wicketkeeper Batter,-,2011,IPL 2011,RCB,3,2,0,7,6,3.50,8,87.50,0,0,1,0,2,0,-,-,-,-,-,-,-,-,-,-,,,,
319745,Konda Bhaskir Arun Karthik,"February 15, 1986, Walajapet, Tamil Nadu",40y 134d,India,Wicketkeeper Batter,-,2009/10,IPL 2009/10,CSK,1,1,1,3,3*,-,5,60.00,0,0,0,0,0,0,-,-,-,-,-,-,-,-,-,-,,,,
31820,Ashish Nehra,"April 29, 1979, Delhi",47y 61d,India,Bowler,1999 - 2017,2017,IPL 2017,SRH,6,2,2,0,0*,-,0,-,0,0,0,0,1,0,8,9.30,127,3/42,3/42,24.62,15.8,0,0,0,"December 09, 2009","November 01, 2017","June 24, 2001","March 30, 2011"
31820,Ashish Nehra,"April 29, 1979, Delhi",47y 61d,India,Bowler,1999 - 2017,2016,IPL 2016,SRH,8,2,2,1,1*,-,1,100.00,0,0,0,0,1,0,9,7.65,156,3/15,3/15,22.11,17.3,0,0,0,"December 09, 2009","November 01, 2017","June 24, 2001","March 30, 2011"
31820,Ashish Nehra,"April 29, 1979, Delhi",47y 61d,India,Bowler,1999 - 2017,2015,IPL 2015,CSK,16,4,3,1,1*,1.00,7,14.28,0,0,0,0,3,0,22,7.24,372,4/10,4/10,20.40,16.9,1,0,0,"December 09, 2009","November 01, 2017","June 24, 2001","March 30, 2011"
31820,Ashish Nehra,"April 29, 1979, Delhi",47y 61d,India,Bowler,1999 - 2017,2014,IPL 2014,CSK,4,-,-,-,-,-,-,-,-,-,-,-,0,0,8,9.46,90,3/33,3/33,17.75,11.2,0,0,0,"December 09, 2009","November 01, 2017","June 24, 2001","March 30, 2011"
31820,Ashish Nehra,"April 29, 1979, Delhi",47y 61d,India,Bowler,1999 - 2017,2013,IPL 2013,DC,10,4,0,1,1,0.25,8,12.50,0,0,0,0,1,0,11,8.77,216,2/35,2/35,28.72,19.6,0,0,0,"December 09, 2009","November 01, 2017","June 24, 2001","March 30, 2011"
31820,Ashish Nehra,"April 29, 1979, Delhi",47y 61d,India,Bowler,1999 - 2017,2012,IPL 2012,PWI,13,2,2,11,9*,-,12,91.66,0,0,1,0,1,0,11,8.37,288,3/23,3/23,36.54,26.1,0,0,0,"December 09, 2009","November 01, 2017","June 24, 2001","March 30, 2011"
31820,Ashish Nehra,"April 29, 1979, Delhi",47y 61d,India,Bowler,1999 - 2017,2009/10,IPL 2009/10,DC,4,2,1,23,22*,23.00,20,114.99,0,0,2,1,2,0,6,6.85,84,3/26,3/26,16.00,14.0,0,0,0,"December 09, 2009","November 01, 2017","June 24, 2001","March 30, 2011"
31820,Ashish Nehra,"April 29, 1979, Delhi",47y 61d,India,Bowler,1999 - 2017,2009,IPL 2009,DC,13,2,2,1,1*,-,1,100.00,0,0,0,0,3,0,19,6.78,306,3/27,3/27,18.21,16.1,0,0,0,"December 09, 2009","November 01, 2017","June 24, 2001","March 30, 2011"
31820,Ashish Nehra,"April 29, 1979, Delhi",47y 61d,India,Bowler,1999 - 2017,2007/08,IPL 2007/08,MI,14,4,3,3,2*,3.00,13,23.07,0,0,0,0,7,0,12,7.76,269,3/13,3/13,29.00,22.4,0,0,0,"December 09, 2009","November 01, 2017","June 24, 2001","March 30, 2011"
1452455,Ayush Mhatre,"July 16, 2007",18y 348d,India,Top order Batter,-,2026,IPL 2026,CSK,6,6,0,201,73,33.50,113,177.87,0,2,20,12,0,0,-,-,-,-,-,-,-,-,-,-,,,,
1452455,Ayush Mhatre,"July 16, 2007",18y 348d,India,Top order Batter,-,2025,IPL 2025,CSK,7,7,0,240,94,34.28,127,188.97,0,1,31,11,4,0,-,-,-,-,-,-,-,-,-,-,,,,
5941,Benjamin William Hilfenhaus,"March 15, 1983, Ulverstone, Tasmania",43y 106d,Australia,Bowler,2007 - 2012,2014,IPL 2014,CSK,8,1,1,0,0*,-,0,-,0,0,0,0,1,0,8,8.78,168,2/32,2/32,30.75,21.0,0,0,0,"January 09, 2007","September 05, 2012","January 14, 2007","July 10, 2012"
5941,Benjamin William Hilfenhaus,"March 15, 1983, Ulverstone, Tasmania",43y 106d,Australia,Bowler,2007 - 2012,2012,IPL 2012,CSK,9,-,-,-,-,-,-,-,-,-,-,-,0,0,14,6.85,204,3/27,3/27,16.64,14.5,0,0,0,"January 09, 2007","September 05, 2012","January 14, 2007","July 10, 2012"
315623,Ben Laughlin,"October 03, 1982, Box Hill, Victoria",43y 269d,Australia,Bowler,2009 - 2013,2018,IPL 2018,RR,7,2,1,1,1*,1.00,4,25.00,0,0,0,0,1,0,9,10.12,125,2/15,2/15,23.44,13.8,0,0,0,"March 29, 2009","January 28, 2013","April 03, 2009","May 03, 2009"
315623,Ben Laughlin,"October 03, 1982, Box Hill, Victoria",43y 269d,Australia,Bowler,2009 - 2013,2013,IPL 2013,CSK,2,2,1,4,4*,4.00,9,44.44,0,0,0,0,0,0,1,10.14,42,1/25,1/25,71.00,42.0,0,0,0,"March 29, 2009","January 28, 2013","April 03, 2009","May 03, 2009"
311158,Benjamin Andrew Stokes,"June 04, 1991, Christchurch, Canterbury, New Zealand",35y 25d,England,Allrounder,2011 - 2026,2023,IPL 2023,CSK,2,2,0,15,8,7.50,14,107.14,0,0,2,0,2,0,0,18.00,6,-,-,-,-,0,0,0,"September 23, 2011","November 13, 2022","August 25, 2011","November 11, 2023"
311158,Benjamin Andrew Stokes,"June 04, 1991, Christchurch, Canterbury, New Zealand",35y 25d,England,Allrounder,2011 - 2026,2021,IPL 2021,RR,1,1,0,0,0,0.00,3,0.00,0,0,0,0,1,0,0,12.00,6,-,-,-,-,0,0,0,"September 23, 2011","November 13, 2022","August 25, 2011","November 11, 2023"
311158,Benjamin Andrew Stokes,"June 04, 1991, Christchurch, Canterbury, New Zealand",35y 25d,England,Allrounder,2011 - 2026,2020/21,IPL 2020/21,RR,8,8,1,285,107*,40.71,200,142.50,1,1,36,7,6,0,2,10.26,90,2/32,2/32,77.00,45.0,0,0,0,"September 23, 2011","November 13, 2022","August 25, 2011","November 11, 2023"
311158,Benjamin Andrew Stokes,"June 04, 1991, Christchurch, Canterbury, New Zealand",35y 25d,England,Allrounder,2011 - 2026,2019,IPL 2019,RR,9,9,3,123,46,20.50,99,124.24,0,0,8,4,3,0,6,11.22,101,2/39,2/39,31.50,16.8,0,0,0,"September 23, 2011","November 13, 2022","August 25, 2011","November 11, 2023"
311158,Benjamin Andrew Stokes,"June 04, 1991, Christchurch, Canterbury, New Zealand",35y 25d,England,Allrounder,2011 - 2026,2018,IPL 2018,RR,13,13,1,196,45,16.33,161,121.73,0,0,13,6,6,0,8,8.18,222,3/15,3/15,37.87,27.7,0,0,0,"September 23, 2011","November 13, 2022","August 25, 2011","November 11, 2023"
311158,Benjamin Andrew Stokes,"June 04, 1991, Christchurch, Canterbury, New Zealand",35y 25d,England,Allrounder,2011 - 2026,2017,IPL 2017,RPS,12,11,1,316,103*,31.60,221,142.98,1,1,22,15,5,0,12,7.18,264,3/18,3/18,26.33,22.0,0,0,0,"September 23, 2011","November 13, 2022","August 25, 2011","November 11, 2023"
37737,Brendon Barrie McCullum,"September 27, 1981, Dunedin, Otago",44y 275d,New Zealand,Wicketkeeper Batter,2002 - 2016,2018,IPL 2018,RCB,6,6,0,127,43,21.16,88,144.31,0,0,16,6,1,0,-,-,-,-,-,-,-,-,-,-,"February 17, 2005","June 23, 2015","January 17, 2002","February 08, 2016"
37737,Brendon Barrie McCullum,"September 27, 1981, Dunedin, Otago",44y 275d,New Zealand,Wicketkeeper Batter,2002 - 2016,2017,IPL 2017,GL,11,11,0,319,72,29.00,217,147.00,0,2,29,18,8,0,-,-,-,-,-,-,-,-,-,-,"February 17, 2005","June 23, 2015","January 17, 2002","February 08, 2016"
37737,Brendon Barrie McCullum,"September 27, 1981, Dunedin, Otago",44y 275d,New Zealand,Wicketkeeper Batter,2002 - 2016,2016,IPL 2016,GL,16,16,0,354,60,22.12,262,135.11,0,1,38,16,0,0,-,-,-,-,-,-,-,-,-,-,"February 17, 2005","June 23, 2015","January 17, 2002","February 08, 2016"
37737,Brendon Barrie McCullum,"September 27, 1981, Dunedin, Otago",44y 275d,New Zealand,Wicketkeeper Batter,2002 - 2016,2015,IPL 2015,CSK,14,14,1,436,100*,33.53,280,155.71,1,2,51,23,2,0,-,-,-,-,-,-,-,-,-,-,"February 17, 2005","June 23, 2015","January 17, 2002","February 08, 2016"
37737,Brendon Barrie McCullum,"September 27, 1981, Dunedin, Otago",44y 275d,New Zealand,Wicketkeeper Batter,2002 - 2016,2014,IPL 2014,CSK,14,14,1,405,71*,31.15,333,121.62,0,3,32,19,6,0,-,-,-,-,-,-,-,-,-,-,"February 17, 2005","June 23, 2015","January 17, 2002","February 08, 2016"
37737,Brendon Barrie McCullum,"September 27, 1981, Dunedin, Otago",44y 275d,New Zealand,Wicketkeeper Batter,2002 - 2016,2013,IPL 2013,KKR,1,1,0,6,6,6.00,7,85.71,0,0,1,0,0,0,-,-,-,-,-,-,-,-,-,-,"February 17, 2005","June 23, 2015","January 17, 2002","February 08, 2016"
37737,Brendon Barrie McCullum,"September 27, 1981, Dunedin, Otago",44y 275d,New Zealand,Wicketkeeper Batter,2002 - 2016,2012,IPL 2012,KKR,12,12,0,289,56,24.08,283,102.12,0,1,37,3,9,6,-,-,-,-,-,-,-,-,-,-,"February 17, 2005","June 23, 2015","January 17, 2002","February 08, 2016"
37737,Brendon Barrie McCullum,"September 27, 1981, Dunedin, Otago",44y 275d,New Zealand,Wicketkeeper Batter,2002 - 2016,2011,IPL 2011,Kochi,13,13,0,357,81,27.46,275,129.81,0,1,35,16,2,0,-,-,-,-,-,-,-,-,-,-,"February 17, 2005","June 23, 2015","January 17, 2002","February 08, 2016"
37737,Brendon Barrie McCullum,"September 27, 1981, Dunedin, Otago",44y 275d,New Zealand,Wicketkeeper Batter,2002 - 2016,2009/10,IPL 2009/10,KKR,5,5,1,114,57*,28.50,110,103.63,0,1,14,2,2,0,-,-,-,-,-,-,-,-,-,-,"February 17, 2005","June 23, 2015","January 17, 2002","February 08, 2016"
37737,Brendon Barrie McCullum,"September 27, 1981, Dunedin, Otago",44y 275d,New Zealand,Wicketkeeper Batter,2002 - 2016,2009,IPL 2009,KKR,13,13,1,285,84*,23.75,239,119.24,0,2,27,12,6,0,-,-,-,-,-,-,-,-,-,-,"February 17, 2005","June 23, 2015","January 17, 2002","February 08, 2016"
37737,Brendon Barrie McCullum,"September 27, 1981, Dunedin, Otago",44y 275d,New Zealand,Wicketkeeper Batter,2002 - 2016,2007/08,IPL 2007/08,KKR,4,4,1,188,158*,62.66,92,204.34,1,0,13,15,1,0,-,-,-,-,-,-,-,-,-,-,"February 17, 2005","June 23, 2015","January 17, 2002","February 08, 2016"
209457,Chamara Kantha Kapugedera,"February 24, 1987, Kandy",39y 125d,Sri Lanka,Middle order Batter,2006 - 2017,2007/08,IPL 2007/08,CSK,5,3,0,16,8,5.33,23,69.56,0,0,0,0,4,0,0,17.29,17,-,-,-,-,0,0,0,"June 15, 2006","April 06, 2017","January 29, 2006","October 18, 2017"
28764,Chandrasekar Ganapathy,"June 10, 1981",45y 19d,India,,-,2009/10,IPL 2009/10,CSK,1,1,1,0,0*,-,0,-,0,0,0,0,0,0,0,13.00,6,-,-,-,-,0,0,0,,,,
288992,Christopher James Jordan,"October 04, 1988, Barbados",37y 268d,England,Bowler,2013 - 2024,2023,IPL 2023,MI,6,2,0,6,4,3.00,12,50.00,0,0,0,0,1,0,3,10.77,132,1/7,1/7,79.00,44.0,0,0,0,"February 02, 2014","June 27, 2024","September 16, 2013","November 17, 2022"
288992,Christopher James Jordan,"October 04, 1988, Barbados",37y 268d,England,Bowler,2013 - 2024,2022,IPL 2022,CSK,4,2,1,11,6*,11.00,8,137.50,0,0,0,0,4,0,2,10.51,77,2/23,2/23,67.50,38.5,0,0,0,"February 02, 2014","June 27, 2024","September 16, 2013","November 17, 2022"
288992,Christopher James Jordan,"October 04, 1988, Barbados",37y 268d,England,Bowler,2013 - 2024,2021,IPL 2021,PBKS,4,2,0,32,30,16.00,21,152.38,0,0,1,3,0,0,4,8.00,72,2/20,2/20,24.00,18.0,0,0,0,"February 02, 2014","June 27, 2024","September 16, 2013","November 17, 2022"
288992,Christopher James Jordan,"October 04, 1988, Barbados",37y 268d,England,Bowler,2013 - 2024,2020/21,IPL 2020/21,PBKS,9,5,2,29,13,9.66,31,93.54,0,0,2,0,5,0,9,9.65,189,3/17,3/17,33.77,21.0,0,0,0,"February 02, 2014","June 27, 2024","September 16, 2013","November 17, 2022"
288992,Christopher James Jordan,"October 04, 1988, Barbados",37y 268d,England,Bowler,2013 - 2024,2018,IPL 2018,SRH,1,-,-,-,-,-,-,-,-,-,-,-,0,0,0,7.75,24,-,-,-,-,0,0,0,"February 02, 2014","June 27, 2024","September 16, 2013","November 17, 2022"
288992,Christopher James Jordan,"October 04, 1988, Barbados",37y 268d,England,Bowler,2013 - 2024,2017,IPL 2017,SRH,1,1,0,0,0,0.00,1,0.00,0,0,0,0,0,0,1,9.00,6,1/9,1/9,9.00,6.0,0,0,0,"February 02, 2014","June 27, 2024","September 16, 2013","November 17, 2022"
288992,Christopher James Jordan,"October 04, 1988, Barbados",37y 268d,England,Bowler,2013 - 2024,2016,IPL 2016,RCB,9,1,0,3,3,3.00,4,75.00,0,0,0,0,4,0,11,9.21,168,4/11,4/11,23.45,15.2,1,0,0,"February 02, 2014","June 27, 2024","September 16, 2013","November 17, 2022"
439952,Christopher Henry Morris,"April 30, 1987, Pretoria, Transvaal",39y 60d,South Africa,Bowling Allrounder,2012 - 2019,2021,IPL 2021,RR,11,7,2,67,36*,13.40,49,136.73,0,0,2,5,4,0,15,9.17,246,4/23,4/23,25.06,16.4,1,0,0,"December 21, 2012","March 24, 2019","June 10, 2013","July 06, 2019"
439952,Christopher Henry Morris,"April 30, 1987, Pretoria, Transvaal",39y 60d,South Africa,Bowling Allrounder,2012 - 2019,2020/21,IPL 2020/21,RCB,9,5,1,34,25*,8.50,21,161.90,0,0,2,3,7,0,11,6.63,190,4/26,4/26,19.09,17.2,1,0,0,"December 21, 2012","March 24, 2019","June 10, 2013","July 06, 2019"
439952,Christopher Henry Morris,"April 30, 1987, Pretoria, Transvaal",39y 60d,South Africa,Bowling Allrounder,2012 - 2019,2019,IPL 2019,DC,9,6,0,32,17,5.33,37,86.48,0,0,1,2,4,0,13,9.27,198,3/22,3/22,23.53,15.2,0,0,0,"December 21, 2012","March 24, 2019","June 10, 2013","July 06, 2019"
439952,Christopher Henry Morris,"April 30, 1987, Pretoria, Transvaal",39y 60d,South Africa,Bowling Allrounder,2012 - 2019,2018,IPL 2018,DC,4,4,3,46,27*,46.00,26,176.92,0,0,3,2,2,0,3,10.21,84,2/41,2/41,47.66,28.0,0,0,0,"December 21, 2012","March 24, 2019","June 10, 2013","July 06, 2019"
439952,Christopher Henry Morris,"April 30, 1987, Pretoria, Transvaal",39y 60d,South Africa,Bowling Allrounder,2012 - 2019,2017,IPL 2017,DC,9,9,4,154,52*,30.80,94,163.82,0,1,15,6,5,0,12,7.74,186,4/26,4/26,20.00,15.5,1,0,0,"December 21, 2012","March 24, 2019","June 10, 2013","July 06, 2019"
439952,Christopher Henry Morris,"April 30, 1987, Pretoria, Transvaal",39y 60d,South Africa,Bowling Allrounder,2012 - 2019,2016,IPL 2016,DC,12,7,4,195,82*,65.00,109,178.89,0,1,15,12,8,0,13,7.00,264,2/30,2/30,23.69,20.3,0,0,0,"December 21, 2012","March 24, 2019","June 10, 2013","July 06, 2019"
439952,Christopher Henry Morris,"April 30, 1987, Pretoria, Transvaal",39y 60d,South Africa,Bowling Allrounder,2012 - 2019,2015,IPL 2015,RR,11,7,5,76,34*,38.00,46,165.21,0,0,3,5,3,0,13,7.40,252,4/23,4/23,23.92,19.3,1,0,0,"December 21, 2012","March 24, 2019","June 10, 2013","July 06, 2019"
439952,Christopher Henry Morris,"April 30, 1987, Pretoria, Transvaal",39y 60d,South Africa,Bowling Allrounder,2012 - 2019,2013,IPL 2013,CSK,16,6,4,14,7*,7.00,16,87.50,0,0,0,0,5,0,15,8.02,300,3/40,3/40,26.73,20.0,0,0,0,"December 21, 2012","March 24, 2019","June 10, 2013","July 06, 2019"
381743,Daryl Joseph Mitchell,"May 20, 1991, Hamilton",35y 40d,New Zealand,Batting Allrounder,2019 - 2026,2024,IPL 2024,CSK,13,13,2,318,63,28.90,223,142.60,0,2,27,10,9,0,1,11.66,36,1/18,1/18,70.00,36.0,0,0,0,"February 06, 2019","March 08, 2026","March 20, 2021","January 18, 2026"
381743,Daryl Joseph Mitchell,"May 20, 1991, Hamilton",35y 40d,New Zealand,Batting Allrounder,2019 - 2026,2022,IPL 2022,RR,2,2,0,33,17,16.50,44,75.00,0,0,1,0,2,0,0,13.50,12,-,-,-,-,0,0,0,"February 06, 2019","March 08, 2026","March 20, 2021","January 18, 2026"
5766,David John Hussey,"July 15, 1977, Mt Lawley, Perth, Western Australia",48y 349d,Australia,Allrounder,2008 - 2013,2014,IPL 2014,CSK,5,4,2,116,50*,58.00,94,123.40,0,1,8,6,1,0,2,13.41,17,2/38,2/38,19.00,8.5,0,0,0,"February 01, 2008","October 05, 2012","July 04, 2008","January 23, 2013"
5766,David John Hussey,"July 15, 1977, Mt Lawley, Perth, Western Australia",48y 349d,Australia,Allrounder,2008 - 2013,2013,IPL 2013,PBKS,12,11,1,235,41,23.50,209,112.44,0,0,20,6,4,0,0,8.27,66,-,-,-,-,0,0,0,"February 01, 2008","October 05, 2012","July 04, 2008","January 23, 2013"
5766,David John Hussey,"July 15, 1977, Mt Lawley, Perth, Western Australia",48y 349d,Australia,Allrounder,2008 - 2013,2012,IPL 2012,PBKS,16,15,3,396,68*,33.00,305,129.83,0,2,28,17,4,0,3,7.00,54,2/2,2/2,21.00,18.0,0,0,0,"February 01, 2008","October 05, 2012","July 04, 2008","January 23, 2013"
5766,David John Hussey,"July 15, 1977, Mt Lawley, Perth, Western Australia",48y 349d,Australia,Allrounder,2008 - 2013,2011,IPL 2011,PBKS,8,8,2,64,21*,10.66,63,101.58,0,0,3,3,6,0,1,12.66,18,1/19,1/19,38.00,18.0,0,0,0,"February 01, 2008","October 05, 2012","July 04, 2008","January 23, 2013"
5766,David John Hussey,"July 15, 1977, Mt Lawley, Perth, Western Australia",48y 349d,Australia,Allrounder,2008 - 2013,2009/10,IPL 2009/10,KKR,6,6,2,94,31,23.50,86,109.30,0,0,5,5,4,0,0,8.00,60,-,-,-,-,0,0,0,"February 01, 2008","October 05, 2012","July 04, 2008","January 23, 2013"
5766,David John Hussey,"July 15, 1977, Mt Lawley, Perth, Western Australia",48y 349d,Australia,Allrounder,2008 - 2013,2009,IPL 2009,KKR,4,4,0,98,43,24.50,59,166.10,0,0,7,6,1,0,0,8.50,24,-,-,-,-,0,0,0,"February 01, 2008","October 05, 2012","July 04, 2008","January 23, 2013"
5766,David John Hussey,"July 15, 1977, Mt Lawley, Perth, Western Australia",48y 349d,Australia,Allrounder,2008 - 2013,2007/08,IPL 2007/08,KKR,13,13,2,319,71,29.00,259,123.16,0,2,19,17,5,0,2,10.00,78,1/23,1/23,65.00,39.0,0,0,0,"February 01, 2008","October 05, 2012","July 04, 2008","January 23, 2013"
308251,David Jonathan Willey,"February 28, 1990, Northampton",36y 121d,England,Bowling Allrounder,2015 - 2023,2023,IPL 2023,RCB,4,3,3,35,20*,-,32,109.37,0,0,4,0,1,0,3,7.00,90,2/16,2/16,35.00,30.0,0,0,0,"June 23, 2015","October 14, 2022","May 08, 2015","November 11, 2023"
308251,David Jonathan Willey,"February 28, 1990, Northampton",36y 121d,England,Bowling Allrounder,2015 - 2023,2022,IPL 2022,RCB,4,2,0,18,18,9.00,30,60.00,0,0,3,0,1,0,1,6.54,66,1/29,1/29,72.00,66.0,0,0,0,"June 23, 2015","October 14, 2022","May 08, 2015","November 11, 2023"
308251,David Jonathan Willey,"February 28, 1990, Northampton",36y 121d,England,Bowling Allrounder,2015 - 2023,2018,IPL 2018,CSK,3,-,-,-,-,-,-,-,-,-,-,-,2,0,2,9.50,60,1/24,1/24,47.50,30.0,0,0,0,"June 23, 2015","October 14, 2022","May 08, 2015","November 11, 2023"
447261,Deepak Lokandersingh Chahar,"August 07, 1992, Agra, Uttar Pradesh",33y 326d,India,Bowler,2018 - 2023,2026,IPL 2026,MI,8,4,2,25,10,12.50,19,131.57,0,0,3,1,1,0,8,10.39,153,2/33,2/33,33.12,19.1,0,0,0,"July 08, 2018","December 01, 2023","September 25, 2018","December 07, 2022"
447261,Deepak Lokandersingh Chahar,"August 07, 1992, Agra, Uttar Pradesh",33y 326d,India,Bowler,2018 - 2023,2025,IPL 2025,MI,14,4,3,37,28*,37.00,25,148.00,0,0,3,2,2,0,11,9.17,246,2/12,2/12,34.18,22.3,0,0,0,"July 08, 2018","December 01, 2023","September 25, 2018","December 07, 2022"
447261,Deepak Lokandersingh Chahar,"August 07, 1992, Agra, Uttar Pradesh",33y 326d,India,Bowler,2018 - 2023,2024,IPL 2024,CSK,8,-,-,-,-,-,-,-,-,-,-,-,0,0,5,8.59,141,2/28,2/28,40.40,28.2,0,0,0,"July 08, 2018","December 01, 2023","September 25, 2018","December 07, 2022"
447261,Deepak Lokandersingh Chahar,"August 07, 1992, Agra, Uttar Pradesh",33y 326d,India,Bowler,2018 - 2023,2023,IPL 2023,CSK,10,1,1,1,1*,-,2,50.00,0,0,0,0,1,0,13,8.73,204,3/22,3/22,22.84,15.6,0,0,0,"July 08, 2018","December 01, 2023","September 25, 2018","December 07, 2022"
447261,Deepak Lokandersingh Chahar,"August 07, 1992, Agra, Uttar Pradesh",33y 326d,India,Bowler,2018 - 2023,2021,IPL 2021,CSK,15,2,2,1,1*,-,1,100.00,0,0,0,0,5,0,14,8.35,324,4/13,4/13,32.21,23.1,2,0,0,"July 08, 2018","December 01, 2023","September 25, 2018","December 07, 2022"
447261,Deepak Lokandersingh Chahar,"August 07, 1992, Agra, Uttar Pradesh",33y 326d,India,Bowler,2018 - 2023,2020/21,IPL 2020/21,CSK,14,3,2,7,5*,7.00,12,58.33,0,0,0,0,3,0,12,7.61,312,2/18,2/18,33.00,26.0,0,0,0,"July 08, 2018","December 01, 2023","September 25, 2018","December 07, 2022"
447261,Deepak Lokandersingh Chahar,"August 07, 1992, Agra, Uttar Pradesh",33y 326d,India,Bowler,2018 - 2023,2019,IPL 2019,CSK,17,2,0,7,7,3.50,9,77.77,0,0,1,0,2,0,22,7.47,387,3/20,3/20,21.90,17.5,0,0,0,"July 08, 2018","December 01, 2023","September 25, 2018","December 07, 2022"
447261,Deepak Lokandersingh Chahar,"August 07, 1992, Agra, Uttar Pradesh",33y 326d,India,Bowler,2018 - 2023,2018,IPL 2018,CSK,12,4,1,50,39,16.66,29,172.41,0,0,1,4,1,0,10,7.28,229,3/15,3/15,27.80,22.9,0,0,0,"July 08, 2018","December 01, 2023","September 25, 2018","December 07, 2022"
447261,Deepak Lokandersingh Chahar,"August 07, 1992, Agra, Uttar Pradesh",33y 326d,India,Bowler,2018 - 2023,2017,IPL 2017,RPS,3,1,0,14,14,14.00,6,233.33,0,0,0,2,0,0,1,10.57,42,1/35,1/35,74.00,42.0,0,0,0,"July 08, 2018","December 01, 2023","September 25, 2018","December 07, 2022"
447261,Deepak Lokandersingh Chahar,"August 07, 1992, Agra, Uttar Pradesh",33y 326d,India,Bowler,2018 - 2023,2016,IPL 2016,RPS,2,-,-,-,-,-,-,-,-,-,-,-,1,0,0,8.20,30,-,-,-,-,0,0,0,"July 08, 2018","December 01, 2023","September 25, 2018","December 07, 2022"
497121,Deepak Jagbir Hooda,"April 19, 1995, Rohtak",31y 71d,India,Allrounder,2022 - 2023,2025,IPL 2025,CSK,7,5,0,31,22,6.20,41,75.60,0,0,2,1,3,0,0,15.00,6,-,-,-,-,0,0,0,"February 24, 2022","February 01, 2023","February 06, 2022","November 30, 2022"
497121,Deepak Jagbir Hooda,"April 19, 1995, Rohtak",31y 71d,India,Allrounder,2022 - 2023,2024,IPL 2024,LSG,11,9,1,145,50,18.12,105,138.09,0,1,16,3,2,0,0,7.33,18,-,-,-,-,0,0,0,"February 24, 2022","February 01, 2023","February 06, 2022","November 30, 2022"
497121,Deepak Jagbir Hooda,"April 19, 1995, Rohtak",31y 71d,India,Allrounder,2022 - 2023,2023,IPL 2023,LSG,12,12,1,84,17,7.63,90,93.33,0,0,3,2,10,0,0,8.00,6,-,-,-,-,0,0,0,"February 24, 2022","February 01, 2023","February 06, 2022","November 30, 2022"
497121,Deepak Jagbir Hooda,"April 19, 1995, Rohtak",31y 71d,India,Allrounder,2022 - 2023,2022,IPL 2022,LSG,15,14,0,451,59,32.21,330,136.66,0,4,36,18,8,0,1,10.75,24,1/31,1/31,43.00,24.0,0,0,0,"February 24, 2022","February 01, 2023","February 06, 2022","November 30, 2022"
497121,Deepak Jagbir Hooda,"April 19, 1995, Rohtak",31y 71d,India,Allrounder,2022 - 2023,2021,IPL 2021,PBKS,12,11,1,160,64,16.00,123,130.08,0,1,9,9,7,0,2,8.50,96,1/15,1/15,68.00,48.0,0,0,0,"February 24, 2022","February 01, 2023","February 06, 2022","November 30, 2022"
497121,Deepak Jagbir Hooda,"April 19, 1995, Rohtak",31y 71d,India,Allrounder,2022 - 2023,2020/21,IPL 2020/21,PBKS,7,5,4,101,62*,101.00,71,142.25,0,1,5,5,3,0,0,9.00,6,-,-,-,-,0,0,0,"February 24, 2022","February 01, 2023","February 06, 2022","November 30, 2022"
497121,Deepak Jagbir Hooda,"April 19, 1995, Rohtak",31y 71d,India,Allrounder,2022 - 2023,2019,IPL 2019,SRH,11,7,1,64,20,10.66,63,101.58,0,0,5,1,10,0,1,10.50,12,1/13,1/13,21.00,12.0,0,0,0,"February 24, 2022","February 01, 2023","February 06, 2022","November 30, 2022"
497121,Deepak Jagbir Hooda,"April 19, 1995, Rohtak",31y 71d,India,Allrounder,2022 - 2023,2018,IPL 2018,SRH,9,8,4,87,32*,21.75,81,107.40,0,0,2,3,3,0,0,8.00,18,-,-,-,-,0,0,0,"February 24, 2022","February 01, 2023","February 06, 2022","November 30, 2022"
497121,Deepak Jagbir Hooda,"April 19, 1995, Rohtak",31y 71d,India,Allrounder,2022 - 2023,2017,IPL 2017,SRH,10,6,3,78,19*,26.00,52,150.00,0,0,5,4,5,0,2,10.50,24,1/7,1/7,21.00,12.0,0,0,0,"February 24, 2022","February 01, 2023","February 06, 2022","November 30, 2022"
497121,Deepak Jagbir Hooda,"April 19, 1995, Rohtak",31y 71d,India,Allrounder,2022 - 2023,2016,IPL 2016,SRH,17,15,1,144,34,10.28,121,119.00,0,0,9,5,3,0,3,7.46,78,2/16,2/16,32.33,26.0,0,0,0,"February 24, 2022","February 01, 2023","February 06, 2022","November 30, 2022"
497121,Deepak Jagbir Hooda,"April 19, 1995, Rohtak",31y 71d,India,Allrounder,2022 - 2023,2015,IPL 2015,RR,14,9,0,151,54,16.77,95,158.94,0,1,6,11,1,0,1,8.50,91,1/35,1/35,129.00,91.0,0,0,0,"February 24, 2022","February 01, 2023","February 06, 2022","November 30, 2022"
379140,Devon Philip Conway,"July 08, 1991, Johannesburg, Transvaal",34y 356d,New Zealand,Wicketkeeper Batter,2020 - 2026,2025,IPL 2025,CSK,6,6,0,156,69,26.00,119,131.09,0,2,17,4,2,0,-,-,-,-,-,-,-,-,-,-,"November 27, 2020","March 20, 2026","March 20, 2021","January 18, 2026"
379140,Devon Philip Conway,"July 08, 1991, Johannesburg, Transvaal",34y 356d,New Zealand,Wicketkeeper Batter,2020 - 2026,2023,IPL 2023,CSK,16,15,2,672,92*,51.69,481,139.70,0,6,77,18,6,0,-,-,-,-,-,-,-,-,-,-,"November 27, 2020","March 20, 2026","March 20, 2021","January 18, 2026"
379140,Devon Philip Conway,"July 08, 1991, Johannesburg, Transvaal",34y 356d,New Zealand,Wicketkeeper Batter,2020 - 2026,2022,IPL 2022,CSK,7,7,1,252,87,42.00,173,145.66,0,3,22,12,2,0,-,-,-,-,-,-,-,-,-,-,"November 27, 2020","March 20, 2026","March 20, 2021","January 18, 2026"
1070665,Dewald Brevis,"April 29, 2003, Johannesburg",23y 61d,South Africa,Middle order Batter,2023 - 2026,2026,IPL 2026,CSK,11,8,0,151,44,18.87,118,127.96,0,0,8,10,12,0,-,-,-,-,-,-,-,-,-,-,"August 30, 2023","March 04, 2026","August 19, 2025","December 06, 2025"
1070665,Dewald Brevis,"April 29, 2003, Johannesburg",23y 61d,South Africa,Middle order Batter,2023 - 2026,2025,IPL 2025,CSK,6,6,0,225,57,37.50,125,180.00,0,2,13,17,6,0,-,-,-,-,-,-,-,-,-,-,"August 30, 2023","March 04, 2026","August 19, 2025","December 06, 2025"
1070665,Dewald Brevis,"April 29, 2003, Johannesburg",23y 61d,South Africa,Middle order Batter,2023 - 2026,2024,IPL 2024,MI,3,3,0,69,46,23.00,59,116.94,0,0,3,5,0,0,-,-,-,-,-,-,-,-,-,-,"August 30, 2023","March 04, 2026","August 19, 2025","December 06, 2025"
1070665,Dewald Brevis,"April 29, 2003, Johannesburg",23y 61d,South Africa,Middle order Batter,2023 - 2026,2022,IPL 2022,MI,7,7,0,161,49,23.00,113,142.47,0,0,14,11,3,0,1,16.00,3,1/8,1/8,8.00,3.0,0,0,0,"August 30, 2023","March 04, 2026","August 19, 2025","December 06, 2025"
590327,Dhruv Ranjan Shorey,"June 05, 1992, Delhi",34y 24d,India,Top order Batter,-,2019,IPL 2019,CSK,1,1,0,5,5,5.00,8,62.50,0,0,0,0,0,0,-,-,-,-,-,-,-,-,-,-,,,,
590327,Dhruv Ranjan Shorey,"June 05, 1992, Delhi",34y 24d,India,Top order Batter,-,2018,IPL 2018,CSK,1,1,0,8,8,8.00,9,88.88,0,0,0,1,0,0,-,-,-,-,-,-,-,-,-,-,,,,
6981,Dirk Peter Nannes,"May 16, 1976, Mount Waverley, Melbourne, Victoria",50y 44d,Australia,Bowler,2009 - 2010,2013,IPL 2013,CSK,5,1,1,0,0*,-,0,-,0,0,0,0,3,0,4,7.96,119,2/17,2/17,39.50,29.7,0,0,0,"June 05, 2009","October 31, 2010","August 28, 2009","June 05, 2009"
6981,Dirk Peter Nannes,"May 16, 1976, Mount Waverley, Melbourne, Victoria",50y 44d,Australia,Bowler,2009 - 2010,2011,IPL 2011,RCB,2,-,-,-,-,-,-,-,-,-,-,-,1,0,2,7.75,24,1/0,1/0,15.50,12.0,0,0,0,"June 05, 2009","October 31, 2010","August 28, 2009","June 05, 2009"
6981,Dirk Peter Nannes,"May 16, 1976, Mount Waverley, Melbourne, Victoria",50y 44d,Australia,Bowler,2009 - 2010,2009/10,IPL 2009/10,DC,9,2,1,4,3,4.00,13,30.76,0,0,0,0,0,0,7,6.55,205,2/12,2/12,32.00,29.2,0,0,0,"June 05, 2009","October 31, 2010","August 28, 2009","June 05, 2009"
6981,Dirk Peter Nannes,"May 16, 1976, Mount Waverley, Melbourne, Victoria",50y 44d,Australia,Bowler,2009 - 2010,2009,IPL 2009,DC,13,-,-,-,-,-,-,-,-,-,-,-,5,0,15,7.51,297,3/27,3/27,24.80,19.8,0,0,0,"June 05, 2009","October 31, 2010","August 28, 2009","June 05, 2009"
4508,Douglas Erwin Bollinger,"July 24, 1981, Baulkham Hills, Sydney, New South Wales",44y 340d,Australia,Bowler,2009 - 2014,2012,IPL 2012,CSK,6,1,0,3,3,3.00,5,60.00,0,0,0,0,2,0,8,8.72,108,3/24,3/24,19.62,13.5,0,0,0,"October 13, 2011","November 09, 2014","April 24, 2009","October 28, 2011"
4508,Douglas Erwin Bollinger,"July 24, 1981, Baulkham Hills, Sydney, New South Wales",44y 340d,Australia,Bowler,2009 - 2014,2011,IPL 2011,CSK,13,1,1,0,0*,-,1,0.00,0,0,0,0,4,0,17,7.00,282,3/21,3/21,19.35,16.5,0,0,0,"October 13, 2011","November 09, 2014","April 24, 2009","October 28, 2011"
4508,Douglas Erwin Bollinger,"July 24, 1981, Baulkham Hills, Sydney, New South Wales",44y 340d,Australia,Bowler,2009 - 2014,2009/10,IPL 2009/10,CSK,8,2,2,18,16*,-,17,105.88,0,0,1,1,2,0,12,6.67,186,4/13,4/13,17.25,15.5,1,0,0,"October 13, 2011","November 09, 2014","April 24, 2009","October 28, 2011"
327830,Dwaine Pretorius,"March 29, 1989, Randfontein",37y 92d,South Africa,Bowling Allrounder,2016 - 2022,2023,IPL 2023,CSK,1,-,-,-,-,-,-,-,-,-,-,-,1,0,0,7.00,24,-,-,-,-,0,0,0,"June 21, 2017","October 04, 2022","September 25, 2016","July 24, 2022"
327830,Dwaine Pretorius,"March 29, 1989, Randfontein",37y 92d,South Africa,Bowling Allrounder,2016 - 2022,2022,IPL 2022,CSK,6,5,1,44,22,11.00,28,157.14,0,0,3,3,2,0,6,10.00,126,2/30,2/30,35.00,21.0,0,0,0,"June 21, 2017","October 04, 2022","September 25, 2016","July 24, 2022"
51439,Dwayne John Bravo,"October 07, 1983, Santa Cruz, Trinidad",42y 265d,West Indies,Allrounder,2004 - 2021,2022,IPL 2022,CSK,10,6,4,23,12,11.50,24,95.83,0,0,1,1,3,0,16,8.70,206,3/20,3/20,18.68,12.8,0,0,0,"February 16, 2006","November 06, 2021","April 18, 2004","October 17, 2014"
51439,Dwayne John Bravo,"October 07, 1983, Santa Cruz, Trinidad",42y 265d,West Indies,Allrounder,2004 - 2021,2021,IPL 2021,CSK,11,3,2,47,23,47.00,18,261.11,0,0,3,4,2,0,14,7.81,202,3/24,3/24,18.78,14.4,0,0,0,"February 16, 2006","November 06, 2021","April 18, 2004","October 17, 2014"
51439,Dwayne John Bravo,"October 07, 1983, Santa Cruz, Trinidad",42y 265d,West Indies,Allrounder,2004 - 2021,2020/21,IPL 2020/21,CSK,6,2,0,7,7,3.50,6,116.66,0,0,0,0,1,0,6,8.57,126,3/37,3/37,30.00,21.0,0,0,0,"February 16, 2006","November 06, 2021","April 18, 2004","October 17, 2014"
51439,Dwayne John Bravo,"October 07, 1983, Santa Cruz, Trinidad",42y 265d,West Indies,Allrounder,2004 - 2021,2019,IPL 2019,CSK,12,9,4,80,27,16.00,66,121.21,0,0,6,3,5,0,11,8.01,247,3/33,3/33,30.00,22.4,0,0,0,"February 16, 2006","November 06, 2021","April 18, 2004","October 17, 2014"
51439,Dwayne John Bravo,"October 07, 1983, Santa Cruz, Trinidad",42y 265d,West Indies,Allrounder,2004 - 2021,2018,IPL 2018,CSK,16,10,6,141,68,35.25,91,154.94,0,1,8,10,9,0,14,9.96,321,2/16,2/16,38.07,22.9,0,0,0,"February 16, 2006","November 06, 2021","April 18, 2004","October 17, 2014"
51439,Dwayne John Bravo,"October 07, 1983, Santa Cruz, Trinidad",42y 265d,West Indies,Allrounder,2004 - 2021,2016,IPL 2016,GL,15,13,5,99,22*,12.37,82,120.73,0,0,11,1,6,0,17,8.82,336,4/22,4/22,29.05,19.7,1,0,0,"February 16, 2006","November 06, 2021","April 18, 2004","October 17, 2014"
51439,Dwayne John Bravo,"October 07, 1983, Santa Cruz, Trinidad",42y 265d,West Indies,Allrounder,2004 - 2021,2015,IPL 2015,CSK,17,14,5,195,62*,21.66,148,131.75,0,1,22,5,13,0,26,8.14,314,3/22,3/22,16.38,12.0,0,0,0,"February 16, 2006","November 06, 2021","April 18, 2004","October 17, 2014"
51439,Dwayne John Bravo,"October 07, 1983, Santa Cruz, Trinidad",42y 265d,West Indies,Allrounder,2004 - 2021,2014,IPL 2014,CSK,1,1,1,8,8*,-,3,266.66,0,0,0,1,0,0,-,-,-,-,-,-,-,-,-,-,"February 16, 2006","November 06, 2021","April 18, 2004","October 17, 2014"
51439,Dwayne John Bravo,"October 07, 1983, Santa Cruz, Trinidad",42y 265d,West Indies,Allrounder,2004 - 2021,2013,IPL 2013,CSK,18,12,4,121,23*,15.12,106,114.15,0,0,11,3,14,0,32,7.95,375,4/42,4/42,15.53,11.7,1,0,0,"February 16, 2006","November 06, 2021","April 18, 2004","October 17, 2014"
51439,Dwayne John Bravo,"October 07, 1983, Santa Cruz, Trinidad",42y 265d,West Indies,Allrounder,2004 - 2021,2012,IPL 2012,CSK,19,16,8,371,48,46.37,264,140.53,0,0,20,20,9,0,15,8.01,346,2/10,2/10,30.80,23.0,0,0,0,"February 16, 2006","November 06, 2021","April 18, 2004","October 17, 2014"
51439,Dwayne John Bravo,"October 07, 1983, Santa Cruz, Trinidad",42y 265d,West Indies,Allrounder,2004 - 2021,2011,IPL 2011,CSK,6,2,1,11,6*,11.00,6,183.33,0,0,1,1,3,0,6,7.85,120,2/21,2/21,26.16,20.0,0,0,0,"February 16, 2006","November 06, 2021","April 18, 2004","October 17, 2014"
51439,Dwayne John Bravo,"October 07, 1983, Santa Cruz, Trinidad",42y 265d,West Indies,Allrounder,2004 - 2021,2009/10,IPL 2009/10,MI,10,8,1,61,23,8.71,53,115.09,0,0,3,4,4,0,4,8.71,157,2/11,2/11,57.00,39.2,0,0,0,"February 16, 2006","November 06, 2021","April 18, 2004","October 17, 2014"
51439,Dwayne John Bravo,"October 07, 1983, Santa Cruz, Trinidad",42y 265d,West Indies,Allrounder,2004 - 2021,2009,IPL 2009,MI,11,10,2,218,70*,27.25,203,107.38,0,2,15,8,7,0,11,7.80,199,3/34,3/34,23.54,18.0,0,0,0,"February 16, 2006","November 06, 2021","April 18, 2004","October 17, 2014"
51439,Dwayne John Bravo,"October 07, 1983, Santa Cruz, Trinidad",42y 265d,West Indies,Allrounder,2004 - 2021,2007/08,IPL 2007/08,MI,9,7,1,178,64*,29.66,134,132.83,0,1,19,5,4,0,11,8.18,170,3/24,3/24,21.09,15.4,0,0,0,"February 16, 2006","November 06, 2021","April 18, 2004","October 17, 2014"
53118,Dwayne Romel Smith,"April 12, 1983, Storey Gap, Codrington Hill, St Michael, Barbados",43y 78d,West Indies,Allrounder,2004 - 2015,2017,IPL 2017,GL,12,12,1,239,74,21.72,156,153.20,0,2,32,8,3,0,2,11.38,78,1/10,1/10,74.00,39.0,0,0,0,"February 16, 2006","January 14, 2015","January 25, 2004","March 15, 2015"
53118,Dwayne Romel Smith,"April 12, 1983, Storey Gap, Codrington Hill, St Michael, Barbados",43y 78d,West Indies,Allrounder,2004 - 2015,2016,IPL 2016,GL,12,12,1,324,73,29.45,221,146.60,0,3,35,16,7,0,8,8.50,108,4/8,4/8,19.12,13.5,1,0,0,"February 16, 2006","January 14, 2015","January 25, 2004","March 15, 2015"
53118,Dwayne Romel Smith,"April 12, 1983, Storey Gap, Codrington Hill, St Michael, Barbados",43y 78d,West Indies,Allrounder,2004 - 2015,2015,IPL 2015,CSK,16,16,0,399,62,24.93,335,119.10,0,2,52,16,9,0,1,8.50,12,1/17,1/17,17.00,12.0,0,0,0,"February 16, 2006","January 14, 2015","January 25, 2004","March 15, 2015"
53118,Dwayne Romel Smith,"April 12, 1983, Storey Gap, Codrington Hill, St Michael, Barbados",43y 78d,West Indies,Allrounder,2004 - 2015,2014,IPL 2014,CSK,16,16,0,566,79,35.37,416,136.05,0,5,50,34,5,0,4,9.50,60,1/11,1/11,23.75,15.0,0,0,0,"February 16, 2006","January 14, 2015","January 25, 2004","March 15, 2015"
53118,Dwayne Romel Smith,"April 12, 1983, Storey Gap, Codrington Hill, St Michael, Barbados",43y 78d,West Indies,Allrounder,2004 - 2015,2013,IPL 2013,MI,13,13,0,418,68,32.15,341,122.58,0,4,40,19,8,0,2,11.80,30,2/20,2/20,29.50,15.0,0,0,0,"February 16, 2006","January 14, 2015","January 25, 2004","March 15, 2015"
53118,Dwayne Romel Smith,"April 12, 1983, Storey Gap, Codrington Hill, St Michael, Barbados",43y 78d,West Indies,Allrounder,2004 - 2015,2012,IPL 2012,MI,7,6,2,157,87*,39.25,98,160.20,0,1,18,7,1,0,2,7.30,78,1/8,1/8,47.50,39.0,0,0,0,"February 16, 2006","January 14, 2015","January 25, 2004","March 15, 2015"
53118,Dwayne Romel Smith,"April 12, 1983, Storey Gap, Codrington Hill, St Michael, Barbados",43y 78d,West Indies,Allrounder,2004 - 2015,2009/10,IPL 2009/10,DCH,3,3,1,22,13*,11.00,25,88.00,0,0,1,1,0,0,1,9.39,23,1/22,1/22,36.00,23.0,0,0,0,"February 16, 2006","January 14, 2015","January 25, 2004","March 15, 2015"
53118,Dwayne Romel Smith,"April 12, 1983, Storey Gap, Codrington Hill, St Michael, Barbados",43y 78d,West Indies,Allrounder,2004 - 2015,2009,IPL 2009,DCH,8,8,0,215,49,26.87,132,162.87,0,0,12,15,6,0,1,8.85,84,1/25,1/25,124.00,84.0,0,0,0,"February 16, 2006","January 14, 2015","January 25, 2004","March 15, 2015"
53118,Dwayne Romel Smith,"April 12, 1983, Storey Gap, Codrington Hill, St Michael, Barbados",43y 78d,West Indies,Allrounder,2004 - 2015,2007/08,IPL 2007/08,MI,4,3,0,45,20,15.00,40,112.50,0,0,5,1,2,0,5,7.54,66,3/26,3/26,16.60,13.2,0,0,0,"February 16, 2006","January 14, 2015","January 25, 2004","March 15, 2015"
44828,Francois du Plessis,"July 13, 1984, Pretoria",41y 351d,South Africa,Middle order Batter,2011 - 2021,2025,IPL 2025,DC,9,9,0,202,62,22.44,163,123.92,0,2,18,8,4,0,-,-,-,-,-,-,-,-,-,-,"September 08, 2012","December 01, 2020","January 18, 2011","July 06, 2019"
44828,Francois du Plessis,"July 13, 1984, Pretoria",41y 351d,South Africa,Middle order Batter,2011 - 2021,2024,IPL 2024,RCB,15,15,0,438,64,29.20,271,161.62,0,4,47,21,8,0,-,-,-,-,-,-,-,-,-,-,"September 08, 2012","December 01, 2020","January 18, 2011","July 06, 2019"
44828,Francois du Plessis,"July 13, 1984, Pretoria",41y 351d,South Africa,Middle order Batter,2011 - 2021,2023,IPL 2023,RCB,14,14,1,730,84,56.15,475,153.68,0,8,60,36,3,0,-,-,-,-,-,-,-,-,-,-,"September 08, 2012","December 01, 2020","January 18, 2011","July 06, 2019"
44828,Francois du Plessis,"July 13, 1984, Pretoria",41y 351d,South Africa,Middle order Batter,2011 - 2021,2022,IPL 2022,RCB,16,16,1,468,96,31.20,367,127.52,0,3,49,13,4,0,-,-,-,-,-,-,-,-,-,-,"September 08, 2012","December 01, 2020","January 18, 2011","July 06, 2019"
44828,Francois du Plessis,"July 13, 1984, Pretoria",41y 351d,South Africa,Middle order Batter,2011 - 2021,2021,IPL 2021,CSK,16,16,2,633,95*,45.21,458,138.20,0,6,60,23,12,0,-,-,-,-,-,-,-,-,-,-,"September 08, 2012","December 01, 2020","January 18, 2011","July 06, 2019"
44828,Francois du Plessis,"July 13, 1984, Pretoria",41y 351d,South Africa,Middle order Batter,2011 - 2021,2020/21,IPL 2020/21,CSK,13,13,2,449,87*,40.81,319,140.75,0,4,42,14,12,0,-,-,-,-,-,-,-,-,-,-,"September 08, 2012","December 01, 2020","January 18, 2011","July 06, 2019"
44828,Francois du Plessis,"July 13, 1984, Pretoria",41y 351d,South Africa,Middle order Batter,2011 - 2021,2019,IPL 2019,CSK,12,12,1,396,96,36.00,321,123.36,0,3,36,15,12,0,-,-,-,-,-,-,-,-,-,-,"September 08, 2012","December 01, 2020","January 18, 2011","July 06, 2019"
44828,Francois du Plessis,"July 13, 1984, Pretoria",41y 351d,South Africa,Middle order Batter,2011 - 2021,2018,IPL 2018,CSK,6,6,1,162,67*,32.40,129,125.58,0,1,17,6,1,0,-,-,-,-,-,-,-,-,-,-,"September 08, 2012","December 01, 2020","January 18, 2011","July 06, 2019"
44828,Francois du Plessis,"July 13, 1984, Pretoria",41y 351d,South Africa,Middle order Batter,2011 - 2021,2017,IPL 2017,RPS,2,1,0,8,8,8.00,7,114.28,0,0,1,0,0,0,-,-,-,-,-,-,-,-,-,-,"September 08, 2012","December 01, 2020","January 18, 2011","July 06, 2019"
44828,Francois du Plessis,"July 13, 1984, Pretoria",41y 351d,South Africa,Middle order Batter,2011 - 2021,2016,IPL 2016,RPS,6,6,0,206,69,34.33,162,127.16,0,2,17,9,4,0,-,-,-,-,-,-,-,-,-,-,"September 08, 2012","December 01, 2020","January 18, 2011","July 06, 2019"
44828,Francois du Plessis,"July 13, 1984, Pretoria",41y 351d,South Africa,Middle order Batter,2011 - 2021,2015,IPL 2015,CSK,17,15,2,380,55,29.23,304,125.00,0,1,37,5,8,0,-,-,-,-,-,-,-,-,-,-,"September 08, 2012","December 01, 2020","January 18, 2011","July 06, 2019"
44828,Francois du Plessis,"July 13, 1984, Pretoria",41y 351d,South Africa,Middle order Batter,2011 - 2021,2014,IPL 2014,CSK,15,12,1,303,54*,27.54,235,128.93,0,2,26,7,13,0,-,-,-,-,-,-,-,-,-,-,"September 08, 2012","December 01, 2020","January 18, 2011","July 06, 2019"
44828,Francois du Plessis,"July 13, 1984, Pretoria",41y 351d,South Africa,Middle order Batter,2011 - 2021,2012,IPL 2012,CSK,13,12,0,398,73,33.16,304,130.92,0,3,29,17,4,0,0,16.00,6,-,-,-,-,0,0,0,"September 08, 2012","December 01, 2020","January 18, 2011","July 06, 2019"
4451,George John Bailey,"September 07, 1982, Launceston, Tasmania",43y 295d,Australia,Top order Batter,2012 - 2017,2016,IPL 2016,RPS,6,5,1,84,34,21.00,98,85.71,0,0,9,2,2,0,-,-,-,-,-,-,-,-,-,-,"February 01, 2012","September 15, 2017","March 16, 2012","December 09, 2016"
4451,George John Bailey,"September 07, 1982, Launceston, Tasmania",43y 295d,Australia,Top order Batter,2012 - 2017,2015,IPL 2015,PBKS,13,13,2,259,61*,23.54,190,136.31,0,2,22,7,1,0,-,-,-,-,-,-,-,-,-,-,"February 01, 2012","September 15, 2017","March 16, 2012","December 09, 2016"
4451,George John Bailey,"September 07, 1982, Launceston, Tasmania",43y 295d,Australia,Top order Batter,2012 - 2017,2014,IPL 2014,PBKS,17,16,7,257,40*,28.55,190,135.26,0,0,19,10,8,0,-,-,-,-,-,-,-,-,-,-,"February 01, 2012","September 15, 2017","March 16, 2012","December 09, 2016"
4451,George John Bailey,"September 07, 1982, Launceston, Tasmania",43y 295d,Australia,Top order Batter,2012 - 2017,2009/10,IPL 2009/10,CSK,1,1,0,18,18,18.00,27,66.66,0,0,2,0,0,0,-,-,-,-,-,-,-,-,-,-,"February 01, 2012","September 15, 2017","March 16, 2012","December 09, 2016"
4451,George John Bailey,"September 07, 1982, Launceston, Tasmania",43y 295d,Australia,Top order Batter,2012 - 2017,2009,IPL 2009,CSK,3,2,0,45,30,22.50,39,115.38,0,0,7,0,0,0,-,-,-,-,-,-,-,-,-,-,"February 01, 2012","September 15, 2017","March 16, 2012","December 09, 2016"
1269869,Gurjapneet Singh,"November 08, 1998",27y 233d,India,Bowler,-,2026,IPL 2026,CSK,8,-,-,-,-,-,-,-,-,-,-,-,5,0,4,9.25,151,1/7,1/7,58.25,37.7,0,0,0,,,,
29264,Harbhajan Singh,"July 03, 1980, Jullundur (now Jalandhar), Punjab",45y 361d,India,Bowler,1998 - 2016,2021,IPL 2021,KKR,3,2,2,4,2*,-,4,100.00,0,0,0,0,1,0,0,9.00,42,-,-,-,-,0,0,0,"December 01, 2006","March 03, 2016","April 17, 1998","October 25, 2015"
29264,Harbhajan Singh,"July 03, 1980, Jullundur (now Jalandhar), Punjab",45y 361d,India,Bowler,1998 - 2016,2019,IPL 2019,CSK,11,1,0,1,1,1.00,3,33.33,0,0,0,0,4,0,16,7.09,264,3/20,3/20,19.50,16.5,0,0,0,"December 01, 2006","March 03, 2016","April 17, 1998","October 25, 2015"
29264,Harbhajan Singh,"July 03, 1980, Jullundur (now Jalandhar), Punjab",45y 361d,India,Bowler,1998 - 2016,2018,IPL 2018,CSK,13,3,0,29,19,9.66,36,80.55,0,0,3,1,4,0,7,8.48,191,2/22,2/22,38.57,27.2,0,0,0,"December 01, 2006","March 03, 2016","April 17, 1998","October 25, 2015"
29264,Harbhajan Singh,"July 03, 1980, Jullundur (now Jalandhar), Punjab",45y 361d,India,Bowler,1998 - 2016,2017,IPL 2017,MI,11,7,5,16,7*,8.00,16,100.00,0,0,0,1,2,0,8,6.48,246,3/22,3/22,33.25,30.7,0,0,0,"December 01, 2006","March 03, 2016","April 17, 1998","October 25, 2015"
29264,Harbhajan Singh,"July 03, 1980, Jullundur (now Jalandhar), Punjab",45y 361d,India,Bowler,1998 - 2016,2016,IPL 2016,MI,14,7,4,92,45*,30.66,84,109.52,0,0,11,2,4,0,9,8.00,294,2/29,2/29,43.55,32.6,0,0,0,"December 01, 2006","March 03, 2016","April 17, 1998","October 25, 2015"
29264,Harbhajan Singh,"July 03, 1980, Jullundur (now Jalandhar), Punjab",45y 361d,India,Bowler,1998 - 2016,2015,IPL 2015,MI,15,10,3,117,64,16.71,73,160.27,0,1,9,9,3,0,18,7.82,342,3/27,3/27,24.77,19.0,0,0,0,"December 01, 2006","March 03, 2016","April 17, 1998","October 25, 2015"
29264,Harbhajan Singh,"July 03, 1980, Jullundur (now Jalandhar), Punjab",45y 361d,India,Bowler,1998 - 2016,2014,IPL 2014,MI,14,7,2,28,10*,5.60,25,112.00,0,0,2,2,3,0,14,6.47,330,2/13,2/13,25.42,23.5,0,0,0,"December 01, 2006","March 03, 2016","April 17, 1998","October 25, 2015"
29264,Harbhajan Singh,"July 03, 1980, Jullundur (now Jalandhar), Punjab",45y 361d,India,Bowler,1998 - 2016,2013,IPL 2013,MI,19,14,8,116,25*,19.33,79,146.83,0,0,12,5,9,0,24,6.51,420,3/14,3/14,19.00,17.5,0,0,0,"December 01, 2006","March 03, 2016","April 17, 1998","October 25, 2015"
29264,Harbhajan Singh,"July 03, 1980, Jullundur (now Jalandhar), Punjab",45y 361d,India,Bowler,1998 - 2016,2012,IPL 2012,MI,17,11,2,108,33,12.00,80,135.00,0,0,14,3,6,0,6,7.11,324,2/13,2/13,64.00,54.0,0,0,0,"December 01, 2006","March 03, 2016","April 17, 1998","October 25, 2015"
29264,Harbhajan Singh,"July 03, 1980, Jullundur (now Jalandhar), Punjab",45y 361d,India,Bowler,1998 - 2016,2011,IPL 2011,MI,15,8,5,103,30,34.33,71,145.07,0,0,9,6,2,0,14,6.98,318,5/18,5/18,26.42,22.7,0,1,0,"December 01, 2006","March 03, 2016","April 17, 1998","October 25, 2015"
29264,Harbhajan Singh,"July 03, 1980, Jullundur (now Jalandhar), Punjab",45y 361d,India,Bowler,1998 - 2016,2009/10,IPL 2009/10,MI,15,7,3,105,49*,26.25,63,166.66,0,0,12,5,6,0,17,7.04,321,3/31,3/31,22.17,18.8,0,0,0,"December 01, 2006","March 03, 2016","April 17, 1998","October 25, 2015"
29264,Harbhajan Singh,"July 03, 1980, Jullundur (now Jalandhar), Punjab",45y 361d,India,Bowler,1998 - 2016,2009,IPL 2009,MI,13,10,2,84,20,10.50,53,158.49,0,0,6,5,3,0,12,5.81,264,4/17,4/17,21.33,22.0,1,0,0,"December 01, 2006","March 03, 2016","April 17, 1998","October 25, 2015"
29264,Harbhajan Singh,"July 03, 1980, Jullundur (now Jalandhar), Punjab",45y 361d,India,Bowler,1998 - 2016,2007/08,IPL 2007/08,MI,3,3,1,30,28,15.00,17,176.47,0,0,1,3,2,0,5,8.20,60,3/32,3/32,16.40,12.0,0,0,0,"December 01, 2006","March 03, 2016","April 17, 1998","October 25, 2015"
40618,Mohammad Imran Tahir,"March 27, 1979, Lahore, Punjab",47y 94d,South Africa,Bowler,2011 - 2019,2021,IPL 2021,CSK,1,-,-,-,-,-,-,-,-,-,-,-,0,0,2,4.00,24,2/16,2/16,8.00,12.0,0,0,0,"August 02, 2013","March 19, 2019","February 24, 2011","July 06, 2019"
40618,Mohammad Imran Tahir,"March 27, 1979, Lahore, Punjab",47y 94d,South Africa,Bowler,2011 - 2019,2020/21,IPL 2020/21,CSK,3,1,1,13,13*,-,10,130.00,0,0,2,0,0,0,1,6.90,66,1/24,1/24,76.00,66.0,0,0,0,"August 02, 2013","March 19, 2019","February 24, 2011","July 06, 2019"
40618,Mohammad Imran Tahir,"March 27, 1979, Lahore, Punjab",47y 94d,South Africa,Bowler,2011 - 2019,2019,IPL 2019,CSK,17,1,1,0,0*,-,0,-,0,0,0,0,6,0,26,6.69,386,4/12,4/12,16.57,14.8,2,0,0,"August 02, 2013","March 19, 2019","February 24, 2011","July 06, 2019"
40618,Mohammad Imran Tahir,"March 27, 1979, Lahore, Punjab",47y 94d,South Africa,Bowler,2011 - 2019,2018,IPL 2018,CSK,6,1,1,2,2*,-,2,100.00,0,0,0,0,2,0,6,9.09,124,2/34,2/34,31.33,20.6,0,0,0,"August 02, 2013","March 19, 2019","February 24, 2011","July 06, 2019"
40618,Mohammad Imran Tahir,"March 27, 1979, Lahore, Punjab",47y 94d,South Africa,Bowler,2011 - 2019,2017,IPL 2017,RPS,12,1,1,0,0*,-,2,0.00,0,0,0,0,2,0,18,7.85,282,3/18,3/18,20.50,15.6,0,0,0,"August 02, 2013","March 19, 2019","February 24, 2011","July 06, 2019"
40618,Mohammad Imran Tahir,"March 27, 1979, Lahore, Punjab",47y 94d,South Africa,Bowler,2011 - 2019,2016,IPL 2016,DC,4,1,0,5,5,5.00,7,71.42,0,0,1,0,0,0,5,8.62,96,3/24,3/24,27.60,19.2,0,0,0,"August 02, 2013","March 19, 2019","February 24, 2011","July 06, 2019"
40618,Mohammad Imran Tahir,"March 27, 1979, Lahore, Punjab",47y 94d,South Africa,Bowler,2011 - 2019,2015,IPL 2015,DC,10,2,1,5,3*,5.00,6,83.33,0,0,0,0,3,0,15,8.84,213,4/28,4/28,20.93,14.2,1,0,0,"August 02, 2013","March 19, 2019","February 24, 2011","July 06, 2019"
40618,Mohammad Imran Tahir,"March 27, 1979, Lahore, Punjab",47y 94d,South Africa,Bowler,2011 - 2019,2014,IPL 2014,DC,6,2,0,8,4,4.00,10,80.00,0,0,2,0,0,0,9,8.20,125,3/22,3/22,19.00,13.8,0,0,0,"August 02, 2013","March 19, 2019","February 24, 2011","July 06, 2019"
447439,Ishwar Chand Pandey,"August 15, 1989, Rewa, Madhya Pradesh",36y 318d,India,Bowler,-,2015,IPL 2015,CSK,10,-,-,-,-,-,-,-,-,-,-,-,2,0,11,7.19,186,2/27,2/27,20.27,16.9,0,0,0,,,,
447439,Ishwar Chand Pandey,"August 15, 1989, Rewa, Madhya Pradesh",36y 318d,India,Bowler,-,2014,IPL 2014,CSK,13,-,-,-,-,-,-,-,-,-,-,-,4,0,6,7.57,252,2/23,2/23,53.00,42.0,0,0,0,,,,
447439,Ishwar Chand Pandey,"August 15, 1989, Rewa, Madhya Pradesh",36y 318d,India,Bowler,-,2013,IPL 2013,PWI,2,1,0,0,0,0.00,2,0.00,0,0,0,0,0,0,1,12.50,24,1/17,1/17,50.00,24.0,0,0,0,,,,
38062,Jacob David Philip Oram,"July 28, 1978, Palmerston North, Manawatu",47y 336d,New Zealand,Allrounder,2001 - 2012,2013,IPL 2013,MI,1,-,-,-,-,-,-,-,-,-,-,-,0,0,0,5.50,24,-,-,-,-,0,0,0,"October 21, 2005","October 30, 2012","January 04, 2001","November 06, 2012"
38062,Jacob David Philip Oram,"July 28, 1978, Palmerston North, Manawatu",47y 336d,New Zealand,Allrounder,2001 - 2012,2011,IPL 2011,RR,2,1,0,0,0,0.00,3,0.00,0,0,0,0,0,0,1,11.25,24,1/32,1/32,45.00,24.0,0,0,0,"October 21, 2005","October 30, 2012","January 04, 2001","November 06, 2012"
38062,Jacob David Philip Oram,"July 28, 1978, Palmerston North, Manawatu",47y 336d,New Zealand,Allrounder,2001 - 2012,2009,IPL 2009,CSK,11,8,2,88,41*,14.66,93,94.62,0,0,5,4,5,0,5,8.58,93,2/12,2/12,26.60,18.6,0,0,0,"October 21, 2005","October 30, 2012","January 04, 2001","November 06, 2012"
38062,Jacob David Philip Oram,"July 28, 1978, Palmerston North, Manawatu",47y 336d,New Zealand,Allrounder,2001 - 2012,2007/08,IPL 2007/08,CSK,4,3,2,18,13,18.00,12,150.00,0,0,1,1,3,0,3,9.31,96,3/32,3/32,49.66,32.0,0,0,0,"October 21, 2005","October 30, 2012","January 04, 2001","November 06, 2012"
510530,Jamie Overton,"April 10, 1994, Barnstaple, Devon",32y 80d,England,Bowling Allrounder,2013 - 2026,2026,IPL 2026,CSK,10,6,2,136,43*,34.00,86,158.13,0,0,13,6,1,0,14,8.89,168,4/18,4/18,17.78,12.0,1,0,0,"September 11, 2024","March 05, 2026","October 31, 2024","January 27, 2026"
510530,Jamie Overton,"April 10, 1994, Barnstaple, Devon",32y 80d,England,Bowling Allrounder,2013 - 2026,2025,IPL 2025,CSK,3,2,2,15,11*,-,7,214.28,0,0,1,1,0,0,0,13.83,36,-,-,-,-,0,0,0,"September 11, 2024","March 05, 2026","October 31, 2024","January 27, 2026"
391485,Jason Omar Holder,"November 05, 1991, Barbados",34y 236d,West Indies,Bowling Allrounder,2013 - 2026,2026,IPL 2026,GT,11,7,2,65,23*,13.00,52,125.00,0,0,3,3,8,0,17,7.56,230,4/24,4/24,17.05,13.5,1,0,0,"January 15, 2014","June 14, 2026","February 01, 2013","July 01, 2023"
391485,Jason Omar Holder,"November 05, 1991, Barbados",34y 236d,West Indies,Bowling Allrounder,2013 - 2026,2023,IPL 2023,RR,8,3,1,12,11,6.00,11,109.09,0,0,0,1,3,0,4,9.96,171,2/29,2/29,71.00,42.7,0,0,0,"January 15, 2014","June 14, 2026","February 01, 2013","July 01, 2023"
391485,Jason Omar Holder,"November 05, 1991, Barbados",34y 236d,West Indies,Bowling Allrounder,2013 - 2026,2022,IPL 2022,LSG,12,8,2,58,16,9.66,44,131.81,0,0,2,6,4,0,14,9.42,249,3/31,3/31,27.92,17.7,0,0,0,"January 15, 2014","June 14, 2026","February 01, 2013","July 01, 2023"
391485,Jason Omar Holder,"November 05, 1991, Barbados",34y 236d,West Indies,Bowling Allrounder,2013 - 2026,2021,IPL 2021,SRH,8,7,1,85,47*,14.16,72,118.05,0,0,2,6,2,0,16,7.75,191,4/52,4/52,15.43,11.9,1,0,0,"January 15, 2014","June 14, 2026","February 01, 2013","July 01, 2023"
391485,Jason Omar Holder,"November 05, 1991, Barbados",34y 236d,West Indies,Bowling Allrounder,2013 - 2026,2020/21,IPL 2020/21,SRH,7,4,2,66,26*,33.00,53,124.52,0,0,5,3,0,0,14,8.32,168,3/25,3/25,16.64,12.0,0,0,0,"January 15, 2014","June 14, 2026","February 01, 2013","July 01, 2023"
391485,Jason Omar Holder,"November 05, 1991, Barbados",34y 236d,West Indies,Bowling Allrounder,2013 - 2026,2016,IPL 2016,KKR,4,4,0,22,13,5.50,19,115.78,0,0,2,1,0,0,2,7.92,78,2/33,2/33,51.50,39.0,0,0,0,"January 15, 2014","June 14, 2026","February 01, 2013","July 01, 2023"
391485,Jason Omar Holder,"November 05, 1991, Barbados",34y 236d,West Indies,Bowling Allrounder,2013 - 2026,2014,IPL 2014,SRH,1,1,0,16,16,16.00,12,133.33,0,0,2,1,2,0,1,11.66,18,1/35,1/35,35.00,18.0,0,0,0,"January 15, 2014","June 14, 2026","February 01, 2013","July 01, 2023"
391485,Jason Omar Holder,"November 05, 1991, Barbados",34y 236d,West Indies,Bowling Allrounder,2013 - 2026,2013,IPL 2013,CSK,6,-,-,-,-,-,-,-,-,-,-,-,3,0,2,8.40,120,2/20,2/20,84.00,60.0,0,0,0,"January 15, 2014","June 14, 2026","February 01, 2013","July 01, 2023"
29976,Joginder Sharma,"October 23, 1983, Rohtak",42y 249d,India,Allrounder,2004 - 2007,2011,IPL 2011,CSK,1,1,0,0,0,0.00,1,0.00,0,0,0,0,0,0,0,11.33,18,-,-,-,-,0,0,0,"September 19, 2007","September 24, 2007","December 23, 2004","January 24, 2007"
29976,Joginder Sharma,"October 23, 1983, Rohtak",42y 249d,India,Allrounder,2004 - 2007,2009/10,IPL 2009/10,CSK,3,-,-,-,-,-,-,-,-,-,-,-,1,0,2,11.12,48,1/23,1/23,44.50,24.0,0,0,0,"September 19, 2007","September 24, 2007","December 23, 2004","January 24, 2007"
29976,Joginder Sharma,"October 23, 1983, Rohtak",42y 249d,India,Allrounder,2004 - 2007,2009,IPL 2009,CSK,4,2,1,20,16*,20.00,18,111.11,0,0,0,1,0,0,2,8.14,42,1/10,1/10,28.50,21.0,0,0,0,"September 19, 2007","September 24, 2007","December 23, 2004","January 24, 2007"
29976,Joginder Sharma,"October 23, 1983, Rohtak",42y 249d,India,Allrounder,2004 - 2007,2007/08,IPL 2007/08,CSK,8,3,1,16,16,8.00,11,145.45,0,0,1,1,4,0,8,9.68,148,2/27,2/27,29.87,18.5,0,0,0,"September 19, 2007","September 24, 2007","December 23, 2004","January 24, 2007"
228622,John Wayne Hastings,"November 04, 1985, Penrith, New South Wales",40y 237d,Australia,Allrounder,2010 - 2017,2016,IPL 2016,KKR,2,-,-,-,-,-,-,-,-,-,-,-,0,0,2,5.55,40,2/6,2/6,18.50,20.0,0,0,0,"October 31, 2010","September 09, 2016","October 20, 2010","June 02, 2017"
228622,John Wayne Hastings,"November 04, 1985, Penrith, New South Wales",40y 237d,Australia,Allrounder,2010 - 2017,2014,IPL 2014,CSK,1,-,-,-,-,-,-,-,-,-,-,-,0,0,1,9.66,18,1/29,1/29,29.00,18.0,0,0,0,"October 31, 2010","September 09, 2016","October 20, 2010","June 02, 2017"
288284,Josh Reginald Hazlewood,"January 08, 1991, Tamworth, New South Wales",35y 172d,Australia,Bowler,2010 - 2025,2026,IPL 2026,RCB,13,1,0,0,0,0.00,1,0.00,0,0,0,0,8,0,15,9.59,309,4/12,4/12,32.93,20.6,1,0,0,"February 13, 2013","October 31, 2025","June 22, 2010","October 25, 2025"
288284,Josh Reginald Hazlewood,"January 08, 1991, Tamworth, New South Wales",35y 172d,Australia,Bowler,2010 - 2025,2025,IPL 2025,RCB,12,1,1,0,0*,-,1,0.00,0,0,0,0,1,0,22,8.77,264,4/33,4/33,17.54,12.0,1,0,0,"February 13, 2013","October 31, 2025","June 22, 2010","October 25, 2025"
288284,Josh Reginald Hazlewood,"January 08, 1991, Tamworth, New South Wales",35y 172d,Australia,Bowler,2010 - 2025,2023,IPL 2023,RCB,3,1,1,1,1*,-,2,50.00,0,0,0,0,0,0,3,8.44,54,2/15,2/15,25.33,18.0,0,0,0,"February 13, 2013","October 31, 2025","June 22, 2010","October 25, 2025"
288284,Josh Reginald Hazlewood,"January 08, 1991, Tamworth, New South Wales",35y 172d,Australia,Bowler,2010 - 2025,2022,IPL 2022,RCB,12,5,5,18,7*,-,26,69.23,0,0,1,0,1,0,20,8.10,279,4/25,4/25,18.85,13.9,1,0,0,"February 13, 2013","October 31, 2025","June 22, 2010","October 25, 2025"
288284,Josh Reginald Hazlewood,"January 08, 1991, Tamworth, New South Wales",35y 172d,Australia,Bowler,2010 - 2025,2021,IPL 2021,CSK,9,-,-,-,-,-,-,-,-,-,-,-,1,0,11,8.37,210,3/24,3/24,26.63,19.0,0,0,0,"February 13, 2013","October 31, 2025","June 22, 2010","October 25, 2025"
288284,Josh Reginald Hazlewood,"January 08, 1991, Tamworth, New South Wales",35y 172d,Australia,Bowler,2010 - 2025,2020/21,IPL 2020/21,CSK,3,-,-,-,-,-,-,-,-,-,-,-,0,0,1,6.40,60,1/19,1/19,64.00,60.0,0,0,0,"February 13, 2013","October 31, 2025","June 22, 2010","October 25, 2025"
45797,Justin Miles Kemp,"October 02, 1977, Queenstown, Cape Province",48y 270d,South Africa,Bowling Allrounder,2001 - 2007,2009/10,IPL 2009/10,CSK,5,2,0,26,22,13.00,24,108.33,0,0,1,1,1,0,3,7.36,44,3/12,3/12,18.00,14.6,0,0,0,"October 21, 2005","September 20, 2007","January 14, 2001","October 23, 2007"
30288,Karn Vinod Sharma,"October 23, 1987, Meerut, Uttar Pradesh",38y 249d,India,Bowler,2014 - 2014,2025,IPL 2025,MI,6,1,1,1,1*,-,1,100.00,0,0,0,0,3,0,7,8.53,90,3/23,3/23,18.28,12.8,0,0,0,"Australia vs India  at Adelaide - December 09 - 13, 2014","November 13, 2014","November 13, 2014","November 16, 2014"
30288,Karn Vinod Sharma,"October 23, 1987, Meerut, Uttar Pradesh",38y 249d,India,Bowler,2014 - 2014,2024,IPL 2024,RCB,9,3,0,31,20,10.33,15,206.66,0,0,2,3,6,0,7,10.58,144,2/29,2/29,36.28,20.5,0,0,0,"Australia vs India  at Adelaide - December 09 - 13, 2014","November 13, 2014","November 13, 2014","November 16, 2014"
30288,Karn Vinod Sharma,"October 23, 1987, Meerut, Uttar Pradesh",38y 249d,India,Bowler,2014 - 2014,2023,IPL 2023,RCB,7,2,0,3,2,1.50,5,60.00,0,0,0,0,0,0,10,10.37,129,2/19,2/19,22.30,12.9,0,0,0,"Australia vs India  at Adelaide - December 09 - 13, 2014","November 13, 2014","November 13, 2014","November 16, 2014"
30288,Karn Vinod Sharma,"October 23, 1987, Meerut, Uttar Pradesh",38y 249d,India,Bowler,2014 - 2014,2020/21,IPL 2020/21,CSK,5,-,-,-,-,-,-,-,-,-,-,-,0,0,5,8.68,114,2/25,2/25,33.00,22.8,0,0,0,"Australia vs India  at Adelaide - December 09 - 13, 2014","November 13, 2014","November 13, 2014","November 16, 2014"
30288,Karn Vinod Sharma,"October 23, 1987, Meerut, Uttar Pradesh",38y 249d,India,Bowler,2014 - 2014,2019,IPL 2019,CSK,1,-,-,-,-,-,-,-,-,-,-,-,0,0,1,11.64,17,1/33,1/33,33.00,17.0,0,0,0,"Australia vs India  at Adelaide - December 09 - 13, 2014","November 13, 2014","November 13, 2014","November 16, 2014"
30288,Karn Vinod Sharma,"October 23, 1987, Meerut, Uttar Pradesh",38y 249d,India,Bowler,2014 - 2014,2018,IPL 2018,CSK,6,1,1,0,0*,-,0,-,0,0,0,0,3,0,4,9.36,57,2/13,2/13,22.25,14.2,0,0,0,"Australia vs India  at Adelaide - December 09 - 13, 2014","November 13, 2014","November 13, 2014","November 16, 2014"
30288,Karn Vinod Sharma,"October 23, 1987, Meerut, Uttar Pradesh",38y 249d,India,Bowler,2014 - 2014,2017,IPL 2017,MI,9,6,0,49,19,8.16,41,119.51,0,0,5,2,3,0,13,6.97,184,4/16,4/16,16.46,14.1,1,0,0,"Australia vs India  at Adelaide - December 09 - 13, 2014","November 13, 2014","November 13, 2014","November 16, 2014"
30288,Karn Vinod Sharma,"October 23, 1987, Meerut, Uttar Pradesh",38y 249d,India,Bowler,2014 - 2014,2016,IPL 2016,SRH,5,3,3,36,26*,-,30,120.00,0,0,3,1,0,0,0,10.46,98,-,-,-,-,0,0,0,"Australia vs India  at Adelaide - December 09 - 13, 2014","November 13, 2014","November 13, 2014","November 16, 2014"
30288,Karn Vinod Sharma,"October 23, 1987, Meerut, Uttar Pradesh",38y 249d,India,Bowler,2014 - 2014,2015,IPL 2015,SRH,14,9,3,104,32,17.33,85,122.35,0,0,3,6,4,0,10,8.33,239,2/12,2/12,33.20,23.9,0,0,0,"Australia vs India  at Adelaide - December 09 - 13, 2014","November 13, 2014","November 13, 2014","November 16, 2014"
30288,Karn Vinod Sharma,"October 23, 1987, Meerut, Uttar Pradesh",38y 249d,India,Bowler,2014 - 2014,2014,IPL 2014,SRH,14,8,4,42,17*,10.50,29,144.82,0,0,1,3,0,0,15,7.42,304,4/38,4/38,25.06,20.2,1,0,0,"Australia vs India  at Adelaide - December 09 - 13, 2014","November 13, 2014","November 13, 2014","November 16, 2014"
30288,Karn Vinod Sharma,"October 23, 1987, Meerut, Uttar Pradesh",38y 249d,India,Bowler,2014 - 2014,2013,IPL 2013,SRH,13,7,3,85,39*,21.25,86,98.83,0,0,6,2,4,0,11,6.60,209,2/19,2/19,20.90,19.0,0,0,0,"Australia vs India  at Adelaide - December 09 - 13, 2014","November 13, 2014","November 13, 2014","November 16, 2014"
30288,Karn Vinod Sharma,"October 23, 1987, Meerut, Uttar Pradesh",38y 249d,India,Bowler,2014 - 2014,2009,IPL 2009,RCB,1,1,0,1,1,1.00,3,33.33,0,0,0,0,0,0,-,-,-,-,-,-,-,-,-,-,"Australia vs India  at Adelaide - December 09 - 13, 2014","November 13, 2014","November 13, 2014","November 16, 2014"
1459392,Kartik Sharma,"April 26, 2006",20y 64d,India,Wicketkeeper Batter,-,2026,IPL 2026,CSK,11,11,2,295,71,32.77,216,136.57,0,2,24,16,1,0,-,-,-,-,-,-,-,-,-,-,,,,
290716,Kedar Mahadav Jadhav,"March 26, 1985, Pune, Maharashtra",41y 95d,India,Batting Allrounder,2014 - 2020,2023,IPL 2023,RCB,2,1,1,12,12*,-,10,120.00,0,0,1,0,1,0,-,-,-,-,-,-,-,-,-,-,"July 17, 2015","October 10, 2017","November 16, 2014","February 08, 2020"
290716,Kedar Mahadav Jadhav,"March 26, 1985, Pune, Maharashtra",41y 95d,India,Batting Allrounder,2014 - 2020,2021,IPL 2021,SRH,6,5,1,55,19,13.75,52,105.76,0,0,2,2,2,0,-,-,-,-,-,-,-,-,-,-,"July 17, 2015","October 10, 2017","November 16, 2014","February 08, 2020"
290716,Kedar Mahadav Jadhav,"March 26, 1985, Pune, Maharashtra",41y 95d,India,Batting Allrounder,2014 - 2020,2020/21,IPL 2020/21,CSK,8,5,2,62,26,20.66,66,93.93,0,0,7,0,1,0,-,-,-,-,-,-,-,-,-,-,"July 17, 2015","October 10, 2017","November 16, 2014","February 08, 2020"
290716,Kedar Mahadav Jadhav,"March 26, 1985, Pune, Maharashtra",41y 95d,India,Batting Allrounder,2014 - 2020,2019,IPL 2019,CSK,14,12,3,162,58,18.00,169,95.85,0,1,19,3,4,0,-,-,-,-,-,-,-,-,-,-,"July 17, 2015","October 10, 2017","November 16, 2014","February 08, 2020"
290716,Kedar Mahadav Jadhav,"March 26, 1985, Pune, Maharashtra",41y 95d,India,Batting Allrounder,2014 - 2020,2018,IPL 2018,CSK,1,1,1,24,24*,-,22,109.09,0,0,1,2,0,0,-,-,-,-,-,-,-,-,-,-,"July 17, 2015","October 10, 2017","November 16, 2014","February 08, 2020"
290716,Kedar Mahadav Jadhav,"March 26, 1985, Pune, Maharashtra",41y 95d,India,Batting Allrounder,2014 - 2020,2017,IPL 2017,RCB,13,13,1,267,69,22.25,186,143.54,0,1,25,10,7,3,-,-,-,-,-,-,-,-,-,-,"July 17, 2015","October 10, 2017","November 16, 2014","February 08, 2020"
290716,Kedar Mahadav Jadhav,"March 26, 1985, Pune, Maharashtra",41y 95d,India,Batting Allrounder,2014 - 2020,2016,IPL 2016,RCB,4,3,3,42,25*,-,32,131.25,0,0,2,2,1,0,-,-,-,-,-,-,-,-,-,-,"July 17, 2015","October 10, 2017","November 16, 2014","February 08, 2020"
290716,Kedar Mahadav Jadhav,"March 26, 1985, Pune, Maharashtra",41y 95d,India,Batting Allrounder,2014 - 2020,2015,IPL 2015,DC,14,12,4,189,63*,23.62,140,135.00,0,1,16,7,6,2,-,-,-,-,-,-,-,-,-,-,"July 17, 2015","October 10, 2017","November 16, 2014","February 08, 2020"
290716,Kedar Mahadav Jadhav,"March 26, 1985, Pune, Maharashtra",41y 95d,India,Batting Allrounder,2014 - 2020,2014,IPL 2014,DC,10,10,5,149,37,29.80,101,147.52,0,0,13,7,3,0,-,-,-,-,-,-,-,-,-,-,"July 17, 2015","October 10, 2017","November 16, 2014","February 08, 2020"
290716,Kedar Mahadav Jadhav,"March 26, 1985, Pune, Maharashtra",41y 95d,India,Batting Allrounder,2014 - 2020,2013,IPL 2013,DC,12,10,3,152,31,21.71,124,122.58,0,0,8,5,4,2,-,-,-,-,-,-,-,-,-,-,"July 17, 2015","October 10, 2017","November 16, 2014","February 08, 2020"
290716,Kedar Mahadav Jadhav,"March 26, 1985, Pune, Maharashtra",41y 95d,India,Batting Allrounder,2014 - 2020,2011,IPL 2011,Kochi,6,4,1,18,12,6.00,23,78.26,0,0,1,0,2,0,-,-,-,-,-,-,-,-,-,-,"July 17, 2015","October 10, 2017","November 16, 2014","February 08, 2020"
290716,Kedar Mahadav Jadhav,"March 26, 1985, Pune, Maharashtra",41y 95d,India,Batting Allrounder,2014 - 2020,2009/10,IPL 2009/10,DC,5,5,2,76,50*,25.33,56,135.71,0,1,7,2,0,0,-,-,-,-,-,-,-,-,-,-,"July 17, 2015","October 10, 2017","November 16, 2014","February 08, 2020"
1083030,KM Asif,"July 24, 1993, Edavanna,Malappuram",32y 340d,India,Bowler,-,2023,IPL 2023,RR,4,1,0,0,0,0.00,2,0.00,0,0,0,0,1,0,3,9.85,84,2/42,2/42,46.00,28.0,0,0,0,,,,
1083030,KM Asif,"July 24, 1993, Edavanna,Malappuram",32y 340d,India,Bowler,-,2021,IPL 2021,CSK,1,-,-,-,-,-,-,-,-,-,-,-,0,0,1,8.30,13,1/18,1/18,18.00,13.0,0,0,0,,,,
1083030,KM Asif,"July 24, 1993, Edavanna,Malappuram",32y 340d,India,Bowler,-,2018,IPL 2018,CSK,2,-,-,-,-,-,-,-,-,-,-,-,0,0,3,12.50,36,2/43,2/43,25.00,12.0,0,0,0,,,,
26829,Lakshmipathy Balaji,"September 27, 1981, Madras (now Chennai), Tamil Nadu",44y 275d,India,Bowler,2002 - 2012,2014,IPL 2014,PBKS,9,2,1,1,1*,1.00,3,33.33,0,0,0,0,0,0,12,8.79,204,4/13,4/13,24.91,17.0,1,0,0,"September 11, 2012","October 02, 2012","November 18, 2002","February 08, 2009"
26829,Lakshmipathy Balaji,"September 27, 1981, Madras (now Chennai), Tamil Nadu",44y 275d,India,Bowler,2002 - 2012,2013,IPL 2013,KKR,13,3,2,9,9*,9.00,10,90.00,0,0,1,0,4,0,12,7.74,300,3/19,3/19,32.25,25.0,0,0,0,"September 11, 2012","October 02, 2012","November 18, 2002","February 08, 2009"
26829,Lakshmipathy Balaji,"September 27, 1981, Madras (now Chennai), Tamil Nadu",44y 275d,India,Bowler,2002 - 2012,2012,IPL 2012,KKR,8,-,-,-,-,-,-,-,-,-,-,-,1,0,11,5.40,180,4/18,4/18,14.72,16.3,1,0,0,"September 11, 2012","October 02, 2012","November 18, 2002","February 08, 2009"
26829,Lakshmipathy Balaji,"September 27, 1981, Madras (now Chennai), Tamil Nadu",44y 275d,India,Bowler,2002 - 2012,2011,IPL 2011,KKR,14,2,2,4,3*,-,2,200.00,0,0,0,0,1,0,10,8.33,267,3/15,3/15,37.10,26.7,0,0,0,"September 11, 2012","October 02, 2012","November 18, 2002","February 08, 2009"
26829,Lakshmipathy Balaji,"September 27, 1981, Madras (now Chennai), Tamil Nadu",44y 275d,India,Bowler,2002 - 2012,2009/10,IPL 2009/10,CSK,7,3,1,18,15,9.00,20,90.00,0,0,1,1,1,0,7,8.87,140,2/9,2/9,29.57,20.0,0,0,0,"September 11, 2012","October 02, 2012","November 18, 2002","February 08, 2009"
26829,Lakshmipathy Balaji,"September 27, 1981, Madras (now Chennai), Tamil Nadu",44y 275d,India,Bowler,2002 - 2012,2009,IPL 2009,CSK,13,4,1,4,2*,1.33,10,40.00,0,0,0,0,3,0,13,8.46,224,4/21,4/21,24.30,17.2,1,0,0,"September 11, 2012","October 02, 2012","November 18, 2002","February 08, 2009"
26829,Lakshmipathy Balaji,"September 27, 1981, Madras (now Chennai), Tamil Nadu",44y 275d,India,Bowler,2002 - 2012,2007/08,IPL 2007/08,CSK,9,1,0,0,0,0.00,4,0.00,0,0,0,0,1,0,11,8.66,198,5/24,5/24,26.00,18.0,0,1,0,"September 11, 2012","October 02, 2012","November 18, 2002","February 08, 2009"
542023,Lungisani True-man Ngidi,"March 29, 1996, Durban, Natal",30y 92d,South Africa,Bowler,2017 - 2026,2026,IPL 2026,DC,12,3,1,4,3,2.00,7,57.14,0,0,0,0,0,0,13,8.22,248,3/27,3/27,26.15,19.0,0,0,0,"January 20, 2017","March 04, 2026","February 07, 2018","December 06, 2025"
542023,Lungisani True-man Ngidi,"March 29, 1996, Durban, Natal",30y 92d,South Africa,Bowler,2017 - 2026,2025,IPL 2025,RCB,2,1,1,0,0*,-,2,0.00,0,0,0,0,0,0,4,10.12,48,3/30,3/30,20.25,12.0,0,0,0,"January 20, 2017","March 04, 2026","February 07, 2018","December 06, 2025"
542023,Lungisani True-man Ngidi,"March 29, 1996, Durban, Natal",30y 92d,South Africa,Bowler,2017 - 2026,2021,IPL 2021,CSK,3,-,-,-,-,-,-,-,-,-,-,-,1,0,5,10.41,72,3/28,3/28,25.00,14.4,0,0,0,"January 20, 2017","March 04, 2026","February 07, 2018","December 06, 2025"
542023,Lungisani True-man Ngidi,"March 29, 1996, Durban, Natal",30y 92d,South Africa,Bowler,2017 - 2026,2020/21,IPL 2020/21,CSK,4,-,-,-,-,-,-,-,-,-,-,-,0,0,9,10.43,96,3/38,3/38,18.55,10.6,0,0,0,"January 20, 2017","March 04, 2026","February 07, 2018","December 06, 2025"
542023,Lungisani True-man Ngidi,"March 29, 1996, Durban, Natal",30y 92d,South Africa,Bowler,2017 - 2026,2018,IPL 2018,CSK,7,-,-,-,-,-,-,-,-,-,-,-,1,0,11,6.00,156,4/10,4/10,14.18,14.1,1,0,0,"January 20, 2017","March 04, 2026","February 07, 2018","December 06, 2025"
1138316,Morawakage Maheesh Theekshana,"August 01, 2000, Colombo",25y 332d,Sri Lanka,Bowler,2021 - 2026,2025,IPL 2025,RR,11,4,2,10,5,5.00,27,37.03,0,0,0,0,0,0,11,9.76,252,2/26,2/26,37.27,22.9,0,0,0,"September 10, 2021","June 14, 2026","September 07, 2021","June 06, 2026"
1138316,Morawakage Maheesh Theekshana,"August 01, 2000, Colombo",25y 332d,Sri Lanka,Bowler,2021 - 2026,2024,IPL 2024,CSK,5,-,-,-,-,-,-,-,-,-,-,-,1,0,2,7.20,120,1/27,1/27,72.00,60.0,0,0,0,"September 10, 2021","June 14, 2026","September 07, 2021","June 06, 2026"
1138316,Morawakage Maheesh Theekshana,"August 01, 2000, Colombo",25y 332d,Sri Lanka,Bowler,2021 - 2026,2023,IPL 2023,CSK,13,-,-,-,-,-,-,-,-,-,-,-,3,0,11,8.00,294,2/23,2/23,35.63,26.7,0,0,0,"September 10, 2021","June 14, 2026","September 07, 2021","June 06, 2026"
1138316,Morawakage Maheesh Theekshana,"August 01, 2000, Colombo",25y 332d,Sri Lanka,Bowler,2021 - 2026,2022,IPL 2022,CSK,9,2,1,7,7*,7.00,7,100.00,0,0,0,1,0,0,12,7.45,210,4/33,4/33,21.75,17.5,1,0,0,"September 10, 2021","June 14, 2026","September 07, 2021","June 06, 2026"
46592,Makhaya Ntini,"July 06, 1977, Mdingi, nr King William's Town, Cape Province",48y 358d,South Africa,Bowler,1998 - 2011,2007/08,IPL 2007/08,CSK,9,2,1,11,11,11.00,18,61.11,0,0,2,0,1,0,7,6.91,210,4/21,4/21,34.57,30.0,1,0,0,"October 21, 2005","January 09, 2011","January 16, 1998","April 17, 2009"
317293,Manpreet Singh Gony,"January 04, 1984, Roopnagar, Punjab",42y 176d,India,Bowler,2008 - 2008,2017,IPL 2017,GL,1,-,-,-,-,-,-,-,-,-,-,-,0,0,0,16.00,12,-,-,-,-,0,0,0,,,"June 25, 2008","June 28, 2008"
317293,Manpreet Singh Gony,"January 04, 1984, Roopnagar, Punjab",42y 176d,India,Bowler,2008 - 2008,2013,IPL 2013,PBKS,8,5,1,45,42,11.25,25,180.00,0,0,4,3,0,0,7,9.14,168,2/24,2/24,36.57,24.0,0,0,0,,,"June 25, 2008","June 28, 2008"
317293,Manpreet Singh Gony,"January 04, 1984, Roopnagar, Punjab",42y 176d,India,Bowler,2008 - 2008,2012,IPL 2012,DCH,6,1,0,4,4,4.00,8,50.00,0,0,0,0,1,0,3,8.62,144,1/26,1/26,69.00,48.0,0,0,0,,,"June 25, 2008","June 28, 2008"
317293,Manpreet Singh Gony,"January 04, 1984, Roopnagar, Punjab",42y 176d,India,Bowler,2008 - 2008,2011,IPL 2011,DCH,3,2,1,0,0*,0.00,2,0.00,0,0,0,0,0,0,4,9.44,54,3/31,3/31,21.25,13.5,0,0,0,,,"June 25, 2008","June 28, 2008"
317293,Manpreet Singh Gony,"January 04, 1984, Roopnagar, Punjab",42y 176d,India,Bowler,2008 - 2008,2009/10,IPL 2009/10,CSK,3,1,0,2,2,2.00,6,33.33,0,0,0,0,1,0,1,11.50,48,1/33,1/33,92.00,48.0,0,0,0,,,"June 25, 2008","June 28, 2008"
317293,Manpreet Singh Gony,"January 04, 1984, Roopnagar, Punjab",42y 176d,India,Bowler,2008 - 2008,2009,IPL 2009,CSK,7,3,1,13,7,6.50,7,185.71,0,0,0,2,2,0,5,10.11,102,2/32,2/32,34.40,20.4,0,0,0,,,"June 25, 2008","June 28, 2008"
317293,Manpreet Singh Gony,"January 04, 1984, Roopnagar, Punjab",42y 176d,India,Bowler,2008 - 2008,2007/08,IPL 2007/08,CSK,16,5,4,35,15*,35.00,23,152.17,0,0,2,3,2,0,17,7.38,360,3/34,3/34,26.05,21.1,0,0,0,,,"June 25, 2008","June 28, 2008"
351588,Mark Andrew Wood,"January 11, 1990, Ashington, Northumberland",36y 169d,England,Bowler,2015 - 2025,2023,IPL 2023,LSG,4,2,1,11,10*,11.00,5,220.00,0,0,1,1,2,0,11,8.12,96,5/14,5/14,11.81,8.7,0,1,0,"June 23, 2015","February 02, 2025","May 08, 2015","February 26, 2025"
351588,Mark Andrew Wood,"January 11, 1990, Ashington, Northumberland",36y 169d,England,Bowler,2015 - 2025,2018,IPL 2018,CSK,1,1,0,1,1,1.00,3,33.33,0,0,0,0,1,0,0,12.25,24,-,-,-,-,0,0,0,"June 23, 2015","February 02, 2025","May 08, 2015","February 26, 2025"
1194795,Matheesha Pathirana,"December 18, 2002, Kandy",23y 193d,Sri Lanka,Bowler,2022 - 2026,2026,IPL 2026,KKR,1,-,-,-,-,-,-,-,-,-,-,-,0,0,0,6.75,8,-,-,-,-,0,0,0,"August 27, 2022","February 16, 2026","June 02, 2023","October 10, 2023"
1194795,Matheesha Pathirana,"December 18, 2002, Kandy",23y 193d,Sri Lanka,Bowler,2022 - 2026,2025,IPL 2025,CSK,12,-,-,-,-,-,-,-,-,-,-,-,3,0,13,10.13,251,3/36,3/36,32.61,19.3,0,0,0,"August 27, 2022","February 16, 2026","June 02, 2023","October 10, 2023"
1194795,Matheesha Pathirana,"December 18, 2002, Kandy",23y 193d,Sri Lanka,Bowler,2022 - 2026,2024,IPL 2024,CSK,6,-,-,-,-,-,-,-,-,-,-,-,1,0,13,7.68,132,4/28,4/28,13.00,10.1,1,0,0,"August 27, 2022","February 16, 2026","June 02, 2023","October 10, 2023"
1194795,Matheesha Pathirana,"December 18, 2002, Kandy",23y 193d,Sri Lanka,Bowler,2022 - 2026,2023,IPL 2023,CSK,12,-,-,-,-,-,-,-,-,-,-,-,4,0,19,8.00,278,3/15,3/15,19.52,14.6,0,0,0,"August 27, 2022","February 16, 2026","June 02, 2023","October 10, 2023"
1194795,Matheesha Pathirana,"December 18, 2002, Kandy",23y 193d,Sri Lanka,Bowler,2022 - 2026,2022,IPL 2022,CSK,2,-,-,-,-,-,-,-,-,-,-,-,1,0,2,7.60,41,2/24,2/24,26.00,20.5,0,0,0,"August 27, 2022","February 16, 2026","June 02, 2023","October 10, 2023"
506612,Matthew James Henry,"December 14, 1991, Christchurch, Canterbury",34y 197d,New Zealand,Bowler,2014 - 2026,2026,IPL 2026,CSK,3,2,0,7,5,3.50,10,70.00,0,0,1,0,1,0,2,13.00,60,2/54,2/54,65.00,30.0,0,0,0,"December 04, 2014","March 08, 2026","January 31, 2014","November 22, 2025"
506612,Matthew James Henry,"December 14, 1991, Christchurch, Canterbury",34y 197d,New Zealand,Bowler,2014 - 2026,2024,IPL 2024,LSG,4,-,-,-,-,-,-,-,-,-,-,-,0,0,1,9.16,72,1/28,1/28,110.00,72.0,0,0,0,"December 04, 2014","March 08, 2026","January 31, 2014","November 22, 2025"
506612,Matthew James Henry,"December 14, 1991, Christchurch, Canterbury",34y 197d,New Zealand,Bowler,2014 - 2026,2017,IPL 2017,PBKS,2,-,-,-,-,-,-,-,-,-,-,-,0,0,1,14.20,30,1/31,1/31,71.00,30.0,0,0,0,"December 04, 2014","March 08, 2026","January 31, 2014","November 22, 2025"
5616,Matthew Lawrence Hayden,"October 29, 1971, Kingaroy, Queensland",54y 243d,Australia,Opening Batter,1993 - 2009,2009/10,IPL 2009/10,CSK,16,16,0,346,93,21.62,279,124.01,0,1,37,16,6,0,-,-,-,-,-,-,-,-,-,-,"June 13, 2005","October 20, 2007","May 19, 1993","March 04, 2008"
5616,Matthew Lawrence Hayden,"October 29, 1971, Kingaroy, Queensland",54y 243d,Australia,Opening Batter,1993 - 2009,2009,IPL 2009,CSK,12,12,1,572,89,52.00,395,144.81,0,5,60,22,5,0,-,-,-,-,-,-,-,-,-,-,"June 13, 2005","October 20, 2007","May 19, 1993","March 04, 2008"
5616,Matthew Lawrence Hayden,"October 29, 1971, Kingaroy, Queensland",54y 243d,Australia,Opening Batter,1993 - 2009,2007/08,IPL 2007/08,CSK,4,4,1,189,81,63.00,131,144.27,0,2,24,6,0,0,-,-,-,-,-,-,-,-,-,-,"June 13, 2005","October 20, 2007","May 19, 1993","March 04, 2008"
605575,Matthew William Short,"November 08, 1995",30y 233d,Australia,Batting Allrounder,2023 - 2026,2026,IPL 2026,CSK,3,3,0,60,34,20.00,51,117.64,0,0,6,1,2,0,0,12.31,19,-,-,-,-,0,0,0,"August 30, 2023","February 01, 2026","September 22, 2023","June 11, 2026"
605575,Matthew William Short,"November 08, 1995",30y 233d,Australia,Batting Allrounder,2023 - 2026,2023,IPL 2023,PBKS,6,6,0,117,36,19.50,92,127.17,0,0,15,4,3,0,0,6.25,24,-,-,-,-,0,0,0,"August 30, 2023","February 01, 2026","September 22, 2023","June 11, 2026"
5939,Michael Edward Killeen Hussey,"May 27, 1975, Mt Lawley, Perth, Western Australia",51y 33d,Australia,Middle order Batter,2004 - 2013,2015,IPL 2015,CSK,4,4,0,77,56,19.25,70,110.00,0,1,5,3,1,0,-,-,-,-,-,-,-,-,-,-,"February 17, 2005","October 05, 2012","February 01, 2004","September 03, 2012"
5939,Michael Edward Killeen Hussey,"May 27, 1975, Mt Lawley, Perth, Western Australia",51y 33d,Australia,Middle order Batter,2004 - 2013,2014,IPL 2014,MI,9,9,0,209,56,23.22,182,114.83,0,2,17,7,3,0,-,-,-,-,-,-,-,-,-,-,"February 17, 2005","October 05, 2012","February 01, 2004","September 03, 2012"
5939,Michael Edward Killeen Hussey,"May 27, 1975, Mt Lawley, Perth, Western Australia",51y 33d,Australia,Middle order Batter,2004 - 2013,2013,IPL 2013,CSK,17,17,3,733,95,52.35,566,129.50,0,6,81,17,10,0,-,-,-,-,-,-,-,-,-,-,"February 17, 2005","October 05, 2012","February 01, 2004","September 03, 2012"
5939,Michael Edward Killeen Hussey,"May 27, 1975, Mt Lawley, Perth, Western Australia",51y 33d,Australia,Middle order Batter,2004 - 2013,2012,IPL 2012,CSK,8,8,0,261,56,32.62,236,110.59,0,2,28,8,4,0,-,-,-,-,-,-,-,-,-,-,"February 17, 2005","October 05, 2012","February 01, 2004","September 03, 2012"
5939,Michael Edward Killeen Hussey,"May 27, 1975, Mt Lawley, Perth, Western Australia",51y 33d,Australia,Middle order Batter,2004 - 2013,2011,IPL 2011,CSK,14,14,2,492,83*,41.00,414,118.84,0,4,53,6,6,0,-,-,-,-,-,-,-,-,-,-,"February 17, 2005","October 05, 2012","February 01, 2004","September 03, 2012"
5939,Michael Edward Killeen Hussey,"May 27, 1975, Mt Lawley, Perth, Western Australia",51y 33d,Australia,Middle order Batter,2004 - 2013,2009/10,IPL 2009/10,CSK,3,3,1,37,15,18.50,44,84.09,0,0,2,0,0,0,-,-,-,-,-,-,-,-,-,-,"February 17, 2005","October 05, 2012","February 01, 2004","September 03, 2012"
5939,Michael Edward Killeen Hussey,"May 27, 1975, Mt Lawley, Perth, Western Australia",51y 33d,Australia,Middle order Batter,2004 - 2013,2007/08,IPL 2007/08,CSK,4,3,1,168,116*,84.00,100,168.00,1,0,12,11,2,0,-,-,-,-,-,-,-,-,-,-,"February 17, 2005","October 05, 2012","February 01, 2004","September 03, 2012"
502714,Mitchell Josef Santner,"February 05, 1992, Hamilton",34y 144d,New Zealand,Bowling Allrounder,2015 - 2026,2026,IPL 2026,MI,4,2,2,26,18*,-,19,136.84,0,0,3,0,2,0,5,8.92,84,2/16,2/16,25.00,16.8,0,0,0,"June 23, 2015","March 20, 2026","June 09, 2015","November 22, 2025"
502714,Mitchell Josef Santner,"February 05, 1992, Hamilton",34y 144d,New Zealand,Bowling Allrounder,2015 - 2026,2025,IPL 2025,MI,13,8,6,40,18*,20.00,33,121.21,0,0,2,3,8,0,10,7.92,237,3/11,3/11,31.30,23.7,0,0,0,"June 23, 2015","March 20, 2026","June 09, 2015","November 22, 2025"
502714,Mitchell Josef Santner,"February 05, 1992, Hamilton",34y 144d,New Zealand,Bowling Allrounder,2015 - 2026,2024,IPL 2024,CSK,3,3,0,14,11,4.66,17,82.35,0,0,1,0,1,0,2,7.11,54,1/10,1/10,32.00,27.0,0,0,0,"June 23, 2015","March 20, 2026","June 09, 2015","November 22, 2025"
502714,Mitchell Josef Santner,"February 05, 1992, Hamilton",34y 144d,New Zealand,Bowling Allrounder,2015 - 2026,2023,IPL 2023,CSK,3,2,2,2,1*,-,4,50.00,0,0,0,0,1,0,3,6.75,72,2/28,2/28,27.00,24.0,0,0,0,"June 23, 2015","March 20, 2026","June 09, 2015","November 22, 2025"
502714,Mitchell Josef Santner,"February 05, 1992, Hamilton",34y 144d,New Zealand,Bowling Allrounder,2015 - 2026,2022,IPL 2022,CSK,6,4,2,22,11,11.00,27,81.48,0,0,3,0,2,0,4,6.84,114,1/15,1/15,32.50,28.5,0,0,0,"June 23, 2015","March 20, 2026","June 09, 2015","November 22, 2025"
502714,Mitchell Josef Santner,"February 05, 1992, Hamilton",34y 144d,New Zealand,Bowling Allrounder,2015 - 2026,2020/21,IPL 2020/21,CSK,2,-,-,-,-,-,-,-,-,-,-,-,1,0,2,7.57,42,1/23,1/23,26.50,21.0,0,0,0,"June 23, 2015","March 20, 2026","June 09, 2015","November 22, 2025"
502714,Mitchell Josef Santner,"February 05, 1992, Hamilton",34y 144d,New Zealand,Bowling Allrounder,2015 - 2026,2019,IPL 2019,CSK,4,2,1,32,22,32.00,23,139.13,0,0,0,3,1,0,4,6.71,84,2/13,2/13,23.50,21.0,0,0,0,"June 23, 2015","March 20, 2026","June 09, 2015","November 22, 2025"
31001,Mithun Manhas,"September 12, 1977, Jammu",48y 290d,India,Allrounder,-,2014,IPL 2014,CSK,12,5,3,35,13*,17.50,23,152.17,0,0,3,1,3,0,-,-,-,-,-,-,-,-,-,-,,,,
31001,Mithun Manhas,"September 12, 1977, Jammu",48y 290d,India,Allrounder,-,2013,IPL 2013,PWI,3,2,2,13,11*,-,17,76.47,0,0,1,0,2,0,-,-,-,-,-,-,-,-,-,-,,,,
31001,Mithun Manhas,"September 12, 1977, Jammu",48y 290d,India,Allrounder,-,2012,IPL 2012,PWI,10,7,3,120,42*,30.00,96,125.00,0,0,10,4,4,0,-,-,-,-,-,-,-,-,-,-,,,,
31001,Mithun Manhas,"September 12, 1977, Jammu",48y 290d,India,Allrounder,-,2011,IPL 2011,PWI,10,10,0,114,35,11.40,123,92.68,0,0,8,4,3,0,0,6.00,42,-,-,-,-,0,0,0,,,,
31001,Mithun Manhas,"September 12, 1977, Jammu",48y 290d,India,Allrounder,-,2009/10,IPL 2009/10,DC,9,8,4,157,32*,39.25,149,105.36,0,0,14,0,5,0,-,-,-,-,-,-,-,-,-,-,,,,
31001,Mithun Manhas,"September 12, 1977, Jammu",48y 290d,India,Allrounder,-,2009,IPL 2009,DC,10,6,3,75,26,25.00,62,120.96,0,0,7,1,2,0,-,-,-,-,-,-,-,-,-,-,,,,
31001,Mithun Manhas,"September 12, 1977, Jammu",48y 290d,India,Allrounder,-,2007/08,IPL 2007/08,DC,1,-,-,-,-,-,-,-,-,-,-,-,1,0,-,-,-,-,-,-,-,-,-,-,,,,
8917,Moeen Munir Ali,"June 18, 1987, Birmingham",39y 11d,England,Batting Allrounder,2014 - 2024,2025,IPL 2025,KKR,6,2,0,5,5,2.50,14,35.71,0,0,0,0,2,0,6,8.50,96,2/23,2/23,22.66,16.0,0,0,0,"March 11, 2014","June 27, 2024","February 28, 2014","November 11, 2023"
8917,Moeen Munir Ali,"June 18, 1987, Birmingham",39y 11d,England,Batting Allrounder,2014 - 2024,2024,IPL 2024,CSK,8,5,0,128,56,25.60,98,130.61,0,1,7,8,2,0,2,8.87,48,2/23,2/23,35.50,24.0,0,0,0,"March 11, 2014","June 27, 2024","February 28, 2014","November 11, 2023"
8917,Moeen Munir Ali,"June 18, 1987, Birmingham",39y 11d,England,Batting Allrounder,2014 - 2024,2023,IPL 2023,CSK,15,10,3,124,23,17.71,91,136.26,0,0,12,6,4,0,9,7.50,156,4/26,4/26,21.66,17.3,1,0,0,"March 11, 2014","June 27, 2024","February 28, 2014","November 11, 2023"
8917,Moeen Munir Ali,"June 18, 1987, Birmingham",39y 11d,England,Batting Allrounder,2014 - 2024,2022,IPL 2022,CSK,10,10,0,244,93,24.40,177,137.85,0,1,24,11,5,0,8,6.62,143,3/13,3/13,19.75,17.8,0,0,0,"March 11, 2014","June 27, 2024","February 28, 2014","November 11, 2023"
8917,Moeen Munir Ali,"June 18, 1987, Birmingham",39y 11d,England,Batting Allrounder,2014 - 2024,2021,IPL 2021,CSK,15,15,1,357,58,25.50,260,137.30,0,1,31,19,7,0,6,6.35,152,3/7,3/7,26.83,25.3,0,0,0,"March 11, 2014","June 27, 2024","February 28, 2014","November 11, 2023"
8917,Moeen Munir Ali,"June 18, 1987, Birmingham",39y 11d,England,Batting Allrounder,2014 - 2024,2020/21,IPL 2020/21,RCB,3,3,0,12,11,4.00,16,75.00,0,0,1,0,1,0,1,8.40,30,1/21,1/21,42.00,30.0,0,0,0,"March 11, 2014","June 27, 2024","February 28, 2014","November 11, 2023"
8917,Moeen Munir Ali,"June 18, 1987, Birmingham",39y 11d,England,Batting Allrounder,2014 - 2024,2019,IPL 2019,RCB,11,10,2,220,66,27.50,133,165.41,0,2,16,17,1,0,6,6.76,150,2/18,2/18,28.16,25.0,0,0,0,"March 11, 2014","June 27, 2024","February 28, 2014","November 11, 2023"
8917,Moeen Munir Ali,"June 18, 1987, Birmingham",39y 11d,England,Batting Allrounder,2014 - 2024,2018,IPL 2018,RCB,5,4,0,77,65,19.25,46,167.39,0,1,4,6,2,0,3,7.36,79,1/13,1/13,32.33,26.3,0,0,0,"March 11, 2014","June 27, 2024","February 28, 2014","November 11, 2023"
537119,Mohit Mahipal Sharma,"September 18, 1988, Ballabhgarh, Haryana",37y 284d,India,Bowler,2013 - 2015,2025,IPL 2025,DC,8,2,1,1,1*,1.00,3,33.33,0,0,0,0,1,0,2,10.28,150,1/10,1/10,128.50,75.0,0,0,0,"March 30, 2014","October 05, 2015","August 01, 2013","October 25, 2015"
537119,Mohit Mahipal Sharma,"September 18, 1988, Ballabhgarh, Haryana",37y 284d,India,Bowler,2013 - 2015,2024,IPL 2024,GT,12,3,1,2,2,1.00,15,13.33,0,0,0,0,4,0,13,10.89,234,3/25,3/25,32.69,18.0,0,0,0,"March 30, 2014","October 05, 2015","August 01, 2013","October 25, 2015"
537119,Mohit Mahipal Sharma,"September 18, 1988, Ballabhgarh, Haryana",37y 284d,India,Bowler,2013 - 2015,2023,IPL 2023,GT,14,1,1,0,0*,-,1,0.00,0,0,0,0,6,0,27,8.17,265,5/10,5/10,13.37,9.8,2,1,0,"March 30, 2014","October 05, 2015","August 01, 2013","October 25, 2015"
537119,Mohit Mahipal Sharma,"September 18, 1988, Ballabhgarh, Haryana",37y 284d,India,Bowler,2013 - 2015,2020/21,IPL 2020/21,DC,1,-,-,-,-,-,-,-,-,-,-,-,0,0,1,11.25,24,1/45,1/45,45.00,24.0,0,0,0,"March 30, 2014","October 05, 2015","August 01, 2013","October 25, 2015"
537119,Mohit Mahipal Sharma,"September 18, 1988, Ballabhgarh, Haryana",37y 284d,India,Bowler,2013 - 2015,2019,IPL 2019,CSK,1,1,1,0,0*,-,2,0.00,0,0,0,0,0,0,1,9.00,18,1/27,1/27,27.00,18.0,0,0,0,"March 30, 2014","October 05, 2015","August 01, 2013","October 25, 2015"
537119,Mohit Mahipal Sharma,"September 18, 1988, Ballabhgarh, Haryana",37y 284d,India,Bowler,2013 - 2015,2018,IPL 2018,PBKS,9,4,3,10,4*,10.00,13,76.92,0,0,1,0,2,0,7,10.85,178,2/33,2/33,46.00,25.4,0,0,0,"March 30, 2014","October 05, 2015","August 01, 2013","October 25, 2015"
537119,Mohit Mahipal Sharma,"September 18, 1988, Ballabhgarh, Haryana",37y 284d,India,Bowler,2013 - 2015,2017,IPL 2017,PBKS,14,7,1,51,13,8.50,50,102.00,0,0,3,1,3,0,13,8.97,274,2/24,2/24,31.53,21.0,0,0,0,"March 30, 2014","October 05, 2015","August 01, 2013","October 25, 2015"
537119,Mohit Mahipal Sharma,"September 18, 1988, Ballabhgarh, Haryana",37y 284d,India,Bowler,2013 - 2015,2016,IPL 2016,PBKS,14,6,2,32,15,8.00,26,123.07,0,0,3,1,3,0,13,8.39,291,3/23,3/23,31.30,22.3,0,0,0,"March 30, 2014","October 05, 2015","August 01, 2013","October 25, 2015"
537119,Mohit Mahipal Sharma,"September 18, 1988, Ballabhgarh, Haryana",37y 284d,India,Bowler,2013 - 2015,2015,IPL 2015,CSK,16,6,3,28,21*,9.33,18,155.55,0,0,1,2,5,0,14,8.43,342,3/25,3/25,34.35,24.4,0,0,0,"March 30, 2014","October 05, 2015","August 01, 2013","October 25, 2015"
537119,Mohit Mahipal Sharma,"September 18, 1988, Ballabhgarh, Haryana",37y 284d,India,Bowler,2013 - 2015,2014,IPL 2014,CSK,16,1,1,1,1*,-,3,33.33,0,0,0,0,3,0,23,8.39,323,4/14,4/14,19.65,14.0,1,0,0,"March 30, 2014","October 05, 2015","August 01, 2013","October 25, 2015"
537119,Mohit Mahipal Sharma,"September 18, 1988, Ballabhgarh, Haryana",37y 284d,India,Bowler,2013 - 2015,2013,IPL 2013,CSK,15,2,1,0,0*,0.00,5,0.00,0,0,0,0,2,0,20,6.43,304,3/10,3/10,16.30,15.2,0,0,0,"March 30, 2014","October 05, 2015","August 01, 2013","October 25, 2015"
694209,Monu Kumar Singh,"November 05, 1994, Ranchi, Bihar",31y 236d,India,Bowling Allrounder,-,2020/21,IPL 2020/21,CSK,1,-,-,-,-,-,-,-,-,-,-,-,0,0,0,10.00,12,-,-,-,-,0,0,0,,,,
28081,Mahendra Singh Dhoni,"July 07, 1981, Ranchi, Bihar (now Jharkhand)",44y 357d,India,Wicketkeeper Batter,2004 - 2019,2025,IPL 2025,CSK,14,13,5,196,30*,24.50,145,135.17,0,0,12,12,6,5,-,-,-,-,-,-,-,-,-,-,"December 01, 2006","February 27, 2019","December 23, 2004","India
                              vs New Zealand at Manchester - July 09 - 10, 2019"
28081,Mahendra Singh Dhoni,"July 07, 1981, Ranchi, Bihar (now Jharkhand)",44y 357d,India,Wicketkeeper Batter,2004 - 2019,2024,IPL 2024,CSK,14,11,8,161,37*,53.66,73,220.54,0,0,14,13,10,0,-,-,-,-,-,-,-,-,-,-,"December 01, 2006","February 27, 2019","December 23, 2004","India
                              vs New Zealand at Manchester - July 09 - 10, 2019"
28081,Mahendra Singh Dhoni,"July 07, 1981, Ranchi, Bihar (now Jharkhand)",44y 357d,India,Wicketkeeper Batter,2004 - 2019,2023,IPL 2023,CSK,16,12,8,104,32*,26.00,57,182.45,0,0,3,10,7,3,-,-,-,-,-,-,-,-,-,-,"December 01, 2006","February 27, 2019","December 23, 2004","India
                              vs New Zealand at Manchester - July 09 - 10, 2019"
28081,Mahendra Singh Dhoni,"July 07, 1981, Ranchi, Bihar (now Jharkhand)",44y 357d,India,Wicketkeeper Batter,2004 - 2019,2022,IPL 2022,CSK,14,13,6,232,50*,33.14,188,123.40,0,1,21,10,9,0,-,-,-,-,-,-,-,-,-,-,"December 01, 2006","February 27, 2019","December 23, 2004","India
                              vs New Zealand at Manchester - July 09 - 10, 2019"
28081,Mahendra Singh Dhoni,"July 07, 1981, Ranchi, Bihar (now Jharkhand)",44y 357d,India,Wicketkeeper Batter,2004 - 2019,2021,IPL 2021,CSK,16,11,4,114,18*,16.28,107,106.54,0,0,12,3,13,0,-,-,-,-,-,-,-,-,-,-,"December 01, 2006","February 27, 2019","December 23, 2004","India
                              vs New Zealand at Manchester - July 09 - 10, 2019"
28081,Mahendra Singh Dhoni,"July 07, 1981, Ranchi, Bihar (now Jharkhand)",44y 357d,India,Wicketkeeper Batter,2004 - 2019,2020/21,IPL 2020/21,CSK,14,12,4,200,47*,25.00,172,116.27,0,0,16,7,15,1,-,-,-,-,-,-,-,-,-,-,"December 01, 2006","February 27, 2019","December 23, 2004","India
                              vs New Zealand at Manchester - July 09 - 10, 2019"
28081,Mahendra Singh Dhoni,"July 07, 1981, Ranchi, Bihar (now Jharkhand)",44y 357d,India,Wicketkeeper Batter,2004 - 2019,2019,IPL 2019,CSK,15,12,7,416,84*,83.20,309,134.62,0,3,22,23,11,5,-,-,-,-,-,-,-,-,-,-,"December 01, 2006","February 27, 2019","December 23, 2004","India
                              vs New Zealand at Manchester - July 09 - 10, 2019"
28081,Mahendra Singh Dhoni,"July 07, 1981, Ranchi, Bihar (now Jharkhand)",44y 357d,India,Wicketkeeper Batter,2004 - 2019,2018,IPL 2018,CSK,16,15,9,455,79*,75.83,302,150.66,0,3,24,30,11,3,-,-,-,-,-,-,-,-,-,-,"December 01, 2006","February 27, 2019","December 23, 2004","India
                              vs New Zealand at Manchester - July 09 - 10, 2019"
28081,Mahendra Singh Dhoni,"July 07, 1981, Ranchi, Bihar (now Jharkhand)",44y 357d,India,Wicketkeeper Batter,2004 - 2019,2017,IPL 2017,RPS,16,15,4,290,61*,26.36,250,115.99,0,1,15,16,10,3,-,-,-,-,-,-,-,-,-,-,"December 01, 2006","February 27, 2019","December 23, 2004","India
                              vs New Zealand at Manchester - July 09 - 10, 2019"
28081,Mahendra Singh Dhoni,"July 07, 1981, Ranchi, Bihar (now Jharkhand)",44y 357d,India,Wicketkeeper Batter,2004 - 2019,2016,IPL 2016,RPS,14,12,5,284,64*,40.57,210,135.23,0,1,18,14,8,4,-,-,-,-,-,-,-,-,-,-,"December 01, 2006","February 27, 2019","December 23, 2004","India
                              vs New Zealand at Manchester - July 09 - 10, 2019"
28081,Mahendra Singh Dhoni,"July 07, 1981, Ranchi, Bihar (now Jharkhand)",44y 357d,India,Wicketkeeper Batter,2004 - 2019,2015,IPL 2015,CSK,17,17,5,372,53,31.00,305,121.96,0,1,27,17,8,3,-,-,-,-,-,-,-,-,-,-,"December 01, 2006","February 27, 2019","December 23, 2004","India
                              vs New Zealand at Manchester - July 09 - 10, 2019"
28081,Mahendra Singh Dhoni,"July 07, 1981, Ranchi, Bihar (now Jharkhand)",44y 357d,India,Wicketkeeper Batter,2004 - 2019,2014,IPL 2014,CSK,16,15,10,371,57*,74.20,250,148.40,0,1,22,20,3,1,-,-,-,-,-,-,-,-,-,-,"December 01, 2006","February 27, 2019","December 23, 2004","India
                              vs New Zealand at Manchester - July 09 - 10, 2019"
28081,Mahendra Singh Dhoni,"July 07, 1981, Ranchi, Bihar (now Jharkhand)",44y 357d,India,Wicketkeeper Batter,2004 - 2019,2013,IPL 2013,CSK,18,16,5,461,67*,41.90,283,162.89,0,4,32,25,15,2,-,-,-,-,-,-,-,-,-,-,"December 01, 2006","February 27, 2019","December 23, 2004","India
                              vs New Zealand at Manchester - July 09 - 10, 2019"
28081,Mahendra Singh Dhoni,"July 07, 1981, Ranchi, Bihar (now Jharkhand)",44y 357d,India,Wicketkeeper Batter,2004 - 2019,2012,IPL 2012,CSK,19,17,5,358,51*,29.83,278,128.77,0,1,26,9,12,2,-,-,-,-,-,-,-,-,-,-,"December 01, 2006","February 27, 2019","December 23, 2004","India
                              vs New Zealand at Manchester - July 09 - 10, 2019"
28081,Mahendra Singh Dhoni,"July 07, 1981, Ranchi, Bihar (now Jharkhand)",44y 357d,India,Wicketkeeper Batter,2004 - 2019,2011,IPL 2011,CSK,16,13,4,392,70*,43.55,247,158.70,0,2,25,23,5,5,-,-,-,-,-,-,-,-,-,-,"December 01, 2006","February 27, 2019","December 23, 2004","India
                              vs New Zealand at Manchester - July 09 - 10, 2019"
28081,Mahendra Singh Dhoni,"July 07, 1981, Ranchi, Bihar (now Jharkhand)",44y 357d,India,Wicketkeeper Batter,2004 - 2019,2009/10,IPL 2009/10,CSK,13,11,2,287,66*,31.88,210,136.66,0,2,26,8,5,6,-,-,-,-,-,-,-,-,-,-,"December 01, 2006","February 27, 2019","December 23, 2004","India
                              vs New Zealand at Manchester - July 09 - 10, 2019"
28081,Mahendra Singh Dhoni,"July 07, 1981, Ranchi, Bihar (now Jharkhand)",44y 357d,India,Wicketkeeper Batter,2004 - 2019,2009,IPL 2009,CSK,14,13,5,332,58*,41.50,261,127.20,0,2,22,9,4,4,-,-,-,-,-,-,-,-,-,-,"December 01, 2006","February 27, 2019","December 23, 2004","India
                              vs New Zealand at Manchester - July 09 - 10, 2019"
28081,Mahendra Singh Dhoni,"July 07, 1981, Ranchi, Bihar (now Jharkhand)",44y 357d,India,Wicketkeeper Batter,2004 - 2019,2007/08,IPL 2007/08,CSK,16,14,4,414,65,41.40,310,133.54,0,2,38,15,6,0,-,-,-,-,-,-,-,-,-,-,"December 01, 2006","February 27, 2019","December 23, 2004","India
                              vs New Zealand at Manchester - July 09 - 10, 2019"
1125688,Mukesh Choudhary,"July 06, 1996, Pardodas, Bhilwara, Rajasthan",29y 358d,India,Bowler,-,2026,IPL 2026,CSK,8,1,1,2,2*,-,2,100.00,0,0,0,0,3,0,8,8.89,168,2/21,2/21,31.12,21.0,0,0,0,,,,
1125688,Mukesh Choudhary,"July 06, 1996, Pardodas, Bhilwara, Rajasthan",29y 358d,India,Bowler,-,2025,IPL 2025,CSK,2,-,-,-,-,-,-,-,-,-,-,-,0,0,1,11.83,36,1/21,1/21,71.00,36.0,0,0,0,,,,
1125688,Mukesh Choudhary,"July 06, 1996, Pardodas, Bhilwara, Rajasthan",29y 358d,India,Bowler,-,2024,IPL 2024,CSK,1,-,-,-,-,-,-,-,-,-,-,-,0,0,0,27.00,6,-,-,-,-,0,0,0,,,,
1125688,Mukesh Choudhary,"July 06, 1996, Pardodas, Bhilwara, Rajasthan",29y 358d,India,Bowler,-,2022,IPL 2022,CSK,13,2,1,6,4,6.00,6,100.00,0,0,1,0,3,0,16,9.31,273,4/46,4/46,26.50,17.0,1,0,0,,,,
237095,Murali Vijay,"April 01, 1984, Chennai",42y 89d,India,Opening Batter,2008 - 2018,2020/21,IPL 2020/21,CSK,3,3,0,32,21,10.66,43,74.41,0,0,4,0,0,0,-,-,-,-,-,-,-,-,-,-,"May 01, 2010","July 19, 2015","February 27, 2010","July 14, 2015"
237095,Murali Vijay,"April 01, 1984, Chennai",42y 89d,India,Opening Batter,2008 - 2018,2019,IPL 2019,CSK,2,2,0,64,38,32.00,61,104.91,0,0,6,1,1,0,-,-,-,-,-,-,-,-,-,-,"May 01, 2010","July 19, 2015","February 27, 2010","July 14, 2015"
237095,Murali Vijay,"April 01, 1984, Chennai",42y 89d,India,Opening Batter,2008 - 2018,2018,IPL 2018,CSK,1,1,0,12,12,12.00,10,120.00,0,0,0,1,0,0,-,-,-,-,-,-,-,-,-,-,"May 01, 2010","July 19, 2015","February 27, 2010","July 14, 2015"
237095,Murali Vijay,"April 01, 1984, Chennai",42y 89d,India,Opening Batter,2008 - 2018,2016,IPL 2016,PBKS,14,14,1,453,89,34.84,364,124.45,0,5,50,10,2,0,0,8.00,6,-,-,-,-,0,0,0,"May 01, 2010","July 19, 2015","February 27, 2010","July 14, 2015"
237095,Murali Vijay,"April 01, 1984, Chennai",42y 89d,India,Opening Batter,2008 - 2018,2015,IPL 2015,PBKS,11,11,0,251,39,22.81,228,110.08,0,0,27,8,4,0,0,7.00,24,-,-,-,-,0,0,0,"May 01, 2010","July 19, 2015","February 27, 2010","July 14, 2015"
237095,Murali Vijay,"April 01, 1984, Chennai",42y 89d,India,Opening Batter,2008 - 2018,2014,IPL 2014,DC,11,11,0,207,52,18.81,192,107.81,0,1,20,5,8,0,0,13.00,6,-,-,-,-,0,0,0,"May 01, 2010","July 19, 2015","February 27, 2010","July 14, 2015"
237095,Murali Vijay,"April 01, 1984, Chennai",42y 89d,India,Opening Batter,2008 - 2018,2013,IPL 2013,CSK,15,15,1,312,55,22.28,286,109.09,0,2,27,8,8,0,-,-,-,-,-,-,-,-,-,-,"May 01, 2010","July 19, 2015","February 27, 2010","July 14, 2015"
237095,Murali Vijay,"April 01, 1984, Chennai",42y 89d,India,Opening Batter,2008 - 2018,2012,IPL 2012,CSK,14,14,1,336,113,25.84,267,125.84,1,0,39,10,6,0,-,-,-,-,-,-,-,-,-,-,"May 01, 2010","July 19, 2015","February 27, 2010","July 14, 2015"
237095,Murali Vijay,"April 01, 1984, Chennai",42y 89d,India,Opening Batter,2008 - 2018,2011,IPL 2011,CSK,16,16,0,434,95,27.12,339,128.02,0,3,34,20,5,0,-,-,-,-,-,-,-,-,-,-,"May 01, 2010","July 19, 2015","February 27, 2010","July 14, 2015"
237095,Murali Vijay,"April 01, 1984, Chennai",42y 89d,India,Opening Batter,2008 - 2018,2009/10,IPL 2009/10,CSK,15,15,2,458,127,35.23,292,156.84,1,2,36,26,11,0,-,-,-,-,-,-,-,-,-,-,"May 01, 2010","July 19, 2015","February 27, 2010","July 14, 2015"
237095,Murali Vijay,"April 01, 1984, Chennai",42y 89d,India,Opening Batter,2008 - 2018,2009,IPL 2009,CSK,4,4,0,60,31,15.00,67,89.55,0,0,4,2,2,0,-,-,-,-,-,-,-,-,-,-,"May 01, 2010","July 19, 2015","February 27, 2010","July 14, 2015"
330902,Mustafizur Rahman,"September 06, 1995, Satkhira",30y 296d,Bangladesh,Bowler,2015 - 2026,2025,IPL 2025,DC,3,1,0,0,0,0.00,1,0.00,0,0,0,0,0,0,4,7.90,66,3/33,3/33,21.75,16.5,0,0,0,"April 24, 2015","June 19, 2026","June 18, 2015","June 14, 2026"
330902,Mustafizur Rahman,"September 06, 1995, Satkhira",30y 296d,Bangladesh,Bowler,2015 - 2026,2024,IPL 2024,CSK,9,-,-,-,-,-,-,-,-,-,-,-,1,0,14,9.26,206,4/29,4/29,22.71,14.7,1,0,0,"April 24, 2015","June 19, 2026","June 18, 2015","June 14, 2026"
330902,Mustafizur Rahman,"September 06, 1995, Satkhira",30y 296d,Bangladesh,Bowler,2015 - 2026,2023,IPL 2023,DC,2,1,1,1,1*,-,1,100.00,0,0,0,0,0,0,1,11.28,42,1/38,1/38,79.00,42.0,0,0,0,"April 24, 2015","June 19, 2026","June 18, 2015","June 14, 2026"
330902,Mustafizur Rahman,"September 06, 1995, Satkhira",30y 296d,Bangladesh,Bowler,2015 - 2026,2022,IPL 2022,DC,8,1,1,3,3*,-,5,60.00,0,0,0,0,1,0,8,7.62,192,3/18,3/18,30.50,24.0,0,0,0,"April 24, 2015","June 19, 2026","June 18, 2015","June 14, 2026"
330902,Mustafizur Rahman,"September 06, 1995, Satkhira",30y 296d,Bangladesh,Bowler,2015 - 2026,2021,IPL 2021,RR,14,5,5,8,8*,-,14,57.14,0,0,0,1,1,0,14,8.41,311,3/20,3/20,31.14,22.2,0,0,0,"April 24, 2015","June 19, 2026","June 18, 2015","June 14, 2026"
330902,Mustafizur Rahman,"September 06, 1995, Satkhira",30y 296d,Bangladesh,Bowler,2015 - 2026,2018,IPL 2018,MI,7,2,1,1,1,1.00,3,33.33,0,0,0,0,2,0,7,8.36,165,3/24,3/24,32.85,23.5,0,0,0,"April 24, 2015","June 19, 2026","June 18, 2015","June 14, 2026"
330902,Mustafizur Rahman,"September 06, 1995, Satkhira",30y 296d,Bangladesh,Bowler,2015 - 2026,2017,IPL 2017,SRH,1,-,-,-,-,-,-,-,-,-,-,-,0,0,0,12.75,16,-,-,-,-,0,0,0,"April 24, 2015","June 19, 2026","June 18, 2015","June 14, 2026"
330902,Mustafizur Rahman,"September 06, 1995, Satkhira",30y 296d,Bangladesh,Bowler,2015 - 2026,2016,IPL 2016,SRH,16,-,-,-,-,-,-,-,-,-,-,-,2,0,17,6.90,366,3/16,3/16,24.76,21.5,0,0,0,"April 24, 2015","June 19, 2026","June 18, 2015","June 14, 2026"
49636,Muthiah Muralidaran,"April 17, 1972, Kandy",54y 73d,Sri Lanka,Bowler,1992 - 2011,2014,IPL 2014,RCB,5,-,-,-,-,-,-,-,-,-,-,-,0,0,3,7.75,96,2/25,2/25,41.33,32.0,0,0,0,"December 22, 2006","October 31, 2010","August 12, 1993","April 02, 2011"
49636,Muthiah Muralidaran,"April 17, 1972, Kandy",54y 73d,Sri Lanka,Bowler,1992 - 2011,2013,IPL 2013,RCB,6,-,-,-,-,-,-,-,-,-,-,-,1,0,3,7.69,138,1/18,1/18,59.00,46.0,0,0,0,"December 22, 2006","October 31, 2010","August 12, 1993","April 02, 2011"
49636,Muthiah Muralidaran,"April 17, 1972, Kandy",54y 73d,Sri Lanka,Bowler,1992 - 2011,2012,IPL 2012,RCB,10,2,0,6,6,3.00,9,66.66,0,0,0,0,2,0,15,6.50,240,3/21,3/21,17.33,16.0,0,0,0,"December 22, 2006","October 31, 2010","August 12, 1993","April 02, 2011"
49636,Muthiah Muralidaran,"April 17, 1972, Kandy",54y 73d,Sri Lanka,Bowler,1992 - 2011,2011,IPL 2011,Kochi,5,1,1,5,5*,-,8,62.50,0,0,0,0,1,0,2,7.42,114,1/18,1/18,70.50,57.0,0,0,0,"December 22, 2006","October 31, 2010","August 12, 1993","April 02, 2011"
49636,Muthiah Muralidaran,"April 17, 1972, Kandy",54y 73d,Sri Lanka,Bowler,1992 - 2011,2009/10,IPL 2009/10,CSK,12,1,0,1,1,1.00,2,50.00,0,0,0,0,3,0,15,6.85,288,3/16,3/16,21.93,19.2,0,0,0,"December 22, 2006","October 31, 2010","August 12, 1993","April 02, 2011"
49636,Muthiah Muralidaran,"April 17, 1972, Kandy",54y 73d,Sri Lanka,Bowler,1992 - 2011,2009,IPL 2009,CSK,13,4,2,8,4,4.00,8,100.00,0,0,1,0,4,0,14,5.22,300,3/11,3/11,18.64,21.4,0,0,0,"December 22, 2006","October 31, 2010","August 12, 1993","April 02, 2011"
49636,Muthiah Muralidaran,"April 17, 1972, Kandy",54y 73d,Sri Lanka,Bowler,1992 - 2011,2007/08,IPL 2007/08,CSK,15,1,0,0,0,0.00,3,0.00,0,0,0,0,4,0,11,6.96,348,2/39,2/39,36.72,31.6,0,0,0,"December 22, 2006","October 31, 2010","August 12, 1993","April 02, 2011"
1048813,Narayan Jagadeesan,"December 24, 1995, Coimbatore, Tamil Nadu",30y 187d,India,Wicketkeeper Batter,-,2023,IPL 2023,KKR,6,6,0,89,36,14.83,81,109.87,0,0,14,1,1,0,-,-,-,-,-,-,-,-,-,-,,,,
1048813,Narayan Jagadeesan,"December 24, 1995, Coimbatore, Tamil Nadu",30y 187d,India,Wicketkeeper Batter,-,2022,IPL 2022,CSK,2,2,1,40,39*,40.00,37,108.10,0,0,3,1,0,0,-,-,-,-,-,-,-,-,-,-,,,,
1048813,Narayan Jagadeesan,"December 24, 1995, Coimbatore, Tamil Nadu",30y 187d,India,Wicketkeeper Batter,-,2020/21,IPL 2020/21,CSK,5,2,0,33,33,16.50,29,113.79,0,0,4,0,0,0,-,-,-,-,-,-,-,-,-,-,,,,
826915,Nathan Ellis,"September 22, 1994, Greenacre, New South Wales",31y 280d,Australia,Bowler,2021 - 2026,2025,IPL 2025,CSK,1,-,-,-,-,-,-,-,-,-,-,-,0,0,1,9.50,24,1/38,1/38,38.00,24.0,0,0,0,"August 06, 2021","June 21, 2026","March 29, 2022","June 11, 2026"
826915,Nathan Ellis,"September 22, 1994, Greenacre, New South Wales",31y 280d,Australia,Bowler,2021 - 2026,2024,IPL 2024,PBKS,1,-,-,-,-,-,-,-,-,-,-,-,0,0,1,6.00,24,1/24,1/24,24.00,24.0,0,0,0,"August 06, 2021","June 21, 2026","March 29, 2022","June 11, 2026"
826915,Nathan Ellis,"September 22, 1994, Greenacre, New South Wales",31y 280d,Australia,Bowler,2021 - 2026,2023,IPL 2023,PBKS,10,2,0,1,1,0.50,7,14.28,0,0,0,0,1,0,13,8.92,228,4/30,4/30,26.07,17.5,1,0,0,"August 06, 2021","June 21, 2026","March 29, 2022","June 11, 2026"
826915,Nathan Ellis,"September 22, 1994, Greenacre, New South Wales",31y 280d,Australia,Bowler,2021 - 2026,2022,IPL 2022,PBKS,2,1,0,0,0,0.00,2,0.00,0,0,0,0,1,0,3,9.16,36,3/40,3/40,18.33,12.0,0,0,0,"August 06, 2021","June 21, 2026","March 29, 2022","June 11, 2026"
826915,Nathan Ellis,"September 22, 1994, Greenacre, New South Wales",31y 280d,Australia,Bowler,2021 - 2026,2021,IPL 2021,PBKS,3,2,1,18,12,18.00,16,112.50,0,0,0,1,0,0,1,8.18,66,1/12,1/12,90.00,66.0,0,0,0,"August 06, 2021","June 21, 2026","March 29, 2022","June 11, 2026"
1182529,Noor Ahmad Lakanwal,"January 03, 2005, Khost",21y 177d,Afghanistan,Bowler,2022 - 2026,2026,IPL 2026,CSK,14,4,1,11,8,3.66,23,47.82,0,0,0,1,4,0,13,8.39,306,3/21,3/21,32.92,23.5,0,0,0,"June 14, 2022","February 16, 2026","November 30, 2022","February 28, 2025"
1182529,Noor Ahmad Lakanwal,"January 03, 2005, Khost",21y 177d,Afghanistan,Bowler,2022 - 2026,2025,IPL 2025,CSK,14,6,2,7,2*,1.75,17,41.17,0,0,0,0,2,0,24,8.16,300,4/18,4/18,17.00,12.5,2,0,0,"June 14, 2022","February 16, 2026","November 30, 2022","February 28, 2025"
1182529,Noor Ahmad Lakanwal,"January 03, 2005, Khost",21y 177d,Afghanistan,Bowler,2022 - 2026,2024,IPL 2024,GT,10,4,2,5,4,2.50,9,55.55,0,0,1,0,5,0,8,8.32,209,2/20,2/20,36.25,26.1,0,0,0,"June 14, 2022","February 16, 2026","November 30, 2022","February 28, 2025"
1182529,Noor Ahmad Lakanwal,"January 03, 2005, Khost",21y 177d,Afghanistan,Bowler,2022 - 2026,2023,IPL 2023,GT,13,3,1,8,7*,4.00,9,88.88,0,0,1,0,2,0,16,7.82,283,3/37,3/37,23.06,17.6,0,0,0,"June 14, 2022","February 16, 2026","November 30, 2022","February 28, 2025"
49535,Kulasekara Mudiyanselage Dinesh Nuwan Kulasekara,"July 22, 1982, Nittambuwa",43y 342d,Sri Lanka,Bowler,2003 - 2017,2012,IPL 2012,CSK,5,1,1,5,5*,-,3,166.66,0,0,1,0,4,0,4,6.71,84,2/10,2/10,23.50,21.0,0,0,0,"October 11, 2008","April 06, 2017","November 18, 2003","July 10, 2017"
49535,Kulasekara Mudiyanselage Dinesh Nuwan Kulasekara,"July 22, 1982, Nittambuwa",43y 342d,Sri Lanka,Bowler,2003 - 2017,2011,IPL 2011,CSK,1,-,-,-,-,-,-,-,-,-,-,-,0,0,1,8.66,18,1/26,1/26,26.00,18.0,0,0,0,"October 11, 2008","April 06, 2017","November 18, 2003","July 10, 2017"
32242,Parthiv Ajay Patel,"March 09, 1985, Ahmedabad, Gujarat",41y 112d,India,Wicketkeeper Batter,2002 - 2018,2019,IPL 2019,RCB,14,14,0,373,67,26.64,268,139.17,0,2,48,10,6,2,-,-,-,-,-,-,-,-,-,-,"June 04, 2011","August 31, 2011","January 04, 2003","February 21, 2012"
32242,Parthiv Ajay Patel,"March 09, 1985, Ahmedabad, Gujarat",41y 112d,India,Wicketkeeper Batter,2002 - 2018,2018,IPL 2018,RCB,6,6,1,153,53,30.60,109,140.36,0,1,20,4,3,0,-,-,-,-,-,-,-,-,-,-,"June 04, 2011","August 31, 2011","January 04, 2003","February 21, 2012"
32242,Parthiv Ajay Patel,"March 09, 1985, Ahmedabad, Gujarat",41y 112d,India,Wicketkeeper Batter,2002 - 2018,2017,IPL 2017,MI,16,16,0,395,70,24.68,293,134.81,0,2,49,8,6,2,-,-,-,-,-,-,-,-,-,-,"June 04, 2011","August 31, 2011","January 04, 2003","February 21, 2012"
32242,Parthiv Ajay Patel,"March 09, 1985, Ahmedabad, Gujarat",41y 112d,India,Wicketkeeper Batter,2002 - 2018,2016,IPL 2016,MI,10,10,0,177,81,17.70,152,116.44,0,1,23,4,9,1,-,-,-,-,-,-,-,-,-,-,"June 04, 2011","August 31, 2011","January 04, 2003","February 21, 2012"
32242,Parthiv Ajay Patel,"March 09, 1985, Ahmedabad, Gujarat",41y 112d,India,Wicketkeeper Batter,2002 - 2018,2015,IPL 2015,MI,14,14,1,339,59,26.07,246,137.80,0,2,47,5,7,3,-,-,-,-,-,-,-,-,-,-,"June 04, 2011","August 31, 2011","January 04, 2003","February 21, 2012"
32242,Parthiv Ajay Patel,"March 09, 1985, Ahmedabad, Gujarat",41y 112d,India,Wicketkeeper Batter,2002 - 2018,2014,IPL 2014,RCB,12,12,2,205,57*,20.50,185,110.81,0,1,30,1,11,1,-,-,-,-,-,-,-,-,-,-,"June 04, 2011","August 31, 2011","January 04, 2003","February 21, 2012"
32242,Parthiv Ajay Patel,"March 09, 1985, Ahmedabad, Gujarat",41y 112d,India,Wicketkeeper Batter,2002 - 2018,2013,IPL 2013,SRH,13,13,0,294,61,22.61,255,115.29,0,1,37,4,5,3,-,-,-,-,-,-,-,-,-,-,"June 04, 2011","August 31, 2011","January 04, 2003","February 21, 2012"
32242,Parthiv Ajay Patel,"March 09, 1985, Ahmedabad, Gujarat",41y 112d,India,Wicketkeeper Batter,2002 - 2018,2012,IPL 2012,DCH,14,13,2,194,45,17.63,165,117.57,0,0,19,4,5,1,-,-,-,-,-,-,-,-,-,-,"June 04, 2011","August 31, 2011","January 04, 2003","February 21, 2012"
32242,Parthiv Ajay Patel,"March 09, 1985, Ahmedabad, Gujarat",41y 112d,India,Wicketkeeper Batter,2002 - 2018,2011,IPL 2011,Kochi,14,13,3,202,37*,20.20,183,110.38,0,0,25,2,8,1,-,-,-,-,-,-,-,-,-,-,"June 04, 2011","August 31, 2011","January 04, 2003","February 21, 2012"
32242,Parthiv Ajay Patel,"March 09, 1985, Ahmedabad, Gujarat",41y 112d,India,Wicketkeeper Batter,2002 - 2018,2009/10,IPL 2009/10,CSK,4,4,0,72,57,18.00,79,91.13,0,1,6,2,0,2,-,-,-,-,-,-,-,-,-,-,"June 04, 2011","August 31, 2011","January 04, 2003","February 21, 2012"
32242,Parthiv Ajay Patel,"March 09, 1985, Ahmedabad, Gujarat",41y 112d,India,Wicketkeeper Batter,2002 - 2018,2009,IPL 2009,CSK,9,9,0,142,36,15.77,126,112.69,0,0,19,2,3,0,-,-,-,-,-,-,-,-,-,-,"June 04, 2011","August 31, 2011","January 04, 2003","February 21, 2012"
32242,Parthiv Ajay Patel,"March 09, 1985, Ahmedabad, Gujarat",41y 112d,India,Wicketkeeper Batter,2002 - 2018,2007/08,IPL 2007/08,CSK,13,13,2,302,54,27.45,297,101.68,0,2,42,3,6,0,-,-,-,-,-,-,-,-,-,-,"June 04, 2011","August 31, 2011","January 04, 2003","February 21, 2012"
530773,Pawan Negi,"January 06, 1993, Delhi",33y 174d,India,Bowler,2016 - 2016,2019,IPL 2019,RCB,7,4,0,9,5,2.25,12,75.00,0,0,1,0,3,0,3,9.13,67,2/21,2/21,34.00,22.3,0,0,0,"March 03, 2016","Delhi vs Haryana  at Delhi - November 03 - 06, 2011",,
530773,Pawan Negi,"January 06, 1993, Delhi",33y 174d,India,Bowler,2016 - 2016,2018,IPL 2018,RCB,2,2,0,3,3,1.50,5,60.00,0,0,0,0,0,0,1,12.25,24,1/36,1/36,49.00,24.0,0,0,0,"March 03, 2016","Delhi vs Haryana  at Delhi - November 03 - 06, 2011",,
530773,Pawan Negi,"January 06, 1993, Delhi",33y 174d,India,Bowler,2016 - 2016,2017,IPL 2017,RCB,12,10,2,144,35,18.00,111,129.72,0,0,10,7,3,0,16,6.12,193,3/10,3/10,12.31,12.0,0,0,0,"March 03, 2016","Delhi vs Haryana  at Delhi - November 03 - 06, 2011",,
530773,Pawan Negi,"January 06, 1993, Delhi",33y 174d,India,Bowler,2016 - 2016,2016,IPL 2016,DC,8,6,4,57,19*,28.50,59,96.61,0,0,2,3,2,0,1,9.33,54,1/19,1/19,84.00,54.0,0,0,0,"March 03, 2016","Delhi vs Haryana  at Delhi - November 03 - 06, 2011",,
530773,Pawan Negi,"January 06, 1993, Delhi",33y 174d,India,Bowler,2016 - 2016,2015,IPL 2015,CSK,10,9,1,116,36,14.50,73,158.90,0,0,10,5,4,0,6,8.40,180,2/25,2/25,42.00,30.0,0,0,0,"March 03, 2016","Delhi vs Haryana  at Delhi - November 03 - 06, 2011",,
530773,Pawan Negi,"January 06, 1993, Delhi",33y 174d,India,Bowler,2016 - 2016,2014,IPL 2014,CSK,2,-,-,-,-,-,-,-,-,-,-,-,1,0,0,10.71,42,-,-,-,-,0,0,0,"March 03, 2016","Delhi vs Haryana  at Delhi - November 03 - 06, 2011",,
530773,Pawan Negi,"January 06, 1993, Delhi",33y 174d,India,Bowler,2016 - 2016,2013,IPL 2013,DC,1,-,-,-,-,-,-,-,-,-,-,-,0,0,0,7.00,24,-,-,-,-,0,0,0,"March 03, 2016","Delhi vs Haryana  at Delhi - November 03 - 06, 2011",,
530773,Pawan Negi,"January 06, 1993, Delhi",33y 174d,India,Bowler,2016 - 2016,2012,IPL 2012,DC,8,4,2,36,14,18.00,29,124.13,0,0,4,1,2,0,7,6.90,132,4/18,4/18,21.71,18.8,1,0,0,"March 03, 2016","Delhi vs Haryana  at Delhi - November 03 - 06, 2011",,
32966,Piyush Pramod Chawla,"December 24, 1988, Aligarh, Uttar Pradesh",37y 187d,India,Bowling Allrounder,2006 - 2012,2024,IPL 2024,MI,11,6,2,15,10,3.75,15,100.00,0,0,1,1,2,0,13,8.91,210,3/29,3/29,24.00,16.1,0,0,0,"May 02, 2010","December 22, 2012","May 12, 2007","March 09, 2011"
32966,Piyush Pramod Chawla,"December 24, 1988, Aligarh, Uttar Pradesh",37y 187d,India,Bowling Allrounder,2006 - 2012,2023,IPL 2023,MI,16,4,2,25,18,12.50,22,113.63,0,0,1,1,1,0,22,8.11,366,3/22,3/22,22.50,16.6,0,0,0,"May 02, 2010","December 22, 2012","May 12, 2007","March 09, 2011"
32966,Piyush Pramod Chawla,"December 24, 1988, Aligarh, Uttar Pradesh",37y 187d,India,Bowling Allrounder,2006 - 2012,2021,IPL 2021,MI,1,1,0,0,0,0.00,2,0.00,0,0,0,0,0,0,1,9.50,24,1/38,1/38,38.00,24.0,0,0,0,"May 02, 2010","December 22, 2012","May 12, 2007","March 09, 2011"
32966,Piyush Pramod Chawla,"December 24, 1988, Aligarh, Uttar Pradesh",37y 187d,India,Bowling Allrounder,2006 - 2012,2020/21,IPL 2020/21,CSK,7,-,-,-,-,-,-,-,-,-,-,-,0,0,6,9.09,126,2/33,2/33,31.83,21.0,0,0,0,"May 02, 2010","December 22, 2012","May 12, 2007","March 09, 2011"
32966,Piyush Pramod Chawla,"December 24, 1988, Aligarh, Uttar Pradesh",37y 187d,India,Bowling Allrounder,2006 - 2012,2019,IPL 2019,KKR,13,5,2,42,14*,14.00,37,113.51,0,0,4,2,5,0,10,8.96,267,3/20,3/20,39.90,26.7,0,0,0,"May 02, 2010","December 22, 2012","May 12, 2007","March 09, 2011"
32966,Piyush Pramod Chawla,"December 24, 1988, Aligarh, Uttar Pradesh",37y 187d,India,Bowling Allrounder,2006 - 2012,2018,IPL 2018,KKR,15,7,3,27,12,6.75,34,79.41,0,0,1,1,4,0,14,8.40,294,3/48,3/48,29.42,21.0,0,0,0,"May 02, 2010","December 22, 2012","May 12, 2007","March 09, 2011"
32966,Piyush Pramod Chawla,"December 24, 1988, Aligarh, Uttar Pradesh",37y 187d,India,Bowling Allrounder,2006 - 2012,2017,IPL 2017,KKR,6,1,0,2,2,2.00,6,33.33,0,0,0,0,1,0,6,8.95,120,2/34,2/34,29.83,20.0,0,0,0,"May 02, 2010","December 22, 2012","May 12, 2007","March 09, 2011"
32966,Piyush Pramod Chawla,"December 24, 1988, Aligarh, Uttar Pradesh",37y 187d,India,Bowling Allrounder,2006 - 2012,2016,IPL 2016,KKR,12,3,0,27,11,9.00,26,103.84,0,0,4,0,3,0,11,7.72,212,2/21,2/21,24.81,19.2,0,0,0,"May 02, 2010","December 22, 2012","May 12, 2007","March 09, 2011"
32966,Piyush Pramod Chawla,"December 24, 1988, Aligarh, Uttar Pradesh",37y 187d,India,Bowling Allrounder,2006 - 2012,2015,IPL 2015,KKR,13,8,4,54,22,13.50,47,114.89,0,0,5,2,2,0,11,7.68,210,4/32,4/32,24.45,19.0,1,0,0,"May 02, 2010","December 22, 2012","May 12, 2007","March 09, 2011"
32966,Piyush Pramod Chawla,"December 24, 1988, Aligarh, Uttar Pradesh",37y 187d,India,Bowling Allrounder,2006 - 2012,2014,IPL 2014,KKR,11,5,2,31,17*,10.33,19,163.15,0,0,4,1,3,0,14,7.67,237,3/19,3/19,21.64,16.9,0,0,0,"May 02, 2010","December 22, 2012","May 12, 2007","March 09, 2011"
32966,Piyush Pramod Chawla,"December 24, 1988, Aligarh, Uttar Pradesh",37y 187d,India,Bowling Allrounder,2006 - 2012,2013,IPL 2013,PBKS,16,11,5,64,23,10.66,57,112.28,0,0,5,3,1,0,11,7.16,350,2/20,2/20,38.00,31.8,0,0,0,"May 02, 2010","December 22, 2012","May 12, 2007","March 09, 2011"
32966,Piyush Pramod Chawla,"December 24, 1988, Aligarh, Uttar Pradesh",37y 187d,India,Bowling Allrounder,2006 - 2012,2012,IPL 2012,PBKS,16,12,4,106,21*,13.25,88,120.45,0,0,9,4,3,0,16,7.35,342,3/18,3/18,26.18,21.3,0,0,0,"May 02, 2010","December 22, 2012","May 12, 2007","March 09, 2011"
32966,Piyush Pramod Chawla,"December 24, 1988, Aligarh, Uttar Pradesh",37y 187d,India,Bowling Allrounder,2006 - 2012,2011,IPL 2011,PBKS,12,6,3,48,15,16.00,55,87.27,0,0,2,2,3,0,16,8.12,248,4/17,4/17,21.00,15.5,1,0,0,"May 02, 2010","December 22, 2012","May 12, 2007","March 09, 2011"
32966,Piyush Pramod Chawla,"December 24, 1988, Aligarh, Uttar Pradesh",37y 187d,India,Bowling Allrounder,2006 - 2012,2009/10,IPL 2009/10,PBKS,14,6,1,62,22,12.40,60,103.33,0,0,7,0,3,0,12,7.48,294,3/24,3/24,30.58,24.5,0,0,0,"May 02, 2010","December 22, 2012","May 12, 2007","March 09, 2011"
32966,Piyush Pramod Chawla,"December 24, 1988, Aligarh, Uttar Pradesh",37y 187d,India,Bowling Allrounder,2006 - 2012,2009,IPL 2009,PBKS,14,10,5,31,8*,6.20,36,86.11,0,0,3,0,6,0,12,6.86,269,2/22,2/22,25.66,22.4,0,0,0,"May 02, 2010","December 22, 2012","May 12, 2007","March 09, 2011"
32966,Piyush Pramod Chawla,"December 24, 1988, Aligarh, Uttar Pradesh",37y 187d,India,Bowling Allrounder,2006 - 2012,2007/08,IPL 2007/08,PBKS,15,7,3,90,24*,22.50,59,152.54,0,0,10,3,6,0,17,8.30,281,3/25,3/25,22.88,16.5,0,0,0,"May 02, 2010","December 22, 2012","May 12, 2007","March 09, 2011"
1252337,Prashant Hitesh Solanki,"February 22, 2000",26y 127d,India,Bowler,-,2022,IPL 2022,CSK,2,-,-,-,-,-,-,-,-,-,-,-,0,0,2,6.33,36,2/20,2/20,19.00,18.0,0,0,0,,,,
1403197,Prashant Ramendra Veer,"November 24, 2005, Amethi, Uttar Pradesh",20y 217d,India,Bowling Allrounder,-,2026,IPL 2026,CSK,6,5,3,90,43,45.00,67,134.32,0,0,10,3,0,0,0,12.50,12,-,-,-,-,0,0,0,,,,
959767,Rachin Ravindra,"November 18, 1999, Wellington",26y 223d,New Zealand,Batting Allrounder,2021 - 2026,2025,IPL 2025,CSK,8,8,1,191,65*,27.28,149,128.18,0,1,18,4,2,0,-,-,-,-,-,-,-,-,-,-,"September 01, 2021","March 08, 2026","March 25, 2023","November 22, 2025"
959767,Rachin Ravindra,"November 18, 1999, Wellington",26y 223d,New Zealand,Batting Allrounder,2021 - 2026,2024,IPL 2024,CSK,10,10,0,222,61,22.20,138,160.86,0,1,22,12,8,0,0,3.50,12,-,-,-,-,0,0,0,"September 01, 2021","March 08, 2026","March 25, 2023","November 22, 2025"
1064812,Rahul Desraj Chahar,"August 04, 1999, Bharaatpur, Rajasthan",26y 329d,India,Bowler,2019 - 2021,2026,IPL 2026,CSK,1,-,-,-,-,-,-,-,-,-,-,-,1,0,0,11.50,24,-,-,-,-,0,0,0,"August 06, 2019","November 08, 2021","July 23, 2021","August 06, 2019"
1064812,Rahul Desraj Chahar,"August 04, 1999, Bharaatpur, Rajasthan",26y 329d,India,Bowler,2019 - 2021,2025,IPL 2025,SRH,1,-,-,-,-,-,-,-,-,-,-,-,0,0,0,9.00,6,-,-,-,-,0,0,0,"August 06, 2019","November 08, 2021","July 23, 2021","August 06, 2019"
1064812,Rahul Desraj Chahar,"August 04, 1999, Bharaatpur, Rajasthan",26y 329d,India,Bowler,2019 - 2021,2024,IPL 2024,PBKS,9,2,1,21,16,21.00,15,140.00,0,0,3,1,3,0,10,9.00,186,3/23,3/23,27.90,18.6,0,0,0,"August 06, 2019","November 08, 2021","July 23, 2021","August 06, 2019"
1064812,Rahul Desraj Chahar,"August 04, 1999, Bharaatpur, Rajasthan",26y 329d,India,Bowler,2019 - 2021,2023,IPL 2023,PBKS,14,3,1,0,0*,0.00,9,0.00,0,0,0,0,4,0,8,7.75,298,2/16,2/16,48.12,37.2,0,0,0,"August 06, 2019","November 08, 2021","July 23, 2021","August 06, 2019"
1064812,Rahul Desraj Chahar,"August 04, 1999, Bharaatpur, Rajasthan",26y 329d,India,Bowler,2019 - 2021,2022,IPL 2022,PBKS,13,8,2,77,25*,12.83,68,113.23,0,0,7,4,5,0,14,7.71,280,3/25,3/25,25.71,20.0,0,0,0,"August 06, 2019","November 08, 2021","July 23, 2021","August 06, 2019"
1064812,Rahul Desraj Chahar,"August 04, 1999, Bharaatpur, Rajasthan",26y 329d,India,Bowler,2019 - 2021,2021,IPL 2021,MI,11,5,0,14,8,2.80,15,93.33,0,0,1,0,3,0,13,7.39,258,4/27,4/27,24.46,19.8,1,0,0,"August 06, 2019","November 08, 2021","July 23, 2021","August 06, 2019"
1064812,Rahul Desraj Chahar,"August 04, 1999, Bharaatpur, Rajasthan",26y 329d,India,Bowler,2019 - 2021,2020/21,IPL 2020/21,MI,15,1,1,2,2*,-,4,50.00,0,0,0,0,4,0,15,8.16,318,2/18,2/18,28.86,21.2,0,0,0,"August 06, 2019","November 08, 2021","July 23, 2021","August 06, 2019"
1064812,Rahul Desraj Chahar,"August 04, 1999, Bharaatpur, Rajasthan",26y 329d,India,Bowler,2019 - 2021,2019,IPL 2019,MI,13,4,2,12,10,6.00,11,109.09,0,0,2,0,3,0,13,6.55,282,3/19,3/19,23.69,21.6,0,0,0,"August 06, 2019","November 08, 2021","July 23, 2021","August 06, 2019"
1064812,Rahul Desraj Chahar,"August 04, 1999, Bharaatpur, Rajasthan",26y 329d,India,Bowler,2019 - 2021,2017,IPL 2017,RPS,3,1,1,3,3*,-,2,150.00,0,0,0,0,1,0,2,8.28,42,1/26,1/26,29.00,21.0,0,0,0,"August 06, 2019","November 08, 2021","July 23, 2021","August 06, 2019"
446763,Rahul Ajay Tripathi,"March 02, 1991, Ranchi",35y 119d,India,Top order Batter,2023 - 2023,2025,IPL 2025,CSK,5,5,0,55,23,11.00,57,96.49,0,0,6,1,1,0,-,-,-,-,-,-,-,-,-,-,"January 05, 2023","February 01, 2023",,
446763,Rahul Ajay Tripathi,"March 02, 1991, Ranchi",35y 119d,India,Top order Batter,2023 - 2023,2024,IPL 2024,SRH,6,6,0,165,55,27.50,115,143.47,0,1,18,6,2,0,-,-,-,-,-,-,-,-,-,-,"January 05, 2023","February 01, 2023",,
446763,Rahul Ajay Tripathi,"March 02, 1991, Ranchi",35y 119d,India,Top order Batter,2023 - 2023,2023,IPL 2023,SRH,13,13,1,273,74*,22.75,213,128.16,0,1,29,10,2,0,-,-,-,-,-,-,-,-,-,-,"January 05, 2023","February 01, 2023",,
446763,Rahul Ajay Tripathi,"March 02, 1991, Ranchi",35y 119d,India,Top order Batter,2023 - 2023,2022,IPL 2022,SRH,14,14,3,413,76,37.54,261,158.23,0,3,40,20,6,0,-,-,-,-,-,-,-,-,-,-,"January 05, 2023","February 01, 2023",,
446763,Rahul Ajay Tripathi,"March 02, 1991, Ranchi",35y 119d,India,Top order Batter,2023 - 2023,2021,IPL 2021,KKR,17,16,2,397,74*,28.35,283,140.28,0,2,41,11,8,0,-,-,-,-,-,-,-,-,-,-,"January 05, 2023","February 01, 2023",,
446763,Rahul Ajay Tripathi,"March 02, 1991, Ranchi",35y 119d,India,Top order Batter,2023 - 2023,2020/21,IPL 2020/21,KKR,11,11,1,230,81,23.00,181,127.07,0,1,21,10,3,0,-,-,-,-,-,-,-,-,-,-,"January 05, 2023","February 01, 2023",,
446763,Rahul Ajay Tripathi,"March 02, 1991, Ranchi",35y 119d,India,Top order Batter,2023 - 2023,2019,IPL 2019,RR,8,7,1,141,50,23.50,118,119.49,0,1,13,2,3,0,-,-,-,-,-,-,-,-,-,-,"January 05, 2023","February 01, 2023",,
446763,Rahul Ajay Tripathi,"March 02, 1991, Ranchi",35y 119d,India,Top order Batter,2023 - 2023,2018,IPL 2018,RR,12,12,3,226,80*,25.11,167,135.32,0,1,18,8,4,0,-,-,-,-,-,-,-,-,-,-,"January 05, 2023","February 01, 2023",,
446763,Rahul Ajay Tripathi,"March 02, 1991, Ranchi",35y 119d,India,Top order Batter,2023 - 2023,2017,IPL 2017,RPS,14,14,0,391,93,27.92,267,146.44,0,2,43,17,5,0,0,12.00,6,-,-,-,-,0,0,0,"January 05, 2023","February 01, 2023",,
1175429,Rajvardhan S Hangargekar,"November 10, 2002, Tuljapur, Maharashtra",23y 231d,India,Bowling Allrounder,-,2023,IPL 2023,CSK,2,-,-,-,-,-,-,-,-,-,-,-,0,0,3,10.00,36,3/36,3/36,20.00,12.0,0,0,0,,,,
1339053,Ramakrishna Shekhar Ghosh,"August 28, 1997, Nashik",28y 305d,India,Bowling Allrounder,-,2026,IPL 2026,CSK,1,-,-,-,-,-,-,-,-,-,-,-,1,0,1,8.00,18,1/24,1/24,24.00,18.0,0,0,0,,,,
26421,Ravichandran Ashwin,"September 17, 1986, Madras (now Chennai), Tamil Nadu",39y 285d,India,Bowling Allrounder,2010 - 2024,2025,IPL 2025,CSK,9,4,0,33,13,8.25,30,110.00,0,0,3,1,4,0,7,9.12,186,2/41,2/41,40.42,26.5,0,0,0,"June 12, 2010","November 10, 2022","June 05, 2010","October 08, 2023"
26421,Ravichandran Ashwin,"September 17, 1986, Madras (now Chennai), Tamil Nadu",39y 285d,India,Bowling Allrounder,2010 - 2024,2024,IPL 2024,RR,15,9,3,86,29,14.33,74,116.21,0,0,5,4,5,0,9,8.49,330,3/24,3/24,51.88,36.6,0,0,0,"June 12, 2010","November 10, 2022","June 05, 2010","October 08, 2023"
26421,Ravichandran Ashwin,"September 17, 1986, Madras (now Chennai), Tamil Nadu",39y 285d,India,Bowling Allrounder,2010 - 2024,2023,IPL 2023,RR,13,10,4,67,30,11.16,51,131.37,0,0,5,3,1,0,14,7.51,294,2/23,2/23,26.28,21.0,0,0,0,"June 12, 2010","November 10, 2022","June 05, 2010","October 08, 2023"
26421,Ravichandran Ashwin,"September 17, 1986, Madras (now Chennai), Tamil Nadu",39y 285d,India,Bowling Allrounder,2010 - 2024,2022,IPL 2022,RR,17,12,5,191,50,27.28,135,141.48,0,1,14,9,5,0,12,7.50,402,3/17,3/17,41.91,33.5,0,0,0,"June 12, 2010","November 10, 2022","June 05, 2010","October 08, 2023"
26421,Ravichandran Ashwin,"September 17, 1986, Madras (now Chennai), Tamil Nadu",39y 285d,India,Bowling Allrounder,2010 - 2024,2021,IPL 2021,DC,13,5,2,44,20*,14.66,42,104.76,0,0,2,1,3,0,7,7.41,268,2/27,2/27,47.28,38.2,0,0,0,"June 12, 2010","November 10, 2022","June 05, 2010","October 08, 2023"
26421,Ravichandran Ashwin,"September 17, 1986, Madras (now Chennai), Tamil Nadu",39y 285d,India,Bowling Allrounder,2010 - 2024,2020/21,IPL 2020/21,DC,15,6,3,37,14*,12.33,34,108.82,0,0,3,1,2,0,13,7.66,306,3/29,3/29,30.07,23.5,0,0,0,"June 12, 2010","November 10, 2022","June 05, 2010","October 08, 2023"
26421,Ravichandran Ashwin,"September 17, 1986, Madras (now Chennai), Tamil Nadu",39y 285d,India,Bowling Allrounder,2010 - 2024,2019,IPL 2019,PBKS,14,6,1,42,17*,8.40,28,150.00,0,0,3,3,4,0,15,7.27,330,3/23,3/23,26.66,22.0,0,0,0,"June 12, 2010","November 10, 2022","June 05, 2010","October 08, 2023"
26421,Ravichandran Ashwin,"September 17, 1986, Madras (now Chennai), Tamil Nadu",39y 285d,India,Bowling Allrounder,2010 - 2024,2018,IPL 2018,PBKS,14,9,1,102,45,12.75,71,143.66,0,0,7,5,5,0,10,8.09,304,2/18,2/18,41.00,30.4,0,0,0,"June 12, 2010","November 10, 2022","June 05, 2010","October 08, 2023"
26421,Ravichandran Ashwin,"September 17, 1986, Madras (now Chennai), Tamil Nadu",39y 285d,India,Bowling Allrounder,2010 - 2024,2016,IPL 2016,RPS,14,6,4,41,29,20.50,38,107.89,0,0,3,1,3,0,10,7.25,264,4/34,4/34,31.90,26.4,1,0,0,"June 12, 2010","November 10, 2022","June 05, 2010","October 08, 2023"
26421,Ravichandran Ashwin,"September 17, 1986, Madras (now Chennai), Tamil Nadu",39y 285d,India,Bowling Allrounder,2010 - 2024,2015,IPL 2015,CSK,14,6,3,52,23,17.33,32,162.50,0,0,6,1,3,0,10,5.84,234,2/5,2/5,22.80,23.4,0,0,0,"June 12, 2010","November 10, 2022","June 05, 2010","October 08, 2023"
26421,Ravichandran Ashwin,"September 17, 1986, Madras (now Chennai), Tamil Nadu",39y 285d,India,Bowling Allrounder,2010 - 2024,2014,IPL 2014,CSK,16,6,3,45,14,15.00,45,100.00,0,0,4,0,1,0,16,7.30,359,3/30,3/30,27.31,22.4,0,0,0,"June 12, 2010","November 10, 2022","June 05, 2010","October 08, 2023"
26421,Ravichandran Ashwin,"September 17, 1986, Madras (now Chennai), Tamil Nadu",39y 285d,India,Bowling Allrounder,2010 - 2024,2013,IPL 2013,CSK,18,5,1,35,11*,8.75,49,71.42,0,0,4,0,4,0,15,6.72,348,2/18,2/18,26.00,23.2,0,0,0,"June 12, 2010","November 10, 2022","June 05, 2010","October 08, 2023"
26421,Ravichandran Ashwin,"September 17, 1986, Madras (now Chennai), Tamil Nadu",39y 285d,India,Bowling Allrounder,2010 - 2024,2012,IPL 2012,CSK,19,5,2,18,8,6.00,15,120.00,0,0,2,0,5,0,14,6.54,395,3/23,3/23,30.78,28.2,0,0,0,"June 12, 2010","November 10, 2022","June 05, 2010","October 08, 2023"
26421,Ravichandran Ashwin,"September 17, 1986, Madras (now Chennai), Tamil Nadu",39y 285d,India,Bowling Allrounder,2010 - 2024,2011,IPL 2011,CSK,16,2,0,2,2,1.00,6,33.33,0,0,0,0,4,0,20,6.15,378,3/16,3/16,19.40,18.9,0,0,0,"June 12, 2010","November 10, 2022","June 05, 2010","October 08, 2023"
26421,Ravichandran Ashwin,"September 17, 1986, Madras (now Chennai), Tamil Nadu",39y 285d,India,Bowling Allrounder,2010 - 2024,2009/10,IPL 2009/10,CSK,12,6,2,30,11*,7.50,40,75.00,0,0,2,0,1,0,13,6.10,288,3/16,3/16,22.53,22.1,0,0,0,"June 12, 2010","November 10, 2022","June 05, 2010","October 08, 2023"
26421,Ravichandran Ashwin,"September 17, 1986, Madras (now Chennai), Tamil Nadu",39y 285d,India,Bowling Allrounder,2010 - 2024,2009,IPL 2009,CSK,2,1,0,8,8,8.00,15,53.33,0,0,1,0,2,0,2,3.25,24,2/13,2/13,6.50,12.0,0,0,0,"June 12, 2010","November 10, 2022","June 05, 2010","October 08, 2023"
234675,Ravindrasinh Anirudhsinh Jadeja,"December 06, 1988, Navagam-Khed, Saurashtra",37y 205d,India,Allrounder,2009 - 2026,2026,IPL 2026,RR,14,11,7,266,45*,66.50,197,135.02,0,0,24,5,1,0,10,8.39,198,2/8,2/8,27.70,19.8,0,0,0,"February 10, 2009","June 29, 2024","February 08, 2009","January 18, 2026"
234675,Ravindrasinh Anirudhsinh Jadeja,"December 06, 1988, Navagam-Khed, Saurashtra",37y 205d,India,Allrounder,2009 - 2026,2025,IPL 2025,CSK,14,14,5,301,77*,33.44,222,135.58,0,2,25,10,6,0,10,8.56,227,2/17,2/17,32.40,22.7,0,0,0,"February 10, 2009","June 29, 2024","February 08, 2009","January 18, 2026"
234675,Ravindrasinh Anirudhsinh Jadeja,"December 06, 1988, Navagam-Khed, Saurashtra",37y 205d,India,Allrounder,2009 - 2026,2024,IPL 2024,CSK,14,11,5,267,57*,44.50,187,142.78,0,1,22,8,6,0,8,7.85,282,3/18,3/18,46.12,35.2,0,0,0,"February 10, 2009","June 29, 2024","February 08, 2009","January 18, 2026"
234675,Ravindrasinh Anirudhsinh Jadeja,"December 06, 1988, Navagam-Khed, Saurashtra",37y 205d,India,Allrounder,2009 - 2026,2023,IPL 2023,CSK,16,12,4,190,25*,23.75,133,142.85,0,0,11,9,9,0,20,7.56,342,3/20,3/20,21.55,17.1,0,0,0,"February 10, 2009","June 29, 2024","February 08, 2009","January 18, 2026"
234675,Ravindrasinh Anirudhsinh Jadeja,"December 06, 1988, Navagam-Khed, Saurashtra",37y 205d,India,Allrounder,2009 - 2026,2022,IPL 2022,CSK,10,10,4,116,26*,19.33,98,118.36,0,0,6,5,7,0,5,7.51,198,3/39,3/39,49.60,39.6,0,0,0,"February 10, 2009","June 29, 2024","February 08, 2009","January 18, 2026"
234675,Ravindrasinh Anirudhsinh Jadeja,"December 06, 1988, Navagam-Khed, Saurashtra",37y 205d,India,Allrounder,2009 - 2026,2021,IPL 2021,CSK,16,12,9,227,62*,75.66,156,145.51,0,1,19,9,13,0,13,7.06,294,3/13,3/13,26.61,22.6,0,0,0,"February 10, 2009","June 29, 2024","February 08, 2009","January 18, 2026"
234675,Ravindrasinh Anirudhsinh Jadeja,"December 06, 1988, Navagam-Khed, Saurashtra",37y 205d,India,Allrounder,2009 - 2026,2020/21,IPL 2020/21,CSK,14,11,6,232,50,46.40,135,171.85,0,1,22,11,5,0,6,8.75,218,2/42,2/42,53.00,36.3,0,0,0,"February 10, 2009","June 29, 2024","February 08, 2009","January 18, 2026"
234675,Ravindrasinh Anirudhsinh Jadeja,"December 06, 1988, Navagam-Khed, Saurashtra",37y 205d,India,Allrounder,2009 - 2026,2019,IPL 2019,CSK,16,9,6,106,31*,35.33,88,120.45,0,0,7,4,9,0,15,6.35,324,3/9,3/9,22.86,21.6,0,0,0,"February 10, 2009","June 29, 2024","February 08, 2009","January 18, 2026"
234675,Ravindrasinh Anirudhsinh Jadeja,"December 06, 1988, Navagam-Khed, Saurashtra",37y 205d,India,Allrounder,2009 - 2026,2018,IPL 2018,CSK,16,10,5,89,27*,17.80,74,120.27,0,0,3,4,11,0,11,7.39,246,3/18,3/18,27.54,22.3,0,0,0,"February 10, 2009","June 29, 2024","February 08, 2009","January 18, 2026"
234675,Ravindrasinh Anirudhsinh Jadeja,"December 06, 1988, Navagam-Khed, Saurashtra",37y 205d,India,Allrounder,2009 - 2026,2017,IPL 2017,GL,12,10,6,158,28,39.50,113,139.82,0,0,13,4,2,0,5,9.18,228,2/28,2/28,69.80,45.6,0,0,0,"February 10, 2009","June 29, 2024","February 08, 2009","January 18, 2026"
234675,Ravindrasinh Anirudhsinh Jadeja,"December 06, 1988, Navagam-Khed, Saurashtra",37y 205d,India,Allrounder,2009 - 2026,2016,IPL 2016,GL,15,15,6,191,36*,21.22,177,107.90,0,0,14,4,4,0,8,7.74,241,2/18,2/18,38.87,30.1,0,0,0,"February 10, 2009","June 29, 2024","February 08, 2009","January 18, 2026"
234675,Ravindrasinh Anirudhsinh Jadeja,"December 06, 1988, Navagam-Khed, Saurashtra",37y 205d,India,Allrounder,2009 - 2026,2015,IPL 2015,CSK,17,12,5,132,24,18.85,126,104.76,0,0,7,3,13,0,11,7.73,256,4/11,4/11,30.00,23.2,1,0,0,"February 10, 2009","June 29, 2024","February 08, 2009","January 18, 2026"
234675,Ravindrasinh Anirudhsinh Jadeja,"December 06, 1988, Navagam-Khed, Saurashtra",37y 205d,India,Allrounder,2009 - 2026,2014,IPL 2014,CSK,16,10,5,146,36*,29.20,110,132.72,0,0,9,5,4,0,19,8.15,326,4/12,4/12,23.31,17.1,2,0,0,"February 10, 2009","June 29, 2024","February 08, 2009","January 18, 2026"
234675,Ravindrasinh Anirudhsinh Jadeja,"December 06, 1988, Navagam-Khed, Saurashtra",37y 205d,India,Allrounder,2009 - 2026,2013,IPL 2013,CSK,18,14,6,201,38*,25.12,135,148.88,0,0,17,6,6,0,13,7.48,259,3/20,3/20,24.84,19.9,0,0,0,"February 10, 2009","June 29, 2024","February 08, 2009","January 18, 2026"
234675,Ravindrasinh Anirudhsinh Jadeja,"December 06, 1988, Navagam-Khed, Saurashtra",37y 205d,India,Allrounder,2009 - 2026,2012,IPL 2012,CSK,19,14,2,191,48,15.91,151,126.49,0,0,13,9,2,0,12,7.80,210,5/16,5/16,22.75,17.5,0,1,0,"February 10, 2009","June 29, 2024","February 08, 2009","January 18, 2026"
234675,Ravindrasinh Anirudhsinh Jadeja,"December 06, 1988, Navagam-Khed, Saurashtra",37y 205d,India,Allrounder,2009 - 2026,2011,IPL 2011,Kochi,14,12,3,283,47,31.44,228,124.12,0,0,20,14,1,0,8,7.26,252,2/25,2/25,38.12,31.5,0,0,0,"February 10, 2009","June 29, 2024","February 08, 2009","January 18, 2026"
234675,Ravindrasinh Anirudhsinh Jadeja,"December 06, 1988, Navagam-Khed, Saurashtra",37y 205d,India,Allrounder,2009 - 2026,2009,IPL 2009,RR,13,13,2,295,42,26.81,266,110.90,0,0,21,6,4,0,6,6.47,140,3/15,3/15,25.16,23.3,0,0,0,"February 10, 2009","June 29, 2024","February 08, 2009","January 18, 2026"
234675,Ravindrasinh Anirudhsinh Jadeja,"December 06, 1988, Navagam-Khed, Saurashtra",37y 205d,India,Allrounder,2009 - 2026,2007/08,IPL 2007/08,RR,14,9,2,135,36*,19.28,103,131.06,0,0,11,6,7,0,0,9.69,13,-,-,-,-,0,0,0,"February 10, 2009","June 29, 2024","February 08, 2009","January 18, 2026"
473191,Richard James Gleeson,"December 02, 1987, Blackpool, Lancashire",38y 209d,England,Bowler,2022 - 2022,2025,IPL 2025,MI,1,-,-,-,-,-,-,-,-,-,-,-,0,0,1,11.14,21,1/39,1/39,39.00,21.0,0,0,0,"July 09, 2022","September 30, 2022",,
473191,Richard James Gleeson,"December 02, 1987, Blackpool, Lancashire",38y 209d,England,Bowler,2022 - 2022,2024,IPL 2024,CSK,2,1,1,2,2*,-,2,100.00,0,0,0,0,0,0,1,9.06,47,1/30,1/30,71.00,47.0,0,0,0,"July 09, 2022","September 30, 2022",,
35582,Robin Venu Uthappa,"November 11, 1985, Coorg, Karnataka",40y 230d,India,Batter,2006 - 2015,2022,IPL 2022,CSK,12,11,0,230,88,20.90,171,134.50,0,2,19,14,5,0,-,-,-,-,-,-,-,-,-,-,"September 13, 2007","July 19, 2015","April 15, 2006","July 14, 2015"
35582,Robin Venu Uthappa,"November 11, 1985, Coorg, Karnataka",40y 230d,India,Batter,2006 - 2015,2021,IPL 2021,CSK,4,4,0,115,63,28.75,84,136.90,0,1,8,5,0,0,-,-,-,-,-,-,-,-,-,-,"September 13, 2007","July 19, 2015","April 15, 2006","July 14, 2015"
35582,Robin Venu Uthappa,"November 11, 1985, Coorg, Karnataka",40y 230d,India,Batter,2006 - 2015,2020/21,IPL 2020/21,RR,12,12,0,196,41,16.33,164,119.51,0,0,19,7,3,0,-,-,-,-,-,-,-,-,-,-,"September 13, 2007","July 19, 2015","April 15, 2006","July 14, 2015"
35582,Robin Venu Uthappa,"November 11, 1985, Coorg, Karnataka",40y 230d,India,Batter,2006 - 2015,2019,IPL 2019,KKR,12,11,2,282,67*,31.33,245,115.10,0,1,28,10,4,0,-,-,-,-,-,-,-,-,-,-,"September 13, 2007","July 19, 2015","April 15, 2006","July 14, 2015"
35582,Robin Venu Uthappa,"November 11, 1985, Coorg, Karnataka",40y 230d,India,Batter,2006 - 2015,2018,IPL 2018,KKR,16,16,0,351,54,21.93,265,132.45,0,1,30,21,5,0,-,-,-,-,-,-,-,-,-,-,"September 13, 2007","July 19, 2015","April 15, 2006","July 14, 2015"
35582,Robin Venu Uthappa,"November 11, 1985, Coorg, Karnataka",40y 230d,India,Batter,2006 - 2015,2017,IPL 2017,KKR,14,13,0,388,87,29.84,235,165.10,0,5,36,21,9,6,-,-,-,-,-,-,-,-,-,-,"September 13, 2007","July 19, 2015","April 15, 2006","July 14, 2015"
35582,Robin Venu Uthappa,"November 11, 1985, Coorg, Karnataka",40y 230d,India,Batter,2006 - 2015,2016,IPL 2016,KKR,15,15,0,394,72,26.26,289,136.33,0,3,45,8,10,4,-,-,-,-,-,-,-,-,-,-,"September 13, 2007","July 19, 2015","April 15, 2006","July 14, 2015"
35582,Robin Venu Uthappa,"November 11, 1985, Coorg, Karnataka",40y 230d,India,Batter,2006 - 2015,2015,IPL 2015,KKR,13,13,1,364,80*,30.33,277,131.40,0,1,42,7,7,5,-,-,-,-,-,-,-,-,-,-,"September 13, 2007","July 19, 2015","April 15, 2006","July 14, 2015"
35582,Robin Venu Uthappa,"November 11, 1985, Coorg, Karnataka",40y 230d,India,Batter,2006 - 2015,2014,IPL 2014,KKR,16,16,1,660,83*,44.00,479,137.78,0,5,74,18,1,7,-,-,-,-,-,-,-,-,-,-,"September 13, 2007","July 19, 2015","April 15, 2006","July 14, 2015"
35582,Robin Venu Uthappa,"November 11, 1985, Coorg, Karnataka",40y 230d,India,Batter,2006 - 2015,2013,IPL 2013,PWI,16,16,0,434,75,27.12,371,116.98,0,2,42,12,7,0,-,-,-,-,-,-,-,-,-,-,"September 13, 2007","July 19, 2015","April 15, 2006","July 14, 2015"
35582,Robin Venu Uthappa,"November 11, 1985, Coorg, Karnataka",40y 230d,India,Batter,2006 - 2015,2012,IPL 2012,PWI,16,16,1,405,69,27.00,343,118.07,0,2,38,10,6,3,-,-,-,-,-,-,-,-,-,-,"September 13, 2007","July 19, 2015","April 15, 2006","July 14, 2015"
35582,Robin Venu Uthappa,"November 11, 1985, Coorg, Karnataka",40y 230d,India,Batter,2006 - 2015,2011,IPL 2011,PWI,14,13,3,264,45,26.40,209,126.31,0,0,27,10,12,3,-,-,-,-,-,-,-,-,-,-,"September 13, 2007","July 19, 2015","April 15, 2006","July 14, 2015"
35582,Robin Venu Uthappa,"November 11, 1985, Coorg, Karnataka",40y 230d,India,Batter,2006 - 2015,2009/10,IPL 2009/10,RCB,16,14,2,374,68*,31.16,218,171.55,0,3,21,27,7,3,-,-,-,-,-,-,-,-,-,-,"September 13, 2007","July 19, 2015","April 15, 2006","July 14, 2015"
35582,Robin Venu Uthappa,"November 11, 1985, Coorg, Karnataka",40y 230d,India,Batter,2006 - 2015,2009,IPL 2009,RCB,15,13,2,175,66*,15.90,170,102.94,0,1,18,3,7,1,-,-,-,-,-,-,-,-,-,-,"September 13, 2007","July 19, 2015","April 15, 2006","July 14, 2015"
35582,Robin Venu Uthappa,"November 11, 1985, Coorg, Karnataka",40y 230d,India,Batter,2006 - 2015,2007/08,IPL 2007/08,MI,14,14,5,320,48,35.55,279,114.69,0,0,34,9,9,0,-,-,-,-,-,-,-,-,-,-,"September 13, 2007","July 19, 2015","April 15, 2006","July 14, 2015"
424219,Ronit Gajanan More,"February 02, 1992, Belgaum, Karnataka",34y 147d,India,Bowler,-,2015,IPL 2015,CSK,2,1,1,2,2*,-,2,100.00,0,0,0,0,1,0,1,10.11,35,1/31,1/31,59.00,35.0,0,0,0,,,,
1060380,Ruturaj Dashrat Gaikwad,"January 31, 1997, Pune, Maharashtra",29y 149d,India,Batter,2021 - 2025,2026,IPL 2026,CSK,14,14,2,337,74*,28.08,273,123.44,0,2,29,12,5,0,-,-,-,-,-,-,-,-,-,-,"July 28, 2021","July 13, 2024","October 06, 2022","December 06, 2025"
1060380,Ruturaj Dashrat Gaikwad,"January 31, 1997, Pune, Maharashtra",29y 149d,India,Batter,2021 - 2025,2025,IPL 2025,CSK,5,5,0,122,63,24.40,81,150.61,0,2,14,4,3,0,-,-,-,-,-,-,-,-,-,-,"July 28, 2021","July 13, 2024","October 06, 2022","December 06, 2025"
1060380,Ruturaj Dashrat Gaikwad,"January 31, 1997, Pune, Maharashtra",29y 149d,India,Batter,2021 - 2025,2024,IPL 2024,CSK,14,14,3,583,108*,53.00,413,141.16,1,4,58,18,5,0,-,-,-,-,-,-,-,-,-,-,"July 28, 2021","July 13, 2024","October 06, 2022","December 06, 2025"
1060380,Ruturaj Dashrat Gaikwad,"January 31, 1997, Pune, Maharashtra",29y 149d,India,Batter,2021 - 2025,2023,IPL 2023,CSK,16,15,1,590,92,42.14,400,147.50,0,4,46,30,17,0,-,-,-,-,-,-,-,-,-,-,"July 28, 2021","July 13, 2024","October 06, 2022","December 06, 2025"
1060380,Ruturaj Dashrat Gaikwad,"January 31, 1997, Pune, Maharashtra",29y 149d,India,Batter,2021 - 2025,2022,IPL 2022,CSK,14,14,0,368,99,26.28,291,126.46,0,3,33,14,4,0,-,-,-,-,-,-,-,-,-,-,"July 28, 2021","July 13, 2024","October 06, 2022","December 06, 2025"
1060380,Ruturaj Dashrat Gaikwad,"January 31, 1997, Pune, Maharashtra",29y 149d,India,Batter,2021 - 2025,2021,IPL 2021,CSK,16,16,2,635,101*,45.35,466,136.26,1,4,64,23,6,0,-,-,-,-,-,-,-,-,-,-,"July 28, 2021","July 13, 2024","October 06, 2022","December 06, 2025"
1060380,Ruturaj Dashrat Gaikwad,"January 31, 1997, Pune, Maharashtra",29y 149d,India,Batter,2021 - 2025,2020/21,IPL 2020/21,CSK,6,6,2,204,72,51.00,169,120.71,0,3,16,6,4,0,-,-,-,-,-,-,-,-,-,-,"July 28, 2021","July 13, 2024","October 06, 2022","December 06, 2025"
26806,Subramaniam Badrinath,"August 30, 1980, Madras (now Chennai), Tamil Nadu",45y 303d,India,Middle order Batter,2008 - 2011,2013,IPL 2013,CSK,18,8,1,124,34,17.71,121,102.47,0,0,11,0,1,0,-,-,-,-,-,-,-,-,-,-,"India vs South Africa  at Nagpur - February 06 - 09, 2010","India vs South Africa  at Eden Gardens - February 14 - 18, 2010","August 20, 2008","June 13, 2011"
26806,Subramaniam Badrinath,"August 30, 1980, Madras (now Chennai), Tamil Nadu",45y 303d,India,Middle order Batter,2008 - 2011,2012,IPL 2012,CSK,15,9,2,196,57,28.00,181,108.28,0,1,23,2,3,0,-,-,-,-,-,-,-,-,-,-,"India vs South Africa  at Nagpur - February 06 - 09, 2010","India vs South Africa  at Eden Gardens - February 14 - 18, 2010","August 20, 2008","June 13, 2011"
26806,Subramaniam Badrinath,"August 30, 1980, Madras (now Chennai), Tamil Nadu",45y 303d,India,Middle order Batter,2008 - 2011,2011,IPL 2011,CSK,16,13,6,396,71*,56.57,313,126.51,0,5,38,9,1,0,-,-,-,-,-,-,-,-,-,-,"India vs South Africa  at Nagpur - February 06 - 09, 2010","India vs South Africa  at Eden Gardens - February 14 - 18, 2010","August 20, 2008","June 13, 2011"
26806,Subramaniam Badrinath,"August 30, 1980, Madras (now Chennai), Tamil Nadu",45y 303d,India,Middle order Batter,2008 - 2011,2009/10,IPL 2009/10,CSK,16,15,4,356,55*,32.36,303,117.49,0,2,41,5,1,0,-,-,-,-,-,-,-,-,-,-,"India vs South Africa  at Nagpur - February 06 - 09, 2010","India vs South Africa  at Eden Gardens - February 14 - 18, 2010","August 20, 2008","June 13, 2011"
26806,Subramaniam Badrinath,"August 30, 1980, Madras (now Chennai), Tamil Nadu",45y 303d,India,Middle order Batter,2008 - 2011,2009,IPL 2009,CSK,14,11,2,177,59*,19.66,164,107.92,0,1,20,4,5,0,-,-,-,-,-,-,-,-,-,-,"India vs South Africa  at Nagpur - February 06 - 09, 2010","India vs South Africa  at Eden Gardens - February 14 - 18, 2010","August 20, 2008","June 13, 2011"
26806,Subramaniam Badrinath,"August 30, 1980, Madras (now Chennai), Tamil Nadu",45y 303d,India,Middle order Batter,2008 - 2011,2007/08,IPL 2007/08,CSK,16,11,5,192,64,32.00,130,147.69,0,2,21,8,5,0,-,-,-,-,-,-,-,-,-,-,"India vs South Africa  at Nagpur - February 06 - 09, 2010","India vs South Africa  at Eden Gardens - February 14 - 18, 2010","August 20, 2008","June 13, 2011"
297628,Samuel William Billings,"June 15, 1991, Pembury, Kent",35y 14d,England,Wicketkeeper Batter,2015 - 2022,2022,IPL 2022,KKR,8,8,1,169,36,24.14,138,122.46,0,0,9,10,6,1,-,-,-,-,-,-,-,-,-,-,"June 23, 2015","January 30, 2022","June 09, 2015","November 22, 2022"
297628,Samuel William Billings,"June 15, 1991, Pembury, Kent",35y 14d,England,Wicketkeeper Batter,2015 - 2022,2019,IPL 2019,CSK,1,1,0,0,0,0.00,4,0.00,0,0,0,0,1,0,-,-,-,-,-,-,-,-,-,-,"June 23, 2015","January 30, 2022","June 09, 2015","November 22, 2022"
297628,Samuel William Billings,"June 15, 1991, Pembury, Kent",35y 14d,England,Wicketkeeper Batter,2015 - 2022,2018,IPL 2018,CSK,10,8,0,108,56,13.50,78,138.46,0,1,8,5,5,0,-,-,-,-,-,-,-,-,-,-,"June 23, 2015","January 30, 2022","June 09, 2015","November 22, 2022"
297628,Samuel William Billings,"June 15, 1991, Pembury, Kent",35y 14d,England,Wicketkeeper Batter,2015 - 2022,2017,IPL 2017,DC,6,6,0,138,55,23.00,104,132.69,0,1,19,1,4,0,-,-,-,-,-,-,-,-,-,-,"June 23, 2015","January 30, 2022","June 09, 2015","November 22, 2022"
297628,Samuel William Billings,"June 15, 1991, Pembury, Kent",35y 14d,England,Wicketkeeper Batter,2015 - 2022,2016,IPL 2016,DC,5,4,0,88,54,22.00,64,137.50,0,1,4,4,3,0,-,-,-,-,-,-,-,-,-,-,"June 23, 2015","January 30, 2022","June 09, 2015","November 22, 2022"
662973,Samuel Matthew Curran,"June 03, 1998, Northampton",28y 26d,England,Allrounder,2018 - 2026,2025,IPL 2025,CSK,5,5,0,114,88,22.80,84,135.71,0,1,11,4,3,0,1,11.08,72,1/34,1/34,133.00,72.0,0,0,0,"November 01, 2019","March 05, 2026","June 24, 2018","January 27, 2026"
662973,Samuel Matthew Curran,"June 03, 1998, Northampton",28y 26d,England,Allrounder,2018 - 2026,2024,IPL 2024,PBKS,13,12,2,270,63*,27.00,219,123.28,0,2,24,6,7,0,16,10.14,246,3/28,3/28,26.00,15.3,0,0,0,"November 01, 2019","March 05, 2026","June 24, 2018","January 27, 2026"
662973,Samuel Matthew Curran,"June 03, 1998, Northampton",28y 26d,England,Allrounder,2018 - 2026,2023,IPL 2023,PBKS,14,13,3,276,55,27.60,203,135.96,0,1,20,13,5,0,10,10.22,287,3/31,3/31,48.90,28.7,0,0,0,"November 01, 2019","March 05, 2026","June 24, 2018","January 27, 2026"
662973,Samuel Matthew Curran,"June 03, 1998, Northampton",28y 26d,England,Allrounder,2018 - 2026,2021,IPL 2021,CSK,9,4,1,56,34,18.66,29,193.10,0,0,5,3,1,0,9,9.93,198,3/34,3/34,36.44,22.0,0,0,0,"November 01, 2019","March 05, 2026","June 24, 2018","January 27, 2026"
662973,Samuel Matthew Curran,"June 03, 1998, Northampton",28y 26d,England,Allrounder,2018 - 2026,2020/21,IPL 2020/21,CSK,14,11,3,186,52,23.25,141,131.91,0,1,12,12,7,0,13,8.19,252,3/19,3/19,26.46,19.3,0,0,0,"November 01, 2019","March 05, 2026","June 24, 2018","January 27, 2026"
662973,Samuel Matthew Curran,"June 03, 1998, Northampton",28y 26d,England,Allrounder,2018 - 2026,2019,IPL 2019,PBKS,9,8,4,95,55*,23.75,55,172.72,0,1,13,3,2,0,10,9.78,198,4/11,4/11,32.30,19.8,1,0,0,"November 01, 2019","March 05, 2026","June 24, 2018","January 27, 2026"
1175489,Sameer Rizvi,"December 06, 2003, Meerut, Uttar Pradesh",22y 205d,India,Allrounder,-,2026,IPL 2026,DC,11,9,2,252,90,36.00,171,147.36,0,2,15,17,3,0,-,-,-,-,-,-,-,-,-,-,,,,
1175489,Sameer Rizvi,"December 06, 2003, Meerut, Uttar Pradesh",22y 205d,India,Allrounder,-,2025,IPL 2025,DC,5,4,1,121,58*,40.33,79,153.16,0,1,11,7,2,0,-,-,-,-,-,-,-,-,-,-,,,,
1175489,Sameer Rizvi,"December 06, 2003, Meerut, Uttar Pradesh",22y 205d,India,Allrounder,-,2024,IPL 2024,CSK,8,5,1,51,21,12.75,43,118.60,0,0,4,2,1,0,-,-,-,-,-,-,-,-,-,-,,,,
51433,Samuel Badree,"March 09, 1981, Barrackpore, Trinidad",45y 112d,West Indies,Bowler,2012 - 2018,2017,IPL 2017,RCB,7,5,0,13,8,2.60,23,56.52,0,0,0,0,2,0,9,7.52,150,4/9,4/9,20.88,16.6,1,0,0,"June 30, 2012","August 05, 2018",,
51433,Samuel Badree,"March 09, 1981, Barrackpore, Trinidad",45y 112d,West Indies,Bowler,2012 - 2018,2014,IPL 2014,CSK,4,-,-,-,-,-,-,-,-,-,-,-,0,0,2,6.92,84,1/19,1/19,48.50,42.0,0,0,0,"June 30, 2012","August 05, 2018",,
51433,Samuel Badree,"March 09, 1981, Barrackpore, Trinidad",45y 112d,West Indies,Bowler,2012 - 2018,2013,IPL 2013,RR,1,-,-,-,-,-,-,-,-,-,-,-,0,0,0,8.50,24,-,-,-,-,0,0,0,"June 30, 2012","August 05, 2018",,
425943,Sanju Viswanath Samson,"November 11, 1994, Pulluvila, Vizhinjam, Trivandrum",31y 230d,India,Wicketkeeper Batter,2014 - 2026,2026,IPL 2026,CSK,14,14,3,477,115*,43.36,288,165.62,2,1,53,24,4,2,-,-,-,-,-,-,-,-,-,-,"July 19, 2015","June 28, 2026","July 23, 2021","December 21, 2023"
425943,Sanju Viswanath Samson,"November 11, 1994, Pulluvila, Vizhinjam, Trivandrum",31y 230d,India,Wicketkeeper Batter,2014 - 2026,2025,IPL 2025,RR,9,9,1,285,66,35.62,203,140.39,0,1,27,13,4,1,-,-,-,-,-,-,-,-,-,-,"July 19, 2015","June 28, 2026","July 23, 2021","December 21, 2023"
425943,Sanju Viswanath Samson,"November 11, 1994, Pulluvila, Vizhinjam, Trivandrum",31y 230d,India,Wicketkeeper Batter,2014 - 2026,2024,IPL 2024,RR,16,15,4,531,86,48.27,346,153.46,0,5,48,24,6,1,-,-,-,-,-,-,-,-,-,-,"July 19, 2015","June 28, 2026","July 23, 2021","December 21, 2023"
425943,Sanju Viswanath Samson,"November 11, 1994, Pulluvila, Vizhinjam, Trivandrum",31y 230d,India,Wicketkeeper Batter,2014 - 2026,2023,IPL 2023,RR,14,14,2,362,66*,30.16,236,153.38,0,3,25,24,3,3,-,-,-,-,-,-,-,-,-,-,"July 19, 2015","June 28, 2026","July 23, 2021","December 21, 2023"
425943,Sanju Viswanath Samson,"November 11, 1994, Pulluvila, Vizhinjam, Trivandrum",31y 230d,India,Wicketkeeper Batter,2014 - 2026,2022,IPL 2022,RR,17,17,1,458,55,28.62,312,146.79,0,2,43,26,14,2,-,-,-,-,-,-,-,-,-,-,"July 19, 2015","June 28, 2026","July 23, 2021","December 21, 2023"
425943,Sanju Viswanath Samson,"November 11, 1994, Pulluvila, Vizhinjam, Trivandrum",31y 230d,India,Wicketkeeper Batter,2014 - 2026,2021,IPL 2021,RR,14,14,2,484,119,40.33,354,136.72,1,2,45,17,7,4,-,-,-,-,-,-,-,-,-,-,"July 19, 2015","June 28, 2026","July 23, 2021","December 21, 2023"
425943,Sanju Viswanath Samson,"November 11, 1994, Pulluvila, Vizhinjam, Trivandrum",31y 230d,India,Wicketkeeper Batter,2014 - 2026,2020/21,IPL 2020/21,RR,14,14,1,375,85,28.84,236,158.89,0,3,21,26,9,2,-,-,-,-,-,-,-,-,-,-,"July 19, 2015","June 28, 2026","July 23, 2021","December 21, 2023"
425943,Sanju Viswanath Samson,"November 11, 1994, Pulluvila, Vizhinjam, Trivandrum",31y 230d,India,Wicketkeeper Batter,2014 - 2026,2019,IPL 2019,RR,12,12,2,342,102*,34.20,230,148.69,1,0,28,13,4,1,-,-,-,-,-,-,-,-,-,-,"July 19, 2015","June 28, 2026","July 23, 2021","December 21, 2023"
425943,Sanju Viswanath Samson,"November 11, 1994, Pulluvila, Vizhinjam, Trivandrum",31y 230d,India,Wicketkeeper Batter,2014 - 2026,2018,IPL 2018,RR,15,15,1,441,92*,31.50,320,137.81,0,3,30,19,5,0,-,-,-,-,-,-,-,-,-,-,"July 19, 2015","June 28, 2026","July 23, 2021","December 21, 2023"
425943,Sanju Viswanath Samson,"November 11, 1994, Pulluvila, Vizhinjam, Trivandrum",31y 230d,India,Wicketkeeper Batter,2014 - 2026,2017,IPL 2017,DC,14,14,0,386,102,27.57,273,141.39,1,2,32,19,4,0,-,-,-,-,-,-,-,-,-,-,"July 19, 2015","June 28, 2026","July 23, 2021","December 21, 2023"
425943,Sanju Viswanath Samson,"November 11, 1994, Pulluvila, Vizhinjam, Trivandrum",31y 230d,India,Wicketkeeper Batter,2014 - 2026,2016,IPL 2016,DC,14,14,3,291,60,26.45,259,112.35,0,1,20,8,3,1,-,-,-,-,-,-,-,-,-,-,"July 19, 2015","June 28, 2026","July 23, 2021","December 21, 2023"
425943,Sanju Viswanath Samson,"November 11, 1994, Pulluvila, Vizhinjam, Trivandrum",31y 230d,India,Wicketkeeper Batter,2014 - 2026,2015,IPL 2015,RR,14,11,1,204,76,20.40,163,125.15,0,1,16,8,9,0,-,-,-,-,-,-,-,-,-,-,"July 19, 2015","June 28, 2026","July 23, 2021","December 21, 2023"
425943,Sanju Viswanath Samson,"November 11, 1994, Pulluvila, Vizhinjam, Trivandrum",31y 230d,India,Wicketkeeper Batter,2014 - 2026,2014,IPL 2014,RR,13,13,0,339,74,26.07,273,124.17,0,2,25,17,5,2,-,-,-,-,-,-,-,-,-,-,"July 19, 2015","June 28, 2026","July 23, 2021","December 21, 2023"
425943,Sanju Viswanath Samson,"November 11, 1994, Pulluvila, Vizhinjam, Trivandrum",31y 230d,India,Wicketkeeper Batter,2014 - 2026,2013,IPL 2013,RR,11,10,2,206,63,25.75,178,115.73,0,1,19,5,13,0,-,-,-,-,-,-,-,-,-,-,"July 19, 2015","June 28, 2026","July 23, 2021","December 21, 2023"
642525,Sarfaraz Naushad Khan,"October 22, 1997, Mumbai",28y 250d,India,Middle order Batter,2024 - 2024,2026,IPL 2026,CSK,8,7,0,161,50,23.00,95,169.47,0,1,23,6,4,0,-,-,-,-,-,-,-,-,-,-,,,,
642525,Sarfaraz Naushad Khan,"October 22, 1997, Mumbai",28y 250d,India,Middle order Batter,2024 - 2024,2023,IPL 2023,DC,4,4,0,53,30,13.25,62,85.48,0,0,4,1,2,0,-,-,-,-,-,-,-,-,-,-,,,,
642525,Sarfaraz Naushad Khan,"October 22, 1997, Mumbai",28y 250d,India,Middle order Batter,2024 - 2024,2022,IPL 2022,DC,6,5,2,91,36*,30.33,67,135.82,0,0,9,2,2,0,-,-,-,-,-,-,-,-,-,-,,,,
642525,Sarfaraz Naushad Khan,"October 22, 1997, Mumbai",28y 250d,India,Middle order Batter,2024 - 2024,2021,IPL 2021,PBKS,2,2,0,0,0,0.00,4,0.00,0,0,0,0,2,0,-,-,-,-,-,-,-,-,-,-,,,,
642525,Sarfaraz Naushad Khan,"October 22, 1997, Mumbai",28y 250d,India,Middle order Batter,2024 - 2024,2020/21,IPL 2020/21,PBKS,5,3,1,33,14*,16.50,29,113.79,0,0,5,0,2,0,-,-,-,-,-,-,-,-,-,-,,,,
642525,Sarfaraz Naushad Khan,"October 22, 1997, Mumbai",28y 250d,India,Middle order Batter,2024 - 2024,2019,IPL 2019,PBKS,8,5,1,180,67,45.00,143,125.87,0,1,19,4,0,0,0,18.00,2,-,-,-,-,0,0,0,,,,
642525,Sarfaraz Naushad Khan,"October 22, 1997, Mumbai",28y 250d,India,Middle order Batter,2024 - 2024,2018,IPL 2018,RCB,7,6,1,51,22*,10.20,41,124.39,0,0,7,1,2,0,-,-,-,-,-,-,-,-,-,-,,,,
642525,Sarfaraz Naushad Khan,"October 22, 1997, Mumbai",28y 250d,India,Middle order Batter,2024 - 2024,2016,IPL 2016,RCB,5,4,2,66,35*,33.00,31,212.90,0,0,7,4,0,0,-,-,-,-,-,-,-,-,-,-,,,,
642525,Sarfaraz Naushad Khan,"October 22, 1997, Mumbai",28y 250d,India,Middle order Batter,2024 - 2024,2015,IPL 2015,RCB,13,8,4,111,45*,27.75,71,156.33,0,0,12,2,0,0,-,-,-,-,-,-,-,-,-,-,,,,
539548,Scott Christopher Kuggeleijn,"January 03, 1992, Hamilton",34y 177d,New Zealand,Bowling Allrounder,2017 - 2024,2019,IPL 2019,CSK,2,-,-,-,-,-,-,-,-,-,-,-,0,0,2,8.87,48,2/37,2/37,35.50,24.0,0,0,0,"January 11, 2019","September 10, 2021","May 14, 2017","May 21, 2017"
38407,Scott Bernard Styris,"July 10, 1975, Brisbane, Queensland, Australia",50y 354d,New Zealand,Allrounder,1999 - 2011,2011,IPL 2011,CSK,2,1,1,5,5*,-,2,250.00,0,0,1,0,1,0,0,13.00,6,-,-,-,-,0,0,0,"February 17, 2005","December 30, 2010","November 05, 1999","March 29, 2011"
38407,Scott Bernard Styris,"July 10, 1975, Brisbane, Queensland, Australia",50y 354d,New Zealand,Allrounder,1999 - 2011,2009,IPL 2009,DCH,2,1,0,14,14,14.00,8,175.00,0,0,0,1,0,0,5,8.00,48,3/32,3/32,12.80,9.6,0,0,0,"February 17, 2005","December 30, 2010","November 05, 1999","March 29, 2011"
38407,Scott Bernard Styris,"July 10, 1975, Brisbane, Queensland, Australia",50y 354d,New Zealand,Allrounder,1999 - 2011,2007/08,IPL 2007/08,DCH,8,8,2,112,36*,18.66,123,91.05,0,0,9,2,1,0,3,7.37,162,1/24,1/24,66.33,54.0,0,0,0,"February 17, 2005","December 30, 2010","November 05, 1999","March 29, 2011"
29655,Shadab Bashir Jakati,"November 27, 1980, Vasco da Gama, Goa",45y 214d,India,Bowler,-,2017,IPL 2017,GL,2,-,-,-,-,-,-,-,-,-,-,-,0,0,0,10.40,30,-,-,-,-,0,0,0,,,,
29655,Shadab Bashir Jakati,"November 27, 1980, Vasco da Gama, Goa",45y 214d,India,Bowler,-,2016,IPL 2016,GL,6,1,1,1,1*,-,2,50.00,0,0,0,0,4,0,2,8.90,120,1/13,1/13,89.00,60.0,0,0,0,,,,
29655,Shadab Bashir Jakati,"November 27, 1980, Vasco da Gama, Goa",45y 214d,India,Bowler,-,2014,IPL 2014,RCB,1,-,-,-,-,-,-,-,-,-,-,-,0,0,0,11.18,22,-,-,-,-,0,0,0,,,,
29655,Shadab Bashir Jakati,"November 27, 1980, Vasco da Gama, Goa",45y 214d,India,Bowler,-,2012,IPL 2012,CSK,15,2,2,7,6*,-,12,58.33,0,0,0,0,4,0,9,8.19,246,2/14,2/14,37.33,27.3,0,0,0,,,,
29655,Shadab Bashir Jakati,"November 27, 1980, Vasco da Gama, Goa",45y 214d,India,Bowler,-,2011,IPL 2011,CSK,15,1,1,0,0*,-,0,-,0,0,0,0,9,0,10,7.60,265,2/21,2/21,33.60,26.5,0,0,0,,,,
29655,Shadab Bashir Jakati,"November 27, 1980, Vasco da Gama, Goa",45y 214d,India,Bowler,-,2009/10,IPL 2009/10,CSK,11,2,2,0,0*,-,0,-,0,0,0,0,1,0,13,7.65,228,2/17,2/17,22.38,17.5,0,0,0,,,,
29655,Shadab Bashir Jakati,"November 27, 1980, Vasco da Gama, Goa",45y 214d,India,Bowler,-,2009,IPL 2009,CSK,9,2,1,20,13,20.00,15,133.33,0,0,3,0,3,0,13,7.48,174,4/22,4/22,16.69,13.3,2,0,0,,,,
1292497,Shaik Rasheed,"September 24, 2004, Guntur, Andhra Pradesh",21y 278d,India,Batter,-,2025,IPL 2025,CSK,5,5,0,71,27,14.20,63,112.69,0,0,9,2,1,0,-,-,-,-,-,-,-,-,-,-,,,,
8180,Shane Robert Watson,"June 17, 1981, Ipswich, Queensland",45y 12d,Australia,Allrounder,2002 - 2016,2020/21,IPL 2020/21,CSK,11,11,1,299,83*,29.90,247,121.05,0,2,33,13,2,0,-,-,-,-,-,-,-,-,-,-,"February 24, 2006","March 27, 2016","March 24, 2002","September 05, 2015"
8180,Shane Robert Watson,"June 17, 1981, Ipswich, Queensland",45y 12d,Australia,Allrounder,2002 - 2016,2019,IPL 2019,CSK,17,17,0,398,96,23.41,312,127.56,0,3,42,20,6,0,-,-,-,-,-,-,-,-,-,-,"February 24, 2006","March 27, 2016","March 24, 2002","September 05, 2015"
8180,Shane Robert Watson,"June 17, 1981, Ipswich, Queensland",45y 12d,Australia,Allrounder,2002 - 2016,2018,IPL 2018,CSK,15,15,1,555,117*,39.64,359,154.59,2,2,44,35,3,0,6,8.96,168,2/29,2/29,41.83,28.0,0,0,0,"February 24, 2006","March 27, 2016","March 24, 2002","September 05, 2015"
8180,Shane Robert Watson,"June 17, 1981, Ipswich, Queensland",45y 12d,Australia,Allrounder,2002 - 2016,2017,IPL 2017,RCB,8,7,1,71,24,11.83,78,91.02,0,0,6,1,2,0,5,9.13,161,1/16,1/16,49.00,32.2,0,0,0,"February 24, 2006","March 27, 2016","March 24, 2002","September 05, 2015"
8180,Shane Robert Watson,"June 17, 1981, Ipswich, Queensland",45y 12d,Australia,Allrounder,2002 - 2016,2016,IPL 2016,RCB,16,15,2,179,36,13.76,134,133.58,0,0,14,12,6,0,20,8.58,339,4/29,4/29,24.25,16.9,1,0,0,"February 24, 2006","March 27, 2016","March 24, 2002","September 05, 2015"
8180,Shane Robert Watson,"June 17, 1981, Ipswich, Queensland",45y 12d,Australia,Allrounder,2002 - 2016,2015,IPL 2015,RR,10,9,1,347,104*,43.37,257,135.01,1,1,37,14,1,0,6,9.27,174,2/36,2/36,44.83,29.0,0,0,0,"February 24, 2006","March 27, 2016","March 24, 2002","September 05, 2015"
8180,Shane Robert Watson,"June 17, 1981, Ipswich, Queensland",45y 12d,Australia,Allrounder,2002 - 2016,2014,IPL 2014,RR,13,13,1,240,51,20.00,196,122.44,0,2,19,14,3,0,7,7.85,126,3/13,3/13,23.57,18.0,0,0,0,"February 24, 2006","March 27, 2016","March 24, 2002","September 05, 2015"
8180,Shane Robert Watson,"June 17, 1981, Ipswich, Queensland",45y 12d,Australia,Allrounder,2002 - 2016,2013,IPL 2013,RR,16,16,2,543,101,38.78,380,142.89,1,2,59,22,6,0,13,7.15,250,3/22,3/22,22.92,19.2,0,0,0,"February 24, 2006","March 27, 2016","March 24, 2002","September 05, 2015"
8180,Shane Robert Watson,"June 17, 1981, Ipswich, Queensland",45y 12d,Australia,Allrounder,2002 - 2016,2012,IPL 2012,RR,7,7,1,255,90*,42.50,168,151.78,0,2,26,14,2,0,6,7.00,138,2/19,2/19,26.83,23.0,0,0,0,"February 24, 2006","March 27, 2016","March 24, 2002","September 05, 2015"
8180,Shane Robert Watson,"June 17, 1981, Ipswich, Queensland",45y 12d,Australia,Allrounder,2002 - 2016,2011,IPL 2011,RR,11,11,1,330,89*,33.00,253,130.43,0,1,31,17,4,0,6,6.69,216,3/19,3/19,40.16,36.0,0,0,0,"February 24, 2006","March 27, 2016","March 24, 2002","September 05, 2015"
8180,Shane Robert Watson,"June 17, 1981, Ipswich, Queensland",45y 12d,Australia,Allrounder,2002 - 2016,2009/10,IPL 2009/10,RR,6,5,0,185,60,37.00,114,162.28,0,2,18,9,3,0,6,8.36,132,3/37,3/37,30.66,22.0,0,0,0,"February 24, 2006","March 27, 2016","March 24, 2002","September 05, 2015"
8180,Shane Robert Watson,"June 17, 1981, Ipswich, Queensland",45y 12d,Australia,Allrounder,2002 - 2016,2007/08,IPL 2007/08,RR,15,15,5,472,76*,47.20,311,151.76,0,4,46,19,2,0,17,7.07,325,3/10,3/10,22.52,19.1,0,0,0,"February 24, 2006","March 27, 2016","March 24, 2002","September 05, 2015"
475281,Shardul Narendra Thakur,"October 16, 1991, Palghar, Maharashtra",34y 256d,India,Bowling Allrounder,2017 - 2025,2026,IPL 2026,MI,9,3,1,24,10*,12.00,30,80.00,0,0,2,0,0,0,12,12.27,132,4/39,4/39,22.50,11.0,1,0,0,"February 21, 2018","February 20, 2022","August 31, 2017","October 19, 2023"
475281,Shardul Narendra Thakur,"October 16, 1991, Palghar, Maharashtra",34y 256d,India,Bowling Allrounder,2017 - 2025,2025,IPL 2025,LSG,10,5,2,18,6,6.00,12,150.00,0,0,3,0,4,0,13,11.02,204,4/34,4/34,28.84,15.6,1,0,0,"February 21, 2018","February 20, 2022","August 31, 2017","October 19, 2023"
475281,Shardul Narendra Thakur,"October 16, 1991, Palghar, Maharashtra",34y 256d,India,Bowling Allrounder,2017 - 2025,2024,IPL 2024,CSK,9,3,2,21,17,21.00,17,123.52,0,0,2,1,4,0,5,9.75,190,2/61,2/61,61.80,38.0,0,0,0,"February 21, 2018","February 20, 2022","August 31, 2017","October 19, 2023"
475281,Shardul Narendra Thakur,"October 16, 1991, Palghar, Maharashtra",34y 256d,India,Bowling Allrounder,2017 - 2025,2023,IPL 2023,KKR,11,10,2,113,68,14.12,70,161.42,0,1,13,4,4,0,7,10.47,126,2/23,2/23,31.42,18.0,0,0,0,"February 21, 2018","February 20, 2022","August 31, 2017","October 19, 2023"
475281,Shardul Narendra Thakur,"October 16, 1991, Palghar, Maharashtra",34y 256d,India,Bowling Allrounder,2017 - 2025,2022,IPL 2022,DC,14,10,2,120,29*,15.00,87,137.93,0,0,7,7,7,0,15,9.78,290,4/36,4/36,31.53,19.3,1,0,0,"February 21, 2018","February 20, 2022","August 31, 2017","October 19, 2023"
475281,Shardul Narendra Thakur,"October 16, 1991, Palghar, Maharashtra",34y 256d,India,Bowling Allrounder,2017 - 2025,2021,IPL 2021,CSK,16,4,2,5,3*,2.50,5,100.00,0,0,0,0,2,0,21,8.80,359,3/28,3/28,25.09,17.0,0,0,0,"February 21, 2018","February 20, 2022","August 31, 2017","October 19, 2023"
475281,Shardul Narendra Thakur,"October 16, 1991, Palghar, Maharashtra",34y 256d,India,Bowling Allrounder,2017 - 2025,2020/21,IPL 2020/21,CSK,9,2,1,12,11,12.00,21,57.14,0,0,0,0,2,0,10,8.50,194,2/28,2/28,27.50,19.4,0,0,0,"February 21, 2018","February 20, 2022","August 31, 2017","October 19, 2023"
475281,Shardul Narendra Thakur,"October 16, 1991, Palghar, Maharashtra",34y 256d,India,Bowling Allrounder,2017 - 2025,2019,IPL 2019,CSK,10,3,1,14,12*,7.00,7,200.00,0,0,1,1,5,0,8,9.36,180,2/18,2/18,35.12,22.5,0,0,0,"February 21, 2018","February 20, 2022","August 31, 2017","October 19, 2023"
475281,Shardul Narendra Thakur,"October 16, 1991, Palghar, Maharashtra",34y 256d,India,Bowling Allrounder,2017 - 2025,2018,IPL 2018,CSK,13,1,1,15,15*,-,5,300.00,0,0,3,0,4,0,16,9.23,280,2/18,2/18,26.93,17.5,0,0,0,"February 21, 2018","February 20, 2022","August 31, 2017","October 19, 2023"
475281,Shardul Narendra Thakur,"October 16, 1991, Palghar, Maharashtra",34y 256d,India,Bowling Allrounder,2017 - 2025,2017,IPL 2017,RPS,12,3,0,0,0,0.00,3,0.00,0,0,0,0,4,0,11,8.25,229,3/19,3/19,28.63,20.8,0,0,0,"February 21, 2018","February 20, 2022","August 31, 2017","October 19, 2023"
475281,Shardul Narendra Thakur,"October 16, 1991, Palghar, Maharashtra",34y 256d,India,Bowling Allrounder,2017 - 2025,2015,IPL 2015,PBKS,1,1,1,7,7*,-,6,116.66,0,0,1,0,0,0,1,12.66,18,1/38,1/38,38.00,18.0,0,0,0,"February 21, 2018","February 20, 2022","August 31, 2017","October 19, 2023"
714451,Shivam Dube,"June 26, 1993, Mumbai",33y 3d,India,Allrounder,2019 - 2026,2026,IPL 2026,CSK,13,12,5,270,47,38.57,170,158.82,0,0,24,15,4,0,1,12.80,30,1/30,1/30,64.00,30.0,0,0,0,"November 03, 2019","June 28, 2026","December 15, 2019","August 07, 2024"
714451,Shivam Dube,"June 26, 1993, Mumbai",33y 3d,India,Allrounder,2019 - 2026,2025,IPL 2025,CSK,14,14,3,357,50,32.45,270,132.22,0,1,22,21,4,0,0,16.50,12,-,-,-,-,0,0,0,"November 03, 2019","June 28, 2026","December 15, 2019","August 07, 2024"
714451,Shivam Dube,"June 26, 1993, Mumbai",33y 3d,India,Allrounder,2019 - 2026,2024,IPL 2024,CSK,14,14,3,396,66*,36.00,244,162.29,0,3,28,28,2,0,1,14.00,6,1/14,1/14,14.00,6.0,0,0,0,"November 03, 2019","June 28, 2026","December 15, 2019","August 07, 2024"
714451,Shivam Dube,"June 26, 1993, Mumbai",33y 3d,India,Allrounder,2019 - 2026,2023,IPL 2023,CSK,16,14,3,418,52,38.00,264,158.33,0,3,12,35,6,0,-,-,-,-,-,-,-,-,-,-,"November 03, 2019","June 28, 2026","December 15, 2019","August 07, 2024"
714451,Shivam Dube,"June 26, 1993, Mumbai",33y 3d,India,Allrounder,2019 - 2026,2022,IPL 2022,CSK,11,11,1,289,95*,28.90,185,156.21,0,2,22,16,6,0,0,18.00,12,-,-,-,-,0,0,0,"November 03, 2019","June 28, 2026","December 15, 2019","August 07, 2024"
714451,Shivam Dube,"June 26, 1993, Mumbai",33y 3d,India,Allrounder,2019 - 2026,2021,IPL 2021,RR,9,9,1,230,64*,28.75,193,119.17,0,1,18,10,2,0,0,9.80,30,-,-,-,-,0,0,0,"November 03, 2019","June 28, 2026","December 15, 2019","August 07, 2024"
714451,Shivam Dube,"June 26, 1993, Mumbai",33y 3d,India,Allrounder,2019 - 2026,2020/21,IPL 2020/21,RCB,11,9,2,129,27*,18.42,105,122.85,0,0,5,9,2,0,4,8.11,54,2/15,2/15,18.25,13.5,0,0,0,"November 03, 2019","June 28, 2026","December 15, 2019","August 07, 2024"
714451,Shivam Dube,"June 26, 1993, Mumbai",33y 3d,India,Allrounder,2019 - 2026,2019,IPL 2019,RCB,4,4,1,40,24,13.33,33,121.21,0,0,1,3,1,0,0,4.80,10,-,-,-,-,0,0,0,"November 03, 2019","June 28, 2026","December 15, 2019","August 07, 2024"
1159722,Simarjeet Singh,"January 17, 1998, Delhi",28y 163d,India,Bowler,-,2025,IPL 2025,SRH,4,3,1,3,3*,1.50,7,42.85,0,0,0,0,0,0,2,14.10,60,2/46,2/46,70.50,30.0,0,0,0,,,,
1159722,Simarjeet Singh,"January 17, 1998, Delhi",28y 163d,India,Bowler,-,2024,IPL 2024,CSK,4,-,-,-,-,-,-,-,-,-,-,-,2,0,5,10.08,72,3/26,3/26,24.20,14.4,0,0,0,,,,
1159722,Simarjeet Singh,"January 17, 1998, Delhi",28y 163d,India,Bowler,-,2022,IPL 2022,CSK,6,3,2,7,3*,7.00,8,87.50,0,0,0,0,1,0,4,7.66,108,2/27,2/27,34.50,27.0,0,0,0,,,,
379776,Sisanda Somila Bruce Magala,"January 07, 1991, Port Elizabeth, Cape Province",35y 173d,South Africa,Bowler,2021 - 2023,2023,IPL 2023,CSK,2,-,-,-,-,-,-,-,-,-,-,-,1,0,1,8.50,36,1/37,1/37,51.00,36.0,0,0,0,"April 10, 2021","March 26, 2023","November 26, 2021","September 12, 2023"
1123718,Spencer Henry Johnson,"December 16, 1995, Adelaide, South Australia",30y 195d,Australia,Bowler,2023 - 2026,2026,IPL 2026,CSK,3,1,0,0,0,0.00,1,0.00,0,0,0,0,1,0,2,10.18,66,1/39,1/39,56.00,33.0,0,0,0,"August 30, 2023","June 21, 2026","September 24, 2023","February 28, 2025"
1123718,Spencer Henry Johnson,"December 16, 1995, Adelaide, South Australia",30y 195d,Australia,Bowler,2023 - 2026,2025,IPL 2025,KKR,4,2,2,2,1*,-,4,50.00,0,0,0,0,1,0,1,11.73,68,1/42,1/42,133.00,68.0,0,0,0,"August 30, 2023","June 21, 2026","September 24, 2023","February 28, 2025"
1123718,Spencer Henry Johnson,"December 16, 1995, Adelaide, South Australia",30y 195d,Australia,Bowler,2023 - 2026,2024,IPL 2024,GT,5,3,3,6,5*,-,7,85.71,0,0,1,0,2,0,4,9.43,96,2/25,2/25,37.75,24.0,0,0,0,"August 30, 2023","June 21, 2026","September 24, 2023","February 28, 2025"
26798,Srikkanth Anirudha,"April 14, 1987, Madras (now Chennai), Tamil Nadu",39y 76d,India,Top order Batter,-,2014,IPL 2014,SRH,1,1,0,3,3,3.00,5,60.00,0,0,0,0,0,0,-,-,-,-,-,-,-,-,-,-,,,,
26798,Srikkanth Anirudha,"April 14, 1987, Madras (now Chennai), Tamil Nadu",39y 76d,India,Top order Batter,-,2013,IPL 2013,CSK,1,1,0,0,0,0.00,2,0.00,0,0,0,0,0,0,-,-,-,-,-,-,-,-,-,-,,,,
26798,Srikkanth Anirudha,"April 14, 1987, Madras (now Chennai), Tamil Nadu",39y 76d,India,Top order Batter,-,2012,IPL 2012,CSK,4,2,2,19,18*,-,7,271.42,0,0,1,2,0,0,-,-,-,-,-,-,-,-,-,-,,,,
26798,Srikkanth Anirudha,"April 14, 1987, Madras (now Chennai), Tamil Nadu",39y 76d,India,Top order Batter,-,2011,IPL 2011,CSK,9,5,1,83,64,20.75,74,112.16,0,1,6,3,8,0,-,-,-,-,-,-,-,-,-,-,,,,
26798,Srikkanth Anirudha,"April 14, 1987, Madras (now Chennai), Tamil Nadu",39y 76d,India,Top order Batter,-,2009/10,IPL 2009/10,CSK,4,3,2,30,24,30.00,18,166.66,0,0,2,2,3,0,-,-,-,-,-,-,-,-,-,-,,,,
26798,Srikkanth Anirudha,"April 14, 1987, Madras (now Chennai), Tamil Nadu",39y 76d,India,Top order Batter,-,2007/08,IPL 2007/08,CSK,1,1,0,1,1,1.00,7,14.28,0,0,0,0,0,0,-,-,-,-,-,-,-,-,-,-,,,,
37000,Stephen Paul Fleming,"April 01, 1973, Christchurch, Canterbury",53y 89d,New Zealand,Top order Batter,1994 - 2008,2007/08,IPL 2007/08,CSK,10,10,1,196,45,21.77,165,118.78,0,0,27,3,2,0,-,-,-,-,-,-,-,-,-,-,"February 17, 2005","December 26, 2006","March 25, 1994","April 24, 2007"
317784,Sudeep Tyagi,"September 17, 1987, Ghaziabad, Uttar Pradesh",38y 285d,India,Bowler,2009 - 2010,2009/10,IPL 2009/10,CSK,6,1,1,3,3*,-,4,75.00,0,0,0,0,2,0,1,10.04,95,1/20,1/20,159.00,95.0,0,0,0,"December 27, 2009","February 27, 2010","December 27, 2009","February 27, 2010"
317784,Sudeep Tyagi,"September 17, 1987, Ghaziabad, Uttar Pradesh",38y 285d,India,Bowler,2009 - 2010,2009,IPL 2009,CSK,8,2,1,0,0*,0.00,0,-,0,0,0,0,1,0,5,7.15,114,2/18,2/18,27.20,22.8,0,0,0,"December 27, 2009","February 27, 2010","December 27, 2009","February 27, 2010"
50438,Hewa Kaluhalamullage Suraj Randiv Kaluhalamulla,"January 30, 1985, Matara",41y 150d,Sri Lanka,Bowler,2009 - 2016,2011,IPL 2011,CSK,8,1,0,2,2,2.00,4,50.00,0,0,0,0,2,0,6,7.68,174,2/24,2/24,37.16,29.0,0,0,0,"May 03, 2010","June 25, 2011","December 18, 2009","June 24, 2016"
33335,Suresh Kumar Raina,"November 27, 1986, Muradnagar, Ghaziabad, Uttar Pradesh",39y 214d,India,Middle order Batter,2005 - 2018,2021,IPL 2021,CSK,12,11,2,160,54,17.77,128,125.00,0,1,13,9,7,0,-,-,-,-,-,-,-,-,-,-,"December 01, 2006","July 08, 2018","July 30, 2005","July 17, 2018"
33335,Suresh Kumar Raina,"November 27, 1986, Muradnagar, Ghaziabad, Uttar Pradesh",39y 214d,India,Middle order Batter,2005 - 2018,2019,IPL 2019,CSK,17,17,1,383,59,23.93,314,121.97,0,3,45,9,7,0,0,6.00,6,-,-,-,-,0,0,0,"December 01, 2006","July 08, 2018","July 30, 2005","July 17, 2018"
33335,Suresh Kumar Raina,"November 27, 1986, Muradnagar, Ghaziabad, Uttar Pradesh",39y 214d,India,Middle order Batter,2005 - 2018,2018,IPL 2018,CSK,15,15,3,445,75*,37.08,336,132.44,0,4,46,12,9,0,-,-,-,-,-,-,-,-,-,-,"December 01, 2006","July 08, 2018","July 30, 2005","July 17, 2018"
33335,Suresh Kumar Raina,"November 27, 1986, Muradnagar, Ghaziabad, Uttar Pradesh",39y 214d,India,Middle order Batter,2005 - 2018,2017,IPL 2017,GL,14,14,3,442,84,40.18,307,143.97,0,3,42,13,4,0,1,8.50,72,1/11,1/11,102.00,72.0,0,0,0,"December 01, 2006","July 08, 2018","July 30, 2005","July 17, 2018"
33335,Suresh Kumar Raina,"November 27, 1986, Muradnagar, Ghaziabad, Uttar Pradesh",39y 214d,India,Middle order Batter,2005 - 2018,2016,IPL 2016,GL,15,15,1,399,75,28.50,312,127.88,0,3,39,10,7,0,0,8.20,60,-,-,-,-,0,0,0,"December 01, 2006","July 08, 2018","July 30, 2005","July 17, 2018"
33335,Suresh Kumar Raina,"November 27, 1986, Muradnagar, Ghaziabad, Uttar Pradesh",39y 214d,India,Middle order Batter,2005 - 2018,2015,IPL 2015,CSK,17,17,2,374,62,24.93,305,122.62,0,2,31,16,11,0,2,7.75,72,1/29,1/29,46.50,36.0,0,0,0,"December 01, 2006","July 08, 2018","July 30, 2005","July 17, 2018"
33335,Suresh Kumar Raina,"November 27, 1986, Muradnagar, Ghaziabad, Uttar Pradesh",39y 214d,India,Middle order Batter,2005 - 2018,2014,IPL 2014,CSK,16,16,3,523,87,40.23,359,145.68,0,5,51,19,12,0,1,7.44,108,1/17,1/17,134.00,108.0,0,0,0,"December 01, 2006","July 08, 2018","July 30, 2005","July 17, 2018"
33335,Suresh Kumar Raina,"November 27, 1986, Muradnagar, Ghaziabad, Uttar Pradesh",39y 214d,India,Middle order Batter,2005 - 2018,2013,IPL 2013,CSK,18,17,4,548,100*,42.15,365,150.13,1,4,50,18,10,0,1,11.50,12,1/4,1/4,23.00,12.0,0,0,0,"December 01, 2006","July 08, 2018","July 30, 2005","July 17, 2018"
33335,Suresh Kumar Raina,"November 27, 1986, Muradnagar, Ghaziabad, Uttar Pradesh",39y 214d,India,Middle order Batter,2005 - 2018,2012,IPL 2012,CSK,19,18,1,441,73,25.94,325,135.69,0,1,36,19,11,0,2,7.50,84,1/5,1/5,52.50,42.0,0,0,0,"December 01, 2006","July 08, 2018","July 30, 2005","July 17, 2018"
33335,Suresh Kumar Raina,"November 27, 1986, Muradnagar, Ghaziabad, Uttar Pradesh",39y 214d,India,Middle order Batter,2005 - 2018,2011,IPL 2011,CSK,16,16,2,438,73*,31.28,325,134.76,0,4,36,17,4,0,4,7.30,165,2/0,2/0,50.25,41.2,0,0,0,"December 01, 2006","July 08, 2018","July 30, 2005","July 17, 2018"
33335,Suresh Kumar Raina,"November 27, 1986, Muradnagar, Ghaziabad, Uttar Pradesh",39y 214d,India,Middle order Batter,2005 - 2018,2009/10,IPL 2009/10,CSK,16,16,5,520,83*,47.27,364,142.85,0,4,45,22,10,0,6,7.46,143,1/0,1/0,29.66,23.8,0,0,0,"December 01, 2006","July 08, 2018","July 30, 2005","July 17, 2018"
33335,Suresh Kumar Raina,"November 27, 1986, Muradnagar, Ghaziabad, Uttar Pradesh",39y 214d,India,Middle order Batter,2005 - 2018,2009,IPL 2009,CSK,14,14,0,434,98,31.00,308,140.90,0,2,37,21,7,0,7,5.92,166,2/17,2/17,23.42,23.7,0,0,0,"December 01, 2006","July 08, 2018","July 30, 2005","July 17, 2018"
33335,Suresh Kumar Raina,"November 27, 1986, Muradnagar, Ghaziabad, Uttar Pradesh",39y 214d,India,Middle order Batter,2005 - 2018,2007/08,IPL 2007/08,CSK,16,14,3,421,55*,38.27,295,142.71,0,3,35,18,10,0,1,9.00,20,1/20,1/20,30.00,20.0,0,0,0,"December 01, 2006","July 08, 2018","July 30, 2005","July 17, 2018"
49677,Magina Thilan Thushara Mirando,"March 01, 1981, Balapitiya",45y 120d,Sri Lanka,Bowler,2003 - 2010,2009/10,IPL 2009/10,CSK,4,2,1,10,8,10.00,11,90.90,0,0,0,0,2,0,5,6.96,87,2/16,2/16,20.20,17.4,0,0,0,"October 10, 2008","May 11, 2010","April 15, 2008","June 07, 2010"
49677,Magina Thilan Thushara Mirando,"March 01, 1981, Balapitiya",45y 120d,Sri Lanka,Bowler,2003 - 2010,2009,IPL 2009,CSK,2,2,1,2,1*,2.00,7,28.57,0,0,0,0,1,0,3,7.50,48,2/28,2/28,20.00,16.0,0,0,0,"October 10, 2008","May 11, 2010","April 15, 2008","June 07, 2010"
233514,Narangoda Liyanaarachchilage Thisara Chirantha Perera,"April 03, 1989, Colombo",37y 87d,Sri Lanka,Bowling Allrounder,2009 - 2021,2016,IPL 2016,RPS,12,10,3,150,34,21.42,93,161.29,0,0,7,11,5,0,9,9.82,199,3/34,3/34,36.22,22.1,0,0,0,"May 03, 2010","March 07, 2021","December 24, 2009","March 14, 2021"
233514,Narangoda Liyanaarachchilage Thisara Chirantha Perera,"April 03, 1989, Colombo",37y 87d,Sri Lanka,Bowling Allrounder,2009 - 2021,2015,IPL 2015,PBKS,2,2,0,12,9,6.00,15,80.00,0,0,0,1,0,0,1,9.16,36,1/33,1/33,55.00,36.0,0,0,0,"May 03, 2010","March 07, 2021","December 24, 2009","March 14, 2021"
233514,Narangoda Liyanaarachchilage Thisara Chirantha Perera,"April 03, 1989, Colombo",37y 87d,Sri Lanka,Bowling Allrounder,2009 - 2021,2013,IPL 2013,SRH,16,14,4,233,40,23.30,163,142.94,0,0,12,14,5,0,19,8.01,358,3/20,3/20,25.15,18.8,0,0,0,"May 03, 2010","March 07, 2021","December 24, 2009","March 14, 2021"
233514,Narangoda Liyanaarachchilage Thisara Chirantha Perera,"April 03, 1989, Colombo",37y 87d,Sri Lanka,Bowling Allrounder,2009 - 2021,2012,IPL 2012,MI,2,2,1,4,4*,4.00,9,44.44,0,0,0,0,2,0,0,10.80,15,-,-,-,-,0,0,0,"May 03, 2010","March 07, 2021","December 24, 2009","March 14, 2021"
233514,Narangoda Liyanaarachchilage Thisara Chirantha Perera,"April 03, 1989, Colombo",37y 87d,Sri Lanka,Bowling Allrounder,2009 - 2021,2011,IPL 2011,Kochi,4,2,0,23,22,11.50,27,85.18,0,0,4,0,0,0,2,7.92,84,1/30,1/30,55.50,42.0,0,0,0,"May 03, 2010","March 07, 2021","December 24, 2009","March 14, 2021"
233514,Narangoda Liyanaarachchilage Thisara Chirantha Perera,"April 03, 1989, Colombo",37y 87d,Sri Lanka,Bowling Allrounder,2009 - 2021,2009/10,IPL 2009/10,CSK,1,-,-,-,-,-,-,-,-,-,-,-,0,0,0,19.00,6,-,-,-,-,0,0,0,"May 03, 2010","March 07, 2021","December 24, 2009","March 14, 2021"
232364,Timothy Grant Southee,"December 11, 1988, Whangarei, Northland",37y 200d,New Zealand,Bowler,2008 - 2024,2023,IPL 2023,KKR,2,-,-,-,-,-,-,-,-,-,-,-,0,0,2,13.16,36,2/54,2/54,39.50,18.0,0,0,0,"February 05, 2008","June 17, 2024","June 15, 2008","November 15, 2023"
232364,Timothy Grant Southee,"December 11, 1988, Whangarei, Northland",37y 200d,New Zealand,Bowler,2008 - 2024,2022,IPL 2022,KKR,9,5,1,2,1*,0.50,12,16.66,0,0,0,0,4,0,14,7.85,210,3/20,3/20,19.64,15.0,0,0,0,"February 05, 2008","June 17, 2024","June 15, 2008","November 15, 2023"
232364,Timothy Grant Southee,"December 11, 1988, Whangarei, Northland",37y 200d,New Zealand,Bowler,2008 - 2024,2021,IPL 2021,KKR,3,1,0,3,3,3.00,5,60.00,0,0,0,0,2,0,3,7.91,72,2/26,2/26,31.66,24.0,0,0,0,"February 05, 2008","June 17, 2024","June 15, 2008","November 15, 2023"
232364,Timothy Grant Southee,"December 11, 1988, Whangarei, Northland",37y 200d,New Zealand,Bowler,2008 - 2024,2019,IPL 2019,RCB,3,1,1,9,9*,-,9,100.00,0,0,0,0,3,0,1,13.11,54,1/24,1/24,118.00,54.0,0,0,0,"February 05, 2008","June 17, 2024","June 15, 2008","November 15, 2023"
232364,Timothy Grant Southee,"December 11, 1988, Whangarei, Northland",37y 200d,New Zealand,Bowler,2008 - 2024,2018,IPL 2018,RCB,8,4,2,52,36*,26.00,46,113.04,0,0,5,1,3,0,5,9.00,174,3/30,3/30,52.20,34.8,0,0,0,"February 05, 2008","June 17, 2024","June 15, 2008","November 15, 2023"
232364,Timothy Grant Southee,"December 11, 1988, Whangarei, Northland",37y 200d,New Zealand,Bowler,2008 - 2024,2017,IPL 2017,MI,3,1,0,7,7,7.00,3,233.33,0,0,0,1,1,0,3,9.60,60,2/39,2/39,32.00,20.0,0,0,0,"February 05, 2008","June 17, 2024","June 15, 2008","November 15, 2023"
232364,Timothy Grant Southee,"December 11, 1988, Whangarei, Northland",37y 200d,New Zealand,Bowler,2008 - 2024,2016,IPL 2016,MI,11,4,1,30,25,10.00,19,157.89,0,0,1,2,4,0,9,7.65,258,3/24,3/24,36.55,28.6,0,0,0,"February 05, 2008","June 17, 2024","June 15, 2008","November 15, 2023"
232364,Timothy Grant Southee,"December 11, 1988, Whangarei, Northland",37y 200d,New Zealand,Bowler,2008 - 2024,2015,IPL 2015,RR,7,3,2,13,7*,13.00,9,144.44,0,0,1,0,4,0,6,8.82,168,2/32,2/32,41.16,28.0,0,0,0,"February 05, 2008","June 17, 2024","June 15, 2008","November 15, 2023"
232364,Timothy Grant Southee,"December 11, 1988, Whangarei, Northland",37y 200d,New Zealand,Bowler,2008 - 2024,2014,IPL 2014,RR,3,1,0,4,4,4.00,4,100.00,0,0,1,0,2,0,0,7.60,60,-,-,-,-,0,0,0,"February 05, 2008","June 17, 2024","June 15, 2008","November 15, 2023"
232364,Timothy Grant Southee,"December 11, 1988, Whangarei, Northland",37y 200d,New Zealand,Bowler,2008 - 2024,2011,IPL 2011,CSK,5,-,-,-,-,-,-,-,-,-,-,-,0,0,4,8.73,114,1/30,1/30,41.50,28.5,0,0,0,"February 05, 2008","June 17, 2024","June 15, 2008","November 15, 2023"
822553,Tushar Uday Deshpande,"May 15, 1995, Mumbai",31y 45d,India,Bowler,2024 - 2024,2026,IPL 2026,RR,7,2,0,26,25,13.00,14,185.71,0,0,0,3,2,0,4,11.95,138,1/24,1/24,68.75,34.5,0,0,0,"July 13, 2024","July 14, 2024",,
822553,Tushar Uday Deshpande,"May 15, 1995, Mumbai",31y 45d,India,Bowler,2024 - 2024,2025,IPL 2025,RR,10,4,3,7,3,7.00,8,87.50,0,0,0,0,2,0,9,10.62,192,3/44,3/44,37.77,21.3,0,0,0,"July 13, 2024","July 14, 2024",,
822553,Tushar Uday Deshpande,"May 15, 1995, Mumbai",31y 45d,India,Bowler,2024 - 2024,2024,IPL 2024,CSK,13,1,1,0,0*,-,1,0.00,0,0,0,0,2,0,17,8.83,288,4/27,4/27,24.94,16.9,1,0,0,"July 13, 2024","July 14, 2024",,
822553,Tushar Uday Deshpande,"May 15, 1995, Mumbai",31y 45d,India,Bowler,2024 - 2024,2023,IPL 2023,CSK,16,1,1,0,0*,-,1,0.00,0,0,0,0,2,0,21,9.92,341,3/45,3/45,26.85,16.2,0,0,0,"July 13, 2024","July 14, 2024",,
822553,Tushar Uday Deshpande,"May 15, 1995, Mumbai",31y 45d,India,Bowler,2024 - 2024,2022,IPL 2022,CSK,2,-,-,-,-,-,-,-,-,-,-,-,1,0,1,9.00,42,1/40,1/40,63.00,42.0,0,0,0,"July 13, 2024","July 14, 2024",,
822553,Tushar Uday Deshpande,"May 15, 1995, Mumbai",31y 45d,India,Bowler,2024 - 2024,2020/21,IPL 2020/21,DC,5,2,1,21,20*,21.00,12,175.00,0,0,2,1,1,0,3,11.29,102,2/37,2/37,64.00,34.0,0,0,0,"July 13, 2024","July 14, 2024",,
1131570,Urvil Mukesh Patel,"October 17, 1998, Mehsana",27y 255d,India,Wicketkeeper Batter,-,2026,IPL 2026,CSK,7,7,0,129,65,18.42,64,201.56,0,1,6,14,6,0,-,-,-,-,-,-,-,-,-,-,,,,
1131570,Urvil Mukesh Patel,"October 17, 1998, Mehsana",27y 255d,India,Wicketkeeper Batter,-,2025,IPL 2025,CSK,3,3,0,68,37,22.66,32,212.50,0,0,5,6,2,0,-,-,-,-,-,-,-,-,-,-,,,,
35619,Vidyut Sivaramakrishnan,"December 03, 1981, Madras (now Chennai), Tamil Nadu",44y 208d,India,Batting Allrounder,-,2007/08,IPL 2007/08,CSK,9,8,0,145,54,18.12,109,133.02,0,1,21,3,1,0,1,11.00,12,1/22,1/22,22.00,12.0,0,0,0,,,,
477021,Vijay Shankar,"January 26, 1991, Tirunelveli, Tamil Nadu",35y 154d,India,Allrounder,2018 - 2019,2025,IPL 2025,CSK,6,5,2,118,69*,39.33,91,129.67,0,1,8,3,2,0,-,-,-,-,-,-,-,-,-,-,"March 06, 2018","February 27, 2019","January 18, 2019","June 27, 2019"
477021,Vijay Shankar,"January 26, 1991, Tirunelveli, Tamil Nadu",35y 154d,India,Allrounder,2018 - 2019,2024,IPL 2024,GT,7,7,2,83,17,16.60,72,115.27,0,0,7,2,3,0,-,-,-,-,-,-,-,-,-,-,"March 06, 2018","February 27, 2019","January 18, 2019","June 27, 2019"
477021,Vijay Shankar,"January 26, 1991, Tirunelveli, Tamil Nadu",35y 154d,India,Allrounder,2018 - 2019,2023,IPL 2023,GT,14,10,2,301,63*,37.62,188,160.10,0,3,27,15,2,0,-,-,-,-,-,-,-,-,-,-,"March 06, 2018","February 27, 2019","January 18, 2019","June 27, 2019"
477021,Vijay Shankar,"January 26, 1991, Tirunelveli, Tamil Nadu",35y 154d,India,Allrounder,2018 - 2019,2022,IPL 2022,GT,4,4,0,19,13,4.75,35,54.28,0,0,1,0,3,0,0,10.00,9,-,-,-,-,0,0,0,"March 06, 2018","February 27, 2019","January 18, 2019","June 27, 2019"
477021,Vijay Shankar,"January 26, 1991, Tirunelveli, Tamil Nadu",35y 154d,India,Allrounder,2018 - 2019,2021,IPL 2021,SRH,7,5,0,58,28,11.60,52,111.53,0,0,1,3,3,0,3,9.09,66,2/19,2/19,33.33,22.0,0,0,0,"March 06, 2018","February 27, 2019","January 18, 2019","June 27, 2019"
477021,Vijay Shankar,"January 26, 1991, Tirunelveli, Tamil Nadu",35y 154d,India,Allrounder,2018 - 2019,2020/21,IPL 2020/21,SRH,7,5,1,97,52*,24.25,96,101.04,0,1,10,1,1,0,4,6.22,79,1/11,1/11,20.50,19.7,0,0,0,"March 06, 2018","February 27, 2019","January 18, 2019","June 27, 2019"
477021,Vijay Shankar,"January 26, 1991, Tirunelveli, Tamil Nadu",35y 154d,India,Allrounder,2018 - 2019,2019,IPL 2019,SRH,15,14,2,244,40*,20.33,193,126.42,0,0,11,12,10,0,1,8.75,48,1/11,1/11,70.00,48.0,0,0,0,"March 06, 2018","February 27, 2019","January 18, 2019","June 27, 2019"
477021,Vijay Shankar,"January 26, 1991, Tirunelveli, Tamil Nadu",35y 154d,India,Allrounder,2018 - 2019,2018,IPL 2018,DC,13,11,7,212,54*,53.00,148,143.24,0,1,11,11,6,0,1,11.60,30,1/22,1/22,58.00,30.0,0,0,0,"March 06, 2018","February 27, 2019","January 18, 2019","June 27, 2019"
477021,Vijay Shankar,"January 26, 1991, Tirunelveli, Tamil Nadu",35y 154d,India,Allrounder,2018 - 2019,2017,IPL 2017,SRH,4,4,2,101,63*,50.50,75,134.66,0,1,12,1,1,0,-,-,-,-,-,-,-,-,-,-,"March 06, 2018","February 27, 2019","January 18, 2019","June 27, 2019"
477021,Vijay Shankar,"January 26, 1991, Tirunelveli, Tamil Nadu",35y 154d,India,Allrounder,2018 - 2019,2014,IPL 2014,CSK,1,-,-,-,-,-,-,-,-,-,-,-,0,0,0,19.00,6,-,-,-,-,0,0,0,"March 06, 2018","February 27, 2019","January 18, 2019","June 27, 2019"
279810,Wriddhiman Prasanta Saha,"October 24, 1984, Shaktigarh, Siliguri, Bengal, India",41y 248d,India,Wicketkeeper Batter,2010 - 2021,2024,IPL 2024,GT,9,9,0,136,39,15.11,115,118.26,0,0,18,3,5,2,-,-,-,-,-,-,-,-,-,-,,,"November 28, 2010","November 09, 2014"
279810,Wriddhiman Prasanta Saha,"October 24, 1984, Shaktigarh, Siliguri, Bengal, India",41y 248d,India,Wicketkeeper Batter,2010 - 2021,2023,IPL 2023,GT,17,17,1,371,81,23.18,287,129.26,0,2,47,8,9,2,-,-,-,-,-,-,-,-,-,-,,,"November 28, 2010","November 09, 2014"
279810,Wriddhiman Prasanta Saha,"October 24, 1984, Shaktigarh, Siliguri, Bengal, India",41y 248d,India,Wicketkeeper Batter,2010 - 2021,2022,IPL 2022,GT,11,11,1,317,68,31.70,259,122.39,0,3,40,7,11,2,-,-,-,-,-,-,-,-,-,-,,,"November 28, 2010","November 09, 2014"
279810,Wriddhiman Prasanta Saha,"October 24, 1984, Shaktigarh, Siliguri, Bengal, India",41y 248d,India,Wicketkeeper Batter,2010 - 2021,2021,IPL 2021,SRH,9,9,0,131,44,14.55,140,93.57,0,0,7,5,6,0,-,-,-,-,-,-,-,-,-,-,,,"November 28, 2010","November 09, 2014"
279810,Wriddhiman Prasanta Saha,"October 24, 1984, Shaktigarh, Siliguri, Bengal, India",41y 248d,India,Wicketkeeper Batter,2010 - 2021,2020/21,IPL 2020/21,SRH,4,4,1,214,87,71.33,153,139.86,0,2,24,5,2,1,-,-,-,-,-,-,-,-,-,-,,,"November 28, 2010","November 09, 2014"
279810,Wriddhiman Prasanta Saha,"October 24, 1984, Shaktigarh, Siliguri, Bengal, India",41y 248d,India,Wicketkeeper Batter,2010 - 2021,2019,IPL 2019,SRH,5,5,0,86,28,17.20,53,162.26,0,0,13,1,3,1,-,-,-,-,-,-,-,-,-,-,,,"November 28, 2010","November 09, 2014"
279810,Wriddhiman Prasanta Saha,"October 24, 1984, Shaktigarh, Siliguri, Bengal, India",41y 248d,India,Wicketkeeper Batter,2010 - 2021,2018,IPL 2018,SRH,11,10,2,122,35,15.25,102,119.60,0,0,17,1,5,1,-,-,-,-,-,-,-,-,-,-,,,"November 28, 2010","November 09, 2014"
279810,Wriddhiman Prasanta Saha,"October 24, 1984, Shaktigarh, Siliguri, Bengal, India",41y 248d,India,Wicketkeeper Batter,2010 - 2021,2017,IPL 2017,PBKS,14,11,1,234,93*,23.40,187,125.13,0,1,20,8,10,2,-,-,-,-,-,-,-,-,-,-,,,"November 28, 2010","November 09, 2014"
279810,Wriddhiman Prasanta Saha,"October 24, 1984, Shaktigarh, Siliguri, Bengal, India",41y 248d,India,Wicketkeeper Batter,2010 - 2021,2016,IPL 2016,PBKS,12,12,1,270,56,24.54,212,127.35,0,2,29,1,7,3,-,-,-,-,-,-,-,-,-,-,,,"November 28, 2010","November 09, 2014"
279810,Wriddhiman Prasanta Saha,"October 24, 1984, Shaktigarh, Siliguri, Bengal, India",41y 248d,India,Wicketkeeper Batter,2010 - 2021,2015,IPL 2015,PBKS,14,13,0,249,42,19.15,197,126.39,0,0,16,10,11,3,-,-,-,-,-,-,-,-,-,-,,,"November 28, 2010","November 09, 2014"
279810,Wriddhiman Prasanta Saha,"October 24, 1984, Shaktigarh, Siliguri, Bengal, India",41y 248d,India,Wicketkeeper Batter,2010 - 2021,2014,IPL 2014,PBKS,17,13,2,362,115*,32.90,249,145.38,1,2,33,18,8,4,-,-,-,-,-,-,-,-,-,-,,,"November 28, 2010","November 09, 2014"
279810,Wriddhiman Prasanta Saha,"October 24, 1984, Shaktigarh, Siliguri, Bengal, India",41y 248d,India,Wicketkeeper Batter,2010 - 2021,2013,IPL 2013,CSK,3,3,0,70,39,23.33,56,125.00,0,0,6,4,0,0,-,-,-,-,-,-,-,-,-,-,,,"November 28, 2010","November 09, 2014"
279810,Wriddhiman Prasanta Saha,"October 24, 1984, Shaktigarh, Siliguri, Bengal, India",41y 248d,India,Wicketkeeper Batter,2010 - 2021,2012,IPL 2012,CSK,4,1,0,6,6,6.00,14,42.85,0,0,0,0,0,0,-,-,-,-,-,-,-,-,-,-,,,"November 28, 2010","November 09, 2014"
279810,Wriddhiman Prasanta Saha,"October 24, 1984, Shaktigarh, Siliguri, Bengal, India",41y 248d,India,Wicketkeeper Batter,2010 - 2021,2011,IPL 2011,CSK,7,3,2,68,46*,68.00,63,107.93,0,0,2,4,2,0,-,-,-,-,-,-,-,-,-,-,,,"November 28, 2010","November 09, 2014"
279810,Wriddhiman Prasanta Saha,"October 24, 1984, Shaktigarh, Siliguri, Bengal, India",41y 248d,India,Wicketkeeper Batter,2010 - 2021,2009/10,IPL 2009/10,KKR,13,7,4,67,22,22.33,53,126.41,0,0,9,1,3,3,-,-,-,-,-,-,-,-,-,-,,,"November 28, 2010","November 09, 2014"
279810,Wriddhiman Prasanta Saha,"October 24, 1984, Shaktigarh, Siliguri, Bengal, India",41y 248d,India,Wicketkeeper Batter,2010 - 2021,2009,IPL 2009,KKR,8,7,4,72,25*,24.00,41,175.60,0,0,3,4,2,0,-,-,-,-,-,-,-,-,-,-,,,"November 28, 2010","November 09, 2014"
279810,Wriddhiman Prasanta Saha,"October 24, 1984, Shaktigarh, Siliguri, Bengal, India",41y 248d,India,Wicketkeeper Batter,2010 - 2021,2007/08,IPL 2007/08,KKR,12,10,5,159,59*,31.80,119,133.61,0,1,12,7,8,2,-,-,-,-,-,-,-,-,-,-,,,"November 28, 2010","November 09, 2014"
31732,Vijaykumar Yo Mahesh,"December 21, 1987, Madras (now Chennai), Tamil Nadu",38y 190d,India,Allrounder,-,2012,IPL 2012,CSK,5,-,-,-,-,-,-,-,-,-,-,-,1,0,3,8.67,56,2/21,2/21,27.00,18.6,0,0,0,,,,
31732,Vijaykumar Yo Mahesh,"December 21, 1987, Madras (now Chennai), Tamil Nadu",38y 190d,India,Allrounder,-,2009/10,IPL 2009/10,DC,1,-,-,-,-,-,-,-,-,-,-,-,0,0,1,7.66,18,1/23,1/23,23.00,18.0,0,0,0,,,,
31732,Vijaykumar Yo Mahesh,"December 21, 1987, Madras (now Chennai), Tamil Nadu",38y 190d,India,Allrounder,-,2009,IPL 2009,DC,1,-,-,-,-,-,-,-,-,-,-,-,0,0,1,12.50,12,1/25,1/25,25.00,12.0,0,0,0,,,,
31732,Vijaykumar Yo Mahesh,"December 21, 1987, Madras (now Chennai), Tamil Nadu",38y 190d,India,Allrounder,-,2007/08,IPL 2007/08,DC,11,5,3,15,6*,7.50,27,55.55,0,0,0,0,5,0,16,8.77,253,4/36,4/36,23.12,15.8,1,0,0,,,,
