year,player_name,player_id,base_price_in_cr,base_price_in_usd,status,source_text
2018,Shikhar Dhawan,28235,2,,sold,Shikhar Dhawan (Base price INR 2 crores) - sold to Sunrisers Hyderabad for INR 5.2 crores (right-to-match card)
2018,R Ashwin,26421,2,,sold,R Ashwin (Base price INR 2 crores) - sold to Kings XI Punjab for INR 7.6 crores
2018,Kieron Pollard,230559,2,,sold,Kieron Pollard (Base price INR 2 crores) - sold to Mumbai Indians for INR 5.4 crores (right-to-match card)
2018,Ben Stokes,311158,2,,sold,Ben Stokes (Base price INR 2 crores) - sold to Rajasthan Royals for INR 12.5 crores
2018,Faf du Plessis,44828,1.5,,sold,Faf du Plessis (Base price INR 1.5 crores) - sold to Chennai Super Kings for INR 1.6 crores (right-to-match card)
2018,Ajinkya Rahane,277916,2,,sold,Ajinkya Rahane (Base price INR 2 crores) - sold to Rajasthan Royals for INR 4 crores (right-to-match card)
2018,Mitchell Starc,311592,2,,sold,Mitchell Starc (Base price INR 2 crores) - sold to Kolkata Knight Riders for INR 9.4 crores
2018,Harbhajan Singh,29264,2,,sold,Harbhajan Singh (Base price INR 2 crores) - sold to Chennai Super Kings for INR 2 crores
2018,Shakib Al Hasan,56143,1,,sold,Shakib Al Hasan (Base price INR 1 crore) - sold to Sunrisers Hyderabad for INR 2 crores
2018,Glenn Maxwell,325026,2,,sold,Glenn Maxwell (Base price INR 2 crores) - sold to Delhi Daredevils for INR 9 crores
2018,Gautam Gambhir,28763,2,,sold,Gautam Gambhir (Base price INR 2 crores) - sold to Delhi Daredevils for INR 2.8 crores
2018,Dwayne Bravo,51439,2,,sold,Dwayne Bravo (Base price INR 2 crores) - sold to Chennai Super Kings for INR 6.4 crores (right-to-match card)
2018,Kane Williamson,277906,1.5,,sold,Kane Williamson (Base price INR 1.5 crores) - sold to Sunrisers Hyderabad for INR 3 crores
2018,Yuvraj Singh,36084,2,,sold,Yuvraj Singh (Base price INR 2 crores) - sold to Kings XI Punjab for INR 2 crores
2018,Karun Nair,398439,0.5,,sold,Karun Nair (Base price INR 50 lakhs) - sold to Kings XI Punjab for INR 5.6 crores
2018,KL Rahul,422108,2,,sold,KL Rahul (Base price INR 2 crores) - sold to Kings XI Punjab for INR 11 crores
2018,David Miller,321777,1.5,,sold,David Miller (Base price INR 1.5 crores) - sold to Kings XI Punjab for INR 3 crores (right-to-match card)
2018,Aaron Finch,5334,1.5,,sold,Aaron Finch (Base price INR 1.5 crores) - sold to Kings XI Punjab for INR 6.2 crores
2018,Brendon McCullum,37737,2,,sold,Brendon McCullum (Base price INR 2 crores) - sold to Royal Challengers Bangalore for INR 3.6 crores
2018,Jason Roy,298438,1.5,,sold,Jason Roy (Base price INR 1.5 crores) - sold to Delhi Daredevils for INR 1.5 crores
2018,Chris Lynn,326637,2,,sold,Chris Lynn (Base price INR 2 crores) - sold to Kolkata Knight Riders for INR 9.6 crores
2018,Manish Pandey,290630,1,,sold,Manish Pandey (Base price INR 1 crore) - sold to Sunrisers Hyderabad for INR 11 crores
2018,Chris Woakes,247235,2,,sold,Chris Woakes (Base price INR 2 crores) - sold to Royal Challengers Bangalore for INR 7.4 crores
2018,Carlos Brathwaite,457249,1,,sold,Carlos Brathwaite (Base price INR 1 crore) - sold to Sunrisers Hyderabad for INR 2 crores
2018,Shane Watson,8180,1,,sold,Shane Watson (Base price INR 1 crore) - sold to Chennai Super Kings for INR 4 crores
2018,Kedar Jadhav,290716,2,,sold,Kedar Jadhav (Base price INR 2 crores) - sold to Chennai Super Kings for INR 7.8 crores
2018,Colin de Grandhomme,55395,0.75,,sold,Colin de Grandhomme (Base price INR 75 lakhs) - sold to Royal Challengers Bangalore for INR 2.2 crores
2018,Yusuf Pathan,32498,0.75,,sold,Yusuf Pathan (Base price INR 75 lakhs) - sold to Sunrisers Hyderabad for INR 1.9 crores
2018,Colin Munro,232359,0.5,,sold,Colin Munro (Base price INR 50 lakhs) - sold to Delhi Daredevils for INR 1.9 crores
2018,Stuart Binny,27223,0.5,,sold,Stuart Binny (Base price INR 50 lakhs) - sold to Rajasthan Royals for INR 50 lakhs
2018,Marcus Stoinis,325012,2,,sold,Marcus Stoinis (Base price INR 2 crores) - sold to Kings XI Punjab for INR 6.2 crores (right-to-match card)
2018,Moeen Ali,8917,1.5,,sold,Moeen Ali (Base price INR 1.5 crores) - sold to Royal Challengers Bangalore for INR 1.7 crores
2018,Quinton de Kock,379143,2,,sold,Quinton de Kock (Base price INR 2 crores) - sold to Royal Challengers Bangalore for INR 2.8 crores
2018,Wriddhiman Saha,279810,1,,sold,Wriddhiman Saha (Base price INR 1 crore) - sold to Sunrisers Hyderabad for INR 5 crores
2018,Dinesh Karthik,30045,2,,sold,Dinesh Karthik (Base price INR 2 crores) - sold to Kolkata Knight Riders for INR 7.4 crores
2018,Robin Uthappa,35582,2,,sold,Robin Uthappa (Base price INR 2 crores) - sold to Kolkata Knight Riders for INR 6.4 crores (right-to-match card)
2018,Sanju Samson,425943,1,,sold,Sanju Samson (Base price INR 1 crore) - sold to Rajasthan Royals for INR 8 crores
2018,Ambati Rayudu,33141,0.5,,sold,Ambati Rayudu (Base price INR 50 lakhs) - sold to Chennai Super Kings for INR 2.2 crores
2018,Jos Buttler,308967,1.5,,sold,Jos Buttler (Base price INR 1.5 crores) - sold to Rajasthan Royals for INR 4.4 crores
2018,Mustafizur Rahman,330902,1,,sold,Mustafizur Rahman (Base price INR 1 crore) - sold to Mumbai Indians for INR 2.2 crores
2018,Pat Cummins,489889,2,,sold,Pat Cummins (Base price INR 2 crores) - sold to Mumbai Indians for INR 5.4 crores
2018,Umesh Yadav,376116,1,,sold,Umesh Yadav (Base price INR 1 crore) - sold to Royal Challengers Bangalore for INR 4.2 crores
2018,Mohammed Shami,481896,1,,sold,Mohammed Shami (Base price INR 1 crore) - sold to Delhi Daredevils for INR 3 crores (right-to-match card)
2018,Kagiso Rabada,550215,1.5,,sold,Kagiso Rabada (Base price INR 1.5 crores) - sold to Delhi Daredevils for INR 4.2 crores (right-to-match card)
2018,Piyush Chawla,32966,1,,sold,Piyush Chawla (Base price INR 1 crore) - sold to Kolkata Knight Riders for INR 4.2 crores (right-to-match card)
2018,Imran Tahir,40618,1,,sold,Imran Tahir (Base price INR 1 crore) - sold to Chennai Super Kings for INR 1 crore
2018,Karn Sharma,30288,2,,sold,Karn Sharma (Base price INR 2 crores) - sold to Chennai Super Kings for INR 5 crores
2018,Rashid Khan,793463,2,,sold,Rashid Khan (Base price INR 2 crores) - sold to Sunrisers Hyderabad for INR 9 crores (right-to-match card)
2018,Amit Mishra,31107,1.5,,sold,Amit Mishra (Base price INR 1.5 crores) - sold to Delhi Daredevils for INR 4 crores
2018,Yuzvendra Chahal,430246,2,,sold,Yuzvendra Chahal (Base price INR 2 crores) - sold to Royal Challengers Bangalore for INR 6 crores (right-to-match card)
2018,Kuldeep Yadav,559235,1.5,,sold,Kuldeep Yadav (Base price INR 1.5 crores) - sold to Kolkata Knight Riders for INR 5.8 crores (right-to-match card)
2018,Suryakumar Yadav,446507,0.3,,sold,Suryakumar Yadav (Base price INR 30 lakhs) - sold to Mumbai Indians for INR 3.2 crores
2018,Shubman Gill,1070173,0.2,,sold,Shubman Gill (Base price INR 20 lakhs) - sold to Kolkata Knight Riders for INR 1.8 crores
2018,Ishank Jaggi,279554,0.2,,sold,Ishank Jaggi (Base price INR 20 lakhs) - sold to Kolkata Knight Riders for INR 20 lakhs
2018,Ricky Bhui,642531,0.2,,sold,Ricky Bhui (Base price INR 20 lakhs) - sold to Sunrisers Hyderabad for INR 20 lakhs
2018,Mayank Agarwal,398438,0.2,,sold,Mayank Agarwal (Base price INR 20 lakhs) - sold to Kings XI Punjab for INR 1 crore
2018,Rahul Tripathi,446763,0.2,,sold,Rahul Tripathi (Base price INR 20 lakhs) - sold to Rajasthan Royals for INR 3.4 crores
2018,Manan Vohra,532856,0.2,,sold,Manan Vohra (Base price INR 20 lakhs) - sold to Royal Challengers Bangalore for INR 1.1 crores
2018,Prithvi Shaw,1070168,0.2,,sold,Prithvi Shaw (Base price INR 20 lakhs) - sold to Delhi Daredevils for INR 1.2 crores
2018,Rahul Tewatia,423838,0.2,,sold,Rahul Tewatia (Base price INR 20 lakhs) - sold to Delhi Daredevils for INR 3 crores
2018,Deepak Hooda,497121,0.4,,sold,Deepak Hooda (Base price INR 40 lakhs) - sold to Sunrisers Hyderabad for INR 3.6 crores (right-to-match card)
2018,Vijay Shankar,477021,0.4,,sold,Vijay Shankar (Base price INR 40 lakhs) - sold to Delhi Daredevils for INR 3.2 crores
2018,Harshal Patel,390481,0.2,,sold,Harshal Patel (Base price INR 20 lakhs) - sold to Delhi Daredevils for INR 20 lakhs
2018,Kamlesh Nagarkoti,1070188,0.2,,sold,Kamlesh Nagarkoti (Base price INR 20 lakhs) - sold to Kolkata Knight Riders for INR 3.2 crores
2018,Krunal Pandya,471342,0.4,,sold,Krunal Pandya (Base price INR 40 lakhs) - sold to Mumbai Indians for INR 8.8 crores (right-to-match card)
2018,Nitish Rana,604527,0.2,,sold,Nitish Rana (Base price INR 20 lakhs) - sold to Kolkata Knight Riders for INR 3.4 crores
2018,D'Arcy Short,308798,0.2,,sold,D'Arcy Short (Base price INR 20 lakhs) - sold to Rajasthan Royals for INR 4 crores
2018,Jofra Archer,669855,0.4,,sold,Jofra Archer (Base price INR 40 lakhs) - sold to Rajasthan Royals for INR 7.2 crores
2018,Ishan Kishan,720471,0.4,,sold,Ishan Kishan (Base price INR 40 lakhs) - sold to Mumbai Indians for INR 6.2 crores
2018,Kulwant Khejroliya,1083033,0.2,,sold,Kulwant Khejroliya (Base price INR 20 lakhs) - sold to Royal Challengers Bangalore for INR 85 lakhs
2018,Siddarth Kaul,326017,0.3,,sold,Siddarth Kaul (Base price INR 30 lakhs) - sold to Sunrisers Hyderabad for INR 3.8 crores
2018,T Natarajan,802575,0.4,,sold,T Natarajan (Base price INR 40 lakhs) - sold to Sunrisers Hyderabad for INR 40 lakhs
2018,Basil Thampi,732291,0.3,,sold,Basil Thampi (Base price INR 30 lakhs) - sold to Sunrisers Hyderabad for INR 95 lakhs
2018,Aniket Choudhary,527299,0.3,,sold,Aniket Choudhary (Base price INR 30 lakhs) - sold to Royal Challengers Bangalore for INR 30 lakhs
2018,Khaleel Ahmed,942645,0.2,,sold,Khaleel Ahmed (Base price INR 20 lakhs) - sold to Sunrisers Hyderabad for INR 3 crores
2018,Navdeep Saini,700167,0.2,,sold,Navdeep Saini (Base price INR 20 lakhs) - sold to Royal Challengers Bangalore for INR 3 crores
2018,Avesh Khan,694211,0.2,,sold,Avesh Khan (Base price INR 20 lakhs) - sold to Delhi Daredevils for INR 70 lakhs
2018,Ankit Rajpoot,591650,0.3,,sold,Ankit Rajpoot (Base price INR 30 lakhs) - sold to Kings XI Punjab for INR 3 crores
2018,Rahul Chahar,1064812,0.2,,sold,Rahul Chahar (Base price INR 20 lakhs) - sold to Mumbai Indians for INR 1.9 crores
2018,Shahbaz Nadeem,31872,0.4,,sold,Shahbaz Nadeem (Base price INR 40 lakhs) - sold to Delhi Daredevils for INR 3.2 crores
2018,K Gowtham,424377,0.2,,sold,K Gowtham (Base price INR 20 lakhs) - sold to Rajasthan Royals for INR 6.2 crores
2018,M Ashwin,528067,0.2,,sold,M Ashwin (Base price INR 20 lakhs) - sold to Royal Challengers Bangalore for INR 2.2 crores
2018,Evin Lewis,431901,1.5,,sold,Evin Lewis (Base price INR 1.5 crores) - sold to Mumbai Indians for INR 3.8 crores
2018,Saurabh Tiwary,35390,0.5,,sold,Saurabh Tiwary (Base price INR 50 lakhs) - sold to Mumbai Indians for INR 80 lakhs
2018,Mandeep Singh,398506,0.5,,sold,Mandeep Singh (Base price INR 50 lakhs) - sold to Royal Challengers Bangalore for INR 1.4 crores
2018,Manoj Tiwary,35565,0.5,,sold,Manoj Tiwary (Base price INR 50 lakhs) - sold to Kings XI Punjab for 1 crore
2018,Washington Sundar,719715,1.5,,sold,Washington Sundar (Base price INR 1.5 crores) - sold to Royal Challengers Bangalore for INR 3.2 crores
2018,Pawan Negi,530773,0.5,,sold,Pawan Negi (Base price INR 50 lakhs) - sold to Royal Challengers Bangalore for INR 1 crore (right-to-match card)
2018,Daniel Christian,4864,1,,sold,Daniel Christian (Base price INR 1 crore) - sold to Delhi Daredevils for INR 1.5 crores
2018,Jayant Yadav,447587,0.5,,sold,Jayant Yadav (Base price INR 50 lakhs) - sold to Delhi Daredevils for INR 50 lakhs
2018,Gurkeerat Singh,537124,0.5,,sold,Gurkeerat Singh (Base price INR 50 lakhs) - sold to Delhi Daredevils for INR 75 lakhs
2018,Ben Cutting,230371,1,,sold,Ben Cutting (Base price INR 1 crore) - sold to Mumbai Indians for INR 2.2 crores
2018,Mohammad Nabi,25913,0.5,,sold,Mohammad Nabi (Base price INR 50 lakhs) - sold to Sunrisers Hyderabad for INR 1 crore
2018,Dhawal Kulkarni,277955,0.5,,sold,Dhawal Kulkarni (Base price INR 50 lakhs) - sold to Rajasthan Royals for INR 75 lakhs (right-to-match card)
2018,Mohit Sharma,537119,1.5,,sold,Mohit Sharma (Base price INR 1.5 crores) - sold to Kings XI Punjab for for INR 2.4 crores (right-to-match card)
2018,Sandeep Sharma,438362,0.5,,sold,Sandeep Sharma (Base price INR 50 lakhs) - sold to Sunrisers Hyderabad for INR 3 crores
2018,R Vinay Kumar,35731,1,,sold,R Vinay Kumar (Base price INR 1 crore) - sold to Kolkata Knight Riders for INR 1 crore
2018,Mohammed Siraj,940973,1,,sold,Mohammed Siraj (Base price INR 1 crore) - sold to Royal Challengers Bangalore for INR 2.6 crores
2018,Nathan Coulter-Nile,261354,1.5,,sold,Nathan Coulter-Nile (Base price INR 1.5 crores) - sold to Royal Challengers Bangalore for INR 2.2 crores
2018,Jaydev Unadkat,390484,1.5,,sold,Jaydev Unadkat (Base price INR 1.5 crores) - sold to Rajasthan Royals for INR 11.5 crores
2018,Trent Boult,277912,1.5,,sold,Trent Boult (Base price INR 1.5 crores) - sold to Delhi Daredevils for INR 2.2 crores
2018,Shardul Thakur,475281,0.75,,sold,Shardul Thakur (Base price INR 75 lakhs) - sold to Chennai Super Kings for INR 2.6 crores
2018,Mujeeb Zadran,974109,0.5,,sold,Mujeeb Zadran (Base price INR 50 lakhs) - sold to Kings XI Punjab for INR 4 crores
2018,Apoorv Wankhade,505773,0.2,,sold,Apoorv Wankhade (Base price INR 20 lakhs) - sold to Kolkata Knight Riders for INR 20 lakhs
2018,Rinku Singh,723105,0.2,,sold,Rinku Singh (Base price INR 20 lakhs) - sold to Kolkata Knight Riders for INR 80 lakhs
2018,Sachin Baby,432783,0.2,,sold,Sachin Baby (Base price INR 20 lakhs) - sold to Sunrisers Hyderabad for INR 20 lakhs
2018,Manjot Kalra,1079842,0.2,,sold,Manjot Kalra (Base price INR 20 lakhs) - sold to Delhi Daredevils for INR 20 lakhs
2018,Ankit Sharma,422992,0.2,,sold,Ankit Sharma (Base price INR 20 lakhs) - sold to Rajasthan Royals for INR 20 lakhs
2018,Shivam Mavi,1079848,0.2,,sold,Shivam Mavi (Base price INR 20 lakhs) - sold to Kolkata Knight Riders for INR 3 crores
2018,Abhishek Sharma,1070183,0.2,,sold,Abhishek Sharma (Base price INR 20 lakhs) - sold to Delhi Daredevils for INR 55 lakhs
2018,Pradeep Sangwan,279545,0.3,,sold,Pradeep Sangwan (Base price INR 30 lakhs) - sold to Mumbai Indians for INR 1.5 crores
2018,Anureet Singh,376324,0.3,,sold,Anureet Singh (Base price INR 30 lakhs) - sold to Rajasthan Royals for INR 30 lakhs
2018,Jagadeesan Narayan,1048813,0.2,,sold,Jagadeesan Narayan (Base price INR 20 lakhs) - sold to Chennai Super Kings for INR 20 lakhs
2018,Zahir Khan,712219,0.2,,sold,Zahir Khan (Base price INR 20 lakhs) - sold to Rajasthan Royals for INR 60 lakhs
2018,JP Duminy,44932,1,,sold,JP Duminy (Base price INR 1 crore) - sold to Mumbai Indians for INR 1 crore
2018,Chris Jordan,288992,1,,sold,Chris Jordan (Base price INR 1 crore) - sold to Sunrisers Hyderabad for INR 1 crore
2018,Mitchell Santner,502714,0.5,,sold,Mitchell Santner (Base price INR 50 lakhs) - sold to Chennai Super Kings for INR 50 lakhs
2018,Jason Behrendorff,272477,1,,sold,Jason Behrendorff (Base price INR 1 crore) - sold to Mumbai Indians for INR 1.5 crores
2018,Barinder Sran,537126,0.5,,sold,Barinder Sran (Base price INR 50 lakhs) - sold to Kings XI Punjab for INR 2.2 crores
2018,Billy Stanlake,533042,0.5,,sold,Billy Stanlake (Base price INR 50 lakhs) - sold to Sunrisers Hyderabad for INR 50 lakhs
2018,Andrew Tye,459508,1,,sold,Andrew Tye (Base price INR 1 crore) - sold to Kings XI Punjab for INR 7.2 crores
2018,Tanmay Agarwal,792725,0.2,,sold,Tanmay Agarwal (Base price INR 20 lakhs) - sold to Sunrisers Hyderabad for INR 20 lakhs
2018,Deepak Chahar,447261,0.2,,sold,Deepak Chahar (Base price INR 20 lakhs) - sold to Chennai Super Kings for INR 80 lakhs
2018,Cameron Delport,322810,0.3,,sold,Cameron Delport (Base price INR 30 lakhs) - sold to Kolkata Knight Riders for INR 30 lakhs
2018,Tajinder Singh,1079860,0.2,,sold,Tajinder Singh (Base price INR 20 lakhs) - sold to Mumbai Indians for INR 55 lakhs
2018,Shreyas Gopal,344580,0.2,,sold,Shreyas Gopal (Base price INR 20 lakhs) - sold to Rajasthan Royals for INR 20 lakhs
2018,Akshdeep Nath,500360,0.2,,sold,Akshdeep Nath (Base price INR 20 lakhs) - sold to Kings XI Punjab for INR 1 crore
2018,Shreevats Goswami,302579,0.2,,sold,Shreevats Goswami (Base price INR 20 lakhs) - sold to Sunrisers Hyderabad for INR 1 crore
2018,Ben Dwarshuis,679567,0.2,,sold,Ben Dwarshuis (Base price INR 20 lakhs) - sold to Kings XI Punjab for INR 1.4 crores
2018,KM Asif,1083030,0.2,,sold,KM Asif (Base price INR 20 lakhs) sold to Chennai Super Kings for INR 40 lakhs
2018,Sandeep Lamichhane,960361,0.2,,sold,Sandeep Lamichhane (Base price INR 20 lakhs) - sold to Delhi Daredevils for INR 20 lakhs
2018,Lungi Ngidi,542023,0.5,,sold,Lungi Ngidi (Base price INR 50 lakhs) - sold to Chennai Super Kings for INR 50 lakhs
2018,Sharad Lumba,726989,0.2,,sold,Sharad Lumba (Base price INR 20 lakhs) - sold to Mumbai Indians for INR 20 lakhs
2018,Kanishk Seth,849737,0.2,,sold,Kanishk Seth (Base price INR 20 lakhs) - sold to Chennai Super Kings for INR 20 lakhs
2018,Dhruv Shorey,590327,0.2,,sold,Dhruv Shorey (Base price INR 20 lakhs) - sold to Chennai Super Kings for INR 20 lakhs
2018,Aniruddha Joshi,420644,0.2,,sold,Aniruddha Joshi (Base price INR 20 lakhs) - sold to Royal Challengers Bangalore for INR 20 lakhs
2018,Sudhesan Midhun,1131619,0.2,,sold,Sudhesan Midhun (Base price INR 20 lakhs) - sold to Rajasthan Royals for INR 20 lakhs
2018,M Vijay,237095,2,,sold,M Vijay (Base price INR 2 crores) - sold to Chennai Super Kings for INR 2 crores (second round)
2018,Sam Billings,297628,1,,sold,Sam Billings (Base price INR 1 crore) - sold to Chennai Super Kings for INR 1 crore (second round)
2018,Naman Ojha,32102,0.75,,sold,Naman Ojha (Base price INR 75 lakhs) - sold to Delhi Daredevils for INR 1.4 crores (second round)
2018,Parthiv Patel,32242,1,,sold,Parthiv Patel (Base price INR 1 crore) - sold to Royal Challengers Bangalore for INR 1.7 crores (second round)
2018,Mitchell Johnson,6033,2,,sold,Mitchell Johnson (Base price INR 2 crores) - sold to Kolkata Knight Riders for INR 2 crores (second round)
2018,Tim Southee,232364,1,,sold,Tim Southee (Base price INR 1 crore) - sold to Royal Challengers Bangalore for INR 1 crore (second round)
2018,Siddhesh Lad,422342,0.2,,sold,Siddhesh Lad (Base price INR 20 lakhs) - sold to Mumbai Indians for INR 20 lakhs (second round)
2018,Prashant Chopra,500135,0.2,,sold,Prashant Chopra (Base price INR 20 lakhs) - sold to Rajasthan Royals for INR 20 lakhs (second round)
2018,Aditya Tare,333904,0.2,,sold,Aditya Tare (Base price INR 20 lakhs) - sold to Mumbai Indians for INR 20 lakhs (second round)
2018,Bipul Sharma,35928,0.2,,sold,Bipul Sharma (Base price INR 20 lakhs) - sold to Sunrisers Hyderabad for INR 20 lakhs (second round)
2018,Sayan Ghosh,736413,0.2,,sold,Sayan Ghosh (Base price INR 20 lakhs) - sold to Delhi Daredevils for INR 20 lakhs (second round)
2018,Mayank Markande,1081442,0.2,,sold,Mayank Markande (Base price INR 20 lakhs) - sold to Mumbai Indians for INR 20 lakhs (second round)
2018,Ben Laughlin,315623,0.5,,sold,Ben Laughlin (Base price INR 50 lakhs) - sold to Rajasthan Royals for INR 50 lakhs (second round)
2018,Akila Dananjaya,574178,0.5,,sold,Akila Dananjaya (Base price INR 50 lakhs) - sold to Mumbai Indians for INR 50 lakhs
2018,Pardeep Sahu,34155,0.2,,sold,Pardeep Sahu (Base price INR 20 lakhs) - sold to Kings XI Punjab for INR 20 lakhs
2018,Mayank Dagar,942367,0.2,,sold,Mayank Dagar (Base price INR 20 lakhs) - sold to Kings XI Punjab for INR 20 lakhs (second round)
2018,Anukul Roy,1079839,0.2,,sold,Anukul Roy (Base price INR 20 lakhs) - sold to Mumbai Indians for INR 20 lakhs (second round)
2018,Mark Wood,351588,1.5,,sold,Mark Wood (Base price INR 1.5 crores) - sold to Chennai Super Kings for INR 1.5 crores (second round)
2018,Mahipal Lomror,853265,0.2,,sold,Mahipal Lomror (Base price INR 20 lakhs) - sold to Rajasthan Royals for INR 20 lakhs
2018,Mohsin Khan,1132005,0.2,,sold,Mohsin Khan (Base price INR 20 lakhs) - sold to Mumbai Indians for INR 20 lakhs
2018,Mehdi Hasan,477050,0.2,,sold,Mehdi Hasan (Base price INR 20 lakhs) - sold to Sunrisers Hyderabad for INR 20 lakhs (second round)
2018,Kshitiz Sharma,625380,0.2,,sold,Kshitiz Sharma (Base price INR 20 lakhs) - sold to Chennai Super Kings for INR 20 lakhs (second round)
2018,Monu Kumar,694209,0.2,,sold,Monu Kumar (Base price INR 20 lakhs) - sold to Chennai Super Kings for INR 20 lakhs (second round)
2018,Chaitanya Bishnoi,628217,0.2,,sold,Chaitanya Bishnoi (Base price INR 20 lakhs) - sold to Chennai Super Kings for INR 20 lakhs
2018,Jatin Saxena,34349,0.2,,sold,Jatin Saxena (Base price INR 20 lakhs) - sold to Rajasthan Royals for INR 20 lakhs
2018,Aryaman Birla,1126227,0.2,,sold,Aryaman Birla (Base price INR 20 lakhs) - sold to Rajasthan Royals for INR 30 lakhs (second round)
2018,Pavan Deshpande,422104,0.2,,sold,Pavan Deshpande (Base price INR 20 lakhs) - sold to Royal Challengers Bangalore for INR 20 lakhs
2018,Chris Gayle,51880,2,,sold,Chris Gayle (Base price INR 2 crores) - sold to Kings XI Punjab for INR 2 crores (third round)
2018,Dushmantha Chameera,552152,0.5,,sold,Dushmantha Chameera (Base price INR 50 lakhs) - sold to Rajasthan Royals for INR 50 lakhs (third round)
2018,MD Nidheesh,822703,0.2,,sold,MD Nidheesh (Base price INR 20 lakhs) - sold to Mumbai Indians for INR 20 lakhs (second round)
2018,Manzoor Dar,1080203,0.2,,sold,Manzoor Dar (Base price INR 20 lakhs) - sold to Kings XI Punjab for INR 20 lakhs
2018,Javon Searles,230554,0.3,,sold,Javon Searles (Base price INR 30 lakhs) - sold to Kolkata Knight Riders for INR 30 lakhs
2018,B Indrajith,,0.2,,unsold,B Indrajith (Base price INR 20 lakhs)
2018,Umar Nazir Mir,,0.2,,unsold,Umar Nazir Mir (Base price INR 20 lakhs)
2018,Ashok Dinda,,0.5,,unsold,Ashok Dinda (Base price INR 50 lakhs)
2018,Najibullah Zadran,,0.5,,unsold,Najibullah Zadran (Base price INR 50 lakhs)
2018,Gulbadin Naib,,0.5,,unsold,Gulbadin Naib (Base price INR 50 lakhs)
2018,Akash Bhandari,,0.2,,unsold,Akash Bhandari (Base price INR 20 lakhs)
2018,Sadiq Kirmani,,0.2,,unsold,Sadiq Kirmani (Base price INR 20 lakhs)
2018,Harvik Desai,,0.2,,unsold,Harvik Desai (Base price INR 20 lakhs)
2018,Eklavya Dwivedi,,0.4,,unsold,Eklavya Dwivedi (Base price INR 40 lakhs)
2018,R Samarth,,0.2,,unsold,R Samarth (Base price INR 20 lakhs)
2018,Yuvraj Chudasama,,0.2,,unsold,Yuvraj Chudasama (Base price INR 20 lakhs)
2018,Utkarsh Singh,,0.2,,unsold,Utkarsh Singh (Base price INR 20 lakhs)
2018,Shubham Ranjane,,0.2,,unsold,Shubham Ranjane (Base price INR 20 lakhs)
2018,Antony Das,,0.2,,unsold,Antony Das (Base price INR 20 lakhs)
2018,Sagar Trivedi,,0.2,,unsold,Sagar Trivedi (Base price INR 20 lakhs)
2018,Salman Nizar,,0.2,,unsold,Salman Nizar (Base price INR 20 lakhs)
2018,Akhil Herwadkar,,0.2,,unsold,Akhil Herwadkar (Base price INR 20 lakhs)
2018,Fabid Ahmed,,0.2,,unsold,Fabid Ahmed (Base price INR 20 lakhs)
2018,Jack Wildermuth,,0.2,,unsold,Jack Wildermuth (Base price INR 20 lakhs)
2018,Michael Neser,,0.4,,unsold,Michael Neser (Base price INR 40 lakhs)
2018,Rajat Bhatia,,0.4,,unsold,Rajat Bhatia (Base price INR 40 lakhs)
2018,Ben Wheeler,,0.5,,unsold,Ben Wheeler (Base price INR 50 lakhs)
2018,Aaron Summers,,0.2,,unsold,Aaron Summers (Base price INR 20 lakhs)
2018,Tom Helm,,0.4,,unsold,Tom Helm (Base price INR 40 lakhs)
2018,Pratyush Singh,,0.2,,unsold,Pratyush Singh (Base price INR 20 lakhs)
2018,Kyle Abbott,,1.5,,unsold,Kyle Abbott (Base price INR 1.5 crores)
2018,David Wiese,,0.5,,unsold,David Wiese (Base price INR 50 lakhs)
2018,Himmat Singh,,0.2,,unsold,Himmat Singh (Base price INR 20 lakhs)
2018,Riyan Parag,,0.2,,unsold,Riyan Parag (Base price INR 20 lakhs)
2018,Chirag Gandhi,,0.2,,unsold,Chirag Gandhi (Base price INR 20 lakhs)
2018,Kesrick Williams,,0.5,,unsold,Kesrick Williams (Base price INR 50 lakhs)
2018,Dane Paterson,,0.5,,unsold,Dane Paterson (Base price INR 50 lakhs)
2018,Andile Phehlukwayo,,0.5,,unsold,Andile Phehlukwayo (Base price INR 50 lakhs)
2018,Athisayaraj V,,0.2,,unsold,Athisayaraj V (Base price INR 20 lakhs)
2018,Amit Mishra,,0.2,,unsold,Amit Mishra (Base price INR 20 lakhs)
2018,Lalit Yadav,,0.2,,unsold,Lalit Yadav (Base price INR 20 lakhs)
2018,Vivek Singh,,0.2,,unsold,Vivek Singh (Base price INR 20 lakhs)
2018,Jhye Richardson,,0.5,,unsold,Jhye Richardson (Base price INR 50 lakhs)
2018,Joel Paris,,0.5,,unsold,Joel Paris (Base price INR 50 lakhs)
2018,Morne Morkel,,0.75,,unsold,Morne Morkel (Base price INR 75 lakhs)
2018,Abhimanyu Mithun,,0.5,,unsold,Abhimanyu Mithun (Base price INR 50 lakhs)
2018,Matt Henry,,0.5,,unsold,Matt Henry (Base price INR 50 lakhs)
2018,Marchant de Lange,,0.75,,unsold,Marchant de Lange (Base price INR 75 lakhs)
2018,Sheldon Cottrell,,0.5,,unsold,Sheldon Cottrell (Base price INR 50 lakhs)
2018,JJ Smuts,,0.5,,unsold,JJ Smuts (Base price INR 50 lakhs)
2018,Thisara Perera,,0.5,,unsold,Thisara Perera (Base price INR 50 lakhs)
2018,Jason Holder,,1.5,,unsold,Jason Holder (Base price INR 1.5 crores)
2018,Andre Fletcher,,0.5,,unsold,Andre Fletcher (Base price INR 50 lakhs)
2018,Abhishek Sakuja,,0.2,,unsold,Abhishek Sakuja (Base price INR 20 lakhs)
2018,Vikas Tokas,,0.2,,unsold,Vikas Tokas (Base price INR 20 lakhs)
2018,Ishan Porel,,0.2,,unsold,Ishan Porel (Base price INR 20 lakhs)
2018,Mahesh Rawat,,0.2,,unsold,Mahesh Rawat (Base price INR 20 lakhs)
2018,Smit Patel,,0.2,,unsold,Smit Patel (Base price INR 20 lakhs)
2018,Shashank Singh,,0.2,,unsold,Shashank Singh (Base price INR 20 lakhs)
2018,Atit Sheth,,0.02,,unsold,Atit Sheth (Base price INR 2 lakhs)
2018,B Aparajith,,0.2,,unsold,B Aparajith (Base price INR 20 lakhs)
2018,Virat Singh,,0.2,,unsold,Virat Singh (Base price INR 20 lakhs)
2018,Amandeep Khare,,0.2,,unsold,Amandeep Khare (Base price INR 20 lakhs)
2018,Unmukt Chand,,0.2,,unsold,Unmukt Chand (Base price INR 20 lakhs)
2018,Harpreet Bhatia,,0.2,,unsold,Harpreet Bhatia (Base price INR 20 lakhs)
2018,Adam Milne,,0.75,,unsold,Adam Milne (Base price INR 75 lakhs)
2018,Tymal Mills,,1,,unsold,Tymal Mills (Base price INR 1 crore)
2018,Lockie Ferguson,,0.75,,unsold,Lockie Ferguson (Base price INR 75 lakhs)
2018,S Aravind,,0.5,,unsold,S Aravind (Base price INR 50 lakhs)
2018,Varun Aaron,,0.5,,unsold,Varun Aaron (Base price INR 50 lakhs)
2018,Luke Ronchi,,0.75,,unsold,Luke Ronchi (Base price INR 75 lakhs)
2018,Kusal Perera,,0.5,,unsold,Kusal Perera (Base price INR 50 lakhs)
2018,Tom Latham,,0.5,,unsold,Tom Latham (Base price INR 50 lakhs)
2018,David Willey,,2,,unsold,David Willey (Base price INR 2 crores)
2018,Rovman Powell,,0.5,,unsold,Rovman Powell (Base price INR 50 lakhs)
2018,John Hastings,,0.5,,unsold,John Hastings (Base price INR 50 lakhs)
2018,Hilton Cartwright,,0.5,,unsold,Hilton Cartwright (Base price INR 50 lakhs)
2018,Ashton Agar,,0.5,,unsold,Ashton Agar (Base price INR 50 lakhs)
2018,Aiden Markram,,0.5,,unsold,Aiden Markram (Base price INR 50 lakhs)
2018,Mihir Hirwani,,0.2,,unsold,Mihir Hirwani (Base price INR 20 lakhs)
2018,CM Gautam,,0.2,,unsold,CM Gautam (Base price INR 20 lakhs)
2018,Kedar Devdhar,,0.2,,unsold,Kedar Devdhar (Base price INR 20 lakhs)
2018,Nicholas Pooran,,0.5,,unsold,Nicholas Pooran (Base price INR 50 lakhs)
2018,Niroshan Dickwella,,0.5,,unsold,Niroshan Dickwella (Base price INR 50 lakhs)
2018,Johnson Charles,,0.75,,unsold,Johnson Charles (Base price INR 75 lakhs)
2018,Nathu Singh,,0.2,,unsold,Nathu Singh (Base price INR 20 lakhs)
2018,Ishwar Pandey,,0.2,,unsold,Ishwar Pandey (Base price INR 20 lakhs)
2018,Swapnil Singh,,0.2,,unsold,Swapnil Singh (Base price INR 20 lakhs)
2018,Praveen Dubey,,0.2,,unsold,Praveen Dubey (Base price INR 20 lakhs)
2018,Anmolpreet Singh,,0.2,,unsold,Anmolpreet Singh (Base price INR 20 lakhs
2018,Tabraiz Shamsi,,0.5,,unsold,Tabraiz Shamsi (Base price INR 50 lakhs)
2018,Pragyan Ojha,,0.5,,unsold,Pragyan Ojha (Base price INR 50 lakhs)
2018,Fawad Ahmed,,0.5,,unsold,Fawad Ahmed (Base price INR 50 lakhs)
2018,Nathan Lyon,,1.5,,unsold,Nathan Lyon (Base price INR 1.5 crores)
2018,Dale Steyn,,1,,unsold,Dale Steyn (Base price INR 1 crore)
2018,Rishi Dhawan,,0.5,,unsold,Rishi Dhawan (Base price INR 50 lakhs)
2018,Moises Henriques,,1.5,,unsold,Moises Henriques (Base price INR 1.5 crores)
2018,Corey Anderson,,2,,unsold,Corey Anderson (Base price INR 2 crores)
2018,Colin Ingram,,2,,unsold,Colin Ingram (Base price INR 2 crores)
2018,Travis Head,,1.5,,unsold,Travis Head (Base price INR 1.5 crores)
2018,Lendl Simmons,,1.5,,unsold,Lendl Simmons (Base price INR 1.5 crores)
2018,Shaun Marsh,,1.5,,unsold,Shaun Marsh (Base price INR 1.5 crores)
2018,Eoin Morgan,,2,,unsold,Eoin Morgan (Base price INR 2 crores)
2018,Alex Hales,,1,,unsold,Alex Hales (Base price INR 1 crore)
2018,Shivil Kaushik,,0.2,,unsold,Shivil Kaushik (Base price INR 20 lakhs)
2018,Iqbal Abdullah,,0.3,,unsold,Iqbal Abdullah (Base price INR 30 lakhs)
2018,J Suchith,,0.2,,unsold,J Suchith (Base price INR 20 lakhs)
2018,Tejas Baroka,,0.2,,unsold,Tejas Baroka (Base price INR 20 lakhs)
2018,Sai Kishore,,0.2,,unsold,Sai Kishore (Base price INR 20 lakhs)
2018,KC Cariappa,,0.2,,unsold,KC Cariappa (Base price INR 20 lakhs)
2018,Joe Root,,1.5,,unsold,Joe Root (Base price INR 1.5 crores)
2018,Hashim Amla,,1.5,,unsold,Hashim Amla (Base price INR 1.5 crores)
2018,Martin Guptill,,0.75,,unsold,Martin Guptill (Base price INR 75 lakhs)
2018,James Faulkner,,2,,unsold,James Faulkner (Base price INR 2 crores)
2018,Jonny Bairstow,,1.5,,unsold,Jonny Bairstow (Base price INR 1.5 crores)
2018,Josh Hazlewood,,2,,unsold,Josh Hazlewood (Base price INR 2 crores)
2018,Ishant Sharma,,0.75,,unsold,Ishant Sharma (Base price INR 75 lakhs)
2018,Mitchell McClenaghan,,1,,unsold,Mitchell McClenaghan (Base price INR 1 crore)
2018,Lasith Malinga,,1,,unsold,Lasith Malinga (Base price INR 1 crore)
2018,Ish Sodhi,,0.5,,unsold,Ish Sodhi (Base price INR 50 lakhs)
2018,Samuel Badree,,1,,unsold,Samuel Badree (Base price INR 1 crore)
2018,Adam Zampa,,1,,unsold,Adam Zampa (Base price INR 1 crore)
2018,Himanshu Rana,,0.2,,unsold,Himanshu Rana (Base price INR 20 lakhs)
2018,Shivam Dubey,,0.2,,unsold,Shivam Dubey (Base price INR 20 lakhs)
2018,Jitesh Sharma,,0.2,,unsold,Jitesh Sharma (Base price INR 20 lakhs)
2018,Nikhil Naik,,0.2,,unsold,Nikhil Naik (Base price INR 20 lakhs)
2018,Ben McDermott,,0.3,,unsold,Ben McDermott (Base price INR 30 lakhs)
2018,Ankush Bains,,0.2,,unsold,Ankush Bains (Base price INR 20 lakhs)
2018,Vishnu Vinod,,0.2,,unsold,Vishnu Vinod (Base price INR 20 lakhs)
2018,Sheldon Jackson,,0.2,,unsold,Sheldon Jackson (Base price INR 20 lakhs)
2018,Rajneesh Gurbani,,0.2,,unsold,Rajneesh Gurbani (Base price INR 20 lakhs)
2019,Hanuma Vihari,452044,0.5,,sold,Hanuma Vihari (Base price INR 50 lakhs) sold to Delhi Capitals for INR 2 crores
2019,Shimron Hetmyer,670025,0.5,,sold,Shimron Hetmyer (Base price INR 50 lakhs) sold to Royal Challengers Bangalore for INR 4.2 crores
2019,Carlos Brathwaite,457249,0.75,,sold,Carlos Brathwaite (Base price INR 75 lakhs) sold to Kolkata Knight Riders for INR 5 crores
2019,Gurkeerat Singh Mann,537124,0.5,,sold,Gurkeerat Singh Mann (Base price INR 50 lakhs) sold to Royal Challengers Bangalore for INR 50 lakhs
2019,Moises Henriques,5961,1,,sold,Moises Henriques (Base price INR 1 crore) sold to Kings XI Punjab for INR 1 crore
2019,Axar Patel,554691,1,,sold,Axar Patel (Base price INR 1 crore) sold to Delhi Capitals for INR 5 crores
2019,Jonny Bairstow,297433,1.5,,sold,Jonny Bairstow (Base price INR 1.5 crores) sold to Sunrisers Hyderabad for INR 2.2 crores
2019,Nicholas Pooran,604302,0.75,,sold,Nicholas Pooran (Base price INR 75 lakhs) sold to Kings XI Punjab for INR 4.2 crores
2019,Wriddhiman Saha,279810,1,,sold,Wriddhiman Saha (Base price INR 1 crore) sold to Sunrisers Hyderabad for INR 1.2 crores
2019,Jaydev Unadkat,390484,1.5,,sold,Jaydev Unadkat (Base price INR 1.5 crore) sold to Rajasthan Royals for INR 8.4 crores
2019,Ishant Sharma,236779,0.75,,sold,Ishant Sharma (Base price INR 75 lakhs) sold to Delhi Capitals for INR 1.1 crores
2019,Lasith Malinga,49758,2,,sold,Lasith Malinga (Base price INR 2 crores) sold to Mumbai Indians for INR 2 crores
2019,Mohammed Shami,481896,1,,sold,Mohammed Shami (Base price INR 1 crore) sold to Kings XI Punjab for INR 4.8 crores
2019,Varun Aaron,360911,0.5,,sold,Varun Aaron (Base price INR 50 lakhs) sold to Rajasthan Royals for INR 2.4 crores
2019,Mohit Sharma,537119,0.5,,sold,Mohit Sharma (Base price INR 50 lakhs) sold to Chennai Super Kings for INR 5 crores
2019,Devdutt Padikkal,1119026,0.2,,sold,Devdutt Padikkal (Base price INR 20 lakhs) sold to Royal Challengers Bangalore for INR 20 lakhs
2019,Anmolpreet Singh,851261,0.2,,sold,Anmolpreet Singh (Base price INR 20 lakhs) sold to Mumbai Indians for INR 80 lakhs
2019,Sarfaraz Khan,642525,0.2,,sold,Sarfaraz Khan (Base price INR 20 lakhs) sold to Kings XI Punjab for INR 25 lakhs
2019,Shivam Dube,714451,0.2,,sold,Shivam Dube (Base price INR 20 lakhs) sold to Royal Challengers Bangalore for INR 5 crores
2019,Varun Chakravarthy,1108375,0.2,,sold,Varun Chakravarthy (Base price INR 20 lakhs) sold to Kings XI Punjab for INR 8.4 crores
2019,Ankush Bains,604534,0.2,,sold,Ankush Bains (Base price INR 20 lakhs) sold to Delhi Capitals for INR 20 lakhs
2019,Nathu Singh,853259,0.2,,sold,Nathu Singh (Base price INR 20 lakhs) sold to Delhi Capitals for INR 20 lakhs
2019,Colin Ingram,45705,2,,sold,Colin Ingram (Base price INR 2 crores) sold to Delhi Capitals for INR 6.40 crores
2019,Sam Curran,662973,2,,sold,Sam Curran (Base price INR 2 crores) sold to Kings XI Punjab for INR 7.2 crores
2019,Heinrich Klaasen,436757,0.5,,sold,Heinrich Klaasen (Base price INR 50 lakhs) sold to Royal Challengers Bangalore for INR 50 lakhs
2019,Barinder Sran,537126,0.5,,sold,Barinder Sran (Base price INR 50 lakhs) sold to Mumbai Indians for INR 3.4 crore
2019,Lockie Ferguson,493773,1,,sold,Lockie Ferguson (Base price 1 crore) sold to Kolkata Knight Riders for INR 1.6 crores
2019,Sherfane Rutherford,914541,0.4,,sold,Sherfane Rutherford (Base price INR 40 lakhs) sold to Delhi Capitals for INR 2 crores
2019,Anrich Nortje,481979,0.2,,sold,Anrich Nortje (Base price INR 20 lakhs) sold to Kolkata Knight Riders for INR 20 lakhs
2019,Oshane Thomas,914567,0.5,,sold,Oshane Thomas (Base price INR 50 lakhs) sold to Rajasthan Royals for 1.1 crores
2019,Hardus Viljoen,375126,0.75,,sold,Hardus Viljoen (Base price INR 75 lakhs) sold to Kings XI Punjab for INR 75 lakhs
2019,Himmat Singh,805235,0.2,,sold,Himmat Singh (Base price INR 20 lakhs) sold to Royal Challengers Bangalore for INR 65 lakhs
2019,Nikhil Naik,554700,0.2,,sold,Nikhil Naik (Base price INR 20 lakhs) sold to Kolkata Knight Riders for INR 20 lakhs
2019,Arshdeep Singh,1125976,0.2,,sold,Arshdeep Singh (Base price INR 20 lakhs) sold to Kings XI Punjab for INR 20 lakhs
2019,Harry Gurney,244639,0.75,,sold,Harry Gurney (Base price INR 75 lakhs) sold to Kolkata Knight Riders for INR 75 lakhs
2019,Pankaj Jaiswal,652359,0.2,,sold,Pankaj Jaiswal (Base price INR 20 lakhs) sold to Mumbai Indians for INR 20 lakhs
2019,Milind Kumar,451947,0.2,,sold,Milind Kumar (Base price INR 20 lakhs) sold to Royal Challengers Bangalore for INR 20 lakhs
2019,Darshan Nalkande,1111917,0.2,,sold,Darshan Nalkande (Base price INR 20 lakhs) sold to Kings XI Punjab for INR 30 lakhs
2019,Shashank Singh,377534,0.2,,sold,Shashank Singh (Base price INR 20 lakhs) sold to Rajasthan Royals for INR 30 lakhs
2019,Simran Singh,1161024,0.2,,sold,Simran Singh (Base price INR 20 lakhs) sold to Kings XI Punjab for INR 4.8 crores
2019,Rasikh Salam,1161489,0.2,,sold,Rasikh Salam (Base price INR 20 lakhs) sold to Mumbai Indians for INR 20 lakhs
2019,Prithvi Raj,1121579,0.2,,sold,Prithvi Raj (Base price INR 20 lakhs) sold to Kolkata Knight Riders for INR 20 lakhs
2019,Liam Livingstone,403902,0.5,,sold,Liam Livingstone (Base price INR 50 lakhs) sold to Rajasthan Royals for INR 50 lakhs
2019,Keemo Paul,677081,0.5,,sold,Keemo Paul (Base price INR 50 lakhs) sold to Delhi Capitals for INR 50 lakhs
2019,Prayas Ray Barman,1159712,0.2,,sold,Prayas Ray Barman (Base price INR 20 lakhs) sold to Royal Challengers Bangalore for INR 1.5 crore
2019,Agnivesh Ayachi,1083577,0.2,,sold,Agnivesh Ayachi (Base price INR 20 lakhs) sold to Kings XI Punjab for INR 20 lakhs
2019,Harpreet Brar,1168641,0.2,,sold,Harpreet Brar (Base price INR 20 lakhs) sold to Kings XI Punjab for INR 20 lakhs
2019,Martin Guptill,226492,1,,sold,Martin Guptill (Base price INR 1 crore) sold to Sunrisers Hyderabad for INR 1 crore - re-presented in accelerated auction
2019,Yuvraj Singh,36084,1,,sold,Yuvraj Singh (Base price INR 1 crore) sold to Mumbai Indians for INR 1 crore - re-presented in accelerated auction
2019,Akshdeep Nath,500360,0.2,,sold,Akshdeep Nath (Base price INR 20 lakhs) sold to Royal Challengers Bangalore for INR 3.6 crores - re-presented in accelerated auction
2019,Jalaj Saxena,237199,0.2,,sold,Jalaj Saxena (Base price INR 20 lakhs) sold to Delhi Capitals for INR 20 lakhs - re-presented in accelerated auction
2019,M Ashwin,528067,0.2,,sold,M Ashwin (Base price INR 20 lakhs) sold to Kings XI Punjab for INR 20 lakhs - re-presented in accelerated auction
2019,Ruturaj Gaikwad,1060380,0.2,,sold,Ruturaj Gaikwad (Base price INR 20 lakhs) sold to Chennai Super Kings for INR 20 lakhs
2019,Shubham Ranjane,554701,0.2,,sold,Shubham Ranjane (Base price INR 20 lakhs) sold to Rajasthan Royals for INR 20 lakhs - re-presented in accelerated auction
2019,Joe Denly,12454,1,,sold,Joe Denly (Base price INR 1 crore) sold to Kolkata Knight Riders for INR 1 crore - re-presented in accelerated auction
2019,B Ayyappa,588144,0.2,,sold,B Ayyappa (Base price INR 20 lakhs) sold to Delhi Capitals for INR 20 lakhs
2019,Shrikant Mundhe,279862,0.2,,sold,Shrikant Mundhe (Base price INR 20 lakhs) sold to Kolkata Knight Riders for INR 20 lakhs - re-presented in accelerated auction
2019,Manan Vohra,532856,0.2,,sold,Manan Vohra (Base price INR 20 lakhs) sold to Rajasthan Royals for INR 20 lakhs - re-presented in accelerated auction
2019,Ashton Turner,500268,0.5,,sold,Ashton Turner (Base price INR 50 lakhs) sold to Rajasthan Royals for INR 50 lakhs - re-presented in accelerated auction
2019,Riyan Parag,1079434,0.2,,sold,Riyan Parag (Base price INR 20 lakhs) sold to Rajasthan Royals for INR 20 lakhs
2019,Manoj Tiwary,35565,0.5,,unsold,Manoj Tiwary (Base price INR 50 lakhs)
2019,Cheteshwar Pujara,32540,0.5,,unsold,Cheteshwar Pujara (Base price INR 50 lakhs)
2019,Alex Hales,249866,1.5,,unsold,Alex Hales (Base price INR 1.5 crores)
2019,Brendon McCullum,37737,2,,unsold,Brendon McCullum (Base price INR 2 crores)
2019,Chris Woakes,247235,2,,unsold,Chris Woakes (Base price INR 2 crores)
2019,Chris Jordan,288992,1,,unsold,Chris Jordan (Base price INR 1 crore)
2019,Naman Ojha,32102,0.75,,unsold,Naman Ojha (Base price INR 75 lakhs)
2019,Ben McDermott,603410,0.5,,unsold,Ben McDermott (Base price INR 50 lakhs)
2019,Rahul Sharma,272994,0.5,,unsold,Rahul Sharma (Base price INR 50 lakhs)
2019,Adam Zampa,379504,1,,unsold,Adam Zampa (Base price INR 1 crore)
2019,Khary Pierre,581160,0.5,,unsold,Khary Pierre (Base price INR 50 lakhs)
2019,Fawad Ahmed,240609,0.5,,unsold,Fawad Ahmed (Base price INR 50 lakhs)
2019,Sachin Baby,432783,0.2,,unsold,Sachin Baby (Base price INR 20 lakhs)
2019,Ankit Bawne,327123,0.2,,unsold,Ankit Bawne (Base price INR 20 lakhs)
2019,Armaan Jaffer,960369,0.2,,unsold,Armaan Jaffer (Base price INR 20 lakhs)
2019,Ayush Badoni,1151270,0.2,,unsold,Ayush Badoni (Base price INR 20 lakhs)
2019,Sheldon Jackson,237696,0.2,,unsold,Sheldon Jackson (Base price INR 20 lakhs)
2019,B Indrajith,477069,0.2,,unsold,B Indrajith (Base price INR 20 lakhs)
2019,Anuj Rawat,1123073,0.2,,unsold,Anuj Rawat (Base price INR 20 lakhs)
2019,KS Bharat,529436,0.2,,unsold,KS Bharat (Base price INR 20 lakhs)
2019,Arun Karthik,319745,0.2,,unsold,Arun Karthik (Base price INR 20 lakhs)
2019,Aniket Choudhary,527299,0.2,,unsold,Aniket Choudhary (Base price INR 20 lakhs)
2019,Ishan Porel,967603,0.2,,unsold,Ishan Porel (Base price INR 20 lakhs)
2019,Rajneesh Gurbani,950165,0.2,,unsold,Rajneesh Gurbani (Base price INR 20 lakhs)
2019,Chama Milind,604616,0.2,,unsold,Chama Milind (Base price INR 20 lakhs)
2019,Tushar Deshpande,822553,0.2,,unsold,Tushar Deshpande (Base price INR 20 lakhs)
2019,J Suchith,527663,0.2,,unsold,J Suchith (Base price 20 lakhs)
2019,Yuvraj Chudasama,969367,0.2,,unsold,Yuvraj Chudasama (Base price 20 lakhs)
2019,Zahir Khan,712219,0.4,,unsold,Zahir Khan (Base price INR 40 lakhs)
2019,KC Cariappa,777537,0.2,,unsold,KC Cariappa (Base price INR 20 lakhs)
2019,R Sai Kishore,1048739,0.2,,unsold,R Sai Kishore (Base price INR 20 lakhs)
2019,Usman Khawaja,215155,1,,unsold,Usman Khawaja (Base price INR 1 crore)
2019,Hazratullah Zazai,793457,0.5,,unsold,Hazratullah Zazai (Base price INR 50 lakhs)
2019,Reeza Hendricks,269280,0.5,,unsold,Reeza Hendricks (Base price INR 50 lakhs)
2019,Shaun Marsh,6683,2,,unsold,Shaun Marsh (Base price INR 2 crores)
2019,Saurabh Tiwary,35390,0.5,,unsold,Saurabh Tiwary (Base price INR 50 lakhs)
2019,Hashim Amla,43906,1,,unsold,Hashim Amla (Base price INR 1 crore)
2019,James Neesham,355269,0.75,,unsold,James Neesham (Base price INR 75 lakhs)
2019,Angelo Mathews,49764,2,,unsold,Angelo Mathews (Base price INR 2 crores)
2019,Rishi Dhawan,290727,0.5,,unsold,Rishi Dhawan (Base price INR 50 lakhs)
2019,Corey Anderson,277662,2,,unsold,Corey Anderson (Base price INR 2 crores)
2019,Parvez Rasool,378496,0.5,,unsold,Parvez Rasool (Base price INR 50 lakhs)
2019,Jason Holder,391485,0.75,,unsold,Jason Holder (Base price INR 75 lakhs)
2019,Luke Ronchi,7502,0.75,,unsold,Luke Ronchi (Base price INR 75 lakhs)
2019,Mushfiqur Rahim,56029,0.5,,unsold,Mushfiqur Rahim (Base price INR 50 lakhs)
2019,Kusal Perera,300631,0.75,,unsold,Kusal Perera (Base price INR 75 lakhs)
2019,Glenn Phillips,823509,0.5,,unsold,Glenn Phillips (Base price INR 50 lakhs)
2019,Vinay Kumar,35731,0.5,,unsold,Vinay Kumar (Base price INR 50 lakhs)
2019,Kane Richardson,272262,1,,unsold,Kane Richardson (Base price INR 1 crore)
2019,Abhimanyu Mithun,310958,0.5,,unsold,Abhimanyu Mithun (Base price INR 50 lakhs)
2019,Morne Morkel,46538,1.5,,unsold,Morne Morkel (Base price INR 1.5 crores)
2019,Dale Steyn,47492,1.5,,unsold,Dale Steyn (Base price INR 1.5 crores)
2019,Praveen Dubey,777515,0.2,,unsold,Praveen Dubey (Base price INR 20 lakhs)
2019,Qais Ahmad,914171,0.2,,unsold,Qais Ahmad (Base price INR 20 lakhs)
2019,Satyajeet Bachhav,591653,0.2,,unsold,Satyajeet Bachhav (Base price INR 20 lakhs)
2019,Rilee Rossouw,318845,1.5,,unsold,Rilee Rossouw (Base price INR 1.5 crores)
2019,Daniel Christian,4864,1,,unsold,Daniel Christian (Base price INR 1 crore)
2019,Manpreet Gony,317293,0.5,,unsold,Manpreet Gony (Base price INR 50 lakhs)
2019,Ali Khan,927119,0.4,,unsold,Ali Khan (Base price INR 40 lakhs)
2019,James Pattinson,272465,1,,unsold,James Pattinson (Base price INR 1 crore)
2019,Himanshu Rana,816599,0.2,,unsold,Himanshu Rana (Base price INR 20 lakhs)
2019,Lewis Gregory,362201,0.4,,unsold,Lewis Gregory (Base price INR 40 lakhs)
2019,Vishnu Vinod,732293,0.2,,unsold,Vishnu Vinod (Base price INR 20 lakhs)
2019,Patrick Brown,396884,0.4,,unsold,Patrick Brown (Base price INR 40 lakhs)
2019,Jaskaran Singh,543922,0.2,,unsold,Jaskaran Singh (Base price INR 20 lakhs)
2019,Sandeep Warrier,592735,0.2,,unsold,Sandeep Warrier (Base price INR 20 lakhs)
2019,Fabian Allen,670013,0.5,,unsold,Fabian Allen (Base price INR 50 lakhs)
2019,Sikandar Raza,299572,0.75,,unsold,Sikandar Raza (Base price INR 75 lakhs)
2019,Sairaj Patil,1079560,0.2,,unsold,Sairaj Patil (Base price INR 20 lakhs)
2019,Swapnil Singh,232292,0.2,,unsold,Swapnil Singh (Base price INR 20 lakhs)
2019,Lalit Yadav,930189,0.2,,unsold,Lalit Yadav (Base price INR 20 lakhs)
2019,Laurie Evans,256956,0.4,,unsold,Laurie Evans (Base price INR 40 lakhs)
2019,Jamie Overton,510530,0.4,,unsold,Jamie Overton (Base price INR 40 lakhs)
2019,Akash Parkar,714461,0.2,,unsold,Akash Parkar (Base price INR 20 lakhs)
2019,Karn Kaushal,1159773,0.2,,unsold,Karn Kaushal (Base price INR 20 lakhs)
2019,Mayank Dagar,942367,0.2,,unsold,Mayank Dagar (Base price INR 20 lakhs)
2019,Zeeshan Ansari,942371,0.2,,unsold,Zeeshan Ansari (Base price INR 20 lakhs)
2019,Kedar Devdhar,340063,0.2,,unsold,Kedar Devdhar (Base price INR 20 lakhs)
2019,Tanmay Mishra,24790,0.2,,unsold,Tanmay Mishra (Base price INR 20 lakhs)
2019,Aman Khan,1119011,0.2,,unsold,Aman Khan (Base price INR 20 lakhs)
2020,Chris Lynn,326637,2,,sold,Chris Lynn (Base price INR 2 crore) sold to Mumbai Indians for INR 2 crore
2020,Eoin Morgan,24598,1.5,,sold,Eoin Morgan (Base price INR 1.50 crore) sold to Kolkata Knight Riders for INR 5.25 crore
2020,Robin Uthappa,35582,1.5,,sold,Robin Uthappa (Base price INR 1.5 crore) sold to Rajasthan Royals for INR 3 crore
2020,Jason Roy,298438,1.5,,sold,Jason Roy (Base price INR 1.5 crore) sold to Delhi Capitals for INR 1.5 crore
2020,Aaron Finch,5334,1,,sold,Aaron Finch (Base price INR 1 crore) sold to Royal Challengers Bangalore for INR 4.4 crore
2020,Glenn Maxwell,325026,2,,sold,Glenn Maxwell (Base price INR 2 crore) sold to Kings XI Punjab for INR 10.75 crore
2020,Chris Woakes,247235,1.5,,sold,Chris Woakes (Base price INR 1.5 crore) sold to Delhi Capitals for INR 1.5 crore
2020,Pat Cummins,489889,2,,sold,Pat Cummins (Base price INR 2 crore) sold to Kolkata Knight Riders for INR 15.50 crore
2020,Sam Curran,662973,1,,sold,Sam Curran (Base price INR 1 crore) sold to Chennai Super Kings for INR 5.50 crore
2020,Chris Morris,439952,1.5,,sold,Chris Morris (Base price INR 1.50 crore) sold to Royal Challengers Bangalore for INR 10 crore
2020,Alex Carey,326434,0.5,,sold,Alex Carey (Base price INR 50 lakh) sold to Delhi Capitals for INR 2.4 crore
2020,Jaydev Unadkat,390484,1,,sold,Jaydev Unadkat (Base price INR 1 crore) sold to Rajasthan Royals for INR 3 crore
2020,Nathan Coulter-Nile,261354,1,,sold,Nathan Coulter-Nile (Base price INR 1 crore) sold to Mumbai Indians for INR 8 crore
2020,Sheldon Cottrell,495551,0.5,,sold,Sheldon Cottrell (Base price INR 50 lakh) sold to Kings XI Punjab for INR 8.5 crore
2020,Piyush Chawla,32966,1,,sold,Piyush Chawla (Base price INR 1 crore) sold to Chennai Super Kings for INR 6.75 crore
2020,Rahul Tripathi,446763,0.2,,sold,Rahul Tripathi (Base price INR 20 lakh) sold to Kolkata Knight Riders for INR 60 lakh
2020,Virat Singh,720465,0.2,,sold,Virat Singh (Base price INR 20 lakhs) sold to Sunrisers Hyderabad for INR 1.9 crores
2020,Priyam Garg,1070180,0.2,,sold,Priyam Garg (Base price INR 20 lakh) sold to Sunrisers Hyderabad for INR 1.9 crore
2020,Deepak Hooda,497121,0.4,,sold,Deepak Hooda (Base price INR 40 lakh) sold to Kings XI Punjab for INR 50 lakh
2020,Varun Chakravarthy,1108375,0.3,,sold,Varun Chakravarthy (Base price INR 30 lakh) sold to Kolkata Knight Riders for INR 4 crore
2020,Yashasvi Jaiswal,1151278,0.2,,sold,Yashasvi Jaiswal (Base price INR 20 lakh) sold to Rajasthan Royals for INR 2.4 crore
2020,Anuj Rawat,1123073,0.2,,sold,Anuj Rawat (Base price 20 lakh) sold to Rajasthan Royals for INR 80 lakh
2020,Akash Singh,1175458,0.2,,sold,Akash Singh (Base price INR 20 lakh) sold to Rajasthan Royals for INR 20 lakh
2020,Kartik Tyagi,1122918,0.2,,sold,Kartik Tyagi (Base price INR 20 lakh) sold to Rajasthan Royals for INR 1.3 crore
2020,Ishan Porel,967603,0.2,,sold,Ishan Porel (Base price INR 20 lakh) sold to Kings XI Punjab for INR 20 lakh
2020,M Siddarth,1151286,0.2,,sold,M Siddarth (Base price INR 20 lakh) sold to Kolkata Knight Riders for INR 20 lakh
2020,Ravi Bishnoi,1175441,0.2,,sold,Ravi Bishnoi (Base price INR 20 lakh) sold to Kings XI Punjab for INR 2 crore
2020,Shimron Hetmyer,670025,0.5,,sold,Shimron Hetmyer (Base price INR 50 lakh) sold to Delhi Capitals for INR 7.75 crore
2020,David Miller,321777,0.75,,sold,David Miller (Base price INR 75 lakh) sold to Rajasthan Royals for INR 75 lakh
2020,Saurabh Tiwary,35390,0.5,,sold,Saurabh Tiwary (Base price INR 50 lakh) sold to Mumbai Indians for INR 50 lakh
2020,Mitchell Marsh,272450,2,,sold,Mitchell Marsh (Base price INR 2 crore) sold to Sunrisers Hyderabad for INR 2 crore
2020,James Neesham,355269,0.5,,sold,James Neesham (Base price INR 50 lakh) sold to Kings XI Punjab for INR 50
2020,Josh Hazlewood,288284,2,,sold,Josh Hazlewood (Base price INR 2 crore) sold to Chennai Super Kings for INR 2 crore
2020,B Sandeep,427484,0.2,,sold,B Sandeep (Base price INR 20 lakh) sold to Sunrisers Hyderabad for INR 20 lakh
2020,Chris Green,787073,0.2,,sold,Chris Green (Base price INR 20 lakh) sold to Kolkata Knight Riders for INR 20 lakh
2020,Josh Philippe,1124282,0.2,,sold,Josh Philippe (Base price INR 20 lakh) sold to Royal Challengers Bangalore for INR 20 lakh
2020,Tom Banton,877051,1,,sold,Tom Banton (Base price INR 1 crore) sold to Kolkata Knight Riders for INR 1 crore
2020,Fabian Allen,670013,0.5,,sold,Fabian Allen (Base price INR 50 lakh) sold to Sunrisers Hyderabad for INR 50 lakh
2020,Chris Jordan,288992,0.75,,sold,Chris Jordan (Base price INR 75 lakh) sold to Kings XI Punjab for INR 3 crore
2020,Kane Richardson,272262,1.5,,sold,Kane Richardson (Base price INR 1.5 crore) sold to Royal Challengers Bangalore for INR 4 crore
2020,Oshane Thomas,914567,0.5,,sold,Oshane Thomas (Base price INR 50 lakh) sold to Rajasthan Royals for INR 50 lakh
2020,Pravin Tambe,587152,0.2,,sold,Pravin Tambe (Base price INR 20 lakh) sold to Kolkata Knight Riders for INR 20 lakh
2020,Tarjinder Singh Dhillon,1079860,0.2,,sold,Tarjinder Singh Dhillon (Base price INR 20 lakh) sold to Kings XI punjab for INR 20 lakh
2020,Abdul Samad,1175485,0.2,,sold,Abdul Samad (Base price INR 20 lakh) sold to Sunrisers Hyderabad for INR 20 lakh
2020,Aniruddha Joshi,420644,0.2,,sold,Aniruddha Joshi (Base price INR 20 lakh) sold to Rajasthan Royals for INR 20 lakh
2020,Balwant Rai Singh,1210280,0.2,,sold,Balwant Rai Singh (Base price INR 20 lakh) sold to Mumbai Indians for INR 20 lakh
2020,Sanjay Yadav,1048841,0.2,,sold,Sanjay Yadav (Base price INR 20 lakh) sold to Sunrisers Hyderabad for INR 20 lakh
2020,Mohit Sharma,537119,0.5,,sold,Mohit Sharma (Base price INR 50 lakh) sold to Delhi Capitals for INR 50 lakh
2020,Pavan Deshpande,422104,0.2,,sold,Pavan Deshpande (Base price INR 20 lakh) sold to Royal Challengers Bangalore for INR 20 lakh
2020,Prabhsimran Singh,1161024,0.2,,sold,Prabhsimran Singh (Base price INR 20 lakh) sold to Kings XI Punjab for INR 55 lakh
2020,Tushar Deshpande,822553,0.2,,sold,Tushar Deshpande (Base price INR 20 lakh) sold to Delhi Capitals for INR 20 lakh
2020,R Sai Kishore,1048739,0.2,,sold,R Sai Kishore (Base price INR 20 lakh) sold to Chennai Super Kings for INR 20 lakh
2020,Digvijay Deshmukh,1206410,0.2,,sold,Digvijay Deshmukh (Base price INR 20 lakh) sold to Mumbai Indians for INR 20 lakh
2020,Marcus Stoinis,325012,1,,sold,Marcus Stoinis (Base price INR 1 crore) sold to Delhi Capitals for INR 4.8 crore
2020,Dale Steyn,47492,2,,sold,Dale Steyn (Base price INR 2 crore) sold to Royal Challengers Bangalore for INR 2 crore
2020,Andrew Tye,459508,1,,sold,Andrew Tye (Base price INR 1 crore) sold to Rajasthan Royals for INR 1 crore
2020,Lalit Yadav,930189,0.2,,sold,Lalit Yadav (Base price INR 20 lakh) sold to Delhi Capitals for INR 20 lakh
2020,Shahbaz Ahmed,1159711,0.2,,sold,Shahbaz Ahmed (Base price INR 20 lakh) sold to Royal Challengers Bangalore for INR 20 lakh
2020,Mohsin Khan,1081140,0.2,,sold,Mohsin Khan (Base price INR 20 lakh) sold to Mumbai Indians for INR 20 lakh
2020,Nikhil Naik,554700,0.2,,sold,Nikhil Naik (Base price INR 20 lakh) sold to Kolkata Knight Riders for INR 20 lakh
2020,Tom Curran,550235,1,,sold,Tom Curran (Base price INR 1 crore) sold to Rajasthan Royals for INR 1 crore
2020,Isuru Udana,328026,0.5,,sold,Isuru Udana (Base price INR 50 lakh) sold to Royal Challengers Bangalore for INR 50 lakh
2020,Hanuma Vihari,452044,0.5,,unsold,Hanuma Vihari (Base price INR 50 lakh)
2020,Cheteshwar Pujara,32540,0.5,,unsold,Cheteshwar Pujara (Base price INR 50 lakh)
2020,Yusuf Pathan,32498,1,,unsold,Yusuf Pathan (Base price INR 1 crore)
2020,Colin de Grandhomme,55395,0.75,,unsold,Colin de Grandhomme (Base price INR 75 lakh)
2020,Stuart Binny,27223,0.5,,unsold,Stuart Binny (Base price INR 50 lakh)
2020,Heinrich Klaasen,436757,0.5,,unsold,Heinrich Klaasen (Base price INR 50 lakh)
2020,Mushfiqur Rahim,56029,0.75,,unsold,Mushfiqur Rahim (Base price INR 75 lakh)
2020,Naman Ojha,32102,0.5,,unsold,Naman Ojha (Base price INR 50 lakh)
2020,Kusal Perera,300631,0.5,,unsold,Kusal Perera (Base price INR 50 lakh)
2020,Shai Hope,581379,0.5,,unsold,Shai Hope (Base price INR 50 lakh)
2020,Tim Southee,232364,1,,unsold,Tim Southee (Base price INR 1 crore)
2020,Ish Sodhi,559066,0.75,,unsold,Ish Sodhi (Base price INR 75 lakh)
2020,Adam Zampa,379504,1.5,,unsold,Adam Zampa (Base price INR 1.5 crore)
2020,Hayden Walsh,443263,0.5,,unsold,Hayden Walsh (Base price INR 50 lakh)
2020,Zahir Khan,712219,0.5,,unsold,Zahir Khan (Base price INR 50 lakh)
2020,Manjot Kalra,1079842,0.2,,unsold,Manjot Kalra (Base price INR 20 lakh)
2020,Rohan Kadam,777739,0.2,,unsold,Rohan Kadam (Base price INR 20 lakh)
2020,Harpreet Singh,340854,0.2,,unsold,Harpreet Singh (Base price INR 20 lakh)
2020,Daniel Sams,826901,0.2,,unsold,Daniel Sams (Base price INR 20 lakh)
2020,Shahrukh Khan,719719,0.2,,unsold,Shahrukh Khan (Base price INR 20 lakh)
2020,Kedar Devdhar,340063,0.2,,unsold,Kedar Devdhar (Base price INR 20 lakh)
2020,KS Bharat,529436,0.2,,unsold,KS Bharat (Base price INR 20 lakh)
2020,Ankush Bains,604534,0.2,,unsold,Ankush Bains (Base price INR 20 lakh)
2020,Vishnu Vinod,732293,0.2,,unsold,Vishnu Vinod (Base price INR 20 lakh)
2020,Kulwant Khejroliya,1083033,0.2,,unsold,Kulwant Khejroliya (Base price INR 20 lakh)
2020,Riley Meredith,961713,0.4,,unsold,Riley Meredith (Base price INR 40 lakh)
2020,Midhun Sudhesan,1131619,0.2,,unsold,Midhun Sudhesan (Base price INR 20 lakh)
2020,Noor Ahmad,1182529,0.3,,unsold,Noor Ahmad (Base price INR 30 lakh)
2020,KC Cariappa,777537,0.2,,unsold,KC Cariappa (Base price INR 20 lakh)
2020,Evin Lewis,431901,1,,unsold,Evin Lewis (Base price INR 1 crore)
2020,Manoj Tiwary,35565,0.5,,unsold,Manoj Tiwary (Base price INR 50 lakhs)
2020,Colin Ingram,45705,0.5,,unsold,Colin Ingram (Base price INR 50 lakh)
2020,Martin Guptill,226492,1,,unsold,Martin Guptill (Base price INR 1 crore)
2020,Carlos Brathwaite,457249,0.5,,unsold,Carlos Brathwaite (Base price INR 50 lakh)
2020,Andile Phehlukwayo,540316,0.5,,unsold,Andile Phehlukwayo (Base price INR 50 lakh)
2020,Colin Munro,232359,1,,unsold,Colin Munro (Base price INR 1 crore)
2020,Rishi Dhawan,290727,0.5,,unsold,Rishi Dhawan (Base price INR 50 lakh)
2020,Ben Cutting,230371,0.75,,unsold,Ben Cutting (Base price INR 75 lakh)
2020,Anrich Nortje,481979,0.5,,unsold,Anrich Nortje (Base price INR 50 lakh)
2020,Barinder Sran,537126,0.5,,unsold,Barinder Sran (Base price INR 50 lakh)
2020,Mark Wood,351588,0.5,,unsold,Mark Wood (Base price INR 50 lakh)
2020,Alzarri Joseph,670031,0.5,,unsold,Alzarri Joseph (Base price INR 50 lakh)
2020,Mustafizur Rahman,330902,1,,unsold,Mustafizur Rahman (Base price INR 1 crore)
2020,Adam Milne,450860,0.5,,unsold,Adam Milne (Base price INR 50 lakh)
2020,Ayush Badoni,1151270,0.2,,unsold,Ayush Badoni (Base price INR 20 lakh)
2020,Praveen Dubey,777515,0.2,,unsold,Praveen Dubey (Base price INR 20 lakh)
2020,Aryan Juyal,1130300,0.2,,unsold,Aryan Juyal (Base price INR 20 lakh)
2020,Kuldeep Sen,1163695,0.2,,unsold,Kuldeep Sen (Base price INR 20 lakh)
2020,Matt Henry,506612,0.5,,unsold,Matt Henry (Base price INR 50 lakh)
2020,Sean Abbott,398666,0.75,,unsold,Sean Abbott (Base price INR 75 lakh)
2020,Jason Holder,391485,0.75,,unsold,Jason Holder (Base price INR 75 lakh)
2020,Sumit Kumar,1159734,0.2,,unsold,Sumit Kumar (Base price INR 20 lakh)
2020,Shams Mulani,1131607,0.2,,unsold,Shams Mulani (Base price INR 20 lakh)
2020,Rahul Shukla,390547,0.2,,unsold,Rahul Shukla (Base price INR 20 lakh)
2020,James Pattinson,272465,1,,unsold,James Pattinson (Base price INR 1 crore)
2020,Yudhvir Singh,1206052,0.2,,unsold,Yudhvir Singh (Base price INR 20 lakh)
2020,Sujit Nayak,477057,0.2,,unsold,Sujit Nayak (Base price INR 20 lakh)
2020,Nathan Ellis,826915,0.2,,unsold,Nathan Ellis (Base price INR 20 lakh)
2020,Kesrick Williams,450075,0.5,,unsold,Kesrick Williams (Base price INR 50 lakh)
2020,Vaibhav Arora,1209292,0.2,,unsold,Vaibhav Arora (Base price INR 20 lakh)
2020,Saurabh Dubey,340017,0.2,,unsold,Saurabh Dubey (Base price INR 20 lakh)
2020,Liam Plunkett,19264,1,,unsold,Liam Plunkett (Base price INR 1 crore)
2020,R Vinay Kumar,35731,1,,unsold,R Vinay Kumar (Base price INR 1 crore)
2021,Chris Morris,439952,0.75,,sold,Chris Morris (Base price INR 75 lac) sold to Rajasthan Royals for INR 16.25 crore
2021,Kyle Jamieson,625960,0.75,,sold,Kyle Jamieson (Base price INR 75 lac) sold to Royal Challengers Bangalore for INR 15 crore
2021,Glenn Maxwell,325026,2,,sold,Glenn Maxwell (Base price INR 2 crore) sold to Royal Challengers Bangalore for INR 14.25 crore
2021,Jhye Richardson,774223,1.5,,sold,Jhye Richardson (Base price INR 1.50 crore) sold to Punjab Kings for INR 14 crore
2021,Krishnappa Gowtham,424377,0.2,,sold,Krishnappa Gowtham (Base price INR 20 lac) sold to Chennai Super Kings for 9.25 crore
2021,Riley Meredith,961713,0.4,,sold,Riley Meredith (Base price INR 40 lac) sold to Punjab Kings for INR 8 crore
2021,Moeen Ali,8917,2,,sold,Moeen Ali (Base price INR 2 crore) sold to Chennai Super Kings for INR 7 crore
2021,Adam Milne,450860,0.5,,sold,Adam Milne (Base price INR 50 lac) sold to Mumbai Indians for INR 3.20 crore
2021,Dawid Malan,325026,1.5,,sold,Dawid Malan (Base price INR 1.50 crore) sold to Punjab Kings for INR 1.50 crore
2021,Shivam Dube,714451,0.5,,sold,Shivam Dube (Base price INR 50 lac) sold to Rajasthan Royals for INR 4.40 crore
2021,Shakib Al Hasan,56143,2,,sold,Shakib Al Hasan (Base price INR 2 crore) sold to Kolkata Knight Riders for INR 3.20 crore
2021,Steven Smith,267192,2,,sold,Steven Smith (Base price INR 2 crore) sold to Delhi Capitals for INR 2.20 crore
2021,Mustafizur Rahman,330902,1,,sold,Mustafizur Rahman (Base price INR 1 crore) sold to Rajasthan Royals for INR 1 crore
2021,Nathan Coulter-Nile,261354,1.5,,sold,Nathan Coulter-Nile (Base price INR 1.50 crore) sold to Mumbai Indians for INR 5 crore
2021,Umesh Yadav,376116,1,,sold,Umesh Yadav (Base price INR 1 crore) sold to Delhi Capitals for INR 1 crore
2021,Piyush Chawla,32966,0.5,,sold,Piyush Chawla (Base price INR 50 lac) sold to Mumbai Indians for INR 2.40 crore
2021,Sachin Baby,432783,0.2,,sold,Sachin Baby (Base price INR 20 lac) sold to Royal Challengers Bangalore for INR 20 lac
2021,Rajat Patidar,823703,0.2,,sold,Rajat Patidar (Base price INR 20 lac) sold to Royal Challengers Bangalore for INR 20 lac
2021,Ripal Patel,1201520,0.2,,sold,Ripal Patel (Base price INR 20 lac) sold to Delhi Capitals for INR 20 lac
2021,Shahrukh Khan,719719,0.2,,sold,Shahrukh Khan (Base price INR 20 lac) sold to Punjab Kings for INR 5.25 crore
2021,Daniel Christian,4864,0.75,,sold,Daniel Christian (Base price INR 75 lac) sold to Royal Challengers Bangalore for INR 4.80 crore
2021,Vishnu Vinod,732293,0.2,,sold,Vishnu Vinod (Base price INR 20 lac) sold to Delhi Capitals for INR 20 lac
2021,Sheldon Jackson,237696,0.2,,sold,Sheldon Jackson (Base price INR 20 lac) sold to Kolkata Knight Riders for INR 20 lac
2021,Mohammed Azharuddeen,940733,0.2,,sold,Mohammed Azharuddeen (Base price INR 20 lac) sold to Royal Challengers Bangalore for INR 20 lac
2021,Lukman Meriwala,573930,0.2,,sold,Lukman Meriwala (Base price INR 20 lac) sold to Delhi Capitals for INR 20 lac
2021,Chetan Sakariya,1131754,0.2,,sold,Chetan Sakariya (Base price INR 20 lac) sold to Rajasthan Royals for 1.20 crore
2021,M Siddharth,1151286,0.2,,sold,M Siddharth (Base price INR 20 lac) sold to Delhi Capitals for INR 20 lac
2021,Jagadeesha Suchith,527663,0.2,,sold,Jagadeesha Suchith (Base price INR 20 lac) sold to Sunrisers Hyderabad for INR 30 lac
2021,KC Cariappa,777537,0.2,,sold,KC Cariappa (Base price INR 20 lac) sold to Rajasthan Royals for INR 20 lac
2021,Cheteshwar Pujara,32540,0.5,,sold,Cheteshwar Pujara (Base price INR 50 lac) sold to Chennai Super Kings for INR 50 lac
2021,Tom Curran,550235,1.5,,sold,Tom Curran (Base price INR 1.50 crore) sold to Delhi Capitals for INR 5.25 crore
2021,Moises Henriques,5961,1,,sold,Moises Henriques (Base price INR 1 crore) sold to Punjab Kings for INR 4.20 crore
2021,Jalaj Saxena,237199,0.3,,sold,Jalaj Saxena (Base price INR 30 lac) sold to Punjab Kings for INR 30 lac
2021,Utkarsh Singh,1081437,0.2,,sold,Utkarsh Singh (Base price INR 20 lac) sold to Punjab Kings for INR 20 lac
2021,Vaibhav Arora,1209292,0.2,,sold,Vaibhav Arora (Base price INR 20 lac) sold to Kolkata Knight Riders for INR 20 lac
2021,Fabian Allen,670013,0.75,,sold,Fabian Allen (Base price INR 75 lac) sold to Sunrisers Hyderabad for INR 75 lac
2021,Liam Livingstone,403902,0.75,,sold,Liam Livingstone (Base price INR 75 lac) sold to Rajasthan Royals for INR 75 lac
2021,Suyash Prabhudessai,1083851,0.2,,sold,Suyash Prabhudessai (Base price INR 20 lac) sold to Royal Challengers Bangalore for INR 20 lac
2021,KS Bharat,529436,0.2,,sold,KS Bharat (Base price INR 20 lac) sold to Royal Challengers Bangalore for INR 20 lac
2021,Harishankar Reddy,1131755,0.2,,sold,Harishankar Reddy (Base price INR 20 lac) sold to Chennai Super Kings for INR 20 lac
2021,Kuldip Yadav,1206495,0.2,,sold,Kuldip Yadav (Base price INR 20 lac) sold to Rajasthan Royals for INR 20 lac
2021,James Neesham,355269,0.5,,sold,James Neesham (Base price INR 50 lac) sold to Mumbai Indians for INR 50 lac
2021,Yudhvir Singh,1206052,0.2,,sold,Yudhvir Singh (Base price INR 20 lac) sold to Mumbai Indians for INR 20 lac
2021,Bhagath Verma,1252050,0.2,,sold,Bhagath Verma (Base price INR 20 lac) sold to Chennai Super Kings for INR 20 lac
2021,Marco Jansen,696401,0.2,,sold,Marco Jansen (Base price INR 20 lac) sold to Mumbai Indians for INR 20 lac
2021,Saurabh Kumar,627214,0.2,,sold,Saurabh Kumar (Base price INR 20 lac) sold to Punjab Kings for INR 20 lac
2021,Karun Nair,398439,0.5,,sold,Karun Nair (Base price INR 50 lac) sold to Kolkata Knight Riders for INR 50 lac
2021,Kedar Jadhav,290716,2,,sold,Kedar Jadhav (Base price INR 2 crore) sold to Sunrisers Hyderabad for INR 2 crore
2021,Sam Billings,297628,2,,sold,Sam Billings (Base price 2 crore) sold to Delhi Capitals for INR 2 crore
2021,Mujeeb Ur Rahman,974109,1.5,,sold,Mujeeb Ur Rahman (Base price INR 1.50 crore) sold to Sunrisers Hyderabad for INR 1.50 crore
2021,Harbhajan Singh,29264,2,,sold,Harbhajan Singh (Base price INR 2 crore) sold to Kolkata Knight Riders for INR 2 crore
2021,C Hari Nishanth,1048847,0.2,,sold,C Hari Nishanth (Base price INR 20 lac) sold to Chennai Super Kings for INR 20 lac
2021,Ben Cutting,230371,0.75,,sold,Ben Cutting (Base price INR 75 lac) sold to Kolkata Knight Riders for INR 75 lac
2021,Venkatesh Iyer,851403,0.2,,sold,Venkatesh Iyer (Base price INR 20 lac) sold to Kolkata Knight Riders for INR 20 lac
2021,Pawan Negi,530773,0.5,,sold,Pawan Negi (Base price INR 50 lac) sold to Kolkata Knight Riders for INR 50 lac
2021,Akash Singh,1175458,0.2,,sold,Akash Singh (Base price INR 20 lac) sold to Rajasthan Royals for INR 20 lac
2021,Arjun Tendulkar,1148776,0.2,,sold,Arjun Tendulkar (Base price INR 20 lac) sold to Mumbai Indians for INR 20 lac
2021,Alex Hales,249866,1.5,,unsold,Alex Hales (Base price INR 1.50 crore)
2021,Jason Roy,298438,2,,unsold,Jason Roy (Base price INR 2 crore)
2021,Evin Lewis,431901,1,,unsold,Evin Lewis (Base price INR 1 crore)
2021,Aaron Finch,5334,1,,unsold,Aaron Finch (Base price INR 1 crore)
2021,Hanuma Vihari,452044,1,,unsold,Hanuma Vihari (Base price INR 1 crore)
2021,Glenn Phillips,823509,0.5,,unsold,Glenn Phillips (Base price 50 lac)
2021,Alex Carey,326434,1.5,,unsold,Alex Carey (Base price 1.50 crore)
2021,Kusal Perera,300631,0.5,,unsold,Kusal Perera (Base price INR 50 lac)
2021,Sheldon Cottrell,495551,1,,unsold,Sheldon Cottrell (Base price INR 1 crore)
2021,Adil Rashid,244497,1.5,,unsold,Adil Rashid (Base price INR 1.50 crore)
2021,Rahul Sharma,272994,0.5,,unsold,Rahul Sharma (base price INR 50 lac)
2021,Ish Sodhi,559066,0.5,,unsold,Ish Sodhi (Base price INR 50 lac)
2021,Qais Ahmad,914171,0.5,,unsold,Qais Ahmad (Base price 50 lac)
2021,Himanshu Rana,816599,0.2,,unsold,Himanshu Rana (Base price INR 20 lac)
2021,Gahlaut Singh,604612,0.2,,unsold,Gahlaut Singh (Base price INR 20 lac)
2021,Atit Sheth,652361,0.2,,unsold,Atit Sheth (Base price INR 20 lac)
2021,Himmat Singh,805235,0.2,,unsold,Himmat Singh (Base price INR 20 lac)
2021,Vishnu Solanki,604593,0.2,,unsold,Vishnu Solanki (Base price INR 20 lac)
2021,Ayush Badoni,1151270,0.2,,unsold,Ayush Badoni (Base price INR 20 lac)
2021,Vivek Singh,604573,0.2,,unsold,Vivek Singh (Base price INR 20 lac)
2021,Avi Barot,398519,0.2,,unsold,Avi Barot (Base price INR 20 lac)
2021,Kedar Devdhar,340063,0.2,,unsold,Kedar Devdhar (Base price INR 20 lac)
2021,Ankit Rajpoot,591650,0.3,,unsold,Ankit Rajpoot (Base price INR 30 lac)
2021,Mujtaba Yousuf,1175484,0.2,,unsold,Mujtaba Yousuf (Base price INR 20 lac)
2021,Kuldeep Sen,1163695,0.2,,unsold,Kuldeep Sen (Base price INR 20 lac)
2021,Tushar Deshpande,822553,0.2,,unsold,Tushar Deshpande (Base price INR 20 lac)
2021,Karanveer Singh,322535,0.2,,unsold,Karanveer Singh (Base price INR 20 lac)
2021,Sandeep Lamichhane,960361,0.4,,unsold,Sandeep Lamichhane (Base price INR 40 lac)
2021,Sudhesan Midhun,1131619,0.2,,unsold,Sudhesan Midhun (Base price INR 20 lac)
2021,Tejas Baroka,1082859,0.2,,unsold,Tejas Baroka (Base price INR 20 lac)
2021,Rovman Powell,820351,0.5,,unsold,Rovman Powell (Base price INR 50 lac)
2021,Shaun Marsh,6683,1.5,,unsold,Shaun Marsh (Base price INR 1.50 crore)
2021,Corey Anderson,277662,0.75,,unsold,Corey Anderson (Base price INR 75 lac)
2021,Devon Conway,379140,0.5,,unsold,Devon Conway (Base price INR 50 lac)
2021,Darren Bravo,277472,0.75,,unsold,Darren Bravo (Base price INR 75 lac)
2021,Rassie van der Dussen,337790,0.5,,unsold,Rassie van der Dussen (Base price INR 50 lac)
2021,Martin Guptill,226492,0.5,,unsold,Martin Guptill (Base price INR 50 lac)
2021,Gurkeerat Singh,537124,0.5,,unsold,Gurkeerat Singh (Base price INR 50 lac)
2021,Marnus Labuschagne,787987,1,,unsold,Marnus Labuschagne (Base price INR 1 crore)
2021,Varun Aaron,360911,0.5,,unsold,Varun Aaron (Base price INR 50 lac)
2021,Oshane Thomas,914567,0.5,,unsold,Oshane Thomas (Base price INR 50 lac)
2021,Mohit Sharma,537119,0.5,,unsold,Mohit Sharma (Base price INR 50 lac)
2021,Billy Stanlake,533042,1,,unsold,Billy Stanlake (Base price INR 1 crore)
2021,Mitchell McClenaghan,319439,0.5,,unsold,Mitchell McClenaghan (Base price INR 50 lac)
2021,Jason Behrendorff,272477,1,,unsold,Jason Behrendorff (Base price INR 1 crore)
2021,Naveen Ul Haq,793447,0.5,,unsold,Naveen Ul Haq (Base price INR 50 lac)
2021,Karan Sharma,1246518,0.2,,unsold,Karan Sharma (Base price INR 20 lac)
2021,KL Shrijith,778241,0.2,,unsold,KL Shrijith (Base price INR 20 lac)
2021,Ben Dwarshuis,679567,0.3,,unsold,Ben Dwarshuis (Base price INR 30 lac)
2021,G Periyasamy,1194932,0.3,,unsold,G Periyasamy (Base price INR 30 lac)
2021,Thisara Perera,233514,0.5,,unsold,Thisara Perera (Base price INR 50 lac)
2021,Ben McDermott,603410,0.5,,unsold,Ben McDermott (Base price INR 50 lac)
2021,Matthew Wade,230193,1,,unsold,Matthew Wade (Base price INR 1 crore)
2021,Sean Abbott,398666,0.5,,unsold,Sean Abbott (Base price INR 50 lac)
2021,Siddhesh Lad,422342,0.2,,unsold,Siddhesh Lad (Base price INR 20 lac)
2021,Tajinder Singh,1079860,0.2,,unsold,Tajinder Singh (Base price INR 20 lac)
2021,Prerak Mankad,956871,0.2,,unsold,Prerak Mankad (Base price INR 20 lac)
2021,Josh Inglis,662235,0.2,,unsold,Josh Inglis (Base price INR 20 lac)
2021,Simarjeet Singh,1159722,0.2,,unsold,Simarjeet Singh (Base price INR 20 lac)
2021,Scott Kuggeleijn,539548,0.5,,unsold,Scott Kuggeleijn (Base price INR 50 lac)
2021,Wayne Parnell,265564,0.5,,unsold,Wayne Parnell (Base price INR 50 lac)
2021,Reece Topley,461632,0.5,,unsold,Reece Topley (Base price INR 50 lac)
2021,Chris Green,787073,0.3,,unsold,Chris Green (Base price INR 30 lac)
2021,Isuru Udana,328026,0.5,,unsold,Isuru Udana (Base price INR 50 lac)
2021,George Linde,481875,0.5,,unsold,George Linde (Base price INR 50 lac)
2021,Chaitanya Bishnoi,628217,0.2,,unsold,Chaitanya Bishnoi (Base price INR 20 lac)
2021,Ajay Dev Goud,1153626,0.2,,unsold,Ajay Dev Goud (Base price INR 20 lac)
2021,Jack Wildermuth,570854,0.5,,unsold,Jack Wildermuth (Base price INR 50 lac)
2021,Harsh Tyagi,1081444,0.2,,unsold,Harsh Tyagi (Base price INR 20 lac)
2021,Gerald Coetzee,596010,0.2,,unsold,Gerald Coetzee (Base price INR 20 lac)
2021,Tim David,892749,0.2,,unsold,Tim David (Base price INR 20 lac)
2021,Pratyush Singh,717205,0.2,,unsold,Pratyush Singh (Base price INR 20 lac)
2024,Rovman Powell,820351,1,,sold,"Rovman Powell (Base price INR 1 crore) sold to Rajasthan Royals for INR 7.4 crore (USD 892,000 approx)"
2024,Harry Brook,911707,2,,sold,"Harry Brook (Base price INR 2 crore) sold to Delhi Capitals for INR 4 crore (USD 482,000 approx)"
2024,Travis Head,530011,2,,sold,"Travis Head (Base price INR 2 crore) sold to Sunrisers Hyderabad for INR 6.8 crore (USD 819,000 approx)"
2024,Wanindu Hasaranga,784379,1.5,,sold,"Wanindu Hasaranga (Base price INR 1.5 crore) sold to Sunrisers Hyderabad for INR 1.5 crore (USD 181,000 approx)"
2024,Rachin Ravindra,959767,0.5,,sold,"Rachin Ravindra (Base price INR 50 lakh) sold to CSK for INR 1.8 crore (USD 217,000 approx)"
2024,Shardul Thakur,475281,2,,sold,"Shardul Thakur (Base price INR 2 crore) sold to CSK for INR 4 crore (USD 482,000 approx)"
2024,Azmatullah Omarzai,819429,0.5,,sold,"Azmatullah Omarzai (Base price INR 50 lakh) sold to Gujarat Titans for INR 50 lakh (USD 60,000 approx)"
2024,Pat Cummins,489889,2,,sold,"Pat Cummins (Base price INR 2 crore) sold to Sunrisers Hyderabad for INR 20.50 crore (USD 2,470,000 approx)"
2024,Gerald Coetzee,596010,2,,sold,"Gerald Coetzee (Base price INR 2 crore) sold to Mumbai Indians for INR 5 crore (USD 602,000 approx)"
2024,Harshal Patel,390481,2,,sold,"Harshal Patel (Base price INR 2 crore) sold to Punjab Kings for 11.75 crore (USD 1,412,000 approx)"
2024,Daryl Mitchell,381743,1,,sold,"Daryl Mitchell (Base price INR 1 crore) sold to CSK for INR 14 crore (USD 1,687,000 approx)"
2024,Chris Woakes,247235,2,,sold,"Chris Woakes (Base price INR 2 crore) sold to Punjab Kings for INR 4.2 crore (USD 506,000 approx)"
2024,Tristan Stubbs,595978,0.5,,sold,"Tristan Stubbs (Base price INR 50 lakh) sold to Delhi Capitals for INR 50 lakh (USD 60,000 approx)"
2024,KS Bharat,529436,0.5,,sold,"KS Bharat (Base price INR 50 lakh) sold to KKR for INR 50 lakh (USD 60,000 approx)"
2024,Chetan Sakariya,1131754,0.5,,sold,"Chetan Sakariya (Base price INR 50 lakh) sold to KKR for INR 50 lakh (USD 60,000 approx)"
2024,Alzarri Joseph,670031,1,,sold,"Alzarri Joseph (Base price INR 1 crore) sold to RCB for 11.5 crore (USD 1,386,000 approx)"
2024,Umesh Yadav,376116,2,,sold,"Umesh Yadav (Base price INR 2 crore) sold to Gujarat Titans for 5.8 crore (USD 697,000 approx)"
2024,Shivam Mavi,1079848,0.5,,sold,"Shivam Mavi (Base price INR 50 lakh) sold to LSG for 6.4 crore (USD 771,000 approx)"
2024,Mitchell Starc,311592,2,,sold,"Mitchell Starc (Base price INR 2 crore) sold to KKR for 24.75 crore (USD 2,982,000 approx)"
2024,Jaydev Unadkat,390484,0.5,,sold,"Jaydev Unadkat (Base price INR 50 lakh) sold to Sunrisers Hyderabad for INR 1.6 crore (USD 193,000 approx)"
2024,Dilshan Madushanka,793007,0.5,,sold,"Dilshan Madushanka (Base price INR 50 lakh) sold to Mumbai Indians for INR 4.6 crore (USD 554,000 approx)"
2024,Shubham Dubey,1252585,0.2,,sold,"Shubham Dubey (Base price INR 20 lakh) sold to Rajasthan Royals for INR 5.8 crore (USD 697,000 approx)"
2024,Sameer Rizvi,1175489,0.2,,sold,"Sameer Rizvi (Base price INR 20 lakh) sold to CSK for 8.4 crore (USD 1,120,000 approx)"
2024,Angkrish Raghuvanshi,1292495,0.2,,sold,"Angkrish Raghuvanshi (Base price INR 20 lakh) sold to KKR for INR 20 lakh (USD 24,100 approx)"
2024,Arshin Kulkarni,1403153,0.2,,sold,"Arshin Kulkarni (Base price INR 20 lakh) sold to LSG for INR 20 lakh (USD 24,100 approx)"
2024,Shahrukh Khan,719719,0.4,,sold,"Shahrukh Khan (Base price INR 40 lakh) sold to Gujarat Titans for INR 7.4 crore (USD 892,000 approx)"
2024,Ramandeep Singh,1079470,0.2,,sold,"Ramandeep Singh (Base price INR 20 lakh) sold to KKR for INR 20 lakh (USD 24,100 approx)"
2024,Tom Kohler-Cadmore,470633,0.4,,sold,"Tom Kohler-Cadmore (Base price INR 40 lakh) sold to Rajasthan Royals for INR 40 lakh (USD 48,200 approx)"
2024,Ricky Bhui,642531,0.2,,sold,"Ricky Bhui (Base price INR 20 lakh) sold to Delhi Capitals for INR 20 lakh (USD 24,100 approx)"
2024,Kumar Kushagra,1207295,0.2,,sold,"Kumar Kushagra (Base price INR 20 lakh) sold to Delhi Capitals for INR 7.2 crore (USD 867,500 approx)"
2024,Yash Dayal,1159720,0.2,,sold,"Yash Dayal (Base price INR 20 lakh) sold to RCB for INR 5 crore (USD 602,400 approx)"
2024,Sushant Mishra,1175457,0.2,,sold,"Sushant Mishra (Base price INR 20 lakh) sold to Gujarat Titans for 2.2 crore (USD 265,000 approx)"
2024,Akash Singh,1175458,0.2,,sold,"Akash Singh (Base price INR 20 lakh) sold to Sunrisers Hyderabad for INR 20 lakh (USD 24,100 approx)"
2024,Kartik Tyagi,1122918,0.2,,sold,"Kartik Tyagi (Base price INR 20 lakh) sold to Gujarat Titans for INR 60 lakh (USD 72,300 approx)"
2024,Rasikh Salam,1161489,0.2,,sold,"Rasikh Salam (Base price INR 20 lakh) sold to Delhi Capitals for INR 20 lakh (USD 24,100 approx)"
2024,Manav Suthar,1175426,0.2,,sold,"Manav Suthar (Base price INR 20 lakh) sold to Gujarat Titans for INR 20 lakh (USD 24,100 approx)"
2024,Manimaran Siddharth,1151286,0.2,,sold,"Manimaran Siddharth (Base price INR 20 lakh) sold to LSG for INR 2.4 crore (USD 289,200 approx)"
2024,Shreyas Gopal,344580,0.2,,sold,"Shreyas Gopal (Base price INR 20 lakh) sold to Mumbai Indians for INR 20 lakh (USD 24,100 approx)"
2024,Sherfane Rutherford,914541,1.5,,sold,"Sherfane Rutherford (Base price 1.5 crore) sold to KKR for INR 1.5 crore (USD 181,000 approx)"
2024,Ashton Turner,500268,1,,sold,"Ashton Turner (Base price INR 1 crore) sold to LSG for INR 1 crore (181,000 approx)"
2024,Tom Curran,550235,1.5,,sold,"Tom Curran (Base price 1.5 crore) sold to RCB for 1.5 crore (USD 181,000 approx)"
2024,David Willey,308251,2,,sold,"David Willey (Base price INR 2 crore) sold to LSG for INR 2 crore (USD 241,000 approx)"
2024,Spencer Johnson,1123718,,,sold,"Spencer Johnson (INR 50 lakh) sold to Gujarat Titans for INR 10 crore (USD 1,205,000 approx)"
2024,Mustafizur Rahman,330902,2,,sold,"Mustafizur Rahman (Base price INR 2 crore) sold to CSK for INR 2 crore (USD 241,000 approx)"
2024,Jhye Richardson,774223,1.5,,sold,"Jhye Richardson (Base price INR 1.5 crore) sold to Delhi Capitals for INR 5 crore (USD 602,000 approx)"
2024,Nuwan Thushara,955235,0.5,,sold,"Nuwan Thushara (Base price INR 50 lakh) sold to Mumbai Indians for INR 4.8 crore (USD 578,300 approx)"
2024,Naman Dhir,1287032,0.2,,sold,"Naman Dhir (Base price INR 20 lakh) sold to Mumbai Indians for INR 20 lakh (USD 24,100 approx)"
2024,Anshul Kamboj,1175428,0.2,,sold,"Anshul Kamboj (Base price INR 20 lakh) sold to Mumbai Indians for INR 20 lakh (USD 24,100 approx)"
2024,Sumit Kumar,1159734,0.2,,sold,"Sumit Kumar (Base price INR 20 lakh) sold to Delhi Capitals for INR 1 crore (USD 120,000 approx)"
2024,Ashutosh Sharma,1131978,0.2,,sold,"Ashutosh Sharma (Base price INR 20 lakh) sold to Punjab Kings for for INR 20 lakh (USD 24,100 approx)"
2024,Vishwanath Singh,1354639,0.2,,sold,"Vishwanath Singh (Base price INR 20 lakh) sold to Punjab Kings for for INR 20 lakh (USD 24,100 approx)"
2024,Shashank Singh,1277535,0.2,,sold,"Shashank Singh (Base price INR 20 lakh) sold to Punjab Kings for for INR 20 lakh (USD 24,100 approx)"
2024,Tanay Thyagarajan,1080008,0.2,,sold,"Tanay Thyagarajan (Base price INR 20 lakh) sold to Punjab Kings for for INR 20 lakh (USD 24,100 approx)"
2024,Robin Minz,1350762,0.2,,sold,"Robin Minz (Base price INR 20 lakh) sold to Gujarat Titans for 3.6 crore (USD 433,800 approx)"
2024,Prince Choudhary,1412827,0.2,,sold,"Prince Choudhary Base price INR 20 lakh) sold to Punjab Kings for INR 20 lakh (USD 24,100 approx)"
2024,Jhathavedh Subramanyan,919531,0.2,,sold,"Jhathavedh Subramanyan (Base price INR 20 lakh) sold to Sunrisers Hyderabad for INR 20 lakh (USD 24,100 approx)"
2024,Manish Pandey,290630,0.5,,sold,"Manish Pandey (Base price INR 50 lakh) sold to KKR for INR 50 lakh (USD 60,200 approx)"
2024,Rilee Rossouw,318845,2,,sold,"Rilee Rossouw (Base price INR 2 crore) sold to Punjab Kings for INR 8 crore (USD 936,900 approx)"
2024,Lockie Ferguson,493773,2,,sold,"Lockie Ferguson (Base price INR 2 crore) sold to RCB for INR 2 crore (USD 241,000 approx)"
2024,Mujeeb Ur Rahman,974109,2,,sold,"Mujeeb Ur Rahman (Base price INR 2 crore) sold to KKR for INR 2 crore (USD 241,000 approx)"
2024,Arshad Khan,1244751,0.2,,sold,"Mohammad Arshad Khan (Base price INR 20 lakh) sold to LSG for INR 20 lakh (USD 24,100 approx)"
2024,Mohammad Nabi,25913,1.5,,sold,"Mohammad Nabi (Base price INR 1.5 crore) sold to Mumbai Indians for INR 1.5 crore (USD 181,000 approx)"
2024,Shai Hope,581379,0.75,,sold,"Shai Hope (Base price INR 75 lakh) sold to Delhi Capitals for INR 75 lakh (USD 90,500 approx)"
2024,Gus Atkinson,1039481,1,,sold,"Gus Atkinson (Base price INR 1 crore) sold to KKR for INR 1 crore (USD 120,000 approx)"
2024,Swastik Chikara,1403198,0.2,,sold,"Swastik Chikara (Base price INR 20 lakh) sold to Delhi Capitals for INR 20 lakh (USD 24,100 approx)"
2024,Abid Mushtaq,1201536,0.2,,sold,"Abid Mushtaq (Base price INR 20 lakh) sold to Rajasthan Royals for INR 20 lakh (USD 24,100 approx)"
2024,Shivalik Sharma,1167965,0.2,,sold,"Shivalik Sharma (Base price INR 20 lakh) sold to Mumbai Indians for INR 20 lakh (USD 24,100 approx)"
2024,Swapnil Singh,232292,0.2,,sold,"Swapnil Singh (Base price INR 20 lakh) sold to RCB for INR 20 lakh (USD 24,100 approx)"
2024,Aravelly Avanish,1408675,0.2,,sold,"Aravelly Avanish (Base price INR 20 lakh) sold to CSK for INR 20 lakh (USD 24,100 approx)"
2024,Nandre Burger,971349,0.5,,sold,"Nandre Burger (Base price INR 50 lakh) sold to Rajasthan Royals for INR 50 lakh (USD 60,200 approx)"
2024,Sakib Hussain,1340422,0.2,,sold,"Sakib Hussain (Base price INR 20 lakh) sold to KKR for INR 20 lakh (USD 24,100 approx)"
2024,Saurav Chauhan,1287369,0.2,,sold,"Saurav Chauhan (Base price INR 20 lakh) sold to RCB for INR 20 lakh (USD 24,100 approx)"
2024,Karun Nair,398439,0.5,,unsold,Karun Nair (Base price INR 50 lakh)
2024,Steven Smith,267192,2,,unsold,Steven Smith (Base price INR 2 crore)
2024,Phil Salt,669365,1.5,,unsold,Phil Salt (Base price INR 1.5 crore)
2024,Josh Inglis,662235,2,,unsold,Josh Inglis (Base price 2 crore)
2024,Kusal Mendis,629074,0.5,,unsold,Kusal Mendis (Base price INR 50 lakh)
2024,Josh Hazlewood,288284,2,,unsold,Josh Hazlewood (Base price INR 2 crore)
2024,Adil Rashid,244497,2,,unsold,Adil Rashid (Base price INR 2 crore)
2024,Waqar Salamkheil,1108490,0.5,,unsold,Waqar Salamkheil (Base price INR 50 lakh)
2024,Akeal Hosein,530812,0.5,,unsold,Akeal Hosein (Base price INR 50 lakh)
2024,Ish Sodhi,559066,0.75,,unsold,Ish Sodhi (Base price INR 75 lakh)
2024,Tabraiz Shamsi,379145,0.5,,unsold,Tabraiz Shamsi (Base price INR 50 lakh)
2024,Rohan Kunnummal,1079382,0.2,,unsold,Rohan Kunnummal (Base price INR 20 lakh)
2024,Priyansh Arya,1175456,0.2,,unsold,Priyansh Arya (Base price INR 20 lakh)
2024,Manan Vohra,532856,0.2,,unsold,Manan Vohra (Base price INR 20 lakh)
2024,Sarfaraz Khan,642525,0.2,,unsold,Sarfaraz Khan (Base price INR 20 lakh)
2024,Raj Bawa,1292502,0.2,,unsold,Raj Bawa (Base price INR 20 lakh)
2024,Vivrant Sharma,1252370,0.2,,unsold,Vivrant Sharma (Base price INR 20 lakh)
2024,Atit Sheth,652361,0.2,,unsold,Atit Sheth (Base price INR 20 lakh)
2024,Hrithik Shokeen,1175423,0.2,,unsold,Hrithik Shokeen (Base price INR 20 lakh)
2024,Urvil Patel,1131570,0.2,,unsold,Urvil Patel (Base price INR 20 lakh)
2024,Vishnu Solanki,604593,0.2,,unsold,Vishnu Solanki (Base price INR 20 lakh)
2024,Kuldip Yadav,1206495,0.2,,unsold,Kuldip Yadav (Base price INR 20 lakh)
2024,Ishan Porel,967603,0.2,,unsold,Ishan Porel (Base price INR 20 lakh)
2024,Shiva Singh,1070194,0.2,,unsold,Shiva Singh (Base price INR 20 lakh)
2024,Murugan Ashwin,528067,0.2,,unsold,Murugan Ashwin (Base price INR 20 lakh)
2024,Pulkit Narang,714605,0.2,,unsold,Pulkit Narang (Base price INR 20 lakh)
2024,Finn Allen,959759,0.75,,unsold,Finn Allen (Base price INR 75 lakh)
2024,Colin Munro,232359,1.5,,unsold,Colin Munro (Base price INR 1.5 crore)
2024,Rassie van der Dussen,337790,2,,unsold,Rassie van der Dussen (Base price INR 2 crore)
2024,Qais Ahmad,914171,0.5,,unsold,Qais Ahmad (Base price INR 50 lakh)
2024,Michael Bracewell,326968,1,,unsold,Michael Bracewell (Base price INR 1 crore)
2024,James Neesham,355269,1.5,,unsold,James Neesham (Base price INR 1.5 crore)
2024,Keemo Paul,677081,0.75,,unsold,Keemo Paul (Base price INR 75 lakh)
2024,Odean Smith,820691,0.5,,unsold,Odean Smith (Base price INR 50 lakh)
2024,Dushmantha Chameera,552152,0.5,,unsold,Dushmantha Chameera (Base price INR 50 lakh)
2024,Ben Dwarshuis,679567,0.5,,unsold,Ben Dwarshuis (Base price INR 50 lakh)
2024,Matt Henry,506612,0.75,,unsold,Matt Henry (Base price 75 lakh)
2024,Kyle Jamieson,625960,1,,unsold,Kyle Jamieson (Base price INR 1 crore)
2024,Tymal Mills,459257,1.5,,unsold,Tymal Mills (Base price INR 1.5 crore)
2024,Adam Milne,450860,1,,unsold,Adam Milne (Base price INR 1 crore)
2024,Lance Morris,1125317,0.75,,unsold,Lance Morris (Base price INR 75 lakh)
2024,Sandeep Warrier,592735,0.5,,unsold,Sandeep Warrier (Base price INR 50 lakh)
2024,Luke Wood,573170,0.5,,unsold,Luke Wood (Base price INR 50 lakh)
2024,Rithik Easwaran,1320767,0.2,,unsold,Rithik Easwaran (Base price INR 20 lakh)
2024,Himmat Singh,805235,0.2,,unsold,Himmat Singh (Base price INR 20 lakh)
2024,Shashank Singh,1277535,0.2,,unsold,Shashank Singh (Base price INR 20 lakh)
2024,Sumeet Verma,390724,0.2,,unsold,Sumeet Verma (Base price INR 20 lakh)
2024,Harsh Dubey,1216159,0.2,,unsold,Harsh Dubey (Base price INR 20 lakh)
2024,Tanush Kotian,1125960,0.2,,unsold,Tanush Kotian (Base price INR 20 lakh)
2024,Kamlesh Nagarkoti,1070188,0.2,,unsold,Kamlesh Nagarkoti (Base price INR 20 lakh)
2024,Pradosh Ranjan Paul,1108328,0.2,,unsold,Pradosh Ranjan Paul (Base price INR 20 lakh)
2024,G Ajitesh,1320758,0.2,,unsold,G Ajitesh (Base price INR 20 lakh)
2024,Gaurav Chaudhary,1339708,0.2,,unsold,Gaurav Chaudhary (Base price INR 20 lakh)
2024,Bipin Saurabh,1287029,0.2,,unsold,Bipin Saurabh (Base price INR 20 lakh)
2024,KM Asif,1083030,0.2,,unsold,KM Asif (Base price INR 20 lakh)
2024,Sakib Hussain,1340422,0.2,,unsold,Sakib Hussain (Base price INR 20 lakh)
2024,Mohammed Kaif,1246485,0.2,,unsold,Mohammed Kaif (Base price INR 20 lakh)
2024,Abhilash Shetty,1155401,0.2,,unsold,Abhilash Shetty (Base price INR 20 lakh)
2024,Gurjapneet Singh,1269869,0.2,,unsold,Gurjapneet Singh (Base price INR 20 lakh)
2024,Prithvi Raj,1121579,0.2,,unsold,Prithvi Raj Yarra (Base price INR 20 lakh)
2024,Shubham Agarwal,1135336,0.2,,unsold,Shubham Agarwal (Base price INR 20 lakh)
2024,Krishnan Shrijith,778241,0.2,,unsold,Krishnan Shrijith (Base Price INR 20 lakh)
2017,Eoin Morgan,24598,2,,sold,Eoin Morgan (Base price INR 2 crore) - Sold to Kings XI Punjab for INR 2 crore
2017,Pawan Negi,530773,0.3,,sold,Pawan Negi (Base price INR 30 lakhs) - Sold to Royal Challengers Bangalore for INR 1 crore
2017,Angelo Mathews,49764,2,,sold,Angelo Mathews (Base price INR 2 crore) - Sold to Delhi Daredevils for INR 2 crore
2017,Ben Stokes,311158,2,,sold,Ben Stokes (Base price INR 2 crore) - Sold to Rising Pune Supergiants for INR 14.5 crore
2017,Corey Anderson,277662,1,,sold,Corey Anderson (Base price INR 1 crore) - Sold to Delhi Daredevils for INR 1 crore
2017,Nicholas Pooran,604302,0.3,,sold,Nicholas Pooran (Base price INR 30 lakh) - Sold to Mumbai Indians for INR 30 lakh
2017,Kagiso Rabada,550215,1,,sold,Kagiso Rabada (Base price INR 1 crore) - Sold to Delhi Daredevils for INR 5 crore
2017,Trent Boult,277912,1.5,,sold,Trent Boult (Base price INR 1.5 crore) - Sold to Kolkata Knight Riders for INR 5 crore
2017,Tymal Mills,459257,0.5,,sold,Tymal Mills (Base price INR 50 lakhs) - Sold to Royal Challengers Bangalore for INR 12 crore
2017,Pat Cummins,489889,2,,sold,Pat Cummins (Base price INR 2 crore) - Sold to Delhi Daredevils for INR 4.5 crore
2017,Mitchell Johnson,6033,2,,sold,Mitchell Johnson (Base price INR 2 crore) - Sold to Mumbai Indians for INR 2 crore
2017,Ankit Bawne,327123,0.1,,sold,Ankit Bawne (Base price INR 10 lakh) - Sold to Delhi Daredevils for INR 10 lakh
2017,Tanmay Agarwal,792725,0.1,,sold,Tanmay Agarwal (Base price INR 10 lakh) - Sold to Sunrisers Hyderabad for INR 10 lakh
2017,Mohammad Nabi,25913,0.3,,sold,Mohammad Nabi (Base price INR 30 lakh) - Sold to Sunrisers Hyderabad for 30 lakh
2017,K Gowtham,424377,0.1,,sold,K Gowtham (Base price INR 10 lakh) - Sold to Mumbai Indians for INR 2 crore
2017,Rahul Tewatia,423838,0.1,,sold,Rahul Tewatia (Base price INR 10 lakh) - Sold to Kings XI Punjab for INR 25 lakh
2017,Aditya Tare,333904,0.2,,sold,Aditya Tare (Base price INR 20 lakh) - Sold to Delhi Daredevils for INR 25 lakh
2017,Eklavya Dwivedi,340841,0.3,,sold,Eklavya Dwivedi (Base price INR 30 lakh) - Sold to Sunrisers Hyderabad for INR 75 lakh
2017,Aniket Choudhary,527299,0.1,,sold,Aniket Choudhary (Base price INR 10 lakh) - Sold to Royal Challengers Bangalore for INR 2 crore
2017,T Natarajan,802575,0.1,,sold,T Natarajan (Base price INR 10 lakh) - Sold to Kings XI Punjab for INR 3 crore
2017,Nathu Singh,853259,0.3,,sold,Nathu Singh (Base price INR 30 lakh) - Sold to Gujarat Lions for INR 50 lakh
2017,Basil Thampi,732291,0.1,,sold,Basil Thampi (Base price INR 10 lakh) - Sold to Gujarat Lions for INR 85 lakh
2017,M Ashwin,528067,0.1,,sold,M Ashwin (Base price INR 10 lakh) - Sold to Delhi Daredevils for INR 1 crore
2017,Tejas Baroka,1082859,0.1,,sold,Tejas Baroka (Base price INR 10 lakh) - Sold to Gujarat Lions for INR 10 lakh
2017,Rashid Khan,793463,0.5,,sold,Rashid Khan (Base price INR 50 lakh) - Sold to Sunrisers Hyderabad for INR 4 crore
2017,Pravin Tambe,587152,0.1,,sold,Pravin Tambe (Base price INR 10 lakh) - Sold to Sunrisers Hyderabad for INR 10 lakh
2017,Chris Woakes,247235,2,,sold,Chris Woakes (Base price INR 2 crore) - Sold to Kolkata Knight Riders for INR 4.2 crore
2017,Karn Sharma,30288,0.3,,sold,Karn Sharma (Base price INR 30 lakh) - Sold to Mumbai Indians for INR 3.2 crore
2017,Rishi Dhawan,290727,0.3,,sold,Rishi Dhawan (Base price INR 30 lakh) - Sold to Kolkata Knight Riders for INR 55 lakh
2017,Matt Henry,506612,0.5,,sold,Matt Henry (Base price INR 50 lakh) - Sold to Kings XI Punjab for INR 50 lakh
2017,Jaydev Unadkat,390484,0.3,,sold,Jaydev Unadkat (Base price INR 30 lakh) - Sold to Rising Pune Supergiants for INR 30 lakh
2017,Varun Aaron,360911,0.3,,sold,Varun Aaron (Base price INR 30 lakh) - Sold to Kings XI Punjab for INR 2.8 crore
2017,Manpreet Gony,317293,0.3,,sold,Manpreet Gony (Base price INR 30 lakh) - Sold to Gujarat Lions for INR 60 lakh
2017,Martin Guptill,226492,0.5,,sold,Martin Guptill (Base price INR 50 lakh) - Sold to Kings XI Punjab for INR 50 lakh (second round)
2017,Jason Roy,298438,1,,sold,Jason Roy (Base price INR 1 crore) - Sold to Gujarat Lions for INR 1 crore (second round)
2017,Saurabh Tiwary,35390,0.3,,sold,Saurabh Tiwary (Base price INR 30 lakh) - Sold to Mumbai Indians for INR 30 lakh (second round)
2017,Chris Jordan,288992,0.5,,sold,Chris Jordan (Base price INR 50 lakh) - Sold to Sunrisers Hyderabad for INR 50 lakh (second round)
2017,Nathan Coulter-Nile,261354,1,,sold,Nathan Coulter-Nile (Base price INR 100 lakh) - Sold to Kolkata Knight Riders for INR 3.5 crore (second round)
2017,Praveen Dubey,777515,0.1,,sold,Praveen Dubey (Base price INR 10 lakh) - Sold to Royal Challengers Bangalore for INR 10 lakh (second round)
2017,Navdeep Saini,700167,0.1,,sold,Navdeep Saini (Base price INR 10 lakh) - Sold to Delhi Daredevils for INR 10 lakh (second round)
2017,Ben Laughlin,315623,0.3,,sold,Ben Laughlin (Base price INR 30 lakh) - Sold to Sunrisers Hyderabad for INR 30 lakh (second round)
2017,Billy Stanlake,533042,0.3,,sold,Billy Stanlake (Base price INR 30 lakh) - Sold to Royal Challengers Bangalore for INR 30 lakh (second round)
2017,Mohammed Siraj,940973,0.2,,sold,Mohammed Siraj (Base price INR 20 lakh) - Sold to Sunrisers Hyderabad for INR 2.6 crore
2017,Rahul Chahar,1064812,0.1,,sold,Rahul Chahar (Base price INR 10 lakh) - Sold to Rising Pune Supergiants for INR 10 lakh
2017,Saurabh Kumar,627214,0.1,,sold,Saurabh Kumar (Base price INR 10 lakh) - Sold to Rising Pune Supergiants for INR 10 lakh
2017,Asela Gunaratne,360456,0.3,,sold,Asela Gunaratne (Base price INR 30 lakh) - Sold to Mumbai Indians for INR 30 lakh
2017,Daniel Christian,4864,1,,sold,Daniel Christian (Base price INR 1 crore) - Sold to Rising Pune Supergiants for INR 1 crore
2017,Rovman Powell,820351,0.3,,sold,Rovman Powell (Base price INR 30 lakhs) - Sold to Kolkata Knight Riders for INR 30 lakhs
2017,Darren Sammy,53115,0.3,,sold,Darren Sammy (Base price INR 30 lakh) - Sold to Kings XI Punjab for INR 30 lakh
2017,Munaf Patel,32965,0.3,,sold,Munaf Patel (Base price INR 30 lakh) - Sold to Gujarat Lions for INR 30 lakh
2017,Rinku Singh,723105,0.1,,sold,Rinku Singh (Base price INR 10 lakh) - Sold to Kings XI Punjab for INR 10 lakh
2017,Shashank Singh,377534,0.1,,sold,Shashank Singh (Base price INR 10 lakh) - Sold to Delhi Daredevils for INR 10 lakh
2017,Milind Tandon,969381,0.1,,sold,Milind Tandon (Base price INR 10 lakh) - Sold to Rising Pune Supergiants for INR 10 lakh
2017,Kulwant Khejroliya,1083033,0.1,,sold,Kulwant Khejroliya (Base price INR 10 lakh) - Sold to Mumbai Indians for INR 10 lakh
2017,Chirag Suri,534734,0.1,,sold,Chirag Suri (Base price INR 10 lakh) - Sold to Gujarat Lions for INR 10 lakh
2017,R Sanjay Yadav,1048841,0.1,,sold,R Sanjay Yadav (Base price INR 10 lakh) - Sold to Kolkata Knight Riders for INR 10 lakh
2017,Shelley Shaurya,626295,0.1,,sold,Shelley Shaurya (Base price INR 10 lakh) - Sold to Gujarat Lions for INR 10 lakh
2017,Shubham Agarwal,1079668,0.1,,sold,Shubham Agarwal (Base price INR 10 lakh) - Sold to Gujarat Lions for INR 10 lakh
2017,Ishank Jaggi,279554,0.1,,sold,Ishank Jaggi (Base price INR 10 lakh) - Sold to Kolkata Knight Riders for INR 10 lakh
2017,Rahul Tripathi,446763,0.1,,sold,Rahul Tripathi (Base price INR 10 lakh) - Sold to Rising Pune Supergiants for INR 10 lakh
2017,Pratham Singh,1083464,0.1,,sold,Pratham Singh (Base price INR 10 lakh) - Sold to Gujarat Lions for INR 10 lakh
2017,Akshdeep Nath,500360,0.1,,sold,Akshdeep Nath (Base price INR 10 lakh) - Sold to Gujarat Lions for INR 10 lakh (third round)
2017,Lockie Ferguson,493773,0.5,,sold,Lockie Ferguson (Base price INR 50 lakh) - Sold to Rising Pune Supergiants for INR 50 lakh (third round)
2017,Manoj Tiwary,35565,0.5,,sold,Manoj Tiwary (Base price INR 50 lakh) - Sold to Rising Pune Supergiants for INR 50 lakh (third round)
2017,Darren Bravo,277472,0.5,,sold,Darren Bravo (Base price INR 50 lakh) - Sold to Kolkata Knight Riders for INR 50 lakh (third round)
2017,Sayan Ghosh,736413,0.1,,sold,Sayan Ghosh (Base price INR 10 lakh) - Sold to Kolkata Knight Riders for INR 10 lakh (third round)
2017,Faiz Fazal,,0.3,,unsold,Faiz Fazal (Base price INR 30 lakhs)
2017,Alex Hales,,1,,unsold,Alex Hales (Base price INR 100 lakhs)
2017,Ross Taylor,,0.5,,unsold,Ross Taylor (Base price INR 50 lakhs)
2017,Irfan Pathan,,0.5,,unsold,Irfan Pathan (Base price INR 50 lakhs)
2017,Sean Abbott,,0.3,,unsold,Sean Abbott (Base price INR 30 lakhs)
2017,Ben Dunk,,0.3,,unsold,Ben Dunk (Base price INR 30 lakhs)
2017,Jonny Bairstow,,1.5,,unsold,Jonny Bairstow (Base price INR 1.5 crores)
2017,Andre Fletcher,,0.3,,unsold,Andre Fletcher (Base price INR 30 lakhs)
2017,Johnson Charles,,0.3,,unsold,Johnson Charles (Base price INR 30 lakhs)
2017,Dinesh Chandimal,,0.5,,unsold,Dinesh Chandimal (Base price INR 50 lakhs)
2017,Kyle Abbott,,1.5,,unsold,Kyle Abbott (Base price INR 1.5 crores)
2017,Ishant Sharma,,2,,unsold,Ishant Sharma (Base price INR 2 crores)
2017,Lakshan Sandakan,,0.3,,unsold,Lakshan Sandakan (Base price INR 30 lakhs)
2017,Ish Sodhi,,0.3,,unsold,Ish Sodhi (Base price INR 30 lakhs)
2017,Brad Hogg,,0.5,,unsold,Brad Hogg (Base price INR 50 lakhs)
2017,Pragyan Ojha,,0.3,,unsold,Pragyan Ojha (Base price INR 30 lakhs)
2017,Imran Tahir,,0.5,,unsold,Imran Tahir (Base price INR 50 lakhs)
2017,Umang Sharma,,0.1,,unsold,Umang Sharma (Base price INR 10 lakhs)
2017,Prithvi Shaw,,0.1,,unsold,Prithvi Shaw (Base price INR 10 lakhs)
2017,Unmukt Chand,,0.3,,unsold,Unmukt Chand (Base price INR 30 lakhs)
2017,Asghar Stanikzai,,0.2,,unsold,Asghar Stanikzai (Base price INR 20 lakhs)
2017,Mahipal Lomror,,0.1,,unsold,Mahipal Lomror (Base price INR 10 lakhs)
2017,Shivam Dubey,,0.1,,unsold,Shivam Dubey (Base price INR 10 lakhs)
2017,Manan Sharma,,0.1,,unsold,Manan Sharma (Base price INR 10 lakhs)
2017,Rush Kalaria,,0.1,,unsold,Rush Kalaria (Base price INR 10 lakhs)
2017,Priyank Kirit Panchal,,0.1,,unsold,Priyank Kirit Panchal (Base price INR 10 lakhs)
2017,Vishnu Vinod,,0.1,,unsold,Vishnu Vinod (Base price INR 10 lakhs)
2017,Shreevats Goswami,,0.1,,unsold,Shreevats Goswami (Base price INR 10 lakhs)
2017,Mohammad Shahzad,,0.5,,unsold,Mohammad Shahzad (Base price INR 50 lakhs)
2017,Mohit Ahlawat,,0.1,,unsold,Mohit Ahlawat (Base price INR 10 lakhs)
2017,Manvinder Bisla,,0.1,,unsold,Manvinder Bisla (Base price INR 10 lakhs)
2017,Abu Nechim,,0.1,,unsold,Abu Nechim (Base price INR 10 lakhs)
2017,Umar Nazir Mir,,0.1,,unsold,Umar Nazir Mir (Base price INR 10 lakhs)
2017,Pawan Suyal,,0.1,,unsold,Pawan Suyal (Base price INR 10 lakhs)
2017,Mayank Dagar,,0.1,,unsold,Mayank Dagar (Base price INR 10 lakhs)
2017,Sarabjit Ladda,,0.1,,unsold,Sarabjit Ladda (Base price INR 10 lakhs)
2017,Mitchell Swepson,,0.3,,unsold,Mitchell Swepson (Base price INR 30 lakhs)
2017,Akshay Wakhare,,0.1,,unsold,Akshay Wakhare (Base price INR 10 lakhs)
2017,Cheteshwar Pujara,,0.5,,unsold,Cheteshwar Pujara (Base price INR 50 lakhs)
2017,Abhinav Mukund,,0.3,,unsold,Abhinav Mukund (Base price INR 30 lakhs)
2017,Michael Klinger,,0.5,,unsold,Michael Klinger (Base price INR 50 lakhs)
2017,S Badrinath,,0.3,,unsold,S Badrinath (Base price INR 30 lakhs)
2017,Marlon Samuels,,1,,unsold,Marlon Samuels (Base price INR 100 lakhs)
2017,Evin Lewis,,0.5,,unsold,Evin Lewis (Base price INR 50 lakhs)
2017,Nic Maddinson,,0.5,,unsold,Nic Maddinson (Base price INR 50 lakhs)
2017,Parvez Rasool,,0.3,,unsold,Parvez Rasool (Base price INR 30 lakhs)
2017,Jason Holder,,1.5,,unsold,Jason Holder (Base price INR 1.5 crores)
2017,David Wiese,,0.3,,unsold,David Wiese (Base price INR 30 lakhs)
2017,Thisara Perera,,0.5,,unsold,Thisara Perera (Base price INR 50 lakhs)
2017,Farhaan Behardien,,0.3,,unsold,Farhaan Behardien (Base price INR 30 lakhs)
2017,Anamul Haque,,0.3,,unsold,Anamul Haque (Base price INR 30 lakhs)
2017,Shane Dowrich,,0.3,,unsold,Shane Dowrich (Base price INR 30 lakhs)
2017,Kusal Perera,,0.5,,unsold,Kusal Perera (Base price INR 50 lakhs)
2017,Niroshan Dickwella,,0.3,,unsold,Niroshan Dickwella (Base price INR 30 lakhs)
2017,Brad Haddin,,1.5,,unsold,Brad Haddin (Base price INR 1.5 crores)
2017,Glenn Phillips,,0.1,,unsold,Glenn Phillips (Base price INR 10 lakhs)
2017,RP Singh,,0.3,,unsold,RP Singh (Base price INR 30 lakhs)
2017,Pankaj Singh,,0.3,,unsold,Pankaj Singh (Base price INR 30 lakhs)
2017,Fawad Ahmed,,0.3,,unsold,Fawad Ahmed (Base price INR 30 lakhs)
2017,Michael Beer,,0.3,,unsold,Michael Beer (Base price INR 30 lakhs)
2017,Akila Dananjaya,,0.3,,unsold,Akila Dananjaya (Base price INR 30 lakhs)
2017,Nathan Lyon,,1.5,,unsold,Nathan Lyon (Base price INR 1.5 crores)
2017,Rahul Sharma,,0.3,,unsold,Rahul Sharma (Base price INR 30 lakhs)
2017,Himanshu Rana,,0.1,,unsold,Himanshu Rana (Base price INR 10 lakhs)
2017,Apoorv Wankhade,,0.1,,unsold,Apoorv Wankhade (Base price INR 10 lakhs)
2017,Akash Bhandari,,0.1,,unsold,Akash Bhandari (Base price INR 10 lakhs)
2017,Akhil Herwadkar,,0.1,,unsold,Akhil Herwadkar (Base price INR 10 lakhs)
2017,Pankaj Jaiswal,,0.1,,unsold,Pankaj Jaiswal (Base price INR 10 lakhs)
2017,Dishant Yagnik,,0.2,,unsold,Dishant Yagnik (Base price INR 20 lakhs)
2017,Rishi Arothe,,0.1,,unsold,Rishi Arothe (Base price INR 10 lakhs)
2017,Ronsford Beaton,,0.2,,unsold,Ronsford Beaton (Base price INR 20 lakhs)
2017,Kanishk Seth,,0.1,,unsold,Kanishk Seth (Base price INR 10 lakhs)
2017,Joe Burns,,0.3,,unsold,Joe Burns (Base price INR 30 lakhs)
2017,Colin Munro,,0.5,,unsold,Colin Munro (Base price INR 50 lakhs)
2017,James Neesham,,0.5,,unsold,James Neesham (Base price INR 50 lakhs)
2017,Wayne Parnell,,0.5,,unsold,Wayne Parnell (Base price INR 50 lakhs)
2017,Mitchell Santner,,0.5,,unsold,Mitchell Santner (Base price INR 50 lakhs)
2017,Harpreet Singh,,0.2,,unsold,Harpreet Singh (Base price INR 20 lakhs)
2017,Colin de Grandhomme,,0.3,,unsold,Colin de Grandhomme (Base price INR 30 lakhs)
2017,Andile Phehlukwayo,,1,,unsold,Andile Phehlukwayo (Base price INR 100 lakhs)
2017,Dwaine Pretorius,,0.3,,unsold,Dwaine Pretorius (Base price INR 30 lakhs)
2017,Ben Wheeler,,0.3,,unsold,Ben Wheeler (Base price INR 30 lakhs)
2017,Kesrick Williams,,0.3,,unsold,Kesrick Williams (Base price INR 30 lakhs)
2017,Tejendra Singh,,0.1,,unsold,Tejendra Singh (Base price 10 lakhs)
2017,Virat Singh,,0.1,,unsold,Virat Singh (Base price INR 10 lakhs)
2017,Manjeet Singh,,0.1,,unsold,Manjeet Singh (Base price INR 10 lakhs)
2017,Mehedi Hasan Miraz,,0.3,,unsold,Mehedi Hasan Miraz (Base price INR 30 lakhs)
2017,Mahmudullah,,0.3,,unsold,Mahmudullah (Base price INR 30 lakhs)
2017,Sabbir Rahman,,0.3,,unsold,Sabbir Rahman (Base price INR 30 lakhs)
2017,B Indrajith,,0.1,,unsold,B Indrajith (Base price INR 10 lakhs)
2017,Amit Verma,,0.1,,unsold,Amit Verma (Base price INR 10 lakhs)
2017,Himmat Singh,,0.1,,unsold,Himmat Singh (Base price INR 10 lakhs)
2017,Ashton Turner,,0.2,,unsold,Ashton Turner (Base price INR 20 lakhs)
2017,Chaitanya Bishnoi,,0.1,,unsold,Chaitanya Bishnoi (Base price INR 10 lakhs)
2015,M Vijay,237095,,,sold,M Vijay - Kings XI Punjab - Rs 3 crore
2015,Angelo Mathews,49764,,,sold,Angelo Mathews - Delhi Daredevils - Rs 7.5 crores
2015,Kane Williamson,277906,,,sold,Kane Williamson - Sunrisers Hyderabad - Rs 60 lakh
2015,Yuvraj Singh,36084,,,sold,Yuvraj Singh - Delhi Daredevils - Rs 16 crore
2015,Kevin Pietersen,19296,,,sold,Kevin Pietersen - Sunrisers Hyderabad - Rs 2 crore
2015,Dinesh Karthik,30045,,,sold,Dinesh Karthik - Royal Challengers Bangalore - Rs 10.5 crore
2015,Amit Mishra,31107,,,sold,Amit Mishra - Delhi Daredevils - Rs 3.5 crore
2015,Aaron Finch,5334,,,sold,Aaron Finch - Mumbai Indians - Rs 3.2 crore
2015,Eoin Morgan,24598,,,sold,Eoin Morgan - Sunrisers Hyderabad - Rs 1.5 crore
2015,S Badrinath,26806,,,sold,S Badrinath - Royal Challengers Bangalore - Rs 30 lakh
2015,Michael Hussey,5939,,,sold,Michael Hussey - Chennai Super Kings - Rs 1.50 crore
2015,James Neesham,355269,,,sold,James Neesham - Kolkata Knight Riders - Rs 50 lakh
2015,Ravi Bopara,10582,,,sold,Ravi Bopara - Sunrisers Hyderabad - Rs 1 crore
2015,Chris Morris,439952,,,sold,Chris Morris - Rajasthan Royals - Rs 1.4 crore
2015,Darren Sammy,53115,,,sold,Darren Sammy - Royal Challengers Bangalore - Rs 2.8 crore
2015,Laxmi Shukla,34019,,,sold,Laxmi Shukla - Sunrisers Hyderabad - Rs 30 lakh
2015,Praveen Kumar,30732,,,sold,Praveen Kumar - Sunrisers Hyderabad - Rs 2.2 crore
2015,Trent Boult,277912,,,sold,Trent Boult - Sunrisers Hyderabad - Rs 3.8 crores
2015,Jaydev Unadkat,390484,,,sold,Jaydev Unadkat - Delhi Daredevils - Rs 1.1 crore
2015,Sean Abbott,398666,,,sold,Sean Abbott - Royal Challengers Bangalore - Rs 1 crore
2015,Adam Milne,450860,,,sold,Adam Milne - Royal Challengers Bangalore - Rs 70 lakh
2015,Pragyan Ojha,32130,,,sold,Pragyan Ojha - Mumbai Indians - Rs 50 lakh
2015,Rahul Sharma,272994,,,sold,Rahul Sharma - Chennai Super Kings - Rs 30 lakh
2015,Brad Hogg,5681,,,sold,Brad Hogg - Kolkata Knight Riders - Rs 50 lakh
2015,David Wiese,221140,,,sold,David Wiese - Royal Challengers Bangalore - Rs 2.8 crores
2015,Mitchell McClenaghan,319439,,,sold,Mitchell McClenaghan - Mumbai Indians - Rs 30 lakh
2015,Kyle Abbott,297583,,,sold,Kyle Abbott - Chennai Super Kings - Rs 30 lakh
2015,Gurinder Sandhu,499660,,,sold,Gurinder Sandhu - Delhi Daredevils - Rs 1.7 crore
2015,Shreyas Iyer,642519,,,sold,Shreyas Iyer - Delhi Daredevils - Rs 2.6 crore
2015,Hanuma Vihari,452044,,,sold,Hanuma Vihari - Sunrisers Hyderabad - Rs 10 lakh
2015,Sarfaraz Khan,642525,,,sold,Sarfaraz Khan - Royal Challengers Bangalore - Rs 50 lakh
2015,CM Gautam,302208,,,sold,CM Gautam - Delhi Daredevils - Rs 20 lakh
2015,Nikhil Naik,554700,,,sold,Nikhil Naik - Kings XI Punjab - Rs 30 lakh
2015,Aditya Garhwal,725435,,,sold,Aditya Garhwal - Kolkata Knight Riders - Rs 25 lakh
2015,Sumit Narwal,32084,,,sold,Sumit Narwal - Kolkata Knight Riders - Rs 10 lakh
2015,Jalaj Saxena,237199,,,sold,Jalaj Saxena - Royal Challengers Bangalore - Rs 10 lakh
2015,Domnic Joseph,528985,,,sold,Domnic Joseph - Delhi Daredevils - Rs 75 lakh
2015,Akshay Wakhare,269520,,,sold,Akshay Wakhare - Mumbai Indians - Rs 10 lakh
2015,KC Cariappa,777537,,,sold,KC Cariappa - Kolkata Knight Riders - Rs 2.4 crore
2015,Sheldon Jackson,237696,,,sold,Sheldon Jackson - Kolkata Knight Riders - Rs 15 lakh
2015,Hardik Pandya,625371,,,sold,Hardik Pandya - Mumbai Indians - Rs 10 lakhs
2015,Ankush Bains,604534,,,sold,Ankush Bains - Chennai Super Kings - Rs 10 lakhs
2015,Shishir Bhavane,474794,,,sold,Shishir Bhavane - Royal Challengers Bangalore - Rs 10 lakh
2015,Travis Head,530011,,,sold,Travis Head - Delhi Daredevils - Rs 30 lakh
2015,Srikar Bharat,529436,,,sold,Srikar Bharat - Delhi Daredevils - Rs 10 lakh
2015,Irfan Pathan,32685,,,sold,Irfan Pathan - Chennai Super Kings - Rs 1.5 crore
2015,Albie Morkel,46248,,,sold,Albie Morkel - Delhi Daredevil - Rs 30 lakh
2015,Nitish Rana,604527,,,sold,Nitish Rana - Mumbai Indians - Rs 10 lakh
2015,Pardeep Sahu,34155,,,sold,Pardeep Sahu - Rajasthan Royals - Rs 10 lakh
2015,Siddhesh Lad,422342,,,sold,Siddhesh Lad - Mumbai Indians - Rs 10 lakh
2015,Vaibhav Rawal,590325,,,sold,Vaibhav Rawal - Kolkata Knight Riders - Rs 10 lakh
2015,Marcus Stoinis,325012,,,sold,Marcus Stoinis - Delhi Daredevils - Rs 25 lakh
2015,J Suchith,527663,,,sold,J Suchith - Mumbai Indians - Rs 10 lakh
2015,Padmanabhan Prasanth,32211,,,sold,Padmanabhan Prasanth - Sunrisers Hyderabad - Rs 10 lakh
2015,Dinesh Salunkhe,278482,,,sold,Dinesh Salunkhe - Rajasthan Royals - Rs 10 lakh
2015,Pratyush Singh,717205,,,sold,Pratyush Singh - Chennai Super Kings - Rs 10 lakh
2015,Yogesh Golwalkar,29048,,,sold,Yogesh Golwalkar - Kings XI Punjab - Rs 10 lakh
2015,Zaheer Khan,30102,,,sold,Zaheer Khan - Delhi Daredevils - Rs 4 crore
2015,Abhimanyu Mithun,310958,,,sold,Abhimanyu Mithun - Mumbai Indians - Rs 30 lakh
2015,Siddarth Kaul,326017,,,sold,Siddarth Kaul - Sunrisers Hyderabad - Rs 10 lakh
2015,Andrew Tye,459508,,,sold,Andrew Tye - Chennai Super Kings - Rs 20 lakh
2015,Brainder Sran,537126,,,sold,Brainder Sran - Rajasthan Royals - Rs 10 lakh
2015,KK Jiyaz,,,,sold,KK Jiyaz - Delhi Daredevils - Rs 10 lakh
2015,Rusty Theron,223642,,,sold,Rusty Theron - Rajasthan Royals - Rs 30 lakh
2015,Aiden Blizzard,4498,,,sold,Aiden Blizzard - Mumbai Indians - Rs 30 lakh
2015,Eklavya Dwivedi,340841,,,sold,Eklavya Dwivedi - Chennai Super Kings - Rs 10 lakh
2015,Sagar Trivedi,,,,sold,Sagar Trivedi - Rajasthan Royals - Rs 10 lakh
2015,Hashim Amla,43906,,,unsold,Hashim Amla
2015,Kumar Sangakkara,50710,,,unsold,Kumar Sangakkara
2015,Mahela Jayawardene,49289,,,unsold,Mahela Jayawardene
2015,Brad Hodge,5674,,,unsold,Brad Hodge
2015,Ross Taylor,38699,,,unsold,Ross Taylor
2015,Alex Hales,249866,,,unsold,Alex Hales
2015,Cameron White,8291,,,unsold,Cameron White
2015,Cheteshwar Pujara,32540,,,unsold,Cheteshwar Pujara
2015,Michael Carberry,10656,,,unsold,Michael Carberry
2015,Matthew Wade,230193,,,unsold,Matthew Wade
2015,Luke Ronchi,7502,,,unsold,Luke Ronchi
2015,Morne van Wyk,47711,,,unsold,Morne van Wyk
2015,Kusal Perera,300631,,,unsold,Kusal Perera
2015,Denesh Ramdin,52917,,,unsold,Denesh Ramdin
2015,Brendan Taylor,55814,,,unsold,Brendan Taylor
2015,Marlon Samuels,52983,,,unsold,Marlon Samuels
2015,Tillakaratne Dilshan,48472,,,unsold,Tillakaratne Dilshan
2015,Wayne Parnell,265564,,,unsold,Wayne Parnell
2015,Pankaj Singh,32973,,,unsold,Pankaj Singh
2015,Munaf Patel,32965,,,unsold,Munaf Patel
2015,Ben Hilfenhaus,5941,,,unsold,Ben Hilfenhaus
2015,Nathan Lyon,272279,,,unsold,Nathan Lyon
2015,Michael Beer,307495,,,unsold,Michael Beer
2015,Ajantha Mendis,268739,,,unsold,Ajantha Mendis
2015,Cameron Boyce,326625,,,unsold,Cameron Boyce
2015,Akila Dananjaya,574178,,,unsold,Akila Dananjaya
2015,Dean Elgar,230852,,,unsold,Dean Elgar
2015,Hamish Rutherford,331375,,,unsold,Hamish Rutherford
2015,Richard Levi,46148,,,unsold,Richard Levi
2015,Venugopal Rao,35805,,,unsold,Venugopal Rao
2015,Darren Bravo,277472,,,unsold,Darren Bravo
2015,Lahiru Thirimanne,301236,,,unsold,Lahiru Thirimanne
2015,Abhinav Mukund,302582,,,unsold,Abhinav Mukund
2015,Callum Ferguson,5236,,,unsold,Callum Ferguson
2015,Nathan McCullum,37749,,,unsold,Nathan McCullum
2015,Jeevan Mendis,49700,,,unsold,Jeevan Mendis
2015,Sachithra Senanayake,273439,,,unsold,Sachithra Senanayake
2015,Johan Botha,44149,,,unsold,Johan Botha
2015,Azhar Mahmood,39024,,,unsold,Azhar Mahmood
2015,Robin Peterson,46750,,,unsold,Robin Peterson
2015,David Hussey,5766,,,unsold,David Hussey
2015,Sheldon Cottrell,495551,,,unsold,Sheldon Cottrell
2015,Ravi Rampaul,52912,,,unsold,Ravi Rampaul
2015,Doug Bollinger,4508,,,unsold,Doug Bollinger
2015,Ben Laughlin,315623,,,unsold,Ben Laughlin
2015,Lakshmipathy Balaji,26829,,,unsold,Lakshmipathy Balaji
2015,RP Singh,35280,,,unsold,RP Singh
2015,Suraj Randiv,50438,,,unsold,Suraj Randiv
2015,Farveez Maharoof,49638,,,unsold,Farveez Maharoof
2015,Farhaan Behardien,44410,,,unsold,Farhaan Behardien
2015,Joginder Sharma,29976,,,unsold,Joginder Sharma
2015,Jonathan Carter,314615,,,unsold,Jonathan Carter
2015,Nathan Reardon,7529,,,unsold,Nathan Reardon
2015,Doug Bracewell,362541,,,unsold,Doug Bracewell
2015,Grant Elliott,44956,,,unsold,Grant Elliott
2015,Anton Devcich,36948,,,unsold,Anton Devcich
2015,Thilan Thushara,49677,,,unsold,Thilan Thushara
2015,Lonwabo Tsotsobe,47666,,,unsold,Lonwabo Tsotsobe
2015,Suranga Lakmal,49619,,,unsold,Suranga Lakmal
2015,Sudeep Tyagi,317784,,,unsold,Sudeep Tyagi
2015,Shaun Tait,8076,,,unsold,Shaun Tait
2015,Dirk Nannes,6981,,,unsold,Dirk Nannes
2015,Nuwan Kulasekara,49535,,,unsold,Nuwan Kulasekara
2015,Hamish Bennett,226493,,,unsold,Hamish Bennett
2015,Peter Siddle,7898,,,unsold,Peter Siddle
2015,Dhammika Prasad,50163,,,unsold,Dhammika Prasad
2015,Krishmar Santokie,314622,,,unsold,Krishmar Santokie
2015,Ashton Agar,505120,,,unsold,Ashton Agar
2015,Seekkuge Prasanna,268740,,,unsold,Seekkuge Prasanna
2015,Carlos Brathwaite,457249,,,unsold,Carlos Brathwaite
2015,Roelof van der Merwe,47850,,,unsold,Roelof van der Merwe
2015,Vaughn van Jaarsveld,47846,,,unsold,Vaughn van Jaarsveld
2015,Elton Chigumbura,55343,,,unsold,Elton Chigumbura
2015,Justin Ontong,46681,,,unsold,Justin Ontong
2015,Chris Barnwell,330408,,,unsold,Chris Barnwell
2015,Mohnish Mishra,31028,,,unsold,Mohnish Mishra
2015,Debabrata Das,328163,,,unsold,Debabrata Das
2015,Yogesh Nagar,317786,,,unsold,Yogesh Nagar
2015,Paras Dogra,28160,,,unsold,Paras Dogra
2015,Davy Jacobs,45782,,,unsold,Davy Jacobs
2015,Dhiraj Goswami,29247,,,unsold,Dhiraj Goswami
2015,Arun Karthik,319745,,,unsold,Arun Karthik
2015,Smit Patel,532853,,,unsold,Smit Patel
2015,Sushant Marathe,31756,,,unsold,Sushant Marathe
2015,Jesal Karia,340061,,,unsold,Jesal Karia
2015,Ram Dayal,339957,,,unsold,Ram Dayal
2015,Kevon Cooper,371814,,,unsold,Kevon Cooper
2015,Shrikant Mundhe,279862,,,unsold,Shrikant Mundhe
2015,Ashok Menaria,371150,,,unsold,Ashok Menaria
2015,Robbie Frylinck,45204,,,unsold,Robbie Frylinck
2015,Kevin O'Brien,24605,,,unsold,Kevin O'Brien
2015,Basil Thampi,732291,,,unsold,Basil Thampi
2015,Krishnakant Upadhyay,431876,,,unsold,Krishnakant Upadhyay
2015,S Aravind,290632,,,unsold,S Aravind
2015,HS Sharath,478881,,,unsold,HS Sharath
2015,Rahul Shukla,390547,,,unsold,Rahul Shukla
2015,Amit Mishra,604550,,,unsold,Amit Mishra
2015,Pradeep Sangwan,279545,,,unsold,Pradeep Sangwan
2015,Ali Murtaza,26490,,,unsold,Ali Murtaza
2015,Mihir Hirwani,826061,,,unsold,Mihir Hirwani
2015,Sarabjit Ladda,317292,,,unsold,Sarabjit Ladda
2015,Shadab Jakati,29655,,,unsold,Shadab Jakati
2015,Bhargav Bhatt,433410,,,unsold,Bhargav Bhatt
2015,Rahil Shah,477161,,,unsold,Rahil Shah
2015,Tirumalasetti Suman,34281,,,unsold,Tirumalasetti Suman
2015,Manpreet Juneja,390480,,,unsold,Manpreet Juneja
2015,Michael Klinger,6161,,,unsold,Michael Klinger
2015,Taruwar Kohli,331855,,,unsold,Taruwar Kohli
2015,Ankit Bawne,327123,,,unsold,Ankit Bawne
2015,Akhil Herwadkar,532851,,,unsold,Akhil Herwadkar
2015,Prashant Naik,32094,,,unsold,Prashant Naik
2015,Sujit Nayak,477057,,,unsold,Sujit Nayak
2015,Prashant Chopra,500135,,,unsold,Prashant Chopra
2015,Nikhil Gangta,528332,,,unsold,Nikhil Gangta
2015,Craig Simmons,7887,,,unsold,Craig Simmons
2015,Arjit Gupta,427485,,,unsold,Arjit Gupta
2015,Robin Bist,262464,,,unsold,Robin Bist
2015,Praful Waghela,36043,,,unsold,Praful Waghela
2015,Rush Kalaria,528055,,,unsold,Rush Kalaria
2015,Harpreet Singh,340854,,,unsold,Harpreet Singh
2015,Akash Bhandari,446495,,,unsold,Akash Bhandari
2015,Sunil Raju,259404,,,unsold,Sunil Raju
2015,Gurinder Singh,500164,,,unsold,Gurinder Singh
2015,Rohit Dahiya,390545,,,unsold,Rohit Dahiya
2015,S Purkayastha,339948,,,unsold,S Purkayastha
2015,Kshitiz Sharma,625380,,,unsold,Kshitiz Sharma
2015,B Indrajith,477069,,,unsold,B Indrajith
2015,Varun Sood,554178,,,unsold,Varun Sood
2015,Paul Valthaty,35630,,,unsold,Paul Valthaty
2015,Krunal Pandya,471342,,,unsold,Krunal Pandya
2015,Raiphi Gomez,28846,,,unsold,Raiphi Gomez
2015,Ankit Kushwah,828535,,,unsold,Ankit Kushwah
2015,Avinash Yadav,26487,,,unsold,Avinash Yadav
2015,Vinay Choudhary,556853,,,unsold,Vinay Choudhary
2015,A Choudhary,527299,,,unsold,A Choudhary
2015,Prasanth Parameswaran,279562,,,unsold,Prasanth Parameswaran
2015,Vikas Tokas,474519,,,unsold,Vikas Tokas
2015,Gurvinder Singh,430108,,,unsold,Gurvinder Singh
2015,Rajwinder Singh,390866,,,unsold,Rajwinder Singh
2015,PG Dake,717211,,,unsold,PG Dake
2015,Umar Nazir,700169,,,unsold,Umar Nazir
2015,Samad Fallah,317750,,,unsold,Samad Fallah
2015,Ishwar Chaudhary,290722,,,unsold,Ishwar Chaudhary
2015,Kshemal Waingankar,238005,,,unsold,Kshemal Waingankar
2015,Pankaj Jaiswal,714463,,,unsold,Pankaj Jaiswal
2015,Jaskaran Singh,376102,,,unsold,Jaskaran Singh
2015,Navdeep Poonia,19276,,,unsold,Navdeep Poonia
2015,Joel Paris,501012,,,unsold,Joel Paris
